kind,file,row,quantity,full,rounded,comparison
estimate shift > 0.02,E1_cec2022_paper_budget_D10_pairwise_tests.csv,algorithm=LSHADE; func=2,cliffs_delta,-0.0288889,0.118889,E1_cec2022_paper_budget_D10_pairwise_tests.csv | algorithm=LSHADE; func=2
estimate shift > 0.02,E1_cec2022_paper_budget_D10_pairwise_tests.csv,algorithm=LSHADE; func=9,cliffs_delta,-0.933333,0,E1_cec2022_paper_budget_D10_pairwise_tests.csv | algorithm=LSHADE; func=9
magnitude label,E1_cec2022_paper_budget_D10_pairwise_tests.csv,algorithm=LSHADE; func=9,magnitude,large,negligible,E1_cec2022_paper_budget_D10_pairwise_tests.csv | algorithm=LSHADE; func=9
estimate shift > 0.02,E1_cec2022_paper_budget_D10_pairwise_tests.csv,algorithm=LSHADE; func=12,cliffs_delta,0.146667,0.208889,E1_cec2022_paper_budget_D10_pairwise_tests.csv | algorithm=LSHADE; func=12
magnitude label,E1_cec2022_paper_budget_D10_pairwise_tests.csv,algorithm=LSHADE; func=12,magnitude,negligible,small,E1_cec2022_paper_budget_D10_pairwise_tests.csv | algorithm=LSHADE; func=12
unadjusted test decision,E1_cec2022_paper_budget_D10_pairwise_tests.csv,algorithm=jSO; func=2,p < 0.05,0.00119407,0.451656,E1_cec2022_paper_budget_D10_pairwise_tests.csv | algorithm=jSO; func=2
estimate shift > 0.02,E1_cec2022_paper_budget_D10_pairwise_tests.csv,algorithm=jSO; func=2,cliffs_delta,-0.48,-0.1,E1_cec2022_paper_budget_D10_pairwise_tests.csv | algorithm=jSO; func=2
magnitude label,E1_cec2022_paper_budget_D10_pairwise_tests.csv,algorithm=jSO; func=2,magnitude,large,negligible,E1_cec2022_paper_budget_D10_pairwise_tests.csv | algorithm=jSO; func=2
Holm decision,E1_cec2022_paper_budget_D10_pairwise_tests.csv,algorithm=jSO; func=2,p_holm < 0.05,0.0250755,1,E1_cec2022_paper_budget_D10_pairwise_tests.csv | algorithm=jSO; func=2
per-function rank-sum outcome,E1_cec2022_paper_budget_D10_pairwise_tests.csv,algorithm=jSO; func=2,outcome,win,tie,E1_cec2022_paper_budget_D10_pairwise_tests.csv | algorithm=jSO; func=2
estimate shift > 0.02,E1_cec2022_paper_budget_D10_pairwise_tests.csv,algorithm=jSO; func=9,cliffs_delta,-1,0,E1_cec2022_paper_budget_D10_pairwise_tests.csv | algorithm=jSO; func=9
magnitude label,E1_cec2022_paper_budget_D10_pairwise_tests.csv,algorithm=jSO; func=9,magnitude,large,negligible,E1_cec2022_paper_budget_D10_pairwise_tests.csv | algorithm=jSO; func=9
estimate shift > 0.02,E1_cec2022_paper_budget_D10_pairwise_tests.csv,algorithm=jSO; func=12,cliffs_delta,-0.571111,-0.551111,E1_cec2022_paper_budget_D10_pairwise_tests.csv | algorithm=jSO; func=12
rank,E1_cec2022_paper_budget_D10_posthoc_holm.csv,algorithm=DE,control_rank,2.5,2.58333,E1_cec2022_paper_budget_D10_posthoc_holm.csv | algorithm=DE
rank,E1_cec2022_paper_budget_D10_posthoc_holm.csv,algorithm=HHO,control_rank,2.5,2.58333,E1_cec2022_paper_budget_D10_posthoc_holm.csv | algorithm=HHO
rank,E1_cec2022_paper_budget_D10_posthoc_holm.csv,algorithm=LSHADE,avg_rank,2.08333,2,E1_cec2022_paper_budget_D10_posthoc_holm.csv | algorithm=LSHADE
rank,E1_cec2022_paper_budget_D10_posthoc_holm.csv,algorithm=LSHADE,control_rank,2.5,2.58333,E1_cec2022_paper_budget_D10_posthoc_holm.csv | algorithm=LSHADE
estimate shift > 0.02,E1_cec2022_paper_budget_D10_posthoc_holm.csv,algorithm=LSHADE,mean_cliffs_delta,-0.164074,-0.0687963,E1_cec2022_paper_budget_D10_posthoc_holm.csv | algorithm=LSHADE
magnitude label,E1_cec2022_paper_budget_D10_posthoc_holm.csv,algorithm=LSHADE,magnitude,small,negligible,E1_cec2022_paper_budget_D10_posthoc_holm.csv | algorithm=LSHADE
rank,E1_cec2022_paper_budget_D10_posthoc_holm.csv,algorithm=SHADE,control_rank,2.5,2.58333,E1_cec2022_paper_budget_D10_posthoc_holm.csv | algorithm=SHADE
rank,E1_cec2022_paper_budget_D10_posthoc_holm.csv,algorithm=jSO,control_rank,2.5,2.58333,E1_cec2022_paper_budget_D10_posthoc_holm.csv | algorithm=jSO
W/T/L,E1_cec2022_paper_budget_D10_posthoc_holm.csv,algorithm=jSO,win_tie_loss,5/5/2,4/6/2,E1_cec2022_paper_budget_D10_posthoc_holm.csv | algorithm=jSO
estimate shift > 0.02,E1_cec2022_paper_budget_D10_posthoc_holm.csv,algorithm=jSO,mean_cliffs_delta,-0.264074,-0.147407,E1_cec2022_paper_budget_D10_posthoc_holm.csv | algorithm=jSO
rank,E1_cec2022_paper_budget_D10_ranks.csv,algorithm=LSHADE,avg_rank,2.08333,2,E1_cec2022_paper_budget_D10_ranks.csv | algorithm=LSHADE
rank,E1_cec2022_paper_budget_D10_ranks.csv,algorithm=SEHHO-COBL,avg_rank,2.5,2.58333,E1_cec2022_paper_budget_D10_ranks.csv | algorithm=SEHHO-COBL
magnitude label,E2_cec2022_competition_D10_pairwise_tests.csv,algorithm=LSHADE; func=12,magnitude,large,medium,E2_cec2022_competition_D10_pairwise_tests.csv | algorithm=LSHADE; func=12
unadjusted test decision,E2_cec2022_competition_D20_pairwise_tests.csv,algorithm=DE; func=2,p < 0.05,0.0002098,0.177863,E2_cec2022_competition_D20_pairwise_tests.csv | algorithm=DE; func=2
estimate shift > 0.02,E2_cec2022_competition_D20_pairwise_tests.csv,algorithm=DE; func=2,cliffs_delta,0.533333,0.166667,E2_cec2022_competition_D20_pairwise_tests.csv | algorithm=DE; func=2
magnitude label,E2_cec2022_competition_D20_pairwise_tests.csv,algorithm=DE; func=2,magnitude,large,small,E2_cec2022_competition_D20_pairwise_tests.csv | algorithm=DE; func=2
Holm decision,E2_cec2022_competition_D20_pairwise_tests.csv,algorithm=DE; func=2,p_holm < 0.05,0.005245,1,E2_cec2022_competition_D20_pairwise_tests.csv | algorithm=DE; func=2
per-function rank-sum outcome,E2_cec2022_competition_D20_pairwise_tests.csv,algorithm=DE; func=2,outcome,loss,tie,E2_cec2022_competition_D20_pairwise_tests.csv | algorithm=DE; func=2
estimate shift > 0.02,E2_cec2022_competition_D20_pairwise_tests.csv,algorithm=DE; func=9,cliffs_delta,0.233333,0,E2_cec2022_competition_D20_pairwise_tests.csv | algorithm=DE; func=9
magnitude label,E2_cec2022_competition_D20_pairwise_tests.csv,algorithm=DE; func=9,magnitude,small,negligible,E2_cec2022_competition_D20_pairwise_tests.csv | algorithm=DE; func=9
unadjusted test decision,E2_cec2022_competition_D20_pairwise_tests.csv,algorithm=DE; func=11,p < 0.05,0.464391,0.000289284,E2_cec2022_competition_D20_pairwise_tests.csv | algorithm=DE; func=11
estimate shift > 0.02,E2_cec2022_competition_D20_pairwise_tests.csv,algorithm=DE; func=11,cliffs_delta,-0.106667,-0.447778,E2_cec2022_competition_D20_pairwise_tests.csv | algorithm=DE; func=11
magnitude label,E2_cec2022_competition_D20_pairwise_tests.csv,algorithm=DE; func=11,magnitude,negligible,medium,E2_cec2022_competition_D20_pairwise_tests.csv | algorithm=DE; func=11
Holm decision,E2_cec2022_competition_D20_pairwise_tests.csv,algorithm=DE; func=11,p_holm < 0.05,1,0.00809994,E2_cec2022_competition_D20_pairwise_tests.csv | algorithm=DE; func=11
per-function rank-sum outcome,E2_cec2022_competition_D20_pairwise_tests.csv,algorithm=DE; func=11,outcome,tie,win,E2_cec2022_competition_D20_pairwise_tests.csv | algorithm=DE; func=11
unadjusted test decision,E2_cec2022_competition_D20_pairwise_tests.csv,algorithm=LSHADE; func=2,p < 0.05,0.00122574,0.590998,E2_cec2022_competition_D20_pairwise_tests.csv | algorithm=LSHADE; func=2
estimate shift > 0.02,E2_cec2022_competition_D20_pairwise_tests.csv,algorithm=LSHADE; func=2,cliffs_delta,0.444444,-0.0555556,E2_cec2022_competition_D20_pairwise_tests.csv | algorithm=LSHADE; func=2
magnitude label,E2_cec2022_competition_D20_pairwise_tests.csv,algorithm=LSHADE; func=2,magnitude,medium,negligible,E2_cec2022_competition_D20_pairwise_tests.csv | algorithm=LSHADE; func=2
Holm decision,E2_cec2022_competition_D20_pairwise_tests.csv,algorithm=LSHADE; func=2,p_holm < 0.05,0.0281919,1,E2_cec2022_competition_D20_pairwise_tests.csv | algorithm=LSHADE; func=2
per-function rank-sum outcome,E2_cec2022_competition_D20_pairwise_tests.csv,algorithm=LSHADE; func=2,outcome,loss,tie,E2_cec2022_competition_D20_pairwise_tests.csv | algorithm=LSHADE; func=2
estimate shift > 0.02,E2_cec2022_competition_D20_pairwise_tests.csv,algorithm=LSHADE; func=9,cliffs_delta,0.233333,0,E2_cec2022_competition_D20_pairwise_tests.csv | algorithm=LSHADE; func=9
magnitude label,E2_cec2022_competition_D20_pairwise_tests.csv,algorithm=LSHADE; func=9,magnitude,small,negligible,E2_cec2022_competition_D20_pairwise_tests.csv | algorithm=LSHADE; func=9
unadjusted test decision,E2_cec2022_competition_D20_pairwise_tests.csv,algorithm=LSHADE; func=11,p < 0.05,4.96637e-06,0.0814933,E2_cec2022_competition_D20_pairwise_tests.csv | algorithm=LSHADE; func=11
estimate shift > 0.02,E2_cec2022_competition_D20_pairwise_tests.csv,algorithm=LSHADE; func=11,cliffs_delta,0.615556,0.1,E2_cec2022_competition_D20_pairwise_tests.csv | algorithm=LSHADE; func=11
magnitude label,E2_cec2022_competition_D20_pairwise_tests.csv,algorithm=LSHADE; func=11,magnitude,large,negligible,E2_cec2022_competition_D20_pairwise_tests.csv | algorithm=LSHADE; func=11
Holm decision,E2_cec2022_competition_D20_pairwise_tests.csv,algorithm=LSHADE; func=11,p_holm < 0.05,0.000134092,1,E2_cec2022_competition_D20_pairwise_tests.csv | algorithm=LSHADE; func=11
per-function rank-sum outcome,E2_cec2022_competition_D20_pairwise_tests.csv,algorithm=LSHADE; func=11,outcome,loss,tie,E2_cec2022_competition_D20_pairwise_tests.csv | algorithm=LSHADE; func=11
unadjusted test decision,E2_cec2022_competition_D20_pairwise_tests.csv,algorithm=SHADE; func=2,p < 0.05,0.00209126,0.120688,E2_cec2022_competition_D20_pairwise_tests.csv | algorithm=SHADE; func=2
estimate shift > 0.02,E2_cec2022_competition_D20_pairwise_tests.csv,algorithm=SHADE; func=2,cliffs_delta,0.411111,-0.138889,E2_cec2022_competition_D20_pairwise_tests.csv | algorithm=SHADE; func=2
magnitude label,E2_cec2022_competition_D20_pairwise_tests.csv,algorithm=SHADE; func=2,magnitude,medium,negligible,E2_cec2022_competition_D20_pairwise_tests.csv | algorithm=SHADE; func=2
Holm decision,E2_cec2022_competition_D20_pairwise_tests.csv,algorithm=SHADE; func=2,p_holm < 0.05,0.0460077,1,E2_cec2022_competition_D20_pairwise_tests.csv | algorithm=SHADE; func=2
per-function rank-sum outcome,E2_cec2022_competition_D20_pairwise_tests.csv,algorithm=SHADE; func=2,outcome,loss,tie,E2_cec2022_competition_D20_pairwise_tests.csv | algorithm=SHADE; func=2
estimate shift > 0.02,E2_cec2022_competition_D20_pairwise_tests.csv,algorithm=SHADE; func=9,cliffs_delta,0.233333,0,E2_cec2022_competition_D20_pairwise_tests.csv | algorithm=SHADE; func=9
magnitude label,E2_cec2022_competition_D20_pairwise_tests.csv,algorithm=SHADE; func=9,magnitude,small,negligible,E2_cec2022_competition_D20_pairwise_tests.csv | algorithm=SHADE; func=9
unadjusted test decision,E2_cec2022_competition_D20_pairwise_tests.csv,algorithm=SHADE; func=11,p < 0.05,0.00431991,0.321868,E2_cec2022_competition_D20_pairwise_tests.csv | algorithm=SHADE; func=11
estimate shift > 0.02,E2_cec2022_competition_D20_pairwise_tests.csv,algorithm=SHADE; func=11,cliffs_delta,0.402222,-0.0933333,E2_cec2022_competition_D20_pairwise_tests.csv | algorithm=SHADE; func=11
magnitude label,E2_cec2022_competition_D20_pairwise_tests.csv,algorithm=SHADE; func=11,magnitude,medium,negligible,E2_cec2022_competition_D20_pairwise_tests.csv | algorithm=SHADE; func=11
unadjusted test decision,E2_cec2022_competition_D20_pairwise_tests.csv,algorithm=jSO; func=2,p < 0.05,0.000161332,0.121009,E2_cec2022_competition_D20_pairwise_tests.csv | algorithm=jSO; func=2
estimate shift > 0.02,E2_cec2022_competition_D20_pairwise_tests.csv,algorithm=jSO; func=2,cliffs_delta,0.544444,0.194444,E2_cec2022_competition_D20_pairwise_tests.csv | algorithm=jSO; func=2
magnitude label,E2_cec2022_competition_D20_pairwise_tests.csv,algorithm=jSO; func=2,magnitude,large,small,E2_cec2022_competition_D20_pairwise_tests.csv | algorithm=jSO; func=2
Holm decision,E2_cec2022_competition_D20_pairwise_tests.csv,algorithm=jSO; func=2,p_holm < 0.05,0.00419462,1,E2_cec2022_competition_D20_pairwise_tests.csv | algorithm=jSO; func=2
per-function rank-sum outcome,E2_cec2022_competition_D20_pairwise_tests.csv,algorithm=jSO; func=2,outcome,loss,tie,E2_cec2022_competition_D20_pairwise_tests.csv | algorithm=jSO; func=2
estimate shift > 0.02,E2_cec2022_competition_D20_pairwise_tests.csv,algorithm=jSO; func=9,cliffs_delta,0.233333,0,E2_cec2022_competition_D20_pairwise_tests.csv | algorithm=jSO; func=9
magnitude label,E2_cec2022_competition_D20_pairwise_tests.csv,algorithm=jSO; func=9,magnitude,small,negligible,E2_cec2022_competition_D20_pairwise_tests.csv | algorithm=jSO; func=9
unadjusted test decision,E2_cec2022_competition_D20_pairwise_tests.csv,algorithm=jSO; func=11,p < 0.05,3.51855e-09,0.632408,E2_cec2022_competition_D20_pairwise_tests.csv | algorithm=jSO; func=11
estimate shift > 0.02,E2_cec2022_competition_D20_pairwise_tests.csv,algorithm=jSO; func=11,cliffs_delta,0.813333,0.0355556,E2_cec2022_competition_D20_pairwise_tests.csv | algorithm=jSO; func=11
magnitude label,E2_cec2022_competition_D20_pairwise_tests.csv,algorithm=jSO; func=11,magnitude,large,negligible,E2_cec2022_competition_D20_pairwise_tests.csv | algorithm=jSO; func=11
Holm decision,E2_cec2022_competition_D20_pairwise_tests.csv,algorithm=jSO; func=11,p_holm < 0.05,1.30186e-07,1,E2_cec2022_competition_D20_pairwise_tests.csv | algorithm=jSO; func=11
per-function rank-sum outcome,E2_cec2022_competition_D20_pairwise_tests.csv,algorithm=jSO; func=11,outcome,loss,tie,E2_cec2022_competition_D20_pairwise_tests.csv | algorithm=jSO; func=11
decision or label,E2_cec2022_competition_D20_per_function.csv,func=9,best,DE,SEHHO-COBL,E2_cec2022_competition_D20_per_function.csv | func=9
rank,E2_cec2022_competition_D20_posthoc_holm.csv,algorithm=DE,avg_rank,3.29167,3.33333,E2_cec2022_competition_D20_posthoc_holm.csv | algorithm=DE
rank,E2_cec2022_competition_D20_posthoc_holm.csv,algorithm=DE,control_rank,4,3.83333,E2_cec2022_competition_D20_posthoc_holm.csv | algorithm=DE
W/T/L,E2_cec2022_competition_D20_posthoc_holm.csv,algorithm=DE,win_tie_loss,0/7/5,1/7/4,E2_cec2022_competition_D20_posthoc_holm.csv | algorithm=DE
estimate shift > 0.02,E2_cec2022_competition_D20_posthoc_holm.csv,algorithm=DE,mean_cliffs_delta,0.350185,0.271759,E2_cec2022_competition_D20_posthoc_holm.csv | algorithm=DE
magnitude label,E2_cec2022_competition_D20_posthoc_holm.csv,algorithm=DE,magnitude,medium,small,E2_cec2022_competition_D20_posthoc_holm.csv | algorithm=DE
rank,E2_cec2022_competition_D20_posthoc_holm.csv,algorithm=HHO,control_rank,4,3.83333,E2_cec2022_competition_D20_posthoc_holm.csv | algorithm=HHO
Holm decision,E2_cec2022_competition_D20_posthoc_holm.csv,algorithm=HHO,p_holm < 0.05,0.0517278,0.0318865,E2_cec2022_competition_D20_posthoc_holm.csv | algorithm=HHO
Holm decision,E2_cec2022_competition_D20_posthoc_holm.csv,algorithm=HHO,significant_holm,False,True,E2_cec2022_competition_D20_posthoc_holm.csv | algorithm=HHO
rank,E2_cec2022_competition_D20_posthoc_holm.csv,algorithm=LSHADE,avg_rank,2.29167,2.33333,E2_cec2022_competition_D20_posthoc_holm.csv | algorithm=LSHADE
rank,E2_cec2022_competition_D20_posthoc_holm.csv,algorithm=LSHADE,control_rank,4,3.83333,E2_cec2022_competition_D20_posthoc_holm.csv | algorithm=LSHADE
W/T/L,E2_cec2022_competition_D20_posthoc_holm.csv,algorithm=LSHADE,win_tie_loss,0/4/8,0/6/6,E2_cec2022_competition_D20_posthoc_holm.csv | algorithm=LSHADE
estimate shift > 0.02,E2_cec2022_competition_D20_posthoc_holm.csv,algorithm=LSHADE,mean_cliffs_delta,0.607778,0.503704,E2_cec2022_competition_D20_posthoc_holm.csv | algorithm=LSHADE
rank,E2_cec2022_competition_D20_posthoc_holm.csv,algorithm=SHADE,avg_rank,3.45833,3.5,E2_cec2022_competition_D20_posthoc_holm.csv | algorithm=SHADE
rank,E2_cec2022_competition_D20_posthoc_holm.csv,algorithm=SHADE,control_rank,4,3.83333,E2_cec2022_competition_D20_posthoc_holm.csv | algorithm=SHADE
W/T/L,E2_cec2022_competition_D20_posthoc_holm.csv,algorithm=SHADE,win_tie_loss,0/6/6,0/7/5,E2_cec2022_competition_D20_posthoc_holm.csv | algorithm=SHADE
estimate shift > 0.02,E2_cec2022_competition_D20_posthoc_holm.csv,algorithm=SHADE,mean_cliffs_delta,0.462778,0.356204,E2_cec2022_competition_D20_posthoc_holm.csv | algorithm=SHADE
rank,E2_cec2022_competition_D20_posthoc_holm.csv,algorithm=jSO,avg_rank,2.04167,2.08333,E2_cec2022_competition_D20_posthoc_holm.csv | algorithm=jSO
rank,E2_cec2022_competition_D20_posthoc_holm.csv,algorithm=jSO,control_rank,4,3.83333,E2_cec2022_competition_D20_posthoc_holm.csv | algorithm=jSO
W/T/L,E2_cec2022_competition_D20_posthoc_holm.csv,algorithm=jSO,win_tie_loss,0/4/8,0/6/6,E2_cec2022_competition_D20_posthoc_holm.csv | algorithm=jSO
estimate shift > 0.02,E2_cec2022_competition_D20_posthoc_holm.csv,algorithm=jSO,mean_cliffs_delta,0.638704,0.525278,E2_cec2022_competition_D20_posthoc_holm.csv | algorithm=jSO
rank,E2_cec2022_competition_D20_ranks.csv,algorithm=jSO,avg_rank,2.04167,2.08333,E2_cec2022_competition_D20_ranks.csv | algorithm=jSO
rank,E2_cec2022_competition_D20_ranks.csv,algorithm=LSHADE,avg_rank,2.29167,2.33333,E2_cec2022_competition_D20_ranks.csv | algorithm=LSHADE
rank,E2_cec2022_competition_D20_ranks.csv,algorithm=DE,avg_rank,3.29167,3.33333,E2_cec2022_competition_D20_ranks.csv | algorithm=DE
#1 count,E2_cec2022_competition_D20_ranks.csv,algorithm=DE,rank1_count,4,3,E2_cec2022_competition_D20_ranks.csv | algorithm=DE
rank,E2_cec2022_competition_D20_ranks.csv,algorithm=SHADE,avg_rank,3.45833,3.5,E2_cec2022_competition_D20_ranks.csv | algorithm=SHADE
rank,E2_cec2022_competition_D20_ranks.csv,algorithm=SEHHO-COBL,avg_rank,4,3.83333,E2_cec2022_competition_D20_ranks.csv | algorithm=SEHHO-COBL
#1 count,E2_cec2022_competition_D20_ranks.csv,algorithm=SEHHO-COBL,rank1_count,3,4,E2_cec2022_competition_D20_ranks.csv | algorithm=SEHHO-COBL
estimate shift > 0.02,E3_cec2017_D30_pairwise_tests.csv,algorithm=DE; func=4,cliffs_delta,-0.575556,-0.433333,E3_cec2017_D30_pairwise_tests.csv | algorithm=DE; func=4
magnitude label,E3_cec2017_D30_pairwise_tests.csv,algorithm=DE; func=4,magnitude,large,medium,E3_cec2017_D30_pairwise_tests.csv | algorithm=DE; func=4
estimate shift > 0.02,E3_cec2017_D30_pairwise_tests.csv,algorithm=DE; func=22,cliffs_delta,0.72,0.415556,E3_cec2017_D30_pairwise_tests.csv | algorithm=DE; func=22
magnitude label,E3_cec2017_D30_pairwise_tests.csv,algorithm=DE; func=22,magnitude,large,medium,E3_cec2017_D30_pairwise_tests.csv | algorithm=DE; func=22
estimate shift > 0.02,E3_cec2017_D30_pairwise_tests.csv,algorithm=DE; func=28,cliffs_delta,-0.253333,0.0344444,E3_cec2017_D30_pairwise_tests.csv | algorithm=DE; func=28
magnitude label,E3_cec2017_D30_pairwise_tests.csv,algorithm=DE; func=28,magnitude,small,negligible,E3_cec2017_D30_pairwise_tests.csv | algorithm=DE; func=28
unadjusted test decision,E3_cec2017_D30_pairwise_tests.csv,algorithm=LSHADE; func=4,p < 0.05,0.309375,0.000732701,E3_cec2017_D30_pairwise_tests.csv | algorithm=LSHADE; func=4
estimate shift > 0.02,E3_cec2017_D30_pairwise_tests.csv,algorithm=LSHADE; func=4,cliffs_delta,-0.151111,-0.433333,E3_cec2017_D30_pairwise_tests.csv | algorithm=LSHADE; func=4
magnitude label,E3_cec2017_D30_pairwise_tests.csv,algorithm=LSHADE; func=4,magnitude,small,medium,E3_cec2017_D30_pairwise_tests.csv | algorithm=LSHADE; func=4
Holm decision,E3_cec2017_D30_pairwise_tests.csv,algorithm=LSHADE; func=4,p_holm < 0.05,1,0.0190502,E3_cec2017_D30_pairwise_tests.csv | algorithm=LSHADE; func=4
per-function rank-sum outcome,E3_cec2017_D30_pairwise_tests.csv,algorithm=LSHADE; func=4,outcome,tie,win,E3_cec2017_D30_pairwise_tests.csv | algorithm=LSHADE; func=4
estimate shift > 0.02,E3_cec2017_D30_pairwise_tests.csv,algorithm=LSHADE; func=22,cliffs_delta,0.993333,0.633333,E3_cec2017_D30_pairwise_tests.csv | algorithm=LSHADE; func=22
unadjusted test decision,E3_cec2017_D30_pairwise_tests.csv,algorithm=LSHADE; func=28,p < 0.05,0.041883,0.883006,E3_cec2017_D30_pairwise_tests.csv | algorithm=LSHADE; func=28
estimate shift > 0.02,E3_cec2017_D30_pairwise_tests.csv,algorithm=LSHADE; func=28,cliffs_delta,0.303333,0.0211111,E3_cec2017_D30_pairwise_tests.csv | algorithm=LSHADE; func=28
magnitude label,E3_cec2017_D30_pairwise_tests.csv,algorithm=LSHADE; func=28,magnitude,small,negligible,E3_cec2017_D30_pairwise_tests.csv | algorithm=LSHADE; func=28
estimate shift > 0.02,E3_cec2017_D30_pairwise_tests.csv,algorithm=SHADE; func=4,cliffs_delta,0.115556,-0.0522222,E3_cec2017_D30_pairwise_tests.csv | algorithm=SHADE; func=4
estimate shift > 0.02,E3_cec2017_D30_pairwise_tests.csv,algorithm=SHADE; func=22,cliffs_delta,0.94,0.633333,E3_cec2017_D30_pairwise_tests.csv | algorithm=SHADE; func=22
unadjusted test decision,E3_cec2017_D30_pairwise_tests.csv,algorithm=SHADE; func=28,p < 0.05,0.000710241,0.28731,E3_cec2017_D30_pairwise_tests.csv | algorithm=SHADE; func=28
estimate shift > 0.02,E3_cec2017_D30_pairwise_tests.csv,algorithm=SHADE; func=28,cliffs_delta,0.503333,0.138889,E3_cec2017_D30_pairwise_tests.csv | algorithm=SHADE; func=28
magnitude label,E3_cec2017_D30_pairwise_tests.csv,algorithm=SHADE; func=28,magnitude,large,negligible,E3_cec2017_D30_pairwise_tests.csv | algorithm=SHADE; func=28
Holm decision,E3_cec2017_D30_pairwise_tests.csv,algorithm=SHADE; func=28,p_holm < 0.05,0.0163355,1,E3_cec2017_D30_pairwise_tests.csv | algorithm=SHADE; func=28
per-function rank-sum outcome,E3_cec2017_D30_pairwise_tests.csv,algorithm=SHADE; func=28,outcome,loss,tie,E3_cec2017_D30_pairwise_tests.csv | algorithm=SHADE; func=28
unadjusted test decision,E3_cec2017_D30_pairwise_tests.csv,algorithm=jSO; func=4,p < 0.05,0.352713,0.000732701,E3_cec2017_D30_pairwise_tests.csv | algorithm=jSO; func=4
estimate shift > 0.02,E3_cec2017_D30_pairwise_tests.csv,algorithm=jSO; func=4,cliffs_delta,-0.133333,-0.433333,E3_cec2017_D30_pairwise_tests.csv | algorithm=jSO; func=4
magnitude label,E3_cec2017_D30_pairwise_tests.csv,algorithm=jSO; func=4,magnitude,negligible,medium,E3_cec2017_D30_pairwise_tests.csv | algorithm=jSO; func=4
Holm decision,E3_cec2017_D30_pairwise_tests.csv,algorithm=jSO; func=4,p_holm < 0.05,1,0.0190502,E3_cec2017_D30_pairwise_tests.csv | algorithm=jSO; func=4
per-function rank-sum outcome,E3_cec2017_D30_pairwise_tests.csv,algorithm=jSO; func=4,outcome,tie,win,E3_cec2017_D30_pairwise_tests.csv | algorithm=jSO; func=4
estimate shift > 0.02,E3_cec2017_D30_pairwise_tests.csv,algorithm=jSO; func=22,cliffs_delta,1,0.633333,E3_cec2017_D30_pairwise_tests.csv | algorithm=jSO; func=22
estimate shift > 0.02,E3_cec2017_D30_pairwise_tests.csv,algorithm=jSO; func=28,cliffs_delta,0.841111,0.33,E3_cec2017_D30_pairwise_tests.csv | algorithm=jSO; func=28
magnitude label,E3_cec2017_D30_pairwise_tests.csv,algorithm=jSO; func=28,magnitude,large,medium,E3_cec2017_D30_pairwise_tests.csv | algorithm=jSO; func=28
Holm decision,E3_cec2017_D30_pairwise_tests.csv,algorithm=jSO; func=28,p_holm < 0.05,2.35144e-07,0.0880486,E3_cec2017_D30_pairwise_tests.csv | algorithm=jSO; func=28
per-function rank-sum outcome,E3_cec2017_D30_pairwise_tests.csv,algorithm=jSO; func=28,outcome,loss,tie,E3_cec2017_D30_pairwise_tests.csv | algorithm=jSO; func=28
decision or label,E3_cec2017_D30_per_function.csv,func=22,best,jSO,LSHADE,E3_cec2017_D30_per_function.csv | func=22
rank,E3_cec2017_D30_posthoc_holm.csv,algorithm=DE,avg_rank,4.05172,4.01724,E3_cec2017_D30_posthoc_holm.csv | algorithm=DE
W/T/L,E3_cec2017_D30_posthoc_holm.csv,algorithm=LSHADE,win_tie_loss,0/5/24,1/4/24,E3_cec2017_D30_posthoc_holm.csv | algorithm=LSHADE
estimate shift > 0.02,E3_cec2017_D30_posthoc_holm.csv,algorithm=LSHADE,mean_cliffs_delta,0.804215,0.772337,E3_cec2017_D30_posthoc_holm.csv | algorithm=LSHADE
rank,E3_cec2017_D30_posthoc_holm.csv,algorithm=SHADE,avg_rank,2.94828,2.91379,E3_cec2017_D30_posthoc_holm.csv | algorithm=SHADE
W/T/L,E3_cec2017_D30_posthoc_holm.csv,algorithm=SHADE,win_tie_loss,0/3/26,0/4/25,E3_cec2017_D30_posthoc_holm.csv | algorithm=SHADE
estimate shift > 0.02,E3_cec2017_D30_posthoc_holm.csv,algorithm=SHADE,mean_cliffs_delta,0.750805,0.721877,E3_cec2017_D30_posthoc_holm.csv | algorithm=SHADE
rank,E3_cec2017_D30_posthoc_holm.csv,algorithm=jSO,avg_rank,1.53448,1.60345,E3_cec2017_D30_posthoc_holm.csv | algorithm=jSO
W/T/L,E3_cec2017_D30_posthoc_holm.csv,algorithm=jSO,win_tie_loss,0/4/25,1/4/24,E3_cec2017_D30_posthoc_holm.csv | algorithm=jSO
estimate shift > 0.02,E3_cec2017_D30_posthoc_holm.csv,algorithm=jSO,mean_cliffs_delta,0.847931,0.807318,E3_cec2017_D30_posthoc_holm.csv | algorithm=jSO
rank,E3_cec2017_D30_ranks.csv,algorithm=jSO,avg_rank,1.53448,1.60345,E3_cec2017_D30_ranks.csv | algorithm=jSO
#1 count,E3_cec2017_D30_ranks.csv,algorithm=jSO,rank1_count,16,15,E3_cec2017_D30_ranks.csv | algorithm=jSO
#1 count,E3_cec2017_D30_ranks.csv,algorithm=LSHADE,rank1_count,8,9,E3_cec2017_D30_ranks.csv | algorithm=LSHADE
rank,E3_cec2017_D30_ranks.csv,algorithm=SHADE,avg_rank,2.94828,2.91379,E3_cec2017_D30_ranks.csv | algorithm=SHADE
rank,E3_cec2017_D30_ranks.csv,algorithm=DE,avg_rank,4.05172,4.01724,E3_cec2017_D30_ranks.csv | algorithm=DE
estimate shift > 0.02,E3_cec2017_D50_pairwise_tests.csv,algorithm=DE; func=4,cliffs_delta,-0.0355556,-0.126667,E3_cec2017_D50_pairwise_tests.csv | algorithm=DE; func=4
estimate shift > 0.02,E3_cec2017_D50_pairwise_tests.csv,algorithm=DE; func=6,cliffs_delta,-0.0488889,-0.01,E3_cec2017_D50_pairwise_tests.csv | algorithm=DE; func=6
estimate shift > 0.02,E3_cec2017_D50_pairwise_tests.csv,algorithm=DE; func=28,cliffs_delta,0.586667,0.488889,E3_cec2017_D50_pairwise_tests.csv | algorithm=DE; func=28
estimate shift > 0.02,E3_cec2017_D50_pairwise_tests.csv,algorithm=LSHADE; func=4,cliffs_delta,-0.413333,-0.458889,E3_cec2017_D50_pairwise_tests.csv | algorithm=LSHADE; func=4
Holm decision,E3_cec2017_D50_pairwise_tests.csv,algorithm=LSHADE; func=4,p_holm < 0.05,0.0852115,0.0310366,E3_cec2017_D50_pairwise_tests.csv | algorithm=LSHADE; func=4
per-function rank-sum outcome,E3_cec2017_D50_pairwise_tests.csv,algorithm=LSHADE; func=4,outcome,tie,win,E3_cec2017_D50_pairwise_tests.csv | algorithm=LSHADE; func=4
estimate shift > 0.02,E3_cec2017_D50_pairwise_tests.csv,algorithm=LSHADE; func=28,cliffs_delta,0.835556,0.686667,E3_cec2017_D50_pairwise_tests.csv | algorithm=LSHADE; func=28
estimate shift > 0.02,E3_cec2017_D50_pairwise_tests.csv,algorithm=SHADE; func=4,cliffs_delta,0.0266667,-0.0744444,E3_cec2017_D50_pairwise_tests.csv | algorithm=SHADE; func=4
estimate shift > 0.02,E3_cec2017_D50_pairwise_tests.csv,algorithm=SHADE; func=28,cliffs_delta,0.0955556,-0.12,E3_cec2017_D50_pairwise_tests.csv | algorithm=SHADE; func=28
estimate shift > 0.02,E3_cec2017_D50_pairwise_tests.csv,algorithm=jSO; func=4,cliffs_delta,0.191111,0.0211111,E3_cec2017_D50_pairwise_tests.csv | algorithm=jSO; func=4
magnitude label,E3_cec2017_D50_pairwise_tests.csv,algorithm=jSO; func=4,magnitude,small,negligible,E3_cec2017_D50_pairwise_tests.csv | algorithm=jSO; func=4
estimate shift > 0.02,E3_cec2017_D50_pairwise_tests.csv,algorithm=jSO; func=28,cliffs_delta,0.957778,0.817778,E3_cec2017_D50_pairwise_tests.csv | algorithm=jSO; func=28
W/T/L,E3_cec2017_D50_posthoc_holm.csv,algorithm=LSHADE,win_tie_loss,0/4/25,1/3/25,E3_cec2017_D50_posthoc_holm.csv | algorithm=LSHADE
rank,E4_ablation_cec2022_paired_holm.csv,block=D=10; variant=SEHHO:AlwaysPbest+NoLevy,avg_rank,4.75,4.79167,E4_ablation_cec2022_paired_holm.csv | block=D=10; variant=SEHHO:AlwaysPbest+NoLevy
rank,E4_ablation_cec2022_paired_holm.csv,block=D=10; variant=SEHHO:AlwaysPbest+NoLevy,full_rank,6.25,6.29167,E4_ablation_cec2022_paired_holm.csv | block=D=10; variant=SEHHO:AlwaysPbest+NoLevy
rank,E4_ablation_cec2022_paired_holm.csv,block=D=10; variant=SEHHO:NoLevy,avg_rank,4.83333,4.875,E4_ablation_cec2022_paired_holm.csv | block=D=10; variant=SEHHO:NoLevy
rank,E4_ablation_cec2022_paired_holm.csv,block=D=10; variant=SEHHO:NoLevy,full_rank,6.25,6.29167,E4_ablation_cec2022_paired_holm.csv | block=D=10; variant=SEHHO:NoLevy
rank,E4_ablation_cec2022_paired_holm.csv,block=D=10; variant=SEHHO:AlwaysPbest+FixedP,avg_rank,5.25,5.29167,E4_ablation_cec2022_paired_holm.csv | block=D=10; variant=SEHHO:AlwaysPbest+FixedP
rank,E4_ablation_cec2022_paired_holm.csv,block=D=10; variant=SEHHO:AlwaysPbest+FixedP,full_rank,6.25,6.29167,E4_ablation_cec2022_paired_holm.csv | block=D=10; variant=SEHHO:AlwaysPbest+FixedP
rank,E4_ablation_cec2022_paired_holm.csv,block=D=10; variant=SEHHO:AlwaysPbest,avg_rank,5.66667,5.70833,E4_ablation_cec2022_paired_holm.csv | block=D=10; variant=SEHHO:AlwaysPbest
rank,E4_ablation_cec2022_paired_holm.csv,block=D=10; variant=SEHHO:AlwaysPbest,full_rank,6.25,6.29167,E4_ablation_cec2022_paired_holm.csv | block=D=10; variant=SEHHO:AlwaysPbest
rank,E4_ablation_cec2022_paired_holm.csv,block=D=10; variant=SEHHO:DeterministicPhase,avg_rank,6,6.04167,E4_ablation_cec2022_paired_holm.csv | block=D=10; variant=SEHHO:DeterministicPhase
rank,E4_ablation_cec2022_paired_holm.csv,block=D=10; variant=SEHHO:DeterministicPhase,full_rank,6.25,6.29167,E4_ablation_cec2022_paired_holm.csv | block=D=10; variant=SEHHO:DeterministicPhase
rank,E4_ablation_cec2022_paired_holm.csv,block=D=10; variant=SEHHO:FixedP,avg_rank,6.45833,6.5,E4_ablation_cec2022_paired_holm.csv | block=D=10; variant=SEHHO:FixedP
rank,E4_ablation_cec2022_paired_holm.csv,block=D=10; variant=SEHHO:FixedP,full_rank,6.25,6.29167,E4_ablation_cec2022_paired_holm.csv | block=D=10; variant=SEHHO:FixedP
rank,E4_ablation_cec2022_paired_holm.csv,block=D=10; variant=SEHHO:NoEscapeEnergy,avg_rank,6.75,6.79167,E4_ablation_cec2022_paired_holm.csv | block=D=10; variant=SEHHO:NoEscapeEnergy
rank,E4_ablation_cec2022_paired_holm.csv,block=D=10; variant=SEHHO:NoEscapeEnergy,full_rank,6.25,6.29167,E4_ablation_cec2022_paired_holm.csv | block=D=10; variant=SEHHO:NoEscapeEnergy
rank,E4_ablation_cec2022_paired_holm.csv,block=D=10; variant=SEHHO:NoArchive,avg_rank,6.91667,6.95833,E4_ablation_cec2022_paired_holm.csv | block=D=10; variant=SEHHO:NoArchive
rank,E4_ablation_cec2022_paired_holm.csv,block=D=10; variant=SEHHO:NoArchive,full_rank,6.25,6.29167,E4_ablation_cec2022_paired_holm.csv | block=D=10; variant=SEHHO:NoArchive
rank,E4_ablation_cec2022_paired_holm.csv,block=D=10; variant=SEHHO:NoCOBL,avg_rank,7.20833,7.25,E4_ablation_cec2022_paired_holm.csv | block=D=10; variant=SEHHO:NoCOBL
rank,E4_ablation_cec2022_paired_holm.csv,block=D=10; variant=SEHHO:NoCOBL,full_rank,6.25,6.29167,E4_ablation_cec2022_paired_holm.csv | block=D=10; variant=SEHHO:NoCOBL
rank,E4_ablation_cec2022_paired_holm.csv,block=D=10; variant=SEHHO:AlwaysBest,avg_rank,8.08333,8.125,E4_ablation_cec2022_paired_holm.csv | block=D=10; variant=SEHHO:AlwaysBest
rank,E4_ablation_cec2022_paired_holm.csv,block=D=10; variant=SEHHO:AlwaysBest,full_rank,6.25,6.29167,E4_ablation_cec2022_paired_holm.csv | block=D=10; variant=SEHHO:AlwaysBest
rank,E4_ablation_cec2022_paired_holm.csv,block=D=10; variant=SEHHO:NoSHADE,avg_rank,9.83333,9.375,E4_ablation_cec2022_paired_holm.csv | block=D=10; variant=SEHHO:NoSHADE
rank,E4_ablation_cec2022_paired_holm.csv,block=D=10; variant=SEHHO:NoSHADE,full_rank,6.25,6.29167,E4_ablation_cec2022_paired_holm.csv | block=D=10; variant=SEHHO:NoSHADE
win/tie/loss count,E4_ablation_cec2022_paired_holm.csv,block=D=10; variant=SEHHO:NoSHADE,wins,9,8,E4_ablation_cec2022_paired_holm.csv | block=D=10; variant=SEHHO:NoSHADE
win/tie/loss count,E4_ablation_cec2022_paired_holm.csv,block=D=10; variant=SEHHO:NoSHADE,ties,1,2,E4_ablation_cec2022_paired_holm.csv | block=D=10; variant=SEHHO:NoSHADE
estimate shift > 0.02,E4_ablation_cec2022_paired_holm.csv,block=D=10; variant=SEHHO:NoSHADE,cliffs_delta,-0.373889,-0.339537,E4_ablation_cec2022_paired_holm.csv | block=D=10; variant=SEHHO:NoSHADE
rank,E4_ablation_cec2022_paired_holm.csv,block=D=20; variant=SEHHO:AlwaysPbest+NoLevy,avg_rank,4.25,4.16667,E4_ablation_cec2022_paired_holm.csv | block=D=20; variant=SEHHO:AlwaysPbest+NoLevy
estimate shift > 0.02,E4_ablation_cec2022_paired_holm.csv,block=D=20; variant=SEHHO:AlwaysPbest+NoLevy,cliffs_delta,-0.0721296,-0.0153704,E4_ablation_cec2022_paired_holm.csv | block=D=20; variant=SEHHO:AlwaysPbest+NoLevy
rank,E4_ablation_cec2022_paired_holm.csv,block=D=20; variant=SEHHO:FixedP,avg_rank,5.75,5.91667,E4_ablation_cec2022_paired_holm.csv | block=D=20; variant=SEHHO:FixedP
rank,E4_ablation_cec2022_paired_holm.csv,block=D=20; variant=SEHHO:DeterministicPhase,avg_rank,5.83333,5.66667,E4_ablation_cec2022_paired_holm.csv | block=D=20; variant=SEHHO:DeterministicPhase
estimate shift > 0.02,E4_ablation_cec2022_paired_holm.csv,block=D=20; variant=SEHHO:DeterministicPhase,cliffs_delta,-0.15787,-0.0925926,E4_ablation_cec2022_paired_holm.csv | block=D=20; variant=SEHHO:DeterministicPhase
magnitude label,E4_ablation_cec2022_paired_holm.csv,block=D=20; variant=SEHHO:DeterministicPhase,magnitude,small,negligible,E4_ablation_cec2022_paired_holm.csv | block=D=20; variant=SEHHO:DeterministicPhase
rank,E4_ablation_cec2022_paired_holm.csv,block=D=20; variant=SEHHO:NoLevy,avg_rank,6.33333,6.58333,E4_ablation_cec2022_paired_holm.csv | block=D=20; variant=SEHHO:NoLevy
estimate shift > 0.02,E4_ablation_cec2022_paired_holm.csv,block=D=20; variant=SEHHO:NoLevy,cliffs_delta,-0.00592593,-0.0262963,E4_ablation_cec2022_paired_holm.csv | block=D=20; variant=SEHHO:NoLevy
estimate shift > 0.02,E4_ablation_cec2022_paired_holm.csv,block=D=20; variant=SEHHO:AlwaysPbest,cliffs_delta,-0.214259,-0.181296,E4_ablation_cec2022_paired_holm.csv | block=D=20; variant=SEHHO:AlwaysPbest
estimate shift > 0.02,E4_ablation_cec2022_paired_holm.csv,block=D=20; variant=SEHHO:NoArchive,cliffs_delta,-0.252685,-0.186667,E4_ablation_cec2022_paired_holm.csv | block=D=20; variant=SEHHO:NoArchive
rank,E4_ablation_cec2022_paired_holm.csv,block=D=20; variant=SEHHO:AlwaysBest,avg_rank,7.41667,7.16667,E4_ablation_cec2022_paired_holm.csv | block=D=20; variant=SEHHO:AlwaysBest
rank,E4_ablation_cec2022_paired_holm.csv,block=D=20; variant=SEHHO:NoEscapeEnergy,avg_rank,7.5,7.58333,E4_ablation_cec2022_paired_holm.csv | block=D=20; variant=SEHHO:NoEscapeEnergy
magnitude label,E4b_ablation_cec2017_30D_paired_holm.csv,block=D=30; variant=SEHHO:AlwaysPbest+NoLevy,magnitude,small,negligible,E4b_ablation_cec2017_30D_paired_holm.csv | block=D=30; variant=SEHHO:AlwaysPbest+NoLevy
estimate shift > 0.02,cec2014_confirmatory.csv,"dim=30; max_fes=300000; block=D=30, 300,000 FEs",mean_delta,-0.617815,-0.594556,"cec2014_confirmatory.csv | dim=30; max_fes=300000; block=D=30, 300,000 FEs"
win/tie/loss count,cec2014_confirmatory.csv,"dim=30; max_fes=300000; block=D=30, 300,000 FEs",wins,26,25,"cec2014_confirmatory.csv | dim=30; max_fes=300000; block=D=30, 300,000 FEs"
estimate shift > 0.02,cec2014_confirmatory.csv,"dim=50; max_fes=500000; block=D=50, 500,000 FEs",mean_delta,-0.620741,-0.587815,"cec2014_confirmatory.csv | dim=50; max_fes=500000; block=D=50, 500,000 FEs"
win/tie/loss count,cec2014_confirmatory.csv,"dim=50; max_fes=500000; block=D=50, 500,000 FEs",wins,27,26,"cec2014_confirmatory.csv | dim=50; max_fes=500000; block=D=50, 500,000 FEs"
estimate shift > 0.02,cec2014_confirmatory.csv,"dim=30; max_fes=300000; block=D=30, 300,000 FEs; family=competition; opponent=SEHHO-COBL",mean_delta,-0.617815,-0.594556,"cec2014_confirmatory.csv | dim=30; max_fes=300000; block=D=30, 300,000 FEs; family=competition; opponent=SEHHO-COBL"
estimate shift > 0.02,cec2014_confirmatory.csv,"dim=50; max_fes=500000; block=D=50, 500,000 FEs; family=competition; opponent=jSO",mean_delta,0.424963,0.39837,"cec2014_confirmatory.csv | dim=50; max_fes=500000; block=D=50, 500,000 FEs; family=competition; opponent=jSO"
estimate shift > 0.02,cec2014_confirmatory.csv,"dim=50; max_fes=500000; block=D=50, 500,000 FEs; family=competition; opponent=LSHADE",mean_delta,0.418667,0.397037,"cec2014_confirmatory.csv | dim=50; max_fes=500000; block=D=50, 500,000 FEs; family=competition; opponent=LSHADE"
estimate shift > 0.02,cec2014_confirmatory.csv,"dim=50; max_fes=500000; block=D=50, 500,000 FEs; family=competition; opponent=SEHHO-COBL",mean_delta,-0.620741,-0.587815,"cec2014_confirmatory.csv | dim=50; max_fes=500000; block=D=50, 500,000 FEs; family=competition; opponent=SEHHO-COBL"
estimate shift > 0.02,cec2014_verdict.json,primary[0].ci_hi,primary[0].ci_hi,-0.43811,-0.410888,cec2014_verdict.json | primary[0].ci_hi
estimate shift > 0.02,cec2014_verdict.json,primary[0].mean_delta,primary[0].mean_delta,-0.617815,-0.594556,cec2014_verdict.json | primary[0].mean_delta
estimate shift > 0.02,cec2014_verdict.json,primary[1].ci_hi,primary[1].ci_hi,-0.415028,-0.38307,cec2014_verdict.json | primary[1].ci_hi
estimate shift > 0.02,cec2014_verdict.json,primary[1].ci_lo,primary[1].ci_lo,-0.792148,-0.763481,cec2014_verdict.json | primary[1].ci_lo
estimate shift > 0.02,cec2014_verdict.json,primary[1].mean_delta,primary[1].mean_delta,-0.620741,-0.587815,cec2014_verdict.json | primary[1].mean_delta
margin verdict,composition.csv,dim=10; max_fes=15000; block=matched; change=-Archive,ci verdict at 0.147,"inconclusive [-0.0326, +0.1617]","negligible [-0.0472, +0.1381]",composition.csv | dim=10; max_fes=15000; block=matched; change=-Archive
estimate shift > 0.02,composition.csv,dim=10; max_fes=15000; block=matched; change=-Archive,mean_delta,0.0666667,0.0465741,composition.csv | dim=10; max_fes=15000; block=matched; change=-Archive
decision or label,composition.csv,dim=10; max_fes=15000; block=matched; change=-Archive,negligible,False,True,composition.csv | dim=10; max_fes=15000; block=matched; change=-Archive
estimate shift > 0.02,composition.csv,dim=20; max_fes=1000000; block=competition; change=+Gate,mean_delta,0.171389,0.143056,composition.csv | dim=20; max_fes=1000000; block=competition; change=+Gate
interval side,composition.csv,dim=20; max_fes=1000000; block=competition; change=-COBL,ci interval,"spans [-0.1626, +0.0069]","below [-0.1663, -0.0041]",composition.csv | dim=20; max_fes=1000000; block=competition; change=-COBL
margin verdict,composition.csv,dim=20; max_fes=1000000; block=competition; change=-COBL,ci verdict at 0.147,"inconclusive [-0.1626, +0.0069]","nonzero [-0.1663, -0.0041]",composition.csv | dim=20; max_fes=1000000; block=competition; change=-COBL
margin verdict,composition.csv,dim=20; max_fes=1000000; block=competition; change=-COBL,ci verdict at 0.1,"inconclusive [-0.1626, +0.0069]","nonzero [-0.1663, -0.0041]",composition.csv | dim=20; max_fes=1000000; block=competition; change=-COBL
margin verdict,composition.csv,dim=20; max_fes=1000000; block=competition; change=-COBL,ci verdict at 0.05,"inconclusive [-0.1626, +0.0069]","nonzero [-0.1663, -0.0041]",composition.csv | dim=20; max_fes=1000000; block=competition; change=-COBL
tie flag (Section 2.6),composition.csv,dim=20; max_fes=1000000; block=competition; change=-COBL,ci tie,"False [-0.1626, +0.0069]","True [-0.1663, -0.0041]",composition.csv | dim=20; max_fes=1000000; block=competition; change=-COBL
numbers inside a stored note,composition_decision.json,notes.+Gate,notes.+Gate,"KEEP  — removing it costs +0.171 [+0.046,+0.314] at D=20, 1,000,000 FEs","KEEP  — removing it costs +0.143 [+0.030,+0.280] at D=20, 1,000,000 FEs",composition_decision.json | notes.+Gate
numbers inside a stored note,composition_decision.json,notes.-COBL,notes.-COBL,"DROP  — never helps, and removing it gains +0.066 [+0.012,+0.122] at D=10, 15,000 FEs","DROP  — never helps, and removing it gains +0.080 [+0.004,+0.166] at D=20, 1,000,000 FEs",composition_decision.json | notes.-COBL
numbers inside a stored note,composition_decision.json,notes.-SHADE,notes.-SHADE,"KEEP  — removing it costs +0.218 [+0.036,+0.430] at D=10, 15,000 FEs","KEEP  — removing it costs +0.218 [+0.036,+0.431] at D=10, 15,000 FEs",composition_decision.json | notes.-SHADE
estimate shift > 0.02,e15_original_rule.csv,dim=30; max_fes=300000; budget=competition; family=sensitivity_primary; a=GF:OriginalRule; b=SEHHO-COBL,mean_delta,-0.620444,-0.597185,e15_original_rule.csv | dim=30; max_fes=300000; budget=competition; family=sensitivity_primary; a=GF:OriginalRule; b=SEHHO-COBL
estimate shift > 0.02,e15_original_rule.csv,dim=30; max_fes=300000; budget=competition; family=reference_E13; a=GF-Method; b=SEHHO-COBL,mean_delta,-0.617815,-0.594556,e15_original_rule.csv | dim=30; max_fes=300000; budget=competition; family=reference_E13; a=GF-Method; b=SEHHO-COBL
estimate shift > 0.02,e15_original_rule.csv,dim=50; max_fes=500000; budget=competition; family=sensitivity_primary; a=GF:OriginalRule; b=SEHHO-COBL,mean_delta,-0.635519,-0.603741,e15_original_rule.csv | dim=50; max_fes=500000; budget=competition; family=sensitivity_primary; a=GF:OriginalRule; b=SEHHO-COBL
estimate shift > 0.02,e15_original_rule.csv,dim=50; max_fes=500000; budget=competition; family=reference_E13; a=GF-Method; b=SEHHO-COBL,mean_delta,-0.620741,-0.587815,e15_original_rule.csv | dim=50; max_fes=500000; budget=competition; family=reference_E13; a=GF-Method; b=SEHHO-COBL
estimate shift > 0.02,e15_verdict.json,primary_blocks[0].ci_hi,primary_blocks[0].ci_hi,-0.43348,-0.408222,e15_verdict.json | primary_blocks[0].ci_hi
estimate shift > 0.02,e15_verdict.json,primary_blocks[0].mean_delta,primary_blocks[0].mean_delta,-0.620444,-0.597185,e15_verdict.json | primary_blocks[0].mean_delta
estimate shift > 0.02,e15_verdict.json,primary_blocks[1].ci_hi,primary_blocks[1].ci_hi,-0.428999,-0.396034,e15_verdict.json | primary_blocks[1].ci_hi
estimate shift > 0.02,e15_verdict.json,primary_blocks[1].ci_lo,primary_blocks[1].ci_lo,-0.809779,-0.781816,e15_verdict.json | primary_blocks[1].ci_lo
estimate shift > 0.02,e15_verdict.json,primary_blocks[1].mean_delta,primary_blocks[1].mean_delta,-0.635519,-0.603741,e15_verdict.json | primary_blocks[1].mean_delta
estimate shift > 0.02,extras.csv,"dim=30.0; max_fes=300000.0; block=CEC2017, D=30, 300,000 FEs; quantity=e6_n30_vs_n120; item=d",estimate,0.595326,0.574674,"extras.csv | dim=30.0; max_fes=300000.0; block=CEC2017, D=30, 300,000 FEs; quantity=e6_n30_vs_n120; item=d"
interval side,extras.csv,"dim=10.0; max_fes=15000.0; block=CEC2022, D=10, 15,000 FEs; quantity=original_rule_config_vs_rshade; item=e",ci interval,"above [+0.0011, +0.2602]","spans [-0.0250, +0.2390]","extras.csv | dim=10.0; max_fes=15000.0; block=CEC2022, D=10, 15,000 FEs; quantity=original_rule_config_vs_rshade; item=e"
estimate shift > 0.02,extras.csv,"dim=10.0; max_fes=15000.0; block=CEC2022, D=10, 15,000 FEs; quantity=original_rule_config_vs_rshade; item=e",estimate,0.109352,0.0834259,"extras.csv | dim=10.0; max_fes=15000.0; block=CEC2022, D=10, 15,000 FEs; quantity=original_rule_config_vs_rshade; item=e"
decision or label,extras.csv,"dim=10.0; max_fes=15000.0; block=CEC2022, D=10, 15,000 FEs; quantity=original_rule_config_vs_rshade; item=e",mc_stable,False,True,"extras.csv | dim=10.0; max_fes=15000.0; block=CEC2022, D=10, 15,000 FEs; quantity=original_rule_config_vs_rshade; item=e"
estimate shift > 0.02,pop_isolation.csv,suite=cec2017; dim=30; max_fes=300000; budget=competition; contrast=L-SHADE 6D vs 18D,mean_delta,0.464713,0.431724,pop_isolation.csv | suite=cec2017; dim=30; max_fes=300000; budget=competition; contrast=L-SHADE 6D vs 18D
estimate shift > 0.02,pop_isolation.csv,suite=cec2017; dim=30; max_fes=300000; budget=competition; contrast=ours vs L-SHADE at 6D,mean_delta,0.272031,0.296092,pop_isolation.csv | suite=cec2017; dim=30; max_fes=300000; budget=competition; contrast=ours vs L-SHADE at 6D
estimate shift > 0.02,pop_isolation.csv,suite=cec2014; dim=50; max_fes=500000; budget=competition; contrast=L-SHADE 6D vs 18D,mean_delta,0.20637,0.172778,pop_isolation.csv | suite=cec2014; dim=50; max_fes=500000; budget=competition; contrast=L-SHADE 6D vs 18D
estimate shift > 0.02,pop_isolation.csv,suite=cec2014; dim=50; max_fes=500000; budget=competition; contrast=ours 6D vs ours 18D,mean_delta,-0.0534444,-0.0738148,pop_isolation.csv | suite=cec2014; dim=50; max_fes=500000; budget=competition; contrast=ours 6D vs ours 18D
estimate shift > 0.02,pop_isolation.csv,suite=cec2014; dim=50; max_fes=500000; budget=competition; contrast=ours vs L-SHADE default,mean_delta,0.419667,0.395259,pop_isolation.csv | suite=cec2014; dim=50; max_fes=500000; budget=competition; contrast=ours vs L-SHADE default
estimate shift > 0.02,poprule.csv,dim=10; max_fes=15000; block=matched; candidate=LPSR-12D,mean_delta,0.328241,0.259074,poprule.csv | dim=10; max_fes=15000; block=matched; candidate=LPSR-12D
estimate shift > 0.02,poprule.csv,dim=10; max_fes=15000; block=matched; candidate=LPSR-18D,mean_delta,0.567407,0.445463,poprule.csv | dim=10; max_fes=15000; block=matched; candidate=LPSR-18D
tie flag (Section 2.6),poprule.csv,dim=20; max_fes=1000000; block=competition; candidate=N120b,ci tie,"True [+0.0119, +0.3261]","False [+0.0237, +0.3333]",poprule.csv | dim=20; max_fes=1000000; block=competition; candidate=N120b
unadjusted test decision,poprule.csv,dim=20; max_fes=1000000; block=competition; candidate=N120b,p < 0.05,0.109375,0.046875,poprule.csv | dim=20; max_fes=1000000; block=competition; candidate=N120b
estimate shift > 0.02,poprule.csv,dim=20; max_fes=1000000; block=competition; candidate=N30,mean_delta,0.449722,0.361852,poprule.csv | dim=20; max_fes=1000000; block=competition; candidate=N30
Holm decision,poprule.csv,dim=20; max_fes=1000000; block=competition; candidate=N30,p_holm < 0.05,0.00585938,0.0820312,poprule.csv | dim=20; max_fes=1000000; block=competition; candidate=N30
estimate shift > 0.02,revision_budget_guide.csv,dim=10; budget=15000; engine=repaired engine (selection runs); problems=CEC2022; evals_per_variable=1500.0; source_marker=CEC2022 selection data (in-sample),delta,-0.567407,-0.445463,revision_budget_guide.csv | dim=10; budget=15000; engine=repaired engine (selection runs); problems=CEC2022; evals_per_variable=1500.0; source_marker=CEC2022 selection data (in-sample)
estimate shift > 0.02,revision_budget_guide.csv,dim=50; budget=500000; engine=L-SHADE; problems=CEC2014; evals_per_variable=10000.0; source_marker=CEC2014 L-SHADE (exploratory),delta,0.20637,0.172778,revision_budget_guide.csv | dim=50; budget=500000; engine=L-SHADE; problems=CEC2014; evals_per_variable=10000.0; source_marker=CEC2014 L-SHADE (exploratory)
estimate shift > 0.02,revision_budget_guide.csv,dim=30; budget=300000; engine=L-SHADE; problems=CEC2017; evals_per_variable=10000.0; source_marker=CEC2017 L-SHADE,delta,0.464713,0.431724,revision_budget_guide.csv | dim=30; budget=300000; engine=L-SHADE; problems=CEC2017; evals_per_variable=10000.0; source_marker=CEC2017 L-SHADE
estimate shift > 0.02,revision_budget_guide.csv,dim=50; budget=500000; engine=repaired engine (SEHHO-COBL-R); problems=CEC2014; evals_per_variable=10000.0; source_marker=repaired engine,delta,-0.0534444,-0.0738148,revision_budget_guide.csv | dim=50; budget=500000; engine=repaired engine (SEHHO-COBL-R); problems=CEC2014; evals_per_variable=10000.0; source_marker=repaired engine
estimate shift > 0.02,revision_cec2014_excluded_functions.csv,dim=30.0; max_fes=300000.0,F23,-0.7,0,revision_cec2014_excluded_functions.csv | dim=30.0; max_fes=300000.0
estimate shift > 0.02,revision_cec2014_excluded_functions.csv,dim=30.0; max_fes=300000.0,mean_four,-0.754444,-0.579444,revision_cec2014_excluded_functions.csv | dim=30.0; max_fes=300000.0
estimate shift > 0.02,revision_cec2014_excluded_functions.csv,dim=50.0; max_fes=500000.0,F23,-0.957778,0,revision_cec2014_excluded_functions.csv | dim=50.0; max_fes=500000.0
estimate shift > 0.02,revision_cec2014_excluded_functions.csv,dim=50.0; max_fes=500000.0,mean_four,-0.976111,-0.736667,revision_cec2014_excluded_functions.csv | dim=50.0; max_fes=500000.0
estimate shift > 0.02,revision_cec2014_pairwise.csv,suite=cec2014; dim=30; max_fes=300000; budget=competition; opponent=SEHHO-COBL,mean,-0.617815,-0.594556,revision_cec2014_pairwise.csv | suite=cec2014; dim=30; max_fes=300000; budget=competition; opponent=SEHHO-COBL
win/tie/loss count,revision_cec2014_pairwise.csv,suite=cec2014; dim=30; max_fes=300000; budget=competition; opponent=SEHHO-COBL,wins,26,25,revision_cec2014_pairwise.csv | suite=cec2014; dim=30; max_fes=300000; budget=competition; opponent=SEHHO-COBL
estimate shift > 0.02,revision_cec2014_pairwise.csv,suite=cec2014; dim=50; max_fes=500000; budget=competition; opponent=jSO,mean,0.424963,0.39837,revision_cec2014_pairwise.csv | suite=cec2014; dim=50; max_fes=500000; budget=competition; opponent=jSO
win/tie/loss count,revision_cec2014_pairwise.csv,suite=cec2014; dim=50; max_fes=500000; budget=competition; opponent=jSO,losses,23,22,revision_cec2014_pairwise.csv | suite=cec2014; dim=50; max_fes=500000; budget=competition; opponent=jSO
estimate shift > 0.02,revision_cec2014_pairwise.csv,suite=cec2014; dim=50; max_fes=500000; budget=competition; opponent=LSHADE,mean,0.418667,0.397037,revision_cec2014_pairwise.csv | suite=cec2014; dim=50; max_fes=500000; budget=competition; opponent=LSHADE
win/tie/loss count,revision_cec2014_pairwise.csv,suite=cec2014; dim=50; max_fes=500000; budget=competition; opponent=LSHADE,losses,22,21,revision_cec2014_pairwise.csv | suite=cec2014; dim=50; max_fes=500000; budget=competition; opponent=LSHADE
win/tie/loss count,revision_cec2014_pairwise.csv,suite=cec2014; dim=50; max_fes=500000; budget=competition; opponent=SHADE,wins,14,13,revision_cec2014_pairwise.csv | suite=cec2014; dim=50; max_fes=500000; budget=competition; opponent=SHADE
adjusted interval side,revision_cec2014_pairwise.csv,suite=cec2014; dim=50; max_fes=500000; budget=competition; opponent=HHO,pct_adj interval,"spans [-0.8435, +0.0016]","below [-0.8435, -0.0017]",revision_cec2014_pairwise.csv | suite=cec2014; dim=50; max_fes=500000; budget=competition; opponent=HHO
adjusted margin verdict,revision_cec2014_pairwise.csv,suite=cec2014; dim=50; max_fes=500000; budget=competition; opponent=HHO,pct_adj verdict at 0.147,"inconclusive [-0.8435, +0.0016]","nonzero [-0.8435, -0.0017]",revision_cec2014_pairwise.csv | suite=cec2014; dim=50; max_fes=500000; budget=competition; opponent=HHO
adjusted margin verdict,revision_cec2014_pairwise.csv,suite=cec2014; dim=50; max_fes=500000; budget=competition; opponent=HHO,pct_adj verdict at 0.1,"inconclusive [-0.8435, +0.0016]","nonzero [-0.8435, -0.0017]",revision_cec2014_pairwise.csv | suite=cec2014; dim=50; max_fes=500000; budget=competition; opponent=HHO
adjusted margin verdict,revision_cec2014_pairwise.csv,suite=cec2014; dim=50; max_fes=500000; budget=competition; opponent=HHO,pct_adj verdict at 0.05,"inconclusive [-0.8435, +0.0016]","nonzero [-0.8435, -0.0017]",revision_cec2014_pairwise.csv | suite=cec2014; dim=50; max_fes=500000; budget=competition; opponent=HHO
estimate shift > 0.02,revision_cec2014_pairwise.csv,suite=cec2014; dim=50; max_fes=500000; budget=competition; opponent=SEHHO-COBL,mean,-0.620741,-0.587815,revision_cec2014_pairwise.csv | suite=cec2014; dim=50; max_fes=500000; budget=competition; opponent=SEHHO-COBL
win/tie/loss count,revision_cec2014_pairwise.csv,suite=cec2014; dim=50; max_fes=500000; budget=competition; opponent=SEHHO-COBL,wins,27,26,revision_cec2014_pairwise.csv | suite=cec2014; dim=50; max_fes=500000; budget=competition; opponent=SEHHO-COBL
win/tie/loss count,revision_cec2014_pairwise.csv,suite=cec2014; dim=50; max_fes=500000; budget=competition; opponent=DE,wins,25,24,revision_cec2014_pairwise.csv | suite=cec2014; dim=50; max_fes=500000; budget=competition; opponent=DE
estimate shift > 0.02,revision_cec2014_primary.csv,dim=30; max_fes=300000; analysis=registered primary endpoint,mean,-0.617815,-0.594556,revision_cec2014_primary.csv | dim=30; max_fes=300000; analysis=registered primary endpoint
win/tie/loss count,revision_cec2014_primary.csv,dim=30; max_fes=300000; analysis=registered primary endpoint,wins,26,25,revision_cec2014_primary.csv | dim=30; max_fes=300000; analysis=registered primary endpoint
estimate shift > 0.02,revision_cec2014_primary.csv,dim=50; max_fes=500000; analysis=registered primary endpoint,mean,-0.620741,-0.587815,revision_cec2014_primary.csv | dim=50; max_fes=500000; analysis=registered primary endpoint
win/tie/loss count,revision_cec2014_primary.csv,dim=50; max_fes=500000; analysis=registered primary endpoint,wins,27,26,revision_cec2014_primary.csv | dim=50; max_fes=500000; analysis=registered primary endpoint
estimate shift > 0.02,revision_cec2014_suitegap.csv,dim=30.0; max_fes=300000.0,cec2017_mean,-0.764023,-0.732261,revision_cec2014_suitegap.csv | dim=30.0; max_fes=300000.0
estimate shift > 0.02,revision_cec2014_suitegap.csv,dim=30.0; max_fes=300000.0,cec2014_mean,-0.617815,-0.594556,revision_cec2014_suitegap.csv | dim=30.0; max_fes=300000.0
estimate shift > 0.02,revision_cec2014_suitegap.csv,dim=50.0; max_fes=500000.0,cec2014_mean,-0.620741,-0.587815,revision_cec2014_suitegap.csv | dim=50.0; max_fes=500000.0
adjusted interval side,revision_composition.csv,dim=10; max_fes=15000; block=matched; change=-COBL,pct_adj interval,"spans [-0.1363, +0.0006]","below [-0.1409, -0.0019]",revision_composition.csv | dim=10; max_fes=15000; block=matched; change=-COBL
adjusted margin verdict,revision_composition.csv,dim=10; max_fes=15000; block=matched; change=-COBL,pct_adj verdict at 0.1,"inconclusive [-0.1363, +0.0006]","nonzero [-0.1409, -0.0019]",revision_composition.csv | dim=10; max_fes=15000; block=matched; change=-COBL
adjusted margin verdict,revision_composition.csv,dim=10; max_fes=15000; block=matched; change=-COBL,pct_adj verdict at 0.05,"inconclusive [-0.1363, +0.0006]","nonzero [-0.1409, -0.0019]",revision_composition.csv | dim=10; max_fes=15000; block=matched; change=-COBL
adjusted margin verdict,revision_composition.csv,dim=10; max_fes=15000; block=matched; change=-COBL,bca_adj verdict at 0.147,"negligible [-0.1391, -0.0016]","nonzero [-0.1473, -0.0058]",revision_composition.csv | dim=10; max_fes=15000; block=matched; change=-COBL
interval side,revision_composition.csv,dim=10; max_fes=15000; block=matched; change=-Levy,bca interval,"below [-0.3702, -0.0151]","spans [-0.3633, +0.0007]",revision_composition.csv | dim=10; max_fes=15000; block=matched; change=-Levy
margin verdict,revision_composition.csv,dim=10; max_fes=15000; block=matched; change=-Levy,bca verdict at 0.147,"nonzero [-0.3702, -0.0151]","inconclusive [-0.3633, +0.0007]",revision_composition.csv | dim=10; max_fes=15000; block=matched; change=-Levy
margin verdict,revision_composition.csv,dim=10; max_fes=15000; block=matched; change=-Levy,bca verdict at 0.1,"nonzero [-0.3702, -0.0151]","inconclusive [-0.3633, +0.0007]",revision_composition.csv | dim=10; max_fes=15000; block=matched; change=-Levy
margin verdict,revision_composition.csv,dim=10; max_fes=15000; block=matched; change=-Levy,bca verdict at 0.05,"nonzero [-0.3702, -0.0151]","inconclusive [-0.3633, +0.0007]",revision_composition.csv | dim=10; max_fes=15000; block=matched; change=-Levy
tie flag (Section 2.6),revision_composition.csv,dim=10; max_fes=15000; block=matched; change=-Levy,bca tie,"True [-0.3702, -0.0151]","False [-0.3633, +0.0007]",revision_composition.csv | dim=10; max_fes=15000; block=matched; change=-Levy
margin verdict,revision_composition.csv,dim=10; max_fes=15000; block=matched; change=-Archive,pct verdict at 0.147,"inconclusive [-0.0326, +0.1617]","negligible [-0.0472, +0.1381]",revision_composition.csv | dim=10; max_fes=15000; block=matched; change=-Archive
margin verdict,revision_composition.csv,dim=10; max_fes=15000; block=matched; change=-Archive,bca verdict at 0.147,"inconclusive [-0.0372, +0.1576]","negligible [-0.0512, +0.1346]",revision_composition.csv | dim=10; max_fes=15000; block=matched; change=-Archive
estimate shift > 0.02,revision_composition.csv,dim=10; max_fes=15000; block=matched; change=-Archive,mean,0.0666667,0.0465741,revision_composition.csv | dim=10; max_fes=15000; block=matched; change=-Archive
margin verdict,revision_composition.csv,dim=10; max_fes=15000; block=matched; change=-pAnneal,bca verdict at 0.1,"negligible [-0.0990, +0.0557]","inconclusive [-0.1048, +0.0515]",revision_composition.csv | dim=10; max_fes=15000; block=matched; change=-pAnneal
adjusted margin verdict,revision_composition.csv,dim=10; max_fes=200000; block=competition; change=-COBL,pct_adj verdict at 0.1,"inconclusive [-0.1009, +0.0615]","negligible [-0.0994, +0.0619]",revision_composition.csv | dim=10; max_fes=200000; block=competition; change=-COBL
interval side,revision_composition.csv,dim=20; max_fes=1000000; block=competition; change=+Gate,t interval,"above [+0.0120, +0.3308]","spans [-0.0036, +0.2897]",revision_composition.csv | dim=20; max_fes=1000000; block=competition; change=+Gate
margin verdict,revision_composition.csv,dim=20; max_fes=1000000; block=competition; change=+Gate,t verdict at 0.147,"nonzero [+0.0120, +0.3308]","inconclusive [-0.0036, +0.2897]",revision_composition.csv | dim=20; max_fes=1000000; block=competition; change=+Gate
margin verdict,revision_composition.csv,dim=20; max_fes=1000000; block=competition; change=+Gate,t verdict at 0.1,"nonzero [+0.0120, +0.3308]","inconclusive [-0.0036, +0.2897]",revision_composition.csv | dim=20; max_fes=1000000; block=competition; change=+Gate
margin verdict,revision_composition.csv,dim=20; max_fes=1000000; block=competition; change=+Gate,t verdict at 0.05,"nonzero [+0.0120, +0.3308]","inconclusive [-0.0036, +0.2897]",revision_composition.csv | dim=20; max_fes=1000000; block=competition; change=+Gate
tie flag (Section 2.6),revision_composition.csv,dim=20; max_fes=1000000; block=competition; change=+Gate,t tie,"True [+0.0120, +0.3308]","False [-0.0036, +0.2897]",revision_composition.csv | dim=20; max_fes=1000000; block=competition; change=+Gate
estimate shift > 0.02,revision_composition.csv,dim=20; max_fes=1000000; block=competition; change=+Gate,mean,0.171389,0.143056,revision_composition.csv | dim=20; max_fes=1000000; block=competition; change=+Gate
decision or label,revision_composition.csv,dim=20; max_fes=1000000; block=competition; change=+Gate,verdict_all_0.05,nonzero,inconclusive,revision_composition.csv | dim=20; max_fes=1000000; block=competition; change=+Gate
decision or label,revision_composition.csv,dim=20; max_fes=1000000; block=competition; change=+Gate,verdict_all_0.1,nonzero,inconclusive,revision_composition.csv | dim=20; max_fes=1000000; block=competition; change=+Gate
decision or label,revision_composition.csv,dim=20; max_fes=1000000; block=competition; change=+Gate,verdict_all_0.147,nonzero,inconclusive,revision_composition.csv | dim=20; max_fes=1000000; block=competition; change=+Gate
interval side,revision_composition.csv,dim=20; max_fes=1000000; block=competition; change=-COBL,pct interval,"spans [-0.1626, +0.0069]","below [-0.1663, -0.0041]",revision_composition.csv | dim=20; max_fes=1000000; block=competition; change=-COBL
margin verdict,revision_composition.csv,dim=20; max_fes=1000000; block=competition; change=-COBL,pct verdict at 0.147,"inconclusive [-0.1626, +0.0069]","nonzero [-0.1663, -0.0041]",revision_composition.csv | dim=20; max_fes=1000000; block=competition; change=-COBL
margin verdict,revision_composition.csv,dim=20; max_fes=1000000; block=competition; change=-COBL,pct verdict at 0.1,"inconclusive [-0.1626, +0.0069]","nonzero [-0.1663, -0.0041]",revision_composition.csv | dim=20; max_fes=1000000; block=competition; change=-COBL
margin verdict,revision_composition.csv,dim=20; max_fes=1000000; block=competition; change=-COBL,pct verdict at 0.05,"inconclusive [-0.1626, +0.0069]","nonzero [-0.1663, -0.0041]",revision_composition.csv | dim=20; max_fes=1000000; block=competition; change=-COBL
tie flag (Section 2.6),revision_composition.csv,dim=20; max_fes=1000000; block=competition; change=-COBL,pct tie,"False [-0.1626, +0.0069]","True [-0.1663, -0.0041]",revision_composition.csv | dim=20; max_fes=1000000; block=competition; change=-COBL
interval side,revision_composition.csv,dim=20; max_fes=1000000; block=competition; change=-COBL,bca interval,"spans [-0.1725, +0.0000]","below [-0.1778, -0.0115]",revision_composition.csv | dim=20; max_fes=1000000; block=competition; change=-COBL
margin verdict,revision_composition.csv,dim=20; max_fes=1000000; block=competition; change=-COBL,bca verdict at 0.147,"inconclusive [-0.1725, +0.0000]","nonzero [-0.1778, -0.0115]",revision_composition.csv | dim=20; max_fes=1000000; block=competition; change=-COBL
margin verdict,revision_composition.csv,dim=20; max_fes=1000000; block=competition; change=-COBL,bca verdict at 0.1,"inconclusive [-0.1725, +0.0000]","nonzero [-0.1778, -0.0115]",revision_composition.csv | dim=20; max_fes=1000000; block=competition; change=-COBL
margin verdict,revision_composition.csv,dim=20; max_fes=1000000; block=competition; change=-COBL,bca verdict at 0.05,"inconclusive [-0.1725, +0.0000]","nonzero [-0.1778, -0.0115]",revision_composition.csv | dim=20; max_fes=1000000; block=competition; change=-COBL
tie flag (Section 2.6),revision_composition.csv,dim=20; max_fes=1000000; block=competition; change=-COBL,bca tie,"False [-0.1725, +0.0000]","True [-0.1778, -0.0115]",revision_composition.csv | dim=20; max_fes=1000000; block=competition; change=-COBL
margin verdict,revision_composition.csv,dim=20; max_fes=1000000; block=competition; change=-pAnneal,bca verdict at 0.1,"negligible [-0.0931, +0.0436]","inconclusive [-0.1132, +0.0135]",revision_composition.csv | dim=20; max_fes=1000000; block=competition; change=-pAnneal
adjusted margin verdict,revision_composition.csv,dim=20; max_fes=1000000; block=competition; change=-pAnneal,bca_adj verdict at 0.147,"negligible [-0.1200, +0.0564]","inconclusive [-0.1492, +0.0181]",revision_composition.csv | dim=20; max_fes=1000000; block=competition; change=-pAnneal
decision or label,revision_composition.csv,dim=20; max_fes=1000000; block=competition; change=-pAnneal,verdict_all_0.1,negligible,inconclusive,revision_composition.csv | dim=20; max_fes=1000000; block=competition; change=-pAnneal
near-zero bound flag (tie_002),revision_composition.csv,dim=20; max_fes=1000000; block=competition; change=-pAnneal,tie_002,False,True,revision_composition.csv | dim=20; max_fes=1000000; block=competition; change=-pAnneal
adjusted margin verdict,revision_composition.csv,dim=20; max_fes=1000000; block=competition; change=Stripped,t_adj verdict at 0.147,"inconclusive [-0.1366, +0.1474]","negligible [-0.1390, +0.1437]",revision_composition.csv | dim=20; max_fes=1000000; block=competition; change=Stripped
decision or label,revision_composition_decisions.csv,change=+Gate; interval=t; margin=0.05,decision,KEEP (earns its place),KEEP (by default),revision_composition_decisions.csv | change=+Gate; interval=t; margin=0.05
decision or label,revision_composition_decisions.csv,change=+Gate; interval=t; margin=0.05,earns,True,False,revision_composition_decisions.csv | change=+Gate; interval=t; margin=0.05
decision or label,revision_composition_decisions.csv,change=+Gate; interval=t; margin=0.1,decision,KEEP (earns its place),KEEP (by default),revision_composition_decisions.csv | change=+Gate; interval=t; margin=0.1
decision or label,revision_composition_decisions.csv,change=+Gate; interval=t; margin=0.1,earns,True,False,revision_composition_decisions.csv | change=+Gate; interval=t; margin=0.1
decision or label,revision_composition_decisions.csv,change=+Gate; interval=t; margin=0.147,decision,KEEP (earns its place),KEEP (by default),revision_composition_decisions.csv | change=+Gate; interval=t; margin=0.147
decision or label,revision_composition_decisions.csv,change=+Gate; interval=t; margin=0.147,earns,True,False,revision_composition_decisions.csv | change=+Gate; interval=t; margin=0.147
decision or label,revision_composition_decisions.csv,change=-COBL; interval=pct_adj; margin=0.05,decision,KEEP (by default),DROP (removal helps somewhere),revision_composition_decisions.csv | change=-COBL; interval=pct_adj; margin=0.05
decision or label,revision_composition_decisions.csv,change=-COBL; interval=pct_adj; margin=0.05,helps,False,True,revision_composition_decisions.csv | change=-COBL; interval=pct_adj; margin=0.05
decision or label,revision_composition_decisions.csv,change=-COBL; interval=pct_adj; margin=0.1,decision,KEEP (by default),DROP (removal helps somewhere),revision_composition_decisions.csv | change=-COBL; interval=pct_adj; margin=0.1
decision or label,revision_composition_decisions.csv,change=-COBL; interval=pct_adj; margin=0.1,helps,False,True,revision_composition_decisions.csv | change=-COBL; interval=pct_adj; margin=0.1
decision or label,revision_composition_decisions.csv,change=-COBL; interval=pct_adj; margin=0.147,decision,KEEP (by default),DROP (removal helps somewhere),revision_composition_decisions.csv | change=-COBL; interval=pct_adj; margin=0.147
decision or label,revision_composition_decisions.csv,change=-COBL; interval=pct_adj; margin=0.147,helps,False,True,revision_composition_decisions.csv | change=-COBL; interval=pct_adj; margin=0.147
decision or label,revision_composition_decisions.csv,change=-pAnneal; interval=bca_adj; margin=0.147,decision,DROP (negligible everywhere),KEEP (by default),revision_composition_decisions.csv | change=-pAnneal; interval=bca_adj; margin=0.147
decision or label,revision_composition_decisions.csv,change=-pAnneal; interval=bca_adj; margin=0.147,negligible_everywhere,True,False,revision_composition_decisions.csv | change=-pAnneal; interval=bca_adj; margin=0.147
adjusted margin verdict,revision_e15.csv,dim=30; max_fes=300000; budget=competition; a=GF:OriginalRule; b=GF-Method,pct_adj verdict at 0.1,"inconclusive [-0.0504, +0.1018]","negligible [-0.0577, +0.0980]",revision_e15.csv | dim=30; max_fes=300000; budget=competition; a=GF:OriginalRule; b=GF-Method
adjusted margin verdict,revision_e15.csv,dim=50; max_fes=500000; budget=competition; a=GF:OriginalRule; b=GF-Method,pct_adj verdict at 0.147,"inconclusive [-0.0716, +0.1566]","negligible [-0.0855, +0.1416]",revision_e15.csv | dim=50; max_fes=500000; budget=competition; a=GF:OriginalRule; b=GF-Method
adjusted margin verdict,revision_e15.csv,dim=50; max_fes=500000; budget=competition; a=GF:OriginalRule; b=GF-Method,bca_adj verdict at 0.147,"inconclusive [-0.0816, +0.1496]","negligible [-0.0920, +0.1355]",revision_e15.csv | dim=50; max_fes=500000; budget=competition; a=GF:OriginalRule; b=GF-Method
decision or label,revision_e15.csv,dim=50; max_fes=500000; budget=competition; a=GF:OriginalRule; b=GF-Method,verdict_pct_adj_0.147,inconclusive,negligible,revision_e15.csv | dim=50; max_fes=500000; budget=competition; a=GF:OriginalRule; b=GF-Method
decision or label,revision_e15.csv,dim=50; max_fes=500000; budget=competition; a=GF:OriginalRule; b=GF-Method,verdict_bca_adj_0.147,inconclusive,negligible,revision_e15.csv | dim=50; max_fes=500000; budget=competition; a=GF:OriginalRule; b=GF-Method
estimate shift > 0.02,revision_effect_contrast.csv,"contrast=delta(N=120 vs N=30) - delta(gate removed, Levy off (AlwaysPbest+NoLevy vs NoLevy))",population_effect,-0.595326,-0.574674,"revision_effect_contrast.csv | contrast=delta(N=120 vs N=30) - delta(gate removed, Levy off (AlwaysPbest+NoLevy vs NoLevy))"
estimate shift > 0.02,revision_effect_contrast.csv,"contrast=delta(N=120 vs N=30) - delta(gate removed, Levy gated (AlwaysPbest vs Full))",population_effect,-0.595326,-0.574674,"revision_effect_contrast.csv | contrast=delta(N=120 vs N=30) - delta(gate removed, Levy gated (AlwaysPbest vs Full))"
adjusted margin verdict,revision_gate_inference.csv,"block=300,000 FEs; quantity=Levy effect, gate off; family=Levy effect",bca_adj verdict at 0.1,"negligible [-0.0845, +0.0999]","inconclusive [-0.0838, +0.1008]","revision_gate_inference.csv | block=300,000 FEs; quantity=Levy effect, gate off; family=Levy effect"
interval side,revision_gate_inference.csv,"block=300,000 FEs - 15,000 FEs; quantity=interaction gate x budget, Levy off; family=interaction",t interval,"below [-0.1873, -0.0005]","spans [-0.1769, +0.0038]","revision_gate_inference.csv | block=300,000 FEs - 15,000 FEs; quantity=interaction gate x budget, Levy off; family=interaction"
margin verdict,revision_gate_inference.csv,"block=300,000 FEs - 15,000 FEs; quantity=interaction gate x budget, Levy off; family=interaction",t verdict at 0.147,"nonzero [-0.1873, -0.0005]","inconclusive [-0.1769, +0.0038]","revision_gate_inference.csv | block=300,000 FEs - 15,000 FEs; quantity=interaction gate x budget, Levy off; family=interaction"
margin verdict,revision_gate_inference.csv,"block=300,000 FEs - 15,000 FEs; quantity=interaction gate x budget, Levy off; family=interaction",t verdict at 0.1,"nonzero [-0.1873, -0.0005]","inconclusive [-0.1769, +0.0038]","revision_gate_inference.csv | block=300,000 FEs - 15,000 FEs; quantity=interaction gate x budget, Levy off; family=interaction"
margin verdict,revision_gate_inference.csv,"block=300,000 FEs - 15,000 FEs; quantity=interaction gate x budget, Levy off; family=interaction",t verdict at 0.05,"nonzero [-0.1873, -0.0005]","inconclusive [-0.1769, +0.0038]","revision_gate_inference.csv | block=300,000 FEs - 15,000 FEs; quantity=interaction gate x budget, Levy off; family=interaction"
tie flag (Section 2.6),revision_gate_inference.csv,"block=300,000 FEs - 15,000 FEs; quantity=interaction gate x budget, Levy off; family=interaction",t tie,"True [-0.1873, -0.0005]","False [-0.1769, +0.0038]","revision_gate_inference.csv | block=300,000 FEs - 15,000 FEs; quantity=interaction gate x budget, Levy off; family=interaction"
decision or label,revision_gate_inference.csv,"block=300,000 FEs - 15,000 FEs; quantity=interaction gate x budget, Levy off; family=interaction",verdict_all_0.05,nonzero,inconclusive,"revision_gate_inference.csv | block=300,000 FEs - 15,000 FEs; quantity=interaction gate x budget, Levy off; family=interaction"
decision or label,revision_gate_inference.csv,"block=300,000 FEs - 15,000 FEs; quantity=interaction gate x budget, Levy off; family=interaction",verdict_all_0.1,nonzero,inconclusive,"revision_gate_inference.csv | block=300,000 FEs - 15,000 FEs; quantity=interaction gate x budget, Levy off; family=interaction"
decision or label,revision_gate_inference.csv,"block=300,000 FEs - 15,000 FEs; quantity=interaction gate x budget, Levy off; family=interaction",verdict_all_0.147,nonzero,inconclusive,"revision_gate_inference.csv | block=300,000 FEs - 15,000 FEs; quantity=interaction gate x budget, Levy off; family=interaction"
estimate shift > 0.02,revision_pop_isolation.csv,suite=cec2017; dim=30; max_fes=300000; budget=competition; contrast=L-SHADE 6D vs 18D; arm_a=LSHADE-N6; arm_b=LSHADE-N18; evals_per_variable=10000.0,mean,0.464713,0.431724,revision_pop_isolation.csv | suite=cec2017; dim=30; max_fes=300000; budget=competition; contrast=L-SHADE 6D vs 18D; arm_a=LSHADE-N6; arm_b=LSHADE-N18; evals_per_variable=10000.0
estimate shift > 0.02,revision_pop_isolation.csv,suite=cec2017; dim=30; max_fes=300000; budget=competition; contrast=ours vs L-SHADE at 6D; arm_a=GF-Method; arm_b=LSHADE-N6; evals_per_variable=10000.0,mean,0.272031,0.296092,revision_pop_isolation.csv | suite=cec2017; dim=30; max_fes=300000; budget=competition; contrast=ours vs L-SHADE at 6D; arm_a=GF-Method; arm_b=LSHADE-N6; evals_per_variable=10000.0
adjusted interval side,revision_pop_isolation.csv,suite=cec2017; dim=50; max_fes=500000; budget=competition; contrast=ours 6D vs ours 18D; arm_a=GF-Method; arm_b=GF@18D; evals_per_variable=10000.0,t_adj interval,"above [+0.0057, +0.4953]","spans [-0.0127, +0.4828]",revision_pop_isolation.csv | suite=cec2017; dim=50; max_fes=500000; budget=competition; contrast=ours 6D vs ours 18D; arm_a=GF-Method; arm_b=GF@18D; evals_per_variable=10000.0
adjusted margin verdict,revision_pop_isolation.csv,suite=cec2017; dim=50; max_fes=500000; budget=competition; contrast=ours 6D vs ours 18D; arm_a=GF-Method; arm_b=GF@18D; evals_per_variable=10000.0,t_adj verdict at 0.147,"nonzero [+0.0057, +0.4953]","inconclusive [-0.0127, +0.4828]",revision_pop_isolation.csv | suite=cec2017; dim=50; max_fes=500000; budget=competition; contrast=ours 6D vs ours 18D; arm_a=GF-Method; arm_b=GF@18D; evals_per_variable=10000.0
adjusted margin verdict,revision_pop_isolation.csv,suite=cec2017; dim=50; max_fes=500000; budget=competition; contrast=ours 6D vs ours 18D; arm_a=GF-Method; arm_b=GF@18D; evals_per_variable=10000.0,t_adj verdict at 0.1,"nonzero [+0.0057, +0.4953]","inconclusive [-0.0127, +0.4828]",revision_pop_isolation.csv | suite=cec2017; dim=50; max_fes=500000; budget=competition; contrast=ours 6D vs ours 18D; arm_a=GF-Method; arm_b=GF@18D; evals_per_variable=10000.0
adjusted margin verdict,revision_pop_isolation.csv,suite=cec2017; dim=50; max_fes=500000; budget=competition; contrast=ours 6D vs ours 18D; arm_a=GF-Method; arm_b=GF@18D; evals_per_variable=10000.0,t_adj verdict at 0.05,"nonzero [+0.0057, +0.4953]","inconclusive [-0.0127, +0.4828]",revision_pop_isolation.csv | suite=cec2017; dim=50; max_fes=500000; budget=competition; contrast=ours 6D vs ours 18D; arm_a=GF-Method; arm_b=GF@18D; evals_per_variable=10000.0
estimate shift > 0.02,revision_pop_isolation.csv,suite=cec2014; dim=50; max_fes=500000; budget=competition; contrast=L-SHADE 6D vs 18D; arm_a=LSHADE-N6; arm_b=LSHADE-N18; evals_per_variable=10000.0,mean,0.20637,0.172778,revision_pop_isolation.csv | suite=cec2014; dim=50; max_fes=500000; budget=competition; contrast=L-SHADE 6D vs 18D; arm_a=LSHADE-N6; arm_b=LSHADE-N18; evals_per_variable=10000.0
near-zero bound flag (tie_002),revision_pop_isolation.csv,suite=cec2014; dim=50; max_fes=500000; budget=competition; contrast=L-SHADE 6D vs 18D; arm_a=LSHADE-N6; arm_b=LSHADE-N18; evals_per_variable=10000.0,tie_002,True,False,revision_pop_isolation.csv | suite=cec2014; dim=50; max_fes=500000; budget=competition; contrast=L-SHADE 6D vs 18D; arm_a=LSHADE-N6; arm_b=LSHADE-N18; evals_per_variable=10000.0
estimate shift > 0.02,revision_pop_isolation.csv,suite=cec2014; dim=50; max_fes=500000; budget=competition; contrast=ours 6D vs ours 18D; arm_a=GF-Method; arm_b=GF@18D; evals_per_variable=10000.0,mean,-0.0534444,-0.0738148,revision_pop_isolation.csv | suite=cec2014; dim=50; max_fes=500000; budget=competition; contrast=ours 6D vs ours 18D; arm_a=GF-Method; arm_b=GF@18D; evals_per_variable=10000.0
estimate shift > 0.02,revision_pop_isolation.csv,suite=cec2014; dim=50; max_fes=500000; budget=competition; contrast=ours vs L-SHADE default; arm_a=GF-Method; arm_b=LSHADE-N18; evals_per_variable=10000.0,mean,0.419667,0.395259,revision_pop_isolation.csv | suite=cec2014; dim=50; max_fes=500000; budget=competition; contrast=ours vs L-SHADE default; arm_a=GF-Method; arm_b=LSHADE-N18; evals_per_variable=10000.0
tie flag (Section 2.6),revision_poprule.csv,dim=10; max_fes=15000; block=matched; candidate=LPSR-12D; versus=LPSR-6D,t tie,"False [+0.0724, +0.5841]","True [+0.0069, +0.5113]",revision_poprule.csv | dim=10; max_fes=15000; block=matched; candidate=LPSR-12D; versus=LPSR-6D
estimate shift > 0.02,revision_poprule.csv,dim=10; max_fes=15000; block=matched; candidate=LPSR-12D; versus=LPSR-6D,mean,0.328241,0.259074,revision_poprule.csv | dim=10; max_fes=15000; block=matched; candidate=LPSR-12D; versus=LPSR-6D
near-zero bound flag (tie_002),revision_poprule.csv,dim=10; max_fes=15000; block=matched; candidate=LPSR-12D; versus=LPSR-6D,tie_002,False,True,revision_poprule.csv | dim=10; max_fes=15000; block=matched; candidate=LPSR-12D; versus=LPSR-6D
estimate shift > 0.02,revision_poprule.csv,dim=10; max_fes=15000; block=matched; candidate=LPSR-18D; versus=LPSR-6D,mean,0.567407,0.445463,revision_poprule.csv | dim=10; max_fes=15000; block=matched; candidate=LPSR-18D; versus=LPSR-6D
adjusted interval side,revision_poprule.csv,dim=10; max_fes=15000; block=matched; candidate=N30; versus=LPSR-6D,t_adj interval,"spans [-0.0093, +0.5069]","above [+0.0010, +0.5114]",revision_poprule.csv | dim=10; max_fes=15000; block=matched; candidate=N30; versus=LPSR-6D
adjusted margin verdict,revision_poprule.csv,dim=10; max_fes=15000; block=matched; candidate=N30; versus=LPSR-6D,t_adj verdict at 0.147,"inconclusive [-0.0093, +0.5069]","nonzero [+0.0010, +0.5114]",revision_poprule.csv | dim=10; max_fes=15000; block=matched; candidate=N30; versus=LPSR-6D
adjusted margin verdict,revision_poprule.csv,dim=10; max_fes=15000; block=matched; candidate=N30; versus=LPSR-6D,t_adj verdict at 0.1,"inconclusive [-0.0093, +0.5069]","nonzero [+0.0010, +0.5114]",revision_poprule.csv | dim=10; max_fes=15000; block=matched; candidate=N30; versus=LPSR-6D
adjusted margin verdict,revision_poprule.csv,dim=10; max_fes=15000; block=matched; candidate=N30; versus=LPSR-6D,t_adj verdict at 0.05,"inconclusive [-0.0093, +0.5069]","nonzero [+0.0010, +0.5114]",revision_poprule.csv | dim=10; max_fes=15000; block=matched; candidate=N30; versus=LPSR-6D
adjusted interval side,revision_poprule.csv,dim=10; max_fes=15000; block=matched; candidate=N4D; versus=LPSR-6D,t_adj interval,"above [+0.0079, +0.7586]","spans [-0.0131, +0.7499]",revision_poprule.csv | dim=10; max_fes=15000; block=matched; candidate=N4D; versus=LPSR-6D
adjusted margin verdict,revision_poprule.csv,dim=10; max_fes=15000; block=matched; candidate=N4D; versus=LPSR-6D,t_adj verdict at 0.147,"nonzero [+0.0079, +0.7586]","inconclusive [-0.0131, +0.7499]",revision_poprule.csv | dim=10; max_fes=15000; block=matched; candidate=N4D; versus=LPSR-6D
adjusted margin verdict,revision_poprule.csv,dim=10; max_fes=15000; block=matched; candidate=N4D; versus=LPSR-6D,t_adj verdict at 0.1,"nonzero [+0.0079, +0.7586]","inconclusive [-0.0131, +0.7499]",revision_poprule.csv | dim=10; max_fes=15000; block=matched; candidate=N4D; versus=LPSR-6D
adjusted margin verdict,revision_poprule.csv,dim=10; max_fes=15000; block=matched; candidate=N4D; versus=LPSR-6D,t_adj verdict at 0.05,"nonzero [+0.0079, +0.7586]","inconclusive [-0.0131, +0.7499]",revision_poprule.csv | dim=10; max_fes=15000; block=matched; candidate=N4D; versus=LPSR-6D
tie flag (Section 2.6),revision_poprule.csv,dim=20; max_fes=1000000; block=competition; candidate=N120b; versus=LPSR-6D,pct tie,"True [+0.0119, +0.3261]","False [+0.0237, +0.3333]",revision_poprule.csv | dim=20; max_fes=1000000; block=competition; candidate=N120b; versus=LPSR-6D
adjusted interval side,revision_poprule.csv,dim=20; max_fes=1000000; block=competition; candidate=N120b; versus=LPSR-6D,pct_adj interval,"spans [-0.0119, +0.3928]","above [+0.0006, +0.3964]",revision_poprule.csv | dim=20; max_fes=1000000; block=competition; candidate=N120b; versus=LPSR-6D
adjusted margin verdict,revision_poprule.csv,dim=20; max_fes=1000000; block=competition; candidate=N120b; versus=LPSR-6D,pct_adj verdict at 0.147,"inconclusive [-0.0119, +0.3928]","nonzero [+0.0006, +0.3964]",revision_poprule.csv | dim=20; max_fes=1000000; block=competition; candidate=N120b; versus=LPSR-6D
adjusted margin verdict,revision_poprule.csv,dim=20; max_fes=1000000; block=competition; candidate=N120b; versus=LPSR-6D,pct_adj verdict at 0.1,"inconclusive [-0.0119, +0.3928]","nonzero [+0.0006, +0.3964]",revision_poprule.csv | dim=20; max_fes=1000000; block=competition; candidate=N120b; versus=LPSR-6D
adjusted margin verdict,revision_poprule.csv,dim=20; max_fes=1000000; block=competition; candidate=N120b; versus=LPSR-6D,pct_adj verdict at 0.05,"inconclusive [-0.0119, +0.3928]","nonzero [+0.0006, +0.3964]",revision_poprule.csv | dim=20; max_fes=1000000; block=competition; candidate=N120b; versus=LPSR-6D
unadjusted test decision,revision_poprule.csv,dim=20; max_fes=1000000; block=competition; candidate=N120b; versus=LPSR-6D,p < 0.05,0.109375,0.046875,revision_poprule.csv | dim=20; max_fes=1000000; block=competition; candidate=N120b; versus=LPSR-6D
adjusted interval side,revision_poprule.csv,dim=20; max_fes=1000000; block=competition; candidate=N30; versus=LPSR-6D,t_adj interval,"above [+0.1467, +0.7528]","spans [-0.0127, +0.7364]",revision_poprule.csv | dim=20; max_fes=1000000; block=competition; candidate=N30; versus=LPSR-6D
adjusted margin verdict,revision_poprule.csv,dim=20; max_fes=1000000; block=competition; candidate=N30; versus=LPSR-6D,t_adj verdict at 0.147,"nonzero [+0.1467, +0.7528]","inconclusive [-0.0127, +0.7364]",revision_poprule.csv | dim=20; max_fes=1000000; block=competition; candidate=N30; versus=LPSR-6D
adjusted margin verdict,revision_poprule.csv,dim=20; max_fes=1000000; block=competition; candidate=N30; versus=LPSR-6D,t_adj verdict at 0.1,"nonzero [+0.1467, +0.7528]","inconclusive [-0.0127, +0.7364]",revision_poprule.csv | dim=20; max_fes=1000000; block=competition; candidate=N30; versus=LPSR-6D
adjusted margin verdict,revision_poprule.csv,dim=20; max_fes=1000000; block=competition; candidate=N30; versus=LPSR-6D,t_adj verdict at 0.05,"nonzero [+0.1467, +0.7528]","inconclusive [-0.0127, +0.7364]",revision_poprule.csv | dim=20; max_fes=1000000; block=competition; candidate=N30; versus=LPSR-6D
estimate shift > 0.02,revision_poprule.csv,dim=20; max_fes=1000000; block=competition; candidate=N30; versus=LPSR-6D,mean,0.449722,0.361852,revision_poprule.csv | dim=20; max_fes=1000000; block=competition; candidate=N30; versus=LPSR-6D
Holm decision,revision_poprule.csv,dim=20; max_fes=1000000; block=competition; candidate=N30; versus=LPSR-6D,p_holm < 0.05,0.00585938,0.0820312,revision_poprule.csv | dim=20; max_fes=1000000; block=competition; candidate=N30; versus=LPSR-6D
rank,revision_poprule_ranks.csv,dim=10; max_fes=15000; block=matched; candidate=LPSR-12D,avg_rank,2.58333,2.5,revision_poprule_ranks.csv | dim=10; max_fes=15000; block=matched; candidate=LPSR-12D
rank,revision_poprule_ranks.csv,dim=10; max_fes=15000; block=matched; candidate=LPSR-18D,avg_rank,3.5,3.33333,revision_poprule_ranks.csv | dim=10; max_fes=15000; block=matched; candidate=LPSR-18D
rank,revision_poprule_ranks.csv,dim=10; max_fes=15000; block=matched; candidate=LPSR-6D,avg_rank,1.95833,2.08333,revision_poprule_ranks.csv | dim=10; max_fes=15000; block=matched; candidate=LPSR-6D
rank,revision_poprule_ranks.csv,dim=10; max_fes=15000; block=matched; candidate=N30,avg_rank,3.79167,3.91667,revision_poprule_ranks.csv | dim=10; max_fes=15000; block=matched; candidate=N30
rank,revision_poprule_ranks.csv,dim=10; max_fes=200000; block=competition; candidate=N30,avg_rank,5.375,5.33333,revision_poprule_ranks.csv | dim=10; max_fes=200000; block=competition; candidate=N30
rank,revision_poprule_ranks.csv,dim=10; max_fes=200000; block=competition; candidate=N4D,avg_rank,4.79167,4.83333,revision_poprule_ranks.csv | dim=10; max_fes=200000; block=competition; candidate=N4D
rank,revision_poprule_ranks.csv,dim=20; max_fes=1000000; block=competition; candidate=LPSR-12D,avg_rank,3.16667,3.25,revision_poprule_ranks.csv | dim=20; max_fes=1000000; block=competition; candidate=LPSR-12D
rank,revision_poprule_ranks.csv,dim=20; max_fes=1000000; block=competition; candidate=LPSR-18D,avg_rank,2.83333,2.91667,revision_poprule_ranks.csv | dim=20; max_fes=1000000; block=competition; candidate=LPSR-18D
rank,revision_poprule_ranks.csv,dim=20; max_fes=1000000; block=competition; candidate=LPSR-6D,avg_rank,3.29167,3.33333,revision_poprule_ranks.csv | dim=20; max_fes=1000000; block=competition; candidate=LPSR-6D
rank,revision_poprule_ranks.csv,dim=20; max_fes=1000000; block=competition; candidate=N120,avg_rank,4.375,4.41667,revision_poprule_ranks.csv | dim=20; max_fes=1000000; block=competition; candidate=N120
rank,revision_poprule_ranks.csv,dim=20; max_fes=1000000; block=competition; candidate=N120b,avg_rank,4.04167,4.125,revision_poprule_ranks.csv | dim=20; max_fes=1000000; block=competition; candidate=N120b
rank,revision_poprule_ranks.csv,dim=20; max_fes=1000000; block=competition; candidate=N30,avg_rank,5.58333,5.29167,revision_poprule_ranks.csv | dim=20; max_fes=1000000; block=competition; candidate=N30
rank,revision_poprule_ranks.csv,dim=20; max_fes=1000000; block=competition; candidate=N4D,avg_rank,4.70833,4.66667,revision_poprule_ranks.csv | dim=20; max_fes=1000000; block=competition; candidate=N4D
win/tie/loss count,revision_popsize.csv,contrast=N=60 vs N=30; N=60,wins,26,25,revision_popsize.csv | contrast=N=60 vs N=30; N=60
win/tie/loss count,revision_popsize.csv,contrast=N=60 vs N=30; N=60,losses,2,3,revision_popsize.csv | contrast=N=60 vs N=30; N=60
estimate shift > 0.02,revision_popsize.csv,contrast=N=120 vs N=30; N=120,mean,-0.595326,-0.574674,revision_popsize.csv | contrast=N=120 vs N=30; N=120
win/tie/loss count,revision_popsize.csv,contrast=N=120 vs N=30; N=120,wins,26,25,revision_popsize.csv | contrast=N=120 vs N=30; N=120
win/tie/loss count,revision_popsize.csv,contrast=N=120 vs N=30; N=120,losses,2,3,revision_popsize.csv | contrast=N=120 vs N=30; N=120
estimate shift > 0.02,revision_popsize.csv,contrast=N=270 vs N=30; N=270,mean,-0.498084,-0.471418,revision_popsize.csv | contrast=N=270 vs N=30; N=270
win/tie/loss count,revision_popsize.csv,contrast=N=270 vs N=30; N=270,wins,26,24,revision_popsize.csv | contrast=N=270 vs N=30; N=270
win/tie/loss count,revision_popsize.csv,contrast=N=270 vs N=30; N=270,losses,2,4,revision_popsize.csv | contrast=N=270 vs N=30; N=270
win/tie/loss count,revision_popsize.csv,contrast=N=540 vs N=30; N=540,wins,15,14,revision_popsize.csv | contrast=N=540 vs N=30; N=540
win/tie/loss count,revision_popsize.csv,contrast=N=540 vs N=30; N=540,losses,13,14,revision_popsize.csv | contrast=N=540 vs N=30; N=540
estimate shift > 0.02,revision_precision.csv,dim=30; max_fes=300000; contrast=SEHHO-COBL-R vs SEHHO-COBL,mean,-0.617815,-0.594556,revision_precision.csv | dim=30; max_fes=300000; contrast=SEHHO-COBL-R vs SEHHO-COBL
estimate shift > 0.02,revision_precision.csv,dim=50; max_fes=500000; contrast=SEHHO-COBL-R vs SEHHO-COBL,mean,-0.620741,-0.587815,revision_precision.csv | dim=50; max_fes=500000; contrast=SEHHO-COBL-R vs SEHHO-COBL
estimate shift > 0.02,revision_suite_pairwise.csv,table=cec2017_competition; suite=cec2017; dim=30; max_fes=300000; budget=competition; opponent=jSO,mean,0.700498,0.673295,revision_suite_pairwise.csv | table=cec2017_competition; suite=cec2017; dim=30; max_fes=300000; budget=competition; opponent=jSO
win/tie/loss count,revision_suite_pairwise.csv,table=cec2017_competition; suite=cec2017; dim=30; max_fes=300000; budget=competition; opponent=jSO,losses,26,25,revision_suite_pairwise.csv | table=cec2017_competition; suite=cec2017; dim=30; max_fes=300000; budget=competition; opponent=jSO
win/tie/loss count,revision_suite_pairwise.csv,table=cec2017_competition; suite=cec2017; dim=30; max_fes=300000; budget=competition; opponent=jSO,ties,3,4,revision_suite_pairwise.csv | table=cec2017_competition; suite=cec2017; dim=30; max_fes=300000; budget=competition; opponent=jSO
win/tie/loss count,revision_suite_pairwise.csv,table=cec2017_competition; suite=cec2017; dim=30; max_fes=300000; budget=competition; opponent=SHADE,wins,13,12,revision_suite_pairwise.csv | table=cec2017_competition; suite=cec2017; dim=30; max_fes=300000; budget=competition; opponent=SHADE
win/tie/loss count,revision_suite_pairwise.csv,table=cec2017_competition; suite=cec2017; dim=30; max_fes=300000; budget=competition; opponent=SHADE,ties,3,4,revision_suite_pairwise.csv | table=cec2017_competition; suite=cec2017; dim=30; max_fes=300000; budget=competition; opponent=SHADE
estimate shift > 0.02,revision_suite_pairwise.csv,table=cec2017_competition; suite=cec2017; dim=30; max_fes=300000; budget=competition; opponent=DE,mean,-0.564674,-0.535747,revision_suite_pairwise.csv | table=cec2017_competition; suite=cec2017; dim=30; max_fes=300000; budget=competition; opponent=DE
estimate shift > 0.02,revision_suite_pairwise.csv,table=cec2017_competition; suite=cec2017; dim=30; max_fes=300000; budget=competition; opponent=SEHHO-COBL,mean,-0.764023,-0.732261,revision_suite_pairwise.csv | table=cec2017_competition; suite=cec2017; dim=30; max_fes=300000; budget=competition; opponent=SEHHO-COBL
win/tie/loss count,revision_suite_pairwise.csv,table=cec2017_competition; suite=cec2017; dim=50; max_fes=500000; budget=competition; opponent=jSO,wins,0,1,revision_suite_pairwise.csv | table=cec2017_competition; suite=cec2017; dim=50; max_fes=500000; budget=competition; opponent=jSO
win/tie/loss count,revision_suite_pairwise.csv,table=cec2017_competition; suite=cec2017; dim=50; max_fes=500000; budget=competition; opponent=jSO,losses,27,26,revision_suite_pairwise.csv | table=cec2017_competition; suite=cec2017; dim=50; max_fes=500000; budget=competition; opponent=jSO
adjusted interval side,revision_suite_pairwise.csv,table=cec2017_competition; suite=cec2017; dim=50; max_fes=500000; budget=competition; opponent=SHADE,t_adj interval,"spans [-0.4872, +0.0069]","below [-0.4915, -0.0110]",revision_suite_pairwise.csv | table=cec2017_competition; suite=cec2017; dim=50; max_fes=500000; budget=competition; opponent=SHADE
adjusted margin verdict,revision_suite_pairwise.csv,table=cec2017_competition; suite=cec2017; dim=50; max_fes=500000; budget=competition; opponent=SHADE,t_adj verdict at 0.147,"inconclusive [-0.4872, +0.0069]","nonzero [-0.4915, -0.0110]",revision_suite_pairwise.csv | table=cec2017_competition; suite=cec2017; dim=50; max_fes=500000; budget=competition; opponent=SHADE
adjusted margin verdict,revision_suite_pairwise.csv,table=cec2017_competition; suite=cec2017; dim=50; max_fes=500000; budget=competition; opponent=SHADE,t_adj verdict at 0.1,"inconclusive [-0.4872, +0.0069]","nonzero [-0.4915, -0.0110]",revision_suite_pairwise.csv | table=cec2017_competition; suite=cec2017; dim=50; max_fes=500000; budget=competition; opponent=SHADE
adjusted margin verdict,revision_suite_pairwise.csv,table=cec2017_competition; suite=cec2017; dim=50; max_fes=500000; budget=competition; opponent=SHADE,t_adj verdict at 0.05,"inconclusive [-0.4872, +0.0069]","nonzero [-0.4915, -0.0110]",revision_suite_pairwise.csv | table=cec2017_competition; suite=cec2017; dim=50; max_fes=500000; budget=competition; opponent=SHADE
win/tie/loss count,revision_suite_pairwise.csv,table=cec2017_competition; suite=cec2017; dim=50; max_fes=500000; budget=competition; opponent=SHADE,wins,17,18,revision_suite_pairwise.csv | table=cec2017_competition; suite=cec2017; dim=50; max_fes=500000; budget=competition; opponent=SHADE
win/tie/loss count,revision_suite_pairwise.csv,table=cec2017_competition; suite=cec2017; dim=50; max_fes=500000; budget=competition; opponent=SHADE,losses,10,9,revision_suite_pairwise.csv | table=cec2017_competition; suite=cec2017; dim=50; max_fes=500000; budget=competition; opponent=SHADE
tie flag (Section 2.6),revision_suite_pairwise.csv,table=cec2022_matched; suite=cec2022; dim=10; max_fes=15000; budget=tight; opponent=jSO,t tie,"False [-0.7462, -0.1290]","True [-0.6234, -0.0020]",revision_suite_pairwise.csv | table=cec2022_matched; suite=cec2022; dim=10; max_fes=15000; budget=tight; opponent=jSO
adjusted interval side,revision_suite_pairwise.csv,table=cec2022_matched; suite=cec2022; dim=10; max_fes=15000; budget=tight; opponent=jSO,pct_adj interval,"below [-0.7759, -0.0810]","spans [-0.6681, +0.0398]",revision_suite_pairwise.csv | table=cec2022_matched; suite=cec2022; dim=10; max_fes=15000; budget=tight; opponent=jSO
adjusted margin verdict,revision_suite_pairwise.csv,table=cec2022_matched; suite=cec2022; dim=10; max_fes=15000; budget=tight; opponent=jSO,pct_adj verdict at 0.147,"nonzero [-0.7759, -0.0810]","inconclusive [-0.6681, +0.0398]",revision_suite_pairwise.csv | table=cec2022_matched; suite=cec2022; dim=10; max_fes=15000; budget=tight; opponent=jSO
adjusted margin verdict,revision_suite_pairwise.csv,table=cec2022_matched; suite=cec2022; dim=10; max_fes=15000; budget=tight; opponent=jSO,pct_adj verdict at 0.1,"nonzero [-0.7759, -0.0810]","inconclusive [-0.6681, +0.0398]",revision_suite_pairwise.csv | table=cec2022_matched; suite=cec2022; dim=10; max_fes=15000; budget=tight; opponent=jSO
adjusted margin verdict,revision_suite_pairwise.csv,table=cec2022_matched; suite=cec2022; dim=10; max_fes=15000; budget=tight; opponent=jSO,pct_adj verdict at 0.05,"nonzero [-0.7759, -0.0810]","inconclusive [-0.6681, +0.0398]",revision_suite_pairwise.csv | table=cec2022_matched; suite=cec2022; dim=10; max_fes=15000; budget=tight; opponent=jSO
adjusted interval side,revision_suite_pairwise.csv,table=cec2022_matched; suite=cec2022; dim=10; max_fes=15000; budget=tight; opponent=jSO,bca_adj interval,"below [-0.7619, -0.0610]","spans [-0.6783, +0.0307]",revision_suite_pairwise.csv | table=cec2022_matched; suite=cec2022; dim=10; max_fes=15000; budget=tight; opponent=jSO
adjusted margin verdict,revision_suite_pairwise.csv,table=cec2022_matched; suite=cec2022; dim=10; max_fes=15000; budget=tight; opponent=jSO,bca_adj verdict at 0.147,"nonzero [-0.7619, -0.0610]","inconclusive [-0.6783, +0.0307]",revision_suite_pairwise.csv | table=cec2022_matched; suite=cec2022; dim=10; max_fes=15000; budget=tight; opponent=jSO
adjusted margin verdict,revision_suite_pairwise.csv,table=cec2022_matched; suite=cec2022; dim=10; max_fes=15000; budget=tight; opponent=jSO,bca_adj verdict at 0.1,"nonzero [-0.7619, -0.0610]","inconclusive [-0.6783, +0.0307]",revision_suite_pairwise.csv | table=cec2022_matched; suite=cec2022; dim=10; max_fes=15000; budget=tight; opponent=jSO
adjusted margin verdict,revision_suite_pairwise.csv,table=cec2022_matched; suite=cec2022; dim=10; max_fes=15000; budget=tight; opponent=jSO,bca_adj verdict at 0.05,"nonzero [-0.7619, -0.0610]","inconclusive [-0.6783, +0.0307]",revision_suite_pairwise.csv | table=cec2022_matched; suite=cec2022; dim=10; max_fes=15000; budget=tight; opponent=jSO
estimate shift > 0.02,revision_suite_pairwise.csv,table=cec2022_matched; suite=cec2022; dim=10; max_fes=15000; budget=tight; opponent=jSO,mean,-0.437593,-0.312685,revision_suite_pairwise.csv | table=cec2022_matched; suite=cec2022; dim=10; max_fes=15000; budget=tight; opponent=jSO
unadjusted test decision,revision_suite_pairwise.csv,table=cec2022_matched; suite=cec2022; dim=10; max_fes=15000; budget=tight; opponent=jSO,p < 0.05,0.0136719,0.0625,revision_suite_pairwise.csv | table=cec2022_matched; suite=cec2022; dim=10; max_fes=15000; budget=tight; opponent=jSO
win/tie/loss count,revision_suite_pairwise.csv,table=cec2022_matched; suite=cec2022; dim=10; max_fes=15000; budget=tight; opponent=jSO,wins,9,7,revision_suite_pairwise.csv | table=cec2022_matched; suite=cec2022; dim=10; max_fes=15000; budget=tight; opponent=jSO
win/tie/loss count,revision_suite_pairwise.csv,table=cec2022_matched; suite=cec2022; dim=10; max_fes=15000; budget=tight; opponent=jSO,losses,2,3,revision_suite_pairwise.csv | table=cec2022_matched; suite=cec2022; dim=10; max_fes=15000; budget=tight; opponent=jSO
win/tie/loss count,revision_suite_pairwise.csv,table=cec2022_matched; suite=cec2022; dim=10; max_fes=15000; budget=tight; opponent=jSO,ties,1,2,revision_suite_pairwise.csv | table=cec2022_matched; suite=cec2022; dim=10; max_fes=15000; budget=tight; opponent=jSO
Holm decision,revision_suite_pairwise.csv,table=cec2022_matched; suite=cec2022; dim=10; max_fes=15000; budget=tight; opponent=jSO,p_holm < 0.05,0.0410156,0.125,revision_suite_pairwise.csv | table=cec2022_matched; suite=cec2022; dim=10; max_fes=15000; budget=tight; opponent=jSO
near-zero bound flag (tie_002),revision_suite_pairwise.csv,table=cec2022_matched; suite=cec2022; dim=10; max_fes=15000; budget=tight; opponent=jSO,tie_002,False,True,revision_suite_pairwise.csv | table=cec2022_matched; suite=cec2022; dim=10; max_fes=15000; budget=tight; opponent=jSO
interval side,revision_suite_pairwise.csv,table=cec2022_matched; suite=cec2022; dim=10; max_fes=15000; budget=tight; opponent=LSHADE,t interval,"below [-0.6589, -0.0771]","spans [-0.5613, +0.0250]",revision_suite_pairwise.csv | table=cec2022_matched; suite=cec2022; dim=10; max_fes=15000; budget=tight; opponent=LSHADE
margin verdict,revision_suite_pairwise.csv,table=cec2022_matched; suite=cec2022; dim=10; max_fes=15000; budget=tight; opponent=LSHADE,t verdict at 0.147,"nonzero [-0.6589, -0.0771]","inconclusive [-0.5613, +0.0250]",revision_suite_pairwise.csv | table=cec2022_matched; suite=cec2022; dim=10; max_fes=15000; budget=tight; opponent=LSHADE
margin verdict,revision_suite_pairwise.csv,table=cec2022_matched; suite=cec2022; dim=10; max_fes=15000; budget=tight; opponent=LSHADE,t verdict at 0.1,"nonzero [-0.6589, -0.0771]","inconclusive [-0.5613, +0.0250]",revision_suite_pairwise.csv | table=cec2022_matched; suite=cec2022; dim=10; max_fes=15000; budget=tight; opponent=LSHADE
margin verdict,revision_suite_pairwise.csv,table=cec2022_matched; suite=cec2022; dim=10; max_fes=15000; budget=tight; opponent=LSHADE,t verdict at 0.05,"nonzero [-0.6589, -0.0771]","inconclusive [-0.5613, +0.0250]",revision_suite_pairwise.csv | table=cec2022_matched; suite=cec2022; dim=10; max_fes=15000; budget=tight; opponent=LSHADE
adjusted interval side,revision_suite_pairwise.csv,table=cec2022_matched; suite=cec2022; dim=10; max_fes=15000; budget=tight; opponent=LSHADE,pct_adj interval,"below [-0.6988, -0.0493]","spans [-0.6127, +0.0605]",revision_suite_pairwise.csv | table=cec2022_matched; suite=cec2022; dim=10; max_fes=15000; budget=tight; opponent=LSHADE
adjusted margin verdict,revision_suite_pairwise.csv,table=cec2022_matched; suite=cec2022; dim=10; max_fes=15000; budget=tight; opponent=LSHADE,pct_adj verdict at 0.147,"nonzero [-0.6988, -0.0493]","inconclusive [-0.6127, +0.0605]",revision_suite_pairwise.csv | table=cec2022_matched; suite=cec2022; dim=10; max_fes=15000; budget=tight; opponent=LSHADE
adjusted margin verdict,revision_suite_pairwise.csv,table=cec2022_matched; suite=cec2022; dim=10; max_fes=15000; budget=tight; opponent=LSHADE,pct_adj verdict at 0.1,"nonzero [-0.6988, -0.0493]","inconclusive [-0.6127, +0.0605]",revision_suite_pairwise.csv | table=cec2022_matched; suite=cec2022; dim=10; max_fes=15000; budget=tight; opponent=LSHADE
adjusted margin verdict,revision_suite_pairwise.csv,table=cec2022_matched; suite=cec2022; dim=10; max_fes=15000; budget=tight; opponent=LSHADE,pct_adj verdict at 0.05,"nonzero [-0.6988, -0.0493]","inconclusive [-0.6127, +0.0605]",revision_suite_pairwise.csv | table=cec2022_matched; suite=cec2022; dim=10; max_fes=15000; budget=tight; opponent=LSHADE
adjusted interval side,revision_suite_pairwise.csv,table=cec2022_matched; suite=cec2022; dim=10; max_fes=15000; budget=tight; opponent=LSHADE,bca_adj interval,"below [-0.7062, -0.0555]","spans [-0.6250, +0.0498]",revision_suite_pairwise.csv | table=cec2022_matched; suite=cec2022; dim=10; max_fes=15000; budget=tight; opponent=LSHADE
adjusted margin verdict,revision_suite_pairwise.csv,table=cec2022_matched; suite=cec2022; dim=10; max_fes=15000; budget=tight; opponent=LSHADE,bca_adj verdict at 0.147,"nonzero [-0.7062, -0.0555]","inconclusive [-0.6250, +0.0498]",revision_suite_pairwise.csv | table=cec2022_matched; suite=cec2022; dim=10; max_fes=15000; budget=tight; opponent=LSHADE
adjusted margin verdict,revision_suite_pairwise.csv,table=cec2022_matched; suite=cec2022; dim=10; max_fes=15000; budget=tight; opponent=LSHADE,bca_adj verdict at 0.1,"nonzero [-0.7062, -0.0555]","inconclusive [-0.6250, +0.0498]",revision_suite_pairwise.csv | table=cec2022_matched; suite=cec2022; dim=10; max_fes=15000; budget=tight; opponent=LSHADE
adjusted margin verdict,revision_suite_pairwise.csv,table=cec2022_matched; suite=cec2022; dim=10; max_fes=15000; budget=tight; opponent=LSHADE,bca_adj verdict at 0.05,"nonzero [-0.7062, -0.0555]","inconclusive [-0.6250, +0.0498]",revision_suite_pairwise.csv | table=cec2022_matched; suite=cec2022; dim=10; max_fes=15000; budget=tight; opponent=LSHADE
estimate shift > 0.02,revision_suite_pairwise.csv,table=cec2022_matched; suite=cec2022; dim=10; max_fes=15000; budget=tight; opponent=LSHADE,mean,-0.367963,-0.268148,revision_suite_pairwise.csv | table=cec2022_matched; suite=cec2022; dim=10; max_fes=15000; budget=tight; opponent=LSHADE
unadjusted test decision,revision_suite_pairwise.csv,table=cec2022_matched; suite=cec2022; dim=10; max_fes=15000; budget=tight; opponent=LSHADE,p < 0.05,0.0263672,0.0996094,revision_suite_pairwise.csv | table=cec2022_matched; suite=cec2022; dim=10; max_fes=15000; budget=tight; opponent=LSHADE
win/tie/loss count,revision_suite_pairwise.csv,table=cec2022_matched; suite=cec2022; dim=10; max_fes=15000; budget=tight; opponent=LSHADE,wins,10,8,revision_suite_pairwise.csv | table=cec2022_matched; suite=cec2022; dim=10; max_fes=15000; budget=tight; opponent=LSHADE
win/tie/loss count,revision_suite_pairwise.csv,table=cec2022_matched; suite=cec2022; dim=10; max_fes=15000; budget=tight; opponent=LSHADE,losses,2,3,revision_suite_pairwise.csv | table=cec2022_matched; suite=cec2022; dim=10; max_fes=15000; budget=tight; opponent=LSHADE
win/tie/loss count,revision_suite_pairwise.csv,table=cec2022_matched; suite=cec2022; dim=10; max_fes=15000; budget=tight; opponent=LSHADE,ties,0,1,revision_suite_pairwise.csv | table=cec2022_matched; suite=cec2022; dim=10; max_fes=15000; budget=tight; opponent=LSHADE
Holm decision,revision_suite_pairwise.csv,table=cec2022_matched; suite=cec2022; dim=10; max_fes=15000; budget=tight; opponent=LSHADE,p_holm < 0.05,0.0410156,0.125,revision_suite_pairwise.csv | table=cec2022_matched; suite=cec2022; dim=10; max_fes=15000; budget=tight; opponent=LSHADE
decision or label,revision_suite_pairwise.csv,table=cec2022_matched; suite=cec2022; dim=10; max_fes=15000; budget=tight; opponent=LSHADE,verdict_all_0.05,nonzero,inconclusive,revision_suite_pairwise.csv | table=cec2022_matched; suite=cec2022; dim=10; max_fes=15000; budget=tight; opponent=LSHADE
decision or label,revision_suite_pairwise.csv,table=cec2022_matched; suite=cec2022; dim=10; max_fes=15000; budget=tight; opponent=LSHADE,verdict_all_0.1,nonzero,inconclusive,revision_suite_pairwise.csv | table=cec2022_matched; suite=cec2022; dim=10; max_fes=15000; budget=tight; opponent=LSHADE
decision or label,revision_suite_pairwise.csv,table=cec2022_matched; suite=cec2022; dim=10; max_fes=15000; budget=tight; opponent=LSHADE,verdict_all_0.147,nonzero,inconclusive,revision_suite_pairwise.csv | table=cec2022_matched; suite=cec2022; dim=10; max_fes=15000; budget=tight; opponent=LSHADE
win/tie/loss count,revision_suite_pairwise.csv,table=cec2022_competition; suite=cec2022; dim=20; max_fes=1000000; budget=competition; opponent=jSO,losses,8,7,revision_suite_pairwise.csv | table=cec2022_competition; suite=cec2022; dim=20; max_fes=1000000; budget=competition; opponent=jSO
win/tie/loss count,revision_suite_pairwise.csv,table=cec2022_competition; suite=cec2022; dim=20; max_fes=1000000; budget=competition; opponent=jSO,ties,3,4,revision_suite_pairwise.csv | table=cec2022_competition; suite=cec2022; dim=20; max_fes=1000000; budget=competition; opponent=jSO
Holm decision,revision_suite_pairwise.csv,table=cec2022_competition; suite=cec2022; dim=20; max_fes=1000000; budget=competition; opponent=jSO,p_holm < 0.05,0.03125,0.0546875,revision_suite_pairwise.csv | table=cec2022_competition; suite=cec2022; dim=20; max_fes=1000000; budget=competition; opponent=jSO
adjusted interval side,revision_suite_pairwise.csv,table=cec2022_competition; suite=cec2022; dim=20; max_fes=1000000; budget=competition; opponent=LSHADE,t_adj interval,"spans [-0.0371, +0.7830]","above [+0.0201, +0.7790]",revision_suite_pairwise.csv | table=cec2022_competition; suite=cec2022; dim=20; max_fes=1000000; budget=competition; opponent=LSHADE
adjusted margin verdict,revision_suite_pairwise.csv,table=cec2022_competition; suite=cec2022; dim=20; max_fes=1000000; budget=competition; opponent=LSHADE,t_adj verdict at 0.147,"inconclusive [-0.0371, +0.7830]","nonzero [+0.0201, +0.7790]",revision_suite_pairwise.csv | table=cec2022_competition; suite=cec2022; dim=20; max_fes=1000000; budget=competition; opponent=LSHADE
adjusted margin verdict,revision_suite_pairwise.csv,table=cec2022_competition; suite=cec2022; dim=20; max_fes=1000000; budget=competition; opponent=LSHADE,t_adj verdict at 0.1,"inconclusive [-0.0371, +0.7830]","nonzero [+0.0201, +0.7790]",revision_suite_pairwise.csv | table=cec2022_competition; suite=cec2022; dim=20; max_fes=1000000; budget=competition; opponent=LSHADE
adjusted margin verdict,revision_suite_pairwise.csv,table=cec2022_competition; suite=cec2022; dim=20; max_fes=1000000; budget=competition; opponent=LSHADE,t_adj verdict at 0.05,"inconclusive [-0.0371, +0.7830]","nonzero [+0.0201, +0.7790]",revision_suite_pairwise.csv | table=cec2022_competition; suite=cec2022; dim=20; max_fes=1000000; budget=competition; opponent=LSHADE
estimate shift > 0.02,revision_suite_pairwise.csv,table=cec2022_competition; suite=cec2022; dim=20; max_fes=1000000; budget=competition; opponent=LSHADE,mean,0.372963,0.399537,revision_suite_pairwise.csv | table=cec2022_competition; suite=cec2022; dim=20; max_fes=1000000; budget=competition; opponent=LSHADE
win/tie/loss count,revision_suite_pairwise.csv,table=cec2022_competition; suite=cec2022; dim=20; max_fes=1000000; budget=competition; opponent=LSHADE,wins,2,0,revision_suite_pairwise.csv | table=cec2022_competition; suite=cec2022; dim=20; max_fes=1000000; budget=competition; opponent=LSHADE
win/tie/loss count,revision_suite_pairwise.csv,table=cec2022_competition; suite=cec2022; dim=20; max_fes=1000000; budget=competition; opponent=LSHADE,losses,7,8,revision_suite_pairwise.csv | table=cec2022_competition; suite=cec2022; dim=20; max_fes=1000000; budget=competition; opponent=LSHADE
win/tie/loss count,revision_suite_pairwise.csv,table=cec2022_competition; suite=cec2022; dim=20; max_fes=1000000; budget=competition; opponent=LSHADE,ties,3,4,revision_suite_pairwise.csv | table=cec2022_competition; suite=cec2022; dim=20; max_fes=1000000; budget=competition; opponent=LSHADE
Holm decision,revision_suite_pairwise.csv,table=cec2022_competition; suite=cec2022; dim=20; max_fes=1000000; budget=competition; opponent=LSHADE,p_holm < 0.05,0.0820312,0.0390625,revision_suite_pairwise.csv | table=cec2022_competition; suite=cec2022; dim=20; max_fes=1000000; budget=competition; opponent=LSHADE
win/tie/loss count,revision_suite_pairwise.csv,table=cec2022_competition; suite=cec2022; dim=20; max_fes=1000000; budget=competition; opponent=SHADE,wins,4,3,revision_suite_pairwise.csv | table=cec2022_competition; suite=cec2022; dim=20; max_fes=1000000; budget=competition; opponent=SHADE
win/tie/loss count,revision_suite_pairwise.csv,table=cec2022_competition; suite=cec2022; dim=20; max_fes=1000000; budget=competition; opponent=SHADE,ties,3,4,revision_suite_pairwise.csv | table=cec2022_competition; suite=cec2022; dim=20; max_fes=1000000; budget=competition; opponent=SHADE
win/tie/loss count,revision_suite_pairwise.csv,table=cec2022_competition; suite=cec2022; dim=20; max_fes=1000000; budget=competition; opponent=DE,wins,4,3,revision_suite_pairwise.csv | table=cec2022_competition; suite=cec2022; dim=20; max_fes=1000000; budget=competition; opponent=DE
win/tie/loss count,revision_suite_pairwise.csv,table=cec2022_competition; suite=cec2022; dim=20; max_fes=1000000; budget=competition; opponent=DE,ties,3,4,revision_suite_pairwise.csv | table=cec2022_competition; suite=cec2022; dim=20; max_fes=1000000; budget=competition; opponent=DE
adjusted interval side,revision_suite_pairwise.csv,table=cec2022_competition; suite=cec2022; dim=20; max_fes=1000000; budget=competition; opponent=SEHHO-COBL,t_adj interval,"below [-0.8098, -0.1661]","spans [-0.7381, +0.0179]",revision_suite_pairwise.csv | table=cec2022_competition; suite=cec2022; dim=20; max_fes=1000000; budget=competition; opponent=SEHHO-COBL
adjusted margin verdict,revision_suite_pairwise.csv,table=cec2022_competition; suite=cec2022; dim=20; max_fes=1000000; budget=competition; opponent=SEHHO-COBL,t_adj verdict at 0.147,"nonzero [-0.8098, -0.1661]","inconclusive [-0.7381, +0.0179]",revision_suite_pairwise.csv | table=cec2022_competition; suite=cec2022; dim=20; max_fes=1000000; budget=competition; opponent=SEHHO-COBL
adjusted margin verdict,revision_suite_pairwise.csv,table=cec2022_competition; suite=cec2022; dim=20; max_fes=1000000; budget=competition; opponent=SEHHO-COBL,t_adj verdict at 0.1,"nonzero [-0.8098, -0.1661]","inconclusive [-0.7381, +0.0179]",revision_suite_pairwise.csv | table=cec2022_competition; suite=cec2022; dim=20; max_fes=1000000; budget=competition; opponent=SEHHO-COBL
adjusted margin verdict,revision_suite_pairwise.csv,table=cec2022_competition; suite=cec2022; dim=20; max_fes=1000000; budget=competition; opponent=SEHHO-COBL,t_adj verdict at 0.05,"nonzero [-0.8098, -0.1661]","inconclusive [-0.7381, +0.0179]",revision_suite_pairwise.csv | table=cec2022_competition; suite=cec2022; dim=20; max_fes=1000000; budget=competition; opponent=SEHHO-COBL
estimate shift > 0.02,revision_suite_pairwise.csv,table=cec2022_competition; suite=cec2022; dim=20; max_fes=1000000; budget=competition; opponent=SEHHO-COBL,mean,-0.487963,-0.360093,revision_suite_pairwise.csv | table=cec2022_competition; suite=cec2022; dim=20; max_fes=1000000; budget=competition; opponent=SEHHO-COBL
win/tie/loss count,revision_suite_pairwise.csv,table=cec2022_competition; suite=cec2022; dim=20; max_fes=1000000; budget=competition; opponent=SEHHO-COBL,wins,10,8,revision_suite_pairwise.csv | table=cec2022_competition; suite=cec2022; dim=20; max_fes=1000000; budget=competition; opponent=SEHHO-COBL
win/tie/loss count,revision_suite_pairwise.csv,table=cec2022_competition; suite=cec2022; dim=20; max_fes=1000000; budget=competition; opponent=SEHHO-COBL,losses,1,2,revision_suite_pairwise.csv | table=cec2022_competition; suite=cec2022; dim=20; max_fes=1000000; budget=competition; opponent=SEHHO-COBL
win/tie/loss count,revision_suite_pairwise.csv,table=cec2022_competition; suite=cec2022; dim=20; max_fes=1000000; budget=competition; opponent=SEHHO-COBL,ties,1,2,revision_suite_pairwise.csv | table=cec2022_competition; suite=cec2022; dim=20; max_fes=1000000; budget=competition; opponent=SEHHO-COBL
Holm decision,revision_suite_pairwise.csv,table=cec2022_competition; suite=cec2022; dim=20; max_fes=1000000; budget=competition; opponent=SEHHO-COBL,p_holm < 0.05,0.00976562,0.0546875,revision_suite_pairwise.csv | table=cec2022_competition; suite=cec2022; dim=20; max_fes=1000000; budget=competition; opponent=SEHHO-COBL
