tag,suite,func,dim,algo,run,seed,max_fes,fes_used,best_f,error,raw_error,seconds,problem,objective,total_violation,max_violation,feasible
P3_heat_exchanger_RC01,engineering,0,0,jSO,0,59979631815357118,15000,15000,100000.02785845903,100000.02785845903,100000.02785845903,0.3687689380021766,P3_heat_exchanger_RC01,468.1214074801692,0.027858459024119042,0.017770557786750397,False
P3_heat_exchanger_RC01,engineering,0,0,jSO,1,8329546062388403226,15000,15000,100000.0090605107,100000.0090605107,100000.0090605107,0.3310619739932008,P3_heat_exchanger_RC01,517.0663460231714,0.009060510701500869,0.00849435345938664,False
P3_heat_exchanger_RC01,engineering,0,0,jSO,2,6005382722558822268,15000,15000,100000.01519376985,100000.01519376985,100000.01519376985,0.29471276700496674,P3_heat_exchanger_RC01,389.4736018847031,0.0151937698527031,0.014952585031753552,False
P3_heat_exchanger_RC01,engineering,0,0,jSO,3,8107656593933196533,15000,15000,100000.00380179578,100000.00380179578,100000.00380179578,0.42605984400142916,P3_heat_exchanger_RC01,360.77458366867427,0.003801795789599438,0.001593741320934805,False
P3_heat_exchanger_RC01,engineering,0,0,jSO,4,449301378841585055,15000,15000,100000.05655978437,100000.05655978437,100000.05655978437,0.3779234780231491,P3_heat_exchanger_RC01,366.0736022710856,0.056559784368916656,0.024858466179668904,False
P3_heat_exchanger_RC01,engineering,0,0,jSO,5,7199893990616869250,15000,15000,100000.02156641116,100000.02156641116,100000.02156641116,0.2831089129904285,P3_heat_exchanger_RC01,540.0438968094797,0.021566411156451228,0.018939503999522368,False
P3_heat_exchanger_RC01,engineering,0,0,jSO,6,41656651329851326,15000,15000,100000.00666109081,100000.00666109081,100000.00666109081,0.30927208499633707,P3_heat_exchanger_RC01,431.13792119041125,0.00666109081041717,0.0059687187024086595,False
P3_heat_exchanger_RC01,engineering,0,0,jSO,7,4291436308390053606,15000,15000,100000.02074839412,100000.02074839412,100000.02074839412,0.3365509099967312,P3_heat_exchanger_RC01,387.2268091056942,0.020748394112195024,0.010541323795596236,False
P3_heat_exchanger_RC01,engineering,0,0,jSO,8,5650465288730138044,15000,15000,100000.02852866707,100000.02852866707,100000.02852866707,0.35723079700255767,P3_heat_exchanger_RC01,515.7357683560281,0.028528667066260054,0.014667993263490098,False
P3_heat_exchanger_RC01,engineering,0,0,jSO,9,1095569030306626810,15000,15000,100000.00194276027,100000.00194276027,100000.00194276027,0.36570621401187964,P3_heat_exchanger_RC01,337.95137065930135,0.0019427602628083076,0.0005410512141883373,False
P3_heat_exchanger_RC01,engineering,0,0,jSO,10,5772156155474686787,15000,15000,100000.00195090826,100000.00195090826,100000.00195090826,0.2694821250042878,P3_heat_exchanger_RC01,397.459460585849,0.0019509082638497603,0.0008878904269751132,False
P3_heat_exchanger_RC01,engineering,0,0,jSO,11,4021576256458428156,15000,15000,100000.1309663016,100000.1309663016,100000.1309663016,0.24536290601827204,P3_heat_exchanger_RC01,549.2250728604882,0.13096630159796735,0.12800933314072016,False
P3_heat_exchanger_RC01,engineering,0,0,jSO,12,1763972938578680552,15000,15000,100000.01678174637,100000.01678174637,100000.01678174637,0.23601081501692533,P3_heat_exchanger_RC01,560.314335765139,0.016781746360067164,0.005731952206790447,False
P3_heat_exchanger_RC01,engineering,0,0,jSO,13,2342167391020099910,15000,15000,100000.6102177722,100000.6102177722,100000.6102177722,0.24076036299811676,P3_heat_exchanger_RC01,423.99983934294164,0.6102177722013471,0.26461039280295373,False
P3_heat_exchanger_RC01,engineering,0,0,jSO,14,5747776992224439949,15000,15000,100000.02233966831,100000.02233966831,100000.02233966831,0.2801547120034229,P3_heat_exchanger_RC01,459.27616963870264,0.02233966831083717,0.015117340430410787,False
P3_heat_exchanger_RC01,engineering,0,0,jSO,15,7447569512199466903,15000,15000,100001.00221440945,100001.00221440945,100001.00221440945,0.2871020929887891,P3_heat_exchanger_RC01,383.1557342498768,1.002214409450277,0.38112482830658556,False
P3_heat_exchanger_RC01,engineering,0,0,jSO,16,254636415986254190,15000,15000,100000.02426378102,100000.02426378102,100000.02426378102,0.28472669699112885,P3_heat_exchanger_RC01,570.1118437213127,0.02426378102070953,0.01838706101350217,False
P3_heat_exchanger_RC01,engineering,0,0,jSO,17,7636970849067938586,15000,15000,100000.30853246989,100000.30853246989,100000.30853246989,0.27529071900062263,P3_heat_exchanger_RC01,349.86787606163483,0.30853246988810146,0.12214246214815082,False
P3_heat_exchanger_RC01,engineering,0,0,jSO,18,8926322094638951420,15000,15000,100000.02234593897,100000.02234593897,100000.02234593897,0.2809583990019746,P3_heat_exchanger_RC01,550.9977160772055,0.022345938973617308,0.019652760864435005,False
P3_heat_exchanger_RC01,engineering,0,0,jSO,19,8667537694258914028,15000,15000,100000.00038437881,100000.00038437881,100000.00038437881,0.27911877899896353,P3_heat_exchanger_RC01,295.9926183095067,0.0003843788104540007,0.00014875672534108163,False
P3_heat_exchanger_RC01,engineering,0,0,jSO,20,8506335685857429559,15000,15000,100000.8245226238,100000.8245226238,100000.8245226238,0.276787687005708,P3_heat_exchanger_RC01,603.6894769497148,0.8245226238062549,0.7537755091372877,False
P3_heat_exchanger_RC01,engineering,0,0,jSO,21,6951646588384568011,15000,15000,100000.02110254482,100000.02110254482,100000.02110254482,0.29249071900267154,P3_heat_exchanger_RC01,595.0521381699738,0.021102544820211733,0.011544998099654914,False
P3_heat_exchanger_RC01,engineering,0,0,jSO,22,8512164186032600582,15000,15000,100000.00117336874,100000.00117336874,100000.00117336874,0.28667897899867967,P3_heat_exchanger_RC01,432.0576947271164,0.0011733687477978876,0.0006076796595697487,False
P3_heat_exchanger_RC01,engineering,0,0,jSO,23,4914973988142371079,15000,15000,100000.08500458629,100000.08500458629,100000.08500458629,0.28704172000288963,P3_heat_exchanger_RC01,541.8799692541306,0.08500458629287713,0.04910202051289379,False
P3_heat_exchanger_RC01,engineering,0,0,jSO,24,494207932544292953,15000,15000,100000.01446342263,100000.01446342263,100000.01446342263,0.27985806501237676,P3_heat_exchanger_RC01,435.2128109683887,0.014463422630948743,0.011466721750796206,False
P3_heat_exchanger_RC01,engineering,0,0,jSO,25,2204470820754821430,15000,15000,100000.06034635779,100000.06034635779,100000.06034635779,0.2895996769948397,P3_heat_exchanger_RC01,389.10944805627673,0.06034635778555689,0.03659651428913667,False
P3_heat_exchanger_RC01,engineering,0,0,jSO,26,4993652944289256363,15000,15000,100000.12951488621,100000.12951488621,100000.12951488621,0.2818408949824516,P3_heat_exchanger_RC01,479.80761251312174,0.1295148862106236,0.07622660034219896,False
P3_heat_exchanger_RC01,engineering,0,0,jSO,27,3198643517549186520,15000,15000,100000.07169908224,100000.07169908224,100000.07169908224,0.2902492450084537,P3_heat_exchanger_RC01,327.675245149476,0.07169908223672289,0.06201823213772671,False
P3_heat_exchanger_RC01,engineering,0,0,jSO,28,7773673259999274930,15000,15000,100000.13082098716,100000.13082098716,100000.13082098716,0.3082177070027683,P3_heat_exchanger_RC01,326.6444105428313,0.13082098715725202,0.09006733686439693,False
P3_heat_exchanger_RC01,engineering,0,0,jSO,29,4668772452056167918,15000,15000,100000.00762282402,100000.00762282402,100000.00762282402,0.2810561520163901,P3_heat_exchanger_RC01,485.07539173081176,0.007622824025950114,0.0042643693318813345,False
P3_heat_exchanger_RC01,engineering,0,0,LSHADE,0,758344033173330914,15000,15000,100172.85495207827,100172.85495207827,100172.85495207827,0.30580192600609735,P3_heat_exchanger_RC01,528.7825091591427,172.85495207827435,92.5486608667463,False
P3_heat_exchanger_RC01,engineering,0,0,LSHADE,1,2024377592913379063,15000,15000,100115.73511629268,100115.73511629268,100115.73511629268,0.3309797800029628,P3_heat_exchanger_RC01,699.3310481774442,115.73511629267466,60.41420950389893,False
P3_heat_exchanger_RC01,engineering,0,0,LSHADE,2,2028334754815062677,15000,15000,100114.61457238809,100114.61457238809,100114.61457238809,0.4565073910052888,P3_heat_exchanger_RC01,444.9942126356715,114.61457238808427,40.1204977420219,False
P3_heat_exchanger_RC01,engineering,0,0,LSHADE,3,344431716387722272,15000,15000,100243.44875317083,100243.44875317083,100243.44875317083,0.28195935700205155,P3_heat_exchanger_RC01,788.982740496114,243.44875317082364,177.18358349038064,False
P3_heat_exchanger_RC01,engineering,0,0,LSHADE,4,2199130576770225432,15000,15000,100000.12512111648,100000.12512111648,100000.12512111648,0.27315716800512746,P3_heat_exchanger_RC01,657.5195614733616,0.12512111647129742,0.05443045984897682,False
P3_heat_exchanger_RC01,engineering,0,0,LSHADE,5,5249094720517590321,15000,15000,100000.02344948077,100000.02344948077,100000.02344948077,0.2786636849923525,P3_heat_exchanger_RC01,203.31451346622427,0.02344948076272385,0.01718493129536446,False
P3_heat_exchanger_RC01,engineering,0,0,LSHADE,6,4950199521657049471,15000,15000,100000.31511340494,100000.31511340494,100000.31511340494,0.280331212998135,P3_heat_exchanger_RC01,339.4931100818941,0.3151134049469794,0.2935100480146706,False
P3_heat_exchanger_RC01,engineering,0,0,LSHADE,7,2967878596244234765,15000,15000,100000.02246741598,100000.02246741598,100000.02246741598,0.28301891399314627,P3_heat_exchanger_RC01,312.45496480003743,0.022467415982818796,0.004959998482465744,False
P3_heat_exchanger_RC01,engineering,0,0,LSHADE,8,2377809096495033233,15000,15000,100000.86566109686,100000.86566109686,100000.86566109686,0.2809279220236931,P3_heat_exchanger_RC01,410.63927224337687,0.8656610968567535,0.5801970320950098,False
P3_heat_exchanger_RC01,engineering,0,0,LSHADE,9,5889263795023838026,15000,15000,100335.57377900644,100335.57377900644,100335.57377900644,0.2931342470110394,P3_heat_exchanger_RC01,252.49428491868895,335.57377900644167,193.57211813267097,False
P3_heat_exchanger_RC01,engineering,0,0,LSHADE,10,7881690903017551603,15000,15000,100003.12816845751,100003.12816845751,100003.12816845751,0.2749501400103327,P3_heat_exchanger_RC01,367.98956617708143,3.128168457504694,1.025965594283864,False
P3_heat_exchanger_RC01,engineering,0,0,LSHADE,11,4742743224345994034,15000,15000,100047.98419537404,100047.98419537404,100047.98419537404,0.2629445019993,P3_heat_exchanger_RC01,389.3137418212454,47.984195374032765,25.7625435814891,False
P3_heat_exchanger_RC01,engineering,0,0,LSHADE,12,5275641470900244364,15000,15000,100003.13365888063,100003.13365888063,100003.13365888063,0.26950144101283513,P3_heat_exchanger_RC01,511.92332343847335,3.133658880635503,1.706574188865506,False
P3_heat_exchanger_RC01,engineering,0,0,LSHADE,13,8677625969555544041,15000,15000,100000.52937020066,100000.52937020066,100000.52937020066,0.26892552099889144,P3_heat_exchanger_RC01,264.4037314602476,0.5293702006635608,0.24941139458698358,False
P3_heat_exchanger_RC01,engineering,0,0,LSHADE,14,2984987569613658235,15000,15000,100000.01002121226,100000.01002121226,100000.01002121226,0.38071134701021947,P3_heat_exchanger_RC01,626.4162426329995,0.010021212257312607,0.006106217281089721,False
P3_heat_exchanger_RC01,engineering,0,0,LSHADE,15,1339047902821520867,15000,15000,100245.17947353522,100245.17947353522,100245.17947353522,0.3326356659817975,P3_heat_exchanger_RC01,469.4688896331381,245.17947353521305,224.04478566308282,False
P3_heat_exchanger_RC01,engineering,0,0,LSHADE,16,1545068445983114176,15000,15000,100000.64273435161,100000.64273435161,100000.64273435161,0.27475784899434075,P3_heat_exchanger_RC01,681.6758680295981,0.6427343516159657,0.19947339184670188,False
P3_heat_exchanger_RC01,engineering,0,0,LSHADE,17,4200237489277082384,15000,15000,100000.01075418385,100000.01075418385,100000.01075418385,0.2770755770034157,P3_heat_exchanger_RC01,253.64828818397675,0.010754183852514632,0.003914201229438185,False
P3_heat_exchanger_RC01,engineering,0,0,LSHADE,18,3193595504611545249,15000,15000,100000.41084341088,100000.41084341088,100000.41084341088,0.2731385820079595,P3_heat_exchanger_RC01,264.2689335859498,0.4108434108830556,0.23344749001170206,False
P3_heat_exchanger_RC01,engineering,0,0,LSHADE,19,7405180775555706377,15000,15000,101277.60569330849,101277.60569330849,101277.60569330849,0.3781263389973901,P3_heat_exchanger_RC01,621.4357681377951,1277.6056933084944,719.4002880443052,False
P3_heat_exchanger_RC01,engineering,0,0,LSHADE,20,2778780891593208149,15000,15000,100022.3820382105,100022.3820382105,100022.3820382105,0.29230466100852937,P3_heat_exchanger_RC01,274.7879823631491,22.382038210499232,9.782430227908865,False
P3_heat_exchanger_RC01,engineering,0,0,LSHADE,21,149183582212585886,15000,15000,100000.09198595457,100000.09198595457,100000.09198595457,0.30568885401589796,P3_heat_exchanger_RC01,365.67232498394196,0.0919859545635776,0.07933248278952033,False
P3_heat_exchanger_RC01,engineering,0,0,LSHADE,22,2767889060073466466,15000,15000,100000.23586157976,100000.23586157976,100000.23586157976,0.2833520089916419,P3_heat_exchanger_RC01,841.3508620228686,0.23586157975679192,0.12336110888756811,False
P3_heat_exchanger_RC01,engineering,0,0,LSHADE,23,4106764447085766202,15000,15000,100017.97751496897,100017.97751496897,100017.97751496897,0.2821666749950964,P3_heat_exchanger_RC01,248.9500344294495,17.977514968966815,8.752519321458042,False
P3_heat_exchanger_RC01,engineering,0,0,LSHADE,24,4025760829408873942,15000,15000,100017.22237502589,100017.22237502589,100017.22237502589,0.27974011399783194,P3_heat_exchanger_RC01,356.44813598717906,17.22237502588531,16.367346801887408,False
P3_heat_exchanger_RC01,engineering,0,0,LSHADE,25,4112106078096902345,15000,15000,100014.13447773315,100014.13447773315,100014.13447773315,0.3431174449797254,P3_heat_exchanger_RC01,618.5418907633707,14.134477733159361,8.841697402528247,False
P3_heat_exchanger_RC01,engineering,0,0,LSHADE,26,1281302931155043022,15000,15000,100000.04014305114,100000.04014305114,100000.04014305114,0.41133274100138806,P3_heat_exchanger_RC01,383.97708103508813,0.040143051137770204,0.01949195152664961,False
P3_heat_exchanger_RC01,engineering,0,0,LSHADE,27,7173553469296069587,15000,15000,100001.69338643862,100001.69338643862,100001.69338643862,0.2690929140080698,P3_heat_exchanger_RC01,629.8347965789533,1.6933864386186779,1.3270122404980753,False
P3_heat_exchanger_RC01,engineering,0,0,LSHADE,28,3721630445944556306,15000,15000,100034.60336367766,100034.60336367766,100034.60336367766,0.272227774024941,P3_heat_exchanger_RC01,686.8324056641437,34.60336367765951,16.078071664150432,False
P3_heat_exchanger_RC01,engineering,0,0,LSHADE,29,2960850505049536675,15000,15000,100000.51201080422,100000.51201080422,100000.51201080422,0.2808849719876889,P3_heat_exchanger_RC01,266.7021472273328,0.5120108042139526,0.24977490972760896,False
P3_heat_exchanger_RC01,engineering,0,0,LSHADE,0,758344033173330914,50000,50000,100074.01498156661,100074.01498156661,100074.01498156661,1.0996863869950175,P3_heat_exchanger_RC01,667.98619423481,74.01498156661047,55.313266601645644,False
P3_heat_exchanger_RC01,engineering,0,0,LSHADE,1,2024377592913379063,50000,50000,100003.86316473954,100003.86316473954,100003.86316473954,0.9736778829828836,P3_heat_exchanger_RC01,218.95187202170078,3.86316473954289,2.492477367229387,False
P3_heat_exchanger_RC01,engineering,0,0,LSHADE,2,2028334754815062677,50000,50000,100000.00537111644,100000.00537111644,100000.00537111644,0.9630077700130641,P3_heat_exchanger_RC01,248.67544574267916,0.005371116432431699,0.005371116432431699,False
P3_heat_exchanger_RC01,engineering,0,0,LSHADE,3,344431716387722272,50000,50000,100000.00506661163,100000.00506661163,100000.00506661163,0.9431597230141051,P3_heat_exchanger_RC01,732.1792858879817,0.005066611633285356,0.005066611633285356,False
P3_heat_exchanger_RC01,engineering,0,0,LSHADE,4,2199130576770225432,50000,50000,100000.00027885624,100000.00027885624,100000.00027885624,0.9519087030203082,P3_heat_exchanger_RC01,738.8384226166803,0.00027885624522004947,0.00027885624522004947,False
P3_heat_exchanger_RC01,engineering,0,0,LSHADE,5,5249094720517590321,50000,50000,100000.0081825881,100000.0081825881,100000.0081825881,0.9542320900072809,P3_heat_exchanger_RC01,369.9949112372879,0.00818258810429361,0.00818258810429361,False
P3_heat_exchanger_RC01,engineering,0,0,LSHADE,6,4950199521657049471,50000,50000,100000.00085127263,100000.00085127263,100000.00085127263,0.958385731006274,P3_heat_exchanger_RC01,648.4192850260094,0.0008512726294929052,0.0008512726294929052,False
P3_heat_exchanger_RC01,engineering,0,0,LSHADE,7,2967878596244234765,50000,50000,630.2322781728105,630.2322781728105,630.2322781728105,0.9867296230222564,P3_heat_exchanger_RC01,630.2322781728105,9.913710708771414e-09,7.034918275778605e-09,True
P3_heat_exchanger_RC01,engineering,0,0,LSHADE,8,2377809096495033233,50000,50000,100025.7214899798,100025.7214899798,100025.7214899798,0.8998159669863526,P3_heat_exchanger_RC01,812.2872143687724,25.721489979791855,17.997290143340454,False
P3_heat_exchanger_RC01,engineering,0,0,LSHADE,9,5889263795023838026,50000,50000,100002.18450817547,100002.18450817547,100002.18450817547,0.9331434460182209,P3_heat_exchanger_RC01,388.00483586301647,2.1845081754753046,1.2961362810503692,False
P3_heat_exchanger_RC01,engineering,0,0,LSHADE,10,7881690903017551603,50000,50000,100000.01125374844,100000.01125374844,100000.01125374844,0.9674853380129207,P3_heat_exchanger_RC01,256.8085013282547,0.011253748436647493,0.011253748436647493,False
P3_heat_exchanger_RC01,engineering,0,0,LSHADE,11,4742743224345994034,50000,50000,100000.00008922066,100000.00008922066,100000.00008922066,0.9722718260018155,P3_heat_exchanger_RC01,719.5125619487003,8.922066556115169e-05,8.922066556115169e-05,False
P3_heat_exchanger_RC01,engineering,0,0,LSHADE,12,5275641470900244364,50000,50000,100001.06493902382,100001.06493902382,100001.06493902382,1.152758829004597,P3_heat_exchanger_RC01,595.2127573763406,1.0649390238256544,0.7914531212929636,False
P3_heat_exchanger_RC01,engineering,0,0,LSHADE,13,8677625969555544041,50000,50000,100000.16927750337,100000.16927750337,100000.16927750337,0.9542477500217501,P3_heat_exchanger_RC01,666.6554837433742,0.16927750337996106,0.07725898145102027,False
P3_heat_exchanger_RC01,engineering,0,0,LSHADE,14,2984987569613658235,50000,50000,100000.01493015597,100000.01493015597,100000.01493015597,1.115676026995061,P3_heat_exchanger_RC01,338.01325235044936,0.01493015596711066,0.01493015596711066,False
P3_heat_exchanger_RC01,engineering,0,0,LSHADE,15,1339047902821520867,50000,50000,100112.46995231508,100112.46995231508,100112.46995231508,1.0192933600046672,P3_heat_exchanger_RC01,581.5490547794798,112.46995231507873,56.413777066764986,False
P3_heat_exchanger_RC01,engineering,0,0,LSHADE,16,1545068445983114176,50000,50000,286.7797589001547,286.7797589001547,286.7797589001547,1.0209313420054968,P3_heat_exchanger_RC01,286.7797589001547,0.0,0.0,True
P3_heat_exchanger_RC01,engineering,0,0,LSHADE,17,4200237489277082384,50000,50000,100000.00370031249,100000.00370031249,100000.00370031249,0.9617062389734201,P3_heat_exchanger_RC01,298.8664115634358,0.0037003124954570923,0.0037003124954570923,False
P3_heat_exchanger_RC01,engineering,0,0,LSHADE,18,3193595504611545249,50000,50000,222.44897184080543,222.44897184080543,222.44897184080543,0.9246508270152844,P3_heat_exchanger_RC01,222.44897184080543,0.0,0.0,True
P3_heat_exchanger_RC01,engineering,0,0,LSHADE,19,7405180775555706377,50000,50000,100000.00058838363,100000.00058838363,100000.00058838363,0.9239869119774085,P3_heat_exchanger_RC01,633.8713297401524,0.0005883836248334773,0.0005883836248334773,False
P3_heat_exchanger_RC01,engineering,0,0,LSHADE,20,2778780891593208149,50000,50000,100000.16900333414,100000.16900333414,100000.16900333414,0.9213459890161175,P3_heat_exchanger_RC01,399.62413840936284,0.169003334139073,0.11947040281046982,False
P3_heat_exchanger_RC01,engineering,0,0,LSHADE,21,149183582212585886,50000,50000,294.13956170633895,294.13956170633895,294.13956170633895,0.9278812870034017,P3_heat_exchanger_RC01,294.13956170633895,9.986239590977072e-09,6.520492551537953e-09,True
P3_heat_exchanger_RC01,engineering,0,0,LSHADE,22,2767889060073466466,50000,50000,100000.0174171621,100000.0174171621,100000.0174171621,1.0037568600091618,P3_heat_exchanger_RC01,206.96596208447957,0.01741716209832921,0.01741716209832921,False
P3_heat_exchanger_RC01,engineering,0,0,LSHADE,23,4106764447085766202,50000,50000,100000.01040504836,100000.01040504836,100000.01040504836,1.0329842189967167,P3_heat_exchanger_RC01,459.1211139462322,0.010405048358538716,0.010405048358538716,False
P3_heat_exchanger_RC01,engineering,0,0,LSHADE,24,4025760829408873942,50000,50000,100000.01284119459,100000.01284119459,100000.01284119459,0.9089904249995016,P3_heat_exchanger_RC01,283.1380967171399,0.012841194594418449,0.012841194594418449,False
P3_heat_exchanger_RC01,engineering,0,0,LSHADE,25,4112106078096902345,50000,50000,100018.75642783847,100018.75642783847,100018.75642783847,0.9539619630086236,P3_heat_exchanger_RC01,462.44823364371655,18.756427838473922,17.48183226568401,False
P3_heat_exchanger_RC01,engineering,0,0,LSHADE,26,1281302931155043022,50000,50000,100001.49872781761,100001.49872781761,100001.49872781761,0.8959014040010516,P3_heat_exchanger_RC01,334.42953922898016,1.4987278176163648,0.8324121014181178,False
P3_heat_exchanger_RC01,engineering,0,0,LSHADE,27,7173553469296069587,50000,50000,100000.01783722192,100000.01783722192,100000.01783722192,0.8313716510019731,P3_heat_exchanger_RC01,580.3314679565401,0.017837221930367287,0.017837221930367287,False
P3_heat_exchanger_RC01,engineering,0,0,LSHADE,28,3721630445944556306,50000,50000,100000.0165929829,100000.0165929829,100000.0165929829,0.8943803209986072,P3_heat_exchanger_RC01,419.197061278578,0.01659298289954213,0.01659298289954213,False
P3_heat_exchanger_RC01,engineering,0,0,LSHADE,29,2960850505049536675,50000,50000,281.35390676453187,281.35390676453187,281.35390676453187,1.1885557110072114,P3_heat_exchanger_RC01,281.35390676453187,7.663959861959539e-09,7.663959861959539e-09,True
P3_heat_exchanger_RC01,engineering,0,0,jSO,0,59979631815357118,50000,50000,558.9002970683628,558.9002970683628,558.9002970683628,1.2013810670177918,P3_heat_exchanger_RC01,558.9002970683628,6.6771927286775985e-09,6.6771927286775985e-09,True
P3_heat_exchanger_RC01,engineering,0,0,jSO,1,8329546062388403226,50000,50000,406.7219311692356,406.7219311692356,406.7219311692356,0.9212004159926437,P3_heat_exchanger_RC01,406.7219311692356,0.0,0.0,True
P3_heat_exchanger_RC01,engineering,0,0,jSO,2,6005382722558822268,50000,50000,100000.00024352019,100000.00024352019,100000.00024352019,0.9305330899951514,P3_heat_exchanger_RC01,395.6368835894788,0.0002435201931552001,0.0002435201931552001,False
P3_heat_exchanger_RC01,engineering,0,0,jSO,3,8107656593933196533,50000,50000,471.92808310526135,471.92808310526135,471.92808310526135,0.9427714140038006,P3_heat_exchanger_RC01,471.92808310526135,9.998073778483426e-09,9.998073778483426e-09,True
P3_heat_exchanger_RC01,engineering,0,0,jSO,4,449301378841585055,50000,50000,442.8460823770267,442.8460823770267,442.8460823770267,0.9360635239863768,P3_heat_exchanger_RC01,442.8460823770267,0.0,0.0,True
P3_heat_exchanger_RC01,engineering,0,0,jSO,5,7199893990616869250,50000,50000,443.1899981212559,443.1899981212559,443.1899981212559,0.9165776250010822,P3_heat_exchanger_RC01,443.1899981212559,0.0,0.0,True
P3_heat_exchanger_RC01,engineering,0,0,jSO,6,41656651329851326,50000,50000,100000.00011928586,100000.00011928586,100000.00011928586,0.9491940209991299,P3_heat_exchanger_RC01,585.8182240166899,0.00011928585874775308,0.00011928585874775308,False
P3_heat_exchanger_RC01,engineering,0,0,jSO,7,4291436308390053606,50000,50000,100000.00224254453,100000.00224254453,100000.00224254453,1.0218239359965082,P3_heat_exchanger_RC01,512.161016895499,0.0022425445285738535,0.0022425445285738535,False
P3_heat_exchanger_RC01,engineering,0,0,jSO,8,5650465288730138044,50000,50000,388.56588276366057,388.56588276366057,388.56588276366057,0.9352598259865772,P3_heat_exchanger_RC01,388.56588276366057,7.979199290270782e-09,7.979199290270782e-09,True
P3_heat_exchanger_RC01,engineering,0,0,jSO,9,1095569030306626810,50000,50000,100000.01664696235,100000.01664696235,100000.01664696235,1.036979602999054,P3_heat_exchanger_RC01,356.3431618050069,0.01664696235670581,0.01664696235670581,False
P3_heat_exchanger_RC01,engineering,0,0,jSO,10,5772156155474686787,50000,50000,100000.00400642835,100000.00400642835,100000.00400642835,0.9740658810187597,P3_heat_exchanger_RC01,411.8002562114209,0.0040064283573177815,0.0040064283573177815,False
P3_heat_exchanger_RC01,engineering,0,0,jSO,11,4021576256458428156,50000,50000,100000.00298153936,100000.00298153936,100000.00298153936,0.9384717700013425,P3_heat_exchanger_RC01,501.56494548153483,0.0029815393598118137,0.0029815393598118137,False
P3_heat_exchanger_RC01,engineering,0,0,jSO,12,1763972938578680552,50000,50000,444.77397071877203,444.77397071877203,444.77397071877203,0.949815525993472,P3_heat_exchanger_RC01,444.77397071877203,0.0,0.0,True
P3_heat_exchanger_RC01,engineering,0,0,jSO,13,2342167391020099910,50000,50000,100000.00146520002,100000.00146520002,100000.00146520002,1.0884764509974048,P3_heat_exchanger_RC01,358.8722229376022,0.0014652000255386155,0.0014652000255386155,False
P3_heat_exchanger_RC01,engineering,0,0,jSO,14,5747776992224439949,50000,50000,345.3604001807262,345.3604001807262,345.3604001807262,1.053204714000458,P3_heat_exchanger_RC01,345.3604001807262,0.0,0.0,True
P3_heat_exchanger_RC01,engineering,0,0,jSO,15,7447569512199466903,50000,50000,324.29624133099867,324.29624133099867,324.29624133099867,1.07260954999947,P3_heat_exchanger_RC01,324.29624133099867,3.779832769085982e-09,3.779832769085982e-09,True
P3_heat_exchanger_RC01,engineering,0,0,jSO,16,254636415986254190,50000,50000,100000.01557068346,100000.01557068346,100000.01557068346,1.0154683559958357,P3_heat_exchanger_RC01,437.0458312466791,0.015570683458206737,0.015182744331386767,False
P3_heat_exchanger_RC01,engineering,0,0,jSO,17,7636970849067938586,50000,50000,353.0709722157461,353.0709722157461,353.0709722157461,0.9790970269823447,P3_heat_exchanger_RC01,353.0709722157461,0.0,0.0,True
P3_heat_exchanger_RC01,engineering,0,0,jSO,18,8926322094638951420,50000,50000,100000.0072735684,100000.0072735684,100000.0072735684,0.9838160880026408,P3_heat_exchanger_RC01,333.3987590998865,0.007273568390335094,0.007273568390335094,False
P3_heat_exchanger_RC01,engineering,0,0,jSO,19,8667537694258914028,50000,50000,100000.00445760843,100000.00445760843,100000.00445760843,0.9390813030186109,P3_heat_exchanger_RC01,570.0864245422808,0.004457608427262494,0.004457608427262494,False
P3_heat_exchanger_RC01,engineering,0,0,jSO,20,8506335685857429559,50000,50000,322.513100447185,322.513100447185,322.513100447185,0.9681215419841465,P3_heat_exchanger_RC01,322.513100447185,0.0,0.0,True
P3_heat_exchanger_RC01,engineering,0,0,jSO,21,6951646588384568011,50000,50000,463.9406001443485,463.9406001443485,463.9406001443485,0.9996250800031703,P3_heat_exchanger_RC01,463.9406001443485,5.185231566424346e-09,5.185231566424346e-09,True
P3_heat_exchanger_RC01,engineering,0,0,jSO,22,8512164186032600582,50000,50000,447.22421080336727,447.22421080336727,447.22421080336727,0.9943504569819197,P3_heat_exchanger_RC01,447.22421080336727,0.0,0.0,True
P3_heat_exchanger_RC01,engineering,0,0,jSO,23,4914973988142371079,50000,50000,605.1862018125646,605.1862018125646,605.1862018125646,1.0868149239977356,P3_heat_exchanger_RC01,605.1862018125646,0.0,0.0,True
P3_heat_exchanger_RC01,engineering,0,0,jSO,24,494207932544292953,50000,50000,439.9669703988182,439.9669703988182,439.9669703988182,1.141601603012532,P3_heat_exchanger_RC01,439.9669703988182,0.0,0.0,True
P3_heat_exchanger_RC01,engineering,0,0,jSO,25,2204470820754821430,50000,50000,100000.00800558484,100000.00800558484,100000.00800558484,1.2692045169824269,P3_heat_exchanger_RC01,337.95002342076367,0.008005584841530345,0.008005584841530345,False
P3_heat_exchanger_RC01,engineering,0,0,jSO,26,4993652944289256363,50000,50000,100000.01178132358,100000.01178132358,100000.01178132358,1.0633638889994472,P3_heat_exchanger_RC01,377.5442598183019,0.011781323579586934,0.011781323579586934,False
P3_heat_exchanger_RC01,engineering,0,0,jSO,27,3198643517549186520,50000,50000,100000.00954287214,100000.00954287214,100000.00954287214,1.2368830750056077,P3_heat_exchanger_RC01,506.38431764308024,0.009542872133610105,0.008886615011792765,False
P3_heat_exchanger_RC01,engineering,0,0,jSO,28,7773673259999274930,50000,50000,296.0662561698437,296.0662561698437,296.0662561698437,1.1034741709881928,P3_heat_exchanger_RC01,296.0662561698437,4.1880288252930855e-09,3.0254686701210827e-09,True
P3_heat_exchanger_RC01,engineering,0,0,jSO,29,4668772452056167918,50000,50000,416.45808000078523,416.45808000078523,416.45808000078523,1.0748150869912934,P3_heat_exchanger_RC01,416.45808000078523,0.0,0.0,True
P3_heat_exchanger_RC01,engineering,0,0,LSHADE,0,758344033173330914,200000,200000,518.1294463969144,518.1294463969144,518.1294463969144,3.846152765006991,P3_heat_exchanger_RC01,518.1294463969144,9.999868261990528e-09,9.999868261990528e-09,True
P3_heat_exchanger_RC01,engineering,0,0,LSHADE,1,2024377592913379063,200000,200000,311.8390048015676,311.8390048015676,311.8390048015676,4.087809159012977,P3_heat_exchanger_RC01,311.8390048015676,7.513538002963042e-09,7.513538002963042e-09,True
P3_heat_exchanger_RC01,engineering,0,0,LSHADE,2,2028334754815062677,200000,200000,100000.14108679912,100000.14108679912,100000.14108679912,3.722791606996907,P3_heat_exchanger_RC01,661.2931048623739,0.1410867991165664,0.04323530273288488,False
P3_heat_exchanger_RC01,engineering,0,0,LSHADE,3,344431716387722272,200000,200000,576.8229620126496,576.8229620126496,576.8229620126496,4.602975812013028,P3_heat_exchanger_RC01,576.8229620126496,9.923152463671577e-09,7.513538002963042e-09,True
P3_heat_exchanger_RC01,engineering,0,0,LSHADE,4,2199130576770225432,200000,200000,656.4860033704618,656.4860033704618,656.4860033704618,4.291368086996954,P3_heat_exchanger_RC01,656.4860033704618,0.0,0.0,True
P3_heat_exchanger_RC01,engineering,0,0,LSHADE,5,5249094720517590321,200000,200000,100000.00608427277,100000.00608427277,100000.00608427277,3.656882547016721,P3_heat_exchanger_RC01,263.38070574278123,0.006084272763069399,0.003263075200468302,False
P3_heat_exchanger_RC01,engineering,0,0,LSHADE,6,4950199521657049471,200000,200000,100000.04108665955,100000.04108665955,100000.04108665955,4.053100618999451,P3_heat_exchanger_RC01,528.2983789586208,0.041086659555089756,0.014462571188434959,False
P3_heat_exchanger_RC01,engineering,0,0,LSHADE,7,2967878596244234765,200000,200000,576.8309118756392,576.8309118756392,576.8309118756392,4.01426088102744,P3_heat_exchanger_RC01,576.8309118756392,9.376183152194e-09,9.376183152194e-09,True
P3_heat_exchanger_RC01,engineering,0,0,LSHADE,8,2377809096495033233,200000,200000,472.05904334296054,472.05904334296054,472.05904334296054,4.092806091008242,P3_heat_exchanger_RC01,472.05904334296054,9.99993834145793e-09,9.99993834145793e-09,True
P3_heat_exchanger_RC01,engineering,0,0,LSHADE,9,5889263795023838026,200000,200000,100002.09653535298,100002.09653535298,100002.09653535298,3.6721679670154117,P3_heat_exchanger_RC01,630.8878790641104,2.096535352982295,1.9796423931304366,False
P3_heat_exchanger_RC01,engineering,0,0,LSHADE,10,7881690903017551603,200000,200000,414.6734615591169,414.6734615591169,414.6734615591169,3.6495906299969647,P3_heat_exchanger_RC01,414.6734615591169,9.439140558233214e-09,4.719570279116607e-09,True
P3_heat_exchanger_RC01,engineering,0,0,LSHADE,11,4742743224345994034,200000,200000,329.2569849467854,329.2569849467854,329.2569849467854,3.621829641982913,P3_heat_exchanger_RC01,329.2569849467854,9.841844439501739e-09,9.841844439501739e-09,True
P3_heat_exchanger_RC01,engineering,0,0,LSHADE,12,5275641470900244364,200000,200000,100000.7563691787,100000.7563691787,100000.7563691787,3.717659301008098,P3_heat_exchanger_RC01,393.7569785231571,0.756369178702345,0.4823922161642462,False
P3_heat_exchanger_RC01,engineering,0,0,LSHADE,13,8677625969555544041,200000,200000,100000.09337918168,100000.09337918168,100000.09337918168,4.081914522976149,P3_heat_exchanger_RC01,443.3197360350383,0.09337918168000944,0.0819480219554156,False
P3_heat_exchanger_RC01,engineering,0,0,LSHADE,14,2984987569613658235,200000,200000,315.0518221798354,315.0518221798354,315.0518221798354,3.8937493780103978,P3_heat_exchanger_RC01,315.0518221798354,0.0,0.0,True
P3_heat_exchanger_RC01,engineering,0,0,LSHADE,15,1339047902821520867,200000,200000,100000.7366825954,100000.7366825954,100000.7366825954,4.139665882015834,P3_heat_exchanger_RC01,273.01592720318985,0.7366825953936229,0.36623338448682197,False
P3_heat_exchanger_RC01,engineering,0,0,LSHADE,16,1545068445983114176,200000,200000,100000.04958323088,100000.04958323088,100000.04958323088,3.7699626719986554,P3_heat_exchanger_RC01,683.0058658809533,0.04958323088034339,0.03634293756224215,False
P3_heat_exchanger_RC01,engineering,0,0,LSHADE,17,4200237489277082384,200000,200000,487.603838590706,487.603838590706,487.603838590706,3.3573474749864545,P3_heat_exchanger_RC01,487.603838590706,8.533133188370619e-09,8.533133188370619e-09,True
P3_heat_exchanger_RC01,engineering,0,0,LSHADE,18,3193595504611545249,200000,200000,253.87587726533332,253.87587726533332,253.87587726533332,3.4451607090013567,P3_heat_exchanger_RC01,253.87587726533332,9.594789867646688e-09,8.066240644565297e-09,True
P3_heat_exchanger_RC01,engineering,0,0,LSHADE,19,7405180775555706377,200000,200000,699.7747089183817,699.7747089183817,699.7747089183817,3.7357107379939407,P3_heat_exchanger_RC01,699.7747089183817,0.0,0.0,True
P3_heat_exchanger_RC01,engineering,0,0,LSHADE,20,2778780891593208149,200000,200000,100000.71716367088,100000.71716367088,100000.71716367088,3.774369537975872,P3_heat_exchanger_RC01,361.8967752454369,0.717163670882121,0.681033825564757,False
P3_heat_exchanger_RC01,engineering,0,0,LSHADE,21,149183582212585886,200000,200000,277.7898918499223,277.7898918499223,277.7898918499223,3.79933281900594,P3_heat_exchanger_RC01,277.7898918499223,8.701572263544776e-09,4.952400922770476e-09,True
P3_heat_exchanger_RC01,engineering,0,0,LSHADE,22,2767889060073466466,200000,200000,524.5372760286452,524.5372760286452,524.5372760286452,3.8990995429921895,P3_heat_exchanger_RC01,524.5372760286452,9.841844439501739e-09,9.841844439501739e-09,True
P3_heat_exchanger_RC01,engineering,0,0,LSHADE,23,4106764447085766202,200000,200000,100000.21366634569,100000.21366634569,100000.21366634569,3.7304880430165213,P3_heat_exchanger_RC01,476.53102401536756,0.21366634568912185,0.17141987995021046,False
P3_heat_exchanger_RC01,engineering,0,0,LSHADE,24,4025760829408873942,200000,200000,599.7095107823035,599.7095107823035,599.7095107823035,4.029348940006457,P3_heat_exchanger_RC01,599.7095107823035,9.96145756447563e-09,9.96145756447563e-09,True
P3_heat_exchanger_RC01,engineering,0,0,LSHADE,25,4112106078096902345,200000,200000,697.2923320728362,697.2923320728362,697.2923320728362,3.9283576300076675,P3_heat_exchanger_RC01,697.2923320728362,9.999846034572054e-09,9.999846034572054e-09,True
P3_heat_exchanger_RC01,engineering,0,0,LSHADE,26,1281302931155043022,200000,200000,100000.63066792881,100000.63066792881,100000.63066792881,3.9572943829989526,P3_heat_exchanger_RC01,539.1073694450339,0.6306679288108745,0.5689901980072738,False
P3_heat_exchanger_RC01,engineering,0,0,LSHADE,27,7173553469296069587,200000,200000,719.5142463963182,719.5142463963182,719.5142463963182,3.698728995019337,P3_heat_exchanger_RC01,719.5142463963182,9.749079514704585e-09,8.754799534049893e-09,True
P3_heat_exchanger_RC01,engineering,0,0,LSHADE,28,3721630445944556306,200000,200000,569.82763284263,569.82763284263,569.82763284263,3.9021309580130037,P3_heat_exchanger_RC01,569.82763284263,8.67769122123239e-09,8.67769122123239e-09,True
P3_heat_exchanger_RC01,engineering,0,0,LSHADE,29,2960850505049536675,200000,200000,100000.19373269085,100000.19373269085,100000.19373269085,3.7424771999940276,P3_heat_exchanger_RC01,254.72071636889453,0.19373269084616512,0.1264261289663613,False
P3_heat_exchanger_RC01,engineering,0,0,SEHHO-COBL,0,5440228721964281674,15000,15000,319.5629602907633,319.5629602907633,319.5629602907633,4.429198433004785,P3_heat_exchanger_RC01,319.5629602907633,0.0,0.0,True
P3_heat_exchanger_RC01,engineering,0,0,SEHHO-COBL,1,3410926365350746000,15000,15000,100001.44608413243,100001.44608413243,100001.44608413243,4.294912434997968,P3_heat_exchanger_RC01,635.0305438038711,1.4460841324309188,0.5476341135879215,False
P3_heat_exchanger_RC01,engineering,0,0,SEHHO-COBL,2,6304245098824670364,15000,15000,100000.00106848778,100000.00106848778,100000.00106848778,4.397285807994194,P3_heat_exchanger_RC01,515.7597272032514,0.0010684877841844354,0.0010684877841844354,False
P3_heat_exchanger_RC01,engineering,0,0,SEHHO-COBL,3,1996744201950266808,15000,15000,100000.01951773079,100000.01951773079,100000.01951773079,4.320604994019959,P3_heat_exchanger_RC01,492.6942753313347,0.019517730791196664,0.019517730791196664,False
P3_heat_exchanger_RC01,engineering,0,0,SEHHO-COBL,4,4192612666351503357,15000,15000,100044.25671928552,100044.25671928552,100044.25671928552,5.002827770018484,P3_heat_exchanger_RC01,458.3469434053027,44.25671928551328,24.821021770906246,False
P3_heat_exchanger_RC01,engineering,0,0,SEHHO-COBL,5,1558485685280427402,15000,15000,214.66611687115687,214.66611687115687,214.66611687115687,4.165932998992503,P3_heat_exchanger_RC01,214.66611687115687,0.0,0.0,True
P3_heat_exchanger_RC01,engineering,0,0,SEHHO-COBL,6,4589838661289214647,15000,15000,615.49347271225,615.49347271225,615.49347271225,4.403768617019523,P3_heat_exchanger_RC01,615.49347271225,0.0,0.0,True
P3_heat_exchanger_RC01,engineering,0,0,SEHHO-COBL,7,3993610849973626751,15000,15000,100000.39383440641,100000.39383440641,100000.39383440641,4.513550324976677,P3_heat_exchanger_RC01,787.8728396379901,0.39383440640307965,0.31722153636403383,False
P3_heat_exchanger_RC01,engineering,0,0,SEHHO-COBL,8,82230564105017983,15000,15000,529.1171257555774,529.1171257555774,529.1171257555774,4.514172641996993,P3_heat_exchanger_RC01,529.1171257555774,0.0,0.0,True
P3_heat_exchanger_RC01,engineering,0,0,SEHHO-COBL,9,6308033389855059150,15000,15000,100000.00006922768,100000.00006922768,100000.00006922768,4.307995993993245,P3_heat_exchanger_RC01,310.7400637964896,6.922768211079528e-05,5.250805063260486e-05,False
P3_heat_exchanger_RC01,engineering,0,0,SEHHO-COBL,10,6795069394353195073,15000,15000,100000.34731334473,100000.34731334473,100000.34731334473,4.937509276991477,P3_heat_exchanger_RC01,302.58216345678784,0.3473133447269775,0.07638548010538825,False
P3_heat_exchanger_RC01,engineering,0,0,SEHHO-COBL,11,6728947377932633918,15000,15000,245.74006416693453,245.74006416693453,245.74006416693453,4.172386193007696,P3_heat_exchanger_RC01,245.74006416693453,0.0,0.0,True
P3_heat_exchanger_RC01,engineering,0,0,SEHHO-COBL,12,2287577557210547143,15000,15000,100000.01140745498,100000.01140745498,100000.01140745498,3.9739797890069894,P3_heat_exchanger_RC01,467.70147931215604,0.011407454979894073,0.005811764334257441,False
P3_heat_exchanger_RC01,engineering,0,0,SEHHO-COBL,13,2530498432986131697,15000,15000,100008.46309456708,100008.46309456708,100008.46309456708,4.086910523998085,P3_heat_exchanger_RC01,202.21529020175396,8.463094567074627,6.026971224991232,False
P3_heat_exchanger_RC01,engineering,0,0,SEHHO-COBL,14,212784437537384165,15000,15000,100000.05327927157,100000.05327927157,100000.05327927157,4.249831751018064,P3_heat_exchanger_RC01,532.4973590689616,0.053279271568819064,0.02881739853657782,False
P3_heat_exchanger_RC01,engineering,0,0,SEHHO-COBL,15,8696524623718819986,15000,15000,775.2956914263688,775.2956914263688,775.2956914263688,4.1406888799974695,P3_heat_exchanger_RC01,775.2956914263688,0.0,0.0,True
P3_heat_exchanger_RC01,engineering,0,0,SEHHO-COBL,16,3464683701084501719,15000,15000,100000.00450115757,100000.00450115757,100000.00450115757,3.9387689369905274,P3_heat_exchanger_RC01,561.2725918590329,0.004501157566159964,0.0032322565723210575,False
P3_heat_exchanger_RC01,engineering,0,0,SEHHO-COBL,17,7257225510401574582,15000,15000,283.5648234404204,283.5648234404204,283.5648234404204,4.100594449002529,P3_heat_exchanger_RC01,283.5648234404204,0.0,0.0,True
P3_heat_exchanger_RC01,engineering,0,0,SEHHO-COBL,18,680815489722018170,15000,15000,100000.01956666724,100000.01956666724,100000.01956666724,4.059537031978834,P3_heat_exchanger_RC01,570.4841086895934,0.019566667233536828,0.019566667233536828,False
P3_heat_exchanger_RC01,engineering,0,0,SEHHO-COBL,19,5062670298036064322,15000,15000,100000.01876273884,100000.01876273884,100000.01876273884,4.2386573319963645,P3_heat_exchanger_RC01,377.62026264659147,0.018762738837621463,0.018075798002630473,False
P3_heat_exchanger_RC01,engineering,0,0,SEHHO-COBL,20,5940837771346555160,15000,15000,100011.03752439085,100011.03752439085,100011.03752439085,4.160498535988154,P3_heat_exchanger_RC01,376.36923786928656,11.037524390843426,9.445142739554047,False
P3_heat_exchanger_RC01,engineering,0,0,SEHHO-COBL,21,8598420279120465612,15000,15000,100000.38190329369,100000.38190329369,100000.38190329369,4.113646488985978,P3_heat_exchanger_RC01,593.6275273829865,0.38190329368502685,0.22185943398401142,False
P3_heat_exchanger_RC01,engineering,0,0,SEHHO-COBL,22,1286135154486828988,15000,15000,100000.00602525467,100000.00602525467,100000.00602525467,4.165157134004403,P3_heat_exchanger_RC01,300.9705711151701,0.006025254672554092,0.006025254672554092,False
P3_heat_exchanger_RC01,engineering,0,0,SEHHO-COBL,23,1338059915948175723,15000,15000,100000.00184059858,100000.00184059858,100000.00184059858,4.036440921976464,P3_heat_exchanger_RC01,289.5402487849648,0.0018405985826277175,0.001463029596582055,False
P3_heat_exchanger_RC01,engineering,0,0,SEHHO-COBL,24,4616417958467373565,15000,15000,417.8638177197909,417.8638177197909,417.8638177197909,4.004999500000849,P3_heat_exchanger_RC01,417.8638177197909,0.0,0.0,True
P3_heat_exchanger_RC01,engineering,0,0,SEHHO-COBL,25,8364845435679891761,15000,15000,279.1047136750356,279.1047136750356,279.1047136750356,4.328824650001479,P3_heat_exchanger_RC01,279.1047136750356,0.0,0.0,True
P3_heat_exchanger_RC01,engineering,0,0,SEHHO-COBL,26,987792478301223628,15000,15000,387.2159589172198,387.2159589172198,387.2159589172198,4.339294297999004,P3_heat_exchanger_RC01,387.2159589172198,0.0,0.0,True
P3_heat_exchanger_RC01,engineering,0,0,SEHHO-COBL,27,7045865852487743093,15000,15000,339.2343129768285,339.2343129768285,339.2343129768285,4.218057184014469,P3_heat_exchanger_RC01,339.2343129768285,0.0,0.0,True
P3_heat_exchanger_RC01,engineering,0,0,SEHHO-COBL,28,9059907720249006992,15000,15000,100000.84947730885,100000.84947730885,100000.84947730885,4.064478490006877,P3_heat_exchanger_RC01,392.70185506432455,0.8494773088404314,0.7817727993872017,False
P3_heat_exchanger_RC01,engineering,0,0,SEHHO-COBL,29,352721855436932021,15000,15000,100000.01010802359,100000.01010802359,100000.01010802359,4.075386239012005,P3_heat_exchanger_RC01,555.0232892738378,0.010108023597442662,0.010108023597442662,False
P3_heat_exchanger_RC01,engineering,0,0,jSO,0,59979631815357118,200000,200000,100000.04201131612,100000.04201131612,100000.04201131612,3.994565799977863,P3_heat_exchanger_RC01,525.1053647902139,0.04201131612690197,0.027569016271829606,False
P3_heat_exchanger_RC01,engineering,0,0,jSO,1,8329546062388403226,200000,200000,325.18755702307834,325.18755702307834,325.18755702307834,4.287688495009206,P3_heat_exchanger_RC01,325.18755702307834,0.0,0.0,True
P3_heat_exchanger_RC01,engineering,0,0,jSO,2,6005382722558822268,200000,200000,353.49805663150477,353.49805663150477,353.49805663150477,4.451775699999416,P3_heat_exchanger_RC01,353.49805663150477,9.841844439501739e-09,9.841844439501739e-09,True
P3_heat_exchanger_RC01,engineering,0,0,jSO,3,8107656593933196533,200000,200000,287.1808840611566,287.1808840611566,287.1808840611566,4.313953537988709,P3_heat_exchanger_RC01,287.1808840611566,6.582215428347564e-09,6.582215428347564e-09,True
P3_heat_exchanger_RC01,engineering,0,0,jSO,4,449301378841585055,200000,200000,100000.013846612,100000.013846612,100000.013846612,4.075130718993023,P3_heat_exchanger_RC01,422.020276579307,0.013846611997482706,0.013846611997482706,False
P3_heat_exchanger_RC01,engineering,0,0,jSO,5,7199893990616869250,200000,200000,100000.00291032778,100000.00291032778,100000.00291032778,3.9177606829907745,P3_heat_exchanger_RC01,547.1608256964988,0.0029103277819648612,0.0029103277819648612,False
P3_heat_exchanger_RC01,engineering,0,0,jSO,6,41656651329851326,200000,200000,100000.00473538367,100000.00473538367,100000.00473538367,3.8453300719847903,P3_heat_exchanger_RC01,402.15105668843853,0.00473538366427183,0.00473538366427183,False
P3_heat_exchanger_RC01,engineering,0,0,jSO,7,4291436308390053606,200000,200000,100000.03832782188,100000.03832782188,100000.03832782188,3.8270106420095544,P3_heat_exchanger_RC01,318.4330045938456,0.03832782187429458,0.017729219810664654,False
P3_heat_exchanger_RC01,engineering,0,0,jSO,8,5650465288730138044,200000,200000,336.1107934888783,336.1107934888783,336.1107934888783,3.9897839420009404,P3_heat_exchanger_RC01,336.1107934888783,9.67031446999294e-09,9.67031446999294e-09,True
P3_heat_exchanger_RC01,engineering,0,0,jSO,9,1095569030306626810,200000,200000,582.0475432498779,582.0475432498779,582.0475432498779,3.9566707140184008,P3_heat_exchanger_RC01,582.0475432498779,9.999576099916914e-09,9.999576099916914e-09,True
P3_heat_exchanger_RC01,engineering,0,0,jSO,10,5772156155474686787,200000,200000,532.3646314683343,532.3646314683343,532.3646314683343,4.036216080014128,P3_heat_exchanger_RC01,532.3646314683343,9.999699578889187e-09,7.608435736311276e-09,True
P3_heat_exchanger_RC01,engineering,0,0,jSO,11,4021576256458428156,200000,200000,100000.07146774147,100000.07146774147,100000.07146774147,3.875876114994753,P3_heat_exchanger_RC01,563.2409548014285,0.0714677414707571,0.05510593142136931,False
P3_heat_exchanger_RC01,engineering,0,0,jSO,12,1763972938578680552,200000,200000,584.9298992106981,584.9298992106981,584.9298992106981,4.114067319023889,P3_heat_exchanger_RC01,584.9298992106981,9.904801845540953e-09,9.14335250854013e-09,True
P3_heat_exchanger_RC01,engineering,0,0,jSO,13,2342167391020099910,200000,200000,451.011796040139,451.011796040139,451.011796040139,3.7675960329943337,P3_heat_exchanger_RC01,451.011796040139,6.723149850208776e-09,5.263208582246344e-09,True
P3_heat_exchanger_RC01,engineering,0,0,jSO,14,5747776992224439949,200000,200000,425.484148600597,425.484148600597,425.484148600597,3.7553341549937613,P3_heat_exchanger_RC01,425.484148600597,0.0,0.0,True
P3_heat_exchanger_RC01,engineering,0,0,jSO,15,7447569512199466903,200000,200000,488.37041965374834,488.37041965374834,488.37041965374834,3.812358700000914,P3_heat_exchanger_RC01,488.37041965374834,0.0,0.0,True
P3_heat_exchanger_RC01,engineering,0,0,jSO,16,254636415986254190,200000,200000,572.3393823631594,572.3393823631594,572.3393823631594,3.8604955760238227,P3_heat_exchanger_RC01,572.3393823631594,0.0,0.0,True
P3_heat_exchanger_RC01,engineering,0,0,jSO,17,7636970849067938586,200000,200000,100000.01444836905,100000.01444836905,100000.01444836905,3.8440881829883438,P3_heat_exchanger_RC01,319.0503638345534,0.01444836904684953,0.01444836904684953,False
P3_heat_exchanger_RC01,engineering,0,0,jSO,18,8926322094638951420,200000,200000,100000.01460655422,100000.01460655422,100000.01460655422,3.710363397025503,P3_heat_exchanger_RC01,534.018860784385,0.014606554227132074,0.014606554227132074,False
P3_heat_exchanger_RC01,engineering,0,0,jSO,19,8667537694258914028,200000,200000,557.5161294652338,557.5161294652338,557.5161294652338,3.9283852110092994,P3_heat_exchanger_RC01,557.5161294652338,9.999999107398279e-09,9.937041701359064e-09,True
P3_heat_exchanger_RC01,engineering,0,0,jSO,20,8506335685857429559,200000,200000,279.2383967989154,279.2383967989154,279.2383967989154,3.8697292050055694,P3_heat_exchanger_RC01,279.2383967989154,6.327388759195716e-09,6.327388759195716e-09,True
P3_heat_exchanger_RC01,engineering,0,0,jSO,21,6951646588384568011,200000,200000,100001.33645377329,100001.33645377329,100001.33645377329,3.8115568369976245,P3_heat_exchanger_RC01,550.6411248405972,1.3364537732811093,0.6571791677899659,False
P3_heat_exchanger_RC01,engineering,0,0,jSO,22,8512164186032600582,200000,200000,220.63782844100194,220.63782844100194,220.63782844100194,3.8745789410022553,P3_heat_exchanger_RC01,220.63782844100194,9.999607522182962e-09,9.999607522182962e-09,True
P3_heat_exchanger_RC01,engineering,0,0,jSO,23,4914973988142371079,200000,200000,319.6205346753894,319.6205346753894,319.6205346753894,3.8720937299949583,P3_heat_exchanger_RC01,319.6205346753894,8.869106405323462e-09,8.869106405323462e-09,True
P3_heat_exchanger_RC01,engineering,0,0,jSO,24,494207932544292953,200000,200000,100000.22633907173,100000.22633907173,100000.22633907173,3.5203650839976035,P3_heat_exchanger_RC01,451.3087074981223,0.22633907172848922,0.22136749213607732,False
P3_heat_exchanger_RC01,engineering,0,0,jSO,25,2204470820754821430,200000,200000,100000.01170527757,100000.01170527757,100000.01170527757,3.617083699995419,P3_heat_exchanger_RC01,359.8045264070317,0.011705277580435814,0.011705277580435814,False
P3_heat_exchanger_RC01,engineering,0,0,jSO,26,4993652944289256363,200000,200000,100000.00581194318,100000.00581194318,100000.00581194318,3.4498935459996574,P3_heat_exchanger_RC01,438.87288399873404,0.00581194317333339,0.002577770922320022,False
P3_heat_exchanger_RC01,engineering,0,0,jSO,27,3198643517549186520,200000,200000,100000.07663198047,100000.07663198047,100000.07663198047,3.4728586389974225,P3_heat_exchanger_RC01,399.5986370127003,0.07663198046171807,0.0659837641917169,False
P3_heat_exchanger_RC01,engineering,0,0,jSO,28,7773673259999274930,200000,200000,281.5379183659488,281.5379183659488,281.5379183659488,3.636620003002463,P3_heat_exchanger_RC01,281.5379183659488,7.3214931142908486e-09,7.3214931142908486e-09,True
P3_heat_exchanger_RC01,engineering,0,0,jSO,29,4668772452056167918,200000,200000,462.9310453402763,462.9310453402763,462.9310453402763,3.504282998997951,P3_heat_exchanger_RC01,462.9310453402763,9.841844439501739e-09,9.841844439501739e-09,True
P4_blending_pooling_RC06,engineering,0,0,SEHHO-COBL,0,8026546316644477289,15000,15000,1019.8275871606155,1019.8275871606155,1019.8275871606155,4.469830953981727,P4_blending_pooling_RC06,2.396318216838289,19.82758716061548,9.99998930371963,False
P4_blending_pooling_RC06,engineering,0,0,SEHHO-COBL,1,7057281333216600022,15000,15000,1008.4979488481767,1008.4979488481767,1008.4979488481767,3.758968561014626,P4_blending_pooling_RC06,2.5180762006350905,8.497948848176797,5.378575885818879,False
P4_blending_pooling_RC06,engineering,0,0,SEHHO-COBL,2,7992800114280123568,15000,15000,1006.9622607465672,1006.9622607465672,1006.9622607465672,4.87929425900802,P4_blending_pooling_RC06,1.6981991673098964,6.962260746567182,2.147265506924579,False
P4_blending_pooling_RC06,engineering,0,0,SEHHO-COBL,3,3506182232673757568,15000,15000,1024.703233490314,1024.703233490314,1024.703233490314,6.714940812002169,P4_blending_pooling_RC06,2.257974984207358,24.70323349031411,18.846619723318145,False
P4_blending_pooling_RC06,engineering,0,0,SEHHO-COBL,4,3263515439277455416,15000,15000,1025.011210811706,1025.011210811706,1025.011210811706,6.266635024017887,P4_blending_pooling_RC06,2.138948977664696,25.01121081170601,18.92883405940704,False
P4_blending_pooling_RC06,engineering,0,0,SEHHO-COBL,5,661927418340404277,15000,15000,1011.431469622209,1011.431469622209,1011.431469622209,6.779121500003384,P4_blending_pooling_RC06,2.1788594873131286,11.431469622208994,3.500566042944724,False
P4_blending_pooling_RC06,engineering,0,0,SEHHO-COBL,6,5621072511460293338,15000,15000,1024.3111506220916,1024.3111506220916,1024.3111506220916,7.044522638985654,P4_blending_pooling_RC06,2.173142278765771,24.31115062209162,13.850789628986671,False
P4_blending_pooling_RC06,engineering,0,0,SEHHO-COBL,7,213665876517836206,15000,15000,1007.337114687192,1007.337114687192,1007.337114687192,6.825690584984841,P4_blending_pooling_RC06,2.2817153459018717,7.337114687191944,2.494431658942456,False
P4_blending_pooling_RC06,engineering,0,0,SEHHO-COBL,8,4612111793516829936,15000,15000,1010.0154093760149,1010.0154093760149,1010.0154093760149,6.528095693007344,P4_blending_pooling_RC06,2.4962954660527945,10.015409376014846,2.7894507730649436,False
P4_blending_pooling_RC06,engineering,0,0,SEHHO-COBL,9,6997065959924244877,15000,15000,1023.9424269633854,1023.9424269633854,1023.9424269633854,6.58948521601269,P4_blending_pooling_RC06,1.8454907436780852,23.942426963385447,18.753014200053972,False
P4_blending_pooling_RC06,engineering,0,0,SEHHO-COBL,10,5140841445584764985,15000,15000,1027.531843827814,1027.531843827814,1027.531843827814,6.903829985007178,P4_blending_pooling_RC06,2.3318012370833183,27.531843827814043,20.256539626960304,False
P4_blending_pooling_RC06,engineering,0,0,SEHHO-COBL,11,6280224621904534455,15000,15000,1017.303935121718,1017.303935121718,1017.303935121718,7.0119850219925866,P4_blending_pooling_RC06,1.7594339103858998,17.30393512171806,3.183113468444654,False
P4_blending_pooling_RC06,engineering,0,0,SEHHO-COBL,12,3917502766141290323,15000,15000,1024.4993928058343,1024.4993928058343,1024.4993928058343,6.965636068984168,P4_blending_pooling_RC06,2.501016630435384,24.499392805834226,14.466859378844358,False
P4_blending_pooling_RC06,engineering,0,0,SEHHO-COBL,13,2334328574534628786,15000,15000,1012.18287371734,1012.18287371734,1012.18287371734,6.711048630997539,P4_blending_pooling_RC06,2.4089144911898064,12.182873717340087,3.199825817453243,False
P4_blending_pooling_RC06,engineering,0,0,SEHHO-COBL,14,6008555951214004183,15000,15000,1025.8828729449845,1025.8828729449845,1025.8828729449845,6.847852922976017,P4_blending_pooling_RC06,2.259312213000295,25.882872944984545,18.69904444018142,False
P4_blending_pooling_RC06,engineering,0,0,SEHHO-COBL,15,3769128140392230629,15000,15000,1020.1279227632448,1020.1279227632448,1020.1279227632448,6.8916906059894245,P4_blending_pooling_RC06,2.2392621501186074,20.12792276324481,12.906423942586681,False
P4_blending_pooling_RC06,engineering,0,0,SEHHO-COBL,16,4634552005488787009,15000,15000,1024.4512414571152,1024.4512414571152,1024.4512414571152,6.701852222002344,P4_blending_pooling_RC06,2.2960160491032235,24.451241457115117,19.78082322950805,False
P4_blending_pooling_RC06,engineering,0,0,SEHHO-COBL,17,3701014640668594608,15000,15000,1024.27638579926,1024.27638579926,1024.27638579926,6.671386280999286,P4_blending_pooling_RC06,2.274567762662729,24.27638579925999,18.315107028424237,False
P4_blending_pooling_RC06,engineering,0,0,SEHHO-COBL,18,7821954790251796713,15000,15000,1020.4402746769774,1020.4402746769774,1020.4402746769774,6.728171157010365,P4_blending_pooling_RC06,2.188305383781824,20.440274676977463,15.388368293992823,False
P4_blending_pooling_RC06,engineering,0,0,SEHHO-COBL,19,8257310478945203902,15000,15000,1004.5475978433402,1004.5475978433402,1004.5475978433402,6.669728651002515,P4_blending_pooling_RC06,2.2032108245316007,4.547597843340265,1.3904242191511036,False
P4_blending_pooling_RC06,engineering,0,0,SEHHO-COBL,20,4543689958418783981,15000,15000,1005.6143720259583,1005.6143720259583,1005.6143720259583,6.578422145976219,P4_blending_pooling_RC06,1.4813835401131317,5.614372025958399,0.7942866612578745,False
P4_blending_pooling_RC06,engineering,0,0,SEHHO-COBL,21,4050828008949653408,15000,15000,1026.9616025867213,1026.9616025867213,1026.9616025867213,6.896197229012614,P4_blending_pooling_RC06,1.7468742229075072,26.961602586721362,18.336912013743525,False
P4_blending_pooling_RC06,engineering,0,0,SEHHO-COBL,22,3185057610767168136,15000,15000,1019.1467498156559,1019.1467498156559,1019.1467498156559,6.317892372986535,P4_blending_pooling_RC06,2.1126210949571327,19.146749815655852,7.394816301028147,False
P4_blending_pooling_RC06,engineering,0,0,SEHHO-COBL,23,5582959027091191931,15000,15000,1025.3807541147135,1025.3807541147135,1025.3807541147135,6.7495306890050415,P4_blending_pooling_RC06,1.9060049771445127,25.380754114713497,17.783937654197278,False
P4_blending_pooling_RC06,engineering,0,0,SEHHO-COBL,24,6975864939591549108,15000,15000,1025.1735032583122,1025.1735032583122,1025.1735032583122,6.943968979991041,P4_blending_pooling_RC06,1.8761524973307806,25.173503258312255,18.299331090654004,False
P4_blending_pooling_RC06,engineering,0,0,SEHHO-COBL,25,399912850429359206,15000,15000,1003.6415886862075,1003.6415886862075,1003.6415886862075,6.9219214679906145,P4_blending_pooling_RC06,2.5464913343180244,3.641588686207453,0.7720519973008367,False
P4_blending_pooling_RC06,engineering,0,0,SEHHO-COBL,26,7617732674243519908,15000,15000,1006.6309838750215,1006.6309838750215,1006.6309838750215,6.500435822992586,P4_blending_pooling_RC06,1.8894020731462033,6.630983875021421,1.0923818125281906,False
P4_blending_pooling_RC06,engineering,0,0,SEHHO-COBL,27,5614887786833976711,15000,15000,1021.036990695471,1021.036990695471,1021.036990695471,6.432182355987607,P4_blending_pooling_RC06,1.9777714505683357,21.03699069547096,15.180972131087433,False
P4_blending_pooling_RC06,engineering,0,0,SEHHO-COBL,28,2686813263292883988,15000,15000,1014.6666543969936,1014.6666543969936,1014.6666543969936,6.962788217992056,P4_blending_pooling_RC06,2.2701291314778205,14.666654396993641,6.647624162508524,False
P4_blending_pooling_RC06,engineering,0,0,SEHHO-COBL,29,3439077626324662623,15000,15000,1019.2533209059231,1019.2533209059231,1019.2533209059231,6.84968194400426,P4_blending_pooling_RC06,2.3261156793905498,19.253320905923204,14.597430132843943,False
P4_blending_pooling_RC06,engineering,0,0,LSHADE,0,588069505063312218,15000,15000,1021.9976584074984,1021.9976584074984,1021.9976584074984,0.14452452198020183,P4_blending_pooling_RC06,1.8280985934396305,21.9976584074984,3.580257198166716,False
P4_blending_pooling_RC06,engineering,0,0,LSHADE,1,5768784987077602545,15000,15000,1026.104887703006,1026.104887703006,1026.104887703006,0.14274043598561548,P4_blending_pooling_RC06,1.9060506482397845,26.104887703005986,18.721918421570386,False
P4_blending_pooling_RC06,engineering,0,0,LSHADE,2,2530080137216596057,15000,15000,1029.7715092243661,1029.7715092243661,1029.7715092243661,0.1414180360152386,P4_blending_pooling_RC06,1.7887918698049003,29.771509224366074,7.492849473999716,False
P4_blending_pooling_RC06,engineering,0,0,LSHADE,3,8439019761374079119,15000,15000,1031.8033820633905,1031.8033820633905,1031.8033820633905,0.14204080399940722,P4_blending_pooling_RC06,1.765821787031354,31.803382063390494,11.197418533000391,False
P4_blending_pooling_RC06,engineering,0,0,LSHADE,4,1606497576438715809,15000,15000,1029.4324277338058,1029.4324277338058,1029.4324277338058,0.14233314199373126,P4_blending_pooling_RC06,2.0016288327499137,29.43242773380581,6.213703698132047,False
P4_blending_pooling_RC06,engineering,0,0,LSHADE,5,3428340935623906228,15000,15000,1031.1869571707607,1031.1869571707607,1031.1869571707607,0.14566217598621733,P4_blending_pooling_RC06,2.014229706857301,31.186957170760607,8.50821824305952,False
P4_blending_pooling_RC06,engineering,0,0,LSHADE,6,4100901560929559086,15000,15000,1014.7799593251398,1014.7799593251398,1014.7799593251398,0.14181745401583612,P4_blending_pooling_RC06,1.967153917712117,14.77995932513976,1.7353050058314243,False
P4_blending_pooling_RC06,engineering,0,0,LSHADE,7,1152047015780390184,15000,15000,1035.398689160536,1035.398689160536,1035.398689160536,0.14356935099931434,P4_blending_pooling_RC06,2.0496234003420093,35.398689160535916,11.001001876476831,False
P4_blending_pooling_RC06,engineering,0,0,LSHADE,8,4924595399715579264,15000,15000,1028.450743276277,1028.450743276277,1028.450743276277,0.1416385589982383,P4_blending_pooling_RC06,1.6275415949881655,28.450743276277112,14.954626710550269,False
P4_blending_pooling_RC06,engineering,0,0,LSHADE,9,6268658402116074709,15000,15000,1027.6805197651372,1027.6805197651372,1027.6805197651372,0.14192251200438477,P4_blending_pooling_RC06,2.0192207874845836,27.680519765137106,9.551650784273246,False
P4_blending_pooling_RC06,engineering,0,0,LSHADE,10,1652977282862749922,15000,15000,1029.4999313219419,1029.4999313219419,1029.4999313219419,0.1436656510049943,P4_blending_pooling_RC06,2.0410122196008778,29.499931321941876,17.7420466016067,False
P4_blending_pooling_RC06,engineering,0,0,LSHADE,11,4160978773383591229,15000,15000,1026.6415771053744,1026.6415771053744,1026.6415771053744,0.14418336199014448,P4_blending_pooling_RC06,1.7441463198176246,26.64157710537434,10.441665335930825,False
P4_blending_pooling_RC06,engineering,0,0,LSHADE,12,8669724721859669737,15000,15000,1031.4081789078962,1031.4081789078962,1031.4081789078962,0.1435249770001974,P4_blending_pooling_RC06,2.0048733428028434,31.4081789078962,18.639694805089576,False
P4_blending_pooling_RC06,engineering,0,0,LSHADE,13,8028769795730677590,15000,15000,1028.4831712939601,1028.4831712939601,1028.4831712939601,0.14058470199233852,P4_blending_pooling_RC06,1.7278310059273294,28.48317129396024,15.438748766150614,False
P4_blending_pooling_RC06,engineering,0,0,LSHADE,14,7870233692595732492,15000,15000,1028.3500964856962,1028.3500964856962,1028.3500964856962,0.1406479709839914,P4_blending_pooling_RC06,2.046261765762851,28.350096485696156,7.520466160210891,False
P4_blending_pooling_RC06,engineering,0,0,LSHADE,15,365198973720845064,15000,15000,1023.8816689543163,1023.8816689543163,1023.8816689543163,0.14118994798627682,P4_blending_pooling_RC06,1.9632674614885235,23.881668954316332,14.79472994592199,False
P4_blending_pooling_RC06,engineering,0,0,LSHADE,16,3049399977346368317,15000,15000,1032.152921296847,1032.152921296847,1032.152921296847,0.14105387197923847,P4_blending_pooling_RC06,1.9426045299637809,32.15292129684682,17.701449079103693,False
P4_blending_pooling_RC06,engineering,0,0,LSHADE,17,5695048521843086080,15000,15000,1027.7692310812988,1027.7692310812988,1027.7692310812988,0.1411975929804612,P4_blending_pooling_RC06,1.6968766587322688,27.769231081298813,4.756959535119048,False
P4_blending_pooling_RC06,engineering,0,0,LSHADE,18,4060413629951047344,15000,15000,1027.7754239989536,1027.7754239989536,1027.7754239989536,0.1413264529837761,P4_blending_pooling_RC06,1.497355399039463,27.77542399895352,15.573319277791665,False
P4_blending_pooling_RC06,engineering,0,0,LSHADE,19,3265706906548153867,15000,15000,1020.1136726687503,1020.1136726687503,1020.1136726687503,0.14275294900289737,P4_blending_pooling_RC06,1.2307516048950944,20.113672668750326,4.04996594382872,False
P4_blending_pooling_RC06,engineering,0,0,LSHADE,20,1653229796023196566,15000,15000,1022.6886581235192,1022.6886581235192,1022.6886581235192,0.1415371290058829,P4_blending_pooling_RC06,2.0245410959155326,22.688658123519133,12.450764780474731,False
P4_blending_pooling_RC06,engineering,0,0,LSHADE,21,257649693195648499,15000,15000,1029.9349898272542,1029.9349898272542,1029.9349898272542,0.14572381100151688,P4_blending_pooling_RC06,2.1014772490778117,29.934989827254228,16.51771739038504,False
P4_blending_pooling_RC06,engineering,0,0,LSHADE,22,383993257069650211,15000,15000,1033.1654986757574,1033.1654986757574,1033.1654986757574,0.14404096500948071,P4_blending_pooling_RC06,1.841452697552783,33.16549867575737,13.49354478232674,False
P4_blending_pooling_RC06,engineering,0,0,LSHADE,23,929825818021442564,15000,15000,1029.7751189960122,1029.7751189960122,1029.7751189960122,0.1413112049922347,P4_blending_pooling_RC06,1.841242517523301,29.775118996012324,12.79610147160847,False
P4_blending_pooling_RC06,engineering,0,0,LSHADE,24,3586436696345896951,15000,15000,1028.2306522898837,1028.2306522898837,1028.2306522898837,0.1423073929909151,P4_blending_pooling_RC06,2.050826156952996,28.230652289883558,15.990715862936785,False
P4_blending_pooling_RC06,engineering,0,0,LSHADE,25,3377771762937316908,15000,15000,1027.4148515777833,1027.4148515777833,1027.4148515777833,0.14253943899529986,P4_blending_pooling_RC06,2.2826512287658947,27.414851577783285,7.016497777373003,False
P4_blending_pooling_RC06,engineering,0,0,LSHADE,26,3723011400705047905,15000,15000,1025.369995541191,1025.369995541191,1025.369995541191,0.14027628500480205,P4_blending_pooling_RC06,1.6596973449524701,25.36999554119108,11.014708395949913,False
P4_blending_pooling_RC06,engineering,0,0,LSHADE,27,3961118750200371672,15000,15000,1031.2720466941853,1031.2720466941853,1031.2720466941853,0.14237825700547546,P4_blending_pooling_RC06,1.7597497127595085,31.272046694185203,13.532851261290016,False
P4_blending_pooling_RC06,engineering,0,0,LSHADE,28,633650701675009889,15000,15000,1027.073662121646,1027.073662121646,1027.073662121646,0.1441435670130886,P4_blending_pooling_RC06,2.0125863102111445,27.073662121645967,13.358199992378328,False
P4_blending_pooling_RC06,engineering,0,0,LSHADE,29,544560544041954721,15000,15000,1020.2461875797071,1020.2461875797071,1020.2461875797071,0.14485303798574023,P4_blending_pooling_RC06,1.9334493053221204,20.246187579707104,4.212134943019944,False
P4_blending_pooling_RC06,engineering,0,0,jSO,0,7682408772309155535,15000,15000,1022.63568319555,1022.63568319555,1022.63568319555,0.1611705839750357,P4_blending_pooling_RC06,2.1811364657529237,22.635683195549937,15.889699740817004,False
P4_blending_pooling_RC06,engineering,0,0,jSO,1,916799319180791912,15000,15000,1026.5285780206702,1026.5285780206702,1026.5285780206702,0.16064592998009175,P4_blending_pooling_RC06,2.132344499948455,26.528578020670324,15.434766588546527,False
P4_blending_pooling_RC06,engineering,0,0,jSO,2,8119607364645046600,15000,15000,1011.4879427225169,1011.4879427225169,1011.4879427225169,0.16119088101550005,P4_blending_pooling_RC06,2.2354732289358403,11.487942722516886,2.755168083619924,False
P4_blending_pooling_RC06,engineering,0,0,jSO,3,498986992524419644,15000,15000,1026.061403550022,1026.061403550022,1026.061403550022,0.1644118630210869,P4_blending_pooling_RC06,2.032250701366771,26.06140355002217,15.951819708762262,False
P4_blending_pooling_RC06,engineering,0,0,jSO,4,2417265825894549012,15000,15000,1011.8906374892248,1011.8906374892248,1011.8906374892248,0.16129993699723855,P4_blending_pooling_RC06,2.31142570462851,11.890637489224776,3.1420601972380795,False
P4_blending_pooling_RC06,engineering,0,0,jSO,5,5480610913673335400,15000,15000,1009.7208247599181,1009.7208247599181,1009.7208247599181,0.16324783000163734,P4_blending_pooling_RC06,2.144649802317622,9.72082475991807,1.1607969724576994,False
P4_blending_pooling_RC06,engineering,0,0,jSO,6,4783832578882010506,15000,15000,1026.311170210545,1026.311170210545,1026.311170210545,0.16489426800399087,P4_blending_pooling_RC06,2.146124098406083,26.311170210544976,13.746295641297063,False
P4_blending_pooling_RC06,engineering,0,0,jSO,7,898009485400416419,15000,15000,1019.6282933884206,1019.6282933884206,1019.6282933884206,0.16448799599311315,P4_blending_pooling_RC06,2.106921022536315,19.6282933884206,11.681892703691947,False
P4_blending_pooling_RC06,engineering,0,0,jSO,8,6111760223974139099,15000,15000,1018.6152535649372,1018.6152535649372,1018.6152535649372,0.16526560398051515,P4_blending_pooling_RC06,2.055349301764058,18.61525356493722,4.480882695688392,False
P4_blending_pooling_RC06,engineering,0,0,jSO,9,8333336294513618501,15000,15000,1010.4145899523577,1010.4145899523577,1010.4145899523577,0.16406435100361705,P4_blending_pooling_RC06,2.0785674005538493,10.414589952357648,1.2530249619524623,False
P4_blending_pooling_RC06,engineering,0,0,jSO,10,6598665860340136930,15000,15000,1024.9497456977558,1024.9497456977558,1024.9497456977558,0.16368351702112705,P4_blending_pooling_RC06,2.206580580213509,24.949745697755827,17.820503380434662,False
P4_blending_pooling_RC06,engineering,0,0,jSO,11,2557074832253767256,15000,15000,1024.185649629948,1024.185649629948,1024.185649629948,0.16494209799566306,P4_blending_pooling_RC06,2.1777698900854325,24.185649629948106,15.945895639131574,False
P4_blending_pooling_RC06,engineering,0,0,jSO,12,905349999546823009,15000,15000,1020.061684471088,1020.061684471088,1020.061684471088,0.16454647600767203,P4_blending_pooling_RC06,1.9851857898932574,20.06168447108799,7.5776826520562075,False
P4_blending_pooling_RC06,engineering,0,0,jSO,13,6248384505061517906,15000,15000,1025.5490466467054,1025.5490466467054,1025.5490466467054,0.1646063179941848,P4_blending_pooling_RC06,2.17875796957455,25.549046646705314,15.176278771283076,False
P4_blending_pooling_RC06,engineering,0,0,jSO,14,1852191825754473071,15000,15000,1019.4378115942541,1019.4378115942541,1019.4378115942541,0.1632935449888464,P4_blending_pooling_RC06,2.0116715363788655,19.437811594254104,13.913594727511683,False
P4_blending_pooling_RC06,engineering,0,0,jSO,15,3993668122549850525,15000,15000,1020.1145321804136,1020.1145321804136,1020.1145321804136,0.16520622299867682,P4_blending_pooling_RC06,2.0522932962414453,20.11453218041352,8.179110664529897,False
P4_blending_pooling_RC06,engineering,0,0,jSO,16,4321036174254403308,15000,15000,1020.7746268451303,1020.7746268451303,1020.7746268451303,0.16344104299787432,P4_blending_pooling_RC06,2.2110024482163286,20.774626845130296,13.75314408902884,False
P4_blending_pooling_RC06,engineering,0,0,jSO,17,2096789963164098641,15000,15000,1014.3534167710483,1014.3534167710483,1014.3534167710483,0.16582507401471958,P4_blending_pooling_RC06,2.3126203335419646,14.353416771048309,3.3658899640684257,False
P4_blending_pooling_RC06,engineering,0,0,jSO,18,1419501983928321159,15000,15000,1020.1545568599443,1020.1545568599443,1020.1545568599443,0.16455843800213188,P4_blending_pooling_RC06,2.3592140945260462,20.1545568599442,6.717687807718036,False
P4_blending_pooling_RC06,engineering,0,0,jSO,19,86370984047188376,15000,15000,1022.3033260762661,1022.3033260762661,1022.3033260762661,0.16935940200346522,P4_blending_pooling_RC06,2.1351181708494993,22.303326076266067,14.979209967632944,False
P4_blending_pooling_RC06,engineering,0,0,jSO,20,7663128071609798458,15000,15000,1021.3855923625043,1021.3855923625043,1021.3855923625043,0.16626660199835896,P4_blending_pooling_RC06,2.101462526559401,21.38559236250435,13.8572739971228,False
P4_blending_pooling_RC06,engineering,0,0,jSO,21,7835608083182869359,15000,15000,1015.1284058937276,1015.1284058937276,1015.1284058937276,0.16695303900633007,P4_blending_pooling_RC06,2.176804628928742,15.12840589372768,3.319459262273202,False
P4_blending_pooling_RC06,engineering,0,0,jSO,22,5380628593063326276,15000,15000,1020.820483545875,1020.820483545875,1020.820483545875,0.16877831300371327,P4_blending_pooling_RC06,2.2591817182805323,20.820483545875092,12.882109979242625,False
P4_blending_pooling_RC06,engineering,0,0,jSO,23,8924079916317583296,15000,15000,1018.5476730396629,1018.5476730396629,1018.5476730396629,0.1663664700172376,P4_blending_pooling_RC06,2.0612722082158568,18.547673039662918,5.192283845016934,False
P4_blending_pooling_RC06,engineering,0,0,jSO,24,1299363296687547892,15000,15000,1012.6704562085516,1012.6704562085516,1012.6704562085516,0.12864367599831894,P4_blending_pooling_RC06,2.3298849272963955,12.670456208551581,1.9402633934955842,False
P4_blending_pooling_RC06,engineering,0,0,jSO,25,2317536155608636317,15000,15000,1014.6793210202574,1014.6793210202574,1014.6793210202574,0.1302855349786114,P4_blending_pooling_RC06,2.082326977243233,14.679321020257376,8.420130906355983,False
P4_blending_pooling_RC06,engineering,0,0,jSO,26,17322005265849281,15000,15000,1016.9078032005431,1016.9078032005431,1016.9078032005431,0.20293720200425014,P4_blending_pooling_RC06,2.220018164140274,16.907803200543118,3.7953003339166496,False
P4_blending_pooling_RC06,engineering,0,0,jSO,27,7923867611158502293,15000,15000,1015.8609772644174,1015.8609772644174,1015.8609772644174,0.1721432539925445,P4_blending_pooling_RC06,1.8306519908835917,15.860977264417436,3.2909422810532116,False
P4_blending_pooling_RC06,engineering,0,0,jSO,28,9032845254119077918,15000,15000,1018.5946415699412,1018.5946415699412,1018.5946415699412,0.16643788298824802,P4_blending_pooling_RC06,2.2068520838530485,18.59464156994127,11.237896205032076,False
P4_blending_pooling_RC06,engineering,0,0,jSO,29,1817830753110560701,15000,15000,1011.2664299548491,1011.2664299548491,1011.2664299548491,0.16323485600878485,P4_blending_pooling_RC06,2.0596101661602706,11.26642995484908,1.8721250427035094,False
P3_heat_exchanger_RC01,engineering,0,0,SEHHO-COBL,0,5440228721964281674,50000,49980,300.0932555206658,300.0932555206658,300.0932555206658,14.656184474006295,P3_heat_exchanger_RC01,300.0932555206658,0.0,0.0,True
P3_heat_exchanger_RC01,engineering,0,0,SEHHO-COBL,1,3410926365350746000,50000,49980,100000.95977592035,100000.95977592035,100000.95977592035,14.766167317982763,P3_heat_exchanger_RC01,821.7132548583371,0.9597759203411462,0.3591905008699745,False
P3_heat_exchanger_RC01,engineering,0,0,SEHHO-COBL,2,6304245098824670364,50000,49980,613.6745195934045,613.6745195934045,613.6745195934045,16.24328441900434,P3_heat_exchanger_RC01,613.6745195934045,0.0,0.0,True
P3_heat_exchanger_RC01,engineering,0,0,SEHHO-COBL,3,1996744201950266808,50000,49980,465.89177262493536,465.89177262493536,465.89177262493536,13.71946838599979,P3_heat_exchanger_RC01,465.89177262493536,0.0,0.0,True
P3_heat_exchanger_RC01,engineering,0,0,SEHHO-COBL,4,4192612666351503357,50000,49980,100000.37416588579,100000.37416588579,100000.37416588579,14.056963366019772,P3_heat_exchanger_RC01,394.62948068986924,0.37416588578575216,0.18108503059493208,False
P3_heat_exchanger_RC01,engineering,0,0,SEHHO-COBL,5,1558485685280427402,50000,49980,522.7955917622942,522.7955917622942,522.7955917622942,14.03275188500993,P3_heat_exchanger_RC01,522.7955917622942,0.0,0.0,True
P3_heat_exchanger_RC01,engineering,0,0,SEHHO-COBL,6,4589838661289214647,50000,49980,513.3439381618001,513.3439381618001,513.3439381618001,14.039805284992326,P3_heat_exchanger_RC01,513.3439381618001,0.0,0.0,True
P3_heat_exchanger_RC01,engineering,0,0,SEHHO-COBL,7,3993610849973626751,50000,49980,818.7731614432088,818.7731614432088,818.7731614432088,14.190056246996392,P3_heat_exchanger_RC01,818.7731614432088,0.0,0.0,True
P3_heat_exchanger_RC01,engineering,0,0,SEHHO-COBL,8,82230564105017983,50000,49980,100000.58551765735,100000.58551765735,100000.58551765735,13.697805936011719,P3_heat_exchanger_RC01,466.1112528566066,0.5855176573481411,0.578073311194405,False
P3_heat_exchanger_RC01,engineering,0,0,SEHHO-COBL,9,6308033389855059150,50000,49980,100000.01941124529,100000.01941124529,100000.01941124529,12.339666050975211,P3_heat_exchanger_RC01,287.6069925990796,0.019411245281591983,0.019411245281591983,False
P3_heat_exchanger_RC01,engineering,0,0,SEHHO-COBL,10,6795069394353195073,50000,49980,437.1107790653909,437.1107790653909,437.1107790653909,9.348863681982039,P3_heat_exchanger_RC01,437.1107790653909,0.0,0.0,True
P3_heat_exchanger_RC01,engineering,0,0,SEHHO-COBL,11,6728947377932633918,50000,49980,100000.00011529119,100000.00011529119,100000.00011529119,9.228901338996366,P3_heat_exchanger_RC01,350.8771701911877,0.0001152911799839785,0.0001152911799839785,False
P3_heat_exchanger_RC01,engineering,0,0,SEHHO-COBL,12,2287577557210547143,50000,49980,349.86717791680906,349.86717791680906,349.86717791680906,12.924780137982452,P3_heat_exchanger_RC01,349.86717791680906,0.0,0.0,True
P3_heat_exchanger_RC01,engineering,0,0,SEHHO-COBL,13,2530498432986131697,50000,49980,100000.00944409957,100000.00944409957,100000.00944409957,13.721313667017967,P3_heat_exchanger_RC01,357.42793736846875,0.009444099568308686,0.009434956415848229,False
P3_heat_exchanger_RC01,engineering,0,0,SEHHO-COBL,14,212784437537384165,50000,49980,654.9930453226949,654.9930453226949,654.9930453226949,13.341946170985466,P3_heat_exchanger_RC01,654.9930453226949,0.0,0.0,True
P3_heat_exchanger_RC01,engineering,0,0,SEHHO-COBL,15,8696524623718819986,50000,49980,511.60959207589144,511.60959207589144,511.60959207589144,13.074970587011194,P3_heat_exchanger_RC01,511.60959207589144,0.0,0.0,True
P3_heat_exchanger_RC01,engineering,0,0,SEHHO-COBL,16,3464683701084501719,50000,49980,400.62136567522765,400.62136567522765,400.62136567522765,13.648844263021601,P3_heat_exchanger_RC01,400.62136567522765,0.0,0.0,True
P3_heat_exchanger_RC01,engineering,0,0,SEHHO-COBL,17,7257225510401574582,50000,49980,100000.01164941481,100000.01164941481,100000.01164941481,13.071405822003726,P3_heat_exchanger_RC01,304.3211956512604,0.011649414803318815,0.011649414803318815,False
P3_heat_exchanger_RC01,engineering,0,0,SEHHO-COBL,18,680815489722018170,50000,49980,100002.55238616306,100002.55238616306,100002.55238616306,12.902447651023977,P3_heat_exchanger_RC01,574.2102985161835,2.5523861630572795,2.0403034603852777,False
P3_heat_exchanger_RC01,engineering,0,0,SEHHO-COBL,19,5062670298036064322,50000,49980,100003.48732668335,100003.48732668335,100003.48732668335,12.527922678011237,P3_heat_exchanger_RC01,383.97295934274337,3.48732668335054,1.3546656030859798,False
P3_heat_exchanger_RC01,engineering,0,0,SEHHO-COBL,20,5940837771346555160,50000,49980,325.68932810849867,325.68932810849867,325.68932810849867,13.388208720978582,P3_heat_exchanger_RC01,325.68932810849867,0.0,0.0,True
P3_heat_exchanger_RC01,engineering,0,0,SEHHO-COBL,21,8598420279120465612,50000,49980,100000.01661962642,100000.01661962642,100000.01661962642,12.822242075984832,P3_heat_exchanger_RC01,366.8295412567804,0.016619626421053614,0.016619617839214607,False
P3_heat_exchanger_RC01,engineering,0,0,SEHHO-COBL,22,1286135154486828988,50000,49980,100000.01009493455,100000.01009493455,100000.01009493455,12.754221385985147,P3_heat_exchanger_RC01,301.6614655565117,0.010094934548565016,0.010094934548565016,False
P3_heat_exchanger_RC01,engineering,0,0,SEHHO-COBL,23,1338059915948175723,50000,49980,100000.00242559044,100000.00242559044,100000.00242559044,13.1793445229996,P3_heat_exchanger_RC01,378.46055958778487,0.0024255904440086853,0.0024255904440086853,False
P3_heat_exchanger_RC01,engineering,0,0,SEHHO-COBL,24,4616417958467373565,50000,49980,408.0201861804218,408.0201861804218,408.0201861804218,13.732449594011996,P3_heat_exchanger_RC01,408.0201861804218,0.0,0.0,True
P3_heat_exchanger_RC01,engineering,0,0,SEHHO-COBL,25,8364845435679891761,50000,49980,319.1530566493312,319.1530566493312,319.1530566493312,13.048673724988475,P3_heat_exchanger_RC01,319.1530566493312,0.0,0.0,True
P3_heat_exchanger_RC01,engineering,0,0,SEHHO-COBL,26,987792478301223628,50000,49980,100000.01411530976,100000.01411530976,100000.01411530976,12.910332028986886,P3_heat_exchanger_RC01,406.28367276726334,0.014115309764867835,0.014115045206299238,False
P3_heat_exchanger_RC01,engineering,0,0,SEHHO-COBL,27,7045865852487743093,50000,49980,270.6165471874492,270.6165471874492,270.6165471874492,12.873176079010591,P3_heat_exchanger_RC01,270.6165471874492,0.0,0.0,True
P3_heat_exchanger_RC01,engineering,0,0,SEHHO-COBL,28,9059907720249006992,50000,49980,100002.43003209619,100002.43003209619,100002.43003209619,12.828068925009575,P3_heat_exchanger_RC01,268.92729436994824,2.4300320961894304,1.1343550545327366,False
P3_heat_exchanger_RC01,engineering,0,0,SEHHO-COBL,29,352721855436932021,50000,49980,278.1336668763912,278.1336668763912,278.1336668763912,13.415907943999628,P3_heat_exchanger_RC01,278.1336668763912,2.957880496930838e-10,2.957880496930838e-10,True
P4_blending_pooling_RC06,engineering,0,0,LSHADE,0,588069505063312218,50000,50000,1003.5579204096655,1003.5579204096655,1003.5579204096655,0.45960450000711717,P4_blending_pooling_RC06,2.0106388849866,3.5579204096654538,0.9833156824938628,False
P4_blending_pooling_RC06,engineering,0,0,LSHADE,1,5768784987077602545,50000,50000,1003.1474359998399,1003.1474359998399,1003.1474359998399,0.4656699969782494,P4_blending_pooling_RC06,1.9639068547568546,3.1474359998398587,0.8062273223163555,False
P4_blending_pooling_RC06,engineering,0,0,LSHADE,2,2530080137216596057,50000,50000,1003.2784992945458,1003.2784992945458,1003.2784992945458,0.49398636698606424,P4_blending_pooling_RC06,1.9900648838300756,3.2784992945457336,0.9349697358804667,False
P4_blending_pooling_RC06,engineering,0,0,LSHADE,3,8439019761374079119,50000,50000,1003.1553010146519,1003.1553010146519,1003.1553010146519,0.49741623099544086,P4_blending_pooling_RC06,1.901020058604864,3.155301014651905,0.8298450489915823,False
P4_blending_pooling_RC06,engineering,0,0,LSHADE,4,1606497576438715809,50000,50000,1003.8113171527286,1003.8113171527286,1003.8113171527286,0.5105456059973221,P4_blending_pooling_RC06,1.8374495070831292,3.8113171527286354,0.968257069074,False
P4_blending_pooling_RC06,engineering,0,0,LSHADE,5,3428340935623906228,50000,50000,1003.958965628727,1003.958965628727,1003.958965628727,0.5687340250005946,P4_blending_pooling_RC06,1.7888319206715035,3.9589656287269945,1.0829502922053533,False
P4_blending_pooling_RC06,engineering,0,0,LSHADE,6,4100901560929559086,50000,50000,1002.9684540673462,1002.9684540673462,1002.9684540673462,0.5045380790252239,P4_blending_pooling_RC06,2.126699373506567,2.9684540673462014,0.6561887659917904,False
P4_blending_pooling_RC06,engineering,0,0,LSHADE,7,1152047015780390184,50000,50000,1002.6367424120095,1002.6367424120095,1002.6367424120095,0.47393311499035917,P4_blending_pooling_RC06,2.1052364044414533,2.636742412009491,0.6305030569934768,False
P4_blending_pooling_RC06,engineering,0,0,LSHADE,8,4924595399715579264,50000,50000,1003.4718501562543,1003.4718501562543,1003.4718501562543,0.47634862599079497,P4_blending_pooling_RC06,1.7571902314260894,3.4718501562542534,0.8077300193225689,False
P4_blending_pooling_RC06,engineering,0,0,LSHADE,9,6268658402116074709,50000,50000,1003.0976798592347,1003.0976798592347,1003.0976798592347,0.5190065159986261,P4_blending_pooling_RC06,1.8948102099780784,3.0976798592346975,0.624297524692106,False
P4_blending_pooling_RC06,engineering,0,0,LSHADE,10,1652977282862749922,50000,50000,1003.1501473436392,1003.1501473436392,1003.1501473436392,0.4740062329801731,P4_blending_pooling_RC06,2.378675351483743,3.150147343639255,0.7564531808193141,False
P4_blending_pooling_RC06,engineering,0,0,LSHADE,11,4160978773383591229,50000,50000,1004.7683535381517,1004.7683535381517,1004.7683535381517,0.5158474599884357,P4_blending_pooling_RC06,1.8607261809580797,4.7683535381517315,0.8633953327964156,False
P4_blending_pooling_RC06,engineering,0,0,LSHADE,12,8669724721859669737,50000,50000,1002.5446562335686,1002.5446562335686,1002.5446562335686,0.45495027099968866,P4_blending_pooling_RC06,2.0575803473868035,2.544656233568595,0.6749084488395054,False
P4_blending_pooling_RC06,engineering,0,0,LSHADE,13,8028769795730677590,50000,50000,1003.1769336151239,1003.1769336151239,1003.1769336151239,0.45600235401070677,P4_blending_pooling_RC06,1.947756848851796,3.176933615123914,0.6865842626867048,False
P4_blending_pooling_RC06,engineering,0,0,LSHADE,14,7870233692595732492,50000,50000,1003.5891102026324,1003.5891102026324,1003.5891102026324,0.4454566249914933,P4_blending_pooling_RC06,2.0124869819292557,3.5891102026323343,1.1766119622646871,False
P4_blending_pooling_RC06,engineering,0,0,LSHADE,15,365198973720845064,50000,50000,1004.3503573049522,1004.3503573049522,1004.3503573049522,0.4531932749960106,P4_blending_pooling_RC06,1.9280101086227353,4.350357304952244,1.1180250512370205,False
P4_blending_pooling_RC06,engineering,0,0,LSHADE,16,3049399977346368317,50000,50000,1003.3347687348553,1003.3347687348553,1003.3347687348553,0.4794933939992916,P4_blending_pooling_RC06,2.0181414100672597,3.334768734855322,0.7643998460992061,False
P4_blending_pooling_RC06,engineering,0,0,LSHADE,17,5695048521843086080,50000,50000,1003.9182318974027,1003.9182318974027,1003.9182318974027,0.4493174150120467,P4_blending_pooling_RC06,1.279599450780344,3.918231897402713,0.9501204558353296,False
P4_blending_pooling_RC06,engineering,0,0,LSHADE,18,4060413629951047344,50000,50000,1003.6465166490581,1003.6465166490581,1003.6465166490581,0.4541146339906845,P4_blending_pooling_RC06,1.929300902062042,3.6465166490580203,0.7442621457487149,False
P4_blending_pooling_RC06,engineering,0,0,LSHADE,19,3265706906548153867,50000,50000,1004.7878570366463,1004.7878570366463,1004.7878570366463,0.44838054801221006,P4_blending_pooling_RC06,1.4978422307224006,4.787857036646325,1.3600744997820862,False
P4_blending_pooling_RC06,engineering,0,0,LSHADE,20,1653229796023196566,50000,50000,1004.4784591527988,1004.4784591527988,1004.4784591527988,0.43955897298292257,P4_blending_pooling_RC06,1.8423019522343014,4.478459152798836,0.8453281541956464,False
P4_blending_pooling_RC06,engineering,0,0,LSHADE,21,257649693195648499,50000,50000,1002.2533398518026,1002.2533398518026,1002.2533398518026,0.4706855539989192,P4_blending_pooling_RC06,2.0541905362080444,2.2533398518025836,0.519918357234499,False
P4_blending_pooling_RC06,engineering,0,0,LSHADE,22,383993257069650211,50000,50000,1003.7646258717846,1003.7646258717846,1003.7646258717846,0.4466428790183272,P4_blending_pooling_RC06,1.7536410286347253,3.7646258717845353,0.9103505028609173,False
P4_blending_pooling_RC06,engineering,0,0,LSHADE,23,929825818021442564,50000,50000,1002.1607038744995,1002.1607038744995,1002.1607038744995,0.4380226409994066,P4_blending_pooling_RC06,2.0795558785054,2.1607038744995,0.5963131757913194,False
P4_blending_pooling_RC06,engineering,0,0,LSHADE,24,3586436696345896951,50000,50000,1003.2415320081924,1003.2415320081924,1003.2415320081924,0.4426842149987351,P4_blending_pooling_RC06,1.967911380600761,3.2415320081923733,1.031658551171444,False
P4_blending_pooling_RC06,engineering,0,0,LSHADE,25,3377771762937316908,50000,50000,1002.3953553684994,1002.3953553684994,1002.3953553684994,0.45273805101169273,P4_blending_pooling_RC06,1.9226984862072096,2.3953553684994087,0.4685878353456311,False
P4_blending_pooling_RC06,engineering,0,0,LSHADE,26,3723011400705047905,50000,50000,1003.1995433874322,1003.1995433874322,1003.1995433874322,0.44597460600198247,P4_blending_pooling_RC06,1.9680010184390748,3.199543387432171,0.8618654163329087,False
P4_blending_pooling_RC06,engineering,0,0,LSHADE,27,3961118750200371672,50000,50000,1002.9985551130734,1002.9985551130734,1002.9985551130734,0.43860599599429406,P4_blending_pooling_RC06,2.083297791556337,2.9985551130733374,0.6515408043574313,False
P4_blending_pooling_RC06,engineering,0,0,LSHADE,28,633650701675009889,50000,50000,1004.1853303644917,1004.1853303644917,1004.1853303644917,0.43199697899399325,P4_blending_pooling_RC06,1.8896084735626957,4.1853303644917865,0.9885154565060382,False
P4_blending_pooling_RC06,engineering,0,0,LSHADE,29,544560544041954721,50000,50000,1003.4992011779544,1003.4992011779544,1003.4992011779544,0.44230311998398975,P4_blending_pooling_RC06,1.7628214219570177,3.4992011779544843,0.766600250325105,False
P4_blending_pooling_RC06,engineering,0,0,jSO,0,7682408772309155535,50000,50000,1003.0927532790694,1003.0927532790694,1003.0927532790694,0.5582310059980955,P4_blending_pooling_RC06,2.0884624880448133,3.0927532790694086,0.616077797599252,False
P4_blending_pooling_RC06,engineering,0,0,jSO,1,916799319180791912,50000,50000,1003.7649109743874,1003.7649109743874,1003.7649109743874,0.5594622050120961,P4_blending_pooling_RC06,2.1515495452456643,3.7649109743873916,0.7187505097903657,False
P4_blending_pooling_RC06,engineering,0,0,jSO,2,8119607364645046600,50000,50000,1003.4062343879032,1003.4062343879032,1003.4062343879032,0.5535122849978507,P4_blending_pooling_RC06,2.083152784825336,3.40623438790319,0.8883222631509061,False
P4_blending_pooling_RC06,engineering,0,0,jSO,3,498986992524419644,50000,50000,1003.2191096803634,1003.2191096803634,1003.2191096803634,0.5506097099860199,P4_blending_pooling_RC06,2.1375680023627455,3.2191096803634673,0.8340473883756305,False
P4_blending_pooling_RC06,engineering,0,0,jSO,4,2417265825894549012,50000,50000,1003.1081092389933,1003.1081092389933,1003.1081092389933,0.5472330470220186,P4_blending_pooling_RC06,1.8663300913298366,3.1081092389933302,0.6840225835251998,False
P4_blending_pooling_RC06,engineering,0,0,jSO,5,5480610913673335400,50000,50000,1003.7077297332863,1003.7077297332863,1003.7077297332863,0.556010991014773,P4_blending_pooling_RC06,1.977165050628168,3.707729733286372,0.8100386196557536,False
P4_blending_pooling_RC06,engineering,0,0,jSO,6,4783832578882010506,50000,50000,1003.2204245053846,1003.2204245053846,1003.2204245053846,0.5455717009899672,P4_blending_pooling_RC06,2.2154410455040736,3.220424505384578,0.7732469843624814,False
P4_blending_pooling_RC06,engineering,0,0,jSO,7,898009485400416419,50000,50000,1003.183752155397,1003.183752155397,1003.183752155397,0.5453804129792843,P4_blending_pooling_RC06,2.1228198243585297,3.1837521553969994,0.7025922412948507,False
P4_blending_pooling_RC06,engineering,0,0,jSO,8,6111760223974139099,50000,50000,1004.1624950412223,1004.1624950412223,1004.1624950412223,0.5489767079998273,P4_blending_pooling_RC06,2.427263321227528,4.1624950412223685,0.7892833299234656,False
P4_blending_pooling_RC06,engineering,0,0,jSO,9,8333336294513618501,50000,50000,1003.0661182437519,1003.0661182437519,1003.0661182437519,0.5655276910110842,P4_blending_pooling_RC06,2.3404992851190896,3.0661182437519017,0.6365593459399979,False
P4_blending_pooling_RC06,engineering,0,0,jSO,10,6598665860340136930,50000,50000,1004.4015663612591,1004.4015663612591,1004.4015663612591,0.5678648150060326,P4_blending_pooling_RC06,2.2623137592506737,4.401566361259091,0.8820436113803835,False
P4_blending_pooling_RC06,engineering,0,0,jSO,11,2557074832253767256,50000,50000,1003.0756946897054,1003.0756946897054,1003.0756946897054,0.5814326330146287,P4_blending_pooling_RC06,2.1612350751545373,3.0756946897054016,0.6314711789163941,False
P4_blending_pooling_RC06,engineering,0,0,jSO,12,905349999546823009,50000,50000,1003.6063491763856,1003.6063491763856,1003.6063491763856,0.5614779949828517,P4_blending_pooling_RC06,2.323423384171706,3.606349176385656,0.9327546587083766,False
P4_blending_pooling_RC06,engineering,0,0,jSO,13,6248384505061517906,50000,50000,1002.9928250993636,1002.9928250993636,1002.9928250993636,0.5659029850212391,P4_blending_pooling_RC06,1.8903310873828172,2.992825099363576,0.5921456200269559,False
P4_blending_pooling_RC06,engineering,0,0,jSO,14,1852191825754473071,50000,50000,1002.9735877449602,1002.9735877449602,1002.9735877449602,0.580583900999045,P4_blending_pooling_RC06,2.1500257971033188,2.973587744960254,0.562905034171841,False
P4_blending_pooling_RC06,engineering,0,0,jSO,15,3993668122549850525,50000,50000,1003.3087830559258,1003.3087830559258,1003.3087830559258,0.573434821999399,P4_blending_pooling_RC06,1.9375722777847544,3.3087830559258213,0.633025461724307,False
P4_blending_pooling_RC06,engineering,0,0,jSO,16,4321036174254403308,50000,50000,1003.2973856315639,1003.2973856315639,1003.2973856315639,0.5565871819853783,P4_blending_pooling_RC06,2.1695826051330034,3.2973856315638828,0.7776597690274563,False
P4_blending_pooling_RC06,engineering,0,0,jSO,17,2096789963164098641,50000,50000,1003.8342455239745,1003.8342455239745,1003.8342455239745,0.5436286269978154,P4_blending_pooling_RC06,2.1819080202879535,3.8342455239744178,1.04445399157497,False
P4_blending_pooling_RC06,engineering,0,0,jSO,18,1419501983928321159,50000,50000,1002.7591614499039,1002.7591614499039,1002.7591614499039,0.5373843749985099,P4_blending_pooling_RC06,2.173846871084322,2.759161449903923,0.6628223724660551,False
P4_blending_pooling_RC06,engineering,0,0,jSO,19,86370984047188376,50000,50000,1003.5184442917957,1003.5184442917957,1003.5184442917957,0.5437605839979369,P4_blending_pooling_RC06,2.0615849127271515,3.518444291795709,0.8309770181822682,False
P4_blending_pooling_RC06,engineering,0,0,jSO,20,7663128071609798458,50000,50000,1003.0194563658428,1003.0194563658428,1003.0194563658428,0.5449150200001895,P4_blending_pooling_RC06,1.9502803306590397,3.019456365842802,0.8034934035900225,False
P4_blending_pooling_RC06,engineering,0,0,jSO,21,7835608083182869359,50000,50000,1002.5319006784298,1002.5319006784298,1002.5319006784298,0.5433704020106234,P4_blending_pooling_RC06,2.026101995786748,2.531900678429751,0.5427761785127347,False
P4_blending_pooling_RC06,engineering,0,0,jSO,22,5380628593063326276,50000,50000,1002.5076630287432,1002.5076630287432,1002.5076630287432,0.5396666259912308,P4_blending_pooling_RC06,1.94083604198851,2.5076630287432176,0.9007615302341763,False
P4_blending_pooling_RC06,engineering,0,0,jSO,23,8924079916317583296,50000,50000,1003.3707148334123,1003.3707148334123,1003.3707148334123,0.5420606960251462,P4_blending_pooling_RC06,2.235046641983656,3.370714833412319,0.8701030142444559,False
P4_blending_pooling_RC06,engineering,0,0,jSO,24,1299363296687547892,50000,50000,1003.1711706184216,1003.1711706184216,1003.1711706184216,0.5382074989902321,P4_blending_pooling_RC06,1.9886697515788327,3.171170618421594,0.5471243433045798,False
P4_blending_pooling_RC06,engineering,0,0,jSO,25,2317536155608636317,50000,50000,1002.992700828651,1002.992700828651,1002.992700828651,0.5507979140093084,P4_blending_pooling_RC06,2.249856209196362,2.9927008286509285,0.928095649089087,False
P4_blending_pooling_RC06,engineering,0,0,jSO,26,17322005265849281,50000,50000,1003.2022216538812,1003.2022216538812,1003.2022216538812,0.44341734901536256,P4_blending_pooling_RC06,2.0832863676471582,3.2022216538811863,0.9792577368796656,False
P4_blending_pooling_RC06,engineering,0,0,jSO,27,7923867611158502293,50000,50000,1003.0930375106354,1003.0930375106354,1003.0930375106354,0.4724554040003568,P4_blending_pooling_RC06,2.318585297196138,3.0930375106354706,0.6635879934386466,False
P4_blending_pooling_RC06,engineering,0,0,jSO,28,9032845254119077918,50000,50000,1003.2591087402276,1003.2591087402276,1003.2591087402276,0.5078007080010138,P4_blending_pooling_RC06,1.938384722475376,3.259108740227552,0.6545650621503684,False
P4_blending_pooling_RC06,engineering,0,0,jSO,29,1817830753110560701,50000,50000,1003.620988560622,1003.620988560622,1003.620988560622,0.519088628992904,P4_blending_pooling_RC06,2.0357566806035807,3.620988560621941,0.6934656280814004,False
P3_heat_exchanger_RC01,engineering,0,0,LSHADE,0,758344033173330914,1000000,1000000,100000.01935694294,100000.01935694294,100000.01935694294,16.772524086991325,P3_heat_exchanger_RC01,275.92909765878346,0.019356942936236757,0.01302827249057591,False
P3_heat_exchanger_RC01,engineering,0,0,LSHADE,1,2024377592913379063,1000000,1000000,428.87478445381356,428.87478445381356,428.87478445381356,10.8930754759931,P3_heat_exchanger_RC01,428.87478445381356,9.917351534517228e-09,8.62120322205832e-09,True
P3_heat_exchanger_RC01,engineering,0,0,LSHADE,2,2028334754815062677,1000000,1000000,264.57138779214273,264.57138779214273,264.57138779214273,16.252870980009902,P3_heat_exchanger_RC01,264.57138779214273,9.964146374831636e-09,9.142583757158133e-09,True
P3_heat_exchanger_RC01,engineering,0,0,LSHADE,3,344431716387722272,1000000,1000000,478.8487032917562,478.8487032917562,478.8487032917562,18.45843578601489,P3_heat_exchanger_RC01,478.8487032917562,9.989852773213117e-09,9.841844439501739e-09,True
P3_heat_exchanger_RC01,engineering,0,0,LSHADE,4,2199130576770225432,1000000,1000000,558.9952653753867,558.9952653753867,558.9952653753867,17.69585323598585,P3_heat_exchanger_RC01,558.9952653753867,9.734928607926297e-09,7.280707359309173e-09,True
P3_heat_exchanger_RC01,engineering,0,0,LSHADE,5,5249094720517590321,1000000,1000000,100000.47728422003,100000.47728422003,100000.47728422003,17.599958373990376,P3_heat_exchanger_RC01,677.5904281340394,0.4772842200335059,0.29294899508400696,False
P3_heat_exchanger_RC01,engineering,0,0,LSHADE,6,4950199521657049471,1000000,1000000,267.40920241081966,267.40920241081966,267.40920241081966,17.19580624200171,P3_heat_exchanger_RC01,267.40920241081966,9.841844439501739e-09,9.841844439501739e-09,True
P3_heat_exchanger_RC01,engineering,0,0,LSHADE,7,2967878596244234765,1000000,1000000,100000.0029542969,100000.0029542969,100000.0029542969,16.710335165989818,P3_heat_exchanger_RC01,677.4730882713428,0.002954296893626452,0.0029337900388985874,False
P3_heat_exchanger_RC01,engineering,0,0,LSHADE,8,2377809096495033233,1000000,1000000,551.5813772526234,551.5813772526234,551.5813772526234,17.24680813201121,P3_heat_exchanger_RC01,551.5813772526234,9.999999717438183e-09,9.999999717438183e-09,True
P3_heat_exchanger_RC01,engineering,0,0,LSHADE,9,5889263795023838026,1000000,1000000,100000.05778472047,100000.05778472047,100000.05778472047,17.085345339000924,P3_heat_exchanger_RC01,413.13101574340214,0.057784720462864925,0.03785868111774325,False
P3_heat_exchanger_RC01,engineering,0,0,LSHADE,10,7881690903017551603,1000000,1000000,231.47002152147525,231.47002152147525,231.47002152147525,17.03498463300639,P3_heat_exchanger_RC01,231.47002152147525,9.841844439501739e-09,9.841844439501739e-09,True
P3_heat_exchanger_RC01,engineering,0,0,LSHADE,11,4742743224345994034,1000000,1000000,100000.0336450325,100000.0336450325,100000.0336450325,16.56418365202262,P3_heat_exchanger_RC01,236.0742394607137,0.03364503249887748,0.020183885924743506,False
P3_heat_exchanger_RC01,engineering,0,0,LSHADE,12,5275641470900244364,1000000,1000000,395.04265140727256,395.04265140727256,395.04265140727256,18.180652712995652,P3_heat_exchanger_RC01,395.04265140727256,9.995740361657779e-09,9.995740361657779e-09,True
P3_heat_exchanger_RC01,engineering,0,0,LSHADE,13,8677625969555544041,1000000,1000000,710.2569608484612,710.2569608484612,710.2569608484612,18.049703693017364,P3_heat_exchanger_RC01,710.2569608484612,9.99347356481369e-09,6.582215428347564e-09,True
P3_heat_exchanger_RC01,engineering,0,0,LSHADE,14,2984987569613658235,1000000,1000000,524.9048113085709,524.9048113085709,524.9048113085709,18.25345959002152,P3_heat_exchanger_RC01,524.9048113085709,9.999999084955294e-09,9.841844439501739e-09,True
P3_heat_exchanger_RC01,engineering,0,0,LSHADE,15,1339047902821520867,1000000,1000000,282.84890384909363,282.84890384909363,282.84890384909363,18.3361965729855,P3_heat_exchanger_RC01,282.84890384909363,9.904801845540953e-09,9.841844439501739e-09,True
P3_heat_exchanger_RC01,engineering,0,0,LSHADE,16,1545068445983114176,1000000,1000000,274.1442776500762,274.1442776500762,274.1442776500762,18.579195805010386,P3_heat_exchanger_RC01,274.1442776500762,9.999962684371683e-09,9.594185049530525e-09,True
P3_heat_exchanger_RC01,engineering,0,0,LSHADE,17,4200237489277082384,1000000,1000000,426.62550759574884,426.62550759574884,426.62550759574884,18.048244164994685,P3_heat_exchanger_RC01,426.62550759574884,9.999991371941038e-09,5.155996544035295e-09,True
P3_heat_exchanger_RC01,engineering,0,0,LSHADE,18,3193595504611545249,1000000,1000000,667.8618755327535,667.8618755327535,667.8618755327535,17.68686274398351,P3_heat_exchanger_RC01,667.8618755327535,9.841844439501739e-09,9.841844439501739e-09,True
P3_heat_exchanger_RC01,engineering,0,0,LSHADE,19,7405180775555706377,1000000,1000000,100000.00074802284,100000.00074802284,100000.00074802284,18.597955380973872,P3_heat_exchanger_RC01,631.1427508354325,0.0007480228338880403,0.0004957171664869864,False
P3_heat_exchanger_RC01,engineering,0,0,LSHADE,20,2778780891593208149,1000000,1000000,635.6068642422783,635.6068642422783,635.6068642422783,18.10877794402768,P3_heat_exchanger_RC01,635.6068642422783,0.0,0.0,True
P3_heat_exchanger_RC01,engineering,0,0,LSHADE,21,149183582212585886,1000000,1000000,100000.00156081423,100000.00156081423,100000.00156081423,18.30789192399243,P3_heat_exchanger_RC01,259.52603812819945,0.0015608142337170342,0.001108955654874444,False
P3_heat_exchanger_RC01,engineering,0,0,LSHADE,22,2767889060073466466,1000000,1000000,100000.0035804754,100000.0035804754,100000.0035804754,17.678723288001493,P3_heat_exchanger_RC01,478.0424693931657,0.0035804754012493506,0.0017371979240328073,False
P3_heat_exchanger_RC01,engineering,0,0,LSHADE,23,4106764447085766202,1000000,1000000,100000.00822537625,100000.00822537625,100000.00822537625,17.71743178999168,P3_heat_exchanger_RC01,547.2395902965338,0.00822537624632399,0.007776403862610459,False
P3_heat_exchanger_RC01,engineering,0,0,LSHADE,24,4025760829408873942,1000000,1000000,635.2257585731535,635.2257585731535,635.2257585731535,17.341713847999927,P3_heat_exchanger_RC01,635.2257585731535,9.982248296269139e-09,9.686460246576055e-09,True
P3_heat_exchanger_RC01,engineering,0,0,LSHADE,25,4112106078096902345,1000000,1000000,100000.05337081265,100000.05337081265,100000.05337081265,14.749005410005338,P3_heat_exchanger_RC01,643.6159957315288,0.053370812643992856,0.020862361013516784,False
P3_heat_exchanger_RC01,engineering,0,0,LSHADE,26,1281302931155043022,1000000,1000000,100000.01038056101,100000.01038056101,100000.01038056101,15.001715176011203,P3_heat_exchanger_RC01,601.4767835540317,0.010380561014619639,0.004773067373409867,False
P3_heat_exchanger_RC01,engineering,0,0,LSHADE,27,7173553469296069587,1000000,1000000,471.4498942943968,471.4498942943968,471.4498942943968,18.43514979101019,P3_heat_exchanger_RC01,471.4498942943968,9.999964379033889e-09,7.814641825394024e-09,True
P3_heat_exchanger_RC01,engineering,0,0,LSHADE,28,3721630445944556306,1000000,1000000,637.88597304146,637.88597304146,637.88597304146,16.359796609991463,P3_heat_exchanger_RC01,637.88597304146,0.0,0.0,True
P3_heat_exchanger_RC01,engineering,0,0,LSHADE,29,2960850505049536675,1000000,1000000,100000.00877295426,100000.00877295426,100000.00877295426,17.600980540999444,P3_heat_exchanger_RC01,523.2769882709389,0.008772954262769417,0.004864821971952915,False
P3_heat_exchanger_RC01,engineering,0,0,jSO,0,59979631815357118,1000000,1000000,100000.02313096408,100000.02313096408,100000.02313096408,16.490786256996216,P3_heat_exchanger_RC01,338.6375266763378,0.023130964087288933,0.014302113389223815,False
P3_heat_exchanger_RC01,engineering,0,0,jSO,1,8329546062388403226,1000000,1000000,375.99439039281555,375.99439039281555,375.99439039281555,10.458060395991197,P3_heat_exchanger_RC01,375.99439039281555,0.0,0.0,True
P3_heat_exchanger_RC01,engineering,0,0,jSO,2,6005382722558822268,1000000,1000000,100000.00702904307,100000.00702904307,100000.00702904307,17.655955894995714,P3_heat_exchanger_RC01,797.9100988022246,0.0070290430679482594,0.0070290430679482594,False
P3_heat_exchanger_RC01,engineering,0,0,jSO,3,8107656593933196533,1000000,1000000,100000.0170215847,100000.0170215847,100000.0170215847,18.505210127012106,P3_heat_exchanger_RC01,398.82943417714034,0.017021584709527363,0.01018220751322806,False
P3_heat_exchanger_RC01,engineering,0,0,jSO,4,449301378841585055,1000000,1000000,407.15767764532717,407.15767764532717,407.15767764532717,17.591060475999257,P3_heat_exchanger_RC01,407.15767764532717,9.035529580260623e-09,8.367548753968816e-09,True
P3_heat_exchanger_RC01,engineering,0,0,jSO,5,7199893990616869250,1000000,1000000,423.6223532610954,423.6223532610954,423.6223532610954,17.75326240301365,P3_heat_exchanger_RC01,423.6223532610954,5.604666439610294e-09,2.802333219805147e-09,True
P3_heat_exchanger_RC01,engineering,0,0,jSO,6,41656651329851326,1000000,1000000,100000.04307669339,100000.04307669339,100000.04307669339,15.325460396008566,P3_heat_exchanger_RC01,512.5043488547084,0.04307669339117365,0.02564317599646747,False
P3_heat_exchanger_RC01,engineering,0,0,jSO,7,4291436308390053606,1000000,1000000,100000.2760709402,100000.2760709402,100000.2760709402,16.81562990800012,P3_heat_exchanger_RC01,335.1948504274178,0.2760709402130417,0.27470027498677374,False
P3_heat_exchanger_RC01,engineering,0,0,jSO,8,5650465288730138044,1000000,1000000,346.64974251468465,346.64974251468465,346.64974251468465,18.48299393701018,P3_heat_exchanger_RC01,346.64974251468465,0.0,0.0,True
P3_heat_exchanger_RC01,engineering,0,0,jSO,9,1095569030306626810,1000000,1000000,100000.01061406976,100000.01061406976,100000.01061406976,17.670165816991357,P3_heat_exchanger_RC01,495.18602814560325,0.010614069765242585,0.010614069765242585,False
P3_heat_exchanger_RC01,engineering,0,0,jSO,10,5772156155474686787,1000000,1000000,100000.01261698062,100000.01261698062,100000.01261698062,17.223551800998393,P3_heat_exchanger_RC01,421.6168685569178,0.012616980620609775,0.012616980620609775,False
P3_heat_exchanger_RC01,engineering,0,0,jSO,11,4021576256458428156,1000000,1000000,100000.00015875987,100000.00015875987,100000.00015875987,17.11181764100911,P3_heat_exchanger_RC01,403.13257338128574,0.0001587598743275521,0.0001587598743275521,False
P3_heat_exchanger_RC01,engineering,0,0,jSO,12,1763972938578680552,1000000,1000000,100000.01327451921,100000.01327451921,100000.01327451921,17.244165804993827,P3_heat_exchanger_RC01,385.8122317675018,0.013274519203906265,0.007728998896570738,False
P3_heat_exchanger_RC01,engineering,0,0,jSO,13,2342167391020099910,1000000,1000000,100000.01596381376,100000.01596381376,100000.01596381376,17.181300705007743,P3_heat_exchanger_RC01,598.6541035496818,0.015963813761263646,0.015963813761263646,False
P3_heat_exchanger_RC01,engineering,0,0,jSO,14,5747776992224439949,1000000,1000000,100000.01815944944,100000.01815944944,100000.01815944944,18.091546843992546,P3_heat_exchanger_RC01,363.08559261767215,0.01815944943607283,0.01815944943607283,False
P3_heat_exchanger_RC01,engineering,0,0,jSO,15,7447569512199466903,1000000,1000000,482.35425080151333,482.35425080151333,482.35425080151333,17.735666941007366,P3_heat_exchanger_RC01,482.35425080151333,0.0,0.0,True
P3_heat_exchanger_RC01,engineering,0,0,jSO,16,254636415986254190,1000000,1000000,100000.0171721803,100000.0171721803,100000.0171721803,17.914914620982017,P3_heat_exchanger_RC01,652.6650834737213,0.017172180307259078,0.017172180307259078,False
P3_heat_exchanger_RC01,engineering,0,0,jSO,17,7636970849067938586,1000000,1000000,100000.12062664516,100000.12062664516,100000.12062664516,17.958246394002344,P3_heat_exchanger_RC01,423.096389296581,0.12062664516371295,0.11643014342300594,False
P3_heat_exchanger_RC01,engineering,0,0,jSO,18,8926322094638951420,1000000,1000000,380.78599660562776,380.78599660562776,380.78599660562776,17.36542488099076,P3_heat_exchanger_RC01,380.78599660562776,0.0,0.0,True
P3_heat_exchanger_RC01,engineering,0,0,jSO,19,8667537694258914028,1000000,1000000,410.94810715888815,410.94810715888815,410.94810715888815,17.060830578993773,P3_heat_exchanger_RC01,410.94810715888815,0.0,0.0,True
P3_heat_exchanger_RC01,engineering,0,0,jSO,20,8506335685857429559,1000000,1000000,100000.0020011313,100000.0020011313,100000.0020011313,18.233720767020714,P3_heat_exchanger_RC01,430.73202038002626,0.0020011312993550748,0.0020011312993550748,False
P3_heat_exchanger_RC01,engineering,0,0,jSO,21,6951646588384568011,1000000,1000000,100000.00518267078,100000.00518267078,100000.00518267078,17.65646357598598,P3_heat_exchanger_RC01,488.8644669115083,0.005182670779024556,0.005182670779024556,False
P3_heat_exchanger_RC01,engineering,0,0,jSO,22,8512164186032600582,1000000,1000000,384.07682711991987,384.07682711991987,384.07682711991987,17.459936898987507,P3_heat_exchanger_RC01,384.07682711991987,0.0,0.0,True
P3_heat_exchanger_RC01,engineering,0,0,jSO,23,4914973988142371079,1000000,1000000,437.4195682713665,437.4195682713665,437.4195682713665,19.09923940600129,P3_heat_exchanger_RC01,437.4195682713665,9.99952862950715e-09,9.609013795847869e-09,True
P3_heat_exchanger_RC01,engineering,0,0,jSO,24,494207932544292953,1000000,1000000,414.49350950026474,414.49350950026474,414.49350950026474,17.314997377980035,P3_heat_exchanger_RC01,414.49350950026474,0.0,0.0,True
P3_heat_exchanger_RC01,engineering,0,0,jSO,25,2204470820754821430,1000000,1000000,100000.01631488465,100000.01631488465,100000.01631488465,17.43057587801013,P3_heat_exchanger_RC01,622.2105826179854,0.016314884648384032,0.016314884648384032,False
P3_heat_exchanger_RC01,engineering,0,0,jSO,26,4993652944289256363,1000000,1000000,438.2600009360192,438.2600009360192,438.2600009360192,18.542560972011415,P3_heat_exchanger_RC01,438.2600009360192,9.89122470898779e-09,4.170280672261754e-09,True
P3_heat_exchanger_RC01,engineering,0,0,jSO,27,3198643517549186520,1000000,1000000,100000.00485900657,100000.00485900657,100000.00485900657,17.592535631993087,P3_heat_exchanger_RC01,446.73527848330247,0.00485900656392223,0.00485900656392223,False
P3_heat_exchanger_RC01,engineering,0,0,jSO,28,7773673259999274930,1000000,1000000,100000.01247238227,100000.01247238227,100000.01247238227,17.539532608992886,P3_heat_exchanger_RC01,300.0008543753419,0.01247238226123909,0.011593870311717092,False
P3_heat_exchanger_RC01,engineering,0,0,jSO,29,4668772452056167918,1000000,1000000,568.3618375996439,568.3618375996439,568.3618375996439,17.587475191015983,P3_heat_exchanger_RC01,568.3618375996439,0.0,0.0,True
P4_blending_pooling_RC06,engineering,0,0,LSHADE,0,588069505063312218,200000,200000,1002.6573943400253,1002.6573943400253,1002.6573943400253,1.7975446090276819,P4_blending_pooling_RC06,2.026343736581764,2.6573943400253306,0.6582663991207213,False
P4_blending_pooling_RC06,engineering,0,0,LSHADE,1,5768784987077602545,200000,200000,1002.7107393313536,1002.7107393313536,1002.7107393313536,1.7121685659803916,P4_blending_pooling_RC06,1.6487014006861171,2.710739331353577,0.8251513913572375,False
P4_blending_pooling_RC06,engineering,0,0,LSHADE,2,2530080137216596057,200000,200000,1001.6936858870574,1001.6936858870574,1001.6936858870574,1.8281212490110192,P4_blending_pooling_RC06,1.7632002152902557,1.6936858870573905,0.6121362319543402,False
P4_blending_pooling_RC06,engineering,0,0,LSHADE,3,8439019761374079119,200000,200000,1001.8487913119876,1001.8487913119876,1001.8487913119876,1.8095228649908677,P4_blending_pooling_RC06,2.0622759349692794,1.8487913119876316,1.0259443454638488,False
P4_blending_pooling_RC06,engineering,0,0,LSHADE,4,1606497576438715809,200000,200000,1002.2317620395538,1002.2317620395538,1002.2317620395538,1.7972692619950976,P4_blending_pooling_RC06,1.5796236995725772,2.231762039553834,0.4391028535150161,False
P4_blending_pooling_RC06,engineering,0,0,LSHADE,5,3428340935623906228,200000,200000,1002.6572192455103,1002.6572192455103,1002.6572192455103,1.8076300739776343,P4_blending_pooling_RC06,1.9903197949746037,2.657219245510344,0.8825193859252235,False
P4_blending_pooling_RC06,engineering,0,0,LSHADE,6,4100901560929559086,200000,200000,1001.4360823908547,1001.4360823908547,1001.4360823908547,1.8425090939854272,P4_blending_pooling_RC06,2.0280219683420744,1.436082390854755,0.49461187557604747,False
P4_blending_pooling_RC06,engineering,0,0,LSHADE,7,1152047015780390184,200000,200000,1002.3044957270522,1002.3044957270522,1002.3044957270522,1.9642515759915113,P4_blending_pooling_RC06,2.004635570832596,2.304495727052175,0.7148337746442365,False
P4_blending_pooling_RC06,engineering,0,0,LSHADE,8,4924595399715579264,200000,200000,1002.6066216125752,1002.6066216125752,1002.6066216125752,1.599552602012409,P4_blending_pooling_RC06,1.9993767630195345,2.6066216125751436,0.6900758155017722,False
P4_blending_pooling_RC06,engineering,0,0,LSHADE,9,6268658402116074709,200000,200000,1002.3849702591758,1002.3849702591758,1002.3849702591758,1.6715744670073036,P4_blending_pooling_RC06,1.9481056250976225,2.384970259175792,0.7145316120481763,False
P4_blending_pooling_RC06,engineering,0,0,LSHADE,10,1652977282862749922,200000,200000,1001.5973132734279,1001.5973132734279,1001.5973132734279,1.9034966529870871,P4_blending_pooling_RC06,1.9684607997511452,1.5973132734278597,0.434996624138408,False
P4_blending_pooling_RC06,engineering,0,0,LSHADE,11,4160978773383591229,200000,200000,1002.6700829152253,1002.6700829152253,1002.6700829152253,2.1669122489984147,P4_blending_pooling_RC06,1.8230480848821617,2.6700829152252656,0.8326810954272997,False
P4_blending_pooling_RC06,engineering,0,0,LSHADE,12,8669724721859669737,200000,200000,1002.3924577012341,1002.3924577012341,1002.3924577012341,1.9301833270001225,P4_blending_pooling_RC06,1.9073537760250359,2.392457701234039,0.50850195289242,False
P4_blending_pooling_RC06,engineering,0,0,LSHADE,13,8028769795730677590,200000,200000,1001.4006755640042,1001.4006755640042,1001.4006755640042,2.0592166039859876,P4_blending_pooling_RC06,2.0703942081955624,1.4006755640042217,0.4829983437974278,False
P4_blending_pooling_RC06,engineering,0,0,LSHADE,14,7870233692595732492,200000,200000,1001.7758904394325,1001.7758904394325,1001.7758904394325,2.2522889930114616,P4_blending_pooling_RC06,2.0318804883817307,1.7758904394324846,0.4920931879740476,False
P4_blending_pooling_RC06,engineering,0,0,LSHADE,15,365198973720845064,200000,200000,1002.263648191851,1002.263648191851,1002.263648191851,1.9773944869812112,P4_blending_pooling_RC06,1.9955917836668502,2.2636481918509386,0.7366976462102264,False
P4_blending_pooling_RC06,engineering,0,0,LSHADE,16,3049399977346368317,200000,200000,1001.5006909850664,1001.5006909850664,1001.5006909850664,1.9589590090035927,P4_blending_pooling_RC06,1.9746343331073097,1.5006909850663959,0.30622342775779365,False
P4_blending_pooling_RC06,engineering,0,0,LSHADE,17,5695048521843086080,200000,200000,1001.4860308221367,1001.4860308221367,1001.4860308221367,1.912961266003549,P4_blending_pooling_RC06,1.9085299790306522,1.486030822136794,0.5898593624654895,False
P4_blending_pooling_RC06,engineering,0,0,LSHADE,18,4060413629951047344,200000,200000,1000.9644300490133,1000.9644300490133,1000.9644300490133,1.9319876119843684,P4_blending_pooling_RC06,1.9910225936107544,0.9644300490132968,0.35931642568684774,False
P4_blending_pooling_RC06,engineering,0,0,LSHADE,19,3265706906548153867,200000,200000,1001.3712214346197,1001.3712214346197,1001.3712214346197,1.874149319017306,P4_blending_pooling_RC06,2.221718011351073,1.3712214346196958,0.4777510531440941,False
P4_blending_pooling_RC06,engineering,0,0,LSHADE,20,1653229796023196566,200000,200000,1002.2265901389621,1002.2265901389621,1002.2265901389621,1.8310183820140082,P4_blending_pooling_RC06,2.0335654287283993,2.2265901389621146,0.6391252277381508,False
P4_blending_pooling_RC06,engineering,0,0,LSHADE,21,257649693195648499,200000,200000,1001.390086253604,1001.390086253604,1001.390086253604,1.8663770309940446,P4_blending_pooling_RC06,2.070861782897807,1.3900862536039935,0.5059447256604827,False
P4_blending_pooling_RC06,engineering,0,0,LSHADE,22,383993257069650211,200000,200000,1001.448306128294,1001.448306128294,1001.448306128294,1.8404912000114564,P4_blending_pooling_RC06,2.034768894702695,1.4483061282939844,0.4543713581171189,False
P4_blending_pooling_RC06,engineering,0,0,LSHADE,23,929825818021442564,200000,200000,1002.322618155914,1002.322618155914,1002.322618155914,1.87851259301533,P4_blending_pooling_RC06,1.36161626897872,2.3226181559139873,0.6850452016052158,False
P4_blending_pooling_RC06,engineering,0,0,LSHADE,24,3586436696345896951,200000,200000,1002.0223297616812,1002.0223297616812,1002.0223297616812,1.8646453140245285,P4_blending_pooling_RC06,2.134495554334491,2.022329761681303,0.607455404258395,False
P4_blending_pooling_RC06,engineering,0,0,LSHADE,25,3377771762937316908,200000,200000,1001.9059615829837,1001.9059615829837,1001.9059615829837,1.808261648984626,P4_blending_pooling_RC06,1.852492003907272,1.9059615829836445,0.5144974365031023,False
P4_blending_pooling_RC06,engineering,0,0,LSHADE,26,3723011400705047905,200000,200000,1002.6030853951378,1002.6030853951378,1002.6030853951378,1.8144624600245152,P4_blending_pooling_RC06,1.878844763118547,2.6030853951378234,0.7830948595472883,False
P4_blending_pooling_RC06,engineering,0,0,LSHADE,27,3961118750200371672,200000,200000,1001.6921563535387,1001.6921563535387,1001.6921563535387,1.8346687489829492,P4_blending_pooling_RC06,2.137901306725122,1.6921563535386912,0.5194839298953029,False
P4_blending_pooling_RC06,engineering,0,0,LSHADE,28,633650701675009889,200000,200000,1001.5813965444763,1001.5813965444763,1001.5813965444763,1.9405259359919,P4_blending_pooling_RC06,2.2051744195274807,1.5813965444763223,0.4963208733182879,False
P4_blending_pooling_RC06,engineering,0,0,LSHADE,29,544560544041954721,200000,200000,1002.9040542912941,1002.9040542912941,1002.9040542912941,1.9658673859958071,P4_blending_pooling_RC06,1.6724127518667595,2.904054291294114,0.7252826382655537,False
P4_blending_pooling_RC06,engineering,0,0,jSO,0,7682408772309155535,200000,200000,1002.5703288087469,1002.5703288087469,1002.5703288087469,2.1245470980065875,P4_blending_pooling_RC06,2.0647876379158676,2.5703288087468668,0.6952724386846684,False
P4_blending_pooling_RC06,engineering,0,0,jSO,1,916799319180791912,200000,200000,1001.5109310314054,1001.5109310314054,1001.5109310314054,2.13366657300503,P4_blending_pooling_RC06,2.2663045698060342,1.5109310314054323,0.5252222399394366,False
P4_blending_pooling_RC06,engineering,0,0,jSO,2,8119607364645046600,200000,200000,1002.2244798914352,1002.2244798914352,1002.2244798914352,2.1950645120232366,P4_blending_pooling_RC06,2.1465853472077088,2.2244798914351533,0.6349036323925358,False
P4_blending_pooling_RC06,engineering,0,0,jSO,3,498986992524419644,200000,200000,1002.0438858593333,1002.0438858593333,1002.0438858593333,2.1588596859946847,P4_blending_pooling_RC06,2.3053466429600853,2.043885859333317,0.5776567945173887,False
P4_blending_pooling_RC06,engineering,0,0,jSO,4,2417265825894549012,200000,200000,1002.5239330376556,1002.5239330376556,1002.5239330376556,2.201503609016072,P4_blending_pooling_RC06,2.2950701309332686,2.523933037655609,0.5331287888032703,False
P4_blending_pooling_RC06,engineering,0,0,jSO,5,5480610913673335400,200000,200000,1002.8309937207888,1002.8309937207888,1002.8309937207888,2.2016193059971556,P4_blending_pooling_RC06,2.049390596927557,2.8309937207888014,0.6968187751566708,False
P4_blending_pooling_RC06,engineering,0,0,jSO,6,4783832578882010506,200000,200000,1002.0257016679984,1002.0257016679984,1002.0257016679984,2.318670298001962,P4_blending_pooling_RC06,2.212036118142506,2.025701667998381,0.5041059490075503,False
P4_blending_pooling_RC06,engineering,0,0,jSO,7,898009485400416419,200000,200000,1002.7463824850099,1002.7463824850099,1002.7463824850099,2.2506034210091457,P4_blending_pooling_RC06,2.236755624378871,2.7463824850099057,0.7958535306863788,False
P4_blending_pooling_RC06,engineering,0,0,jSO,8,6111760223974139099,200000,200000,1001.753738128822,1001.753738128822,1001.753738128822,2.228630358004011,P4_blending_pooling_RC06,2.2049415005287605,1.7537381288219196,0.49642431032198175,False
P4_blending_pooling_RC06,engineering,0,0,jSO,9,8333336294513618501,200000,200000,1002.407991695328,1002.407991695328,1002.407991695328,1.9381679339858238,P4_blending_pooling_RC06,1.9662518564790257,2.407991695327994,0.6660226840421304,False
P4_blending_pooling_RC06,engineering,0,0,jSO,10,6598665860340136930,200000,200000,1002.1629066628221,1002.1629066628221,1002.1629066628221,2.0227962729986757,P4_blending_pooling_RC06,2.0223951071940545,2.1629066628221243,0.6395374290084451,False
P4_blending_pooling_RC06,engineering,0,0,jSO,11,2557074832253767256,200000,200000,1002.9004564702741,1002.9004564702741,1002.9004564702741,2.256103507010266,P4_blending_pooling_RC06,2.326001345289141,2.9004564702741393,0.7127489695569293,False
P4_blending_pooling_RC06,engineering,0,0,jSO,12,905349999546823009,200000,200000,1003.0502883033691,1003.0502883033691,1003.0502883033691,2.710910438996507,P4_blending_pooling_RC06,1.9847474988857057,3.050288303369108,0.9027439088309042,False
P4_blending_pooling_RC06,engineering,0,0,jSO,13,6248384505061517906,200000,200000,1002.4623637333053,1002.4623637333053,1002.4623637333053,2.2166058550064918,P4_blending_pooling_RC06,2.143407480865247,2.462363733305268,0.5755931274227034,False
P4_blending_pooling_RC06,engineering,0,0,jSO,14,1852191825754473071,200000,200000,1001.7837457988325,1001.7837457988325,1001.7837457988325,2.248650227993494,P4_blending_pooling_RC06,2.2561742648640912,1.783745798832403,0.6392354646885304,False
P4_blending_pooling_RC06,engineering,0,0,jSO,15,3993668122549850525,200000,200000,1002.2315007903888,1002.2315007903888,1002.2315007903888,2.0838408500130754,P4_blending_pooling_RC06,2.0551756392505003,2.231500790388887,0.49280675841819943,False
P4_blending_pooling_RC06,engineering,0,0,jSO,16,4321036174254403308,200000,200000,1002.0395754499635,1002.0395754499635,1002.0395754499635,2.110735031979857,P4_blending_pooling_RC06,2.4794617887535395,2.0395754499635204,0.5769007899296844,False
P4_blending_pooling_RC06,engineering,0,0,jSO,17,2096789963164098641,200000,200000,1001.2963291227102,1001.2963291227102,1001.2963291227102,2.233524598996155,P4_blending_pooling_RC06,2.319026642180082,1.2963291227101776,0.47674012139566413,False
P4_blending_pooling_RC06,engineering,0,0,jSO,18,1419501983928321159,200000,200000,1002.5430088596113,1002.5430088596113,1002.5430088596113,2.1759409829974174,P4_blending_pooling_RC06,2.1706387559156717,2.5430088596112954,0.7000497932463403,False
P4_blending_pooling_RC06,engineering,0,0,jSO,19,86370984047188376,200000,200000,1002.7548825175428,1002.7548825175428,1002.7548825175428,2.335180424997816,P4_blending_pooling_RC06,2.109168249688074,2.7548825175428338,0.6742454443300419,False
P4_blending_pooling_RC06,engineering,0,0,jSO,20,7663128071609798458,200000,200000,1001.6111184825053,1001.6111184825053,1001.6111184825053,2.1788210250088014,P4_blending_pooling_RC06,2.2122291230730378,1.611118482505307,0.5490072928432883,False
P4_blending_pooling_RC06,engineering,0,0,jSO,21,7835608083182869359,200000,200000,1002.6411508132999,1002.6411508132999,1002.6411508132999,2.302546977996826,P4_blending_pooling_RC06,2.248688960273199,2.641150813299831,0.6281485153083388,False
P4_blending_pooling_RC06,engineering,0,0,jSO,22,5380628593063326276,200000,200000,1001.5624455684664,1001.5624455684664,1001.5624455684664,2.064287104003597,P4_blending_pooling_RC06,2.169128325232668,1.5624455684664431,0.4291805092828231,False
P4_blending_pooling_RC06,engineering,0,0,jSO,23,8924079916317583296,200000,200000,1001.4399238040639,1001.4399238040639,1001.4399238040639,2.0736624090059195,P4_blending_pooling_RC06,2.297412575441014,1.439923804063891,0.45805391539999885,False
P4_blending_pooling_RC06,engineering,0,0,jSO,24,1299363296687547892,200000,200000,1002.4290903374593,1002.4290903374593,1002.4290903374593,2.06797190499492,P4_blending_pooling_RC06,2.2048230135717226,2.42909033745931,0.5556092627164614,False
P4_blending_pooling_RC06,engineering,0,0,jSO,25,2317536155608636317,200000,200000,1002.1510452316887,1002.1510452316887,1002.1510452316887,2.0779900859924965,P4_blending_pooling_RC06,2.390890874028615,2.1510452316887294,0.7839834809641593,False
P4_blending_pooling_RC06,engineering,0,0,jSO,26,17322005265849281,200000,200000,1001.5278038110454,1001.5278038110454,1001.5278038110454,2.06889586802572,P4_blending_pooling_RC06,2.2366185982770057,1.5278038110453267,0.3920305799867639,False
P4_blending_pooling_RC06,engineering,0,0,jSO,27,7923867611158502293,200000,200000,1002.289026316231,1002.289026316231,1002.289026316231,2.0723953820124734,P4_blending_pooling_RC06,2.4672874125776154,2.289026316230978,0.515401653317796,False
P4_blending_pooling_RC06,engineering,0,0,jSO,28,9032845254119077918,200000,200000,1001.6535121362726,1001.6535121362726,1001.6535121362726,2.11101306398632,P4_blending_pooling_RC06,2.2164371930362767,1.6535121362726002,0.45700969054376483,False
P4_blending_pooling_RC06,engineering,0,0,jSO,29,1817830753110560701,200000,200000,1002.6432358818076,1002.6432358818076,1002.6432358818076,2.0062000959878787,P4_blending_pooling_RC06,2.032693520820392,2.6432358818076835,0.6332664038271528,False
P4_blending_pooling_RC06,engineering,0,0,LSHADE,0,588069505063312218,1000000,1000000,1000.4250524573034,1000.4250524573034,1000.4250524573034,9.146279271983076,P4_blending_pooling_RC06,2.362249919405187,0.42505245730338126,0.4209546141332887,False
P4_blending_pooling_RC06,engineering,0,0,LSHADE,1,5768784987077602545,1000000,1000000,1000.5445109754529,1000.5445109754529,1000.5445109754529,9.278326391999144,P4_blending_pooling_RC06,2.0412239451821454,0.5445109754529626,0.4422924383849906,False
P4_blending_pooling_RC06,engineering,0,0,LSHADE,2,2530080137216596057,1000000,1000000,1000.2656261854721,1000.2656261854721,1000.2656261854721,8.979012133990182,P4_blending_pooling_RC06,2.0330079571698834,0.2656261854720676,0.26015842739209494,False
P4_blending_pooling_RC06,engineering,0,0,LSHADE,3,8439019761374079119,1000000,1000000,1000.0652691152563,1000.0652691152563,1000.0652691152563,8.917686159984441,P4_blending_pooling_RC06,2.1665017608692816,0.06526911525634117,0.046950809282540994,False
P4_blending_pooling_RC06,engineering,0,0,LSHADE,4,1606497576438715809,1000000,1000000,1001.3097930101089,1001.3097930101089,1001.3097930101089,8.77781032701023,P4_blending_pooling_RC06,2.4200014948974866,1.3097930101089017,0.7953978655768422,False
P4_blending_pooling_RC06,engineering,0,0,LSHADE,5,3428340935623906228,1000000,1000000,1001.0672549231698,1001.0672549231698,1001.0672549231698,9.05809663599939,P4_blending_pooling_RC06,2.366236803176201,1.0672549231697657,0.5015362117863736,False
P4_blending_pooling_RC06,engineering,0,0,LSHADE,6,4100901560929559086,1000000,1000000,1001.1303201461367,1001.1303201461367,1001.1303201461367,9.160696553997695,P4_blending_pooling_RC06,2.547021957867388,1.1303201461366512,0.5131976369900276,False
P4_blending_pooling_RC06,engineering,0,0,LSHADE,7,1152047015780390184,1000000,1000000,1000.1747364572386,1000.1747364572386,1000.1747364572386,8.610512070008554,P4_blending_pooling_RC06,2.103000572371581,0.17473645723863626,0.13583940768763636,False
P4_blending_pooling_RC06,engineering,0,0,LSHADE,8,4924595399715579264,1000000,1000000,1000.2970680684465,1000.2970680684465,1000.2970680684465,8.604602976993192,P4_blending_pooling_RC06,2.0140308210992175,0.2970680684464665,0.28817365684717966,False
P4_blending_pooling_RC06,engineering,0,0,LSHADE,9,6268658402116074709,1000000,1000000,1002.0789504552667,1002.0789504552667,1002.0789504552667,8.985552861006,P4_blending_pooling_RC06,2.01288118640485,2.0789504552667166,0.7252904047639868,False
P4_blending_pooling_RC06,engineering,0,0,LSHADE,10,1652977282862749922,1000000,1000000,1001.1997156649538,1001.1997156649538,1001.1997156649538,8.675899622001452,P4_blending_pooling_RC06,2.6699840250871927,1.199715664953847,0.49540662258877316,False
P4_blending_pooling_RC06,engineering,0,0,LSHADE,11,4160978773383591229,1000000,1000000,1000.2687301451103,1000.2687301451103,1000.2687301451103,9.262747322005453,P4_blending_pooling_RC06,2.3700207210824247,0.2687301451103451,0.14997486265569115,False
P4_blending_pooling_RC06,engineering,0,0,LSHADE,12,8669724721859669737,1000000,1000000,1000.5784812134353,1000.5784812134353,1000.5784812134353,9.09561643798952,P4_blending_pooling_RC06,2.435976552236536,0.5784812134353225,0.5029656848355188,False
P4_blending_pooling_RC06,engineering,0,0,LSHADE,13,8028769795730677590,1000000,1000000,1001.0467036387746,1001.0467036387746,1001.0467036387746,9.358512370003155,P4_blending_pooling_RC06,1.8837998520335777,1.0467036387745612,0.4247009348445048,False
P4_blending_pooling_RC06,engineering,0,0,LSHADE,14,7870233692595732492,1000000,1000000,1000.4410536572769,1000.4410536572769,1000.4410536572769,9.333238735998748,P4_blending_pooling_RC06,2.0498962195762616,0.4410536572768874,0.4361005465968656,False
P4_blending_pooling_RC06,engineering,0,0,LSHADE,15,365198973720845064,1000000,1000000,1000.3248830493617,1000.3248830493617,1000.3248830493617,9.13633783601108,P4_blending_pooling_RC06,2.5486836069113794,0.32488304936174184,0.27687556095567545,False
P4_blending_pooling_RC06,engineering,0,0,LSHADE,16,3049399977346368317,1000000,1000000,1000.1451019982218,1000.1451019982218,1000.1451019982218,9.272425374016166,P4_blending_pooling_RC06,2.159191608871316,0.1451019982217694,0.09432416859232716,False
P4_blending_pooling_RC06,engineering,0,0,LSHADE,17,5695048521843086080,1000000,1000000,1001.6150424817122,1001.6150424817122,1001.6150424817122,8.413674228999298,P4_blending_pooling_RC06,2.135168433602162,1.6150424817121407,0.5675322177569136,False
P4_blending_pooling_RC06,engineering,0,0,LSHADE,18,4060413629951047344,1000000,1000000,1001.5811356066979,1001.5811356066979,1001.5811356066979,8.09758255298948,P4_blending_pooling_RC06,2.313587425565797,1.5811356066978444,0.757958466183831,False
P4_blending_pooling_RC06,engineering,0,0,LSHADE,19,3265706906548153867,1000000,1000000,1000.1546473581659,1000.1546473581659,1000.1546473581659,8.21513192000566,P4_blending_pooling_RC06,1.9736532564250884,0.15464735816589922,0.045169491996497065,False
P4_blending_pooling_RC06,engineering,0,0,LSHADE,20,1653229796023196566,1000000,1000000,1000.0924568806773,1000.0924568806773,1000.0924568806773,8.230485907988623,P4_blending_pooling_RC06,2.149666356769299,0.09245688067736772,0.0475054122353331,False
P4_blending_pooling_RC06,engineering,0,0,LSHADE,21,257649693195648499,1000000,1000000,1001.8148084102066,1001.8148084102066,1001.8148084102066,9.376412302983226,P4_blending_pooling_RC06,2.0706476744519224,1.81480841020669,0.6090938058685037,False
P4_blending_pooling_RC06,engineering,0,0,LSHADE,22,383993257069650211,1000000,1000000,1001.2413555655693,1001.2413555655693,1001.2413555655693,9.017583648994332,P4_blending_pooling_RC06,2.439405266653649,1.241355565569239,0.5007818613076521,False
P4_blending_pooling_RC06,engineering,0,0,LSHADE,23,929825818021442564,1000000,1000000,1001.4456402203575,1001.4456402203575,1001.4456402203575,9.292602778994478,P4_blending_pooling_RC06,2.421556167241926,1.4456402203575691,0.5001405100440477,False
P4_blending_pooling_RC06,engineering,0,0,LSHADE,24,3586436696345896951,1000000,1000000,1000.4524483627372,1000.4524483627372,1000.4524483627372,8.573108175012749,P4_blending_pooling_RC06,2.220925933077045,0.45244836273722894,0.4223551049134674,False
P4_blending_pooling_RC06,engineering,0,0,LSHADE,25,3377771762937316908,1000000,1000000,1001.2281459789431,1001.2281459789431,1001.2281459789431,8.25231470100698,P4_blending_pooling_RC06,2.490337046981543,1.228145978943067,0.7955029273300946,False
P4_blending_pooling_RC06,engineering,0,0,LSHADE,26,3723011400705047905,1000000,1000000,1001.3481214775451,1001.3481214775451,1001.3481214775451,8.272645983990515,P4_blending_pooling_RC06,2.4243516565907397,1.34812147754505,0.49974626009469464,False
P4_blending_pooling_RC06,engineering,0,0,LSHADE,27,3961118750200371672,1000000,1000000,1001.2749797014853,1001.2749797014853,1001.2749797014853,7.849913130979985,P4_blending_pooling_RC06,2.488931942789185,1.2749797014853603,0.8205387385889209,False
P4_blending_pooling_RC06,engineering,0,0,LSHADE,28,633650701675009889,1000000,1000000,1001.3186624510228,1001.3186624510228,1001.3186624510228,8.695369799999753,P4_blending_pooling_RC06,2.36502809472642,1.3186624510228169,0.6576234936957348,False
P4_blending_pooling_RC06,engineering,0,0,LSHADE,29,544560544041954721,1000000,1000000,1000.5034746245484,1000.5034746245484,1000.5034746245484,7.917156133014942,P4_blending_pooling_RC06,2.156553311179875,0.503474624548373,0.453906294666158,False
P4_blending_pooling_RC06,engineering,0,0,SEHHO-COBL,0,8026546316644477289,50000,49980,1003.2653740583564,1003.2653740583564,1003.2653740583564,23.57489568600431,P4_blending_pooling_RC06,1.9369986097595515,3.265374058356407,0.8541541689362723,False
P4_blending_pooling_RC06,engineering,0,0,SEHHO-COBL,1,7057281333216600022,50000,49980,1002.6843083430686,1002.6843083430686,1002.6843083430686,23.593075343989767,P4_blending_pooling_RC06,1.9714869090002052,2.6843083430685195,0.670288151134494,False
P4_blending_pooling_RC06,engineering,0,0,SEHHO-COBL,2,7992800114280123568,50000,49980,1020.2218656222611,1020.2218656222611,1020.2218656222611,22.943706438993104,P4_blending_pooling_RC06,1.9852977254189201,20.22186562226113,15.074095743221658,False
P4_blending_pooling_RC06,engineering,0,0,SEHHO-COBL,3,3506182232673757568,50000,49980,1003.9035752050715,1003.9035752050715,1003.9035752050715,22.374480762024177,P4_blending_pooling_RC06,2.389153502771756,3.903575205071581,0.6519495572138909,False
P4_blending_pooling_RC06,engineering,0,0,SEHHO-COBL,4,3263515439277455416,50000,49980,1003.8803800318959,1003.8803800318959,1003.8803800318959,23.33173793600872,P4_blending_pooling_RC06,1.7783398755076685,3.8803800318959407,0.9249509354926574,False
P4_blending_pooling_RC06,engineering,0,0,SEHHO-COBL,5,661927418340404277,50000,49980,1013.7174796243957,1013.7174796243957,1013.7174796243957,24.47769176302245,P4_blending_pooling_RC06,2.2620610816793856,13.717479624395683,4.78911079953998,False
P4_blending_pooling_RC06,engineering,0,0,SEHHO-COBL,6,5621072511460293338,50000,49980,1010.1103470265847,1010.1103470265847,1010.1103470265847,22.761351852008374,P4_blending_pooling_RC06,1.8018779759839547,10.110347026584705,5.622998160565881,False
P4_blending_pooling_RC06,engineering,0,0,SEHHO-COBL,7,213665876517836206,50000,49980,1004.0015093004382,1004.0015093004382,1004.0015093004382,22.819359241984785,P4_blending_pooling_RC06,2.0620966635804674,4.001509300438215,0.6440925818830991,False
P4_blending_pooling_RC06,engineering,0,0,SEHHO-COBL,8,4612111793516829936,50000,49980,1004.5567042988403,1004.5567042988403,1004.5567042988403,22.862999675009632,P4_blending_pooling_RC06,2.3697255569101325,4.556704298840268,0.8502076261027471,False
P4_blending_pooling_RC06,engineering,0,0,SEHHO-COBL,9,6997065959924244877,50000,49980,1004.0458942337681,1004.0458942337681,1004.0458942337681,22.419623030989897,P4_blending_pooling_RC06,2.182430235674671,4.0458942337680766,1.1556194831262525,False
P4_blending_pooling_RC06,engineering,0,0,SEHHO-COBL,10,5140841445584764985,50000,49980,1006.1364127493345,1006.1364127493345,1006.1364127493345,22.03459391600336,P4_blending_pooling_RC06,2.6626443614049844,6.136412749334436,1.0107034383786317,False
P4_blending_pooling_RC06,engineering,0,0,SEHHO-COBL,11,6280224621904534455,50000,49980,1026.154113424156,1026.154113424156,1026.154113424156,22.800898305984447,P4_blending_pooling_RC06,1.3829826974582964,26.154113424156208,19.471404741954668,False
P4_blending_pooling_RC06,engineering,0,0,SEHHO-COBL,12,3917502766141290323,50000,49980,1024.284845598935,1024.284845598935,1024.284845598935,22.467890483007068,P4_blending_pooling_RC06,2.171590818637407,24.284845598934886,18.56971370707733,False
P4_blending_pooling_RC06,engineering,0,0,SEHHO-COBL,13,2334328574534628786,50000,49980,1004.1185976848874,1004.1185976848874,1004.1185976848874,21.04689213898382,P4_blending_pooling_RC06,2.303588327730357,4.118597684887373,0.6752865403822023,False
P4_blending_pooling_RC06,engineering,0,0,SEHHO-COBL,14,6008555951214004183,50000,49980,1025.4034919353935,1025.4034919353935,1025.4034919353935,24.69853593100561,P4_blending_pooling_RC06,2.2196427699227916,25.403491935393394,19.39697365485877,False
P4_blending_pooling_RC06,engineering,0,0,SEHHO-COBL,15,3769128140392230629,50000,49980,1005.1774165530438,1005.1774165530438,1005.1774165530438,21.069738430000143,P4_blending_pooling_RC06,2.444462202900203,5.177416553043848,0.6577986125717994,False
P4_blending_pooling_RC06,engineering,0,0,SEHHO-COBL,16,4634552005488787009,50000,49980,1002.4349647110048,1002.4349647110048,1002.4349647110048,20.810603842983255,P4_blending_pooling_RC06,2.1326187642456604,2.4349647110048482,0.4250178938923479,False
P4_blending_pooling_RC06,engineering,0,0,SEHHO-COBL,17,3701014640668594608,50000,49980,1023.690937497617,1023.690937497617,1023.690937497617,21.559995563002303,P4_blending_pooling_RC06,2.1624760574319755,23.690937497617004,20.043564066646706,False
P4_blending_pooling_RC06,engineering,0,0,SEHHO-COBL,18,7821954790251796713,50000,49980,1004.2599611033152,1004.2599611033152,1004.2599611033152,19.73206475097686,P4_blending_pooling_RC06,2.517387677943514,4.259961103315188,0.9664876240996959,False
P4_blending_pooling_RC06,engineering,0,0,SEHHO-COBL,19,8257310478945203902,50000,49980,1007.9790540035418,1007.9790540035418,1007.9790540035418,22.735070438997354,P4_blending_pooling_RC06,2.059066747531124,7.979054003541799,2.1154778166870716,False
P4_blending_pooling_RC06,engineering,0,0,SEHHO-COBL,20,4543689958418783981,50000,49980,1002.825392582224,1002.825392582224,1002.825392582224,21.42434205900645,P4_blending_pooling_RC06,1.5308356036961888,2.8253925822240293,0.6306395842675528,False
P4_blending_pooling_RC06,engineering,0,0,SEHHO-COBL,21,4050828008949653408,50000,49980,1003.7341277413126,1003.7341277413126,1003.7341277413126,21.039636189001612,P4_blending_pooling_RC06,1.4228649341517041,3.7341277413125393,0.9078431675536907,False
P4_blending_pooling_RC06,engineering,0,0,SEHHO-COBL,22,3185057610767168136,50000,49980,1004.1798222126711,1004.1798222126711,1004.1798222126711,20.92370375597966,P4_blending_pooling_RC06,2.2584503724646856,4.179822212671123,1.189364744880033,False
P4_blending_pooling_RC06,engineering,0,0,SEHHO-COBL,23,5582959027091191931,50000,49980,1012.6102276462523,1012.6102276462523,1012.6102276462523,22.26340667999466,P4_blending_pooling_RC06,1.7089047102114718,12.610227646252216,7.874130420754131,False
P4_blending_pooling_RC06,engineering,0,0,SEHHO-COBL,24,6975864939591549108,50000,49980,1023.9379184701908,1023.9379184701908,1023.9379184701908,23.081448599987198,P4_blending_pooling_RC06,1.8361824320768991,23.93791847019076,19.976080868516387,False
P4_blending_pooling_RC06,engineering,0,0,SEHHO-COBL,25,399912850429359206,50000,49980,1014.8398757132612,1014.8398757132612,1014.8398757132612,22.909299434977584,P4_blending_pooling_RC06,2.2905425910606247,14.839875713261177,8.945113618447206,False
P4_blending_pooling_RC06,engineering,0,0,SEHHO-COBL,26,7617732674243519908,50000,49980,1003.5518545699583,1003.5518545699583,1003.5518545699583,21.829194445017492,P4_blending_pooling_RC06,2.1562039499856507,3.551854569958361,0.8387967367829762,False
P4_blending_pooling_RC06,engineering,0,0,SEHHO-COBL,27,5614887786833976711,50000,49980,1007.3595154915184,1007.3595154915184,1007.3595154915184,22.357311708998168,P4_blending_pooling_RC06,2.122855658921182,7.359515491518429,4.877928595076316,False
P4_blending_pooling_RC06,engineering,0,0,SEHHO-COBL,28,2686813263292883988,50000,49980,1015.1574077796661,1015.1574077796661,1015.1574077796661,22.460927321983036,P4_blending_pooling_RC06,2.2395692588268084,15.157407779666057,6.3862064924253765,False
P4_blending_pooling_RC06,engineering,0,0,SEHHO-COBL,29,3439077626324662623,50000,49980,1004.7293984270532,1004.7293984270532,1004.7293984270532,19.682407804997638,P4_blending_pooling_RC06,2.1219685338758927,4.729398427053159,0.8860389909862183,False
P4_blending_pooling_RC06,engineering,0,0,jSO,0,7682408772309155535,1000000,1000000,1001.4804609657627,1001.4804609657627,1001.4804609657627,9.697534493985586,P4_blending_pooling_RC06,2.3466390297004236,1.480460965762767,0.8387897715308329,False
P4_blending_pooling_RC06,engineering,0,0,jSO,1,916799319180791912,1000000,1000000,1000.6665948135283,1000.6665948135283,1000.6665948135283,10.042806309997104,P4_blending_pooling_RC06,2.300905537573552,0.666594813528226,0.4626973258362042,False
P4_blending_pooling_RC06,engineering,0,0,jSO,2,8119607364645046600,1000000,1000000,1001.9916497437197,1001.9916497437197,1001.9916497437197,10.060024074016837,P4_blending_pooling_RC06,2.2208100532054624,1.991649743719624,0.6829528882702713,False
P4_blending_pooling_RC06,engineering,0,0,jSO,3,498986992524419644,1000000,1000000,1001.6419441930541,1001.6419441930541,1001.6419441930541,10.172564987995429,P4_blending_pooling_RC06,2.6256570821094334,1.6419441930540928,0.5902587681011724,False
P4_blending_pooling_RC06,engineering,0,0,jSO,4,2417265825894549012,1000000,1000000,1001.2486318979767,1001.2486318979767,1001.2486318979767,10.303486165008508,P4_blending_pooling_RC06,2.652668260458966,1.248631897976736,0.7538336600106234,False
P4_blending_pooling_RC06,engineering,0,0,jSO,5,5480610913673335400,1000000,1000000,1001.2136431694239,1001.2136431694239,1001.2136431694239,9.428147678001551,P4_blending_pooling_RC06,2.5273626267596576,1.213643169423897,0.753927658967121,False
P4_blending_pooling_RC06,engineering,0,0,jSO,6,4783832578882010506,1000000,1000000,1000.4390586817836,1000.4390586817836,1000.4390586817836,8.86715405099676,P4_blending_pooling_RC06,2.606628115156351,0.4390586817836216,0.2561928386681163,False
P4_blending_pooling_RC06,engineering,0,0,jSO,7,898009485400416419,1000000,1000000,1001.465235921626,1001.465235921626,1001.465235921626,9.971692799008451,P4_blending_pooling_RC06,2.608136095661779,1.4652359216259954,0.4931978875178808,False
P4_blending_pooling_RC06,engineering,0,0,jSO,8,6111760223974139099,1000000,1000000,1001.630831580689,1001.630831580689,1001.630831580689,10.266741105006076,P4_blending_pooling_RC06,2.238034906537096,1.6308315806889961,0.7676155266364492,False
P4_blending_pooling_RC06,engineering,0,0,jSO,9,8333336294513618501,1000000,1000000,1001.5115799697982,1001.5115799697982,1001.5115799697982,9.896210423001321,P4_blending_pooling_RC06,2.751770146215386,1.5115799697981758,0.4829796588413839,False
P4_blending_pooling_RC06,engineering,0,0,jSO,10,6598665860340136930,1000000,1000000,1001.5959441125555,1001.5959441125555,1001.5959441125555,9.095367731992155,P4_blending_pooling_RC06,1.7814625666288322,1.5959441125554108,0.6059647654728968,False
P4_blending_pooling_RC06,engineering,0,0,jSO,11,2557074832253767256,1000000,1000000,1001.6243278604536,1001.6243278604536,1001.6243278604536,9.483981299999868,P4_blending_pooling_RC06,2.6008088180072537,1.624327860453613,0.6434826347092923,False
P4_blending_pooling_RC06,engineering,0,0,jSO,12,905349999546823009,1000000,1000000,1001.7359523275702,1001.7359523275702,1001.7359523275702,10.18416747901938,P4_blending_pooling_RC06,2.5704621165218793,1.735952327570185,0.6411736415671903,False
P4_blending_pooling_RC06,engineering,0,0,jSO,13,6248384505061517906,1000000,1000000,1000.6178643029274,1000.6178643029274,1000.6178643029274,10.159709575993475,P4_blending_pooling_RC06,2.4586995878584226,0.6178643029273521,0.43533084175757536,False
P4_blending_pooling_RC06,engineering,0,0,jSO,14,1852191825754473071,1000000,1000000,1000.508301611157,1000.508301611157,1000.508301611157,7.943622293008957,P4_blending_pooling_RC06,2.1875442407420707,0.5083016111569403,0.3542367893099213,False
P4_blending_pooling_RC06,engineering,0,0,jSO,15,3993668122549850525,1000000,1000000,1000.271358761793,1000.271358761793,1000.271358761793,7.1633687499852385,P4_blending_pooling_RC06,2.5089385058308777,0.2713587617929695,0.1884743046536154,False
P4_blending_pooling_RC06,engineering,0,0,jSO,16,4321036174254403308,1000000,1000000,1000.4297403631691,1000.4297403631691,1000.4297403631691,10.061394944990752,P4_blending_pooling_RC06,2.54817519317898,0.42974036316913383,0.38841747627017004,False
P4_blending_pooling_RC06,engineering,0,0,jSO,17,2096789963164098641,1000000,1000000,1001.79407093042,1001.79407093042,1001.79407093042,10.059512003994314,P4_blending_pooling_RC06,2.175215113787263,1.7940709304201032,0.6960646362167057,False
P4_blending_pooling_RC06,engineering,0,0,jSO,18,1419501983928321159,1000000,1000000,1001.2509646478172,1001.2509646478172,1001.2509646478172,6.968720934994053,P4_blending_pooling_RC06,2.5810945803556904,1.2509646478171812,0.6912813000974659,False
P4_blending_pooling_RC06,engineering,0,0,jSO,19,86370984047188376,1000000,1000000,1001.2240586056121,1001.2240586056121,1001.2240586056121,8.574961150996387,P4_blending_pooling_RC06,2.5128686693301057,1.2240586056120766,0.769445249277464,False
P4_blending_pooling_RC06,engineering,0,0,jSO,20,7663128071609798458,1000000,1000000,1000.2868770450544,1000.2868770450544,1000.2868770450544,10.077907617000164,P4_blending_pooling_RC06,2.3069237261357625,0.2868770450544564,0.16198448616821035,False
P4_blending_pooling_RC06,engineering,0,0,jSO,21,7835608083182869359,1000000,1000000,1001.8159647096313,1001.8159647096313,1001.8159647096313,10.146260990994051,P4_blending_pooling_RC06,2.62053645260756,1.8159647096313405,0.473314719895659,False
P4_blending_pooling_RC06,engineering,0,0,jSO,22,5380628593063326276,1000000,1000000,1001.3957448131328,1001.3957448131328,1001.3957448131328,10.143411987985019,P4_blending_pooling_RC06,2.464419950234706,1.3957448131327526,0.7070262873954374,False
P4_blending_pooling_RC06,engineering,0,0,jSO,23,8924079916317583296,1000000,1000000,1000.6055657993556,1000.6055657993556,1000.6055657993556,10.136595522024436,P4_blending_pooling_RC06,2.259737541526275,0.605565799355701,0.46139597915324365,False
P4_blending_pooling_RC06,engineering,0,0,jSO,24,1299363296687547892,1000000,1000000,1001.4466856910325,1001.4466856910325,1001.4466856910325,10.223003780993167,P4_blending_pooling_RC06,2.268017938553387,1.4466856910325179,0.5017807540885544,False
P4_blending_pooling_RC06,engineering,0,0,jSO,25,2317536155608636317,1000000,1000000,1000.6045711996646,1000.6045711996646,1000.6045711996646,10.058415146981133,P4_blending_pooling_RC06,2.554722953741714,0.6045711996646093,0.46690129483342324,False
P4_blending_pooling_RC06,engineering,0,0,jSO,26,17322005265849281,1000000,1000000,1000.7314932256835,1000.7314932256835,1000.7314932256835,10.004027226008475,P4_blending_pooling_RC06,2.6584659130367223,0.7314932256835246,0.4712724641580683,False
P4_blending_pooling_RC06,engineering,0,0,jSO,27,7923867611158502293,1000000,1000000,1001.6809831254134,1001.6809831254134,1001.6809831254134,9.99555361198145,P4_blending_pooling_RC06,2.2017165215691854,1.6809831254133902,0.830302322999399,False
P4_blending_pooling_RC06,engineering,0,0,jSO,28,9032845254119077918,1000000,1000000,1001.361044447837,1001.361044447837,1001.361044447837,10.017470760998549,P4_blending_pooling_RC06,2.5057253525594545,1.3610444478370538,0.5474252571863117,False
P4_blending_pooling_RC06,engineering,0,0,jSO,29,1817830753110560701,1000000,1000000,1000.2586399126527,1000.2586399126527,1000.2586399126527,10.048506099992665,P4_blending_pooling_RC06,2.5015924979588586,0.25863991265265585,0.25863991265265585,False
P3_heat_exchanger_RC01,engineering,0,0,SEHHO-COBL,0,5440228721964281674,200000,199980,100000.14602386275,100000.14602386275,100000.14602386275,57.55173489500885,P3_heat_exchanger_RC01,317.9324679118286,0.14602386275018567,0.07180639761734019,False
P3_heat_exchanger_RC01,engineering,0,0,SEHHO-COBL,1,3410926365350746000,200000,199980,100000.22608648459,100000.22608648459,100000.22608648459,55.1083361839992,P3_heat_exchanger_RC01,472.76474709880466,0.2260864845898941,0.10201617453023791,False
P3_heat_exchanger_RC01,engineering,0,0,SEHHO-COBL,2,6304245098824670364,200000,199980,100000.00225316343,100000.00225316343,100000.00225316343,44.961086949013406,P3_heat_exchanger_RC01,692.9590476293863,0.0022531634360551836,0.0022531634360551836,False
P3_heat_exchanger_RC01,engineering,0,0,SEHHO-COBL,3,1996744201950266808,200000,199980,603.1546362823753,603.1546362823753,603.1546362823753,54.787778511992656,P3_heat_exchanger_RC01,603.1546362823753,0.0,0.0,True
P3_heat_exchanger_RC01,engineering,0,0,SEHHO-COBL,4,4192612666351503357,200000,199980,341.7873826414944,341.7873826414944,341.7873826414944,50.91432455999893,P3_heat_exchanger_RC01,341.7873826414944,0.0,0.0,True
P3_heat_exchanger_RC01,engineering,0,0,SEHHO-COBL,5,1558485685280427402,200000,199980,100000.00288601918,100000.00288601918,100000.00288601918,51.11360841899295,P3_heat_exchanger_RC01,566.277359129456,0.0028860191773991575,0.0028860191773991575,False
P3_heat_exchanger_RC01,engineering,0,0,SEHHO-COBL,6,4589838661289214647,200000,199980,470.6097493446955,470.6097493446955,470.6097493446955,54.42949172400404,P3_heat_exchanger_RC01,470.6097493446955,0.0,0.0,True
P3_heat_exchanger_RC01,engineering,0,0,SEHHO-COBL,7,3993610849973626751,200000,199980,783.3020349944549,783.3020349944549,783.3020349944549,53.13893253498827,P3_heat_exchanger_RC01,783.3020349944549,5.286186933469534e-10,5.286186933469534e-10,True
P3_heat_exchanger_RC01,engineering,0,0,SEHHO-COBL,8,82230564105017983,200000,199980,732.6045074286137,732.6045074286137,732.6045074286137,53.1887934539991,P3_heat_exchanger_RC01,732.6045074286137,0.0,0.0,True
P3_heat_exchanger_RC01,engineering,0,0,SEHHO-COBL,9,6308033389855059150,200000,199980,100000.00466313912,100000.00466313912,100000.00466313912,52.13126293499954,P3_heat_exchanger_RC01,372.5632035383495,0.004663139112810677,0.004663139112810677,False
P3_heat_exchanger_RC01,engineering,0,0,SEHHO-COBL,10,6795069394353195073,200000,199980,100000.0106406008,100000.0106406008,100000.0106406008,49.877241484005935,P3_heat_exchanger_RC01,650.4554898083387,0.010640600805092982,0.010640600805092982,False
P3_heat_exchanger_RC01,engineering,0,0,SEHHO-COBL,11,6728947377932633918,200000,199980,100000.00634071024,100000.00634071024,100000.00634071024,51.26980681801797,P3_heat_exchanger_RC01,426.306076696825,0.006340710246636172,0.006340710246636172,False
P3_heat_exchanger_RC01,engineering,0,0,SEHHO-COBL,12,2287577557210547143,200000,199980,549.9544122819542,549.9544122819542,549.9544122819542,48.725322999001946,P3_heat_exchanger_RC01,549.9544122819542,0.0,0.0,True
P3_heat_exchanger_RC01,engineering,0,0,SEHHO-COBL,13,2530498432986131697,200000,199980,100000.00721737812,100000.00721737812,100000.00721737812,48.75797027401859,P3_heat_exchanger_RC01,350.767317924036,0.007217378128163909,0.007217378128163909,False
P3_heat_exchanger_RC01,engineering,0,0,SEHHO-COBL,14,212784437537384165,200000,199980,463.04074361230937,463.04074361230937,463.04074361230937,50.665052101016045,P3_heat_exchanger_RC01,463.04074361230937,0.0,0.0,True
P3_heat_exchanger_RC01,engineering,0,0,SEHHO-COBL,15,8696524623718819986,200000,199980,100000.00009500716,100000.00009500716,100000.00009500716,49.88408302600146,P3_heat_exchanger_RC01,920.7721637148927,9.500715148978997e-05,9.500715148978997e-05,False
P3_heat_exchanger_RC01,engineering,0,0,SEHHO-COBL,16,3464683701084501719,200000,199980,547.8028252021627,547.8028252021627,547.8028252021627,51.06047172599938,P3_heat_exchanger_RC01,547.8028252021627,0.0,0.0,True
P3_heat_exchanger_RC01,engineering,0,0,SEHHO-COBL,17,7257225510401574582,200000,199980,313.65486740467713,313.65486740467713,313.65486740467713,50.00179611900239,P3_heat_exchanger_RC01,313.65486740467713,0.0,0.0,True
P3_heat_exchanger_RC01,engineering,0,0,SEHHO-COBL,18,680815489722018170,200000,199980,100000.26103634031,100000.26103634031,100000.26103634031,46.675750283990055,P3_heat_exchanger_RC01,540.7870553319251,0.26103634030239153,0.10243316257148981,False
P3_heat_exchanger_RC01,engineering,0,0,SEHHO-COBL,19,5062670298036064322,200000,199980,100000.11849932933,100000.11849932933,100000.11849932933,45.95013916899916,P3_heat_exchanger_RC01,577.3149938740593,0.11849932933283659,0.032933623360097405,False
P3_heat_exchanger_RC01,engineering,0,0,SEHHO-COBL,20,5940837771346555160,200000,199980,100000.0522038582,100000.0522038582,100000.0522038582,41.56643300197902,P3_heat_exchanger_RC01,341.2779970256978,0.0522038581950232,0.024615439416468144,False
P3_heat_exchanger_RC01,engineering,0,0,SEHHO-COBL,21,8598420279120465612,200000,199980,571.7016520846763,571.7016520846763,571.7016520846763,47.008073272998445,P3_heat_exchanger_RC01,571.7016520846763,0.0,0.0,True
P3_heat_exchanger_RC01,engineering,0,0,SEHHO-COBL,22,1286135154486828988,200000,199980,252.95831253133156,252.95831253133156,252.95831253133156,42.78100302501116,P3_heat_exchanger_RC01,252.95831253133156,0.0,0.0,True
P3_heat_exchanger_RC01,engineering,0,0,SEHHO-COBL,23,1338059915948175723,200000,199980,337.5713391895996,337.5713391895996,337.5713391895996,44.08756273498875,P3_heat_exchanger_RC01,337.5713391895996,0.0,0.0,True
P3_heat_exchanger_RC01,engineering,0,0,SEHHO-COBL,24,4616417958467373565,200000,199980,326.62309381517196,326.62309381517196,326.62309381517196,35.77445848699426,P3_heat_exchanger_RC01,326.62309381517196,0.0,0.0,True
P3_heat_exchanger_RC01,engineering,0,0,SEHHO-COBL,25,8364845435679891761,200000,199980,398.85864938608427,398.85864938608427,398.85864938608427,34.90387042000657,P3_heat_exchanger_RC01,398.85864938608427,0.0,0.0,True
P3_heat_exchanger_RC01,engineering,0,0,SEHHO-COBL,26,987792478301223628,200000,199980,272.14147616006557,272.14147616006557,272.14147616006557,38.54219738498796,P3_heat_exchanger_RC01,272.14147616006557,8.422670983056343e-09,7.047876715655303e-09,True
P3_heat_exchanger_RC01,engineering,0,0,SEHHO-COBL,27,7045865852487743093,200000,199980,366.9670215732004,366.9670215732004,366.9670215732004,31.519049786002142,P3_heat_exchanger_RC01,366.9670215732004,0.0,0.0,True
P3_heat_exchanger_RC01,engineering,0,0,SEHHO-COBL,28,9059907720249006992,200000,199980,314.07143804670807,314.07143804670807,314.07143804670807,30.74360763700679,P3_heat_exchanger_RC01,314.07143804670807,0.0,0.0,True
P3_heat_exchanger_RC01,engineering,0,0,SEHHO-COBL,29,352721855436932021,200000,199980,302.1539241938717,302.1539241938717,302.1539241938717,30.634501626016572,P3_heat_exchanger_RC01,302.1539241938717,0.0,0.0,True
P4_blending_pooling_RC06,engineering,0,0,SEHHO-COBL,0,8026546316644477289,200000,199980,1003.1234860001174,1003.1234860001174,1003.1234860001174,91.47341256198706,P4_blending_pooling_RC06,1.192596904911349,3.123486000117375,0.9998984920535011,False
P4_blending_pooling_RC06,engineering,0,0,SEHHO-COBL,1,7057281333216600022,200000,199980,1002.7983888183904,1002.7983888183904,1002.7983888183904,92.18830144699314,P4_blending_pooling_RC06,2.273204966324087,2.7983888183904684,0.6603524012117705,False
P4_blending_pooling_RC06,engineering,0,0,SEHHO-COBL,2,7992800114280123568,200000,199980,1003.276368582951,1003.276368582951,1003.276368582951,90.32527995901182,P4_blending_pooling_RC06,2.381155687889244,3.2763685829509948,0.5248919245801809,False
P4_blending_pooling_RC06,engineering,0,0,SEHHO-COBL,3,3506182232673757568,200000,199980,1002.8460941916844,1002.8460941916844,1002.8460941916844,88.48137609899277,P4_blending_pooling_RC06,2.3223447183536017,2.846094191684389,0.5421557870906375,False
P4_blending_pooling_RC06,engineering,0,0,SEHHO-COBL,4,3263515439277455416,200000,199980,1002.0336961105899,1002.0336961105899,1002.0336961105899,88.44709928802331,P4_blending_pooling_RC06,2.211352245431483,2.033696110589826,0.4998955348122024,False
P4_blending_pooling_RC06,engineering,0,0,SEHHO-COBL,5,661927418340404277,200000,199980,1002.9472450306163,1002.9472450306163,1002.9472450306163,88.9603817279858,P4_blending_pooling_RC06,2.3600727243114523,2.9472450306162354,0.8237528547080066,False
P4_blending_pooling_RC06,engineering,0,0,SEHHO-COBL,6,5621072511460293338,200000,199980,1002.785778412918,1002.785778412918,1002.785778412918,87.32867381497636,P4_blending_pooling_RC06,2.4103842742942136,2.7857784129179888,0.8640401844085422,False
P4_blending_pooling_RC06,engineering,0,0,SEHHO-COBL,7,213665876517836206,200000,199980,1002.9453355390395,1002.9453355390395,1002.9453355390395,68.00120816499111,P4_blending_pooling_RC06,2.3115607065664547,2.945335539039548,0.8156155020681553,False
P4_blending_pooling_RC06,engineering,0,0,SEHHO-COBL,8,4612111793516829936,200000,199980,1002.1133623686839,1002.1133623686839,1002.1133623686839,64.22598999598995,P4_blending_pooling_RC06,2.2377623972784235,2.1133623686838625,0.5821204674729482,False
P4_blending_pooling_RC06,engineering,0,0,SEHHO-COBL,9,6997065959924244877,200000,199980,1002.7199384086126,1002.7199384086126,1002.7199384086126,57.39120962101151,P4_blending_pooling_RC06,2.2037254569037543,2.7199384086125757,0.9024548369753015,False
P4_blending_pooling_RC06,engineering,0,0,SEHHO-COBL,10,5140841445584764985,200000,199980,1002.6690949409075,1002.6690949409075,1002.6690949409075,56.03575526300119,P4_blending_pooling_RC06,2.086396142533865,2.6690949409074505,0.9996596968578713,False
P4_blending_pooling_RC06,engineering,0,0,SEHHO-COBL,11,6280224621904534455,200000,199980,1004.3773319194097,1004.3773319194097,1004.3773319194097,55.0240456770116,P4_blending_pooling_RC06,2.104763233911088,4.377331919409707,1.028815758322082,False
P4_blending_pooling_RC06,engineering,0,0,SEHHO-COBL,12,3917502766141290323,200000,199980,1002.0562705721954,1002.0562705721954,1002.0562705721954,52.28371739102295,P4_blending_pooling_RC06,2.0917172251599547,2.056270572195475,0.481198737385396,False
P4_blending_pooling_RC06,engineering,0,0,SEHHO-COBL,13,2334328574534628786,200000,199980,1003.7752179859997,1003.7752179859997,1003.7752179859997,52.16121648700209,P4_blending_pooling_RC06,2.4806899713626573,3.775217985999642,0.8451447492147294,False
P4_blending_pooling_RC06,engineering,0,0,SEHHO-COBL,14,6008555951214004183,200000,199980,1003.4745905876313,1003.4745905876313,1003.4745905876313,51.900716760981595,P4_blending_pooling_RC06,2.369070676675671,3.4745905876312713,1.1160162680878385,False
P4_blending_pooling_RC06,engineering,0,0,SEHHO-COBL,15,3769128140392230629,200000,199980,1003.7455894770424,1003.7455894770424,1003.7455894770424,49.598736154992366,P4_blending_pooling_RC06,1.9921388268880365,3.7455894770423384,1.1423817051916003,False
P4_blending_pooling_RC06,engineering,0,0,SEHHO-COBL,16,4634552005488787009,200000,199980,1003.0388008838415,1003.0388008838415,1003.0388008838415,48.44690075799008,P4_blending_pooling_RC06,2.2748689219624425,3.0388008838415366,0.5564804597514906,False
P4_blending_pooling_RC06,engineering,0,0,SEHHO-COBL,17,3701014640668594608,200000,199980,1003.3120198621643,1003.3120198621643,1003.3120198621643,48.72253856700263,P4_blending_pooling_RC06,2.3921797353146435,3.3120198621643215,0.9807781974614751,False
P4_blending_pooling_RC06,engineering,0,0,SEHHO-COBL,18,7821954790251796713,200000,199980,1004.0458035473761,1004.0458035473761,1004.0458035473761,47.67363510001451,P4_blending_pooling_RC06,1.9880334979348702,4.045803547376057,1.294966655447915,False
P4_blending_pooling_RC06,engineering,0,0,SEHHO-COBL,19,8257310478945203902,200000,199980,1004.2969704372949,1004.2969704372949,1004.2969704372949,47.56675612699473,P4_blending_pooling_RC06,2.0635810367007936,4.296970437294988,1.2795123128867274,False
P4_blending_pooling_RC06,engineering,0,0,SEHHO-COBL,20,4543689958418783981,200000,199980,1001.6001902597875,1001.6001902597875,1001.6001902597875,47.78697868899326,P4_blending_pooling_RC06,1.7506486677693838,1.6001902597874624,0.47229019519069027,False
P4_blending_pooling_RC06,engineering,0,0,SEHHO-COBL,21,4050828008949653408,200000,199980,1000.5699981505237,1000.5699981505237,1000.5699981505237,46.97804374000407,P4_blending_pooling_RC06,1.8588342109720979,0.5699981505237081,0.4965610897075466,False
P4_blending_pooling_RC06,engineering,0,0,SEHHO-COBL,22,3185057610767168136,200000,199980,1003.6603349319065,1003.6603349319065,1003.6603349319065,46.86286717301118,P4_blending_pooling_RC06,2.019706665563029,3.660334931906542,0.6174212527526891,False
P4_blending_pooling_RC06,engineering,0,0,SEHHO-COBL,23,5582959027091191931,200000,199980,1003.6590388420518,1003.6590388420518,1003.6590388420518,46.84687510802178,P4_blending_pooling_RC06,1.8205008148216055,3.659038842051774,0.7855928588264798,False
P4_blending_pooling_RC06,engineering,0,0,SEHHO-COBL,24,6975864939591549108,200000,199980,1002.8246719095067,1002.8246719095067,1002.8246719095067,52.182138337986544,P4_blending_pooling_RC06,1.82530156531395,2.8246719095066757,0.7287918840134402,False
P4_blending_pooling_RC06,engineering,0,0,SEHHO-COBL,25,399912850429359206,200000,199980,1003.0727629595704,1003.0727629595704,1003.0727629595704,46.631028514006175,P4_blending_pooling_RC06,1.9663665100502612,3.0727629595703876,0.781365464792201,False
P4_blending_pooling_RC06,engineering,0,0,SEHHO-COBL,26,7617732674243519908,200000,199980,1003.2101866632667,1003.2101866632667,1003.2101866632667,46.50986888498301,P4_blending_pooling_RC06,2.13002423020642,3.210186663266647,0.7911116920995704,False
P4_blending_pooling_RC06,engineering,0,0,SEHHO-COBL,27,5614887786833976711,200000,199980,1003.4874778048608,1003.4874778048608,1003.4874778048608,46.79354642398539,P4_blending_pooling_RC06,2.3128805936049512,3.4874778048607946,0.8844860966393988,False
P4_blending_pooling_RC06,engineering,0,0,SEHHO-COBL,28,2686813263292883988,200000,199980,1004.2790944039143,1004.2790944039143,1004.2790944039143,67.87630375201115,P4_blending_pooling_RC06,2.3579999190082415,4.279094403914362,0.7904820636487012,False
P4_blending_pooling_RC06,engineering,0,0,SEHHO-COBL,29,3439077626324662623,200000,199980,1002.2757757437168,1002.2757757437168,1002.2757757437168,82.14912430397817,P4_blending_pooling_RC06,2.096463087524593,2.275775743716847,0.7559846534540997,False
P3_heat_exchanger_RC01,engineering,0,0,SEHHO-COBL,0,5440228721964281674,1000000,999990,100000.05739226044,100000.05739226044,100000.05739226044,254.97740455000894,P3_heat_exchanger_RC01,448.39502134243986,0.05739226043123107,0.04102369852481201,False
P3_heat_exchanger_RC01,engineering,0,0,SEHHO-COBL,1,3410926365350746000,1000000,999990,684.6773377538158,684.6773377538158,684.6773377538158,265.9924623190018,P3_heat_exchanger_RC01,684.6773377538158,9.428592784383664e-09,9.428592784383664e-09,True
P3_heat_exchanger_RC01,engineering,0,0,SEHHO-COBL,2,6304245098824670364,1000000,999990,552.7813070406161,552.7813070406161,552.7813070406161,255.80300056998385,P3_heat_exchanger_RC01,552.7813070406161,9.999869143934785e-09,9.999869143934785e-09,True
P3_heat_exchanger_RC01,engineering,0,0,SEHHO-COBL,3,1996744201950266808,1000000,999990,609.8391654939159,609.8391654939159,609.8391654939159,254.61540124201565,P3_heat_exchanger_RC01,609.8391654939159,5.321712615109146e-09,5.321712615109146e-09,True
P3_heat_exchanger_RC01,engineering,0,0,SEHHO-COBL,4,4192612666351503357,1000000,999990,347.84699107025455,347.84699107025455,347.84699107025455,205.34481363702798,P3_heat_exchanger_RC01,347.84699107025455,9.948255319609171e-09,9.948255319609171e-09,True
P3_heat_exchanger_RC01,engineering,0,0,SEHHO-COBL,5,1558485685280427402,1000000,999990,570.1819741750559,570.1819741750559,570.1819741750559,207.32037105900235,P3_heat_exchanger_RC01,570.1819741750559,9.997652250599213e-09,9.997652250599213e-09,True
P3_heat_exchanger_RC01,engineering,0,0,SEHHO-COBL,6,4589838661289214647,1000000,999990,314.1369149050826,314.1369149050826,314.1369149050826,142.9040470199834,P3_heat_exchanger_RC01,314.1369149050826,0.0,0.0,True
P3_heat_exchanger_RC01,engineering,0,0,SEHHO-COBL,7,3993610849973626751,1000000,999990,675.892352080999,675.892352080999,675.892352080999,137.60333453299245,P3_heat_exchanger_RC01,675.892352080999,0.0,0.0,True
P3_heat_exchanger_RC01,engineering,0,0,SEHHO-COBL,8,82230564105017983,1000000,999990,557.8002626423917,557.8002626423917,557.8002626423917,135.15026828899863,P3_heat_exchanger_RC01,557.8002626423917,9.942684664560812e-09,9.942684664560812e-09,True
P3_heat_exchanger_RC01,engineering,0,0,SEHHO-COBL,9,6308033389855059150,1000000,999990,302.8237508595609,302.8237508595609,302.8237508595609,138.53546207401087,P3_heat_exchanger_RC01,302.8237508595609,9.978893922375147e-09,9.978893922375147e-09,True
P3_heat_exchanger_RC01,engineering,0,0,SEHHO-COBL,10,6795069394353195073,1000000,999990,100000.0105750462,100000.0105750462,100000.0105750462,131.6967238660145,P3_heat_exchanger_RC01,522.8861409373363,0.010575046202095473,0.010575046202095473,False
P3_heat_exchanger_RC01,engineering,0,0,SEHHO-COBL,11,6728947377932633918,1000000,999990,311.167792334513,311.167792334513,311.167792334513,256.7132853109797,P3_heat_exchanger_RC01,311.167792334513,9.841844439501739e-09,9.841844439501739e-09,True
P3_heat_exchanger_RC01,engineering,0,0,SEHHO-COBL,12,2287577557210547143,1000000,999990,584.1901945073799,584.1901945073799,584.1901945073799,260.9595647189999,P3_heat_exchanger_RC01,584.1901945073799,0.0,0.0,True
P3_heat_exchanger_RC01,engineering,0,0,SEHHO-COBL,13,2530498432986131697,1000000,999990,212.61768451650832,212.61768451650832,212.61768451650832,211.5160401710018,P3_heat_exchanger_RC01,212.61768451650832,0.0,0.0,True
P3_heat_exchanger_RC01,engineering,0,0,SEHHO-COBL,14,212784437537384165,1000000,999990,100000.01257958236,100000.01257958236,100000.01257958236,228.44753941497765,P3_heat_exchanger_RC01,593.8220869101634,0.012579582356270203,0.012579582356270203,False
P3_heat_exchanger_RC01,engineering,0,0,SEHHO-COBL,15,8696524623718819986,1000000,999990,661.1653110719927,661.1653110719927,661.1653110719927,252.2705544870114,P3_heat_exchanger_RC01,661.1653110719927,9.872767259362018e-09,9.872767259362018e-09,True
P3_heat_exchanger_RC01,engineering,0,0,SEHHO-COBL,16,3464683701084501719,1000000,999990,598.1474090311882,598.1474090311882,598.1474090311882,252.78593451000052,P3_heat_exchanger_RC01,598.1474090311882,0.0,0.0,True
P3_heat_exchanger_RC01,engineering,0,0,SEHHO-COBL,17,7257225510401574582,1000000,999990,370.1595647447481,370.1595647447481,370.1595647447481,244.79149770797812,P3_heat_exchanger_RC01,370.1595647447481,4.496316503041324e-09,4.496316503041324e-09,True
P3_heat_exchanger_RC01,engineering,0,0,SEHHO-COBL,18,680815489722018170,1000000,999990,697.4664314208912,697.4664314208912,697.4664314208912,235.96301544102607,P3_heat_exchanger_RC01,697.4664314208912,0.0,0.0,True
P3_heat_exchanger_RC01,engineering,0,0,SEHHO-COBL,19,5062670298036064322,1000000,999990,740.4201333903015,740.4201333903015,740.4201333903015,217.7694235489762,P3_heat_exchanger_RC01,740.4201333903015,0.0,0.0,True
P3_heat_exchanger_RC01,engineering,0,0,SEHHO-COBL,20,5940837771346555160,1000000,999990,100000.01061495242,100000.01061495242,100000.01061495242,221.00019019801402,P3_heat_exchanger_RC01,537.4963194279907,0.010614952425273362,0.006149984865632996,False
P3_heat_exchanger_RC01,engineering,0,0,SEHHO-COBL,21,8598420279120465612,1000000,999990,546.6487693488313,546.6487693488313,546.6487693488313,220.2152095079946,P3_heat_exchanger_RC01,546.6487693488313,9.988329929906041e-09,9.988329929906041e-09,True
P3_heat_exchanger_RC01,engineering,0,0,SEHHO-COBL,22,1286135154486828988,1000000,999990,231.4232520475023,231.4232520475023,231.4232520475023,246.64992791498662,P3_heat_exchanger_RC01,231.4232520475023,0.0,0.0,True
P3_heat_exchanger_RC01,engineering,0,0,SEHHO-COBL,23,1338059915948175723,1000000,999990,100000.032823783,100000.032823783,100000.032823783,232.40793606700026,P3_heat_exchanger_RC01,345.4951836355808,0.03282378299088344,0.0144930556869871,False
P3_heat_exchanger_RC01,engineering,0,0,SEHHO-COBL,24,4616417958467373565,1000000,999990,286.7029748525382,286.7029748525382,286.7029748525382,244.17893366600038,P3_heat_exchanger_RC01,286.7029748525382,9.805237277755378e-09,9.805237277755378e-09,True
P3_heat_exchanger_RC01,engineering,0,0,SEHHO-COBL,25,8364845435679891761,1000000,999990,352.74098701363783,352.74098701363783,352.74098701363783,252.3822251180245,P3_heat_exchanger_RC01,352.74098701363783,0.0,0.0,True
P3_heat_exchanger_RC01,engineering,0,0,SEHHO-COBL,26,987792478301223628,1000000,999990,283.5647669880666,283.5647669880666,283.5647669880666,253.1713679539971,P3_heat_exchanger_RC01,283.5647669880666,0.0,0.0,True
P3_heat_exchanger_RC01,engineering,0,0,SEHHO-COBL,27,7045865852487743093,1000000,999990,350.12833421119245,350.12833421119245,350.12833421119245,244.47310842300067,P3_heat_exchanger_RC01,350.12833421119245,0.0,0.0,True
P3_heat_exchanger_RC01,engineering,0,0,SEHHO-COBL,28,9059907720249006992,1000000,999990,258.7084132189509,258.7084132189509,258.7084132189509,140.69734413799597,P3_heat_exchanger_RC01,258.7084132189509,0.0,0.0,True
P3_heat_exchanger_RC01,engineering,0,0,SEHHO-COBL,29,352721855436932021,1000000,999990,100000.00343958555,100000.00343958555,100000.00343958555,132.65949561298476,P3_heat_exchanger_RC01,263.29639707818984,0.0034395855515503173,0.0034395855515503173,False
P4_blending_pooling_RC06,engineering,0,0,SEHHO-COBL,0,8026546316644477289,1000000,999990,1002.4995195832447,1002.4995195832447,1002.4995195832447,423.73751347200596,P4_blending_pooling_RC06,1.257082321264864,2.499519583244757,0.9998864725140731,False
P4_blending_pooling_RC06,engineering,0,0,SEHHO-COBL,1,7057281333216600022,1000000,999990,1001.8063749540463,1001.8063749540463,1001.8063749540463,327.59968433799804,P4_blending_pooling_RC06,2.6403178851614983,1.8063749540462768,0.621979596674119,False
P4_blending_pooling_RC06,engineering,0,0,SEHHO-COBL,2,7992800114280123568,1000000,999990,1002.242498826302,1002.242498826302,1002.242498826302,247.57152016597684,P4_blending_pooling_RC06,2.026114739772554,2.242498826302064,0.5845899204583239,False
P4_blending_pooling_RC06,engineering,0,0,SEHHO-COBL,3,3506182232673757568,1000000,999990,1002.2737144080586,1002.2737144080586,1002.2737144080586,236.50386731899926,P4_blending_pooling_RC06,2.480057944830726,2.2737144080586256,0.583406281818776,False
P4_blending_pooling_RC06,engineering,0,0,SEHHO-COBL,4,3263515439277455416,1000000,999990,1002.1010170987723,1002.1010170987723,1002.1010170987723,254.42059212599997,P4_blending_pooling_RC06,1.940062802512315,2.1010170987722865,0.5460084459056713,False
P4_blending_pooling_RC06,engineering,0,0,SEHHO-COBL,5,661927418340404277,1000000,999990,1001.1517187130887,1001.1517187130887,1001.1517187130887,394.0957571119943,P4_blending_pooling_RC06,2.5312773063204075,1.1517187130886999,0.36475002213764757,False
P4_blending_pooling_RC06,engineering,0,0,SEHHO-COBL,6,5621072511460293338,1000000,999990,1002.1042336263956,1002.1042336263956,1002.1042336263956,374.6067217089876,P4_blending_pooling_RC06,2.5149616380131627,2.1042336263955703,0.6210929935327096,False
P4_blending_pooling_RC06,engineering,0,0,SEHHO-COBL,7,213665876517836206,1000000,999990,1002.3872884062307,1002.3872884062307,1002.3872884062307,417.55348805198446,P4_blending_pooling_RC06,2.2134694678715565,2.3872884062307467,0.6870869326231539,False
P4_blending_pooling_RC06,engineering,0,0,SEHHO-COBL,8,4612111793516829936,1000000,999990,1001.5247028974677,1001.5247028974677,1001.5247028974677,407.05331836501136,P4_blending_pooling_RC06,2.5644728759327555,1.5247028974677246,0.4860673227270818,False
P4_blending_pooling_RC06,engineering,0,0,SEHHO-COBL,9,6997065959924244877,1000000,999990,1002.19540031216,1002.19540031216,1002.19540031216,409.65021936700214,P4_blending_pooling_RC06,2.4533226680009688,2.195400312160018,0.7830880900845542,False
P4_blending_pooling_RC06,engineering,0,0,SEHHO-COBL,10,5140841445584764985,1000000,999990,1001.4754437929503,1001.4754437929503,1001.4754437929503,407.7837977320014,P4_blending_pooling_RC06,1.6107497676221272,1.4754437929503292,0.49682856285862603,False
P4_blending_pooling_RC06,engineering,0,0,SEHHO-COBL,11,6280224621904534455,1000000,999990,1002.7833272103304,1002.7833272103304,1002.7833272103304,422.31496828698437,P4_blending_pooling_RC06,2.3274098589487524,2.7833272103304356,0.96780563376692,False
P4_blending_pooling_RC06,engineering,0,0,SEHHO-COBL,12,3917502766141290323,1000000,999990,1001.3858801605817,1001.3858801605817,1001.3858801605817,391.3170864499989,P4_blending_pooling_RC06,1.8238170716825288,1.3858801605816402,0.49121619080896783,False
P4_blending_pooling_RC06,engineering,0,0,SEHHO-COBL,13,2334328574534628786,1000000,999990,1002.1415360184282,1002.1415360184282,1002.1415360184282,426.5011997180118,P4_blending_pooling_RC06,2.577783380067914,2.1415360184282117,0.5432732529130309,False
P4_blending_pooling_RC06,engineering,0,0,SEHHO-COBL,14,6008555951214004183,1000000,999990,1002.2665012813178,1002.2665012813178,1002.2665012813178,397.11185754000326,P4_blending_pooling_RC06,2.263334743764155,2.266501281317761,0.4998093170036365,False
P4_blending_pooling_RC06,engineering,0,0,SEHHO-COBL,15,3769128140392230629,1000000,999990,1002.5409126239693,1002.5409126239693,1002.5409126239693,245.54786020200117,P4_blending_pooling_RC06,2.1994954849438924,2.540912623969315,0.6485220404449433,False
P4_blending_pooling_RC06,engineering,0,0,SEHHO-COBL,16,4634552005488787009,1000000,999990,1002.5284254981552,1002.5284254981552,1002.5284254981552,292.26878880398,P4_blending_pooling_RC06,2.5626952968549084,2.5284254981552006,0.8035999662407467,False
P4_blending_pooling_RC06,engineering,0,0,SEHHO-COBL,17,3701014640668594608,1000000,999990,1002.4463363119967,1002.4463363119967,1002.4463363119967,383.7705897309934,P4_blending_pooling_RC06,2.1094841174826624,2.4463363119967303,0.5928023454549468,False
P4_blending_pooling_RC06,engineering,0,0,SEHHO-COBL,18,7821954790251796713,1000000,999990,1002.0312926477341,1002.0312926477341,1002.0312926477341,422.20392899998114,P4_blending_pooling_RC06,2.751009330168772,2.03129264773406,0.6903879727142122,False
P4_blending_pooling_RC06,engineering,0,0,SEHHO-COBL,19,8257310478945203902,1000000,999990,1001.1457904264014,1001.1457904264014,1001.1457904264014,428.906642758986,P4_blending_pooling_RC06,2.335114458286567,1.1457904264013592,0.41028109627389997,False
P4_blending_pooling_RC06,engineering,0,0,SEHHO-COBL,20,4543689958418783981,1000000,999990,1000.9822618789581,1000.9822618789581,1000.9822618789581,402.4691118859919,P4_blending_pooling_RC06,1.6777830062448766,0.9822618789581188,0.551249052466406,False
P4_blending_pooling_RC06,engineering,0,0,SEHHO-COBL,21,4050828008949653408,1000000,999990,1001.2059667050052,1001.2059667050052,1001.2059667050052,394.7389104280155,P4_blending_pooling_RC06,2.2715906458010853,1.2059667050051925,0.4388139023653299,False
P4_blending_pooling_RC06,engineering,0,0,SEHHO-COBL,22,3185057610767168136,1000000,999990,1002.5378199966258,1002.5378199966258,1002.5378199966258,426.93335545499576,P4_blending_pooling_RC06,2.2133322756528258,2.5378199966257835,0.693817960048553,False
P4_blending_pooling_RC06,engineering,0,0,SEHHO-COBL,23,5582959027091191931,1000000,999990,1001.6014870393429,1001.6014870393429,1001.6014870393429,389.00016592399334,P4_blending_pooling_RC06,1.866846494952548,1.6014870393429335,0.49042702267262067,False
P4_blending_pooling_RC06,engineering,0,0,SEHHO-COBL,24,6975864939591549108,1000000,999990,1001.3875286729403,1001.3875286729403,1001.3875286729403,340.55883567401906,P4_blending_pooling_RC06,1.943710985106613,1.3875286729403808,0.617177240821734,False
P4_blending_pooling_RC06,engineering,0,0,SEHHO-COBL,25,399912850429359206,1000000,999990,1002.3164672423874,1002.3164672423874,1002.3164672423874,421.653415630979,P4_blending_pooling_RC06,2.362986818809248,2.3164672423874033,0.5901778630158242,False
P4_blending_pooling_RC06,engineering,0,0,SEHHO-COBL,26,7617732674243519908,1000000,999990,1002.5467585419732,1002.5467585419732,1002.5467585419732,384.5711845580081,P4_blending_pooling_RC06,2.455399436790735,2.5467585419732277,0.5715298878118206,False
P4_blending_pooling_RC06,engineering,0,0,SEHHO-COBL,27,5614887786833976711,1000000,999990,1002.4374114302169,1002.4374114302169,1002.4374114302169,308.77674960298464,P4_blending_pooling_RC06,2.3107760613275623,2.437411430216868,0.5294717687080398,False
P4_blending_pooling_RC06,engineering,0,0,SEHHO-COBL,28,2686813263292883988,1000000,999990,1003.3217898655148,1003.3217898655148,1003.3217898655148,334.86597566001,P4_blending_pooling_RC06,2.3608607323977555,3.321789865514848,0.7924532127560505,False
P4_blending_pooling_RC06,engineering,0,0,SEHHO-COBL,29,3439077626324662623,1000000,999990,1002.5634398756482,1002.5634398756482,1002.5634398756482,346.45478631698643,P4_blending_pooling_RC06,1.9824400172852303,2.563439875648249,0.9755461123651679,False
