tag,suite,func,dim,algo,run,seed,max_fes,fes_used,best_f,error,raw_error,seconds
E8_composition_cec2022,cec2022,2,10,GF:Stripped@matched,0,547417373845289239,15000,15000,408.9161019277813,8.916101927781312,8.916101927781312,0.6561496829963289
E8_composition_cec2022,cec2022,2,10,GF:Stripped@matched,1,6023703456427914441,15000,15000,403.9865791124089,3.98657911240889,3.98657911240889,0.5706433459999971
E8_composition_cec2022,cec2022,2,10,GF:Stripped@matched,2,2193802133278870524,15000,15000,408.9161019277813,8.916101927781312,8.916101927781312,0.5764971959870309
E8_composition_cec2022,cec2022,2,10,GF:Stripped@matched,3,748942154755128752,15000,15000,408.9161019277813,8.916101927781312,8.916101927781312,0.705407170986291
E8_composition_cec2022,cec2022,2,10,GF:Stripped@matched,4,2634026432677957912,15000,15000,408.9161019277813,8.916101927781312,8.916101927781312,0.9055390009889379
E8_composition_cec2022,cec2022,2,10,GF:Stripped@matched,5,8019045848560412278,15000,15000,408.9161019277813,8.916101927781312,8.916101927781312,0.9111101300222799
E8_composition_cec2022,cec2022,2,10,GF:Stripped@matched,6,2740127072707902692,15000,15000,403.98666751089655,3.9866675108965524,3.9866675108965524,0.9098982569994405
E8_composition_cec2022,cec2022,2,10,GF:Stripped@matched,7,6315454344126526945,15000,15000,403.9865806776482,3.986580677648192,3.986580677648192,0.5676229310338385
E8_composition_cec2022,cec2022,2,10,GF:Stripped@matched,8,6509323244301494032,15000,15000,403.98658462317815,3.986584623178146,3.986584623178146,0.5614991349866614
E8_composition_cec2022,cec2022,2,10,GF:Stripped@matched,9,6481176349484505754,15000,15000,408.9161019277813,8.916101927781312,8.916101927781312,0.5364518860005774
E8_composition_cec2022,cec2022,2,10,GF:Stripped@matched,10,3729378103708870111,15000,15000,408.9161019277813,8.916101927781312,8.916101927781312,0.5313157030032016
E8_composition_cec2022,cec2022,2,10,GF:Stripped@matched,11,1394291546106382362,15000,15000,403.9889805232626,3.988980523262626,3.988980523262626,0.5774852990289219
E8_composition_cec2022,cec2022,2,10,GF:Stripped@matched,12,4363632846365865050,15000,15000,408.9161019277813,8.916101927781312,8.916101927781312,0.551995760994032
E8_composition_cec2022,cec2022,2,10,GF:Stripped@matched,13,3803778981190418890,15000,15000,403.9865791578926,3.9865791578926064,3.9865791578926064,0.5593620070139877
E8_composition_cec2022,cec2022,2,10,GF:Stripped@matched,14,4857878929714193258,15000,15000,408.9161019277813,8.916101927781312,8.916101927781312,0.5653706169687212
E8_composition_cec2022,cec2022,2,10,GF:Stripped@matched,15,8398959683279455469,15000,15000,403.9865791123826,3.9865791123826284,3.9865791123826284,0.6013913369970396
E8_composition_cec2022,cec2022,2,10,GF:Stripped@matched,16,6133562836845122193,15000,15000,408.9161019277813,8.916101927781312,8.916101927781312,0.555782754032407
E8_composition_cec2022,cec2022,2,10,GF:Stripped@matched,17,1153198522792073852,15000,15000,408.9161019277813,8.916101927781312,8.916101927781312,0.5598566349945031
E8_composition_cec2022,cec2022,2,10,GF:Stripped@matched,18,5680428820424533861,15000,15000,403.986579672561,3.9865796725609925,3.9865796725609925,0.8077388450037688
E8_composition_cec2022,cec2022,2,10,GF:Stripped@matched,19,4364873530009869696,15000,15000,408.9161019277813,8.916101927781312,8.916101927781312,0.6875559590407647
E8_composition_cec2022,cec2022,2,10,GF:Stripped@matched,20,1324801983060295019,15000,15000,408.9161019277813,8.916101927781312,8.916101927781312,0.7672161409864202
E8_composition_cec2022,cec2022,2,10,GF:Stripped@matched,21,2437864566700609295,15000,15000,408.9161019277813,8.916101927781312,8.916101927781312,0.8858921109931543
E8_composition_cec2022,cec2022,2,10,GF:Stripped@matched,22,707918711051032005,15000,15000,403.9865865672489,3.986586567248878,3.986586567248878,0.9324245380121283
E8_composition_cec2022,cec2022,2,10,GF:Stripped@matched,23,8130881504731458933,15000,15000,403.98658023255405,3.986580232554047,3.986580232554047,0.9281423659995198
E8_composition_cec2022,cec2022,2,10,GF:Stripped@matched,24,3090611555907575780,15000,15000,408.9161019277813,8.916101927781312,8.916101927781312,0.894083755032625
E8_composition_cec2022,cec2022,2,10,GF:Stripped@matched,25,3405994414107118674,15000,15000,408.9161019277813,8.916101927781312,8.916101927781312,0.9005171019816771
E8_composition_cec2022,cec2022,2,10,GF:Stripped@matched,26,4458587749436462438,15000,15000,408.9161019277813,8.916101927781312,8.916101927781312,0.9026930029504001
E8_composition_cec2022,cec2022,2,10,GF:Stripped@matched,27,7298424889728787608,15000,15000,408.9161019277813,8.916101927781312,8.916101927781312,0.9020654350169934
E8_composition_cec2022,cec2022,2,10,GF:Stripped@matched,28,9078740112974217428,15000,15000,408.9161019277813,8.916101927781312,8.916101927781312,0.9168158620013855
E8_composition_cec2022,cec2022,2,10,GF:Stripped@matched,29,7231465420999963242,15000,15000,408.9161019277813,8.916101927781312,8.916101927781312,0.7644102579797618
E8_composition_cec2022,cec2022,6,20,GF:Stripped@matched,0,4808919196741561734,15000,15000,1905.8555673174021,105.85556731740212,105.85556731740212,0.9236177600105293
E8_composition_cec2022,cec2022,6,20,GF:Stripped@matched,1,2022372798993079149,15000,15000,1858.262453285103,58.26245328510299,58.26245328510299,0.8591705010039732
E8_composition_cec2022,cec2022,6,20,GF:Stripped@matched,2,3737267385011732625,15000,15000,1866.1620741459624,66.16207414596238,66.16207414596238,0.9015586560126394
E8_composition_cec2022,cec2022,6,20,GF:Stripped@matched,3,3207591299551390000,15000,15000,2239.264755639343,439.2647556393431,439.2647556393431,0.9279032470076345
E8_composition_cec2022,cec2022,6,20,GF:Stripped@matched,4,3833436937902965983,15000,15000,1835.2669686306429,35.26696863064285,35.26696863064285,0.8984185159788467
E8_composition_cec2022,cec2022,6,20,GF:Stripped@matched,5,3925071296412171735,15000,15000,1940.141538545259,140.14153854525898,140.14153854525898,0.6145781709928997
E8_composition_cec2022,cec2022,6,20,GF:Stripped@matched,6,7525545517809908577,15000,15000,1903.8486433017358,103.84864330173582,103.84864330173582,0.5607156850164756
E8_composition_cec2022,cec2022,6,20,GF:Stripped@matched,7,3628926243018785979,15000,15000,1881.1825220993167,81.18252209931666,81.18252209931666,0.7546852980158292
E8_composition_cec2022,cec2022,6,20,GF:Stripped@matched,8,1289483863473904460,15000,15000,1870.3456498359315,70.34564983593145,70.34564983593145,0.6572361309663393
E8_composition_cec2022,cec2022,6,20,GF:Stripped@matched,9,19318991795393839,15000,15000,1917.1379421862175,117.13794218621751,117.13794218621751,0.6749832080095075
E8_composition_cec2022,cec2022,6,20,GF:Stripped@matched,10,2214426381156939899,15000,15000,1901.2609790608276,101.2609790608276,101.2609790608276,0.7079942339914851
E8_composition_cec2022,cec2022,6,20,GF:Stripped@matched,11,2050521807910229748,15000,15000,1996.6997102228138,196.6997102228138,196.6997102228138,0.5304002659977414
E8_composition_cec2022,cec2022,6,20,GF:Stripped@matched,12,3126995718831647219,15000,15000,1871.071812448847,71.07181244884691,71.07181244884691,0.5835630390211008
E8_composition_cec2022,cec2022,6,20,GF:Stripped@matched,13,416503353136318163,15000,15000,1919.2630701707142,119.26307017071417,119.26307017071417,0.764828663028311
E8_composition_cec2022,cec2022,6,20,GF:Stripped@matched,14,8894234492579653403,15000,15000,1847.0003134723495,47.00031347234949,47.00031347234949,0.8897012950037606
E8_composition_cec2022,cec2022,6,20,GF:Stripped@matched,15,7923199845810896895,15000,15000,1931.8780334093942,131.87803340939422,131.87803340939422,0.683277323958464
E8_composition_cec2022,cec2022,6,20,GF:Stripped@matched,16,7038851805501952656,15000,15000,1898.631121452572,98.63112145257196,98.63112145257196,0.5468059770064428
E8_composition_cec2022,cec2022,6,20,GF:Stripped@matched,17,4733792314891603413,15000,15000,1911.559816571642,111.55981657164193,111.55981657164193,0.6950220619910397
E8_composition_cec2022,cec2022,6,20,GF:Stripped@matched,18,688674410951098170,15000,15000,1911.667006488342,111.66700648834194,111.66700648834194,0.5937226039823145
E8_composition_cec2022,cec2022,6,20,GF:Stripped@matched,19,4835997863707157944,15000,15000,1876.3607855045307,76.36078550453067,76.36078550453067,0.6051317030214705
E8_composition_cec2022,cec2022,6,20,GF:Stripped@matched,20,3622077206343785641,15000,15000,1906.0053871442458,106.00538714424579,106.00538714424579,0.8863860769779421
E8_composition_cec2022,cec2022,6,20,GF:Stripped@matched,21,3712027762627250330,15000,15000,1954.449393453494,154.44939345349394,154.44939345349394,0.8804839570075274
E8_composition_cec2022,cec2022,6,20,GF:Stripped@matched,22,8626148031321526435,15000,15000,1879.5255338749598,79.52553387495982,79.52553387495982,0.8897499769809656
E8_composition_cec2022,cec2022,6,20,GF:Stripped@matched,23,554227367997387789,15000,15000,1841.4636198618061,41.46361986180614,41.46361986180614,0.8796538700116798
E8_composition_cec2022,cec2022,6,20,GF:Stripped@matched,24,3415453142091348438,15000,15000,1871.9247419150213,71.92474191502129,71.92474191502129,0.8686941040214151
E8_composition_cec2022,cec2022,6,20,GF:Stripped@matched,25,6697771438003991820,15000,15000,1904.2609165242366,104.26091652423656,104.26091652423656,0.675124141969718
E8_composition_cec2022,cec2022,6,20,GF:Stripped@matched,26,8746910062614760648,15000,15000,1938.102246011867,138.102246011867,138.102246011867,0.5488465239759535
E8_composition_cec2022,cec2022,6,20,GF:Stripped@matched,27,6737809793393355628,15000,15000,1901.5214018950112,101.5214018950112,101.5214018950112,0.536822772002779
E8_composition_cec2022,cec2022,6,20,GF:Stripped@matched,28,5893273988174006669,15000,15000,1877.38417758702,77.38417758702008,77.38417758702008,0.6527669579954818
E8_composition_cec2022,cec2022,6,20,GF:Stripped@matched,29,5260757382085433356,15000,15000,1913.640035021077,113.64003502107698,113.64003502107698,0.6877052490017377
E8_composition_cec2022,cec2022,6,10,GF:Stripped@matched,0,2521264022176633047,15000,15000,1801.7467831688396,1.7467831688395563,1.7467831688395563,0.9387675250181928
E8_composition_cec2022,cec2022,6,10,GF:Stripped@matched,1,2581821964873668292,15000,15000,1800.296083809596,0.29608380959598435,0.29608380959598435,0.7424380569718778
E8_composition_cec2022,cec2022,6,10,GF:Stripped@matched,2,4177794466729190651,15000,15000,1801.0988011499044,1.098801149904375,1.098801149904375,0.6328462550300173
E8_composition_cec2022,cec2022,6,10,GF:Stripped@matched,3,3453097946387883895,15000,15000,1800.135796962779,0.13579696277906805,0.13579696277906805,0.6564493650221266
E8_composition_cec2022,cec2022,6,10,GF:Stripped@matched,4,3471161381427809626,15000,15000,1800.31168380981,0.3116838098098924,0.3116838098098924,0.5511768350261264
E8_composition_cec2022,cec2022,6,10,GF:Stripped@matched,5,8640874833804060255,15000,15000,1800.4724992102338,0.47249921023376373,0.47249921023376373,0.5384414380532689
E8_composition_cec2022,cec2022,6,10,GF:Stripped@matched,6,8082055568093143659,15000,15000,1801.3657469882269,1.3657469882268742,1.3657469882268742,0.5923429459799081
E8_composition_cec2022,cec2022,6,10,GF:Stripped@matched,7,6037820279002125338,15000,15000,1801.2921713004505,1.292171300450491,1.292171300450491,0.595483276003506
E8_composition_cec2022,cec2022,6,10,GF:Stripped@matched,8,3021030472175911239,15000,15000,1801.252573611624,1.2525736116240296,1.2525736116240296,0.5557239830377512
E8_composition_cec2022,cec2022,6,10,GF:Stripped@matched,9,362003682917832931,15000,15000,1805.1654542544284,5.165454254428369,5.165454254428369,0.6358948429697193
E8_composition_cec2022,cec2022,6,10,GF:Stripped@matched,10,7844755164258303059,15000,15000,1801.2101136260626,1.2101136260625935,1.2101136260625935,0.6312620739918202
E8_composition_cec2022,cec2022,6,10,GF:Stripped@matched,11,6911505340239262230,15000,15000,1801.2582959832966,1.258295983296648,1.258295983296648,0.5847045190166682
E8_composition_cec2022,cec2022,6,10,GF:Stripped@matched,12,4699343217016817593,15000,15000,1801.2314958511504,1.2314958511503846,1.2314958511503846,0.5968896740232594
E8_composition_cec2022,cec2022,6,10,GF:Stripped@matched,13,3317599958218737364,15000,15000,1801.126284380041,1.1262843800409428,1.1262843800409428,0.6653346000239253
E8_composition_cec2022,cec2022,6,10,GF:Stripped@matched,14,3587088535024084174,15000,15000,1801.390723090415,1.3907230904148946,1.3907230904148946,0.9041875359835103
E8_composition_cec2022,cec2022,6,10,GF:Stripped@matched,15,3311081798597526525,15000,15000,1805.4725196313218,5.472519631321802,5.472519631321802,0.9035293119959533
E8_composition_cec2022,cec2022,6,10,GF:Stripped@matched,16,7126577861596174494,15000,15000,1800.2981402081023,0.29814020810226793,0.29814020810226793,0.9039118789951317
E8_composition_cec2022,cec2022,6,10,GF:Stripped@matched,17,1675288419167358979,15000,15000,1800.4675980608945,0.4675980608944883,0.4675980608944883,0.8693507860298268
E8_composition_cec2022,cec2022,6,10,GF:Stripped@matched,18,1096740108797154657,15000,15000,1801.4787743153752,1.4787743153751762,1.4787743153751762,0.8634137799963355
E8_composition_cec2022,cec2022,6,10,GF:Stripped@matched,19,3779581992970241387,15000,15000,1800.8605205599638,0.8605205599637884,0.8605205599637884,0.7847815770073794
E8_composition_cec2022,cec2022,6,10,GF:Stripped@matched,20,2804764493238110113,15000,15000,1800.1820594222074,0.18205942220743054,0.18205942220743054,0.734754616045393
E8_composition_cec2022,cec2022,6,10,GF:Stripped@matched,21,8053706248238423515,15000,15000,1801.362773998636,1.3627739986359302,1.3627739986359302,0.7067807469866239
E8_composition_cec2022,cec2022,6,10,GF:Stripped@matched,22,5365625709991152307,15000,15000,1800.1570403011776,0.15704030117763068,0.15704030117763068,0.7594001109828241
E8_composition_cec2022,cec2022,6,10,GF:Stripped@matched,23,481224580826171965,15000,15000,1800.4869181554113,0.4869181554113311,0.4869181554113311,0.8937141619971953
E8_composition_cec2022,cec2022,6,10,GF:Stripped@matched,24,4625235804111022387,15000,15000,1811.216116930785,11.216116930784892,11.216116930784892,0.9271271409816109
E8_composition_cec2022,cec2022,6,10,GF:Stripped@matched,25,7512387421057218196,15000,15000,1800.1912460584215,0.19124605842148412,0.19124605842148412,0.9081022379687056
E8_composition_cec2022,cec2022,6,10,GF:Stripped@matched,26,7245931343426602433,15000,15000,1800.5385955944812,0.538595594481194,0.538595594481194,0.9160807229927741
E8_composition_cec2022,cec2022,6,10,GF:Stripped@matched,27,6272699883504755189,15000,15000,1800.3737124320528,0.37371243205279825,0.37371243205279825,0.917280783993192
E8_composition_cec2022,cec2022,6,10,GF:Stripped@matched,28,3687779919604627866,15000,15000,1800.324356859892,0.3243568598920774,0.3243568598920774,0.9043542579747736
E8_composition_cec2022,cec2022,6,10,GF:Stripped@matched,29,5158085955187661005,15000,15000,1800.3684143842734,0.3684143842733647,0.3684143842733647,0.8981528580188751
E8_composition_cec2022,cec2022,7,20,GF:Stripped@matched,0,6942855283531824000,15000,15000,2040.4101067173742,40.41010671737422,40.41010671737422,0.9744586769957095
E8_composition_cec2022,cec2022,7,20,GF:Stripped@matched,1,1631948929802683607,15000,15000,2048.0624919153697,48.06249191536972,48.06249191536972,0.8099804800003767
E8_composition_cec2022,cec2022,7,20,GF:Stripped@matched,2,6465064404800394810,15000,15000,2053.4806474145935,53.48064741459348,53.48064741459348,0.6593780479743145
E8_composition_cec2022,cec2022,7,20,GF:Stripped@matched,3,8619611711557028589,15000,15000,2049.4356606757888,49.43566067578877,49.43566067578877,0.6728176360484213
E8_composition_cec2022,cec2022,7,20,GF:Stripped@matched,4,4754413121672613842,15000,15000,2056.733589163623,56.73358916362304,56.73358916362304,0.5979165100143291
E8_composition_cec2022,cec2022,7,20,GF:Stripped@matched,5,2089072150062870758,15000,15000,2058.463146329134,58.463146329133906,58.463146329133906,0.6140288910246454
E8_composition_cec2022,cec2022,7,20,GF:Stripped@matched,6,2189817833094489574,15000,15000,2042.1937883499081,42.19378834990812,42.19378834990812,0.7053097079624422
E8_composition_cec2022,cec2022,7,20,GF:Stripped@matched,7,6929953023521936789,15000,15000,2053.07315787803,53.07315787803009,53.07315787803009,0.6105826470302418
E8_composition_cec2022,cec2022,7,20,GF:Stripped@matched,8,6190260275525730221,15000,15000,2045.6821662669583,45.68216626695835,45.68216626695835,0.7143381719943136
E8_composition_cec2022,cec2022,7,20,GF:Stripped@matched,9,1311284111989562008,15000,15000,2034.0691552640776,34.06915526407761,34.06915526407761,0.84290924097877
E8_composition_cec2022,cec2022,7,20,GF:Stripped@matched,10,3805888349609860713,15000,15000,2043.5826085229965,43.58260852299645,43.58260852299645,0.6557553739985451
E8_composition_cec2022,cec2022,7,20,GF:Stripped@matched,11,3135094446946825877,15000,15000,2041.4369383033518,41.43693830335178,41.43693830335178,0.5938497319584712
E8_composition_cec2022,cec2022,7,20,GF:Stripped@matched,12,5136398024094515045,15000,15000,2043.221527875606,43.22152787560594,43.22152787560594,0.5773864240036346
E8_composition_cec2022,cec2022,7,20,GF:Stripped@matched,13,4917826088812380461,15000,15000,2030.9191316791491,30.91913167914913,30.91913167914913,0.5782210190081969
E8_composition_cec2022,cec2022,7,20,GF:Stripped@matched,14,7174652471646844271,15000,15000,2043.3566349888295,43.356634988829455,43.356634988829455,0.6207919649896212
E8_composition_cec2022,cec2022,7,20,GF:Stripped@matched,15,2945269430544514874,15000,15000,2044.943276743034,44.94327674303395,44.94327674303395,0.6104532839963213
E8_composition_cec2022,cec2022,7,20,GF:Stripped@matched,16,8902738639257115836,15000,15000,2045.865429793379,45.86542979337901,45.86542979337901,0.5942709930241108
E8_composition_cec2022,cec2022,7,20,GF:Stripped@matched,17,4486523679124285459,15000,15000,2034.1314647577,34.13146475770009,34.13146475770009,0.6211318930145353
E8_composition_cec2022,cec2022,7,20,GF:Stripped@matched,18,1592918392874850784,15000,15000,2042.0950858725373,42.09508587253731,42.09508587253731,0.7996860419516452
E8_composition_cec2022,cec2022,7,20,GF:Stripped@matched,19,2325025496028922001,15000,15000,2055.4164209553846,55.41642095538464,55.41642095538464,0.976558034948539
E8_composition_cec2022,cec2022,7,20,GF:Stripped@matched,20,6530138338953688908,15000,15000,2039.4915024993713,39.491502499371336,39.491502499371336,0.5982928560115397
E8_composition_cec2022,cec2022,7,20,GF:Stripped@matched,21,3879184371754350966,15000,15000,2035.7193974268482,35.71939742684822,35.71939742684822,0.9443375520058908
E8_composition_cec2022,cec2022,7,20,GF:Stripped@matched,22,1322632475982155570,15000,15000,2045.5234800799524,45.52348007995238,45.52348007995238,0.9400785539764911
E8_composition_cec2022,cec2022,7,20,GF:Stripped@matched,23,3794465176862780661,15000,15000,2033.5452741692036,33.545274169203594,33.545274169203594,0.9403178030042909
E8_composition_cec2022,cec2022,7,20,GF:Stripped@matched,24,8229599477423568032,15000,15000,2040.6669441328813,40.666944132881326,40.666944132881326,0.9372263939585537
E8_composition_cec2022,cec2022,7,20,GF:Stripped@matched,25,5676316576922473668,15000,15000,2046.6570198643312,46.65701986433123,46.65701986433123,0.9408143439795822
E8_composition_cec2022,cec2022,7,20,GF:Stripped@matched,26,1612911205693851060,15000,15000,2036.492614625236,36.492614625236,36.492614625236,0.949593189987354
E8_composition_cec2022,cec2022,7,20,GF:Stripped@matched,27,8795382241762048288,15000,15000,2042.185288540616,42.18528854061606,42.18528854061606,0.9585615209653042
E8_composition_cec2022,cec2022,7,20,GF:Stripped@matched,28,1830487645476733677,15000,15000,2041.35572594406,41.35572594405994,41.35572594405994,0.9457396419602446
E8_composition_cec2022,cec2022,7,20,GF:Stripped@matched,29,7654862247201902059,15000,15000,2052.2009223894024,52.20092238940242,52.20092238940242,0.954877321026288
E8_composition_cec2022,cec2022,4,10,GF:Stripped@matched,0,6832806612605677265,15000,15000,806.5306804572595,6.53068045725945,6.53068045725945,0.5948080199887045
E8_composition_cec2022,cec2022,4,10,GF:Stripped@matched,1,1059808213083880296,15000,15000,806.0330427019013,6.033042701901309,6.033042701901309,0.5163906490197405
E8_composition_cec2022,cec2022,4,10,GF:Stripped@matched,2,622320338959928321,15000,15000,811.0069618675609,11.006961867560904,11.006961867560904,0.5266736059566028
E8_composition_cec2022,cec2022,4,10,GF:Stripped@matched,3,4038059608495157046,15000,15000,805.2263111275028,5.226311127502754,5.226311127502754,0.8601422840147279
E8_composition_cec2022,cec2022,4,10,GF:Stripped@matched,4,4841504426789170014,15000,15000,806.0564378515883,6.056437851588271,6.056437851588271,0.8869185260264203
E8_composition_cec2022,cec2022,4,10,GF:Stripped@matched,5,443906350293095586,15000,15000,805.0725214232485,5.072521423248531,5.072521423248531,0.7184963210020214
E8_composition_cec2022,cec2022,4,10,GF:Stripped@matched,6,1588140402326184113,15000,15000,806.0916451109413,6.091645110941272,6.091645110941272,0.4774871420231648
E8_composition_cec2022,cec2022,4,10,GF:Stripped@matched,7,3696957303351360765,15000,15000,803.1598333934555,3.1598333934555285,3.1598333934555285,0.5234587959712371
E8_composition_cec2022,cec2022,4,10,GF:Stripped@matched,8,1236771454462692237,15000,15000,808.0142272755093,8.014227275509256,8.014227275509256,0.6572980060009286
E8_composition_cec2022,cec2022,4,10,GF:Stripped@matched,9,6973482621634259501,15000,15000,807.1343026689633,7.134302668963301,7.134302668963301,0.8920365659869276
E8_composition_cec2022,cec2022,4,10,GF:Stripped@matched,10,2288815046743058525,15000,15000,802.0857628302816,2.085762830281624,2.085762830281624,0.890264121000655
E8_composition_cec2022,cec2022,4,10,GF:Stripped@matched,11,8279665184694229828,15000,15000,806.2260019243308,6.226001924330831,6.226001924330831,0.8994303839863278
E8_composition_cec2022,cec2022,4,10,GF:Stripped@matched,12,8806169312775830887,15000,15000,806.3106574730871,6.310657473087076,6.310657473087076,0.8871802259818651
E8_composition_cec2022,cec2022,4,10,GF:Stripped@matched,13,3988332134907599457,15000,15000,806.4473252665359,6.447325266535927,6.447325266535927,0.899981287016999
E8_composition_cec2022,cec2022,4,10,GF:Stripped@matched,14,2872760035313433110,15000,15000,806.0245091568022,6.024509156802196,6.024509156802196,0.9002817400032654
E8_composition_cec2022,cec2022,4,10,GF:Stripped@matched,15,5124071712120447056,15000,15000,808.1183470733392,8.118347073339237,8.118347073339237,0.8654530749772675
E8_composition_cec2022,cec2022,4,10,GF:Stripped@matched,16,1012868130976989550,15000,15000,804.3054941879034,4.305494187903378,4.305494187903378,0.8870453840354457
E8_composition_cec2022,cec2022,4,10,GF:Stripped@matched,17,8534616370484405115,15000,15000,804.0620067672262,4.062006767226194,4.062006767226194,0.9044104639906436
E8_composition_cec2022,cec2022,4,10,GF:Stripped@matched,18,701983790270139006,15000,15000,805.2414173758228,5.241417375822834,5.241417375822834,0.8850562829757109
E8_composition_cec2022,cec2022,4,10,GF:Stripped@matched,19,1965695624813971437,15000,15000,804.0199135788337,4.019913578833666,4.019913578833666,0.7242670849664137
E8_composition_cec2022,cec2022,4,10,GF:Stripped@matched,20,2667849113862952099,15000,15000,805.1094457604978,5.109445760497806,5.109445760497806,0.8620068409945816
E8_composition_cec2022,cec2022,4,10,GF:Stripped@matched,21,1101157138881416876,15000,15000,805.1072783360737,5.107278336073705,5.107278336073705,0.8868816269678064
E8_composition_cec2022,cec2022,4,10,GF:Stripped@matched,22,7892870880426359285,15000,15000,809.1972247619333,9.197224761933285,9.197224761933285,0.8960236739949323
E8_composition_cec2022,cec2022,4,10,GF:Stripped@matched,23,8572107933001882505,15000,15000,803.0885361696269,3.0885361696268774,3.0885361696268774,0.8767119730473496
E8_composition_cec2022,cec2022,4,10,GF:Stripped@matched,24,1458731242701896338,15000,15000,805.0638368249103,5.063836824910254,5.063836824910254,0.8673141860053875
E8_composition_cec2022,cec2022,4,10,GF:Stripped@matched,25,8321852686382298352,15000,15000,806.2323183721843,6.232318372184295,6.232318372184295,0.8750678990036249
E8_composition_cec2022,cec2022,4,10,GF:Stripped@matched,26,6300799574165502437,15000,15000,804.1442356553843,4.14423565538425,4.14423565538425,0.8853245559730567
E8_composition_cec2022,cec2022,4,10,GF:Stripped@matched,27,5607270306404332122,15000,15000,804.1363422040151,4.136342204015136,4.136342204015136,0.6189477870357223
E8_composition_cec2022,cec2022,4,10,GF:Stripped@matched,28,5004765613574018193,15000,15000,805.0655555528084,5.065555552808405,5.065555552808405,0.5733324390021153
E8_composition_cec2022,cec2022,4,10,GF:Stripped@matched,29,7032331710076446344,15000,15000,804.3092123958202,4.309212395820168,4.309212395820168,0.5130200270214118
E8_composition_cec2022,cec2022,3,20,GF:Stripped@matched,0,1013625425846712579,15000,15000,600.0039530347622,0.003953034762162133,0.003953034762162133,0.7962435149820521
E8_composition_cec2022,cec2022,3,20,GF:Stripped@matched,1,4868685756895428939,15000,15000,600.0037780210025,0.003778021002517562,0.003778021002517562,0.9235370880342089
E8_composition_cec2022,cec2022,3,20,GF:Stripped@matched,2,4390203338429571006,15000,15000,600.0034339963734,0.00343399637336006,0.00343399637336006,0.9244222390116192
E8_composition_cec2022,cec2022,3,20,GF:Stripped@matched,3,2015253809313096242,15000,15000,600.0029810892612,0.002981089261197667,0.002981089261197667,0.9234340249677189
E8_composition_cec2022,cec2022,3,20,GF:Stripped@matched,4,7739052369759806949,15000,15000,600.0022605585527,0.0022605585527344374,0.0022605585527344374,0.9281740660080686
E8_composition_cec2022,cec2022,3,20,GF:Stripped@matched,5,793735523218307292,15000,15000,600.00809509168,0.008095091680047517,0.008095091680047517,0.9191940729506314
E8_composition_cec2022,cec2022,3,20,GF:Stripped@matched,6,4794286840093268128,15000,15000,600.0023821621135,0.0023821621134629822,0.0023821621134629822,0.927437653997913
E8_composition_cec2022,cec2022,3,20,GF:Stripped@matched,7,8381892433903552281,15000,15000,600.0102646258514,0.010264625851391429,0.010264625851391429,0.9124123920337297
E8_composition_cec2022,cec2022,3,20,GF:Stripped@matched,8,1440979765952888706,15000,15000,600.0041799259398,0.004179925939752138,0.004179925939752138,0.9152705040178262
E8_composition_cec2022,cec2022,3,20,GF:Stripped@matched,9,8929392877623704623,15000,15000,600.0017623256242,0.0017623256242131902,0.0017623256242131902,0.914805572014302
E8_composition_cec2022,cec2022,3,20,GF:Stripped@matched,10,8089443710399594637,15000,15000,600.0011432532609,0.0011432532609205737,0.0011432532609205737,0.8410651630256325
E8_composition_cec2022,cec2022,3,20,GF:Stripped@matched,11,1711601461353939364,15000,15000,600.0016550979549,0.0016550979548810574,0.0016550979548810574,0.6188350649899803
E8_composition_cec2022,cec2022,3,20,GF:Stripped@matched,12,619664568354887670,15000,15000,600.0112819083126,0.011281908312639644,0.011281908312639644,0.6059131289948709
E8_composition_cec2022,cec2022,3,20,GF:Stripped@matched,13,1262339191496916305,15000,15000,600.0075663439967,0.007566343996700198,0.007566343996700198,0.7005081619718112
E8_composition_cec2022,cec2022,3,20,GF:Stripped@matched,14,7808316279897650686,15000,15000,600.0145078015776,0.01450780157756526,0.01450780157756526,0.6485930400085635
E8_composition_cec2022,cec2022,3,20,GF:Stripped@matched,15,3373999392598766133,15000,15000,600.006510302496,0.006510302496053555,0.006510302496053555,0.6496034350129776
E8_composition_cec2022,cec2022,3,20,GF:Stripped@matched,16,7609847375686951512,15000,15000,600.0014200825389,0.0014200825388570593,0.0014200825388570593,0.7642819479806349
E8_composition_cec2022,cec2022,3,20,GF:Stripped@matched,17,2478790889178682060,15000,15000,600.0033725343723,0.003372534372260816,0.003372534372260816,0.5056039069895633
E8_composition_cec2022,cec2022,3,20,GF:Stripped@matched,18,2380068821055435194,15000,15000,600.0007014942564,0.0007014942564183002,0.0007014942564183002,0.7419873409671709
E8_composition_cec2022,cec2022,3,20,GF:Stripped@matched,19,1424380118768211807,15000,15000,600.0030298440536,0.003029844053571651,0.003029844053571651,0.5406452210154384
E8_composition_cec2022,cec2022,3,20,GF:Stripped@matched,20,4253908053879655807,15000,15000,600.0091345174326,0.009134517432585199,0.009134517432585199,0.6223317639669403
E8_composition_cec2022,cec2022,3,20,GF:Stripped@matched,21,7691853896848347611,15000,15000,600.0028867646057,0.002886764605705139,0.002886764605705139,0.5545670840074308
E8_composition_cec2022,cec2022,3,20,GF:Stripped@matched,22,5443999356223524950,15000,15000,600.0008758389217,0.0008758389217291551,0.0008758389217291551,0.6965643659932539
E8_composition_cec2022,cec2022,3,20,GF:Stripped@matched,23,2172665915727613723,15000,15000,600.012890161573,0.01289016157295464,0.01289016157295464,0.9050241450313479
E8_composition_cec2022,cec2022,3,20,GF:Stripped@matched,24,3876188689776311455,15000,15000,600.0202351385107,0.020235138510656725,0.020235138510656725,0.9235706410254352
E8_composition_cec2022,cec2022,3,20,GF:Stripped@matched,25,2561646862922932272,15000,15000,600.0033596740318,0.0033596740317989315,0.0033596740317989315,0.9319659169996157
E8_composition_cec2022,cec2022,3,20,GF:Stripped@matched,26,8008888186837378675,15000,15000,600.0029718477889,0.00297184778889914,0.00297184778889914,0.7037693389574997
E8_composition_cec2022,cec2022,3,20,GF:Stripped@matched,27,8675841397167447009,15000,15000,600.0036087331392,0.003608733139230935,0.003608733139230935,0.9501187350251712
E8_composition_cec2022,cec2022,3,20,GF:Stripped@matched,28,4688132747750126093,15000,15000,600.0127181440113,0.01271814401127358,0.01271814401127358,0.9463524110033177
E8_composition_cec2022,cec2022,3,20,GF:Stripped@matched,29,1247094558752663555,15000,15000,600.0057474179947,0.005747417994712123,0.005747417994712123,0.9362992349779233
E8_composition_cec2022,cec2022,1,20,GF:Stripped@matched,0,5515444000148978148,15000,15000,300.6110973466879,0.6110973466879273,0.6110973466879273,0.8779609950142913
E8_composition_cec2022,cec2022,1,20,GF:Stripped@matched,1,2242768511307333753,15000,15000,300.19263838596453,0.19263838596452842,0.19263838596452842,0.8570792400278151
E8_composition_cec2022,cec2022,1,20,GF:Stripped@matched,2,7260286585303958966,15000,15000,300.4902273954726,0.4902273954725729,0.4902273954725729,0.8603298060479574
E8_composition_cec2022,cec2022,1,20,GF:Stripped@matched,3,1597036086047303068,15000,15000,726.1762048758815,426.17620487588147,426.17620487588147,0.8316687290207483
E8_composition_cec2022,cec2022,1,20,GF:Stripped@matched,4,7347722346693143252,15000,15000,391.42207190673867,91.42207190673867,91.42207190673867,0.8531911669997498
E8_composition_cec2022,cec2022,1,20,GF:Stripped@matched,5,8096689304585031647,15000,15000,303.2202472978352,3.220247297835215,3.220247297835215,0.8589562689885497
E8_composition_cec2022,cec2022,1,20,GF:Stripped@matched,6,8065256467630643672,15000,15000,13589.904063529288,13289.904063529288,13289.904063529288,0.7969430070370436
E8_composition_cec2022,cec2022,1,20,GF:Stripped@matched,7,8618593938279624434,15000,15000,326.12390508884255,26.123905088842548,26.123905088842548,0.866657845035661
E8_composition_cec2022,cec2022,1,20,GF:Stripped@matched,8,6495208879540131829,15000,15000,336.77645094055026,36.77645094055026,36.77645094055026,0.8650364939821884
E8_composition_cec2022,cec2022,1,20,GF:Stripped@matched,9,7122594391875538299,15000,15000,323.6100536871948,23.610053687194807,23.610053687194807,0.9105877000256442
E8_composition_cec2022,cec2022,1,20,GF:Stripped@matched,10,2675352088932082811,15000,15000,371.56625657899417,71.56625657899417,71.56625657899417,0.841359214973636
E8_composition_cec2022,cec2022,1,20,GF:Stripped@matched,11,7785241867519338110,15000,15000,300.2074073548524,0.20740735485242112,0.20740735485242112,0.8437039720010944
E8_composition_cec2022,cec2022,1,20,GF:Stripped@matched,12,4968616684793379964,15000,15000,326.8927387723015,26.892738772301527,26.892738772301527,0.8519159440184012
E8_composition_cec2022,cec2022,1,20,GF:Stripped@matched,13,3618160933954256499,15000,15000,300.5823846889381,0.5823846889380775,0.5823846889380775,0.8471580509794876
E8_composition_cec2022,cec2022,1,20,GF:Stripped@matched,14,1437357647714210086,15000,15000,335.23231562228193,35.23231562228193,35.23231562228193,0.8292274599662051
E8_composition_cec2022,cec2022,1,20,GF:Stripped@matched,15,1952311392798781060,15000,15000,319.9636438648536,19.963643864853623,19.963643864853623,0.5415836910251528
E8_composition_cec2022,cec2022,1,20,GF:Stripped@matched,16,385213097489153581,15000,15000,398.21639595895925,98.21639595895925,98.21639595895925,0.7898968610097654
E8_composition_cec2022,cec2022,1,20,GF:Stripped@matched,17,7852121378973310983,15000,15000,314.4092622462846,14.409262246284584,14.409262246284584,0.878875570022501
E8_composition_cec2022,cec2022,1,20,GF:Stripped@matched,18,8704237349011941213,15000,15000,316.4448901090161,16.444890109016114,16.444890109016114,0.8578067640191875
E8_composition_cec2022,cec2022,1,20,GF:Stripped@matched,19,4672271129546544255,15000,15000,351.98145269882014,51.981452698820135,51.981452698820135,0.8349333820515312
E8_composition_cec2022,cec2022,1,20,GF:Stripped@matched,20,3502432147748481514,15000,15000,481.52499684536565,181.52499684536565,181.52499684536565,0.8502874809782952
E8_composition_cec2022,cec2022,1,20,GF:Stripped@matched,21,7506726864179860320,15000,15000,18664.131113231222,18364.131113231222,18364.131113231222,0.8252346010413021
E8_composition_cec2022,cec2022,1,20,GF:Stripped@matched,22,17767477305137106,15000,15000,303.0981322910831,3.098132291083118,3.098132291083118,0.866474570997525
E8_composition_cec2022,cec2022,1,20,GF:Stripped@matched,23,5330165722788147138,15000,15000,328.148710369002,28.148710369002004,28.148710369002004,0.860498211986851
E8_composition_cec2022,cec2022,1,20,GF:Stripped@matched,24,8201941871018133325,15000,15000,332.2299598670826,32.229959867082584,32.229959867082584,0.8666145139723085
E8_composition_cec2022,cec2022,1,20,GF:Stripped@matched,25,1845246755104525591,15000,15000,24094.015012777683,23794.015012777683,23794.015012777683,0.703993659990374
E8_composition_cec2022,cec2022,1,20,GF:Stripped@matched,26,7694004495194054945,15000,15000,773.9330642239548,473.93306422395483,473.93306422395483,0.5234775709686801
E8_composition_cec2022,cec2022,1,20,GF:Stripped@matched,27,1629697774668979380,15000,15000,306.34306812273144,6.343068122731438,6.343068122731438,0.5631170290289447
E8_composition_cec2022,cec2022,1,20,GF:Stripped@matched,28,6942016813129758778,15000,15000,300.3570288423873,0.35702884238730803,0.35702884238730803,0.5958545920439065
E8_composition_cec2022,cec2022,1,20,GF:Stripped@matched,29,4874582083100913705,15000,15000,331.2996121376373,31.299612137637325,31.299612137637325,0.5481824579765089
E8_composition_cec2022,cec2022,11,10,GF:Stripped@matched,0,361757259362237837,15000,15000,2600.0000000000005,0.0,4.547473508864641e-13,0.6600635839859024
E8_composition_cec2022,cec2022,11,10,GF:Stripped@matched,1,1471011767093813192,15000,15000,2600.000000000005,0.0,5.002220859751105e-12,0.6265919840079732
E8_composition_cec2022,cec2022,11,10,GF:Stripped@matched,2,7126883501755718252,15000,15000,2600.000000000001,0.0,9.094947017729282e-13,0.6708149590413086
E8_composition_cec2022,cec2022,11,10,GF:Stripped@matched,3,3310933918122015424,15000,15000,2600.0000000000005,0.0,4.547473508864641e-13,0.5763146639801562
E8_composition_cec2022,cec2022,11,10,GF:Stripped@matched,4,3876090453493852629,15000,15000,2600.0000000000005,0.0,4.547473508864641e-13,0.5554786530556157
E8_composition_cec2022,cec2022,11,10,GF:Stripped@matched,5,814970924192211621,15000,15000,2600.0000000000005,0.0,4.547473508864641e-13,0.8278782689594664
E8_composition_cec2022,cec2022,11,10,GF:Stripped@matched,6,5270790595682028593,15000,15000,2600.0000000000005,0.0,4.547473508864641e-13,0.9977561350096948
E8_composition_cec2022,cec2022,11,10,GF:Stripped@matched,7,4881646312511442311,15000,15000,2600.000000000001,0.0,9.094947017729282e-13,1.0182881150394678
E8_composition_cec2022,cec2022,11,10,GF:Stripped@matched,8,821788666972301643,15000,15000,2600.000000000001,0.0,9.094947017729282e-13,1.044573966995813
E8_composition_cec2022,cec2022,11,10,GF:Stripped@matched,9,8692658583444563870,15000,15000,2600.0000000000005,0.0,4.547473508864641e-13,1.0202396450331435
E8_composition_cec2022,cec2022,11,10,GF:Stripped@matched,10,5222218205621682849,15000,15000,2600.0000000000014,0.0,1.3642420526593924e-12,1.0118942020344548
E8_composition_cec2022,cec2022,11,10,GF:Stripped@matched,11,9078589071184067563,15000,15000,2600.0000000000023,0.0,2.2737367544323206e-12,0.6927752179908566
E8_composition_cec2022,cec2022,11,10,GF:Stripped@matched,12,119228968975044097,15000,15000,2600.000000000001,0.0,9.094947017729282e-13,0.8256596180144697
E8_composition_cec2022,cec2022,11,10,GF:Stripped@matched,13,5393261673007622719,15000,15000,2600.0000000000014,0.0,1.3642420526593924e-12,0.9761341100092977
E8_composition_cec2022,cec2022,11,10,GF:Stripped@matched,14,2220433384729190471,15000,15000,2600.0000000000014,0.0,1.3642420526593924e-12,1.0035812300047837
E8_composition_cec2022,cec2022,11,10,GF:Stripped@matched,15,1766136457446884459,15000,15000,2750.4271638095984,150.42716380959837,150.42716380959837,0.9273778120405041
E8_composition_cec2022,cec2022,11,10,GF:Stripped@matched,16,5568741288956347942,15000,15000,2600.0000000000005,0.0,4.547473508864641e-13,0.7421205909922719
E8_composition_cec2022,cec2022,11,10,GF:Stripped@matched,17,5984345904347040000,15000,15000,2600.0000000000005,0.0,4.547473508864641e-13,0.7851322739734314
E8_composition_cec2022,cec2022,11,10,GF:Stripped@matched,18,6762027168876135278,15000,15000,2600.0000000000005,0.0,4.547473508864641e-13,0.5984851559624076
E8_composition_cec2022,cec2022,11,10,GF:Stripped@matched,19,3022567844312182002,15000,15000,2600.0000000000005,0.0,4.547473508864641e-13,0.6820282209664583
E8_composition_cec2022,cec2022,11,10,GF:Stripped@matched,20,4314954460284511072,15000,15000,2600.0000000000014,0.0,1.3642420526593924e-12,0.7541160500259139
E8_composition_cec2022,cec2022,11,10,GF:Stripped@matched,21,8981021341604056850,15000,15000,2600.0000000000005,0.0,4.547473508864641e-13,0.7702287409920245
E8_composition_cec2022,cec2022,11,10,GF:Stripped@matched,22,542672843837267384,15000,15000,2600.0000000000005,0.0,4.547473508864641e-13,0.6557614050107077
E8_composition_cec2022,cec2022,11,10,GF:Stripped@matched,23,5797827113946781763,15000,15000,2600.000000000001,0.0,9.094947017729282e-13,0.7618611269863322
E8_composition_cec2022,cec2022,11,10,GF:Stripped@matched,24,5798800141401267486,15000,15000,2600.0000000000014,0.0,1.3642420526593924e-12,0.7429692629957572
E8_composition_cec2022,cec2022,11,10,GF:Stripped@matched,25,6446868329553547140,15000,15000,2600.000000000001,0.0,9.094947017729282e-13,0.6843356490135193
E8_composition_cec2022,cec2022,11,10,GF:Stripped@matched,26,1617655225260367398,15000,15000,2600.0000000000005,0.0,4.547473508864641e-13,0.9600908790016547
E8_composition_cec2022,cec2022,11,10,GF:Stripped@matched,27,6808940879474246449,15000,15000,2600.0000000000005,0.0,4.547473508864641e-13,0.9494226400274783
E8_composition_cec2022,cec2022,11,10,GF:Stripped@matched,28,3986194738543152902,15000,15000,2600.0000000000005,0.0,4.547473508864641e-13,0.9841329129994847
E8_composition_cec2022,cec2022,11,10,GF:Stripped@matched,29,5046644983987870597,15000,15000,2600.0000000000014,0.0,1.3642420526593924e-12,1.0037186780245975
E8_composition_cec2022,cec2022,10,20,GF:Stripped@matched,0,3950942657706065479,15000,15000,2500.910108287599,100.91010828759909,100.91010828759909,0.6102090359781869
E8_composition_cec2022,cec2022,10,20,GF:Stripped@matched,1,6393437264616265521,15000,15000,2500.807733364865,100.80773336486482,100.80773336486482,0.6079827010398731
E8_composition_cec2022,cec2022,10,20,GF:Stripped@matched,2,4048896229206873082,15000,15000,2500.566385555957,100.56638555595691,100.56638555595691,0.7396638329955749
E8_composition_cec2022,cec2022,10,20,GF:Stripped@matched,3,6521374824019460874,15000,15000,2500.564089325904,100.5640893259042,100.5640893259042,0.7333699190057814
E8_composition_cec2022,cec2022,10,20,GF:Stripped@matched,4,2330707240864975826,15000,15000,2500.498874288565,100.49887428856482,100.49887428856482,0.5741307169664651
E8_composition_cec2022,cec2022,10,20,GF:Stripped@matched,5,6226741940692214948,15000,15000,2425.897480920139,25.89748092013906,25.89748092013906,0.5723196209874004
E8_composition_cec2022,cec2022,10,20,GF:Stripped@matched,6,3527283365593285407,15000,15000,2500.5596637941417,100.55966379414167,100.55966379414167,0.8619520890060812
E8_composition_cec2022,cec2022,10,20,GF:Stripped@matched,7,5009466269320924295,15000,15000,2500.723739520529,100.72373952052885,100.72373952052885,0.8726645110291429
E8_composition_cec2022,cec2022,10,20,GF:Stripped@matched,8,7504516937085218671,15000,15000,2501.010075774114,101.01007577411383,101.01007577411383,0.9272282320307568
E8_composition_cec2022,cec2022,10,20,GF:Stripped@matched,9,631167338042890633,15000,15000,2500.581456348931,100.58145634893117,100.58145634893117,0.9281864180229604
E8_composition_cec2022,cec2022,10,20,GF:Stripped@matched,10,7039696619171075294,15000,15000,2500.7240399438906,100.7240399438906,100.7240399438906,0.9388602980179712
E8_composition_cec2022,cec2022,10,20,GF:Stripped@matched,11,6549984182054713437,15000,15000,2500.605629268998,100.6056292689982,100.6056292689982,0.9268743279972114
E8_composition_cec2022,cec2022,10,20,GF:Stripped@matched,12,9068162962542417297,15000,15000,2500.5586179849206,100.5586179849206,100.5586179849206,0.7331272839801386
E8_composition_cec2022,cec2022,10,20,GF:Stripped@matched,13,8942820024270376405,15000,15000,2500.525491908178,100.52549190817808,100.52549190817808,0.7893214320065454
E8_composition_cec2022,cec2022,10,20,GF:Stripped@matched,14,1183306573676151954,15000,15000,2500.533539448793,100.53353944879291,100.53353944879291,0.9356500179856084
E8_composition_cec2022,cec2022,10,20,GF:Stripped@matched,15,910714900734719629,15000,15000,2500.7590823175633,100.7590823175633,100.7590823175633,0.9411148270010017
E8_composition_cec2022,cec2022,10,20,GF:Stripped@matched,16,4539418890959302107,15000,15000,2500.4892812167495,100.48928121674953,100.48928121674953,0.9169911300414242
E8_composition_cec2022,cec2022,10,20,GF:Stripped@matched,17,1781656584440257541,15000,15000,2500.5033714269807,100.50337142698072,100.50337142698072,0.8968339139828458
E8_composition_cec2022,cec2022,10,20,GF:Stripped@matched,18,2155310651656918804,15000,15000,2500.4193848840528,100.41938488405276,100.41938488405276,0.8826482970034704
E8_composition_cec2022,cec2022,10,20,GF:Stripped@matched,19,3977937823495465027,15000,15000,2500.5633276719745,100.56332767197455,100.56332767197455,0.8826941130100749
E8_composition_cec2022,cec2022,10,20,GF:Stripped@matched,20,6782952000812366000,15000,15000,2500.6634842487856,100.66348424878561,100.66348424878561,0.8841566760092974
E8_composition_cec2022,cec2022,10,20,GF:Stripped@matched,21,5132801920919433859,15000,15000,2500.6833031685533,100.68330316855327,100.68330316855327,0.8957162580336444
E8_composition_cec2022,cec2022,10,20,GF:Stripped@matched,22,8807598817407819746,15000,15000,2500.807040708648,100.80704070864795,100.80704070864795,0.886887408036273
E8_composition_cec2022,cec2022,10,20,GF:Stripped@matched,23,5271690361361078581,15000,15000,2500.575250508358,100.57525050835784,100.57525050835784,0.8721864249673672
E8_composition_cec2022,cec2022,10,20,GF:Stripped@matched,24,2587798258382779661,15000,15000,2501.0177507210005,101.01775072100054,101.01775072100054,0.8803786300122738
E8_composition_cec2022,cec2022,10,20,GF:Stripped@matched,25,7887762876845154536,15000,15000,2501.3344251866843,101.33442518668426,101.33442518668426,0.7243325379677117
E8_composition_cec2022,cec2022,10,20,GF:Stripped@matched,26,7180893709742356048,15000,15000,2500.991793827906,100.9917938279059,100.9917938279059,0.855145572044421
E8_composition_cec2022,cec2022,10,20,GF:Stripped@matched,27,7525009458083307772,15000,15000,2500.844189609962,100.84418960996209,100.84418960996209,0.9112936650053598
E8_composition_cec2022,cec2022,10,20,GF:Stripped@matched,28,1361959464611597378,15000,15000,2500.742124996249,100.742124996249,100.742124996249,0.9005319090210833
E8_composition_cec2022,cec2022,10,20,GF:Stripped@matched,29,6989279343876381244,15000,15000,2459.3229959069354,59.322995906935375,59.322995906935375,0.8952356560039334
E8_composition_cec2022,cec2022,9,10,GF:Stripped@matched,0,278110618218050553,15000,15000,2529.284382708487,229.2843827084871,229.2843827084871,0.9590822579921223
E8_composition_cec2022,cec2022,9,10,GF:Stripped@matched,1,3830499351366180874,15000,15000,2529.284382708487,229.2843827084871,229.2843827084871,0.9254004440153949
E8_composition_cec2022,cec2022,9,10,GF:Stripped@matched,2,6580216125132938363,15000,15000,2529.284382708487,229.2843827084871,229.2843827084871,0.9312633599620312
E8_composition_cec2022,cec2022,9,10,GF:Stripped@matched,3,5499908664503203155,15000,15000,2529.284382708487,229.2843827084871,229.2843827084871,0.9816143490024842
E8_composition_cec2022,cec2022,9,10,GF:Stripped@matched,4,861159776349567336,15000,15000,2529.284382708487,229.2843827084871,229.2843827084871,0.9475515600061044
E8_composition_cec2022,cec2022,9,10,GF:Stripped@matched,5,5873122790631686667,15000,15000,2529.284382708487,229.2843827084871,229.2843827084871,0.9441953559871763
E8_composition_cec2022,cec2022,9,10,GF:Stripped@matched,6,3245005013733857314,15000,15000,2529.284382708487,229.2843827084871,229.2843827084871,0.9356195600121282
E8_composition_cec2022,cec2022,9,10,GF:Stripped@matched,7,7289115963927519965,15000,15000,2529.284382708487,229.2843827084871,229.2843827084871,0.9304250779678114
E8_composition_cec2022,cec2022,9,10,GF:Stripped@matched,8,2969023148291316427,15000,15000,2529.284382708487,229.2843827084871,229.2843827084871,0.922795636986848
E8_composition_cec2022,cec2022,9,10,GF:Stripped@matched,9,8444773019774891796,15000,15000,2529.284382708487,229.2843827084871,229.2843827084871,0.9099337430088781
E8_composition_cec2022,cec2022,9,10,GF:Stripped@matched,10,3685575831390123475,15000,15000,2529.284382708487,229.2843827084871,229.2843827084871,0.6923118290142156
E8_composition_cec2022,cec2022,9,10,GF:Stripped@matched,11,3403732772440494611,15000,15000,2529.284382708487,229.2843827084871,229.2843827084871,0.7896898430190049
E8_composition_cec2022,cec2022,9,10,GF:Stripped@matched,12,2323137561992060736,15000,15000,2529.284382708487,229.2843827084871,229.2843827084871,0.9132653120323084
E8_composition_cec2022,cec2022,9,10,GF:Stripped@matched,13,1826548238286187399,15000,15000,2529.284382708487,229.2843827084871,229.2843827084871,0.9145182230276987
E8_composition_cec2022,cec2022,9,10,GF:Stripped@matched,14,518728733614846358,15000,15000,2529.284382708487,229.2843827084871,229.2843827084871,0.9303268440417014
E8_composition_cec2022,cec2022,9,10,GF:Stripped@matched,15,7554801964211646777,15000,15000,2529.284382708487,229.2843827084871,229.2843827084871,0.9180673590162769
E8_composition_cec2022,cec2022,9,10,GF:Stripped@matched,16,1884696532185512965,15000,15000,2529.284382708487,229.2843827084871,229.2843827084871,0.928565849957522
E8_composition_cec2022,cec2022,9,10,GF:Stripped@matched,17,8649175948497659887,15000,15000,2529.284382708487,229.2843827084871,229.2843827084871,0.8545494939899072
E8_composition_cec2022,cec2022,9,10,GF:Stripped@matched,18,603228950514418011,15000,15000,2529.284382708487,229.2843827084871,229.2843827084871,0.6993534669745713
E8_composition_cec2022,cec2022,9,10,GF:Stripped@matched,19,8881149316434334149,15000,15000,2529.284382708487,229.2843827084871,229.2843827084871,0.5787852570065297
E8_composition_cec2022,cec2022,9,10,GF:Stripped@matched,20,3066252644609727717,15000,15000,2529.284382708487,229.2843827084871,229.2843827084871,0.6470949900103733
E8_composition_cec2022,cec2022,9,10,GF:Stripped@matched,21,5363246805054789483,15000,15000,2529.284382708487,229.2843827084871,229.2843827084871,0.575759552011732
E8_composition_cec2022,cec2022,9,10,GF:Stripped@matched,22,6440118740899115348,15000,15000,2529.284382708487,229.2843827084871,229.2843827084871,0.5544412769959308
E8_composition_cec2022,cec2022,9,10,GF:Stripped@matched,23,260370200318710257,15000,15000,2529.284382708487,229.2843827084871,229.2843827084871,0.5635464750230312
E8_composition_cec2022,cec2022,9,10,GF:Stripped@matched,24,7820442189745201207,15000,15000,2529.284382708487,229.2843827084871,229.2843827084871,0.5813327149953693
E8_composition_cec2022,cec2022,9,10,GF:Stripped@matched,25,6823271590770492717,15000,15000,2529.284382708487,229.2843827084871,229.2843827084871,0.7469588050153106
E8_composition_cec2022,cec2022,9,10,GF:Stripped@matched,26,6374144538240172195,15000,15000,2529.284382708487,229.2843827084871,229.2843827084871,0.9539485779823735
E8_composition_cec2022,cec2022,9,10,GF:Stripped@matched,27,7635245615555638384,15000,15000,2529.284382708487,229.2843827084871,229.2843827084871,0.9484986360184848
E8_composition_cec2022,cec2022,9,10,GF:Stripped@matched,28,8160075999848142640,15000,15000,2529.284382708487,229.2843827084871,229.2843827084871,0.9443328930065036
E8_composition_cec2022,cec2022,9,10,GF:Stripped@matched,29,3628613845259733260,15000,15000,2529.284382708487,229.2843827084871,229.2843827084871,0.9444062609691173
E8_composition_cec2022,cec2022,4,20,GF:Stripped@matched,0,6766146513565893577,15000,15000,822.6264521219255,22.626452121925468,22.626452121925468,0.8994806979899295
E8_composition_cec2022,cec2022,4,20,GF:Stripped@matched,1,1402864165067889322,15000,15000,817.6881555317929,17.68815553179286,17.68815553179286,0.8376204220112413
E8_composition_cec2022,cec2022,4,20,GF:Stripped@matched,2,3342303546385323232,15000,15000,819.3325463021276,19.33254630212764,19.33254630212764,0.8382466969778761
E8_composition_cec2022,cec2022,4,20,GF:Stripped@matched,3,3844444748903772005,15000,15000,820.3551850128458,20.355185012845823,20.355185012845823,0.8401129969861358
E8_composition_cec2022,cec2022,4,20,GF:Stripped@matched,4,5463943209198855271,15000,15000,824.390466650139,24.390466650139047,24.390466650139047,0.8314620809978805
E8_composition_cec2022,cec2022,4,20,GF:Stripped@matched,5,4116641226937901255,15000,15000,820.9360412322292,20.936041232229172,20.936041232229172,0.8266676380299032
E8_composition_cec2022,cec2022,4,20,GF:Stripped@matched,6,1688611373061262301,15000,15000,825.9098869449651,25.909886944965137,25.909886944965137,0.8228916770312935
E8_composition_cec2022,cec2022,4,20,GF:Stripped@matched,7,2487953212763875247,15000,15000,825.7806740702167,25.78067407021672,25.78067407021672,0.8268870399915613
E8_composition_cec2022,cec2022,4,20,GF:Stripped@matched,8,6320945847840346415,15000,15000,813.5238001283634,13.523800128363405,13.523800128363405,0.8313101669773459
E8_composition_cec2022,cec2022,4,20,GF:Stripped@matched,9,168231785922355666,15000,15000,827.2774710503448,27.277471050344843,27.277471050344843,0.8483067449997179
E8_composition_cec2022,cec2022,4,20,GF:Stripped@matched,10,1802733142593713051,15000,15000,820.5055382651306,20.505538265130554,20.505538265130554,0.8418361989897676
E8_composition_cec2022,cec2022,4,20,GF:Stripped@matched,11,6110108038987653108,15000,15000,828.3779937951176,28.377993795117618,28.377993795117618,0.8506767409853637
E8_composition_cec2022,cec2022,4,20,GF:Stripped@matched,12,1761996082735763866,15000,15000,822.298770384226,22.29877038422603,22.29877038422603,0.8522819109493867
E8_composition_cec2022,cec2022,4,20,GF:Stripped@matched,13,3875375481935554899,15000,15000,818.8409183350334,18.840918335033393,18.840918335033393,0.8490170270088129
E8_composition_cec2022,cec2022,4,20,GF:Stripped@matched,14,7567913978066802097,15000,15000,830.5593818325916,30.559381832591612,30.559381832591612,0.8248021400067955
E8_composition_cec2022,cec2022,4,20,GF:Stripped@matched,15,6287931933129083391,15000,15000,830.4293473684783,30.42934736847826,30.42934736847826,0.8241569899837486
E8_composition_cec2022,cec2022,4,20,GF:Stripped@matched,16,4758401233043408621,15000,15000,819.5471663479796,19.547166347979555,19.547166347979555,0.8220451989909634
E8_composition_cec2022,cec2022,4,20,GF:Stripped@matched,17,2714920556037974814,15000,15000,824.3923746859514,24.39237468595138,24.39237468595138,0.833073323010467
E8_composition_cec2022,cec2022,4,20,GF:Stripped@matched,18,3642277961392550398,15000,15000,823.0622497408126,23.062249740812604,23.062249740812604,0.8438979769707657
E8_composition_cec2022,cec2022,4,20,GF:Stripped@matched,19,4925463978626063987,15000,15000,816.3921123155042,16.392112315504164,16.392112315504164,0.83048336597858
E8_composition_cec2022,cec2022,4,20,GF:Stripped@matched,20,680429770561115240,15000,15000,816.2487544814068,16.248754481406763,16.248754481406763,0.8351667699753307
E8_composition_cec2022,cec2022,4,20,GF:Stripped@matched,21,8269345869358045483,15000,15000,826.8201753339107,26.820175333910697,26.820175333910697,0.8354022709536366
E8_composition_cec2022,cec2022,4,20,GF:Stripped@matched,22,4617877595725553683,15000,15000,824.6893444642167,24.689344464216674,24.689344464216674,0.8350360649637878
E8_composition_cec2022,cec2022,4,20,GF:Stripped@matched,23,3782063368800356489,15000,15000,827.3447830101285,27.34478301012848,27.34478301012848,0.8296383899869397
E8_composition_cec2022,cec2022,4,20,GF:Stripped@matched,24,2716172269391307916,15000,15000,822.7750791173564,22.775079117356427,22.775079117356427,0.8312999570043758
E8_composition_cec2022,cec2022,4,20,GF:Stripped@matched,25,7727171612927942834,15000,15000,828.84953957414,28.849539574139953,28.849539574139953,0.8425540659809485
E8_composition_cec2022,cec2022,4,20,GF:Stripped@matched,26,6105010857808163120,15000,15000,827.0583581193149,27.058358119314903,27.058358119314903,0.8509943560347892
E8_composition_cec2022,cec2022,4,20,GF:Stripped@matched,27,4338696634496232355,15000,15000,812.3550282155621,12.355028215562129,12.355028215562129,0.8615157899912447
E8_composition_cec2022,cec2022,4,20,GF:Stripped@matched,28,698129179264479224,15000,15000,822.1095505165915,22.109550516591526,22.109550516591526,0.8895613130298443
E8_composition_cec2022,cec2022,4,20,GF:Stripped@matched,29,8334637062844607171,15000,15000,817.3198630451087,17.31986304510872,17.31986304510872,0.8540351199917495
E8_composition_cec2022,cec2022,5,20,GF:Stripped@matched,0,4069486930904386437,15000,15000,900.0000233719261,2.3371926090476336e-05,2.3371926090476336e-05,0.7015980270225555
E8_composition_cec2022,cec2022,5,20,GF:Stripped@matched,1,1486214748829647507,15000,15000,900.0000315119455,3.1511945508100325e-05,3.1511945508100325e-05,0.5797618089709431
E8_composition_cec2022,cec2022,5,20,GF:Stripped@matched,2,8183402279252084115,15000,15000,900.0000040310525,4.031052526443091e-06,4.031052526443091e-06,0.5899878589552827
E8_composition_cec2022,cec2022,5,20,GF:Stripped@matched,3,7844553827781528075,15000,15000,900.0895332575652,0.0895332575652219,0.0895332575652219,0.5802719459752552
E8_composition_cec2022,cec2022,5,20,GF:Stripped@matched,4,3687659034993012547,15000,15000,900.4543627610686,0.45436276106863716,0.45436276106863716,0.8886302470345981
E8_composition_cec2022,cec2022,5,20,GF:Stripped@matched,5,1694036218581408443,15000,15000,900.0896778808836,0.08967788088364159,0.08967788088364159,0.9009388429694809
E8_composition_cec2022,cec2022,5,20,GF:Stripped@matched,6,4689447048410785561,15000,15000,900.0000131371941,1.3137194059709145e-05,1.3137194059709145e-05,0.8993626569863409
E8_composition_cec2022,cec2022,5,20,GF:Stripped@matched,7,5722083452433922586,15000,15000,900.0899415939951,0.08994159399514956,0.08994159399514956,0.8895301049924456
E8_composition_cec2022,cec2022,5,20,GF:Stripped@matched,8,2178351650197817306,15000,15000,900.0000412397169,4.123971689296013e-05,4.123971689296013e-05,0.8713480720180087
E8_composition_cec2022,cec2022,5,20,GF:Stripped@matched,9,8446939801188170227,15000,15000,900.0000487749462,4.8774946208141046e-05,4.8774946208141046e-05,0.8793103859643452
E8_composition_cec2022,cec2022,5,20,GF:Stripped@matched,10,9219983802290868367,15000,15000,900.0000292690154,2.9269015385580133e-05,2.9269015385580133e-05,0.8842506119981408
E8_composition_cec2022,cec2022,5,20,GF:Stripped@matched,11,8796473953620401361,15000,15000,900.0002254970846,0.00022549708455699147,0.00022549708455699147,0.8871731939725578
E8_composition_cec2022,cec2022,5,20,GF:Stripped@matched,12,8009178272569154231,15000,15000,900.0000351746118,3.51746117530638e-05,3.51746117530638e-05,0.900774203997571
E8_composition_cec2022,cec2022,5,20,GF:Stripped@matched,13,980910405391938792,15000,15000,900.0000053621203,5.362120305107965e-06,5.362120305107965e-06,0.9060966669931076
E8_composition_cec2022,cec2022,5,20,GF:Stripped@matched,14,1474030856105047985,15000,15000,900.0000076332633,7.633263294337667e-06,7.633263294337667e-06,0.8959557669586502
E8_composition_cec2022,cec2022,5,20,GF:Stripped@matched,15,7707731300672437584,15000,15000,900.0000005299464,5.299464191921288e-07,5.299464191921288e-07,0.7627809419645928
E8_composition_cec2022,cec2022,5,20,GF:Stripped@matched,16,3676150530609099152,15000,15000,900.0000399449401,3.9944940112945915e-05,3.9944940112945915e-05,0.8946447769994847
E8_composition_cec2022,cec2022,5,20,GF:Stripped@matched,17,9201658084515183917,15000,15000,900.0000058253377,5.825337666465202e-06,5.825337666465202e-06,0.8829862009733915
E8_composition_cec2022,cec2022,5,20,GF:Stripped@matched,18,2544361618484359580,15000,15000,900.0000137948625,1.3794862525173812e-05,1.3794862525173812e-05,0.7536090390058234
E8_composition_cec2022,cec2022,5,20,GF:Stripped@matched,19,2258005250191133270,15000,15000,900.0000002155952,2.1559515062108403e-07,2.1559515062108403e-07,0.9132774660247378
E8_composition_cec2022,cec2022,5,20,GF:Stripped@matched,20,8218482933922226310,15000,15000,900.0000289608034,2.896080343361973e-05,2.896080343361973e-05,0.9057321439613588
E8_composition_cec2022,cec2022,5,20,GF:Stripped@matched,21,5626524889387417631,15000,15000,900.0001087085986,0.00010870859864553495,0.00010870859864553495,0.929405765957199
E8_composition_cec2022,cec2022,5,20,GF:Stripped@matched,22,2995509821683610180,15000,15000,900.0003444147084,0.000344414708365548,0.000344414708365548,0.8998555110301822
E8_composition_cec2022,cec2022,5,20,GF:Stripped@matched,23,7518927858444466656,15000,15000,900.0000036911109,3.691110919135099e-06,3.691110919135099e-06,0.9155988800339401
E8_composition_cec2022,cec2022,5,20,GF:Stripped@matched,24,2811892613632667764,15000,15000,900.0895637486348,0.08956374863475958,0.08956374863475958,0.8910654539940879
E8_composition_cec2022,cec2022,5,20,GF:Stripped@matched,25,3394067779755219584,15000,15000,900.000051716135,5.171613497623184e-05,5.171613497623184e-05,0.9019589759991504
E8_composition_cec2022,cec2022,5,20,GF:Stripped@matched,26,7691138327300987274,15000,15000,900.0000010937182,1.0937181968984078e-06,1.0937181968984078e-06,0.901098903035745
E8_composition_cec2022,cec2022,5,20,GF:Stripped@matched,27,1164501143909351810,15000,15000,900.0000669291932,6.692919316719781e-05,6.692919316719781e-05,0.8737861849949695
E8_composition_cec2022,cec2022,5,20,GF:Stripped@matched,28,5038271941350716615,15000,15000,900.089839111183,0.08983911118298238,0.08983911118298238,0.8787494649877772
E8_composition_cec2022,cec2022,5,20,GF:Stripped@matched,29,146390220926169596,15000,15000,900.0895781179432,0.08957811794323334,0.08957811794323334,0.710183318995405
E8_composition_cec2022,cec2022,10,10,GF:Stripped@matched,0,4771927374921270016,15000,15000,2500.2974643369275,100.29746433692753,100.29746433692753,0.8848557370365597
E8_composition_cec2022,cec2022,10,10,GF:Stripped@matched,1,2357669652925726826,15000,15000,2500.4168540917963,100.41685409179627,100.41685409179627,0.9172120150178671
E8_composition_cec2022,cec2022,10,10,GF:Stripped@matched,2,5419639429617412184,15000,15000,2501.4979845651087,101.49798456510871,101.49798456510871,0.9425640160334297
E8_composition_cec2022,cec2022,10,10,GF:Stripped@matched,3,3952166082057786416,15000,15000,2500.3838164199215,100.38381641992146,100.38381641992146,0.9310213360004127
E8_composition_cec2022,cec2022,10,10,GF:Stripped@matched,4,5462526589978688528,15000,15000,2500.3965037542557,100.39650375425572,100.39650375425572,0.9124666739953682
E8_composition_cec2022,cec2022,10,10,GF:Stripped@matched,5,5091547916944228873,15000,15000,2500.3114322975,100.31143229749978,100.31143229749978,0.9026342829456553
E8_composition_cec2022,cec2022,10,10,GF:Stripped@matched,6,1975248724920410009,15000,15000,2500.345027526424,100.34502752642402,100.34502752642402,0.8962251120246947
E8_composition_cec2022,cec2022,10,10,GF:Stripped@matched,7,3144338771611778422,15000,15000,2500.3078667731247,100.30786677312472,100.30786677312472,0.8889652549987659
E8_composition_cec2022,cec2022,10,10,GF:Stripped@matched,8,4829949276802583449,15000,15000,2500.3345130569596,100.33451305695962,100.33451305695962,0.8870246849837713
E8_composition_cec2022,cec2022,10,10,GF:Stripped@matched,9,3498574041456542346,15000,15000,2500.2753194427405,100.27531944274051,100.27531944274051,0.9105320459930226
E8_composition_cec2022,cec2022,10,10,GF:Stripped@matched,10,7353292452239704891,15000,15000,2606.430435629179,206.4304356291791,206.4304356291791,0.9202268289518543
E8_composition_cec2022,cec2022,10,10,GF:Stripped@matched,11,2843581559370400876,15000,15000,2608.204728655332,208.20472865533202,208.20472865533202,0.9137067410047166
E8_composition_cec2022,cec2022,10,10,GF:Stripped@matched,12,4652018190083612399,15000,15000,2500.3218523978626,100.32185239786259,100.32185239786259,0.8970455899834633
E8_composition_cec2022,cec2022,10,10,GF:Stripped@matched,13,5962409064599612534,15000,15000,2500.3776807489476,100.37768074894757,100.37768074894757,0.9230486719752662
E8_composition_cec2022,cec2022,10,10,GF:Stripped@matched,14,8329125305325932733,15000,15000,2500.324489827568,100.32448982756796,100.32448982756796,0.9102154819993302
E8_composition_cec2022,cec2022,10,10,GF:Stripped@matched,15,3436198255572549099,15000,15000,2500.3140762964877,100.31407629648766,100.31407629648766,0.9087797289830633
E8_composition_cec2022,cec2022,10,10,GF:Stripped@matched,16,4805452165243578767,15000,15000,2500.3514961069995,100.35149610699955,100.35149610699955,0.9047314859926701
E8_composition_cec2022,cec2022,10,10,GF:Stripped@matched,17,7799129711082376054,15000,15000,2500.376127483117,100.37612748311722,100.37612748311722,0.9096499609877355
E8_composition_cec2022,cec2022,10,10,GF:Stripped@matched,18,2409068751618155089,15000,15000,2500.325813404844,100.32581340484421,100.32581340484421,0.8927102399757132
E8_composition_cec2022,cec2022,10,10,GF:Stripped@matched,19,3818079608612207989,15000,15000,2500.321574163203,100.32157416320297,100.32157416320297,0.9029800510033965
E8_composition_cec2022,cec2022,10,10,GF:Stripped@matched,20,1523287708619724577,15000,15000,2500.2878305838267,100.28783058382669,100.28783058382669,0.7325655900058337
E8_composition_cec2022,cec2022,10,10,GF:Stripped@matched,21,9184018582533509691,15000,15000,2500.408203052101,100.40820305210082,100.40820305210082,0.9142831619828939
E8_composition_cec2022,cec2022,10,10,GF:Stripped@matched,22,1107899799537945740,15000,15000,2500.5202236720843,100.52022367208428,100.52022367208428,0.9090443860040978
E8_composition_cec2022,cec2022,10,10,GF:Stripped@matched,23,203072145443379880,15000,15000,2500.4280788705973,100.42807887059735,100.42807887059735,0.8721974750515074
E8_composition_cec2022,cec2022,10,10,GF:Stripped@matched,24,1353173636461575258,15000,15000,2500.3704192538735,100.37041925387348,100.37041925387348,0.5880511769792065
E8_composition_cec2022,cec2022,10,10,GF:Stripped@matched,25,1282219750518410915,15000,15000,2500.2874819072763,100.28748190727629,100.28748190727629,0.6144470449653454
E8_composition_cec2022,cec2022,10,10,GF:Stripped@matched,26,5762549194586154747,15000,15000,2500.3587648896464,100.35876488964641,100.35876488964641,0.5651525380089879
E8_composition_cec2022,cec2022,10,10,GF:Stripped@matched,27,7728160551322572945,15000,15000,2500.211369165414,100.211369165414,100.211369165414,0.8693695809924975
E8_composition_cec2022,cec2022,10,10,GF:Stripped@matched,28,4943933690239309965,15000,15000,2500.2829082422227,100.28290824222267,100.28290824222267,0.7377157990122214
E8_composition_cec2022,cec2022,10,10,GF:Stripped@matched,29,1556982860275330580,15000,15000,2500.3908696732537,100.39086967325375,100.39086967325375,0.5962521589826792
E8_composition_cec2022,cec2022,3,10,GF:Stripped@matched,0,6890994187836894421,15000,15000,600.0000000081635,0.0,8.163510756276082e-09,0.9431801720056683
E8_composition_cec2022,cec2022,3,10,GF:Stripped@matched,1,132592397483924513,15000,15000,600.0000000002341,0.0,2.340811988688074e-10,0.9319257229799405
E8_composition_cec2022,cec2022,3,10,GF:Stripped@matched,2,611641619601204657,15000,15000,600.0000014686909,1.4686909253214253e-06,1.4686909253214253e-06,0.9509711239952594
E8_composition_cec2022,cec2022,3,10,GF:Stripped@matched,3,5054734514742552758,15000,15000,600.0000004926254,4.926254177917144e-07,4.926254177917144e-07,0.9522826239699498
E8_composition_cec2022,cec2022,3,10,GF:Stripped@matched,4,4025782308234952181,15000,15000,600.0000003692816,3.6928156532667344e-07,3.6928156532667344e-07,0.9615048410487361
E8_composition_cec2022,cec2022,3,10,GF:Stripped@matched,5,1014039636105938632,15000,15000,600.0000000367214,3.6721417018270586e-08,3.6721417018270586e-08,0.9550996180041693
E8_composition_cec2022,cec2022,3,10,GF:Stripped@matched,6,291183298757424362,15000,15000,600.0000000064724,0.0,6.472419045167044e-09,0.9536448990111239
E8_composition_cec2022,cec2022,3,10,GF:Stripped@matched,7,2753563910807429038,15000,15000,600.0000006410381,6.410381274690735e-07,6.410381274690735e-07,0.9562646019621752
E8_composition_cec2022,cec2022,3,10,GF:Stripped@matched,8,9222652102347071436,15000,15000,600.0000000005232,0.0,5.23186827194877e-10,0.9594379939953797
E8_composition_cec2022,cec2022,3,10,GF:Stripped@matched,9,1520476750409674124,15000,15000,600.0000000340109,3.4010895433311816e-08,3.4010895433311816e-08,0.9547873009578325
E8_composition_cec2022,cec2022,3,10,GF:Stripped@matched,10,3382711511148860348,15000,15000,600.0000000036371,0.0,3.63706931238994e-09,0.9621057579643093
E8_composition_cec2022,cec2022,3,10,GF:Stripped@matched,11,1598262113434120065,15000,15000,600.0000000235643,2.356432560191024e-08,2.356432560191024e-08,0.9529025859665126
E8_composition_cec2022,cec2022,3,10,GF:Stripped@matched,12,4755190234802144537,15000,15000,600.0000000005645,0.0,5.644551492878236e-10,0.9336008739774115
E8_composition_cec2022,cec2022,3,10,GF:Stripped@matched,13,5783022525719106238,15000,15000,600.0000000019097,0.0,1.909711500047706e-09,0.5859480120125227
E8_composition_cec2022,cec2022,3,10,GF:Stripped@matched,14,5890609852953673191,15000,15000,600.0000000000011,0.0,1.1368683772161603e-12,0.9088220689445734
E8_composition_cec2022,cec2022,3,10,GF:Stripped@matched,15,5866890468628407474,15000,15000,600.000011338662,1.1338662034177105e-05,1.1338662034177105e-05,0.9260972500196658
E8_composition_cec2022,cec2022,3,10,GF:Stripped@matched,16,1113747156263935271,15000,15000,600.0000014485224,1.4485224255622597e-06,1.4485224255622597e-06,0.919541665003635
E8_composition_cec2022,cec2022,3,10,GF:Stripped@matched,17,6704531994076222889,15000,15000,600.0000000002643,0.0,2.6432189770275727e-10,0.9067278209840879
E8_composition_cec2022,cec2022,3,10,GF:Stripped@matched,18,9197685981896040312,15000,15000,600.0000032322896,3.2322896004188806e-06,3.2322896004188806e-06,0.9101898340159096
E8_composition_cec2022,cec2022,3,10,GF:Stripped@matched,19,877594137825194432,15000,15000,600.0000000001417,0.0,1.4165379980113357e-10,0.9079798389575444
E8_composition_cec2022,cec2022,3,10,GF:Stripped@matched,20,2178184716819980590,15000,15000,600.0000014410145,1.4410145467991242e-06,1.4410145467991242e-06,0.9108876129612327
E8_composition_cec2022,cec2022,3,10,GF:Stripped@matched,21,1696651754019993120,15000,15000,600.0000113398461,1.1339846082591976e-05,1.1339846082591976e-05,0.9118489560205489
E8_composition_cec2022,cec2022,3,10,GF:Stripped@matched,22,3619093220913550362,15000,15000,600.0000000000022,0.0,2.1600499167107046e-12,0.9198366880300455
E8_composition_cec2022,cec2022,3,10,GF:Stripped@matched,23,8769369741499736835,15000,15000,600.0000000037687,0.0,3.768718670471571e-09,0.9056459620478563
E8_composition_cec2022,cec2022,3,10,GF:Stripped@matched,24,6477465211984802851,15000,15000,600.0000000000036,0.0,3.637978807091713e-12,0.5615112779778428
E8_composition_cec2022,cec2022,3,10,GF:Stripped@matched,25,6012770469508804587,15000,15000,600.0000014602999,1.4602999272028683e-06,1.4602999272028683e-06,0.5642710049869493
E8_composition_cec2022,cec2022,3,10,GF:Stripped@matched,26,3008362088097557063,15000,15000,600.0000000000014,0.0,1.3642420526593924e-12,0.6985768000013195
E8_composition_cec2022,cec2022,3,10,GF:Stripped@matched,27,3872580301264174369,15000,15000,600.0000033998914,3.3998913977484335e-06,3.3998913977484335e-06,0.6048598830238916
E8_composition_cec2022,cec2022,3,10,GF:Stripped@matched,28,8446507063740253190,15000,15000,600.0000014436102,1.4436102446779842e-06,1.4436102446779842e-06,0.5650961219798774
E8_composition_cec2022,cec2022,3,10,GF:Stripped@matched,29,5551629508889398274,15000,15000,600.0000000000708,0.0,7.082689990056679e-11,0.5208831049967557
E8_composition_cec2022,cec2022,5,10,GF:Stripped@matched,0,3274106926252994875,15000,15000,900.0,0.0,0.0,0.9074283950030804
E8_composition_cec2022,cec2022,5,10,GF:Stripped@matched,1,7252993968520259997,15000,15000,900.0000000000001,0.0,1.1368683772161603e-13,0.8819426739937626
E8_composition_cec2022,cec2022,5,10,GF:Stripped@matched,2,3110151400328468815,15000,15000,900.0,0.0,0.0,0.8763044980005361
E8_composition_cec2022,cec2022,5,10,GF:Stripped@matched,3,8716022105002320594,15000,15000,900.0,0.0,0.0,0.9007873490336351
E8_composition_cec2022,cec2022,5,10,GF:Stripped@matched,4,5407300324920918698,15000,15000,900.0,0.0,0.0,0.9169689390109852
E8_composition_cec2022,cec2022,5,10,GF:Stripped@matched,5,6569412742051938269,15000,15000,900.0,0.0,0.0,0.9239587900228798
E8_composition_cec2022,cec2022,5,10,GF:Stripped@matched,6,6636369925372918712,15000,15000,900.0000000000001,0.0,1.1368683772161603e-13,0.9206150179961696
E8_composition_cec2022,cec2022,5,10,GF:Stripped@matched,7,3751516665224022190,15000,15000,900.0000000000001,0.0,1.1368683772161603e-13,0.9093863170128316
E8_composition_cec2022,cec2022,5,10,GF:Stripped@matched,8,4719061416129319381,15000,15000,900.0000000000001,0.0,1.1368683772161603e-13,0.9120734969619662
E8_composition_cec2022,cec2022,5,10,GF:Stripped@matched,9,2665234755299064979,15000,15000,900.0,0.0,0.0,0.9086752129951492
E8_composition_cec2022,cec2022,5,10,GF:Stripped@matched,10,5902456534359819001,15000,15000,900.0,0.0,0.0,0.9111882870201953
E8_composition_cec2022,cec2022,5,10,GF:Stripped@matched,11,4973493216232819927,15000,15000,900.0000000000001,0.0,1.1368683772161603e-13,0.9022535179974511
E8_composition_cec2022,cec2022,5,10,GF:Stripped@matched,12,1976145829518690835,15000,15000,900.0,0.0,0.0,0.8899080929695629
E8_composition_cec2022,cec2022,5,10,GF:Stripped@matched,13,3423759465373482750,15000,15000,900.0,0.0,0.0,0.8899129219935276
E8_composition_cec2022,cec2022,5,10,GF:Stripped@matched,14,9126804813827553213,15000,15000,900.0,0.0,0.0,0.661459923023358
E8_composition_cec2022,cec2022,5,10,GF:Stripped@matched,15,3343638432022275550,15000,15000,900.0,0.0,0.0,0.8544850529870018
E8_composition_cec2022,cec2022,5,10,GF:Stripped@matched,16,5066948308016265888,15000,15000,900.0000000000001,0.0,1.1368683772161603e-13,0.894133709021844
E8_composition_cec2022,cec2022,5,10,GF:Stripped@matched,17,8686305124814880898,15000,15000,900.0,0.0,0.0,0.8929065769771114
E8_composition_cec2022,cec2022,5,10,GF:Stripped@matched,18,1656877283081484606,15000,15000,900.0,0.0,0.0,0.895234472991433
E8_composition_cec2022,cec2022,5,10,GF:Stripped@matched,19,4516697046755839289,15000,15000,900.0,0.0,0.0,0.9208452089806087
E8_composition_cec2022,cec2022,5,10,GF:Stripped@matched,20,1127299501524406623,15000,15000,900.0,0.0,0.0,0.9132412479957566
E8_composition_cec2022,cec2022,5,10,GF:Stripped@matched,21,2722107235702949681,15000,15000,900.0,0.0,0.0,0.9184225550270639
E8_composition_cec2022,cec2022,5,10,GF:Stripped@matched,22,5150886599541830953,15000,15000,900.0,0.0,0.0,0.9085256630205549
E8_composition_cec2022,cec2022,5,10,GF:Stripped@matched,23,8808603645403133185,15000,15000,900.0,0.0,0.0,0.7215598670300096
E8_composition_cec2022,cec2022,5,10,GF:Stripped@matched,24,1853095869819024884,15000,15000,900.0,0.0,0.0,0.8413801340502687
E8_composition_cec2022,cec2022,5,10,GF:Stripped@matched,25,1674468487984332282,15000,15000,900.0,0.0,0.0,0.9207218780065887
E8_composition_cec2022,cec2022,5,10,GF:Stripped@matched,26,5534331930347694893,15000,15000,900.0,0.0,0.0,0.9029688200098462
E8_composition_cec2022,cec2022,5,10,GF:Stripped@matched,27,3550431625597553872,15000,15000,900.0000000000001,0.0,1.1368683772161603e-13,0.9049443260300905
E8_composition_cec2022,cec2022,5,10,GF:Stripped@matched,28,2164849458486790067,15000,15000,900.0,0.0,0.0,0.5917067929985933
E8_composition_cec2022,cec2022,5,10,GF:Stripped@matched,29,6352561187893948278,15000,15000,900.0,0.0,0.0,0.4840626750374213
E8_composition_cec2022,cec2022,7,10,GF:Stripped@matched,0,4419396971918912520,15000,15000,2002.6307577261452,2.630757726145248,2.630757726145248,0.9880359640228562
E8_composition_cec2022,cec2022,7,10,GF:Stripped@matched,1,2286899322640637617,15000,15000,2000.5334347401688,0.5334347401687864,0.5334347401687864,0.9560415439773351
E8_composition_cec2022,cec2022,7,10,GF:Stripped@matched,2,4792951520972335163,15000,15000,2002.9512231896408,2.951223189640814,2.951223189640814,0.9475660770549439
E8_composition_cec2022,cec2022,7,10,GF:Stripped@matched,3,1909469728359900309,15000,15000,2000.4520135196103,0.4520135196103183,0.4520135196103183,0.753576448012609
E8_composition_cec2022,cec2022,7,10,GF:Stripped@matched,4,7383356983577192944,15000,15000,2002.8442636082289,2.8442636082288573,2.8442636082288573,0.5733173110056669
E8_composition_cec2022,cec2022,7,10,GF:Stripped@matched,5,247478437106603566,15000,15000,2001.0538337072976,1.0538337072975992,1.0538337072975992,0.6826046420028433
E8_composition_cec2022,cec2022,7,10,GF:Stripped@matched,6,7179480536559698125,15000,15000,2000.235603809277,0.23560380927710867,0.23560380927710867,0.8398553740116768
E8_composition_cec2022,cec2022,7,10,GF:Stripped@matched,7,5136562208422735506,15000,15000,2001.64325013849,1.6432501384899751,1.6432501384899751,0.9648453569971025
E8_composition_cec2022,cec2022,7,10,GF:Stripped@matched,8,8066673803929280360,15000,15000,2020.116214998914,20.116214998914074,20.116214998914074,0.9677401359658688
E8_composition_cec2022,cec2022,7,10,GF:Stripped@matched,9,2764396185781872206,15000,15000,2002.677589669922,2.6775896699220993,2.6775896699220993,0.9649992950144224
E8_composition_cec2022,cec2022,7,10,GF:Stripped@matched,10,3878158953345108918,15000,15000,2001.8438658934156,1.8438658934155683,1.8438658934155683,0.9603654440143146
E8_composition_cec2022,cec2022,7,10,GF:Stripped@matched,11,6788067955258329098,15000,15000,2002.6953769975687,2.695376997568701,2.695376997568701,0.9662119200220332
E8_composition_cec2022,cec2022,7,10,GF:Stripped@matched,12,411435598081811007,15000,15000,2003.5525645964697,3.552564596469665,3.552564596469665,0.9648716059746221
E8_composition_cec2022,cec2022,7,10,GF:Stripped@matched,13,7782738872891916134,15000,15000,2000.0763447848599,0.07634478485988438,0.07634478485988438,0.9714224429917522
E8_composition_cec2022,cec2022,7,10,GF:Stripped@matched,14,6239393800205366065,15000,15000,2000.2955309705546,0.29553097055463695,0.29553097055463695,0.9575251369969919
E8_composition_cec2022,cec2022,7,10,GF:Stripped@matched,15,7594155170906199346,15000,15000,2001.2627120254797,1.2627120254796864,1.2627120254796864,0.9653053290094249
E8_composition_cec2022,cec2022,7,10,GF:Stripped@matched,16,586548849838979700,15000,15000,2004.1860220908666,4.186022090866572,4.186022090866572,0.9639511999557726
E8_composition_cec2022,cec2022,7,10,GF:Stripped@matched,17,5925675808647049366,15000,15000,2001.6011332736143,1.6011332736143231,1.6011332736143231,0.986762614978943
E8_composition_cec2022,cec2022,7,10,GF:Stripped@matched,18,4797471932658315410,15000,15000,2020.2563552436275,20.256355243627468,20.256355243627468,0.9749439269653521
E8_composition_cec2022,cec2022,7,10,GF:Stripped@matched,19,2657055762122661701,15000,15000,2007.050522878161,7.0505228781610185,7.0505228781610185,0.9608032350079156
E8_composition_cec2022,cec2022,7,10,GF:Stripped@matched,20,4454627077464876544,15000,15000,2000.775418697697,0.7754186976969777,0.7754186976969777,0.6779728649999015
E8_composition_cec2022,cec2022,7,10,GF:Stripped@matched,21,8490719950277756338,15000,15000,2000.4010144350677,0.4010144350677365,0.4010144350677365,0.6616242420277558
E8_composition_cec2022,cec2022,7,10,GF:Stripped@matched,22,2325097369426993338,15000,15000,2000.2918548651148,0.2918548651148285,0.2918548651148285,0.652233568020165
E8_composition_cec2022,cec2022,7,10,GF:Stripped@matched,23,1502959646016640628,15000,15000,2020.000403434094,20.000403434094096,20.000403434094096,0.7659351879847236
E8_composition_cec2022,cec2022,7,10,GF:Stripped@matched,24,9131220350603768024,15000,15000,2001.1679433816087,1.1679433816086657,1.1679433816086657,0.67605225200532
E8_composition_cec2022,cec2022,7,10,GF:Stripped@matched,25,4218980592447553355,15000,15000,2020.0127553671177,20.012755367117734,20.012755367117734,0.6178687830106355
E8_composition_cec2022,cec2022,7,10,GF:Stripped@matched,26,5763331726334798313,15000,15000,2001.5119322870773,1.511932287077343,1.511932287077343,0.6661782930023037
E8_composition_cec2022,cec2022,7,10,GF:Stripped@matched,27,5600502921509084091,15000,15000,2007.9412568289972,7.941256828997211,7.941256828997211,1.0123387560015544
E8_composition_cec2022,cec2022,7,10,GF:Stripped@matched,28,885660859483882845,15000,15000,2002.8903748209966,2.8903748209966125,2.8903748209966125,0.9433249430148862
E8_composition_cec2022,cec2022,7,10,GF:Stripped@matched,29,4512602387569293665,15000,15000,2002.459676233488,2.459676233487926,2.459676233487926,0.9179865880287252
E8_composition_cec2022,cec2022,8,20,GF:Stripped@matched,0,2306607565917334027,15000,15000,2223.963910399094,23.963910399093947,23.963910399093947,0.9218895680387504
E8_composition_cec2022,cec2022,8,20,GF:Stripped@matched,1,6772266669453420382,15000,15000,2225.2003747869658,25.200374786965767,25.200374786965767,0.7209014020045288
E8_composition_cec2022,cec2022,8,20,GF:Stripped@matched,2,5410438092819552090,15000,15000,2226.907654243466,26.907654243465913,26.907654243465913,0.708765970019158
E8_composition_cec2022,cec2022,8,20,GF:Stripped@matched,3,5367569589295204944,15000,15000,2226.255661287156,26.255661287155817,26.255661287155817,0.7217114419909194
E8_composition_cec2022,cec2022,8,20,GF:Stripped@matched,4,934300664312620514,15000,15000,2225.0554074514885,25.055407451488463,25.055407451488463,0.7182253120117821
E8_composition_cec2022,cec2022,8,20,GF:Stripped@matched,5,8749492690713510368,15000,15000,2225.8070915684425,25.8070915684425,25.8070915684425,0.7018936809618026
E8_composition_cec2022,cec2022,8,20,GF:Stripped@matched,6,8934790229646465594,15000,15000,2225.251451163446,25.251451163445836,25.251451163445836,0.7141869690385647
E8_composition_cec2022,cec2022,8,20,GF:Stripped@matched,7,6618395833074686328,15000,15000,2226.1786191923597,26.178619192359747,26.178619192359747,0.7194378870190121
E8_composition_cec2022,cec2022,8,20,GF:Stripped@matched,8,5456796749949702868,15000,15000,2225.785653851824,25.78565385182401,25.78565385182401,0.7650949020171538
E8_composition_cec2022,cec2022,8,20,GF:Stripped@matched,9,6373199374984455917,15000,15000,2225.6287019931906,25.62870199319059,25.62870199319059,1.0035456030163914
E8_composition_cec2022,cec2022,8,20,GF:Stripped@matched,10,4146205098147723410,15000,15000,2226.5292445063174,26.529244506317355,26.529244506317355,1.0037633419851772
E8_composition_cec2022,cec2022,8,20,GF:Stripped@matched,11,6397231723981792073,15000,15000,2224.7924524998098,24.79245249980977,24.79245249980977,1.012737273995299
E8_composition_cec2022,cec2022,8,20,GF:Stripped@matched,12,1384923857891624144,15000,15000,2224.501277657584,24.50127765758407,24.50127765758407,1.009100623021368
E8_composition_cec2022,cec2022,8,20,GF:Stripped@matched,13,5671551761518157705,15000,15000,2226.864585032106,26.86458503210588,26.86458503210588,1.010102130996529
E8_composition_cec2022,cec2022,8,20,GF:Stripped@matched,14,6519473281152065757,15000,15000,2225.8504517439287,25.850451743928716,25.850451743928716,1.0064922000165097
E8_composition_cec2022,cec2022,8,20,GF:Stripped@matched,15,4390143120722467555,15000,15000,2225.151378493672,25.151378493671928,25.151378493671928,0.8458080889540724
E8_composition_cec2022,cec2022,8,20,GF:Stripped@matched,16,9078686520450133885,15000,15000,2225.255630877532,25.255630877531985,25.255630877531985,0.9064669910003431
E8_composition_cec2022,cec2022,8,20,GF:Stripped@matched,17,1756695019894504376,15000,15000,2225.1664104842375,25.16641048423753,25.16641048423753,1.0141158999758773
E8_composition_cec2022,cec2022,8,20,GF:Stripped@matched,18,457840971026689987,15000,15000,2223.528582658072,23.528582658072082,23.528582658072082,1.007421393005643
E8_composition_cec2022,cec2022,8,20,GF:Stripped@matched,19,4373560273201310775,15000,15000,2226.0134481766663,26.013448176666316,26.013448176666316,1.0112843090319075
E8_composition_cec2022,cec2022,8,20,GF:Stripped@matched,20,6925404301701426328,15000,15000,2226.437076771038,26.437076771037937,26.437076771037937,1.0039127619820647
E8_composition_cec2022,cec2022,8,20,GF:Stripped@matched,21,1453625736729104820,15000,15000,2225.8837420654345,25.88374206543449,25.88374206543449,1.004420263983775
E8_composition_cec2022,cec2022,8,20,GF:Stripped@matched,22,3621846945762961112,15000,15000,2224.425184563708,24.42518456370817,24.42518456370817,1.0063880349625833
E8_composition_cec2022,cec2022,8,20,GF:Stripped@matched,23,4784657125846126177,15000,15000,2225.7337575940865,25.733757594086455,25.733757594086455,0.9323682219837792
E8_composition_cec2022,cec2022,8,20,GF:Stripped@matched,24,6469922044717025834,15000,15000,2225.937195203129,25.937195203128795,25.937195203128795,0.8263961799675599
E8_composition_cec2022,cec2022,8,20,GF:Stripped@matched,25,5604205474817413787,15000,15000,2224.919092267223,24.919092267222823,24.919092267222823,0.701475836976897
E8_composition_cec2022,cec2022,8,20,GF:Stripped@matched,26,5920358261115073388,15000,15000,2225.6875276648734,25.687527664873414,25.687527664873414,0.7226965189911425
E8_composition_cec2022,cec2022,8,20,GF:Stripped@matched,27,2775319803216586385,15000,15000,2226.17133994844,26.171339948440163,26.171339948440163,0.8191861159866676
E8_composition_cec2022,cec2022,8,20,GF:Stripped@matched,28,299419916550818638,15000,15000,2226.227225255723,26.22722525572317,26.22722525572317,0.9992367919767275
E8_composition_cec2022,cec2022,8,20,GF:Stripped@matched,29,3881123930665141160,15000,15000,2225.6109549053526,25.610954905352628,25.610954905352628,0.7038091029971838
E8_composition_cec2022,cec2022,8,10,GF:Stripped@matched,0,1985648915006343213,15000,15000,2221.0287054922137,21.028705492213703,21.028705492213703,0.8950823679915629
E8_composition_cec2022,cec2022,8,10,GF:Stripped@matched,1,4826977019069909450,15000,15000,2216.9728204251596,16.972820425159625,16.972820425159625,0.966266171017196
E8_composition_cec2022,cec2022,8,10,GF:Stripped@matched,2,2305575809498381154,15000,15000,2220.542186031577,20.542186031576875,20.542186031576875,0.9854595710057765
E8_composition_cec2022,cec2022,8,10,GF:Stripped@matched,3,7197992108489033690,15000,15000,2221.1310658482544,21.131065848254366,21.131065848254366,0.9914539040182717
E8_composition_cec2022,cec2022,8,10,GF:Stripped@matched,4,715715770389416576,15000,15000,2206.6581601662383,6.658160166238304,6.658160166238304,1.0000454490073025
E8_composition_cec2022,cec2022,8,10,GF:Stripped@matched,5,978053662353355584,15000,15000,2220.243066057841,20.243066057841133,20.243066057841133,0.9792354970122688
E8_composition_cec2022,cec2022,8,10,GF:Stripped@matched,6,2780167270108914739,15000,15000,2204.9043136873634,4.904313687363356,4.904313687363356,0.9645392220118083
E8_composition_cec2022,cec2022,8,10,GF:Stripped@matched,7,5015381807951641221,15000,15000,2221.1522981425046,21.152298142504605,21.152298142504605,1.0319541270146146
E8_composition_cec2022,cec2022,8,10,GF:Stripped@matched,8,522246989384498506,15000,15000,2221.056922037073,21.056922037073036,21.056922037073036,0.9616212800028734
E8_composition_cec2022,cec2022,8,10,GF:Stripped@matched,9,1413457771343373729,15000,15000,2207.978050584761,7.978050584761149,7.978050584761149,0.9558509670314379
E8_composition_cec2022,cec2022,8,10,GF:Stripped@matched,10,4765776490567672040,15000,15000,2221.7515055222984,21.75150552229843,21.75150552229843,0.9580465949838981
E8_composition_cec2022,cec2022,8,10,GF:Stripped@matched,11,6889736037073970697,15000,15000,2221.681160363336,21.681160363335948,21.681160363335948,0.9522809910122305
E8_composition_cec2022,cec2022,8,10,GF:Stripped@matched,12,1621522517602332941,15000,15000,2201.041575166163,1.0415751661630566,1.0415751661630566,0.958465940959286
E8_composition_cec2022,cec2022,8,10,GF:Stripped@matched,13,1602665075868195966,15000,15000,2215.65049011122,15.650490111219824,15.650490111219824,0.9550652629695833
E8_composition_cec2022,cec2022,8,10,GF:Stripped@matched,14,7060949576601685721,15000,15000,2204.334104563184,4.334104563184155,4.334104563184155,0.8888025190099142
E8_composition_cec2022,cec2022,8,10,GF:Stripped@matched,15,8276217243679593535,15000,15000,2208.625030666369,8.625030666369184,8.625030666369184,0.5437531200004742
E8_composition_cec2022,cec2022,8,10,GF:Stripped@matched,16,5080452419354296619,15000,15000,2216.343696362616,16.3436963626159,16.3436963626159,0.6414966299780644
E8_composition_cec2022,cec2022,8,10,GF:Stripped@matched,17,4025311762580715156,15000,15000,2215.088863557751,15.08886355775121,15.08886355775121,0.6773839099914767
E8_composition_cec2022,cec2022,8,10,GF:Stripped@matched,18,8512340746512532890,15000,15000,2206.756606440973,6.756606440972973,6.756606440972973,0.5989210049738176
E8_composition_cec2022,cec2022,8,10,GF:Stripped@matched,19,2864742429620378374,15000,15000,2212.4058527173283,12.405852717328344,12.405852717328344,0.8251473770360462
E8_composition_cec2022,cec2022,8,10,GF:Stripped@matched,20,585257838294555527,15000,15000,2221.8691613452074,21.86916134520743,21.86916134520743,0.9590519810444675
E8_composition_cec2022,cec2022,8,10,GF:Stripped@matched,21,2214613248920827630,15000,15000,2202.1985076794404,2.198507679440354,2.198507679440354,0.9746768870390952
E8_composition_cec2022,cec2022,8,10,GF:Stripped@matched,22,5941433376709282652,15000,15000,2215.9327642834414,15.93276428344143,15.93276428344143,0.9672492959653027
E8_composition_cec2022,cec2022,8,10,GF:Stripped@matched,23,464506362809609372,15000,15000,2221.522107613804,21.52210761380411,21.52210761380411,0.9659941109712236
E8_composition_cec2022,cec2022,8,10,GF:Stripped@matched,24,3507437587211485105,15000,15000,2221.6955567713353,21.695556771335305,21.695556771335305,0.9632121929898858
E8_composition_cec2022,cec2022,8,10,GF:Stripped@matched,25,1646229370446099750,15000,15000,2219.7305694562297,19.73056945622966,19.73056945622966,0.9536746150115505
E8_composition_cec2022,cec2022,8,10,GF:Stripped@matched,26,702041051284399551,15000,15000,2221.1643410148604,21.164341014860383,21.164341014860383,0.9482108459924348
E8_composition_cec2022,cec2022,8,10,GF:Stripped@matched,27,519853154315301577,15000,15000,2211.1905929304535,11.190592930453477,11.190592930453477,0.7694029030390084
E8_composition_cec2022,cec2022,8,10,GF:Stripped@matched,28,5250956040970294870,15000,15000,2205.7303077975357,5.7303077975357155,5.7303077975357155,0.5512166190310381
E8_composition_cec2022,cec2022,8,10,GF:Stripped@matched,29,5789421746999597219,15000,15000,2201.1958303804,1.1958303803999115,1.1958303803999115,0.5121849910356104
E8_composition_cec2022,cec2022,1,10,GF:Stripped@matched,0,5389814160613531130,15000,15000,300.0,0.0,0.0,0.9229827289818786
E8_composition_cec2022,cec2022,1,10,GF:Stripped@matched,1,1699295533612329292,15000,15000,300.00000000000006,0.0,5.684341886080802e-14,0.8678625350003131
E8_composition_cec2022,cec2022,1,10,GF:Stripped@matched,2,7989704068469783526,15000,15000,300.00000000000006,0.0,5.684341886080802e-14,0.8750416599796154
E8_composition_cec2022,cec2022,1,10,GF:Stripped@matched,3,5212296422970331042,15000,15000,300.00000000000017,0.0,1.7053025658242404e-13,0.8820314999902621
E8_composition_cec2022,cec2022,1,10,GF:Stripped@matched,4,8079372165354907871,15000,15000,300.0,0.0,0.0,0.8741069359821267
E8_composition_cec2022,cec2022,1,10,GF:Stripped@matched,5,7551404711536482528,15000,15000,300.0000000000001,0.0,1.1368683772161603e-13,0.8734470190247521
E8_composition_cec2022,cec2022,1,10,GF:Stripped@matched,6,8361373864350279568,15000,15000,300.0,0.0,0.0,0.8724404000095092
E8_composition_cec2022,cec2022,1,10,GF:Stripped@matched,7,507734387561143665,15000,15000,300.0,0.0,0.0,0.8726382619934157
E8_composition_cec2022,cec2022,1,10,GF:Stripped@matched,8,5584073771703528336,15000,15000,300.0000000000001,0.0,1.1368683772161603e-13,0.8877938379882835
E8_composition_cec2022,cec2022,1,10,GF:Stripped@matched,9,6979887704074708526,15000,15000,300.0,0.0,0.0,0.8914627589983866
E8_composition_cec2022,cec2022,1,10,GF:Stripped@matched,10,7796650451786846117,15000,15000,300.00000000000006,0.0,5.684341886080802e-14,0.9004403779981658
E8_composition_cec2022,cec2022,1,10,GF:Stripped@matched,11,7162336416948897031,15000,15000,300.00000000000006,0.0,5.684341886080802e-14,0.9005278219701722
E8_composition_cec2022,cec2022,1,10,GF:Stripped@matched,12,2116575327578043739,15000,15000,300.00000000000006,0.0,5.684341886080802e-14,0.9083634179551154
E8_composition_cec2022,cec2022,1,10,GF:Stripped@matched,13,8162185716189065612,15000,15000,300.00000000000006,0.0,5.684341886080802e-14,0.8919088160037063
E8_composition_cec2022,cec2022,1,10,GF:Stripped@matched,14,4560984856549880328,15000,15000,300.00000000000006,0.0,5.684341886080802e-14,0.8717231460032053
E8_composition_cec2022,cec2022,1,10,GF:Stripped@matched,15,5931043414062717223,15000,15000,300.00000000000006,0.0,5.684341886080802e-14,0.8763443729840219
E8_composition_cec2022,cec2022,1,10,GF:Stripped@matched,16,4106311563886699248,15000,15000,300.00000000000375,0.0,3.751665644813329e-12,0.8945961069548503
E8_composition_cec2022,cec2022,1,10,GF:Stripped@matched,17,3976874869478611656,15000,15000,300.00000000000006,0.0,5.684341886080802e-14,0.8795632210094482
E8_composition_cec2022,cec2022,1,10,GF:Stripped@matched,18,2962425975264083325,15000,15000,300.0,0.0,0.0,0.868097385042347
E8_composition_cec2022,cec2022,1,10,GF:Stripped@matched,19,925632555573038022,15000,15000,300.00000000000006,0.0,5.684341886080802e-14,0.8638282379833981
E8_composition_cec2022,cec2022,1,10,GF:Stripped@matched,20,4889070155857581040,15000,15000,300.00000000000034,0.0,3.410605131648481e-13,0.8788167199818417
E8_composition_cec2022,cec2022,1,10,GF:Stripped@matched,21,6299949893688044193,15000,15000,300.0000000000001,0.0,1.1368683772161603e-13,0.8726251069456339
E8_composition_cec2022,cec2022,1,10,GF:Stripped@matched,22,5980786712296992752,15000,15000,300.00000000000006,0.0,5.684341886080802e-14,0.8736456910264678
E8_composition_cec2022,cec2022,1,10,GF:Stripped@matched,23,1745409083553806598,15000,15000,300.00000000000017,0.0,1.7053025658242404e-13,0.874242210004013
E8_composition_cec2022,cec2022,1,10,GF:Stripped@matched,24,8456998087456870703,15000,15000,300.0,0.0,0.0,0.8865622779703699
E8_composition_cec2022,cec2022,1,10,GF:Stripped@matched,25,4195556372907210529,15000,15000,300.00000000000017,0.0,1.7053025658242404e-13,0.8786971860099584
E8_composition_cec2022,cec2022,1,10,GF:Stripped@matched,26,2204320179823535133,15000,15000,300.00000000000006,0.0,5.684341886080802e-14,0.8830865080235526
E8_composition_cec2022,cec2022,1,10,GF:Stripped@matched,27,4329248233282110070,15000,15000,300.00000000000006,0.0,5.684341886080802e-14,0.9062740100198425
E8_composition_cec2022,cec2022,1,10,GF:Stripped@matched,28,694578279233856393,15000,15000,300.00000000000006,0.0,5.684341886080802e-14,0.8951664959895425
E8_composition_cec2022,cec2022,1,10,GF:Stripped@matched,29,906848033012681212,15000,15000,300.00000000000006,0.0,5.684341886080802e-14,0.8626065969583578
E8_composition_cec2022,cec2022,2,20,GF:Stripped@matched,0,5296387849779278947,15000,15000,449.0844838697842,49.08448386978421,49.08448386978421,0.9521449150051922
E8_composition_cec2022,cec2022,2,20,GF:Stripped@matched,1,2903119480348918067,15000,15000,449.0844790107712,49.08447901077119,49.08447901077119,0.929598207003437
E8_composition_cec2022,cec2022,2,20,GF:Stripped@matched,2,9054279539950603223,15000,15000,449.0845288656281,49.0845288656281,49.0845288656281,0.9223719230503775
E8_composition_cec2022,cec2022,2,20,GF:Stripped@matched,3,1453428044755449081,15000,15000,449.08450204281235,49.084502042812346,49.084502042812346,0.9260220289579593
E8_composition_cec2022,cec2022,2,20,GF:Stripped@matched,4,952760757035012360,15000,15000,449.08447898359697,49.084478983596966,49.084478983596966,0.9124736879603006
E8_composition_cec2022,cec2022,2,20,GF:Stripped@matched,5,6974521763534612555,15000,15000,449.0844799173966,49.08447991739661,49.08447991739661,0.9173087259987369
E8_composition_cec2022,cec2022,2,20,GF:Stripped@matched,6,7568426408019630093,15000,15000,449.08448243303343,49.08448243303343,49.08448243303343,0.9156270020175725
E8_composition_cec2022,cec2022,2,20,GF:Stripped@matched,7,1962750306430379257,15000,15000,449.084481001873,49.08448100187297,49.08448100187297,0.9128208589972928
E8_composition_cec2022,cec2022,2,20,GF:Stripped@matched,8,8233016675647451332,15000,15000,449.0845167475807,49.08451674758072,49.08451674758072,0.9155641040415503
E8_composition_cec2022,cec2022,2,20,GF:Stripped@matched,9,4552162162676521725,15000,15000,449.0844799987184,49.08447999871839,49.08447999871839,0.913383674051147
E8_composition_cec2022,cec2022,2,20,GF:Stripped@matched,10,5788296055046922610,15000,15000,449.08447974852436,49.08447974852436,49.08447974852436,0.9284616850200109
E8_composition_cec2022,cec2022,2,20,GF:Stripped@matched,11,4769751680392997833,15000,15000,449.0844791024714,49.08447910247139,49.08447910247139,0.9006274489802308
E8_composition_cec2022,cec2022,2,20,GF:Stripped@matched,12,6599186820528216074,15000,15000,449.0844853028197,49.0844853028197,49.0844853028197,0.7687347790342756
E8_composition_cec2022,cec2022,2,20,GF:Stripped@matched,13,4355621652524977254,15000,15000,449.08450492137706,49.08450492137706,49.08450492137706,0.5998744320240803
E8_composition_cec2022,cec2022,2,20,GF:Stripped@matched,14,1159908179661531741,15000,15000,449.0844850949271,49.08448509492712,49.08448509492712,0.9268269989988767
E8_composition_cec2022,cec2022,2,20,GF:Stripped@matched,15,2215697865280527350,15000,15000,449.08448149609814,49.084481496098135,49.084481496098135,0.8985727959661745
E8_composition_cec2022,cec2022,2,20,GF:Stripped@matched,16,5023504425692058347,15000,15000,449.0844790216131,49.084479021613106,49.084479021613106,0.9018000980140641
E8_composition_cec2022,cec2022,2,20,GF:Stripped@matched,17,3812334728810139424,15000,15000,449.08449013124687,49.084490131246866,49.084490131246866,0.9081652559689246
E8_composition_cec2022,cec2022,2,20,GF:Stripped@matched,18,5004348149451819346,15000,15000,449.0844814159451,49.084481415945106,49.084481415945106,0.9443500959896483
E8_composition_cec2022,cec2022,2,20,GF:Stripped@matched,19,3487696674399686276,15000,15000,449.0844957341046,49.08449573410462,49.08449573410462,0.9044602669891901
E8_composition_cec2022,cec2022,2,20,GF:Stripped@matched,20,72463695408372352,15000,15000,449.0845085478382,49.0845085478382,49.0845085478382,0.895133072976023
E8_composition_cec2022,cec2022,2,20,GF:Stripped@matched,21,9066361284157755776,15000,15000,449.0845048133689,49.08450481336888,49.08450481336888,0.89525332901394
E8_composition_cec2022,cec2022,2,20,GF:Stripped@matched,22,4487856760635641495,15000,15000,449.0845113797042,49.084511379704225,49.084511379704225,0.8984449550043792
E8_composition_cec2022,cec2022,2,20,GF:Stripped@matched,23,2776738598997989544,15000,15000,449.0844802167369,49.08448021673689,49.08448021673689,0.8961094439728186
E8_composition_cec2022,cec2022,2,20,GF:Stripped@matched,24,3119337829763991072,15000,15000,449.08447984186114,49.08447984186114,49.08447984186114,0.9076828919933178
E8_composition_cec2022,cec2022,2,20,GF:Stripped@matched,25,2274787491865582026,15000,15000,449.0844790634479,49.08447906344787,49.08447906344787,0.9141134439851157
E8_composition_cec2022,cec2022,2,20,GF:Stripped@matched,26,6799386071383367672,15000,15000,449.08448255315477,49.08448255315477,49.08448255315477,0.8598034880124032
E8_composition_cec2022,cec2022,2,20,GF:Stripped@matched,27,4656040434817173421,15000,15000,449.0844879276493,49.08448792764932,49.08448792764932,0.797990791965276
E8_composition_cec2022,cec2022,2,20,GF:Stripped@matched,28,3139664353587671562,15000,15000,449.084495586287,49.084495586287005,49.084495586287005,0.8996626689913683
E8_composition_cec2022,cec2022,2,20,GF:Stripped@matched,29,2580872964225906553,15000,15000,449.0847112390445,49.08471123904451,49.08471123904451,0.8869344159611501
E8_composition_cec2022,cec2022,9,20,GF:Stripped@matched,0,6408237378476732424,15000,15000,2480.7812717785773,180.78127177857732,180.78127177857732,0.7373433709726669
E8_composition_cec2022,cec2022,9,20,GF:Stripped@matched,1,1367263744723092975,15000,15000,2480.7812746717514,180.78127467175136,180.78127467175136,0.7417331750039011
E8_composition_cec2022,cec2022,9,20,GF:Stripped@matched,2,2558898866982376125,15000,15000,2480.7812754161337,180.78127541613367,180.78127541613367,0.9610936099779792
E8_composition_cec2022,cec2022,9,20,GF:Stripped@matched,3,941450967369715482,15000,15000,2480.781271957393,180.78127195739307,180.78127195739307,0.985130222979933
E8_composition_cec2022,cec2022,9,20,GF:Stripped@matched,4,1991996829118663142,15000,15000,2480.7812718252044,180.78127182520439,180.78127182520439,0.9733600569888949
E8_composition_cec2022,cec2022,9,20,GF:Stripped@matched,5,5226517231195675646,15000,15000,2480.781271824987,180.78127182498702,180.78127182498702,0.9913327269605361
E8_composition_cec2022,cec2022,9,20,GF:Stripped@matched,6,1466852217799107379,15000,15000,2480.7812794566057,180.78127945660572,180.78127945660572,0.9895049089682288
E8_composition_cec2022,cec2022,9,20,GF:Stripped@matched,7,5007267427872125023,15000,15000,2480.781272344108,180.78127234410795,180.78127234410795,0.9903559050289914
E8_composition_cec2022,cec2022,9,20,GF:Stripped@matched,8,4167225249634617520,15000,15000,2480.7812717566976,180.7812717566976,180.7812717566976,0.9908481980091892
E8_composition_cec2022,cec2022,9,20,GF:Stripped@matched,9,7024115129623919469,15000,15000,2480.7812718063124,180.78127180631236,180.78127180631236,0.9967143999529071
E8_composition_cec2022,cec2022,9,20,GF:Stripped@matched,10,7071326539191016826,15000,15000,2480.7812729492534,180.78127294925343,180.78127294925343,0.9769316050224006
E8_composition_cec2022,cec2022,9,20,GF:Stripped@matched,11,4417344671121350156,15000,15000,2480.781271755971,180.78127175597092,180.78127175597092,0.9821443330147304
E8_composition_cec2022,cec2022,9,20,GF:Stripped@matched,12,5323617186636970651,15000,15000,2480.7812720217703,180.7812720217703,180.7812720217703,0.9419322409667075
E8_composition_cec2022,cec2022,9,20,GF:Stripped@matched,13,8424910001234957488,15000,15000,2480.7812731284007,180.7812731284007,180.7812731284007,0.6838251120061614
E8_composition_cec2022,cec2022,9,20,GF:Stripped@matched,14,8085372061161884336,15000,15000,2480.7812742260066,180.78127422600664,180.78127422600664,0.9861750329728238
E8_composition_cec2022,cec2022,9,20,GF:Stripped@matched,15,368341109325098751,15000,15000,2480.7812725266626,180.78127252666263,180.78127252666263,1.0125065710162744
E8_composition_cec2022,cec2022,9,20,GF:Stripped@matched,16,3085667621617600994,15000,15000,2480.7812735450575,180.7812735450575,180.7812735450575,0.997745884989854
E8_composition_cec2022,cec2022,9,20,GF:Stripped@matched,17,7641904142741275640,15000,15000,2480.7812737511754,180.78127375117538,180.78127375117538,0.9739783660043031
E8_composition_cec2022,cec2022,9,20,GF:Stripped@matched,18,2890618591742260302,15000,15000,2480.7812719019257,180.78127190192572,180.78127190192572,0.708623955026269
E8_composition_cec2022,cec2022,9,20,GF:Stripped@matched,19,3415839160133739091,15000,15000,2480.7812720142824,180.78127201428242,180.78127201428242,0.6112226269906387
E8_composition_cec2022,cec2022,9,20,GF:Stripped@matched,20,1141456904075407511,15000,15000,2480.781273425886,180.78127342588596,180.78127342588596,0.6725680180243216
E8_composition_cec2022,cec2022,9,20,GF:Stripped@matched,21,7828251852834771634,15000,15000,2480.7812719495596,180.7812719495596,180.7812719495596,0.9604405440040864
E8_composition_cec2022,cec2022,9,20,GF:Stripped@matched,22,2703628151080936022,15000,15000,2480.781272101743,180.78127210174307,180.78127210174307,0.9241533350432292
E8_composition_cec2022,cec2022,9,20,GF:Stripped@matched,23,8234975098440860135,15000,15000,2480.781272410803,180.781272410803,180.781272410803,0.9559759609983303
E8_composition_cec2022,cec2022,9,20,GF:Stripped@matched,24,3166579364451228182,15000,15000,2480.7812720545176,180.78127205451756,180.78127205451756,0.9528385570156388
E8_composition_cec2022,cec2022,9,20,GF:Stripped@matched,25,697362823858896345,15000,15000,2480.781272968419,180.78127296841922,180.78127296841922,0.9611468689981848
E8_composition_cec2022,cec2022,9,20,GF:Stripped@matched,26,7049757757447727916,15000,15000,2480.7812724062906,180.78127240629055,180.78127240629055,0.9663543069618754
E8_composition_cec2022,cec2022,9,20,GF:Stripped@matched,27,390845197370156822,15000,15000,2480.781271968123,180.78127196812284,180.78127196812284,0.9624318300047889
E8_composition_cec2022,cec2022,9,20,GF:Stripped@matched,28,8788377942839339707,15000,15000,2480.781273955158,180.7812739551582,180.7812739551582,0.6210485760238953
E8_composition_cec2022,cec2022,9,20,GF:Stripped@matched,29,5909284510316636159,15000,15000,2480.7812731773456,180.7812731773456,180.7812731773456,0.5360158489784226
E8_composition_cec2022,cec2022,11,20,GF:Stripped@matched,0,1850340227048887409,15000,15000,2900.000534391892,300.00053439189196,300.00053439189196,1.087374253955204
E8_composition_cec2022,cec2022,11,20,GF:Stripped@matched,1,4503793174497915103,15000,15000,2900.0003209055517,300.0003209055517,300.0003209055517,1.0274055050103925
E8_composition_cec2022,cec2022,11,20,GF:Stripped@matched,2,2822066361911455625,15000,15000,3000.1202641672244,400.1202641672244,400.1202641672244,1.0166118100169115
E8_composition_cec2022,cec2022,11,20,GF:Stripped@matched,3,4624123191291832942,15000,15000,2900.000720062678,300.00072006267783,300.00072006267783,0.6746604419895448
E8_composition_cec2022,cec2022,11,20,GF:Stripped@matched,4,8459445955368830260,15000,15000,2900.000209562121,300.0002095621212,300.0002095621212,0.6923702489584684
E8_composition_cec2022,cec2022,11,20,GF:Stripped@matched,5,3455709041820030620,15000,15000,2900.0006157454936,300.00061574549363,300.00061574549363,0.6395796440192498
E8_composition_cec2022,cec2022,11,20,GF:Stripped@matched,6,314202345097997640,15000,15000,2900.0001584093097,300.00015840930973,300.00015840930973,0.629241052956786
E8_composition_cec2022,cec2022,11,20,GF:Stripped@matched,7,5889531789523007819,15000,15000,2900.000425369334,300.00042536933415,300.00042536933415,0.6328469759901054
E8_composition_cec2022,cec2022,11,20,GF:Stripped@matched,8,4152811571167562121,15000,15000,2900.00012924235,300.0001292423499,300.0001292423499,0.6557169109582901
E8_composition_cec2022,cec2022,11,20,GF:Stripped@matched,9,3652616033007182790,15000,15000,2900.0004988629908,300.00049886299075,300.00049886299075,0.6828290030243807
E8_composition_cec2022,cec2022,11,20,GF:Stripped@matched,10,4232339871197043222,15000,15000,2900.000385428968,300.000385428968,300.000385428968,0.697262724977918
E8_composition_cec2022,cec2022,11,20,GF:Stripped@matched,11,5403545431360604429,15000,15000,2900.0003271030464,300.0003271030464,300.0003271030464,0.6777427439810708
E8_composition_cec2022,cec2022,11,20,GF:Stripped@matched,12,8999752321326903983,15000,15000,2900.0007148341433,300.0007148341433,300.0007148341433,1.007784022949636
E8_composition_cec2022,cec2022,11,20,GF:Stripped@matched,13,2260101710017979114,15000,15000,2900.000235560035,300.000235560035,300.000235560035,1.0659597080084495
E8_composition_cec2022,cec2022,11,20,GF:Stripped@matched,14,2695130028521779,15000,15000,2900.000077657351,300.0000776573511,300.0000776573511,0.7611136449850164
E8_composition_cec2022,cec2022,11,20,GF:Stripped@matched,15,8822761769681077146,15000,15000,2900.0006177185132,300.00061771851324,300.00061771851324,0.8555719520081766
E8_composition_cec2022,cec2022,11,20,GF:Stripped@matched,16,7188598197853625573,15000,15000,2900.000660040394,300.000660040394,300.000660040394,1.0266900639981031
E8_composition_cec2022,cec2022,11,20,GF:Stripped@matched,17,8875594036268488174,15000,15000,2900.0002066270995,300.0002066270995,300.0002066270995,1.0732057790155523
E8_composition_cec2022,cec2022,11,20,GF:Stripped@matched,18,1108389509896167248,15000,15000,2900.000254444969,300.00025444496896,300.00025444496896,1.0506207789876498
E8_composition_cec2022,cec2022,11,20,GF:Stripped@matched,19,8662071963621130722,15000,15000,2900.000469992069,300.00046999206916,300.00046999206916,0.8509104090044275
E8_composition_cec2022,cec2022,11,20,GF:Stripped@matched,20,5727522218228232655,15000,15000,2900.001281278016,300.001281278016,300.001281278016,1.0695864909794182
E8_composition_cec2022,cec2022,11,20,GF:Stripped@matched,21,2539894913724459328,15000,15000,2900.0010228846327,300.0010228846327,300.0010228846327,1.071974168997258
E8_composition_cec2022,cec2022,11,20,GF:Stripped@matched,22,1029928177552571669,15000,15000,2900.000135439554,300.000135439554,300.000135439554,1.020583861041814
E8_composition_cec2022,cec2022,11,20,GF:Stripped@matched,23,4292480024589054634,15000,15000,2900.000734143034,300.00073414303415,300.00073414303415,0.7037450439529493
E8_composition_cec2022,cec2022,11,20,GF:Stripped@matched,24,6121007228950826208,15000,15000,2900.0005448442826,300.00054484428256,300.00054484428256,0.9926086399937049
E8_composition_cec2022,cec2022,11,20,GF:Stripped@matched,25,8168936624121300722,15000,15000,2900.0004421897293,300.00044218972926,300.00044218972926,1.0622930209501646
E8_composition_cec2022,cec2022,11,20,GF:Stripped@matched,26,1187088685219512979,15000,15000,2900.000753782054,300.00075378205383,300.00075378205383,1.0561703969724476
E8_composition_cec2022,cec2022,11,20,GF:Stripped@matched,27,3440043628489819898,15000,15000,2900.0001657221915,300.00016572219147,300.00016572219147,1.0542720869998448
E8_composition_cec2022,cec2022,11,20,GF:Stripped@matched,28,6195413211927126639,15000,15000,2900.0004043299746,300.0004043299746,300.0004043299746,1.0290948540205136
E8_composition_cec2022,cec2022,11,20,GF:Stripped@matched,29,1755252910806598896,15000,15000,2900.000106015423,300.00010601542317,300.00010601542317,1.0202424300368875
E8_composition_cec2022,cec2022,12,10,GF:Stripped@matched,0,9168459935167601247,15000,15000,2861.4048807587506,161.40488075875055,161.40488075875055,0.9776316189672798
E8_composition_cec2022,cec2022,12,10,GF:Stripped@matched,1,3293499103948140843,15000,15000,2861.404880758749,161.4048807587492,161.4048807587492,0.9660309500177391
E8_composition_cec2022,cec2022,12,10,GF:Stripped@matched,2,4237671457149177716,15000,15000,2861.404880758749,161.4048807587492,161.4048807587492,0.9714771250146441
E8_composition_cec2022,cec2022,12,10,GF:Stripped@matched,3,1318066551578545322,15000,15000,2861.4048807587496,161.40488075874964,161.40488075874964,0.9689444649848156
E8_composition_cec2022,cec2022,12,10,GF:Stripped@matched,4,3107669433660235055,15000,15000,2861.435269456113,161.43526945611302,161.43526945611302,0.9772768530528992
E8_composition_cec2022,cec2022,12,10,GF:Stripped@matched,5,792356001613006646,15000,15000,2861.404880758749,161.4048807587492,161.4048807587492,0.9641064809984528
E8_composition_cec2022,cec2022,12,10,GF:Stripped@matched,6,8858350388179729557,15000,15000,2862.700130535329,162.7001305353292,162.7001305353292,0.9637816509930417
E8_composition_cec2022,cec2022,12,10,GF:Stripped@matched,7,3855107811585950948,15000,15000,2861.404880758749,161.4048807587492,161.4048807587492,0.9605115680024028
E8_composition_cec2022,cec2022,12,10,GF:Stripped@matched,8,3206164644176925588,15000,15000,2859.543776286797,159.54377628679686,159.54377628679686,0.9622201830497943
E8_composition_cec2022,cec2022,12,10,GF:Stripped@matched,9,7285448038814783711,15000,15000,2861.4048807587496,161.40488075874964,161.40488075874964,0.963043877040036
E8_composition_cec2022,cec2022,12,10,GF:Stripped@matched,10,3919019685913123284,15000,15000,2863.49483520288,163.49483520288004,163.49483520288004,1.0144971950212494
E8_composition_cec2022,cec2022,12,10,GF:Stripped@matched,11,2962228643276580299,15000,15000,2861.404880758749,161.4048807587492,161.4048807587492,0.9947636810247786
E8_composition_cec2022,cec2022,12,10,GF:Stripped@matched,12,8351081610057025074,15000,15000,2862.7001305353288,162.70013053532875,162.70013053532875,0.9970050560077652
E8_composition_cec2022,cec2022,12,10,GF:Stripped@matched,13,5962546675992378034,15000,15000,2862.567376357956,162.56737635795616,162.56737635795616,0.9962119389674626
E8_composition_cec2022,cec2022,12,10,GF:Stripped@matched,14,8087485693064943369,15000,15000,2861.404880758749,161.4048807587492,161.4048807587492,0.9696533849928528
E8_composition_cec2022,cec2022,12,10,GF:Stripped@matched,15,270989432764280435,15000,15000,2863.49483520288,163.49483520288004,163.49483520288004,0.9829916319577023
E8_composition_cec2022,cec2022,12,10,GF:Stripped@matched,16,8799481663693069466,15000,15000,2859.1782655055385,159.17826550553855,159.17826550553855,0.9408766709966585
E8_composition_cec2022,cec2022,12,10,GF:Stripped@matched,17,1177382189812145682,15000,15000,2862.567376357956,162.56737635795616,162.56737635795616,0.9806031120242551
E8_composition_cec2022,cec2022,12,10,GF:Stripped@matched,18,7766782763484676301,15000,15000,2862.5673763579566,162.56737635795662,162.56737635795662,0.9873438560171053
E8_composition_cec2022,cec2022,12,10,GF:Stripped@matched,19,6619310629369763054,15000,15000,2863.49483520288,163.49483520288004,163.49483520288004,0.7870909280027263
E8_composition_cec2022,cec2022,12,10,GF:Stripped@matched,20,3322587917629573487,15000,15000,2861.404880758749,161.4048807587492,161.4048807587492,0.8838897650130093
E8_composition_cec2022,cec2022,12,10,GF:Stripped@matched,21,1759987465939201443,15000,15000,2861.404880758749,161.4048807587492,161.4048807587492,0.9682160190423019
E8_composition_cec2022,cec2022,12,10,GF:Stripped@matched,22,9123192890617213265,15000,15000,2859.543776286801,159.54377628680095,159.54377628680095,0.9760346229886636
E8_composition_cec2022,cec2022,12,10,GF:Stripped@matched,23,3952225287826763881,15000,15000,2861.435267677418,161.43526767741787,161.43526767741787,0.9816369409672916
E8_composition_cec2022,cec2022,12,10,GF:Stripped@matched,24,1692161681725102759,15000,15000,2861.435267677436,161.43526767743606,161.43526767743606,0.9795594239840284
E8_composition_cec2022,cec2022,12,10,GF:Stripped@matched,25,828841712007462880,15000,15000,2861.404880758749,161.4048807587492,161.4048807587492,0.9647820180398412
E8_composition_cec2022,cec2022,12,10,GF:Stripped@matched,26,4582873307655901348,15000,15000,2862.700130535329,162.7001305353292,162.7001305353292,0.9521851210156456
E8_composition_cec2022,cec2022,12,10,GF:Stripped@matched,27,4084533213091476271,15000,15000,2862.700130535329,162.7001305353292,162.7001305353292,0.7842852359754033
E8_composition_cec2022,cec2022,12,10,GF:Stripped@matched,28,7094820938597480148,15000,15000,2861.5325447407763,161.5325447407763,161.5325447407763,0.4853569919941947
E8_composition_cec2022,cec2022,12,10,GF:Stripped@matched,29,5577480980504609004,15000,15000,2861.4352676827607,161.4352676827607,161.4352676827607,0.5135254449560307
E8_composition_cec2022,cec2022,12,20,GF:Stripped@matched,0,4360019321574938720,15000,15000,2938.0377511572988,238.03775115729877,238.03775115729877,1.0642198450514115
E8_composition_cec2022,cec2022,12,20,GF:Stripped@matched,1,5713544970422954982,15000,15000,2935.9930462717048,235.99304627170477,235.99304627170477,1.018602143973112
E8_composition_cec2022,cec2022,12,20,GF:Stripped@matched,2,6918751140256114193,15000,15000,2936.8803652840484,236.88036528404837,236.88036528404837,0.7342408619588241
E8_composition_cec2022,cec2022,12,20,GF:Stripped@matched,3,7128993418091357350,15000,15000,2937.118464025464,237.11846402546416,237.11846402546416,0.8230851489934139
E8_composition_cec2022,cec2022,12,20,GF:Stripped@matched,4,9144574396120476306,15000,15000,2940.369721206233,240.36972120623295,240.36972120623295,0.739574224979151
E8_composition_cec2022,cec2022,12,20,GF:Stripped@matched,5,7272523022972549288,15000,15000,2937.7192028616137,237.71920286161367,237.71920286161367,0.9842115810024552
E8_composition_cec2022,cec2022,12,20,GF:Stripped@matched,6,3246533291791953587,15000,15000,2940.407008752041,240.40700875204084,240.40700875204084,0.9035675729974173
E8_composition_cec2022,cec2022,12,20,GF:Stripped@matched,7,5242106198156847893,15000,15000,2936.12894378139,236.1289437813898,236.1289437813898,0.9639949310221709
E8_composition_cec2022,cec2022,12,20,GF:Stripped@matched,8,7032382733233623823,15000,15000,2934.858561809524,234.85856180952396,234.85856180952396,0.9735410259454511
E8_composition_cec2022,cec2022,12,20,GF:Stripped@matched,9,3626160315681636175,15000,15000,2941.582490363003,241.58249036300322,241.58249036300322,0.9982066500233486
E8_composition_cec2022,cec2022,12,20,GF:Stripped@matched,10,4303493189941869588,15000,15000,2942.058073295324,242.058073295324,242.058073295324,1.0096190450130962
E8_composition_cec2022,cec2022,12,20,GF:Stripped@matched,11,3221806011974382711,15000,15000,2939.803445036865,239.803445036865,239.803445036865,0.9941251850104891
E8_composition_cec2022,cec2022,12,20,GF:Stripped@matched,12,6118760983645613680,15000,15000,2933.1767165950755,233.1767165950755,233.1767165950755,0.9967351999948733
E8_composition_cec2022,cec2022,12,20,GF:Stripped@matched,13,7215598774998647062,15000,15000,2938.804507170631,238.80450717063104,238.80450717063104,1.0448658139794134
E8_composition_cec2022,cec2022,12,20,GF:Stripped@matched,14,8819993777489879731,15000,15000,2937.1170588147065,237.11705881470652,237.11705881470652,1.040199531998951
E8_composition_cec2022,cec2022,12,20,GF:Stripped@matched,15,8537410856420201552,15000,15000,2936.4941567895253,236.49415678952528,236.49415678952528,0.9917163670179434
E8_composition_cec2022,cec2022,12,20,GF:Stripped@matched,16,1998922408076330716,15000,15000,2938.1989467035596,238.1989467035596,238.1989467035596,0.9979240099783055
E8_composition_cec2022,cec2022,12,20,GF:Stripped@matched,17,4224716544729996525,15000,15000,2937.6039323600608,237.60393236006075,237.60393236006075,0.9914690119912848
E8_composition_cec2022,cec2022,12,20,GF:Stripped@matched,18,7580185594212018762,15000,15000,2940.506178773087,240.50617877308696,240.50617877308696,1.0008635030244477
E8_composition_cec2022,cec2022,12,20,GF:Stripped@matched,19,8399311423760150686,15000,15000,2935.246237306056,235.24623730605617,235.24623730605617,1.0014107690076344
E8_composition_cec2022,cec2022,12,20,GF:Stripped@matched,20,9003144215403506215,15000,15000,2942.1830089875284,242.1830089875284,242.1830089875284,0.9861744819791056
E8_composition_cec2022,cec2022,12,20,GF:Stripped@matched,21,843208995700802563,15000,15000,2939.5888162759315,239.58881627593155,239.58881627593155,1.0057635440025479
E8_composition_cec2022,cec2022,12,20,GF:Stripped@matched,22,5839589690921413371,15000,15000,2940.8307894019267,240.83078940192672,240.83078940192672,1.0174282919615507
E8_composition_cec2022,cec2022,12,20,GF:Stripped@matched,23,6242835942450406015,15000,15000,2938.410427620669,238.410427620669,238.410427620669,1.033670406031888
E8_composition_cec2022,cec2022,12,20,GF:Stripped@matched,24,4768370783942977514,15000,15000,2940.8320662198594,240.83206621985937,240.83206621985937,1.0207914500497282
E8_composition_cec2022,cec2022,12,20,GF:Stripped@matched,25,2034061348718136116,15000,15000,2932.457864748234,232.457864748234,232.457864748234,1.0289331499952823
E8_composition_cec2022,cec2022,12,20,GF:Stripped@matched,26,4659583939762357520,15000,15000,2935.2327905646694,235.23279056466936,235.23279056466936,0.9907160910079256
E8_composition_cec2022,cec2022,12,20,GF:Stripped@matched,27,1633641266057649859,15000,15000,2937.1682525419455,237.16825254194555,237.16825254194555,0.9851557009969838
E8_composition_cec2022,cec2022,12,20,GF:Stripped@matched,28,9105220610487221425,15000,15000,2932.2469171628923,232.24691716289226,232.24691716289226,0.9433029509964399
E8_composition_cec2022,cec2022,12,20,GF:Stripped@matched,29,6466577626601327323,15000,15000,2935.772402607362,235.77240260736198,235.77240260736198,0.54714681499172
E8_composition_cec2022,cec2022,1,10,GF:Stripped@competition,0,6748551826618210192,200000,200000,300.0,0.0,0.0,11.010842432035133
E8_composition_cec2022,cec2022,1,10,GF:Stripped@competition,1,7514749180984045930,200000,200000,300.0,0.0,0.0,10.574984971026424
E8_composition_cec2022,cec2022,1,10,GF:Stripped@competition,2,2033411528690057697,200000,200000,300.0,0.0,0.0,8.117009991023224
E8_composition_cec2022,cec2022,1,10,GF:Stripped@competition,3,1052250052141058433,200000,200000,300.0,0.0,0.0,6.370436755998526
E8_composition_cec2022,cec2022,1,10,GF:Stripped@competition,4,7698794164218265605,200000,200000,300.0,0.0,0.0,5.833295306016225
E8_composition_cec2022,cec2022,1,10,GF:Stripped@competition,5,2874361230784251110,200000,200000,300.0,0.0,0.0,5.345140355988406
E8_composition_cec2022,cec2022,1,10,GF:Stripped@competition,6,1114624462820542274,200000,200000,300.0,0.0,0.0,5.291719219007064
E8_composition_cec2022,cec2022,1,10,GF:Stripped@competition,7,4329361883822574060,200000,200000,300.0,0.0,0.0,5.30408594297478
E8_composition_cec2022,cec2022,1,10,GF:Stripped@competition,8,1857165525989387889,200000,200000,300.0,0.0,0.0,5.3050628660130315
E8_composition_cec2022,cec2022,1,10,GF:Stripped@competition,9,1504872199469395392,200000,200000,300.0,0.0,0.0,5.2619884249870665
E8_composition_cec2022,cec2022,1,10,GF:Stripped@competition,10,5699959014995145119,200000,200000,300.0,0.0,0.0,5.290260081004817
E8_composition_cec2022,cec2022,1,10,GF:Stripped@competition,11,5159959061409098656,200000,200000,300.0,0.0,0.0,5.367849850037601
E8_composition_cec2022,cec2022,1,10,GF:Stripped@competition,12,3083521848957312621,200000,200000,300.0,0.0,0.0,5.313394162978511
E8_composition_cec2022,cec2022,1,10,GF:Stripped@competition,13,6664978086664303288,200000,200000,300.0,0.0,0.0,5.4464668649598025
E8_composition_cec2022,cec2022,1,10,GF:Stripped@competition,14,2159396680951585942,200000,200000,300.0,0.0,0.0,5.5891891670180485
E8_composition_cec2022,cec2022,1,10,GF:Stripped@competition,15,427366437333837619,200000,200000,300.0,0.0,0.0,5.418265390966553
E8_composition_cec2022,cec2022,1,10,GF:Stripped@competition,16,5902350186310809491,200000,200000,300.0,0.0,0.0,5.5800436239806
E8_composition_cec2022,cec2022,1,10,GF:Stripped@competition,17,8433609071788701540,200000,200000,300.0,0.0,0.0,5.540980065998156
E8_composition_cec2022,cec2022,1,10,GF:Stripped@competition,18,6608338251820702047,200000,200000,300.0,0.0,0.0,5.536237500025891
E8_composition_cec2022,cec2022,1,10,GF:Stripped@competition,19,7496653425140024211,200000,200000,300.0,0.0,0.0,5.449122205027379
E8_composition_cec2022,cec2022,1,10,GF:Stripped@competition,20,4021138471235336330,200000,200000,300.0,0.0,0.0,5.291168956027832
E8_composition_cec2022,cec2022,1,10,GF:Stripped@competition,21,8624084485153289300,200000,200000,300.0,0.0,0.0,5.66768516501179
E8_composition_cec2022,cec2022,1,10,GF:Stripped@competition,22,6080959394158751909,200000,200000,300.0,0.0,0.0,5.533371083962265
E8_composition_cec2022,cec2022,1,10,GF:Stripped@competition,23,1193124308522550226,200000,200000,300.0,0.0,0.0,5.977192260033917
E8_composition_cec2022,cec2022,1,10,GF:Stripped@competition,24,3381477708519385268,200000,200000,300.0,0.0,0.0,5.981089890992735
E8_composition_cec2022,cec2022,1,10,GF:Stripped@competition,25,5386074903381620031,200000,200000,300.0,0.0,0.0,5.639503418002278
E8_composition_cec2022,cec2022,1,10,GF:Stripped@competition,26,4878392834220445278,200000,200000,300.0,0.0,0.0,5.718650936963968
E8_composition_cec2022,cec2022,1,10,GF:Stripped@competition,27,5918570465705679527,200000,200000,300.0,0.0,0.0,6.032375341979787
E8_composition_cec2022,cec2022,1,10,GF:Stripped@competition,28,8298114272812941432,200000,200000,300.0,0.0,0.0,6.028087620972656
E8_composition_cec2022,cec2022,1,10,GF:Stripped@competition,29,7099988291024128475,200000,200000,300.0,0.0,0.0,5.9829986420227215
E8_composition_cec2022,cec2022,2,10,GF:Stripped@competition,0,3019138209297413245,200000,200000,403.98657911234716,3.986579112347158,3.986579112347158,10.997258945018984
E8_composition_cec2022,cec2022,2,10,GF:Stripped@competition,1,3443107506945577581,200000,200000,408.9161019277813,8.916101927781312,8.916101927781312,10.237509507976938
E8_composition_cec2022,cec2022,2,10,GF:Stripped@competition,2,5198076401536447256,200000,200000,408.9161019277813,8.916101927781312,8.916101927781312,9.140529096999671
E8_composition_cec2022,cec2022,2,10,GF:Stripped@competition,3,2013752850158775492,200000,200000,408.9161019277813,8.916101927781312,8.916101927781312,5.297405424003955
E8_composition_cec2022,cec2022,2,10,GF:Stripped@competition,4,9012173721817478471,200000,200000,403.98657911234716,3.986579112347158,3.986579112347158,5.427474391995929
E8_composition_cec2022,cec2022,2,10,GF:Stripped@competition,5,276600524038384028,200000,200000,408.9161019277813,8.916101927781312,8.916101927781312,5.399841413018294
E8_composition_cec2022,cec2022,2,10,GF:Stripped@competition,6,421899915347616043,200000,200000,403.98657911234716,3.986579112347158,3.986579112347158,5.422326366999187
E8_composition_cec2022,cec2022,2,10,GF:Stripped@competition,7,1010063316423340792,200000,200000,408.9161019277813,8.916101927781312,8.916101927781312,5.621012615971267
E8_composition_cec2022,cec2022,2,10,GF:Stripped@competition,8,2266559326743357265,200000,200000,408.9161019277813,8.916101927781312,8.916101927781312,5.7175180619815364
E8_composition_cec2022,cec2022,2,10,GF:Stripped@competition,9,5395678136480720154,200000,200000,408.9161019277813,8.916101927781312,8.916101927781312,7.093181886011735
E8_composition_cec2022,cec2022,2,10,GF:Stripped@competition,10,591233385369234393,200000,200000,408.9161019277813,8.916101927781312,8.916101927781312,6.67294891102938
E8_composition_cec2022,cec2022,2,10,GF:Stripped@competition,11,5314394208867294739,200000,200000,408.9161019277813,8.916101927781312,8.916101927781312,6.370151781011373
E8_composition_cec2022,cec2022,2,10,GF:Stripped@competition,12,6844462087539525206,200000,200000,408.9161019277813,8.916101927781312,8.916101927781312,5.5984676299849525
E8_composition_cec2022,cec2022,2,10,GF:Stripped@competition,13,8367234386426945280,200000,200000,408.9161019277813,8.916101927781312,8.916101927781312,5.656752349983435
E8_composition_cec2022,cec2022,2,10,GF:Stripped@competition,14,3982236238633473760,200000,200000,408.9161019277813,8.916101927781312,8.916101927781312,5.959020829002839
E8_composition_cec2022,cec2022,2,10,GF:Stripped@competition,15,195980674108092622,200000,200000,403.98657911234716,3.986579112347158,3.986579112347158,6.321590017993003
E8_composition_cec2022,cec2022,2,10,GF:Stripped@competition,16,3086986374860570161,200000,200000,408.9161019277813,8.916101927781312,8.916101927781312,5.596716345986351
E8_composition_cec2022,cec2022,2,10,GF:Stripped@competition,17,5377552436681084215,200000,200000,403.98657911234716,3.986579112347158,3.986579112347158,5.633548046986107
E8_composition_cec2022,cec2022,2,10,GF:Stripped@competition,18,4110090182489942971,200000,200000,403.98657911234716,3.986579112347158,3.986579112347158,6.280908014974557
E8_composition_cec2022,cec2022,2,10,GF:Stripped@competition,19,8946740210598607083,200000,200000,408.9161019277813,8.916101927781312,8.916101927781312,5.503225111984648
E8_composition_cec2022,cec2022,2,10,GF:Stripped@competition,20,3361093065337038729,200000,200000,403.98657911234716,3.986579112347158,3.986579112347158,5.688795039022807
E8_composition_cec2022,cec2022,2,10,GF:Stripped@competition,21,1778090802639328099,200000,200000,408.9161019277813,8.916101927781312,8.916101927781312,5.546235792979132
E8_composition_cec2022,cec2022,2,10,GF:Stripped@competition,22,1551382488329482273,200000,200000,403.98657911234716,3.986579112347158,3.986579112347158,5.545003000996076
E8_composition_cec2022,cec2022,2,10,GF:Stripped@competition,23,5328662219021288606,200000,200000,408.9161019277813,8.916101927781312,8.916101927781312,5.6279392169672064
E8_composition_cec2022,cec2022,2,10,GF:Stripped@competition,24,6387091295532088455,200000,200000,403.98657911234716,3.986579112347158,3.986579112347158,5.811570257996209
E8_composition_cec2022,cec2022,2,10,GF:Stripped@competition,25,6094960163447665127,200000,200000,403.98657911234716,3.986579112347158,3.986579112347158,5.579243182030041
E8_composition_cec2022,cec2022,2,10,GF:Stripped@competition,26,2635179262738196919,200000,200000,403.98657911234716,3.986579112347158,3.986579112347158,5.463307611993514
E8_composition_cec2022,cec2022,2,10,GF:Stripped@competition,27,4830963365386888339,200000,200000,403.98657911234716,3.986579112347158,3.986579112347158,5.61585375998402
E8_composition_cec2022,cec2022,2,10,GF:Stripped@competition,28,6401651872709071421,200000,200000,408.9161019277813,8.916101927781312,8.916101927781312,5.494886883010622
E8_composition_cec2022,cec2022,2,10,GF:Stripped@competition,29,7545478768189424097,200000,200000,403.98657911234716,3.986579112347158,3.986579112347158,5.983805485011544
E8_composition_cec2022,cec2022,6,10,GF:Stripped@competition,0,1640386255354635616,200000,200000,1800.4978717913102,0.4978717913102173,0.4978717913102173,9.66738515504403
E8_composition_cec2022,cec2022,6,10,GF:Stripped@competition,1,6367734521955472891,200000,200000,1800.4667000303994,0.4667000303993518,0.4667000303993518,10.444075335981324
E8_composition_cec2022,cec2022,6,10,GF:Stripped@competition,2,7316996131758367448,200000,200000,1800.2423698377495,0.24236983774949294,0.24236983774949294,9.24568668199936
E8_composition_cec2022,cec2022,6,10,GF:Stripped@competition,3,5313677843064399854,200000,200000,1800.49846929793,0.49846929792988703,0.49846929792988703,5.732909090002067
E8_composition_cec2022,cec2022,6,10,GF:Stripped@competition,4,3449352611030505024,200000,200000,1800.1348832084952,0.13488320849523916,0.13488320849523916,5.746469152974896
E8_composition_cec2022,cec2022,6,10,GF:Stripped@competition,5,4309207542077541525,200000,200000,1800.2441680348031,0.2441680348031241,0.2441680348031241,5.738700171990786
E8_composition_cec2022,cec2022,6,10,GF:Stripped@competition,6,7885701899100379800,200000,200000,1801.1167450023959,1.1167450023958736,1.1167450023958736,5.646165953949094
E8_composition_cec2022,cec2022,6,10,GF:Stripped@competition,7,4021118178321809602,200000,200000,1800.3553135316024,0.3553135316024054,0.3553135316024054,5.440439770987723
E8_composition_cec2022,cec2022,6,10,GF:Stripped@competition,8,7043296463917838898,200000,200000,1800.4481355632784,0.44813556327835613,0.44813556327835613,5.476819705974776
E8_composition_cec2022,cec2022,6,10,GF:Stripped@competition,9,4556268524897719926,200000,200000,1800.3969958738035,0.396995873803462,0.396995873803462,5.413578068022616
E8_composition_cec2022,cec2022,6,10,GF:Stripped@competition,10,4941764311542774592,200000,200000,1800.347841616943,0.34784161694301474,0.34784161694301474,5.448764525004663
E8_composition_cec2022,cec2022,6,10,GF:Stripped@competition,11,6941750866247138808,200000,200000,1800.1283657025726,0.12836570257263702,0.12836570257263702,5.608784370007925
E8_composition_cec2022,cec2022,6,10,GF:Stripped@competition,12,2315128191916857847,200000,200000,1800.4938955427733,0.49389554277331627,0.49389554277331627,5.906662053021137
E8_composition_cec2022,cec2022,6,10,GF:Stripped@competition,13,6474633142189628579,200000,200000,1800.498864658955,0.4988646589549717,0.4988646589549717,5.7102073700516485
E8_composition_cec2022,cec2022,6,10,GF:Stripped@competition,14,4401496340563607606,200000,200000,1800.3131720684214,0.31317206842140877,0.31317206842140877,5.81533541000681
E8_composition_cec2022,cec2022,6,10,GF:Stripped@competition,15,9007446572659382898,200000,200000,1800.1966323926003,0.1966323926003497,0.1966323926003497,5.721769896976184
E8_composition_cec2022,cec2022,6,10,GF:Stripped@competition,16,2987497908974733876,200000,200000,1800.4196041718615,0.41960417186146515,0.41960417186146515,6.963646087038796
E8_composition_cec2022,cec2022,6,10,GF:Stripped@competition,17,8106637989281946534,200000,200000,1800.027130227353,0.02713022735292725,0.02713022735292725,5.673495111986995
E8_composition_cec2022,cec2022,6,10,GF:Stripped@competition,18,4019162559437381467,200000,200000,1800.4876781975331,0.48767819753311414,0.48767819753311414,6.203881000983529
E8_composition_cec2022,cec2022,6,10,GF:Stripped@competition,19,2617472032672970607,200000,200000,1801.3481196728242,1.3481196728241684,1.3481196728241684,5.89453325397335
E8_composition_cec2022,cec2022,6,10,GF:Stripped@competition,20,1702488225889157838,200000,200000,1800.1368065024815,0.13680650248147685,0.13680650248147685,6.828154637012631
E8_composition_cec2022,cec2022,6,10,GF:Stripped@competition,21,3375347320914731343,200000,200000,1800.4401602639155,0.4401602639154589,0.4401602639154589,8.113787868001964
E8_composition_cec2022,cec2022,6,10,GF:Stripped@competition,22,9150918878259166507,200000,200000,1800.2728248308554,0.27282483085537024,0.27282483085537024,5.6298354439786635
E8_composition_cec2022,cec2022,6,10,GF:Stripped@competition,23,2183352094806899634,200000,200000,1800.1551828443257,0.15518284432573637,0.15518284432573637,5.756178715033457
E8_composition_cec2022,cec2022,6,10,GF:Stripped@competition,24,2777418010090615207,200000,200000,1800.4316115965635,0.4316115965634708,0.4316115965634708,5.665861705027055
E8_composition_cec2022,cec2022,6,10,GF:Stripped@competition,25,7234972579458983293,200000,200000,1800.4983901620215,0.49839016202145103,0.49839016202145103,5.581516425998416
E8_composition_cec2022,cec2022,6,10,GF:Stripped@competition,26,5179795801972770850,200000,200000,1801.4918867383947,1.491886738394669,1.491886738394669,5.591510070022196
E8_composition_cec2022,cec2022,6,10,GF:Stripped@competition,27,1575229090896292479,200000,200000,1800.4617791008016,0.46177910080155016,0.46177910080155016,5.933448304014746
E8_composition_cec2022,cec2022,6,10,GF:Stripped@competition,28,1273753874362349832,200000,200000,1800.4203762596737,0.4203762596737306,0.4203762596737306,5.7774920699885115
E8_composition_cec2022,cec2022,6,10,GF:Stripped@competition,29,393398425758338492,200000,200000,1800.3520305127367,0.35203051273674646,0.35203051273674646,5.906264296965674
E8_composition_cec2022,cec2022,3,10,GF:Stripped@competition,0,5747045567451282678,200000,200000,600.0,0.0,0.0,11.706676547008101
E8_composition_cec2022,cec2022,3,10,GF:Stripped@competition,1,1765843914627780504,200000,200000,600.0,0.0,0.0,9.44511065405095
E8_composition_cec2022,cec2022,3,10,GF:Stripped@competition,2,3035064648073889818,200000,200000,600.0,0.0,0.0,8.384399119007867
E8_composition_cec2022,cec2022,3,10,GF:Stripped@competition,3,402203798938077788,200000,200000,600.0,0.0,0.0,5.62953135400312
E8_composition_cec2022,cec2022,3,10,GF:Stripped@competition,4,1942952763492279627,200000,200000,600.0,0.0,0.0,5.598984779964667
E8_composition_cec2022,cec2022,3,10,GF:Stripped@competition,5,3086762365823990464,200000,200000,600.0,0.0,0.0,5.687882377009373
E8_composition_cec2022,cec2022,3,10,GF:Stripped@competition,6,4208236855860821116,200000,200000,600.0,0.0,0.0,5.767915247997735
E8_composition_cec2022,cec2022,3,10,GF:Stripped@competition,7,2207085037478036373,200000,200000,600.0,0.0,0.0,5.74175341904629
E8_composition_cec2022,cec2022,3,10,GF:Stripped@competition,8,8665693912603069313,200000,200000,600.0,0.0,0.0,5.705298273009248
E8_composition_cec2022,cec2022,3,10,GF:Stripped@competition,9,8541946887037567742,200000,200000,600.0,0.0,0.0,5.738902751007117
E8_composition_cec2022,cec2022,3,10,GF:Stripped@competition,10,3062367851156101042,200000,200000,600.0,0.0,0.0,5.772871805005707
E8_composition_cec2022,cec2022,3,10,GF:Stripped@competition,11,6891876092995758613,200000,200000,600.0,0.0,0.0,6.240095155022573
E8_composition_cec2022,cec2022,3,10,GF:Stripped@competition,12,858466483293016586,200000,200000,600.0,0.0,0.0,6.007780992949847
E8_composition_cec2022,cec2022,3,10,GF:Stripped@competition,13,7319956676067638870,200000,200000,600.0,0.0,0.0,6.895717558974866
E8_composition_cec2022,cec2022,3,10,GF:Stripped@competition,14,7673524102617266002,200000,200000,600.0,0.0,0.0,5.900766556034796
E8_composition_cec2022,cec2022,3,10,GF:Stripped@competition,15,2425535564850688284,200000,200000,600.0,0.0,0.0,5.791874346032273
E8_composition_cec2022,cec2022,3,10,GF:Stripped@competition,16,2766850320624168278,200000,200000,600.0,0.0,0.0,5.791481018008199
E8_composition_cec2022,cec2022,3,10,GF:Stripped@competition,17,2081943200377831031,200000,200000,600.0,0.0,0.0,5.90289769298397
E8_composition_cec2022,cec2022,3,10,GF:Stripped@competition,18,6170655215921709696,200000,200000,600.0,0.0,0.0,5.756008786032908
E8_composition_cec2022,cec2022,3,10,GF:Stripped@competition,19,1792482846645306481,200000,200000,600.0,0.0,0.0,5.715165249013808
E8_composition_cec2022,cec2022,3,10,GF:Stripped@competition,20,4858362040731478186,200000,200000,600.0,0.0,0.0,5.701873748970684
E8_composition_cec2022,cec2022,3,10,GF:Stripped@competition,21,8349575993941434953,200000,200000,600.0,0.0,0.0,5.71602576400619
E8_composition_cec2022,cec2022,3,10,GF:Stripped@competition,22,1887926423137487702,200000,200000,600.0,0.0,0.0,5.942380317021161
E8_composition_cec2022,cec2022,3,10,GF:Stripped@competition,23,7408466299415406941,200000,200000,600.0,0.0,0.0,5.945467857993208
E8_composition_cec2022,cec2022,3,10,GF:Stripped@competition,24,1547871698216907082,200000,200000,600.0,0.0,0.0,5.989252020022832
E8_composition_cec2022,cec2022,3,10,GF:Stripped@competition,25,5754322319333367732,200000,200000,600.0,0.0,0.0,5.902764794009272
E8_composition_cec2022,cec2022,3,10,GF:Stripped@competition,26,1168830399309851333,200000,200000,600.0,0.0,0.0,6.111591100983787
E8_composition_cec2022,cec2022,3,10,GF:Stripped@competition,27,66083708144043973,200000,200000,600.0,0.0,0.0,6.226514203008264
E8_composition_cec2022,cec2022,3,10,GF:Stripped@competition,28,1577655363649384292,200000,200000,600.0,0.0,0.0,6.3965601829695515
E8_composition_cec2022,cec2022,3,10,GF:Stripped@competition,29,3258882678759483467,200000,200000,600.0,0.0,0.0,5.887268457969185
E8_composition_cec2022,cec2022,4,10,GF:Stripped@competition,0,1615062796739149321,200000,200000,803.983364923506,3.983364923505974,3.983364923505974,9.125097172975074
E8_composition_cec2022,cec2022,4,10,GF:Stripped@competition,1,1034796516507968913,200000,200000,804.9754737482295,4.975473748229547,4.975473748229547,9.641369719989598
E8_composition_cec2022,cec2022,4,10,GF:Stripped@competition,2,1642363867344030189,200000,200000,805.9697543425598,5.969754342559781,5.969754342559781,9.041578995005693
E8_composition_cec2022,cec2022,4,10,GF:Stripped@competition,3,209261424199106926,200000,200000,802.9853703471157,2.9853703471156905,2.9853703471156905,5.605360638990533
E8_composition_cec2022,cec2022,4,10,GF:Stripped@competition,4,7095014687435617889,200000,200000,803.9811714079145,3.9811714079145304,3.9811714079145304,5.530760377005208
E8_composition_cec2022,cec2022,4,10,GF:Stripped@competition,5,7304380905427506360,200000,200000,806.9697527853469,6.969752785346941,6.969752785346941,5.390865518013015
E8_composition_cec2022,cec2022,4,10,GF:Stripped@competition,6,5738188110193816340,200000,200000,804.9748066825567,4.974806682556732,4.974806682556732,5.411488229001407
E8_composition_cec2022,cec2022,4,10,GF:Stripped@competition,7,8311618139165125111,200000,200000,803.9805388789558,3.9805388789558265,3.9805388789558265,5.582168498949613
E8_composition_cec2022,cec2022,4,10,GF:Stripped@competition,8,9195081432568245151,200000,200000,803.9802498524249,3.9802498524248904,3.9802498524248904,5.634157490043435
E8_composition_cec2022,cec2022,4,10,GF:Stripped@competition,9,1618380886117893966,200000,200000,804.976107722755,4.976107722755046,4.976107722755046,5.533068857039325
E8_composition_cec2022,cec2022,4,10,GF:Stripped@competition,10,4814615092650558720,200000,200000,804.975912087721,4.975912087720985,4.975912087720985,5.903283296036534
E8_composition_cec2022,cec2022,4,10,GF:Stripped@competition,11,434918192882518492,200000,200000,804.9761698841826,4.976169884182582,4.976169884182582,5.760543460957706
E8_composition_cec2022,cec2022,4,10,GF:Stripped@competition,12,9165997157977459128,200000,200000,804.9750964199433,4.97509641994327,4.97509641994327,6.311646517016925
E8_composition_cec2022,cec2022,4,10,GF:Stripped@competition,13,6626518507804061736,200000,200000,803.9818384593663,3.9818384593662586,3.9818384593662586,6.610066107998136
E8_composition_cec2022,cec2022,4,10,GF:Stripped@competition,14,9137375059839196394,200000,200000,802.9866299698346,2.986629969834553,2.986629969834553,5.569331492006313
E8_composition_cec2022,cec2022,4,10,GF:Stripped@competition,15,3444337099807279372,200000,200000,806.9676656076887,6.967665607688673,6.967665607688673,5.563376803009305
E8_composition_cec2022,cec2022,4,10,GF:Stripped@competition,16,140239341978999884,200000,200000,804.9757340627496,4.975734062749552,4.975734062749552,7.458036852010991
E8_composition_cec2022,cec2022,4,10,GF:Stripped@competition,17,5607835362294848672,200000,200000,802.9863173655956,2.986317365595596,2.986317365595596,6.7637532749795355
E8_composition_cec2022,cec2022,4,10,GF:Stripped@competition,18,2023397594868346785,200000,200000,803.980603882659,3.980603882659011,3.980603882659011,6.979708494036458
E8_composition_cec2022,cec2022,4,10,GF:Stripped@competition,19,1374784944927385013,200000,200000,803.9804135592839,3.9804135592838747,3.9804135592838747,5.445800044981297
E8_composition_cec2022,cec2022,4,10,GF:Stripped@competition,20,100189935132542335,200000,200000,804.9747953149114,4.9747953149113755,4.9747953149113755,5.625857994018588
E8_composition_cec2022,cec2022,4,10,GF:Stripped@competition,21,3909432654731782573,200000,200000,804.9749573901789,4.974957390178929,4.974957390178929,5.5009095579735
E8_composition_cec2022,cec2022,4,10,GF:Stripped@competition,22,168390162807634692,200000,200000,804.9767924142999,4.976792414299894,4.976792414299894,5.454535579017829
E8_composition_cec2022,cec2022,4,10,GF:Stripped@competition,23,470321082670703463,200000,200000,802.9864043366545,2.9864043366544593,2.9864043366544593,5.5866769250133075
E8_composition_cec2022,cec2022,4,10,GF:Stripped@competition,24,5582912589231432453,200000,200000,804.9747953043917,4.974795304391705,4.974795304391705,5.5714561070199125
E8_composition_cec2022,cec2022,4,10,GF:Stripped@competition,25,6461766127535264625,200000,200000,806.964867858287,6.964867858286993,6.964867858286993,5.660627217032015
E8_composition_cec2022,cec2022,4,10,GF:Stripped@competition,26,780504123108309289,200000,200000,803.9810730641441,3.981073064144084,3.981073064144084,5.604314437019639
E8_composition_cec2022,cec2022,4,10,GF:Stripped@competition,27,2245455334801957767,200000,200000,801.9914113911029,1.991411391102929,1.991411391102929,5.536800015019253
E8_composition_cec2022,cec2022,4,10,GF:Stripped@competition,28,8262286452457264470,200000,200000,804.9754966124497,4.9754966124496605,4.9754966124496605,7.3464540260029025
E8_composition_cec2022,cec2022,4,10,GF:Stripped@competition,29,142409538750971418,200000,200000,804.9747952854736,4.974795285473647,4.974795285473647,9.536618226964492
E8_composition_cec2022,cec2022,9,10,GF:Stripped@competition,0,6470747150509237783,200000,200000,2529.284382708487,229.2843827084871,229.2843827084871,11.646442711993586
E8_composition_cec2022,cec2022,9,10,GF:Stripped@competition,1,4491084190055618866,200000,200000,2529.284382708487,229.2843827084871,229.2843827084871,11.480155310942791
E8_composition_cec2022,cec2022,9,10,GF:Stripped@competition,2,4776035607139426271,200000,200000,2529.284382708487,229.2843827084871,229.2843827084871,7.921590790967457
E8_composition_cec2022,cec2022,9,10,GF:Stripped@competition,3,5445672293975082670,200000,200000,2529.284382708487,229.2843827084871,229.2843827084871,6.048990125011187
E8_composition_cec2022,cec2022,9,10,GF:Stripped@competition,4,6179450354356769604,200000,200000,2529.284382708487,229.2843827084871,229.2843827084871,5.749813646019902
E8_composition_cec2022,cec2022,9,10,GF:Stripped@competition,5,1897396261688942987,200000,200000,2529.284382708487,229.2843827084871,229.2843827084871,5.841871701995842
E8_composition_cec2022,cec2022,9,10,GF:Stripped@competition,6,4459419625292374863,200000,200000,2529.284382708487,229.2843827084871,229.2843827084871,6.042455969960429
E8_composition_cec2022,cec2022,9,10,GF:Stripped@competition,7,495886373782665467,200000,200000,2529.284382708487,229.2843827084871,229.2843827084871,6.160098352003843
E8_composition_cec2022,cec2022,9,10,GF:Stripped@competition,8,4602705596459854463,200000,200000,2529.284382708487,229.2843827084871,229.2843827084871,5.879154580004979
E8_composition_cec2022,cec2022,9,10,GF:Stripped@competition,9,6328068512321421048,200000,200000,2529.284382708487,229.2843827084871,229.2843827084871,5.7398238989990205
E8_composition_cec2022,cec2022,9,10,GF:Stripped@competition,10,916757840701185232,200000,200000,2529.284382708487,229.2843827084871,229.2843827084871,7.063721720012836
E8_composition_cec2022,cec2022,9,10,GF:Stripped@competition,11,4514313993788017712,200000,200000,2529.284382708487,229.2843827084871,229.2843827084871,7.023614555015229
E8_composition_cec2022,cec2022,9,10,GF:Stripped@competition,12,2057361663311872085,200000,200000,2529.284382708487,229.2843827084871,229.2843827084871,6.665541458001826
E8_composition_cec2022,cec2022,9,10,GF:Stripped@competition,13,8824736549154018942,200000,200000,2529.284382708487,229.2843827084871,229.2843827084871,10.905524134985171
E8_composition_cec2022,cec2022,9,10,GF:Stripped@competition,14,8166186750419053790,200000,200000,2529.284382708487,229.2843827084871,229.2843827084871,6.425043236988131
E8_composition_cec2022,cec2022,9,10,GF:Stripped@competition,15,3411072745613950757,200000,200000,2529.284382708487,229.2843827084871,229.2843827084871,5.727158594003413
E8_composition_cec2022,cec2022,9,10,GF:Stripped@competition,16,8810883230855309121,200000,200000,2529.284382708487,229.2843827084871,229.2843827084871,5.732471650000662
E8_composition_cec2022,cec2022,9,10,GF:Stripped@competition,17,513561439477195277,200000,200000,2529.284382708487,229.2843827084871,229.2843827084871,7.028021370002534
E8_composition_cec2022,cec2022,9,10,GF:Stripped@competition,18,4477108777232651398,200000,200000,2529.284382708487,229.2843827084871,229.2843827084871,5.512694532983005
E8_composition_cec2022,cec2022,9,10,GF:Stripped@competition,19,6093542005446514996,200000,200000,2529.284382708487,229.2843827084871,229.2843827084871,6.587917444994673
E8_composition_cec2022,cec2022,9,10,GF:Stripped@competition,20,6682281083111571504,200000,200000,2529.284382708487,229.2843827084871,229.2843827084871,5.548122851992957
E8_composition_cec2022,cec2022,9,10,GF:Stripped@competition,21,6040177775500165467,200000,200000,2529.284382708487,229.2843827084871,229.2843827084871,5.546556735003833
E8_composition_cec2022,cec2022,9,10,GF:Stripped@competition,22,6321273424743450928,200000,200000,2529.284382708487,229.2843827084871,229.2843827084871,5.619700565002859
E8_composition_cec2022,cec2022,9,10,GF:Stripped@competition,23,2444117911213329084,200000,200000,2529.284382708487,229.2843827084871,229.2843827084871,5.616767762985546
E8_composition_cec2022,cec2022,9,10,GF:Stripped@competition,24,1108744857000137075,200000,200000,2529.284382708487,229.2843827084871,229.2843827084871,5.52465893398039
E8_composition_cec2022,cec2022,9,10,GF:Stripped@competition,25,8255016882139860863,200000,200000,2529.284382708487,229.2843827084871,229.2843827084871,5.679529361019377
E8_composition_cec2022,cec2022,9,10,GF:Stripped@competition,26,1091801207470785818,200000,200000,2529.284382708487,229.2843827084871,229.2843827084871,6.078117608034518
E8_composition_cec2022,cec2022,9,10,GF:Stripped@competition,27,6787434965472929628,200000,200000,2529.284382708487,229.2843827084871,229.2843827084871,5.869061369041447
E8_composition_cec2022,cec2022,9,10,GF:Stripped@competition,28,1716429750609873966,200000,200000,2529.284382708487,229.2843827084871,229.2843827084871,5.903394483961165
E8_composition_cec2022,cec2022,9,10,GF:Stripped@competition,29,6589022333442185458,200000,200000,2529.284382708487,229.2843827084871,229.2843827084871,5.7313675790210254
E8_composition_cec2022,cec2022,7,10,GF:Stripped@competition,0,3040004604851705330,200000,200000,2000.0,0.0,0.0,12.348605437029619
E8_composition_cec2022,cec2022,7,10,GF:Stripped@competition,1,2649759966841271333,200000,200000,2000.0,0.0,0.0,11.255158803949598
E8_composition_cec2022,cec2022,7,10,GF:Stripped@competition,2,3652944683897501453,200000,200000,2000.0,0.0,0.0,7.818271433992777
E8_composition_cec2022,cec2022,7,10,GF:Stripped@competition,3,9096333504939309229,200000,200000,2000.0,0.0,0.0,6.403931287990417
E8_composition_cec2022,cec2022,7,10,GF:Stripped@competition,4,7658724613376906122,200000,200000,2000.0,0.0,0.0,6.195541939989198
E8_composition_cec2022,cec2022,7,10,GF:Stripped@competition,5,4821951168444597970,200000,200000,2000.0,0.0,0.0,6.1284731649793684
E8_composition_cec2022,cec2022,7,10,GF:Stripped@competition,6,324188714735805803,200000,200000,2000.0,0.0,0.0,6.298631447018124
E8_composition_cec2022,cec2022,7,10,GF:Stripped@competition,7,4051993088068170600,200000,200000,2000.0,0.0,0.0,6.190737639029976
E8_composition_cec2022,cec2022,7,10,GF:Stripped@competition,8,2399675668042442358,200000,200000,2000.0,0.0,0.0,6.519748365972191
E8_composition_cec2022,cec2022,7,10,GF:Stripped@competition,9,9003432635798518212,200000,200000,2000.0,0.0,0.0,6.489119970006868
E8_composition_cec2022,cec2022,7,10,GF:Stripped@competition,10,6125941901155818902,200000,200000,2000.0,0.0,0.0,6.788834248029161
E8_composition_cec2022,cec2022,7,10,GF:Stripped@competition,11,2294783756836783643,200000,200000,2000.0,0.0,0.0,6.264059662993532
E8_composition_cec2022,cec2022,7,10,GF:Stripped@competition,12,5941389870872704519,200000,200000,2000.0,0.0,0.0,6.91190004197415
E8_composition_cec2022,cec2022,7,10,GF:Stripped@competition,13,7997290248640982395,200000,200000,2000.0,0.0,0.0,6.898813224979676
E8_composition_cec2022,cec2022,7,10,GF:Stripped@competition,14,5013201361553220311,200000,200000,2000.0,0.0,0.0,6.327304926991928
E8_composition_cec2022,cec2022,7,10,GF:Stripped@competition,15,9085353836509251142,200000,200000,2000.0,0.0,0.0,6.131257186993025
E8_composition_cec2022,cec2022,7,10,GF:Stripped@competition,16,6322034106109041700,200000,200000,2000.0,0.0,0.0,6.179349609010387
E8_composition_cec2022,cec2022,7,10,GF:Stripped@competition,17,4336174909501315401,200000,200000,2000.0,0.0,0.0,6.0209078949992545
E8_composition_cec2022,cec2022,7,10,GF:Stripped@competition,18,7070259864102622613,200000,200000,2000.0,0.0,0.0,5.972246152989101
E8_composition_cec2022,cec2022,7,10,GF:Stripped@competition,19,58522815924995778,200000,200000,2000.0,0.0,0.0,5.910965013958048
E8_composition_cec2022,cec2022,7,10,GF:Stripped@competition,20,1494437923681762472,200000,200000,2000.0,0.0,0.0,6.525228013982996
E8_composition_cec2022,cec2022,7,10,GF:Stripped@competition,21,2440840655384479200,200000,200000,2000.0,0.0,0.0,5.943749074009247
E8_composition_cec2022,cec2022,7,10,GF:Stripped@competition,22,7093820766496417517,200000,200000,2000.0,0.0,0.0,5.930102257989347
E8_composition_cec2022,cec2022,7,10,GF:Stripped@competition,23,4314220911569999728,200000,200000,2000.0,0.0,0.0,5.936947616981342
E8_composition_cec2022,cec2022,7,10,GF:Stripped@competition,24,2811502780729485059,200000,200000,2000.0,0.0,0.0,5.987263710005209
E8_composition_cec2022,cec2022,7,10,GF:Stripped@competition,25,8021784255608070741,200000,200000,2000.0,0.0,0.0,6.16558700700989
E8_composition_cec2022,cec2022,7,10,GF:Stripped@competition,26,2837942364510154912,200000,200000,2000.0,0.0,0.0,6.025241343013477
E8_composition_cec2022,cec2022,7,10,GF:Stripped@competition,27,3025995188507132891,200000,200000,2000.0,0.0,0.0,5.965047822974157
E8_composition_cec2022,cec2022,7,10,GF:Stripped@competition,28,1682352558485793133,200000,200000,2000.0,0.0,0.0,5.8979545519687235
E8_composition_cec2022,cec2022,7,10,GF:Stripped@competition,29,7138620727441753592,200000,200000,2000.0,0.0,0.0,5.711014504020568
E8_composition_cec2022,cec2022,5,10,GF:Stripped@competition,0,7030005249247739697,200000,200000,900.0,0.0,0.0,9.681084319017828
E8_composition_cec2022,cec2022,5,10,GF:Stripped@competition,1,8897587323845808300,200000,200000,900.0,0.0,0.0,9.691379389027134
E8_composition_cec2022,cec2022,5,10,GF:Stripped@competition,2,5722130890513082431,200000,200000,900.0,0.0,0.0,9.98644285404589
E8_composition_cec2022,cec2022,5,10,GF:Stripped@competition,3,1791839414796887525,200000,200000,900.0,0.0,0.0,5.930757355992682
E8_composition_cec2022,cec2022,5,10,GF:Stripped@competition,4,7671719650192306744,200000,200000,900.0,0.0,0.0,5.60963973402977
E8_composition_cec2022,cec2022,5,10,GF:Stripped@competition,5,5057155040848101386,200000,200000,900.0,0.0,0.0,6.300390315009281
E8_composition_cec2022,cec2022,5,10,GF:Stripped@competition,6,7699284111631704218,200000,200000,900.0,0.0,0.0,5.983685830025934
E8_composition_cec2022,cec2022,5,10,GF:Stripped@competition,7,4383468609040777017,200000,200000,900.0,0.0,0.0,5.707900924026035
E8_composition_cec2022,cec2022,5,10,GF:Stripped@competition,8,3302503282638229577,200000,200000,900.0,0.0,0.0,5.8686427240027115
E8_composition_cec2022,cec2022,5,10,GF:Stripped@competition,9,6523844882127073483,200000,200000,900.0,0.0,0.0,5.661116515053436
E8_composition_cec2022,cec2022,5,10,GF:Stripped@competition,10,5318247974061797835,200000,200000,900.0,0.0,0.0,5.664495582983363
E8_composition_cec2022,cec2022,5,10,GF:Stripped@competition,11,7737840695240802119,200000,200000,900.0,0.0,0.0,5.781153788033407
E8_composition_cec2022,cec2022,5,10,GF:Stripped@competition,12,5421367365055891406,200000,200000,900.0,0.0,0.0,5.717290986969601
E8_composition_cec2022,cec2022,5,10,GF:Stripped@competition,13,1384166415527718207,200000,200000,900.0,0.0,0.0,6.032107119972352
E8_composition_cec2022,cec2022,5,10,GF:Stripped@competition,14,489632017795795851,200000,200000,900.0,0.0,0.0,6.822828597039916
E8_composition_cec2022,cec2022,5,10,GF:Stripped@competition,15,535066271655652962,200000,200000,900.0,0.0,0.0,6.572689644002821
E8_composition_cec2022,cec2022,5,10,GF:Stripped@competition,16,291282011752900429,200000,200000,900.0,0.0,0.0,5.803465637029149
E8_composition_cec2022,cec2022,5,10,GF:Stripped@competition,17,7155786132682431792,200000,200000,900.0,0.0,0.0,5.780149303958751
E8_composition_cec2022,cec2022,5,10,GF:Stripped@competition,18,5798160012827903039,200000,200000,900.0,0.0,0.0,6.746523589012213
E8_composition_cec2022,cec2022,5,10,GF:Stripped@competition,19,9170605645058303784,200000,200000,900.0,0.0,0.0,6.28736774000572
E8_composition_cec2022,cec2022,5,10,GF:Stripped@competition,20,2815919647150534159,200000,200000,900.0,0.0,0.0,6.9743407759815454
E8_composition_cec2022,cec2022,5,10,GF:Stripped@competition,21,8608778393656760508,200000,200000,900.0,0.0,0.0,7.777748707972933
E8_composition_cec2022,cec2022,5,10,GF:Stripped@competition,22,4216474588584633995,200000,200000,900.0,0.0,0.0,9.994790210970677
E8_composition_cec2022,cec2022,5,10,GF:Stripped@competition,23,2534602974526691275,200000,200000,900.0,0.0,0.0,10.267827091971412
E8_composition_cec2022,cec2022,5,10,GF:Stripped@competition,24,1743492256751578958,200000,200000,900.0,0.0,0.0,7.973535749013536
E8_composition_cec2022,cec2022,5,10,GF:Stripped@competition,25,9039883613656750002,200000,200000,900.0,0.0,0.0,5.781185366970021
E8_composition_cec2022,cec2022,5,10,GF:Stripped@competition,26,5647412299233963395,200000,200000,900.0,0.0,0.0,5.7522452879929915
E8_composition_cec2022,cec2022,5,10,GF:Stripped@competition,27,8861356900411566985,200000,200000,900.0,0.0,0.0,5.603543590987101
E8_composition_cec2022,cec2022,5,10,GF:Stripped@competition,28,3480403632636174705,200000,200000,900.0,0.0,0.0,5.52266794902971
E8_composition_cec2022,cec2022,5,10,GF:Stripped@competition,29,3193782614663226814,200000,200000,900.0,0.0,0.0,5.0430690969806165
E8_composition_cec2022,cec2022,12,10,GF:Stripped@competition,0,2793532758322737572,200000,200000,2861.404880758749,161.4048807587492,161.4048807587492,12.545165136980359
E8_composition_cec2022,cec2022,12,10,GF:Stripped@competition,1,9130006332874207291,200000,200000,2861.4352676774106,161.4352676774106,161.4352676774106,11.812882377998903
E8_composition_cec2022,cec2022,12,10,GF:Stripped@competition,2,4711031467186065056,200000,200000,2858.618354557668,158.61835455766823,158.61835455766823,7.0298602289985865
E8_composition_cec2022,cec2022,12,10,GF:Stripped@competition,3,6738245282300567963,200000,200000,2861.404880758749,161.4048807587492,161.4048807587492,6.134824929002207
E8_composition_cec2022,cec2022,12,10,GF:Stripped@competition,4,6268074211974566669,200000,200000,2863.4777054684273,163.4777054684273,163.4777054684273,5.835471907979809
E8_composition_cec2022,cec2022,12,10,GF:Stripped@competition,5,1198540809814029689,200000,200000,2861.4352676774106,161.4352676774106,161.4352676774106,6.220690169022419
E8_composition_cec2022,cec2022,12,10,GF:Stripped@competition,6,3303471123600710,200000,200000,2861.4352676774106,161.4352676774106,161.4352676774106,6.649535306962207
E8_composition_cec2022,cec2022,12,10,GF:Stripped@competition,7,699453100086106438,200000,200000,2861.404880758749,161.4048807587492,161.4048807587492,8.584844136959873
E8_composition_cec2022,cec2022,12,10,GF:Stripped@competition,8,7229076498402570658,200000,200000,2861.404880758749,161.4048807587492,161.4048807587492,6.251766916015185
E8_composition_cec2022,cec2022,12,10,GF:Stripped@competition,9,472712106960787914,200000,200000,2861.404880758749,161.4048807587492,161.4048807587492,6.2286368439672515
E8_composition_cec2022,cec2022,12,10,GF:Stripped@competition,10,1583880188250888592,200000,200000,2863.4777054684273,163.4777054684273,163.4777054684273,6.054868039966095
E8_composition_cec2022,cec2022,12,10,GF:Stripped@competition,11,7082387699639268182,200000,200000,2859.3687336370376,159.36873363703762,159.36873363703762,6.372239125950728
E8_composition_cec2022,cec2022,12,10,GF:Stripped@competition,12,2179371576575724669,200000,200000,2858.6183545576687,158.61835455766868,158.61835455766868,6.30025938997278
E8_composition_cec2022,cec2022,12,10,GF:Stripped@competition,13,6586251489929223722,200000,200000,2861.404880758749,161.4048807587492,161.4048807587492,6.067755282041617
E8_composition_cec2022,cec2022,12,10,GF:Stripped@competition,14,6975501603372444235,200000,200000,2861.404880758749,161.4048807587492,161.4048807587492,7.096327024977654
E8_composition_cec2022,cec2022,12,10,GF:Stripped@competition,15,8870207726573334482,200000,200000,2864.931007902907,164.9310079029069,164.9310079029069,8.384142377995886
E8_composition_cec2022,cec2022,12,10,GF:Stripped@competition,16,452385277167962641,200000,200000,2861.404880758749,161.4048807587492,161.4048807587492,5.957025074982084
E8_composition_cec2022,cec2022,12,10,GF:Stripped@competition,17,9021857157723183973,200000,200000,2861.404880758749,161.4048807587492,161.4048807587492,5.974667183996644
E8_composition_cec2022,cec2022,12,10,GF:Stripped@competition,18,1826983231053313228,200000,200000,2863.4948352028796,163.49483520287959,163.49483520287959,6.142769669997506
E8_composition_cec2022,cec2022,12,10,GF:Stripped@competition,19,6257735084444852208,200000,200000,2861.404880758749,161.4048807587492,161.4048807587492,6.109159339976031
E8_composition_cec2022,cec2022,12,10,GF:Stripped@competition,20,4484020720615397784,200000,200000,2861.404880758749,161.4048807587492,161.4048807587492,6.2967058749636635
E8_composition_cec2022,cec2022,12,10,GF:Stripped@competition,21,4697562787727099312,200000,200000,2861.4352676774106,161.4352676774106,161.4352676774106,6.28393756703008
E8_composition_cec2022,cec2022,12,10,GF:Stripped@competition,22,1722128924711018075,200000,200000,2861.404880758749,161.4048807587492,161.4048807587492,6.06976773601491
E8_composition_cec2022,cec2022,12,10,GF:Stripped@competition,23,5491837249062001640,200000,200000,2861.404880758749,161.4048807587492,161.4048807587492,6.263535230013076
E8_composition_cec2022,cec2022,12,10,GF:Stripped@competition,24,2715043830340864776,200000,200000,2861.404880758749,161.4048807587492,161.4048807587492,6.999287825950887
E8_composition_cec2022,cec2022,12,10,GF:Stripped@competition,25,2509206978716942963,200000,200000,2861.404880758749,161.4048807587492,161.4048807587492,6.005857345007826
E8_composition_cec2022,cec2022,12,10,GF:Stripped@competition,26,1546917882778331961,200000,200000,2858.618354751383,158.61835475138287,158.61835475138287,6.914245950989425
E8_composition_cec2022,cec2022,12,10,GF:Stripped@competition,27,8567797368579142211,200000,200000,2861.404880758749,161.4048807587492,161.4048807587492,6.039830325986259
E8_composition_cec2022,cec2022,12,10,GF:Stripped@competition,28,9186092857497144067,200000,200000,2859.543776286797,159.54377628679686,159.54377628679686,5.807786060031503
E8_composition_cec2022,cec2022,12,10,GF:Stripped@competition,29,7678753782314412399,200000,200000,2858.618354557668,158.61835455766823,158.61835455766823,5.717585799051449
E8_composition_cec2022,cec2022,10,10,GF:Stripped@competition,0,7670614753677493527,200000,200000,2500.2048651560385,100.20486515603852,100.20486515603852,11.838990377029404
E8_composition_cec2022,cec2022,10,10,GF:Stripped@competition,1,8362656248494495369,200000,200000,2500.2001874442562,100.20018744425624,100.20018744425624,11.54954443796305
E8_composition_cec2022,cec2022,10,10,GF:Stripped@competition,2,2291649675730353222,200000,200000,2500.23818177544,100.2381817754399,100.2381817754399,7.009777039987966
E8_composition_cec2022,cec2022,10,10,GF:Stripped@competition,3,196345630108632803,200000,200000,2500.314981255769,100.314981255769,100.314981255769,5.6950257159769535
E8_composition_cec2022,cec2022,10,10,GF:Stripped@competition,4,2197047686784151529,200000,200000,2500.307677258921,100.3076772589211,100.3076772589211,5.9756834610016085
E8_composition_cec2022,cec2022,10,10,GF:Stripped@competition,5,1752109708219874651,200000,200000,2500.255898434106,100.2558984341058,100.2558984341058,5.830833707994316
E8_composition_cec2022,cec2022,10,10,GF:Stripped@competition,6,3680061605415764653,200000,200000,2500.264239033033,100.26423903303294,100.26423903303294,10.281985677953344
E8_composition_cec2022,cec2022,10,10,GF:Stripped@competition,7,1069720631450599667,200000,200000,2500.3007778194974,100.3007778194974,100.3007778194974,10.602151584986132
E8_composition_cec2022,cec2022,10,10,GF:Stripped@competition,8,1231258392544000359,200000,200000,2500.298046571066,100.29804657106615,100.29804657106615,9.882921748969238
E8_composition_cec2022,cec2022,10,10,GF:Stripped@competition,9,6774410618344238658,200000,200000,2500.3606350420146,100.36063504201456,100.36063504201456,5.922170852019917
E8_composition_cec2022,cec2022,10,10,GF:Stripped@competition,10,1682399159635553460,200000,200000,2500.200814104701,100.20081410470084,100.20081410470084,7.299252515018452
E8_composition_cec2022,cec2022,10,10,GF:Stripped@competition,11,1296996666661298210,200000,200000,2500.263552729048,100.26355272904811,100.26355272904811,6.2226723859785125
E8_composition_cec2022,cec2022,10,10,GF:Stripped@competition,12,6354060244768247144,200000,200000,2500.3442634297817,100.34426342978168,100.34426342978168,6.072299555002246
E8_composition_cec2022,cec2022,10,10,GF:Stripped@competition,13,6277171916286995728,200000,200000,2500.301814932516,100.30181493251621,100.30181493251621,5.9873452939791605
E8_composition_cec2022,cec2022,10,10,GF:Stripped@competition,14,3017855970281490744,200000,200000,2500.278655053543,100.27865505354293,100.27865505354293,6.135339664004277
E8_composition_cec2022,cec2022,10,10,GF:Stripped@competition,15,5688059111082827829,200000,200000,2500.244552862879,100.24455286287912,100.24455286287912,6.118929043994285
E8_composition_cec2022,cec2022,10,10,GF:Stripped@competition,16,8867732233807471985,200000,200000,2500.3273430393,100.3273430393001,100.3273430393001,10.258874350984115
E8_composition_cec2022,cec2022,10,10,GF:Stripped@competition,17,4165127609254998608,200000,200000,2607.94133115007,207.9413311500698,207.9413311500698,7.150934508012142
E8_composition_cec2022,cec2022,10,10,GF:Stripped@competition,18,1949313368695123917,200000,200000,2605.0605381731743,205.06053817317434,205.06053817317434,6.317839924013242
E8_composition_cec2022,cec2022,10,10,GF:Stripped@competition,19,238745550396445664,200000,200000,2500.2534385961494,100.25343859614941,100.25343859614941,6.053377485019155
E8_composition_cec2022,cec2022,10,10,GF:Stripped@competition,20,378112535560762573,200000,200000,2500.2800124831087,100.28001248310875,100.28001248310875,5.980123899993487
E8_composition_cec2022,cec2022,10,10,GF:Stripped@competition,21,4173249419450719773,200000,200000,2500.267231917114,100.2672319171138,100.2672319171138,6.021220732014626
E8_composition_cec2022,cec2022,10,10,GF:Stripped@competition,22,8709041478030227801,200000,200000,2500.24154134185,100.24154134184982,100.24154134184982,6.16440337599488
E8_composition_cec2022,cec2022,10,10,GF:Stripped@competition,23,6429419269506190597,200000,200000,2500.250929792694,100.25092979269402,100.25092979269402,6.212104344973341
E8_composition_cec2022,cec2022,10,10,GF:Stripped@competition,24,2357760308948543363,200000,200000,2500.27493551505,100.27493551504995,100.27493551504995,6.909129374020267
E8_composition_cec2022,cec2022,10,10,GF:Stripped@competition,25,5596108291288748724,200000,200000,2500.2490676372845,100.2490676372845,100.2490676372845,5.996134698973037
E8_composition_cec2022,cec2022,10,10,GF:Stripped@competition,26,4051039191606185724,200000,200000,2500.287721602305,100.28772160230483,100.28772160230483,5.712977877003141
E8_composition_cec2022,cec2022,10,10,GF:Stripped@competition,27,2919449221483807226,200000,200000,2500.2932809890704,100.29328098907035,100.29328098907035,5.604549045965541
E8_composition_cec2022,cec2022,10,10,GF:Stripped@competition,28,7991821720218344206,200000,200000,2605.625627094692,205.62562709469194,205.62562709469194,5.581557072000578
E8_composition_cec2022,cec2022,10,10,GF:Stripped@competition,29,6946710840829292496,200000,200000,2500.188229001501,100.18822900150099,100.18822900150099,5.310021897021215
E8_composition_cec2022,cec2022,8,10,GF:Stripped@competition,0,3676181495977099650,200000,200000,2200.6899406387033,0.6899406387033196,0.6899406387033196,10.651069044950418
E8_composition_cec2022,cec2022,8,10,GF:Stripped@competition,1,1564463492327106751,200000,200000,2200.0573801750743,0.057380175074285944,0.057380175074285944,9.481667510000989
E8_composition_cec2022,cec2022,8,10,GF:Stripped@competition,2,5118467595596624432,200000,200000,2200.0629526102925,0.06295261029254107,0.06295261029254107,8.573499449004885
E8_composition_cec2022,cec2022,8,10,GF:Stripped@competition,3,9207162462181560633,200000,200000,2200.144589056092,0.14458905609217254,0.14458905609217254,10.873800995002966
E8_composition_cec2022,cec2022,8,10,GF:Stripped@competition,4,5701936110342215426,200000,200000,2200.663873835556,0.6638738355559326,0.6638738355559326,10.214415533002466
E8_composition_cec2022,cec2022,8,10,GF:Stripped@competition,5,2425252924546967447,200000,200000,2200.1550307894445,0.15503078944448134,0.15503078944448134,8.90138327202294
E8_composition_cec2022,cec2022,8,10,GF:Stripped@competition,6,1978036240797714781,200000,200000,2200.708411871007,0.7084118710067742,0.7084118710067742,6.273815130000003
E8_composition_cec2022,cec2022,8,10,GF:Stripped@competition,7,454879157208265995,200000,200000,2200.072063900017,0.07206390001692853,0.07206390001692853,6.318213545018807
E8_composition_cec2022,cec2022,8,10,GF:Stripped@competition,8,7531167248278825627,200000,200000,2200.0331272038106,0.033127203810636274,0.033127203810636274,6.345358188031241
E8_composition_cec2022,cec2022,8,10,GF:Stripped@competition,9,7373685219289887700,200000,200000,2200.7591926422433,0.7591926422433062,0.7591926422433062,6.421777610958088
E8_composition_cec2022,cec2022,8,10,GF:Stripped@competition,10,5251927440147339729,200000,200000,2200.0416400683584,0.041640068358447024,0.041640068358447024,6.15045023598941
E8_composition_cec2022,cec2022,8,10,GF:Stripped@competition,11,804930512515934180,200000,200000,2200.628356082373,0.6283560823731023,0.6283560823731023,6.275503667013254
E8_composition_cec2022,cec2022,8,10,GF:Stripped@competition,12,7905875938758829876,200000,200000,2200.0703089788194,0.070308978819412,0.070308978819412,6.325401326990686
E8_composition_cec2022,cec2022,8,10,GF:Stripped@competition,13,5362476658870804935,200000,200000,2200.01003785963,0.010037859629846935,0.010037859629846935,6.5031356969848275
E8_composition_cec2022,cec2022,8,10,GF:Stripped@competition,14,9196375916102331091,200000,200000,2200.6510426607106,0.6510426607105728,0.6510426607105728,6.176825936010573
E8_composition_cec2022,cec2022,8,10,GF:Stripped@competition,15,3404539195507106951,200000,200000,2200.1229339770716,0.12293397707162512,0.12293397707162512,6.267926465952769
E8_composition_cec2022,cec2022,8,10,GF:Stripped@competition,16,8196218540473628612,200000,200000,2200.1609632440554,0.16096324405543783,0.16096324405543783,6.990065498976037
E8_composition_cec2022,cec2022,8,10,GF:Stripped@competition,17,959057697067880704,200000,200000,2200.213003344967,0.21300334496709183,0.21300334496709183,6.6527513089822605
E8_composition_cec2022,cec2022,8,10,GF:Stripped@competition,18,8303887648382090992,200000,200000,2200.233123242294,0.2331232422939138,0.2331232422939138,7.2059745619772
E8_composition_cec2022,cec2022,8,10,GF:Stripped@competition,19,4420994676726846996,200000,200000,2200.7469261066767,0.7469261066767103,0.7469261066767103,7.222196357033681
E8_composition_cec2022,cec2022,8,10,GF:Stripped@competition,20,6613974460412364643,200000,200000,2200.0773178451996,0.07731784519955909,0.07731784519955909,7.897822501021437
E8_composition_cec2022,cec2022,8,10,GF:Stripped@competition,21,1339912575786472774,200000,200000,2200.2558892521647,0.2558892521647067,0.2558892521647067,6.984080493974034
E8_composition_cec2022,cec2022,8,10,GF:Stripped@competition,22,4086377350303784708,200000,200000,2200.0168000803483,0.016800080348275515,0.016800080348275515,7.680588432995137
E8_composition_cec2022,cec2022,8,10,GF:Stripped@competition,23,8068667110559948277,200000,200000,2200.0257296503864,0.025729650386438152,0.025729650386438152,6.479935944022145
E8_composition_cec2022,cec2022,8,10,GF:Stripped@competition,24,3598315215449835057,200000,200000,2200.099044766005,0.0990447660051359,0.0990447660051359,6.947498841036577
E8_composition_cec2022,cec2022,8,10,GF:Stripped@competition,25,7602710818730967826,200000,200000,2200.190092776631,0.19009277663099056,0.19009277663099056,6.025223258009646
E8_composition_cec2022,cec2022,8,10,GF:Stripped@competition,26,8534798001816246464,200000,200000,2200.0464077201837,0.04640772018365169,0.04640772018365169,6.164954760984983
E8_composition_cec2022,cec2022,8,10,GF:Stripped@competition,27,1866648751293356851,200000,200000,2200.000038226138,3.822613780357642e-05,3.822613780357642e-05,6.1916219079867005
E8_composition_cec2022,cec2022,8,10,GF:Stripped@competition,28,6919494892228665199,200000,200000,2200.0567779257613,0.056777925761252845,0.056777925761252845,5.741411166964099
E8_composition_cec2022,cec2022,8,10,GF:Stripped@competition,29,7968689499440494775,200000,200000,2200.0577295631433,0.05772956314331168,0.05772956314331168,5.66746248799609
E8_composition_cec2022,cec2022,11,10,GF:Stripped@competition,0,4847786880346638916,200000,200000,2600.0,0.0,0.0,12.334135356999468
E8_composition_cec2022,cec2022,11,10,GF:Stripped@competition,1,1456212653681480516,200000,200000,2600.0,0.0,0.0,10.684318660001736
E8_composition_cec2022,cec2022,11,10,GF:Stripped@competition,2,5752173854599435214,200000,200000,2600.0,0.0,0.0,11.221958733978681
E8_composition_cec2022,cec2022,11,10,GF:Stripped@competition,3,842197544216669586,200000,200000,2600.0,0.0,0.0,11.288988015963696
E8_composition_cec2022,cec2022,11,10,GF:Stripped@competition,4,5694234743835803511,200000,200000,2600.0,0.0,0.0,9.387124183995184
E8_composition_cec2022,cec2022,11,10,GF:Stripped@competition,5,8990898334890232721,200000,200000,2600.0,0.0,0.0,10.03966552898055
E8_composition_cec2022,cec2022,11,10,GF:Stripped@competition,6,4678187535424688514,200000,200000,2600.0,0.0,0.0,5.980169644986745
E8_composition_cec2022,cec2022,11,10,GF:Stripped@competition,7,5130189706094926605,200000,200000,2600.0,0.0,0.0,6.572971451969352
E8_composition_cec2022,cec2022,11,10,GF:Stripped@competition,8,528897764843055448,200000,200000,2600.0,0.0,0.0,6.301282488973811
E8_composition_cec2022,cec2022,11,10,GF:Stripped@competition,9,9129963821046540716,200000,200000,2600.0,0.0,0.0,7.56318261497654
E8_composition_cec2022,cec2022,11,10,GF:Stripped@competition,10,1841417369091882330,200000,200000,2600.0,0.0,0.0,11.296078112965915
E8_composition_cec2022,cec2022,11,10,GF:Stripped@competition,11,403818952550816032,200000,200000,2600.0,0.0,0.0,7.5856969529995695
E8_composition_cec2022,cec2022,11,10,GF:Stripped@competition,12,5259323818015776168,200000,200000,2600.0,0.0,0.0,6.800356789026409
E8_composition_cec2022,cec2022,11,10,GF:Stripped@competition,13,3269076127992322363,200000,200000,2600.0,0.0,0.0,5.9987005820148624
E8_composition_cec2022,cec2022,11,10,GF:Stripped@competition,14,8130416046596886269,200000,200000,2600.0,0.0,0.0,5.914770462026354
E8_composition_cec2022,cec2022,11,10,GF:Stripped@competition,15,7977167401025780433,200000,200000,2600.0,0.0,0.0,6.1225243380176835
E8_composition_cec2022,cec2022,11,10,GF:Stripped@competition,16,4372423444639002108,200000,200000,2600.0,0.0,0.0,5.873356555006467
E8_composition_cec2022,cec2022,11,10,GF:Stripped@competition,17,5017742838153486018,200000,200000,2600.0,0.0,0.0,8.139455389988143
E8_composition_cec2022,cec2022,11,10,GF:Stripped@competition,18,4427260805141927195,200000,200000,2600.0,0.0,0.0,10.741224804020021
E8_composition_cec2022,cec2022,11,10,GF:Stripped@competition,19,8328566706406558587,200000,200000,2600.0,0.0,0.0,9.167600501968991
E8_composition_cec2022,cec2022,11,10,GF:Stripped@competition,20,8781168506682567615,200000,200000,2600.0,0.0,0.0,8.959199844044633
E8_composition_cec2022,cec2022,11,10,GF:Stripped@competition,21,5725639733934247177,200000,200000,2600.0,0.0,0.0,5.922969109029509
E8_composition_cec2022,cec2022,11,10,GF:Stripped@competition,22,5559789641586320657,200000,200000,2750.427163809589,150.42716380958882,150.42716380958882,5.95820192201063
E8_composition_cec2022,cec2022,11,10,GF:Stripped@competition,23,1105631565658504620,200000,200000,2600.0,0.0,0.0,5.942267676000483
E8_composition_cec2022,cec2022,11,10,GF:Stripped@competition,24,406930915384324638,200000,200000,2600.0,0.0,0.0,5.5988357799942605
E8_composition_cec2022,cec2022,11,10,GF:Stripped@competition,25,3241668600332976427,200000,200000,2600.0,0.0,0.0,5.49473532801494
E8_composition_cec2022,cec2022,11,10,GF:Stripped@competition,26,8451353362320635167,200000,200000,2600.0,0.0,0.0,5.391298281028867
E8_composition_cec2022,cec2022,11,10,GF:Stripped@competition,27,3150517517640305375,200000,200000,2600.0,0.0,0.0,5.380038882023655
E8_composition_cec2022,cec2022,11,10,GF:Stripped@competition,28,4007672895014617607,200000,200000,2600.0,0.0,0.0,5.523572685953695
E8_composition_cec2022,cec2022,11,10,GF:Stripped@competition,29,5197808033854589572,200000,200000,2600.0,0.0,0.0,5.503001642995514
E8_composition_cec2022,cec2022,2,20,GF:Stripped@competition,0,2859093942010551457,1000000,1000000,449.08447897948116,49.08447897948116,49.08447897948116,48.15444076596759
E8_composition_cec2022,cec2022,2,20,GF:Stripped@competition,1,135270473613938507,1000000,1000000,449.08447897948116,49.08447897948116,49.08447897948116,26.88552642898867
E8_composition_cec2022,cec2022,2,20,GF:Stripped@competition,2,7173225971097296230,1000000,1000000,449.08447897948116,49.08447897948116,49.08447897948116,25.43467667500954
E8_composition_cec2022,cec2022,2,20,GF:Stripped@competition,3,5197757776601747021,1000000,1000000,449.08447897948116,49.08447897948116,49.08447897948116,29.02851127902977
E8_composition_cec2022,cec2022,2,20,GF:Stripped@competition,4,6318980550639164123,1000000,1000000,449.08447897948116,49.08447897948116,49.08447897948116,25.728073904989287
E8_composition_cec2022,cec2022,2,20,GF:Stripped@competition,5,7666400963783576725,1000000,1000000,449.08447897948116,49.08447897948116,49.08447897948116,27.56687913200585
E8_composition_cec2022,cec2022,2,20,GF:Stripped@competition,6,7199759298764038887,1000000,1000000,449.08447897948116,49.08447897948116,49.08447897948116,25.84654906898504
E8_composition_cec2022,cec2022,2,20,GF:Stripped@competition,7,617185876691154374,1000000,1000000,449.08447897948116,49.08447897948116,49.08447897948116,22.944179926998913
E8_composition_cec2022,cec2022,2,20,GF:Stripped@competition,8,5267997460086379769,1000000,1000000,449.08447897948116,49.08447897948116,49.08447897948116,23.255251577007584
E8_composition_cec2022,cec2022,2,20,GF:Stripped@competition,9,1926517072756057732,1000000,1000000,449.08447897948116,49.08447897948116,49.08447897948116,24.023967621964402
E8_composition_cec2022,cec2022,2,20,GF:Stripped@competition,10,8838058624838192722,1000000,1000000,449.08447897948116,49.08447897948116,49.08447897948116,22.804043685027864
E8_composition_cec2022,cec2022,2,20,GF:Stripped@competition,11,706424000928167194,1000000,1000000,449.08447897948116,49.08447897948116,49.08447897948116,22.756494431989267
E8_composition_cec2022,cec2022,2,20,GF:Stripped@competition,12,108469527481817697,1000000,1000000,449.08447897948116,49.08447897948116,49.08447897948116,22.998927903012373
E8_composition_cec2022,cec2022,2,20,GF:Stripped@competition,13,7426281185999529064,1000000,1000000,449.08447897948116,49.08447897948116,49.08447897948116,23.180354900017846
E8_composition_cec2022,cec2022,2,20,GF:Stripped@competition,14,8550994585147432104,1000000,1000000,449.08447897948116,49.08447897948116,49.08447897948116,23.545862570987083
E8_composition_cec2022,cec2022,2,20,GF:Stripped@competition,15,2206890833657664302,1000000,1000000,449.08447897948116,49.08447897948116,49.08447897948116,24.11089303001063
E8_composition_cec2022,cec2022,2,20,GF:Stripped@competition,16,2192895948015993707,1000000,1000000,449.08447897948116,49.08447897948116,49.08447897948116,23.881730009044986
E8_composition_cec2022,cec2022,2,20,GF:Stripped@competition,17,9131752395250469884,1000000,1000000,449.08447897948116,49.08447897948116,49.08447897948116,23.49588728597155
E8_composition_cec2022,cec2022,2,20,GF:Stripped@competition,18,134162845497512493,1000000,1000000,449.08447897948116,49.08447897948116,49.08447897948116,22.96780719299568
E8_composition_cec2022,cec2022,2,20,GF:Stripped@competition,19,9222867855609297692,1000000,1000000,449.08447897948116,49.08447897948116,49.08447897948116,23.458656475995667
E8_composition_cec2022,cec2022,2,20,GF:Stripped@competition,20,3039126038947801231,1000000,1000000,449.08447897948116,49.08447897948116,49.08447897948116,23.2507632690249
E8_composition_cec2022,cec2022,2,20,GF:Stripped@competition,21,6326458959048043379,1000000,1000000,449.08447897948116,49.08447897948116,49.08447897948116,23.409950283006765
E8_composition_cec2022,cec2022,2,20,GF:Stripped@competition,22,2253167861125580171,1000000,1000000,444.8954693174513,44.89546931745127,44.89546931745127,23.314624978986103
E8_composition_cec2022,cec2022,2,20,GF:Stripped@competition,23,8063625766918194246,1000000,1000000,449.08447897948116,49.08447897948116,49.08447897948116,23.408608746016398
E8_composition_cec2022,cec2022,2,20,GF:Stripped@competition,24,8161063527712330881,1000000,1000000,449.08447897948116,49.08447897948116,49.08447897948116,23.521477485017385
E8_composition_cec2022,cec2022,2,20,GF:Stripped@competition,25,8798163468029019649,1000000,1000000,449.08447897948116,49.08447897948116,49.08447897948116,22.85513186699245
E8_composition_cec2022,cec2022,2,20,GF:Stripped@competition,26,2908821786670878172,1000000,1000000,449.08447897948116,49.08447897948116,49.08447897948116,22.77658489404712
E8_composition_cec2022,cec2022,2,20,GF:Stripped@competition,27,2748906285936714315,1000000,1000000,449.08447897948116,49.08447897948116,49.08447897948116,23.008109404006973
E8_composition_cec2022,cec2022,2,20,GF:Stripped@competition,28,4104649149809575837,1000000,1000000,449.08447897948116,49.08447897948116,49.08447897948116,22.872233092028182
E8_composition_cec2022,cec2022,2,20,GF:Stripped@competition,29,2855886417801161245,1000000,1000000,449.08447897948116,49.08447897948116,49.08447897948116,23.32746080396464
E8_composition_cec2022,cec2022,1,20,GF:Stripped@competition,0,2690084847310190545,1000000,1000000,300.0,0.0,0.0,37.88594164297683
E8_composition_cec2022,cec2022,1,20,GF:Stripped@competition,1,5480325474112638838,1000000,1000000,300.0,0.0,0.0,26.067307897028513
E8_composition_cec2022,cec2022,1,20,GF:Stripped@competition,2,3581910687295199672,1000000,1000000,300.0,0.0,0.0,26.91171893599676
E8_composition_cec2022,cec2022,1,20,GF:Stripped@competition,3,1108299723494795016,1000000,1000000,300.0,0.0,0.0,25.943143783020787
E8_composition_cec2022,cec2022,1,20,GF:Stripped@competition,4,601942035233521761,1000000,1000000,300.0,0.0,0.0,38.26941846695263
E8_composition_cec2022,cec2022,1,20,GF:Stripped@competition,5,919087746758052966,1000000,1000000,300.0,0.0,0.0,30.59046863700496
E8_composition_cec2022,cec2022,1,20,GF:Stripped@competition,6,2753203821800811051,1000000,1000000,300.0,0.0,0.0,23.73229631903814
E8_composition_cec2022,cec2022,1,20,GF:Stripped@competition,7,1567658417855539180,1000000,1000000,300.0,0.0,0.0,23.18037184199784
E8_composition_cec2022,cec2022,1,20,GF:Stripped@competition,8,4240661330494318940,1000000,1000000,300.0,0.0,0.0,23.276364286022726
E8_composition_cec2022,cec2022,1,20,GF:Stripped@competition,9,3801511707121520867,1000000,1000000,300.0,0.0,0.0,23.348256218014285
E8_composition_cec2022,cec2022,1,20,GF:Stripped@competition,10,5200977447267232968,1000000,1000000,300.0,0.0,0.0,23.809662617975846
E8_composition_cec2022,cec2022,1,20,GF:Stripped@competition,11,921992277251768484,1000000,1000000,300.0,0.0,0.0,23.67775158403674
E8_composition_cec2022,cec2022,1,20,GF:Stripped@competition,12,1575655286512833719,1000000,1000000,300.0,0.0,0.0,22.819370643002912
E8_composition_cec2022,cec2022,1,20,GF:Stripped@competition,13,5099427218124165072,1000000,1000000,300.0,0.0,0.0,22.88160283700563
E8_composition_cec2022,cec2022,1,20,GF:Stripped@competition,14,6214748010746391279,1000000,1000000,300.0,0.0,0.0,23.09509512601653
E8_composition_cec2022,cec2022,1,20,GF:Stripped@competition,15,360045658385233306,1000000,1000000,300.0,0.0,0.0,23.127239155001007
E8_composition_cec2022,cec2022,1,20,GF:Stripped@competition,16,235333714635000852,1000000,1000000,300.0,0.0,0.0,23.03650445304811
E8_composition_cec2022,cec2022,1,20,GF:Stripped@competition,17,965229253074936443,1000000,1000000,300.0,0.0,0.0,23.118286404001992
E8_composition_cec2022,cec2022,1,20,GF:Stripped@competition,18,4897115658086833750,1000000,1000000,300.0,0.0,0.0,23.822602107014973
E8_composition_cec2022,cec2022,1,20,GF:Stripped@competition,19,351991813824149501,1000000,1000000,300.0,0.0,0.0,23.134362837008666
E8_composition_cec2022,cec2022,1,20,GF:Stripped@competition,20,1772602008120710578,1000000,1000000,300.0,0.0,0.0,23.16127951198723
E8_composition_cec2022,cec2022,1,20,GF:Stripped@competition,21,7488586897520144261,1000000,1000000,300.0,0.0,0.0,23.27364370401483
E8_composition_cec2022,cec2022,1,20,GF:Stripped@competition,22,6585339215806479165,1000000,1000000,300.0,0.0,0.0,23.396453788038343
E8_composition_cec2022,cec2022,1,20,GF:Stripped@competition,23,5183158208829382340,1000000,1000000,300.0,0.0,0.0,23.359360666014254
E8_composition_cec2022,cec2022,1,20,GF:Stripped@competition,24,5570490492498585825,1000000,1000000,300.00000000000006,0.0,5.684341886080802e-14,23.518324851000216
E8_composition_cec2022,cec2022,1,20,GF:Stripped@competition,25,6774987710270567643,1000000,1000000,300.00000000000006,0.0,5.684341886080802e-14,23.921403580985498
E8_composition_cec2022,cec2022,1,20,GF:Stripped@competition,26,1470893895966796825,1000000,1000000,300.0,0.0,0.0,23.496358731004875
E8_composition_cec2022,cec2022,1,20,GF:Stripped@competition,27,4019912409535534434,1000000,1000000,300.0,0.0,0.0,23.66764278401388
E8_composition_cec2022,cec2022,1,20,GF:Stripped@competition,28,3190759169816194777,1000000,1000000,300.0,0.0,0.0,23.000636678014416
E8_composition_cec2022,cec2022,1,20,GF:Stripped@competition,29,8281636742506634762,1000000,1000000,300.0,0.0,0.0,23.29027665097965
E8_composition_cec2022,cec2022,5,20,GF:Stripped@competition,0,7225436860413475933,1000000,1000000,900.0,0.0,0.0,28.470115786010865
E8_composition_cec2022,cec2022,5,20,GF:Stripped@competition,1,4140463122304998966,1000000,1000000,900.0,0.0,0.0,34.012948154995684
E8_composition_cec2022,cec2022,5,20,GF:Stripped@competition,2,8785716410420762696,1000000,1000000,900.0,0.0,0.0,29.893001369026024
E8_composition_cec2022,cec2022,5,20,GF:Stripped@competition,3,9032855190766489851,1000000,1000000,900.0,0.0,0.0,29.788946451968513
E8_composition_cec2022,cec2022,5,20,GF:Stripped@competition,4,7904961792667361436,1000000,1000000,900.0,0.0,0.0,27.106305606022943
E8_composition_cec2022,cec2022,5,20,GF:Stripped@competition,5,9170597049497114472,1000000,1000000,900.0,0.0,0.0,25.735119079996366
E8_composition_cec2022,cec2022,5,20,GF:Stripped@competition,6,4401878660218383740,1000000,1000000,900.0,0.0,0.0,23.54811549599981
E8_composition_cec2022,cec2022,5,20,GF:Stripped@competition,7,7792900885771248875,1000000,1000000,900.0,0.0,0.0,23.291286054009106
E8_composition_cec2022,cec2022,5,20,GF:Stripped@competition,8,2150811739133863725,1000000,1000000,900.0,0.0,0.0,23.338673544989433
E8_composition_cec2022,cec2022,5,20,GF:Stripped@competition,9,2099625389241282800,1000000,1000000,900.0,0.0,0.0,23.38338112900965
E8_composition_cec2022,cec2022,5,20,GF:Stripped@competition,10,6349067385629924429,1000000,1000000,900.0,0.0,0.0,23.913248914992437
E8_composition_cec2022,cec2022,5,20,GF:Stripped@competition,11,2038682079394993731,1000000,1000000,900.0,0.0,0.0,23.448704530019313
E8_composition_cec2022,cec2022,5,20,GF:Stripped@competition,12,810918921114962641,1000000,1000000,900.0,0.0,0.0,23.624161850020755
E8_composition_cec2022,cec2022,5,20,GF:Stripped@competition,13,9108322535147842702,1000000,1000000,900.0,0.0,0.0,23.433485075016506
E8_composition_cec2022,cec2022,5,20,GF:Stripped@competition,14,6518480824298708263,1000000,1000000,900.0,0.0,0.0,23.314397973008454
E8_composition_cec2022,cec2022,5,20,GF:Stripped@competition,15,4376304994071645215,1000000,1000000,900.0,0.0,0.0,23.789422826026566
E8_composition_cec2022,cec2022,5,20,GF:Stripped@competition,16,8831334237169610541,1000000,1000000,900.0,0.0,0.0,23.98450572602451
E8_composition_cec2022,cec2022,5,20,GF:Stripped@competition,17,8572777768570839177,1000000,1000000,900.0,0.0,0.0,23.678017663012724
E8_composition_cec2022,cec2022,5,20,GF:Stripped@competition,18,7085173898383745696,1000000,1000000,900.0,0.0,0.0,23.259224137989804
E8_composition_cec2022,cec2022,5,20,GF:Stripped@competition,19,438219290022784698,1000000,1000000,900.0,0.0,0.0,23.409077194985002
E8_composition_cec2022,cec2022,5,20,GF:Stripped@competition,20,2676395465510725683,1000000,1000000,900.0,0.0,0.0,23.351068773015868
E8_composition_cec2022,cec2022,5,20,GF:Stripped@competition,21,2687796923408055702,1000000,1000000,900.0,0.0,0.0,23.558887470979244
E8_composition_cec2022,cec2022,5,20,GF:Stripped@competition,22,4368430627261004632,1000000,1000000,900.0,0.0,0.0,23.484816453012172
E8_composition_cec2022,cec2022,5,20,GF:Stripped@competition,23,7987265542023197426,1000000,1000000,900.0,0.0,0.0,23.413502174022142
E8_composition_cec2022,cec2022,5,20,GF:Stripped@competition,24,7278010629981245549,1000000,1000000,900.0,0.0,0.0,23.359808294975664
E8_composition_cec2022,cec2022,5,20,GF:Stripped@competition,25,2796736266155212265,1000000,1000000,900.0,0.0,0.0,23.382153876998927
E8_composition_cec2022,cec2022,5,20,GF:Stripped@competition,26,9071763780064818730,1000000,1000000,900.0,0.0,0.0,23.637247964041308
E8_composition_cec2022,cec2022,5,20,GF:Stripped@competition,27,7449580250434860487,1000000,1000000,900.0,0.0,0.0,23.413389272987843
E8_composition_cec2022,cec2022,5,20,GF:Stripped@competition,28,9015792520158551859,1000000,1000000,900.0,0.0,0.0,23.348109944025055
E8_composition_cec2022,cec2022,5,20,GF:Stripped@competition,29,3071199281544055436,1000000,1000000,900.0,0.0,0.0,23.298719306010753
E8_composition_cec2022,cec2022,4,20,GF:Stripped@competition,0,8654662959274647815,1000000,1000000,813.9294217621925,13.929421762192533,13.929421762192533,45.495054305007216
E8_composition_cec2022,cec2022,4,20,GF:Stripped@competition,1,2519177968307363198,1000000,1000000,811.9429465283756,11.942946528375614,11.942946528375614,26.248331197013613
E8_composition_cec2022,cec2022,4,20,GF:Stripped@competition,2,391054432876312817,1000000,1000000,813.9317812065021,13.931781206502137,13.931781206502137,44.23956506297691
E8_composition_cec2022,cec2022,4,20,GF:Stripped@competition,3,2508443098967899309,1000000,1000000,816.9153716515773,16.91537165157729,16.91537165157729,28.584198831988033
E8_composition_cec2022,cec2022,4,20,GF:Stripped@competition,4,7209292595219856395,1000000,1000000,809.9495905709339,9.949590570933879,9.949590570933879,27.658737554040272
E8_composition_cec2022,cec2022,4,20,GF:Stripped@competition,5,1174420838882264214,1000000,1000000,812.937149582721,12.937149582720963,12.937149582720963,25.581203965004534
E8_composition_cec2022,cec2022,4,20,GF:Stripped@competition,6,7878900382435388962,1000000,1000000,810.9454447956144,10.945444795614435,10.945444795614435,23.575333998014685
E8_composition_cec2022,cec2022,4,20,GF:Stripped@competition,7,4899958454865179679,1000000,1000000,811.9395036478363,11.939503647836318,11.939503647836318,23.52052299398929
E8_composition_cec2022,cec2022,4,20,GF:Stripped@competition,8,8485157182341042536,1000000,1000000,812.936255884404,12.936255884403977,12.936255884403977,23.591982383979484
E8_composition_cec2022,cec2022,4,20,GF:Stripped@competition,9,1500760153829928549,1000000,1000000,815.9211854142414,15.92118541424145,15.92118541424145,24.09269191097701
E8_composition_cec2022,cec2022,4,20,GF:Stripped@competition,10,4224341774086158344,1000000,1000000,811.9401314382349,11.940131438234857,11.940131438234857,24.102062367019244
E8_composition_cec2022,cec2022,4,20,GF:Stripped@competition,11,266178751700844339,1000000,1000000,811.9403992874968,11.940399287496803,11.940399287496803,23.874093815975357
E8_composition_cec2022,cec2022,4,20,GF:Stripped@competition,12,7685237569944902331,1000000,1000000,810.9450813380392,10.945081338039245,10.945081338039245,23.924777839973103
E8_composition_cec2022,cec2022,4,20,GF:Stripped@competition,13,6673401843956278363,1000000,1000000,808.9582885986172,8.958288598617173,8.958288598617173,24.56978793896269
E8_composition_cec2022,cec2022,4,20,GF:Stripped@competition,14,1553464884933523619,1000000,1000000,805.9705559315877,5.970555931587683,5.970555931587683,23.75192846095888
E8_composition_cec2022,cec2022,4,20,GF:Stripped@competition,15,1228739866608365127,1000000,1000000,808.9553226439436,8.955322643943646,8.955322643943646,23.646826140000485
E8_composition_cec2022,cec2022,4,20,GF:Stripped@competition,16,6599255682289816599,1000000,1000000,807.9615504378208,7.961550437820847,7.961550437820847,24.021416095958557
E8_composition_cec2022,cec2022,4,20,GF:Stripped@competition,17,3929604286070318479,1000000,1000000,806.9655413383364,6.965541338336379,6.965541338336379,23.492588599969167
E8_composition_cec2022,cec2022,4,20,GF:Stripped@competition,18,6022894385386538753,1000000,1000000,809.9505701607587,9.95057016075873,9.95057016075873,23.955722439975943
E8_composition_cec2022,cec2022,4,20,GF:Stripped@competition,19,7751347670113693576,1000000,1000000,805.9714839641899,5.971483964189929,5.971483964189929,24.242571597977076
E8_composition_cec2022,cec2022,4,20,GF:Stripped@competition,20,6777962896575781333,1000000,1000000,814.9282196884145,14.928219688414515,14.928219688414515,24.75864894897677
E8_composition_cec2022,cec2022,4,20,GF:Stripped@competition,21,6859444455682822189,1000000,1000000,808.9557965137972,8.955796513797168,8.955796513797168,23.967752322962042
E8_composition_cec2022,cec2022,4,20,GF:Stripped@competition,22,8678924821387847739,1000000,1000000,810.9455558079264,10.94555580792644,10.94555580792644,24.20274098101072
E8_composition_cec2022,cec2022,4,20,GF:Stripped@competition,23,1961631590409735415,1000000,1000000,814.9250571977345,14.925057197734532,14.925057197734532,23.52267190400744
E8_composition_cec2022,cec2022,4,20,GF:Stripped@competition,24,5267042922736339857,1000000,1000000,810.9462124918128,10.946212491812844,10.946212491812844,23.80417595698964
E8_composition_cec2022,cec2022,4,20,GF:Stripped@competition,25,3147708449081015716,1000000,1000000,807.9607700161966,7.960770016196648,7.960770016196648,23.925679780950304
E8_composition_cec2022,cec2022,4,20,GF:Stripped@competition,26,8579152859350978206,1000000,1000000,815.9199202545293,15.919920254529302,15.919920254529302,23.714771748986095
E8_composition_cec2022,cec2022,4,20,GF:Stripped@competition,27,3497279095676557380,1000000,1000000,812.9372210093469,12.9372210093469,12.9372210093469,24.042502466007136
E8_composition_cec2022,cec2022,4,20,GF:Stripped@competition,28,7172860235667140963,1000000,1000000,813.9326586768418,13.932658676841811,13.932658676841811,23.439027270011138
E8_composition_cec2022,cec2022,4,20,GF:Stripped@competition,29,2704970433786704529,1000000,1000000,809.9519389389285,9.951938938928492,9.951938938928492,23.71559419098776
E8_composition_cec2022,cec2022,6,20,GF:Stripped@competition,0,499952949189112393,1000000,1000000,1801.6129399012598,1.6129399012597787,1.6129399012597787,32.36715327104321
E8_composition_cec2022,cec2022,6,20,GF:Stripped@competition,1,8144890699515358843,1000000,1000000,1801.1616378837323,1.1616378837322827,1.1616378837322827,26.741865076008253
E8_composition_cec2022,cec2022,6,20,GF:Stripped@competition,2,4542462791255322912,1000000,1000000,1801.2426509666898,1.24265096668978,1.24265096668978,40.309285999974236
E8_composition_cec2022,cec2022,6,20,GF:Stripped@competition,3,1760252660703703541,1000000,1000000,1803.2711626420707,3.271162642070749,3.271162642070749,26.356361810991075
E8_composition_cec2022,cec2022,6,20,GF:Stripped@competition,4,5583028226691252936,1000000,1000000,1805.3666411310369,5.366641131036886,5.366641131036886,27.021725586033426
E8_composition_cec2022,cec2022,6,20,GF:Stripped@competition,5,7802359819406686957,1000000,1000000,1807.1584094667583,7.158409466758258,7.158409466758258,25.08417168399319
E8_composition_cec2022,cec2022,6,20,GF:Stripped@competition,6,1236302369583067248,1000000,1000000,1805.0400637307962,5.0400637307961915,5.0400637307961915,25.050394941004924
E8_composition_cec2022,cec2022,6,20,GF:Stripped@competition,7,5916222313867950506,1000000,1000000,1802.1924467957322,2.1924467957321667,2.1924467957321667,25.29940862499643
E8_composition_cec2022,cec2022,6,20,GF:Stripped@competition,8,2401372390956045209,1000000,1000000,1801.9025063710096,1.902506371009622,1.902506371009622,25.20953249197919
E8_composition_cec2022,cec2022,6,20,GF:Stripped@competition,9,999283267147393381,1000000,1000000,1801.1907065047324,1.1907065047323613,1.1907065047323613,24.18498198199086
E8_composition_cec2022,cec2022,6,20,GF:Stripped@competition,10,1814964473517032886,1000000,1000000,1807.274529164862,7.274529164862088,7.274529164862088,23.759904592006933
E8_composition_cec2022,cec2022,6,20,GF:Stripped@competition,11,4896763861619384134,1000000,1000000,1806.3603679806854,6.360367980685396,6.360367980685396,24.36246293701697
E8_composition_cec2022,cec2022,6,20,GF:Stripped@competition,12,5661583576644273326,1000000,1000000,1864.759267706683,64.75926770668298,64.75926770668298,24.112150006985757
E8_composition_cec2022,cec2022,6,20,GF:Stripped@competition,13,3601762605638360187,1000000,1000000,1801.2630726609755,1.2630726609754674,1.2630726609754674,24.317481709993444
E8_composition_cec2022,cec2022,6,20,GF:Stripped@competition,14,1261781789008493208,1000000,1000000,1800.1613044332141,0.16130443321412713,0.16130443321412713,24.325085832038894
E8_composition_cec2022,cec2022,6,20,GF:Stripped@competition,15,1201332525747904110,1000000,1000000,1800.2002738001438,0.2002738001438047,0.2002738001438047,24.379719763994217
E8_composition_cec2022,cec2022,6,20,GF:Stripped@competition,16,4781876520025906447,1000000,1000000,1800.1847777690314,0.18477776903137055,0.18477776903137055,24.769310487026814
E8_composition_cec2022,cec2022,6,20,GF:Stripped@competition,17,8321617922976833004,1000000,1000000,1807.139174867673,7.139174867673091,7.139174867673091,23.76433245599037
E8_composition_cec2022,cec2022,6,20,GF:Stripped@competition,18,4293918848213654558,1000000,1000000,1802.1375578080404,2.1375578080403557,2.1375578080403557,25.335436849971302
E8_composition_cec2022,cec2022,6,20,GF:Stripped@competition,19,1392080874562789470,1000000,1000000,1817.5076363780656,17.507636378065627,17.507636378065627,23.524329514009878
E8_composition_cec2022,cec2022,6,20,GF:Stripped@competition,20,2890445596927066133,1000000,1000000,1801.3844306441306,1.384430644130589,1.384430644130589,23.835719480994157
E8_composition_cec2022,cec2022,6,20,GF:Stripped@competition,21,3190592442880409829,1000000,1000000,1801.157506452229,1.1575064522289722,1.1575064522289722,24.465370672987774
E8_composition_cec2022,cec2022,6,20,GF:Stripped@competition,22,2601754078080105573,1000000,1000000,1815.329192883991,15.329192883991027,15.329192883991027,23.883388960035518
E8_composition_cec2022,cec2022,6,20,GF:Stripped@competition,23,2007310512082786409,1000000,1000000,1805.7092005209738,5.709200520973809,5.709200520973809,24.47408945602365
E8_composition_cec2022,cec2022,6,20,GF:Stripped@competition,24,8131204345085764341,1000000,1000000,1804.3548338565936,4.3548338565935865,4.3548338565935865,24.676051238027867
E8_composition_cec2022,cec2022,6,20,GF:Stripped@competition,25,6325008586972816562,1000000,1000000,1800.2804662842896,0.28046628428955955,0.28046628428955955,23.28405743604526
E8_composition_cec2022,cec2022,6,20,GF:Stripped@competition,26,986534479919075874,1000000,1000000,1801.2060432099167,1.2060432099167429,1.2060432099167429,24.375381938996725
E8_composition_cec2022,cec2022,6,20,GF:Stripped@competition,27,8128849513186633152,1000000,1000000,1801.7510460201136,1.751046020113563,1.751046020113563,24.639600621012505
E8_composition_cec2022,cec2022,6,20,GF:Stripped@competition,28,4731254878881275035,1000000,1000000,1838.0829547192786,38.08295471927863,38.08295471927863,23.96100887499051
E8_composition_cec2022,cec2022,6,20,GF:Stripped@competition,29,7872821486461236464,1000000,1000000,1811.920459122398,11.920459122397915,11.920459122397915,23.975220470980275
E8_composition_cec2022,cec2022,9,20,GF:Stripped@competition,0,8647197999596726885,1000000,1000000,2480.7812716777466,180.78127167774664,180.78127167774664,33.03194171603536
E8_composition_cec2022,cec2022,9,20,GF:Stripped@competition,1,8488658191269586852,1000000,1000000,2480.7812716777466,180.78127167774664,180.78127167774664,29.574581886990927
E8_composition_cec2022,cec2022,9,20,GF:Stripped@competition,2,5138263021286084059,1000000,1000000,2480.7812716777466,180.78127167774664,180.78127167774664,29.296462433005217
E8_composition_cec2022,cec2022,9,20,GF:Stripped@competition,3,6189850355601316911,1000000,1000000,2480.7812716777466,180.78127167774664,180.78127167774664,30.269520010973793
E8_composition_cec2022,cec2022,9,20,GF:Stripped@competition,4,4899210427210737005,1000000,1000000,2480.7812716777466,180.78127167774664,180.78127167774664,28.67109277099371
E8_composition_cec2022,cec2022,9,20,GF:Stripped@competition,5,3948110015506149785,1000000,1000000,2480.7812716777466,180.78127167774664,180.78127167774664,27.043498623999767
E8_composition_cec2022,cec2022,9,20,GF:Stripped@competition,6,7178452558572662594,1000000,1000000,2480.7812716777466,180.78127167774664,180.78127167774664,25.774746695999056
E8_composition_cec2022,cec2022,9,20,GF:Stripped@competition,7,6751341764792026789,1000000,1000000,2480.7812716777466,180.78127167774664,180.78127167774664,25.852656263043173
E8_composition_cec2022,cec2022,9,20,GF:Stripped@competition,8,8360432536616659660,1000000,1000000,2480.7812716777466,180.78127167774664,180.78127167774664,25.430654962023254
E8_composition_cec2022,cec2022,9,20,GF:Stripped@competition,9,4208313326969725531,1000000,1000000,2480.7812716777466,180.78127167774664,180.78127167774664,25.031517023977358
E8_composition_cec2022,cec2022,9,20,GF:Stripped@competition,10,1203999029637761148,1000000,1000000,2480.7812716777466,180.78127167774664,180.78127167774664,25.285927269025706
E8_composition_cec2022,cec2022,9,20,GF:Stripped@competition,11,6486068685236582799,1000000,1000000,2480.7812716777466,180.78127167774664,180.78127167774664,25.16339451598469
E8_composition_cec2022,cec2022,9,20,GF:Stripped@competition,12,4485483534615051240,1000000,1000000,2480.7812716777466,180.78127167774664,180.78127167774664,25.592979630979244
E8_composition_cec2022,cec2022,9,20,GF:Stripped@competition,13,6982984433583563288,1000000,1000000,2480.7812716777466,180.78127167774664,180.78127167774664,25.33025075297337
E8_composition_cec2022,cec2022,9,20,GF:Stripped@competition,14,844352167503864709,1000000,1000000,2480.7812716777466,180.78127167774664,180.78127167774664,25.665462790988386
E8_composition_cec2022,cec2022,9,20,GF:Stripped@competition,15,5257603576416945929,1000000,1000000,2480.7812716777466,180.78127167774664,180.78127167774664,25.277504181023687
E8_composition_cec2022,cec2022,9,20,GF:Stripped@competition,16,8896736450210094148,1000000,1000000,2480.7812716777466,180.78127167774664,180.78127167774664,25.877621829975396
E8_composition_cec2022,cec2022,9,20,GF:Stripped@competition,17,5927207183401678209,1000000,1000000,2480.7812716777466,180.78127167774664,180.78127167774664,25.68863292899914
E8_composition_cec2022,cec2022,9,20,GF:Stripped@competition,18,9071467905602457428,1000000,1000000,2480.7812716777466,180.78127167774664,180.78127167774664,25.332889321958646
E8_composition_cec2022,cec2022,9,20,GF:Stripped@competition,19,4597173149511426639,1000000,1000000,2480.7812716777466,180.78127167774664,180.78127167774664,25.467826341977343
E8_composition_cec2022,cec2022,9,20,GF:Stripped@competition,20,8942697025084705372,1000000,1000000,2480.7812716777466,180.78127167774664,180.78127167774664,25.508381326973904
E8_composition_cec2022,cec2022,9,20,GF:Stripped@competition,21,3664510635202582547,1000000,1000000,2480.7812716777466,180.78127167774664,180.78127167774664,25.416280601988547
E8_composition_cec2022,cec2022,9,20,GF:Stripped@competition,22,3927354939565519056,1000000,1000000,2480.7812716777466,180.78127167774664,180.78127167774664,25.85551577701699
E8_composition_cec2022,cec2022,9,20,GF:Stripped@competition,23,2745908015977495365,1000000,1000000,2480.7812716777466,180.78127167774664,180.78127167774664,26.69537616102025
E8_composition_cec2022,cec2022,9,20,GF:Stripped@competition,24,1131481027149229886,1000000,1000000,2480.7812716777466,180.78127167774664,180.78127167774664,25.98848756100051
E8_composition_cec2022,cec2022,9,20,GF:Stripped@competition,25,7579093422529310530,1000000,1000000,2480.7812716777466,180.78127167774664,180.78127167774664,25.78691191301914
E8_composition_cec2022,cec2022,9,20,GF:Stripped@competition,26,5916873725371374414,1000000,1000000,2480.7812716777466,180.78127167774664,180.78127167774664,25.461705121037085
E8_composition_cec2022,cec2022,9,20,GF:Stripped@competition,27,856334021019184487,1000000,1000000,2480.7812716777466,180.78127167774664,180.78127167774664,26.031332421989646
E8_composition_cec2022,cec2022,9,20,GF:Stripped@competition,28,7549389157222216866,1000000,1000000,2480.7812716777466,180.78127167774664,180.78127167774664,24.474082413013093
E8_composition_cec2022,cec2022,9,20,GF:Stripped@competition,29,5898480379267121414,1000000,1000000,2480.7812716777466,180.78127167774664,180.78127167774664,25.233066462969873
E8_composition_cec2022,cec2022,3,20,GF:Stripped@competition,0,7238481609097162697,1000000,1000000,600.0000000000001,0.0,1.1368683772161603e-13,41.72348879702622
E8_composition_cec2022,cec2022,3,20,GF:Stripped@competition,1,4041691895009458297,1000000,1000000,600.0000000000001,0.0,1.1368683772161603e-13,32.32767132803565
E8_composition_cec2022,cec2022,3,20,GF:Stripped@competition,2,4254563173327383,1000000,1000000,600.0,0.0,0.0,28.050770976988133
E8_composition_cec2022,cec2022,3,20,GF:Stripped@competition,3,5525217160733300190,1000000,1000000,600.0000000000001,0.0,1.1368683772161603e-13,33.446053280029446
E8_composition_cec2022,cec2022,3,20,GF:Stripped@competition,4,8903557513901855543,1000000,1000000,600.0000000000001,0.0,1.1368683772161603e-13,29.689342183002736
E8_composition_cec2022,cec2022,3,20,GF:Stripped@competition,5,3741357951604732982,1000000,1000000,600.0000000000001,0.0,1.1368683772161603e-13,28.75286715797847
E8_composition_cec2022,cec2022,3,20,GF:Stripped@competition,6,7441021205385774448,1000000,1000000,600.0000000000001,0.0,1.1368683772161603e-13,25.678944368031807
E8_composition_cec2022,cec2022,3,20,GF:Stripped@competition,7,8928168476594292277,1000000,1000000,600.0,0.0,0.0,25.493738933000714
E8_composition_cec2022,cec2022,3,20,GF:Stripped@competition,8,1172375525659313542,1000000,1000000,600.0000000000001,0.0,1.1368683772161603e-13,25.741864511044696
E8_composition_cec2022,cec2022,3,20,GF:Stripped@competition,9,4617655288786950924,1000000,1000000,600.0000000000001,0.0,1.1368683772161603e-13,25.55112449696753
E8_composition_cec2022,cec2022,3,20,GF:Stripped@competition,10,505955364415537193,1000000,1000000,600.0,0.0,0.0,25.662713113997597
E8_composition_cec2022,cec2022,3,20,GF:Stripped@competition,11,2314093630780316996,1000000,1000000,600.0000000000001,0.0,1.1368683772161603e-13,26.41170304903062
E8_composition_cec2022,cec2022,3,20,GF:Stripped@competition,12,384024819379793620,1000000,1000000,600.0000000000001,0.0,1.1368683772161603e-13,26.01695928303525
E8_composition_cec2022,cec2022,3,20,GF:Stripped@competition,13,6307237708855303189,1000000,1000000,600.0000000000001,0.0,1.1368683772161603e-13,25.625821500027087
E8_composition_cec2022,cec2022,3,20,GF:Stripped@competition,14,2929393973021433431,1000000,1000000,600.0000000000001,0.0,1.1368683772161603e-13,25.750767649966292
E8_composition_cec2022,cec2022,3,20,GF:Stripped@competition,15,4045529015148834455,1000000,1000000,600.0,0.0,0.0,25.786869183008093
E8_composition_cec2022,cec2022,3,20,GF:Stripped@competition,16,1432696560549019918,1000000,1000000,600.0000000000001,0.0,1.1368683772161603e-13,25.75748933700379
E8_composition_cec2022,cec2022,3,20,GF:Stripped@competition,17,6833013008568247826,1000000,1000000,600.0000000000001,0.0,1.1368683772161603e-13,26.51788066799054
E8_composition_cec2022,cec2022,3,20,GF:Stripped@competition,18,5252398877090975217,1000000,1000000,600.0000000000001,0.0,1.1368683772161603e-13,25.681966466014273
E8_composition_cec2022,cec2022,3,20,GF:Stripped@competition,19,2183522433380188866,1000000,1000000,600.0,0.0,0.0,25.660833709000144
E8_composition_cec2022,cec2022,3,20,GF:Stripped@competition,20,274648734688972674,1000000,1000000,600.0,0.0,0.0,25.81961200502701
E8_composition_cec2022,cec2022,3,20,GF:Stripped@competition,21,706361536550478306,1000000,1000000,600.0,0.0,0.0,25.97388048400171
E8_composition_cec2022,cec2022,3,20,GF:Stripped@competition,22,4291357009748700764,1000000,1000000,600.0000000000001,0.0,1.1368683772161603e-13,26.251425149966963
E8_composition_cec2022,cec2022,3,20,GF:Stripped@competition,23,8266242371727011356,1000000,1000000,600.0,0.0,0.0,26.64155388000654
E8_composition_cec2022,cec2022,3,20,GF:Stripped@competition,24,917441692525484358,1000000,1000000,600.0,0.0,0.0,26.576704357983544
E8_composition_cec2022,cec2022,3,20,GF:Stripped@competition,25,8682326032930855867,1000000,1000000,600.0,0.0,0.0,26.129901268985122
E8_composition_cec2022,cec2022,3,20,GF:Stripped@competition,26,3422685499747610309,1000000,1000000,600.0000000000001,0.0,1.1368683772161603e-13,26.321820403973106
E8_composition_cec2022,cec2022,3,20,GF:Stripped@competition,27,6768319264733146223,1000000,1000000,600.0000000000001,0.0,1.1368683772161603e-13,26.377223008021247
E8_composition_cec2022,cec2022,3,20,GF:Stripped@competition,28,7513234640634905450,1000000,1000000,600.0,0.0,0.0,26.028439685003832
E8_composition_cec2022,cec2022,3,20,GF:Stripped@competition,29,3080370030226421609,1000000,1000000,600.0,0.0,0.0,25.597006433003116
E8_composition_cec2022,cec2022,10,20,GF:Stripped@competition,0,1719650195129805277,1000000,1000000,2400.0,0.0,0.0,30.52897593099624
E8_composition_cec2022,cec2022,10,20,GF:Stripped@competition,1,9148398252011710328,1000000,1000000,2500.3924664103165,100.3924664103165,100.3924664103165,30.945299343031365
E8_composition_cec2022,cec2022,10,20,GF:Stripped@competition,2,7404135331858737903,1000000,1000000,2500.3207610133163,100.32076101331631,100.32076101331631,30.444235971022863
E8_composition_cec2022,cec2022,10,20,GF:Stripped@competition,3,6479050569302660980,1000000,1000000,2500.421867704251,100.42186770425087,100.42186770425087,30.471337702998426
E8_composition_cec2022,cec2022,10,20,GF:Stripped@competition,4,1785945873328269351,1000000,1000000,2400.0312300982473,0.03123009824730616,0.03123009824730616,31.220555376028642
E8_composition_cec2022,cec2022,10,20,GF:Stripped@competition,5,8968350548769235756,1000000,1000000,2500.36230372054,100.36230372053978,100.36230372053978,28.427953374979552
E8_composition_cec2022,cec2022,10,20,GF:Stripped@competition,6,1678891829930780975,1000000,1000000,2500.328142123562,100.32814212356197,100.32814212356197,26.618027844990138
E8_composition_cec2022,cec2022,10,20,GF:Stripped@competition,7,4456328530236888649,1000000,1000000,2400.0,0.0,0.0,25.737929180962965
E8_composition_cec2022,cec2022,10,20,GF:Stripped@competition,8,5863226547935551922,1000000,1000000,2500.4314189553024,100.43141895530243,100.43141895530243,26.821787788998336
E8_composition_cec2022,cec2022,10,20,GF:Stripped@competition,9,2957240410132416636,1000000,1000000,2500.34120979407,100.34120979406998,100.34120979406998,26.318148507969454
E8_composition_cec2022,cec2022,10,20,GF:Stripped@competition,10,8518363115481755298,1000000,1000000,2500.428259340125,100.4282593401249,100.4282593401249,25.93899426003918
E8_composition_cec2022,cec2022,10,20,GF:Stripped@competition,11,487323584738467845,1000000,1000000,2500.381491801061,100.3814918010612,100.3814918010612,26.43260735803051
E8_composition_cec2022,cec2022,10,20,GF:Stripped@competition,12,7321844190739101517,1000000,1000000,2500.2706030928944,100.27060309289436,100.27060309289436,26.222375773999374
E8_composition_cec2022,cec2022,10,20,GF:Stripped@competition,13,6127441184731207702,1000000,1000000,2400.0,0.0,0.0,25.404818512964994
E8_composition_cec2022,cec2022,10,20,GF:Stripped@competition,14,4381163715069102603,1000000,1000000,2500.4005890162575,100.40058901625753,100.40058901625753,25.995683418004774
E8_composition_cec2022,cec2022,10,20,GF:Stripped@competition,15,8190489379271858734,1000000,1000000,2500.3866145072725,100.3866145072725,100.3866145072725,26.045377113041468
E8_composition_cec2022,cec2022,10,20,GF:Stripped@competition,16,4402470370819161184,1000000,1000000,2500.477373894411,100.4773738944109,100.4773738944109,26.414765644003637
E8_composition_cec2022,cec2022,10,20,GF:Stripped@competition,17,7530875578411028039,1000000,1000000,2400.0,0.0,0.0,25.771920074010268
E8_composition_cec2022,cec2022,10,20,GF:Stripped@competition,18,5560399843809013436,1000000,1000000,2400.0312321630176,0.031232163017648418,0.031232163017648418,25.94170171901351
E8_composition_cec2022,cec2022,10,20,GF:Stripped@competition,19,8137628309778784631,1000000,1000000,2500.31843172095,100.31843172094977,100.31843172094977,26.252997318981215
E8_composition_cec2022,cec2022,10,20,GF:Stripped@competition,20,7178352022962561474,1000000,1000000,2400.0,0.0,0.0,25.106805827002972
E8_composition_cec2022,cec2022,10,20,GF:Stripped@competition,21,709375033484993040,1000000,1000000,2500.3699817193465,100.36998171934647,100.36998171934647,25.59518240299076
E8_composition_cec2022,cec2022,10,20,GF:Stripped@competition,22,3482635251176097239,1000000,1000000,2500.2765180292763,100.2765180292763,100.2765180292763,25.870092116005253
E8_composition_cec2022,cec2022,10,20,GF:Stripped@competition,23,5752231505214471296,1000000,1000000,2500.2908684707572,100.29086847075723,100.29086847075723,26.79850192402955
E8_composition_cec2022,cec2022,10,20,GF:Stripped@competition,24,8981293580383120425,1000000,1000000,2500.405073735708,100.4050737357079,100.4050737357079,26.849215723981615
E8_composition_cec2022,cec2022,10,20,GF:Stripped@competition,25,3642551169451989817,1000000,1000000,2500.4283699893163,100.42836998931625,100.42836998931625,26.439739123976324
E8_composition_cec2022,cec2022,10,20,GF:Stripped@competition,26,6074133039738549537,1000000,1000000,2400.0,0.0,0.0,25.964935626951046
E8_composition_cec2022,cec2022,10,20,GF:Stripped@competition,27,5152929991113679524,1000000,1000000,2500.3974108646466,100.39741086464664,100.39741086464664,26.23964150896063
E8_composition_cec2022,cec2022,10,20,GF:Stripped@competition,28,8715107912559579346,1000000,1000000,2500.337199594905,100.33719959490509,100.33719959490509,25.611970439960714
E8_composition_cec2022,cec2022,10,20,GF:Stripped@competition,29,5096682954250204927,1000000,1000000,2500.4216427308374,100.42164273083745,100.42164273083745,25.633197192975786
E8_composition_cec2022,cec2022,11,20,GF:Stripped@competition,0,7268701115333342495,1000000,1000000,2900.0,300.0,300.0,35.14065739099169
E8_composition_cec2022,cec2022,11,20,GF:Stripped@competition,1,4639044688325201442,1000000,1000000,2900.0,300.0,300.0,32.708327451953664
E8_composition_cec2022,cec2022,11,20,GF:Stripped@competition,2,5332290983469806643,1000000,1000000,2900.0,300.0,300.0,30.856859043007717
E8_composition_cec2022,cec2022,11,20,GF:Stripped@competition,3,4710657940546089482,1000000,1000000,2900.0,300.0,300.0,32.57772846799344
E8_composition_cec2022,cec2022,11,20,GF:Stripped@competition,4,9003976064040522098,1000000,1000000,2900.0,300.0,300.0,44.43939544801833
E8_composition_cec2022,cec2022,11,20,GF:Stripped@competition,5,4476419630783553063,1000000,1000000,2900.0,300.0,300.0,28.224968163005542
E8_composition_cec2022,cec2022,11,20,GF:Stripped@competition,6,1937175503891291529,1000000,1000000,2900.0,300.0,300.0,28.207296809006948
E8_composition_cec2022,cec2022,11,20,GF:Stripped@competition,7,4370141807389862709,1000000,1000000,2900.0,300.0,300.0,27.63021519704489
E8_composition_cec2022,cec2022,11,20,GF:Stripped@competition,8,1101907332094624174,1000000,1000000,2900.0,300.0,300.0,28.18652344599832
E8_composition_cec2022,cec2022,11,20,GF:Stripped@competition,9,6354848930593411707,1000000,1000000,2900.0,300.0,300.0,28.265751927974634
E8_composition_cec2022,cec2022,11,20,GF:Stripped@competition,10,6936021259495647583,1000000,1000000,2900.0,300.0,300.0,27.625636469048914
E8_composition_cec2022,cec2022,11,20,GF:Stripped@competition,11,2505885991685333426,1000000,1000000,2900.0000000000005,300.00000000000045,300.00000000000045,27.770707245974336
E8_composition_cec2022,cec2022,11,20,GF:Stripped@competition,12,6985451963942878308,1000000,1000000,2900.0,300.0,300.0,28.06941396399634
E8_composition_cec2022,cec2022,11,20,GF:Stripped@competition,13,1474231560528161340,1000000,1000000,2900.0,300.0,300.0,27.06737180001801
E8_composition_cec2022,cec2022,11,20,GF:Stripped@competition,14,1547975005901001415,1000000,1000000,2900.0000000000005,300.00000000000045,300.00000000000045,27.621496804000344
E8_composition_cec2022,cec2022,11,20,GF:Stripped@competition,15,5098746341250123249,1000000,1000000,2900.0,300.0,300.0,27.64134777802974
E8_composition_cec2022,cec2022,11,20,GF:Stripped@competition,16,6346139172270322749,1000000,1000000,2900.0,300.0,300.0,27.899621978984214
E8_composition_cec2022,cec2022,11,20,GF:Stripped@competition,17,428330962767763227,1000000,1000000,2900.0,300.0,300.0,27.621537411003374
E8_composition_cec2022,cec2022,11,20,GF:Stripped@competition,18,6088597183985311113,1000000,1000000,2900.0,300.0,300.0,28.37609896605136
E8_composition_cec2022,cec2022,11,20,GF:Stripped@competition,19,9166534292930962836,1000000,1000000,2900.0,300.0,300.0,27.189488463976886
E8_composition_cec2022,cec2022,11,20,GF:Stripped@competition,20,1196894950244604782,1000000,1000000,2900.0,300.0,300.0,27.77070667501539
E8_composition_cec2022,cec2022,11,20,GF:Stripped@competition,21,6430364885773556037,1000000,1000000,2900.0,300.0,300.0,27.51471021398902
E8_composition_cec2022,cec2022,11,20,GF:Stripped@competition,22,8959473222578282832,1000000,1000000,2900.0,300.0,300.0,27.94424344203435
E8_composition_cec2022,cec2022,11,20,GF:Stripped@competition,23,1544283003850601497,1000000,1000000,2900.0,300.0,300.0,28.15197021799395
E8_composition_cec2022,cec2022,11,20,GF:Stripped@competition,24,7087883931737274418,1000000,1000000,3000.0000000000005,400.00000000000045,400.00000000000045,27.551403896999545
E8_composition_cec2022,cec2022,11,20,GF:Stripped@competition,25,366076371436323757,1000000,1000000,2900.0,300.0,300.0,27.21691117802402
E8_composition_cec2022,cec2022,11,20,GF:Stripped@competition,26,2161760740792304996,1000000,1000000,2900.0,300.0,300.0,27.012903699011076
E8_composition_cec2022,cec2022,11,20,GF:Stripped@competition,27,4612112489792368500,1000000,1000000,2900.0,300.0,300.0,26.93912424700102
E8_composition_cec2022,cec2022,11,20,GF:Stripped@competition,28,4532600718632608262,1000000,1000000,2900.0,300.0,300.0,26.803186059987638
E8_composition_cec2022,cec2022,11,20,GF:Stripped@competition,29,8752179534664689424,1000000,1000000,2900.0,300.0,300.0,26.863680134003516
E8_composition_cec2022,cec2022,12,20,GF:Stripped@competition,0,5998110469054037411,1000000,1000000,2939.441795897301,239.44179589730084,239.44179589730084,41.28422164201038
E8_composition_cec2022,cec2022,12,20,GF:Stripped@competition,1,7703225374752063714,1000000,1000000,2942.1145930282437,242.1145930282437,242.1145930282437,37.26156676700339
E8_composition_cec2022,cec2022,12,20,GF:Stripped@competition,2,8466646225763675667,1000000,1000000,2934.7359912703178,234.73599127031775,234.73599127031775,34.58621769701131
E8_composition_cec2022,cec2022,12,20,GF:Stripped@competition,3,9035859123747225049,1000000,1000000,2933.9839607382737,233.9839607382737,233.9839607382737,37.50612048601033
E8_composition_cec2022,cec2022,12,20,GF:Stripped@competition,4,3560771968764551173,1000000,1000000,2937.1170098048356,237.11700980483556,237.11700980483556,31.10017129202606
E8_composition_cec2022,cec2022,12,20,GF:Stripped@competition,5,2469752369679737422,1000000,1000000,2940.044050764473,240.044050764473,240.044050764473,28.06332387099974
E8_composition_cec2022,cec2022,12,20,GF:Stripped@competition,6,1781279821068076644,1000000,1000000,2937.368369665703,237.36836966570309,237.36836966570309,28.13582329201745
E8_composition_cec2022,cec2022,12,20,GF:Stripped@competition,7,3461835969868333330,1000000,1000000,2933.9839607382737,233.9839607382737,233.9839607382737,28.23379115201533
E8_composition_cec2022,cec2022,12,20,GF:Stripped@competition,8,105619126197527936,1000000,1000000,2937.1170098048356,237.11700980483556,237.11700980483556,28.48061817395501
E8_composition_cec2022,cec2022,12,20,GF:Stripped@competition,9,5988003409111001164,1000000,1000000,2935.6549204112753,235.65492041127527,235.65492041127527,28.486007473024074
E8_composition_cec2022,cec2022,12,20,GF:Stripped@competition,10,7710227338750867464,1000000,1000000,2939.441795897301,239.44179589730084,239.44179589730084,28.69571719603846
E8_composition_cec2022,cec2022,12,20,GF:Stripped@competition,11,91270743324304617,1000000,1000000,2931.063628153437,231.0636281534371,231.0636281534371,28.97475645598024
E8_composition_cec2022,cec2022,12,20,GF:Stripped@competition,12,4193767322759300882,1000000,1000000,2933.9839607382737,233.9839607382737,233.9839607382737,27.937036213988904
E8_composition_cec2022,cec2022,12,20,GF:Stripped@competition,13,2571452789438673801,1000000,1000000,2933.974300946189,233.97430094618903,233.97430094618903,27.94434927002294
E8_composition_cec2022,cec2022,12,20,GF:Stripped@competition,14,6771438927617799675,1000000,1000000,2933.9839607382737,233.9839607382737,233.9839607382737,28.184864403971005
E8_composition_cec2022,cec2022,12,20,GF:Stripped@competition,15,2704390046385964995,1000000,1000000,2940.5061762980527,240.50617629805265,240.50617629805265,28.08830227103317
E8_composition_cec2022,cec2022,12,20,GF:Stripped@competition,16,9111240840618996187,1000000,1000000,2932.4577019655744,232.45770196557442,232.45770196557442,27.94149768195348
E8_composition_cec2022,cec2022,12,20,GF:Stripped@competition,17,3747762759299154075,1000000,1000000,2933.9839607382737,233.9839607382737,233.9839607382737,28.590260349970777
E8_composition_cec2022,cec2022,12,20,GF:Stripped@competition,18,8504798195929912131,1000000,1000000,2940.1222559052417,240.12225590524167,240.12225590524167,28.09089121699799
E8_composition_cec2022,cec2022,12,20,GF:Stripped@competition,19,4449132991409155994,1000000,1000000,2931.9506376332592,231.95063763325925,231.95063763325925,28.26804874598747
E8_composition_cec2022,cec2022,12,20,GF:Stripped@competition,20,3204679705007850917,1000000,1000000,2939.950078133067,239.9500781330671,239.9500781330671,28.34916122199502
E8_composition_cec2022,cec2022,12,20,GF:Stripped@competition,21,1331520230060807442,1000000,1000000,2942.2764249602114,242.27642496021144,242.27642496021144,28.645687200012617
E8_composition_cec2022,cec2022,12,20,GF:Stripped@competition,22,1688563368556471569,1000000,1000000,2939.105327426364,239.10532742636406,239.10532742636406,28.73793595202733
E8_composition_cec2022,cec2022,12,20,GF:Stripped@competition,23,1717265982531576976,1000000,1000000,2933.974300946189,233.97430094618903,233.97430094618903,28.630984232004266
E8_composition_cec2022,cec2022,12,20,GF:Stripped@competition,24,2344970212696655390,1000000,1000000,2935.8637408108316,235.8637408108316,235.8637408108316,28.858786371012684
E8_composition_cec2022,cec2022,12,20,GF:Stripped@competition,25,910554564265413050,1000000,1000000,2931.9506376332592,231.95063763325925,231.95063763325925,27.389974909019656
E8_composition_cec2022,cec2022,12,20,GF:Stripped@competition,26,5883469636160887450,1000000,1000000,2940.044050764473,240.044050764473,240.044050764473,28.154165735002607
E8_composition_cec2022,cec2022,12,20,GF:Stripped@competition,27,8753392556683871650,1000000,1000000,2931.9506376332592,231.95063763325925,231.95063763325925,27.804214852978475
E8_composition_cec2022,cec2022,12,20,GF:Stripped@competition,28,7042276650801743330,1000000,1000000,2933.478363298428,233.47836329842812,233.47836329842812,28.915598438994493
E8_composition_cec2022,cec2022,12,20,GF:Stripped@competition,29,5455046815696393466,1000000,1000000,2931.9506376332592,231.95063763325925,231.95063763325925,27.640481351991184
E8_composition_cec2022,cec2022,7,20,GF:Stripped@competition,0,5052470406170030345,1000000,1000000,2002.5626256143285,2.5626256143284536,2.5626256143284536,34.21875729400199
E8_composition_cec2022,cec2022,7,20,GF:Stripped@competition,1,5505395894310880905,1000000,1000000,2006.6178493718592,6.617849371859165,6.617849371859165,41.31621127203107
E8_composition_cec2022,cec2022,7,20,GF:Stripped@competition,2,4582882868305854482,1000000,1000000,2021.218961395002,21.218961395001998,21.218961395001998,32.389992147975136
E8_composition_cec2022,cec2022,7,20,GF:Stripped@competition,3,5100103552486974269,1000000,1000000,2021.9781726099025,21.978172609902458,21.978172609902458,33.100613958959
E8_composition_cec2022,cec2022,7,20,GF:Stripped@competition,4,6598829751456063622,1000000,1000000,2016.1278626319247,16.1278626319247,16.1278626319247,33.82333209901117
E8_composition_cec2022,cec2022,7,20,GF:Stripped@competition,5,3335027800232407233,1000000,1000000,2021.791806605137,21.791806605137026,21.791806605137026,29.643170161987655
E8_composition_cec2022,cec2022,7,20,GF:Stripped@competition,6,5588746177540077112,1000000,1000000,2017.1292962582036,17.129296258203567,17.129296258203567,29.079618286981713
E8_composition_cec2022,cec2022,7,20,GF:Stripped@competition,7,2670566956199677490,1000000,1000000,2001.398633352307,1.398633352306888,1.398633352306888,28.231051562994253
E8_composition_cec2022,cec2022,7,20,GF:Stripped@competition,8,139324026561260227,1000000,1000000,2005.490228189455,5.4902281894549105,5.4902281894549105,28.70566152804531
E8_composition_cec2022,cec2022,7,20,GF:Stripped@competition,9,4438084601935504159,1000000,1000000,2004.4512430961058,4.451243096105827,4.451243096105827,28.70568879903294
E8_composition_cec2022,cec2022,7,20,GF:Stripped@competition,10,1149762215822372801,1000000,1000000,2013.3950068157458,13.395006815745774,13.395006815745774,29.149577862990554
E8_composition_cec2022,cec2022,7,20,GF:Stripped@competition,11,221476998010733197,1000000,1000000,2015.3103754415804,15.31037544158039,15.31037544158039,28.05964646395296
E8_composition_cec2022,cec2022,7,20,GF:Stripped@competition,12,4693869400912142849,1000000,1000000,2007.5841981584185,7.5841981584185305,7.5841981584185305,28.203264105017297
E8_composition_cec2022,cec2022,7,20,GF:Stripped@competition,13,242068172693279283,1000000,1000000,2004.0172240659774,4.017224065977416,4.017224065977416,28.280005962995347
E8_composition_cec2022,cec2022,7,20,GF:Stripped@competition,14,5076417634358666412,1000000,1000000,2010.8474389733337,10.847438973333738,10.847438973333738,29.478005126002245
E8_composition_cec2022,cec2022,7,20,GF:Stripped@competition,15,8973251554287901776,1000000,1000000,2021.1003272647458,21.10032726474583,21.10032726474583,29.730897865025327
E8_composition_cec2022,cec2022,7,20,GF:Stripped@competition,16,888254790906068287,1000000,1000000,2005.9665725175284,5.966572517528448,5.966572517528448,29.94575078599155
E8_composition_cec2022,cec2022,7,20,GF:Stripped@competition,17,3748919884100232989,1000000,1000000,2021.1372348883872,21.137234888387184,21.137234888387184,29.765264943998773
E8_composition_cec2022,cec2022,7,20,GF:Stripped@competition,18,2818751693505300556,1000000,1000000,2022.2296285364234,22.229628536423434,22.229628536423434,29.875257848005276
E8_composition_cec2022,cec2022,7,20,GF:Stripped@competition,19,7477164352307204291,1000000,1000000,2020.6306283762185,20.63062837621851,20.63062837621851,29.41207735100761
E8_composition_cec2022,cec2022,7,20,GF:Stripped@competition,20,9087911583670509552,1000000,1000000,2001.494946177411,1.494946177411066,1.494946177411066,28.718192661996
E8_composition_cec2022,cec2022,7,20,GF:Stripped@competition,21,2894509866876047984,1000000,1000000,2021.5879243831134,21.58792438311343,21.58792438311343,29.512015426007565
E8_composition_cec2022,cec2022,7,20,GF:Stripped@competition,22,8523008004434449579,1000000,1000000,2012.3685754643243,12.368575464324294,12.368575464324294,29.818149274971802
E8_composition_cec2022,cec2022,7,20,GF:Stripped@competition,23,1311497257487219539,1000000,1000000,2010.7676570089357,10.767657008935657,10.767657008935657,30.496266961970832
E8_composition_cec2022,cec2022,7,20,GF:Stripped@competition,24,3011718267254432744,1000000,1000000,2022.1218102473385,22.121810247338544,22.121810247338544,28.086548070947174
E8_composition_cec2022,cec2022,7,20,GF:Stripped@competition,25,3040715503358476690,1000000,1000000,2003.6367523555925,3.6367523555925345,3.6367523555925345,28.566138345981017
E8_composition_cec2022,cec2022,7,20,GF:Stripped@competition,26,9098707619392894082,1000000,1000000,2019.2478915201984,19.247891520198436,19.247891520198436,27.713841076008976
E8_composition_cec2022,cec2022,7,20,GF:Stripped@competition,27,1754647018173148520,1000000,1000000,2006.2813556593564,6.28135565935645,6.28135565935645,27.730882048024796
E8_composition_cec2022,cec2022,7,20,GF:Stripped@competition,28,5301843159838939320,1000000,1000000,2006.3519477605578,6.351947760557778,6.351947760557778,27.775382714986335
E8_composition_cec2022,cec2022,7,20,GF:Stripped@competition,29,166263224456248612,1000000,1000000,2009.5447588898705,9.544758889870536,9.544758889870536,27.51729783799965
E8_composition_cec2022,cec2022,8,20,GF:Stripped@competition,0,2114187840880174474,1000000,1000000,2220.3935513965516,20.39355139655163,20.39355139655163,36.24106240598485
E8_composition_cec2022,cec2022,8,20,GF:Stripped@competition,1,449727809103522233,1000000,1000000,2220.717127219561,20.717127219561007,20.717127219561007,33.73425236903131
E8_composition_cec2022,cec2022,8,20,GF:Stripped@competition,2,504176322617358352,1000000,1000000,2220.2247430265347,20.224743026534725,20.224743026534725,37.07840921502793
E8_composition_cec2022,cec2022,8,20,GF:Stripped@competition,3,8220783807086747697,1000000,1000000,2220.225663522904,20.225663522904142,20.225663522904142,45.0948571000481
E8_composition_cec2022,cec2022,8,20,GF:Stripped@competition,4,4921869331567192833,1000000,1000000,2220.660231024207,20.66023102420695,20.66023102420695,32.23989092500415
E8_composition_cec2022,cec2022,8,20,GF:Stripped@competition,5,1972798603262858314,1000000,1000000,2220.528887022604,20.528887022604067,20.528887022604067,30.07456831698073
E8_composition_cec2022,cec2022,8,20,GF:Stripped@competition,6,3583429168475491727,1000000,1000000,2220.482142001746,20.48214200174607,20.48214200174607,29.741057730978355
E8_composition_cec2022,cec2022,8,20,GF:Stripped@competition,7,8500743067718283256,1000000,1000000,2220.4617237591087,20.461723759108736,20.461723759108736,29.357201445032842
E8_composition_cec2022,cec2022,8,20,GF:Stripped@competition,8,4146600464297606213,1000000,1000000,2220.3567570651767,20.35675706517668,20.35675706517668,29.93230784201296
E8_composition_cec2022,cec2022,8,20,GF:Stripped@competition,9,6324475186315259140,1000000,1000000,2220.9516647388255,20.951664738825457,20.951664738825457,29.717757278995123
E8_composition_cec2022,cec2022,8,20,GF:Stripped@competition,10,9142517948432720931,1000000,1000000,2220.4672994036687,20.467299403668676,20.467299403668676,30.697060102014802
E8_composition_cec2022,cec2022,8,20,GF:Stripped@competition,11,1048551335331729857,1000000,1000000,2220.882816080064,20.882816080064003,20.882816080064003,29.9169460789999
E8_composition_cec2022,cec2022,8,20,GF:Stripped@competition,12,657667559506789640,1000000,1000000,2220.6108368787623,20.610836878762257,20.610836878762257,29.78996789699886
E8_composition_cec2022,cec2022,8,20,GF:Stripped@competition,13,2599350969239555890,1000000,1000000,2220.2631584134206,20.26315841342057,20.26315841342057,29.971828198002186
E8_composition_cec2022,cec2022,8,20,GF:Stripped@competition,14,6039222239222418536,1000000,1000000,2220.6595179196947,20.659517919694736,20.659517919694736,29.470632147043943
E8_composition_cec2022,cec2022,8,20,GF:Stripped@competition,15,2093277340429772536,1000000,1000000,2220.546595860516,20.546595860515936,20.546595860515936,30.59612268197816
E8_composition_cec2022,cec2022,8,20,GF:Stripped@competition,16,3423151177895155450,1000000,1000000,2220.369247130441,20.36924713044118,20.36924713044118,30.537508525012527
E8_composition_cec2022,cec2022,8,20,GF:Stripped@competition,17,6921710225594188591,1000000,1000000,2220.68283349311,20.682833493110138,20.682833493110138,29.976548822014593
E8_composition_cec2022,cec2022,8,20,GF:Stripped@competition,18,756018920755586769,1000000,1000000,2220.7195982351586,20.719598235158628,20.719598235158628,30.19335527601652
E8_composition_cec2022,cec2022,8,20,GF:Stripped@competition,19,2122204809757224695,1000000,1000000,2220.6200505323427,20.620050532342702,20.620050532342702,30.6807444600272
E8_composition_cec2022,cec2022,8,20,GF:Stripped@competition,20,7469168079658198465,1000000,1000000,2220.5498484689233,20.5498484689233,20.5498484689233,30.269689269014634
E8_composition_cec2022,cec2022,8,20,GF:Stripped@competition,21,5404190803084679338,1000000,1000000,2220.560715478318,20.56071547831789,20.56071547831789,29.913755394984037
E8_composition_cec2022,cec2022,8,20,GF:Stripped@competition,22,848921833043139087,1000000,1000000,2220.476096111067,20.47609611106691,20.47609611106691,29.88333852501819
E8_composition_cec2022,cec2022,8,20,GF:Stripped@competition,23,4353731315641536329,1000000,1000000,2220.5620735796515,20.562073579651496,20.562073579651496,29.208881594007835
E8_composition_cec2022,cec2022,8,20,GF:Stripped@competition,24,6622154482793376811,1000000,1000000,2220.8037499797992,20.80374997979925,20.80374997979925,29.709100041014608
E8_composition_cec2022,cec2022,8,20,GF:Stripped@competition,25,1920139605036084886,1000000,1000000,2220.5847712843797,20.584771284379713,20.584771284379713,29.590640375972725
E8_composition_cec2022,cec2022,8,20,GF:Stripped@competition,26,7721125438956617247,1000000,1000000,2220.583884111187,20.583884111187217,20.583884111187217,29.189059616008308
E8_composition_cec2022,cec2022,8,20,GF:Stripped@competition,27,3304007259628521207,1000000,1000000,2220.649723161717,20.649723161716793,20.649723161716793,29.915393947972916
E8_composition_cec2022,cec2022,8,20,GF:Stripped@competition,28,8980987895538793225,1000000,1000000,2220.7087698508094,20.708769850809404,20.708769850809404,29.868578460998833
E8_composition_cec2022,cec2022,8,20,GF:Stripped@competition,29,2965947669528151285,1000000,1000000,2220.506318241235,20.50631824123502,20.50631824123502,30.006133090006188
