tag,suite,func,dim,algo,run,seed,max_fes,fes_used,best_f,error,raw_error,seconds
E1_cec2022_paper_budget,cec2022,1,10,DE,0,6542809396499260181,15000,15000,359.7638465477995,59.76384654779952,59.76384654779952,0.081062020995887
E1_cec2022_paper_budget,cec2022,1,10,DE,1,8241696523258966533,15000,15000,335.94602975565635,35.946029755656355,35.946029755656355,0.09304000702104531
E1_cec2022_paper_budget,cec2022,1,10,DE,2,2077827181424046618,15000,15000,363.3331838676796,63.33318386767962,63.33318386767962,0.04945938600576483
E1_cec2022_paper_budget,cec2022,1,10,DE,3,447869722933016706,15000,15000,319.20558767604706,19.20558767604706,19.20558767604706,0.04442543498589657
E1_cec2022_paper_budget,cec2022,1,10,DE,4,7125708003269852596,15000,15000,334.9824889177309,34.982488917730905,34.982488917730905,0.04468225600430742
E1_cec2022_paper_budget,cec2022,1,10,DE,5,3402765166613226573,15000,15000,368.8128720850261,68.81287208502607,68.81287208502607,0.038624604989308864
E1_cec2022_paper_budget,cec2022,1,10,DE,6,8408424961890254890,15000,15000,319.63693122824765,19.636931228247647,19.636931228247647,0.0377579590131063
E1_cec2022_paper_budget,cec2022,1,10,DE,7,6154011155338492704,15000,15000,343.4501074553359,43.45010745533591,43.45010745533591,0.040082930005155504
E1_cec2022_paper_budget,cec2022,1,10,DE,8,689451682345407434,15000,15000,350.9330336651033,50.93303366510332,50.93303366510332,0.038000063999788836
E1_cec2022_paper_budget,cec2022,1,10,DE,9,5748623805857922640,15000,15000,372.1177812992909,72.11778129929093,72.11778129929093,0.03770726500079036
E1_cec2022_paper_budget,cec2022,1,10,DE,10,6829108751838465389,15000,15000,361.47368023498717,61.47368023498717,61.47368023498717,0.04399107999051921
E1_cec2022_paper_budget,cec2022,1,10,DE,11,48588628350955647,15000,15000,355.78654995203834,55.78654995203834,55.78654995203834,0.04525507101789117
E1_cec2022_paper_budget,cec2022,1,10,DE,12,6577023222868455109,15000,15000,365.8765159562429,65.87651595624288,65.87651595624288,0.04407999699469656
E1_cec2022_paper_budget,cec2022,1,10,DE,13,9189778275279207587,15000,15000,356.9165511963164,56.91655119631639,56.91655119631639,0.04498555502505042
E1_cec2022_paper_budget,cec2022,1,10,DE,14,8981285280989806955,15000,15000,326.95164408631416,26.95164408631416,26.95164408631416,0.04449470399413258
E1_cec2022_paper_budget,cec2022,1,10,DE,15,4665365585744002090,15000,15000,340.8391883249702,40.83918832497022,40.83918832497022,0.045034526992822066
E1_cec2022_paper_budget,cec2022,1,10,DE,16,6591265661543138919,15000,15000,352.7250218912496,52.72502189124958,52.72502189124958,0.04397662298288196
E1_cec2022_paper_budget,cec2022,1,10,DE,17,4211023794018110556,15000,15000,316.2893061346898,16.28930613468981,16.28930613468981,0.03974101901985705
E1_cec2022_paper_budget,cec2022,1,10,DE,18,7889127443806471604,15000,15000,362.22267414663696,62.22267414663696,62.22267414663696,0.038324522000038996
E1_cec2022_paper_budget,cec2022,1,10,DE,19,5623959060675577129,15000,15000,345.6036343073361,45.60363430733611,45.60363430733611,0.0395704590191599
E1_cec2022_paper_budget,cec2022,1,10,DE,20,6258144872413845687,15000,15000,329.83456547185597,29.834565471855967,29.834565471855967,0.0393155510246288
E1_cec2022_paper_budget,cec2022,1,10,DE,21,6346412205224536688,15000,15000,353.0488212003318,53.048821200331815,53.048821200331815,0.038409942004363984
E1_cec2022_paper_budget,cec2022,1,10,DE,22,7310749270360579497,15000,15000,358.78468075318443,58.78468075318443,58.78468075318443,0.041478258004644886
E1_cec2022_paper_budget,cec2022,1,10,DE,23,1408010706967620268,15000,15000,326.1607484164509,26.160748416450872,26.160748416450872,0.03921125500346534
E1_cec2022_paper_budget,cec2022,1,10,DE,24,5587238692917162243,15000,15000,332.71915962093766,32.71915962093766,32.71915962093766,0.03836244298145175
E1_cec2022_paper_budget,cec2022,1,10,DE,25,4817614774044882905,15000,15000,371.23678991721397,71.23678991721397,71.23678991721397,0.03884383599506691
E1_cec2022_paper_budget,cec2022,1,10,DE,26,4768627905068841528,15000,15000,329.4739056596338,29.473905659633772,29.473905659633772,0.045569159992737696
E1_cec2022_paper_budget,cec2022,1,10,DE,27,3015851683083900511,15000,15000,345.2402383018567,45.24023830185672,45.24023830185672,0.06826532899867743
E1_cec2022_paper_budget,cec2022,1,10,DE,28,5586425517535133326,15000,15000,358.4095259704541,58.409525970454126,58.409525970454126,0.06719421001616865
E1_cec2022_paper_budget,cec2022,1,10,DE,29,4124154405119579722,15000,15000,381.802963519886,81.80296351988602,81.80296351988602,0.06816131400410086
E1_cec2022_paper_budget,cec2022,4,10,DE,0,2095570800049771623,15000,15000,841.4078783113212,41.407878311321156,41.407878311321156,0.06319034099578857
E1_cec2022_paper_budget,cec2022,4,10,DE,1,4446319745142645230,15000,15000,839.094294975199,39.09429497519898,39.09429497519898,0.059838704008143395
E1_cec2022_paper_budget,cec2022,4,10,DE,2,4130142292972397075,15000,15000,842.2172574753779,42.21725747537789,42.21725747537789,0.06863256901851855
E1_cec2022_paper_budget,cec2022,4,10,DE,3,9038249425111335360,15000,15000,842.625994425011,42.62599442501096,42.62599442501096,0.07303792098537087
E1_cec2022_paper_budget,cec2022,4,10,DE,4,7450931904729460769,15000,15000,838.7239199655543,38.72391996555427,38.72391996555427,0.07297747701522894
E1_cec2022_paper_budget,cec2022,4,10,DE,5,4417397461831932519,15000,15000,840.0306874711672,40.0306874711672,40.0306874711672,0.06599013198865578
E1_cec2022_paper_budget,cec2022,4,10,DE,6,3456376798242671942,15000,15000,836.5667694355915,36.56676943559148,36.56676943559148,0.043277652002871037
E1_cec2022_paper_budget,cec2022,4,10,DE,7,3001660939608451663,15000,15000,839.2435857329478,39.24358573294785,39.24358573294785,0.05579936798312701
E1_cec2022_paper_budget,cec2022,4,10,DE,8,4536308593515715725,15000,15000,831.2332566465569,31.233256646556924,31.233256646556924,0.055896268982905895
E1_cec2022_paper_budget,cec2022,4,10,DE,9,2403414164668714708,15000,15000,830.3199185804378,30.319918580437843,30.319918580437843,0.05730873899301514
E1_cec2022_paper_budget,cec2022,4,10,DE,10,5214924236449699935,15000,15000,843.4456280535148,43.44562805351484,43.44562805351484,0.061380115017527714
E1_cec2022_paper_budget,cec2022,4,10,DE,11,8862012051338981810,15000,15000,846.7088872482456,46.70888724824556,46.70888724824556,0.05603176399017684
E1_cec2022_paper_budget,cec2022,4,10,DE,12,6233498443546771240,15000,15000,840.5349958278686,40.534995827868556,40.534995827868556,0.07170782599132508
E1_cec2022_paper_budget,cec2022,4,10,DE,13,3919266788271056511,15000,15000,830.22683691165,30.226836911650025,30.226836911650025,0.060629246989265084
E1_cec2022_paper_budget,cec2022,4,10,DE,14,7718322127518610428,15000,15000,834.3927816240973,34.392781624097324,34.392781624097324,0.05257455998798832
E1_cec2022_paper_budget,cec2022,4,10,DE,15,8426808981682523690,15000,15000,830.3117767817536,30.311776781753565,30.311776781753565,0.049697112990543246
E1_cec2022_paper_budget,cec2022,4,10,DE,16,6511537362948125120,15000,15000,844.1591577103949,44.15915771039488,44.15915771039488,0.04967123401002027
E1_cec2022_paper_budget,cec2022,4,10,DE,17,6057222220843947353,15000,15000,832.6045720517862,32.60457205178625,32.60457205178625,0.0493176209856756
E1_cec2022_paper_budget,cec2022,4,10,DE,18,3937049545810322216,15000,15000,846.5170525482018,46.51705254820183,46.51705254820183,0.051649945991812274
E1_cec2022_paper_budget,cec2022,4,10,DE,19,3473958711640702536,15000,15000,842.5616261397702,42.56162613977017,42.56162613977017,0.05824822100112215
E1_cec2022_paper_budget,cec2022,4,10,DE,20,5950918662592331579,15000,15000,832.9827227630838,32.98272276308376,32.98272276308376,0.07267628199770115
E1_cec2022_paper_budget,cec2022,4,10,DE,21,7359434816774893514,15000,15000,834.0224684430839,34.02246844308388,34.02246844308388,0.07415668899193406
E1_cec2022_paper_budget,cec2022,4,10,DE,22,6788479936297928961,15000,15000,837.2483765169789,37.24837651697885,37.24837651697885,0.07421066102688201
E1_cec2022_paper_budget,cec2022,4,10,DE,23,1934320750635561220,15000,15000,834.5593883898077,34.55938838980774,34.55938838980774,0.07410919101675972
E1_cec2022_paper_budget,cec2022,4,10,DE,24,5233259983203650869,15000,15000,823.2295993277189,23.229599327718915,23.229599327718915,0.0752345010114368
E1_cec2022_paper_budget,cec2022,4,10,DE,25,315339101560686536,15000,15000,843.4351406275938,43.435140627593796,43.435140627593796,0.07623336400138214
E1_cec2022_paper_budget,cec2022,4,10,DE,26,6884472022567281350,15000,15000,832.7872723421774,32.7872723421774,32.7872723421774,0.07587251797667705
E1_cec2022_paper_budget,cec2022,4,10,DE,27,8448381642339755611,15000,15000,842.553673273994,42.553673273994036,42.553673273994036,0.0757058750023134
E1_cec2022_paper_budget,cec2022,4,10,DE,28,2374622872416882626,15000,15000,837.8386232145308,37.8386232145308,37.8386232145308,0.07601925201015547
E1_cec2022_paper_budget,cec2022,4,10,DE,29,8700970846791650937,15000,15000,826.9869245480484,26.986924548048364,26.986924548048364,0.07449035500758328
E1_cec2022_paper_budget,cec2022,6,10,DE,0,5467428845959705157,15000,15000,1804.6489839601777,4.648983960177702,4.648983960177702,0.0917823780036997
E1_cec2022_paper_budget,cec2022,6,10,DE,1,7908973593979148907,15000,15000,1810.551999163481,10.551999163481014,10.551999163481014,0.07037620799383149
E1_cec2022_paper_budget,cec2022,6,10,DE,2,8725746315121973392,15000,15000,1808.5353927466704,8.535392746670368,8.535392746670368,0.07260607098578475
E1_cec2022_paper_budget,cec2022,6,10,DE,3,8948857700332088842,15000,15000,1808.5801795673858,8.580179567385812,8.580179567385812,0.07075428700773045
E1_cec2022_paper_budget,cec2022,6,10,DE,4,1640399628017069981,15000,15000,1809.3003355076635,9.300335507663476,9.300335507663476,0.0699343400192447
E1_cec2022_paper_budget,cec2022,6,10,DE,5,9081959442426791040,15000,15000,1810.5755481137978,10.575548113797822,10.575548113797822,0.06915143100195564
E1_cec2022_paper_budget,cec2022,6,10,DE,6,2416062824363003679,15000,15000,1813.7900290102061,13.790029010206126,13.790029010206126,0.0680750320025254
E1_cec2022_paper_budget,cec2022,6,10,DE,7,4610224702552333881,15000,15000,1813.4740751413945,13.47407514139445,13.47407514139445,0.07133314301609062
E1_cec2022_paper_budget,cec2022,6,10,DE,8,6935275485044660469,15000,15000,1807.9483938286864,7.948393828686449,7.948393828686449,0.0701020339911338
E1_cec2022_paper_budget,cec2022,6,10,DE,9,6088939435901778847,15000,15000,1807.3230065294867,7.323006529486747,7.323006529486747,0.07068236300256103
E1_cec2022_paper_budget,cec2022,6,10,DE,10,7901973324592603987,15000,15000,1809.2178979225662,9.21789792256618,9.21789792256618,0.07213581897667609
E1_cec2022_paper_budget,cec2022,6,10,DE,11,7619547084721315862,15000,15000,1813.8593560214354,13.85935602143536,13.85935602143536,0.06952790799550712
E1_cec2022_paper_budget,cec2022,6,10,DE,12,7460918693460899730,15000,15000,1807.178017675238,7.178017675237925,7.178017675237925,0.07049916899995878
E1_cec2022_paper_budget,cec2022,6,10,DE,13,167850665512708391,15000,15000,1810.1405812825944,10.14058128259444,10.14058128259444,0.06883871398167685
E1_cec2022_paper_budget,cec2022,6,10,DE,14,7516687245117937039,15000,15000,1808.139495564989,8.13949556498892,8.13949556498892,0.07054852199507877
E1_cec2022_paper_budget,cec2022,6,10,DE,15,7997444556838649246,15000,15000,1808.5938734742701,8.59387347427014,8.59387347427014,0.07080706700799055
E1_cec2022_paper_budget,cec2022,6,10,DE,16,736164016865154581,15000,15000,1809.5218037262573,9.521803726257303,9.521803726257303,0.05949603099725209
E1_cec2022_paper_budget,cec2022,6,10,DE,17,8594484385002987508,15000,15000,1809.0158108547305,9.01581085473049,9.01581085473049,0.06882240402046591
E1_cec2022_paper_budget,cec2022,6,10,DE,18,6589327701169943230,15000,15000,1810.2278924007162,10.2278924007162,10.2278924007162,0.06912499200552702
E1_cec2022_paper_budget,cec2022,6,10,DE,19,2428024450383727647,15000,15000,1807.0480667363913,7.04806673639132,7.04806673639132,0.06963367597199976
E1_cec2022_paper_budget,cec2022,6,10,DE,20,4849378255801638431,15000,15000,1810.5694631459544,10.569463145954387,10.569463145954387,0.0708447570214048
E1_cec2022_paper_budget,cec2022,6,10,DE,21,8609904344156579640,15000,15000,1818.299338123377,18.299338123377083,18.299338123377083,0.07097232699743472
E1_cec2022_paper_budget,cec2022,6,10,DE,22,4751448959862722746,15000,15000,1811.6889440082814,11.688944008281396,11.688944008281396,0.07040051399962977
E1_cec2022_paper_budget,cec2022,6,10,DE,23,2873315431036515169,15000,15000,1812.4299057055641,12.429905705564124,12.429905705564124,0.06969391900929622
E1_cec2022_paper_budget,cec2022,6,10,DE,24,1680522883033979110,15000,15000,1813.9677229340703,13.967722934070252,13.967722934070252,0.07133223200798966
E1_cec2022_paper_budget,cec2022,6,10,DE,25,4250249082625204999,15000,15000,1808.8718555952148,8.87185559521481,8.87185559521481,0.07072664599400014
E1_cec2022_paper_budget,cec2022,6,10,DE,26,3085702743520902578,15000,15000,1810.4415623953325,10.44156239533254,10.44156239533254,0.07038781000301242
E1_cec2022_paper_budget,cec2022,6,10,DE,27,7225113025444795089,15000,15000,1808.9719512635813,8.971951263581332,8.971951263581332,0.07093398500001058
E1_cec2022_paper_budget,cec2022,6,10,DE,28,271975473107199418,15000,15000,1808.8340020140608,8.834002014060843,8.834002014060843,0.06982048600912094
E1_cec2022_paper_budget,cec2022,6,10,DE,29,8016181559055761573,15000,15000,1815.7259484118392,15.725948411839227,15.725948411839227,0.06981048700981773
E1_cec2022_paper_budget,cec2022,2,10,DE,0,7755797643979684652,15000,15000,405.46809497574696,5.468094975746965,5.468094975746965,0.06783156600431539
E1_cec2022_paper_budget,cec2022,2,10,DE,1,7774304534350980201,15000,15000,404.59659264992433,4.596592649924332,4.596592649924332,0.06347962300060317
E1_cec2022_paper_budget,cec2022,2,10,DE,2,3667696579997803847,15000,15000,406.81594351363816,6.81594351363816,6.81594351363816,0.07355565199395642
E1_cec2022_paper_budget,cec2022,2,10,DE,3,1350272879034425413,15000,15000,407.3589889113559,7.35898891135588,7.35898891135588,0.0704194690042641
E1_cec2022_paper_budget,cec2022,2,10,DE,4,3201380026375034065,15000,15000,403.8036879514378,3.80368795143778,3.80368795143778,0.0537197079975158
E1_cec2022_paper_budget,cec2022,2,10,DE,5,3058659742019671588,15000,15000,408.9223447164601,8.922344716460088,8.922344716460088,0.07746066598338075
E1_cec2022_paper_budget,cec2022,2,10,DE,6,7426089788850235404,15000,15000,408.9188184885156,8.918818488515626,8.918818488515626,0.07706426200456917
E1_cec2022_paper_budget,cec2022,2,10,DE,7,1823362847934489793,15000,15000,404.9297700382365,4.929770038236484,4.929770038236484,0.07812046399340034
E1_cec2022_paper_budget,cec2022,2,10,DE,8,2696476150639895864,15000,15000,408.95151620078207,8.951516200782066,8.951516200782066,0.07759707301738672
E1_cec2022_paper_budget,cec2022,2,10,DE,9,2313254894262514037,15000,15000,408.9205281808714,8.920528180871372,8.920528180871372,0.07510006899246946
E1_cec2022_paper_budget,cec2022,2,10,DE,10,6609182803119659088,15000,15000,406.13887153813766,6.138871538137664,6.138871538137664,0.07609498401870951
E1_cec2022_paper_budget,cec2022,2,10,DE,11,6098971035959059812,15000,15000,408.91812927678654,8.918129276786544,8.918129276786544,0.07535619899863377
E1_cec2022_paper_budget,cec2022,2,10,DE,12,3956156304744339401,15000,15000,405.45774666373677,5.457746663736771,5.457746663736771,0.07822708401363343
E1_cec2022_paper_budget,cec2022,2,10,DE,13,4602652151389074793,15000,15000,408.9175801235061,8.917580123506127,8.917580123506127,0.07482415100093931
E1_cec2022_paper_budget,cec2022,2,10,DE,14,2413179900617246934,15000,15000,406.96430492435024,6.964304924350245,6.964304924350245,0.07526470700395294
E1_cec2022_paper_budget,cec2022,2,10,DE,15,3184996688613621854,15000,15000,408.9195793882098,8.919579388209797,8.919579388209797,0.07464682799763978
E1_cec2022_paper_budget,cec2022,2,10,DE,16,7078674418390306537,15000,15000,406.13916628850535,6.139166288505351,6.139166288505351,0.07589141299831681
E1_cec2022_paper_budget,cec2022,2,10,DE,17,4834315417151165859,15000,15000,406.84070757525467,6.840707575254669,6.840707575254669,0.07494872499955818
E1_cec2022_paper_budget,cec2022,2,10,DE,18,6790715310803741170,15000,15000,405.7637065564093,5.763706556409318,5.763706556409318,0.0734996169921942
E1_cec2022_paper_budget,cec2022,2,10,DE,19,757104409928932054,15000,15000,404.8823487969158,4.882348796915778,4.882348796915778,0.07468169400817715
E1_cec2022_paper_budget,cec2022,2,10,DE,20,1711105887153514077,15000,15000,408.91897624219365,8.91897624219365,8.91897624219365,0.07465513399802148
E1_cec2022_paper_budget,cec2022,2,10,DE,21,1796633449979296278,15000,15000,407.1696763896878,7.169676389687822,7.169676389687822,0.07272354100132361
E1_cec2022_paper_budget,cec2022,2,10,DE,22,9002555257648881344,15000,15000,405.67819646666317,5.678196466663167,5.678196466663167,0.07257851999020204
E1_cec2022_paper_budget,cec2022,2,10,DE,23,4844392857931876224,15000,15000,408.917294610286,8.917294610285978,8.917294610285978,0.06943001400213689
E1_cec2022_paper_budget,cec2022,2,10,DE,24,7209883243788865083,15000,15000,404.8047152203657,4.804715220365722,4.804715220365722,0.07048248799401335
E1_cec2022_paper_budget,cec2022,2,10,DE,25,4100150884179305861,15000,15000,408.9191038138186,8.919103813818595,8.919103813818595,0.07158311197417788
E1_cec2022_paper_budget,cec2022,2,10,DE,26,934860420909341085,15000,15000,408.9178019721142,8.917801972114205,8.917801972114205,0.07326084899250418
E1_cec2022_paper_budget,cec2022,2,10,DE,27,1151132806187381981,15000,15000,406.03109028282904,6.031090282829041,6.031090282829041,0.07160396099789068
E1_cec2022_paper_budget,cec2022,2,10,DE,28,5312146631576129298,15000,15000,408.9292297129594,8.929229712959398,8.929229712959398,0.07013755099615082
E1_cec2022_paper_budget,cec2022,2,10,DE,29,1035050106857781648,15000,15000,405.9961533615917,5.996153361591723,5.996153361591723,0.07333379602641799
E1_cec2022_paper_budget,cec2022,5,10,DE,0,598039021569245737,15000,15000,900.3236985972325,0.32369859723246464,0.32369859723246464,0.09231685000122525
E1_cec2022_paper_budget,cec2022,5,10,DE,1,5999294590112158080,15000,15000,900.4074774479826,0.40747744798261465,0.40747744798261465,0.07637736399192363
E1_cec2022_paper_budget,cec2022,5,10,DE,2,8591802774153266862,15000,15000,900.4482016065396,0.44820160653955554,0.44820160653955554,0.0774232359835878
E1_cec2022_paper_budget,cec2022,5,10,DE,3,4493144143876025365,15000,15000,900.3001986088525,0.3001986088524973,0.3001986088524973,0.07765834699966945
E1_cec2022_paper_budget,cec2022,5,10,DE,4,6258977029142327489,15000,15000,900.4853629465299,0.48536294652990364,0.48536294652990364,0.07743702200241387
E1_cec2022_paper_budget,cec2022,5,10,DE,5,3287524176603989722,15000,15000,900.5848478569778,0.5848478569778308,0.5848478569778308,0.0763016429846175
E1_cec2022_paper_budget,cec2022,5,10,DE,6,6658929821959295646,15000,15000,900.3274779355095,0.3274779355094779,0.3274779355094779,0.07549427801859565
E1_cec2022_paper_budget,cec2022,5,10,DE,7,936742371171392993,15000,15000,900.6953829625788,0.695382962578833,0.695382962578833,0.07823886600090191
E1_cec2022_paper_budget,cec2022,5,10,DE,8,1793937486831386944,15000,15000,900.3379081267805,0.3379081267804622,0.3379081267804622,0.0774141290166881
E1_cec2022_paper_budget,cec2022,5,10,DE,9,5736619092770164419,15000,15000,900.2991914986733,0.2991914986732809,0.2991914986732809,0.07773247599834576
E1_cec2022_paper_budget,cec2022,5,10,DE,10,511528817841719134,15000,15000,900.4971715733662,0.49717157336624496,0.49717157336624496,0.07757607300300151
E1_cec2022_paper_budget,cec2022,5,10,DE,11,4495105355552849540,15000,15000,900.9208736259923,0.9208736259922716,0.9208736259922716,0.07614249302423559
E1_cec2022_paper_budget,cec2022,5,10,DE,12,1147966109524432943,15000,15000,900.3169149552458,0.3169149552458066,0.3169149552458066,0.07632566700340249
E1_cec2022_paper_budget,cec2022,5,10,DE,13,3566634119796234065,15000,15000,900.4125470911139,0.4125470911138791,0.4125470911138791,0.07998777600005269
E1_cec2022_paper_budget,cec2022,5,10,DE,14,623394567319432864,15000,15000,900.2235921199916,0.22359211999162198,0.22359211999162198,0.07767029901151545
E1_cec2022_paper_budget,cec2022,5,10,DE,15,6861438290415559114,15000,15000,900.3750379830822,0.37503798308216574,0.37503798308216574,0.09893488400848582
E1_cec2022_paper_budget,cec2022,5,10,DE,16,2135981032965976538,15000,15000,900.2733955758814,0.27339557588140906,0.27339557588140906,0.07594925197190605
E1_cec2022_paper_budget,cec2022,5,10,DE,17,8723088242531165650,15000,15000,900.4056033619343,0.4056033619342543,0.4056033619342543,0.0777333180012647
E1_cec2022_paper_budget,cec2022,5,10,DE,18,1995678650997261857,15000,15000,900.8818548341848,0.8818548341847645,0.8818548341847645,0.07561363198328763
E1_cec2022_paper_budget,cec2022,5,10,DE,19,2515009954595617807,15000,15000,900.2560448171812,0.2560448171811913,0.2560448171811913,0.0768883429991547
E1_cec2022_paper_budget,cec2022,5,10,DE,20,5335467198990562134,15000,15000,900.2850922956112,0.2850922956112072,0.2850922956112072,0.07694144299603067
E1_cec2022_paper_budget,cec2022,5,10,DE,21,8109174376732154143,15000,15000,900.4223676546483,0.4223676546482693,0.4223676546482693,0.07560504600405693
E1_cec2022_paper_budget,cec2022,5,10,DE,22,2070574288353404307,15000,15000,900.372880436497,0.37288043649698466,0.37288043649698466,0.07721578699420206
E1_cec2022_paper_budget,cec2022,5,10,DE,23,5589165536838442902,15000,15000,900.2659804094767,0.2659804094766969,0.2659804094766969,0.07772239702171646
E1_cec2022_paper_budget,cec2022,5,10,DE,24,8995083126748572759,15000,15000,900.3539641828157,0.35396418281573006,0.35396418281573006,0.0780336809984874
E1_cec2022_paper_budget,cec2022,5,10,DE,25,5368053045403722979,15000,15000,900.2997156908558,0.2997156908558054,0.2997156908558054,0.07702847497421317
E1_cec2022_paper_budget,cec2022,5,10,DE,26,746062019956502360,15000,15000,900.3789350259697,0.37893502596966755,0.37893502596966755,0.0774787410045974
E1_cec2022_paper_budget,cec2022,5,10,DE,27,3187447249700786163,15000,15000,900.2538324221489,0.25383242214888924,0.25383242214888924,0.07458440199843608
E1_cec2022_paper_budget,cec2022,5,10,DE,28,2622112459859585076,15000,15000,900.3065876144777,0.30658761447773486,0.30658761447773486,0.0772939540038351
E1_cec2022_paper_budget,cec2022,5,10,DE,29,8706997306003454889,15000,15000,900.6312503658917,0.6312503658916739,0.6312503658916739,0.07636811697739176
E1_cec2022_paper_budget,cec2022,6,10,SHADE,0,4631101759749051332,15000,15000,2237.451854206241,437.451854206241,437.451854206241,0.10347477899631485
E1_cec2022_paper_budget,cec2022,6,10,SHADE,1,5662384392717327882,15000,15000,2207.6514512408235,407.65145124082346,407.65145124082346,0.09505208101472817
E1_cec2022_paper_budget,cec2022,6,10,SHADE,2,8267234977440875041,15000,15000,2210.945921640928,410.9459216409282,410.9459216409282,0.09532982201199047
E1_cec2022_paper_budget,cec2022,6,10,SHADE,3,199184490838461887,15000,15000,2581.600574873451,781.600574873451,781.600574873451,0.0858941339829471
E1_cec2022_paper_budget,cec2022,6,10,SHADE,4,5812303031632352363,15000,15000,2997.2510476278994,1197.2510476278994,1197.2510476278994,0.07266639400040731
E1_cec2022_paper_budget,cec2022,6,10,SHADE,5,6654911225202608972,15000,15000,1938.3171459204495,138.31714592044955,138.31714592044955,0.06531155901029706
E1_cec2022_paper_budget,cec2022,6,10,SHADE,6,2108028159296582365,15000,15000,2972.1220116412887,1172.1220116412887,1172.1220116412887,0.06632016101502813
E1_cec2022_paper_budget,cec2022,6,10,SHADE,7,2264481914891352941,15000,15000,2102.8392371758628,302.83923717586276,302.83923717586276,0.07412372701219283
E1_cec2022_paper_budget,cec2022,6,10,SHADE,8,7247007675054033777,15000,15000,2434.4632541395313,634.4632541395313,634.4632541395313,0.0696216229989659
E1_cec2022_paper_budget,cec2022,6,10,SHADE,9,6820161333059158907,15000,15000,2900.0985706351867,1100.0985706351867,1100.0985706351867,0.06770455700461753
E1_cec2022_paper_budget,cec2022,6,10,SHADE,10,5051305051715538416,15000,15000,3109.160845115389,1309.1608451153888,1309.1608451153888,0.06921975000295788
E1_cec2022_paper_budget,cec2022,6,10,SHADE,11,4156623753614705790,15000,15000,2181.3059395967334,381.3059395967334,381.3059395967334,0.07777066697599366
E1_cec2022_paper_budget,cec2022,6,10,SHADE,12,434576283921218474,15000,15000,2037.908692123862,237.908692123862,237.908692123862,0.08065275300759822
E1_cec2022_paper_budget,cec2022,6,10,SHADE,13,5414869300030557305,15000,15000,2533.5448641203466,733.5448641203466,733.5448641203466,0.07433931200648658
E1_cec2022_paper_budget,cec2022,6,10,SHADE,14,4531879301517808199,15000,15000,1958.5904027714364,158.5904027714364,158.5904027714364,0.07257454199134372
E1_cec2022_paper_budget,cec2022,6,10,SHADE,15,3491950585752878298,15000,15000,2626.520860091786,826.5208600917858,826.5208600917858,0.07159991399385035
E1_cec2022_paper_budget,cec2022,6,10,SHADE,16,2576027111026999307,15000,15000,2840.7603576835995,1040.7603576835995,1040.7603576835995,0.07499418000224978
E1_cec2022_paper_budget,cec2022,6,10,SHADE,17,8107011539095712865,15000,15000,2104.008640343353,304.0086403433529,304.0086403433529,0.09446248499443755
E1_cec2022_paper_budget,cec2022,6,10,SHADE,18,7624319712028289305,15000,15000,2309.5612302730647,509.56123027306467,509.56123027306467,0.10019560798536986
E1_cec2022_paper_budget,cec2022,6,10,SHADE,19,3095104026626975234,15000,15000,2210.5140256577456,410.5140256577456,410.5140256577456,0.10054625599877909
E1_cec2022_paper_budget,cec2022,6,10,SHADE,20,7576684444755755482,15000,15000,2344.305611220285,544.3056112202848,544.3056112202848,0.10075734200654551
E1_cec2022_paper_budget,cec2022,6,10,SHADE,21,8443817420317042257,15000,15000,2076.998171918878,276.99817191887814,276.99817191887814,0.10004146900610067
E1_cec2022_paper_budget,cec2022,6,10,SHADE,22,6496100526856933844,15000,15000,2826.614027718525,1026.614027718525,1026.614027718525,0.10072291700635105
E1_cec2022_paper_budget,cec2022,6,10,SHADE,23,4129535377053666669,15000,15000,3556.241783253607,1756.241783253607,1756.241783253607,0.10072634398238733
E1_cec2022_paper_budget,cec2022,6,10,SHADE,24,8783503461890013541,15000,15000,2278.7582599044626,478.75825990446265,478.75825990446265,0.10106554001686163
E1_cec2022_paper_budget,cec2022,6,10,SHADE,25,4959754109972364201,15000,15000,2713.148012206306,913.1480122063058,913.1480122063058,0.10377092400449328
E1_cec2022_paper_budget,cec2022,6,10,SHADE,26,4537782059181144965,15000,15000,3046.567772955745,1246.567772955745,1246.567772955745,0.10280640498967841
E1_cec2022_paper_budget,cec2022,6,10,SHADE,27,2916827606649789134,15000,15000,2151.2442668405806,351.2442668405806,351.2442668405806,0.10315803499543108
E1_cec2022_paper_budget,cec2022,6,10,SHADE,28,4329083428777539063,15000,15000,2696.385481427147,896.3854814271472,896.3854814271472,0.10129372801748104
E1_cec2022_paper_budget,cec2022,6,10,SHADE,29,5050390883955991908,15000,15000,2473.392457124257,673.3924571242569,673.3924571242569,0.09994862499297597
E1_cec2022_paper_budget,cec2022,1,10,SHADE,0,7402629252552432811,15000,15000,388.5953651843857,88.59536518438568,88.59536518438568,0.15530820898129605
E1_cec2022_paper_budget,cec2022,1,10,SHADE,1,7498174175343974740,15000,15000,745.7279130268685,445.72791302686846,445.72791302686846,0.11343607198796235
E1_cec2022_paper_budget,cec2022,1,10,SHADE,2,3049581344585729914,15000,15000,609.098102510221,309.098102510221,309.098102510221,0.10234660300193354
E1_cec2022_paper_budget,cec2022,1,10,SHADE,3,5379482003512796145,15000,15000,820.2614558314667,520.2614558314667,520.2614558314667,0.11182324698893353
E1_cec2022_paper_budget,cec2022,1,10,SHADE,4,1627061919529689363,15000,15000,739.4807065998251,439.4807065998251,439.4807065998251,0.08432604299741797
E1_cec2022_paper_budget,cec2022,1,10,SHADE,5,4357794888848022808,15000,15000,408.57274783332355,108.57274783332355,108.57274783332355,0.07804933999432251
E1_cec2022_paper_budget,cec2022,1,10,SHADE,6,1351666697234804084,15000,15000,692.3220970782164,392.3220970782164,392.3220970782164,0.07444441900588572
E1_cec2022_paper_budget,cec2022,1,10,SHADE,7,481125197092898549,15000,15000,1137.5292590012289,837.5292590012289,837.5292590012289,0.08104939700569957
E1_cec2022_paper_budget,cec2022,1,10,SHADE,8,2114186323622631609,15000,15000,467.9458161477399,167.9458161477399,167.9458161477399,0.06629004402202554
E1_cec2022_paper_budget,cec2022,1,10,SHADE,9,5149384550750630311,15000,15000,873.7982085744303,573.7982085744303,573.7982085744303,0.07132947698119096
E1_cec2022_paper_budget,cec2022,1,10,SHADE,10,1898115406101285635,15000,15000,995.8623818626758,695.8623818626758,695.8623818626758,0.08058868400985375
E1_cec2022_paper_budget,cec2022,1,10,SHADE,11,4155200007359763389,15000,15000,512.9240023464406,212.9240023464406,212.9240023464406,0.09066347000771202
E1_cec2022_paper_budget,cec2022,1,10,SHADE,12,2346595391828437077,15000,15000,612.826640564826,312.826640564826,312.826640564826,0.09434822099865414
E1_cec2022_paper_budget,cec2022,1,10,SHADE,13,5308005538973857490,15000,15000,838.7303571625164,538.7303571625164,538.7303571625164,0.09567421799874865
E1_cec2022_paper_budget,cec2022,1,10,SHADE,14,4532227498007432762,15000,15000,819.5098624680303,519.5098624680303,519.5098624680303,0.09776076098205522
E1_cec2022_paper_budget,cec2022,1,10,SHADE,15,993446216959220831,15000,15000,1052.7149953271382,752.7149953271382,752.7149953271382,0.10182604598230682
E1_cec2022_paper_budget,cec2022,1,10,SHADE,16,919720560038109227,15000,15000,691.6515423895152,391.65154238951516,391.65154238951516,0.09729999699629843
E1_cec2022_paper_budget,cec2022,1,10,SHADE,17,557058109445024148,15000,15000,692.2109385390306,392.2109385390306,392.2109385390306,0.09780024501378648
E1_cec2022_paper_budget,cec2022,1,10,SHADE,18,3781955494387727441,15000,15000,666.1278418096674,366.1278418096674,366.1278418096674,0.09294824497192167
E1_cec2022_paper_budget,cec2022,1,10,SHADE,19,5366037573024777163,15000,15000,1577.7265413835544,1277.7265413835544,1277.7265413835544,0.08951687900116667
E1_cec2022_paper_budget,cec2022,1,10,SHADE,20,1563089418911740085,15000,15000,521.6874770518098,221.68747705180976,221.68747705180976,0.09014832301181741
E1_cec2022_paper_budget,cec2022,1,10,SHADE,21,7503323441632059016,15000,15000,676.6772058469221,376.6772058469221,376.6772058469221,0.09227812802419066
E1_cec2022_paper_budget,cec2022,1,10,SHADE,22,1793372640890877133,15000,15000,535.4614502184222,235.46145021842221,235.46145021842221,0.08168259501690045
E1_cec2022_paper_budget,cec2022,1,10,SHADE,23,9190665772044133457,15000,15000,615.9924589919804,315.99245899198036,315.99245899198036,0.08621942400350235
E1_cec2022_paper_budget,cec2022,1,10,SHADE,24,6579438478499903232,15000,15000,801.7384828760373,501.7384828760373,501.7384828760373,0.09605778698460199
E1_cec2022_paper_budget,cec2022,1,10,SHADE,25,7351376316570627522,15000,15000,646.6956290953135,346.6956290953135,346.6956290953135,0.09650548599893227
E1_cec2022_paper_budget,cec2022,1,10,SHADE,26,2437521811573399620,15000,15000,775.6819878911608,475.6819878911608,475.6819878911608,0.09577855397947133
E1_cec2022_paper_budget,cec2022,1,10,SHADE,27,8084964797140390911,15000,15000,530.1723083330021,230.1723083330021,230.1723083330021,0.09484676597639918
E1_cec2022_paper_budget,cec2022,1,10,SHADE,28,4480168441999233617,15000,15000,505.60441545543836,205.60441545543836,205.60441545543836,0.09591652298695408
E1_cec2022_paper_budget,cec2022,1,10,SHADE,29,4287863772732976362,15000,15000,465.908743485343,165.908743485343,165.908743485343,0.09474780998425558
E1_cec2022_paper_budget,cec2022,3,10,DE,0,1768964704189945239,15000,15000,600.6166602151924,0.6166602151923826,0.6166602151923826,0.0807256099942606
E1_cec2022_paper_budget,cec2022,3,10,DE,1,3730102650862057953,15000,15000,600.5497580175733,0.5497580175732537,0.5497580175732537,0.09018554401700385
E1_cec2022_paper_budget,cec2022,3,10,DE,2,6371555601012308887,15000,15000,600.7336755869727,0.7336755869727085,0.7336755869727085,0.09346054500201717
E1_cec2022_paper_budget,cec2022,3,10,DE,3,6158300622392730890,15000,15000,600.5655702687686,0.5655702687686244,0.5655702687686244,0.0941298010002356
E1_cec2022_paper_budget,cec2022,3,10,DE,4,3600403953795780117,15000,15000,600.6157012001773,0.615701200177341,0.615701200177341,0.09188535198336467
E1_cec2022_paper_budget,cec2022,3,10,DE,5,1295034778911042762,15000,15000,600.6063137746065,0.6063137746065195,0.6063137746065195,0.09385421400656924
E1_cec2022_paper_budget,cec2022,3,10,DE,6,1097291604248817312,15000,15000,600.6450310590915,0.6450310590914796,0.6450310590914796,0.09511814499273896
E1_cec2022_paper_budget,cec2022,3,10,DE,7,7818799882118001867,15000,15000,600.7253083157602,0.7253083157602305,0.7253083157602305,0.09641962600289844
E1_cec2022_paper_budget,cec2022,3,10,DE,8,3639435956121210871,15000,15000,600.7159932031487,0.7159932031487415,0.7159932031487415,0.09492711702478118
E1_cec2022_paper_budget,cec2022,3,10,DE,9,935802745604175409,15000,15000,600.6453472635278,0.6453472635278104,0.6453472635278104,0.0979966839950066
E1_cec2022_paper_budget,cec2022,3,10,DE,10,2215914222469784149,15000,15000,600.4566808693102,0.45668086931016205,0.45668086931016205,0.09523249900666997
E1_cec2022_paper_budget,cec2022,3,10,DE,11,2958900028678768395,15000,15000,600.7150652407668,0.7150652407667621,0.7150652407667621,0.09561723098158836
E1_cec2022_paper_budget,cec2022,3,10,DE,12,1086275596359959851,15000,15000,600.8363256479088,0.8363256479087795,0.8363256479087795,0.09745872498024255
E1_cec2022_paper_budget,cec2022,3,10,DE,13,9013721352887014287,15000,15000,600.6724464662526,0.6724464662526088,0.6724464662526088,0.09497945400653407
E1_cec2022_paper_budget,cec2022,3,10,DE,14,5471820998558230016,15000,15000,600.4861193254987,0.48611932549874837,0.48611932549874837,0.09468283798196353
E1_cec2022_paper_budget,cec2022,3,10,DE,15,1298312576738763794,15000,15000,600.3515860777951,0.35158607779510476,0.35158607779510476,0.09620776798692532
E1_cec2022_paper_budget,cec2022,3,10,DE,16,5731206749074932808,15000,15000,600.3255424508679,0.32554245086794253,0.32554245086794253,0.09537799199461006
E1_cec2022_paper_budget,cec2022,3,10,DE,17,2552821507951793253,15000,15000,600.7057678690603,0.7057678690603097,0.7057678690603097,0.09568269300507382
E1_cec2022_paper_budget,cec2022,3,10,DE,18,2633718049746956083,15000,15000,600.6832818096253,0.6832818096253277,0.6832818096253277,0.09422363701742142
E1_cec2022_paper_budget,cec2022,3,10,DE,19,1768286719864308996,15000,15000,600.7349869226673,0.7349869226673036,0.7349869226673036,0.09376196097582579
E1_cec2022_paper_budget,cec2022,3,10,DE,20,2942583281505053311,15000,15000,600.8778068969266,0.877806896926586,0.877806896926586,0.09472247198573314
E1_cec2022_paper_budget,cec2022,3,10,DE,21,4667815905914171611,15000,15000,600.8716659431502,0.8716659431502194,0.8716659431502194,0.09480317498673685
E1_cec2022_paper_budget,cec2022,3,10,DE,22,8410609917014416355,15000,15000,600.567208478145,0.5672084781449485,0.5672084781449485,0.10673314999439754
E1_cec2022_paper_budget,cec2022,3,10,DE,23,3424148896558690014,15000,15000,600.7921529097267,0.7921529097267239,0.7921529097267239,0.09592891499050893
E1_cec2022_paper_budget,cec2022,3,10,DE,24,4866602955556484559,15000,15000,600.6290862473469,0.6290862473468906,0.6290862473468906,0.09460440100519918
E1_cec2022_paper_budget,cec2022,3,10,DE,25,3986743452933479383,15000,15000,600.6385413361321,0.6385413361321071,0.6385413361321071,0.09450165898306295
E1_cec2022_paper_budget,cec2022,3,10,DE,26,1870387111365325813,15000,15000,600.4577544922947,0.4577544922947254,0.4577544922947254,0.09406700299587101
E1_cec2022_paper_budget,cec2022,3,10,DE,27,978223728783881165,15000,15000,600.7604335734038,0.7604335734038159,0.7604335734038159,0.09385198997915722
E1_cec2022_paper_budget,cec2022,3,10,DE,28,7838465862508110484,15000,15000,600.4962064560647,0.4962064560646695,0.4962064560646695,0.09441548699396662
E1_cec2022_paper_budget,cec2022,3,10,DE,29,654301220090127058,15000,15000,600.4896724254388,0.48967242543881184,0.48967242543881184,0.09421301700058393
E1_cec2022_paper_budget,cec2022,5,10,SHADE,0,8712718994242193,15000,15000,900.0515400141048,0.051540014104830334,0.051540014104830334,0.11883851498714648
E1_cec2022_paper_budget,cec2022,5,10,SHADE,1,7350642752031563251,15000,15000,900.008013871868,0.008013871868001843,0.008013871868001843,0.12483744698693044
E1_cec2022_paper_budget,cec2022,5,10,SHADE,2,4185519227330374962,15000,15000,900.0804751520162,0.08047515201621991,0.08047515201621991,0.11622513399925083
E1_cec2022_paper_budget,cec2022,5,10,SHADE,3,6933722216610131238,15000,15000,900.0155591077213,0.015559107721287546,0.015559107721287546,0.10736057700705715
E1_cec2022_paper_budget,cec2022,5,10,SHADE,4,5036172450651657341,15000,15000,900.036155640123,0.036155640122956356,0.036155640122956356,0.10758246399927884
E1_cec2022_paper_budget,cec2022,5,10,SHADE,5,583261530897341997,15000,15000,900.0122497285948,0.012249728594838416,0.012249728594838416,0.1069169550028164
E1_cec2022_paper_budget,cec2022,5,10,SHADE,6,7590835369425811983,15000,15000,900.0336258985249,0.03362589852486053,0.03362589852486053,0.10734597902046517
E1_cec2022_paper_budget,cec2022,5,10,SHADE,7,2664999785278747945,15000,15000,900.0133539101952,0.013353910195178287,0.013353910195178287,0.10671772100613452
E1_cec2022_paper_budget,cec2022,5,10,SHADE,8,1696310215555959510,15000,15000,900.052479481058,0.052479481057957855,0.052479481057957855,0.10764725500484928
E1_cec2022_paper_budget,cec2022,5,10,SHADE,9,8964931351464660819,15000,15000,900.0444170315591,0.04441703155907817,0.04441703155907817,0.1076294110098388
E1_cec2022_paper_budget,cec2022,5,10,SHADE,10,3390518451447849068,15000,15000,900.0398426421749,0.03984264217490363,0.03984264217490363,0.07991735398536548
E1_cec2022_paper_budget,cec2022,5,10,SHADE,11,8732902535467496497,15000,15000,900.0207565973918,0.02075659739182356,0.02075659739182356,0.0652259589987807
E1_cec2022_paper_budget,cec2022,5,10,SHADE,12,3896936430614329180,15000,15000,900.020714545577,0.02071454557699326,0.02071454557699326,0.08276016599847935
E1_cec2022_paper_budget,cec2022,5,10,SHADE,13,7308509235196385341,15000,15000,900.0174100065865,0.017410006586487725,0.017410006586487725,0.0941034919815138
E1_cec2022_paper_budget,cec2022,5,10,SHADE,14,4920574183433415611,15000,15000,900.0364514553102,0.036451455310157144,0.036451455310157144,0.09421485097846016
E1_cec2022_paper_budget,cec2022,5,10,SHADE,15,2648052926916524069,15000,15000,900.0304350887218,0.030435088721787906,0.030435088721787906,0.09439051998197101
E1_cec2022_paper_budget,cec2022,5,10,SHADE,16,9071954426312545255,15000,15000,900.0433378184034,0.04333781840341544,0.04333781840341544,0.09327243300504051
E1_cec2022_paper_budget,cec2022,5,10,SHADE,17,8219891819108494318,15000,15000,900.0605220935672,0.06052209356721505,0.06052209356721505,0.09353279098286293
E1_cec2022_paper_budget,cec2022,5,10,SHADE,18,4648568104275049114,15000,15000,900.1736150079244,0.17361500792435436,0.17361500792435436,0.08229597500758246
E1_cec2022_paper_budget,cec2022,5,10,SHADE,19,4049178285346533301,15000,15000,900.0306565370861,0.030656537086088065,0.030656537086088065,0.06597551499726251
E1_cec2022_paper_budget,cec2022,5,10,SHADE,20,2310042467843065666,15000,15000,900.0470648076118,0.04706480761183229,0.04706480761183229,0.07137541199335828
E1_cec2022_paper_budget,cec2022,5,10,SHADE,21,2043552009310111361,15000,15000,900.0251727397365,0.025172739736490257,0.025172739736490257,0.07116258298628964
E1_cec2022_paper_budget,cec2022,5,10,SHADE,22,8427949772516713995,15000,15000,900.1078828893366,0.10788288933656531,0.10788288933656531,0.08765159000176936
E1_cec2022_paper_budget,cec2022,5,10,SHADE,23,2655700961875831553,15000,15000,900.0384981874412,0.038498187441177834,0.038498187441177834,0.10588468899368308
E1_cec2022_paper_budget,cec2022,5,10,SHADE,24,7897433527223821548,15000,15000,900.0250042899352,0.025004289935168345,0.025004289935168345,0.10454953499720432
E1_cec2022_paper_budget,cec2022,5,10,SHADE,25,5298990060973537016,15000,15000,900.0380034167973,0.03800341679732355,0.03800341679732355,0.10386190499411896
E1_cec2022_paper_budget,cec2022,5,10,SHADE,26,375775612423905388,15000,15000,900.015297224668,0.015297224667961018,0.015297224667961018,0.1045618670177646
E1_cec2022_paper_budget,cec2022,5,10,SHADE,27,7245964870638700858,15000,15000,900.0324661234066,0.03246612340660704,0.03246612340660704,0.10480711798300035
E1_cec2022_paper_budget,cec2022,5,10,SHADE,28,2922390516695888747,15000,15000,900.0605484584199,0.060548458419930284,0.060548458419930284,0.1042175919865258
E1_cec2022_paper_budget,cec2022,5,10,SHADE,29,7456164173950024993,15000,15000,900.0224231838471,0.022423183847081418,0.022423183847081418,0.10396208299789578
E1_cec2022_paper_budget,cec2022,2,10,SHADE,0,745120169108331118,15000,15000,408.9161947454232,8.916194745423184,8.916194745423184,0.1174213670019526
E1_cec2022_paper_budget,cec2022,2,10,SHADE,1,1693921724221457490,15000,15000,403.38816809509245,3.3881680950924533,3.3881680950924533,0.09867244100314565
E1_cec2022_paper_budget,cec2022,2,10,SHADE,2,2437096473727405181,15000,15000,406.5454810735531,6.5454810735531055,6.5454810735531055,0.09765477300970815
E1_cec2022_paper_budget,cec2022,2,10,SHADE,3,6908583130148062393,15000,15000,408.91620459376486,8.91620459376486,8.91620459376486,0.09842379498877563
E1_cec2022_paper_budget,cec2022,2,10,SHADE,4,295706369909630472,15000,15000,408.91646100194527,8.916461001945265,8.916461001945265,0.0996693010092713
E1_cec2022_paper_budget,cec2022,2,10,SHADE,5,5453199920202797212,15000,15000,400.26110760295614,0.26110760295614455,0.26110760295614455,0.09791206498630345
E1_cec2022_paper_budget,cec2022,2,10,SHADE,6,6001970963463221142,15000,15000,400.3356706477024,0.3356706477023863,0.3356706477023863,0.09854679598356597
E1_cec2022_paper_budget,cec2022,2,10,SHADE,7,3632672793122595298,15000,15000,400.25991634790995,0.2599163479099502,0.2599163479099502,0.09912298602284864
E1_cec2022_paper_budget,cec2022,2,10,SHADE,8,1935338566242364148,15000,15000,406.01825123014413,6.018251230144131,6.018251230144131,0.09913601100561209
E1_cec2022_paper_budget,cec2022,2,10,SHADE,9,7553135498054972583,15000,15000,400.3918646689222,0.39186466892221006,0.39186466892221006,0.09919701499165967
E1_cec2022_paper_budget,cec2022,2,10,SHADE,10,6694138927086260193,15000,15000,408.9161495352286,8.916149535228612,8.916149535228612,0.10134030500194058
E1_cec2022_paper_budget,cec2022,2,10,SHADE,11,3316063672363806857,15000,15000,408.91613901466695,8.916139014666953,8.916139014666953,0.10112476098584011
E1_cec2022_paper_budget,cec2022,2,10,SHADE,12,8814340353044724861,15000,15000,400.39243502353577,0.39243502353576787,0.39243502353576787,0.10378090300946496
E1_cec2022_paper_budget,cec2022,2,10,SHADE,13,8138387277001442866,15000,15000,406.006399567991,6.006399567991025,6.006399567991025,0.09983003299566917
E1_cec2022_paper_budget,cec2022,2,10,SHADE,14,7554089607632403037,15000,15000,402.080217831302,2.0802178313019795,2.0802178313019795,0.09873334498843178
E1_cec2022_paper_budget,cec2022,2,10,SHADE,15,1919064524136950181,15000,15000,400.61503977430516,0.6150397743051599,0.6150397743051599,0.09861213801195845
E1_cec2022_paper_budget,cec2022,2,10,SHADE,16,8674802843877174260,15000,15000,408.9161284419968,8.916128441996818,8.916128441996818,0.10015329901943915
E1_cec2022_paper_budget,cec2022,2,10,SHADE,17,6535260425396173683,15000,15000,400.43850696185945,0.4385069618594457,0.4385069618594457,0.09932859198306687
E1_cec2022_paper_budget,cec2022,2,10,SHADE,18,3984890068099489324,15000,15000,406.7387968383137,6.738796838313704,6.738796838313704,0.09873136199894361
E1_cec2022_paper_budget,cec2022,2,10,SHADE,19,8047886463590954626,15000,15000,405.094568965127,5.094568965126996,5.094568965126996,0.09946789301466197
E1_cec2022_paper_budget,cec2022,2,10,SHADE,20,6121570706927568790,15000,15000,408.9162256659759,8.916225665975901,8.916225665975901,0.09951187600381672
E1_cec2022_paper_budget,cec2022,2,10,SHADE,21,5943661066330171596,15000,15000,404.2171147665196,4.2171147665196145,4.2171147665196145,0.10141273101908155
E1_cec2022_paper_budget,cec2022,2,10,SHADE,22,2796641357143483115,15000,15000,405.48527585234325,5.48527585234325,5.48527585234325,0.0986060360155534
E1_cec2022_paper_budget,cec2022,2,10,SHADE,23,4638747449909849472,15000,15000,400.35596905901224,0.35596905901223863,0.35596905901223863,0.09726141500868835
E1_cec2022_paper_budget,cec2022,2,10,SHADE,24,5885163807242989815,15000,15000,400.0839818906674,0.08398189066741679,0.08398189066741679,0.09630976000335068
E1_cec2022_paper_budget,cec2022,2,10,SHADE,25,8203066810758656924,15000,15000,404.0579097434855,4.057909743485482,4.057909743485482,0.09831407899037004
E1_cec2022_paper_budget,cec2022,2,10,SHADE,26,6821856757358022621,15000,15000,406.9437566518896,6.943756651889601,6.943756651889601,0.08954689599340782
E1_cec2022_paper_budget,cec2022,2,10,SHADE,27,1587293087713239974,15000,15000,400.3521597345684,0.35215973456837446,0.35215973456837446,0.08621944399783388
E1_cec2022_paper_budget,cec2022,2,10,SHADE,28,9163324017984871411,15000,15000,408.916208610867,8.916208610866988,8.916208610866988,0.0990946929960046
E1_cec2022_paper_budget,cec2022,2,10,SHADE,29,3643747547028904952,15000,15000,408.9224729853096,8.922472985309582,8.922472985309582,0.08548166102264076
E1_cec2022_paper_budget,cec2022,3,10,SHADE,0,4244333828019603463,15000,15000,600.0595780926747,0.059578092674655636,0.059578092674655636,0.18111469098948874
E1_cec2022_paper_budget,cec2022,3,10,SHADE,1,9027352836014537737,15000,15000,600.0806369089324,0.08063690893243347,0.08063690893243347,0.11193734098924324
E1_cec2022_paper_budget,cec2022,3,10,SHADE,2,6195174544249213459,15000,15000,600.0983981408336,0.09839814083363763,0.09839814083363763,0.09800891700433567
E1_cec2022_paper_budget,cec2022,3,10,SHADE,3,169196224451833922,15000,15000,600.0737236745493,0.07372367454934192,0.07372367454934192,0.1075154269929044
E1_cec2022_paper_budget,cec2022,3,10,SHADE,4,704509317402614456,15000,15000,600.1110947878844,0.11109478788443994,0.11109478788443994,0.10472119698533788
E1_cec2022_paper_budget,cec2022,3,10,SHADE,5,7954660469048191798,15000,15000,600.1117087050095,0.11170870500950514,0.11170870500950514,0.10106725301011465
E1_cec2022_paper_budget,cec2022,3,10,SHADE,6,4874277111423268379,15000,15000,600.0456059178335,0.04560591783354084,0.04560591783354084,0.10225641401484609
E1_cec2022_paper_budget,cec2022,3,10,SHADE,7,5355599715414668173,15000,15000,600.1395872616274,0.13958726162741186,0.13958726162741186,0.0954212129872758
E1_cec2022_paper_budget,cec2022,3,10,SHADE,8,6200834621747959839,15000,15000,600.0950716183986,0.095071618398606,0.095071618398606,0.12149646002217196
E1_cec2022_paper_budget,cec2022,3,10,SHADE,9,4629714620361532502,15000,15000,600.0945623384124,0.09456233841240191,0.09456233841240191,0.12325737299397588
E1_cec2022_paper_budget,cec2022,3,10,SHADE,10,3675322580468178061,15000,15000,600.0803731746735,0.08037317467346838,0.08037317467346838,0.1255988350021653
E1_cec2022_paper_budget,cec2022,3,10,SHADE,11,2163503764329799426,15000,15000,600.1168399305378,0.1168399305378216,0.1168399305378216,0.12469129299279302
E1_cec2022_paper_budget,cec2022,3,10,SHADE,12,7061951024918159301,15000,15000,600.0727373454644,0.07273734546436117,0.07273734546436117,0.0917155829956755
E1_cec2022_paper_budget,cec2022,3,10,SHADE,13,913213522852998230,15000,15000,600.067849865996,0.06784986599598142,0.06784986599598142,0.0938523999939207
E1_cec2022_paper_budget,cec2022,3,10,SHADE,14,762411968429055791,15000,15000,600.0924791543594,0.09247915435935283,0.09247915435935283,0.10531622299458832
E1_cec2022_paper_budget,cec2022,3,10,SHADE,15,9102326220578381684,15000,15000,600.0609645332876,0.06096453328757434,0.06096453328757434,0.10489033398334868
E1_cec2022_paper_budget,cec2022,3,10,SHADE,16,6278425803630058004,15000,15000,600.0865946929968,0.08659469299675493,0.08659469299675493,0.08379651000723243
E1_cec2022_paper_budget,cec2022,3,10,SHADE,17,7298736844775561708,15000,15000,600.0736522213548,0.07365222135479144,0.07365222135479144,0.09728525998070836
E1_cec2022_paper_budget,cec2022,3,10,SHADE,18,4489666925043700461,15000,15000,600.0655366626313,0.06553666263130253,0.06553666263130253,0.08336764597333968
E1_cec2022_paper_budget,cec2022,3,10,SHADE,19,7175854019785994434,15000,15000,600.0576352628124,0.05763526281236864,0.05763526281236864,0.09256042802007869
E1_cec2022_paper_budget,cec2022,3,10,SHADE,20,5988479756670531026,15000,15000,600.0763330810047,0.07633308100469094,0.07633308100469094,0.09375881601590663
E1_cec2022_paper_budget,cec2022,3,10,SHADE,21,2525693547666048321,15000,15000,600.0808253059624,0.08082530596243487,0.08082530596243487,0.09223553800256923
E1_cec2022_paper_budget,cec2022,3,10,SHADE,22,1883485543685567095,15000,15000,600.03813514013,0.03813514012995256,0.03813514012995256,0.09050302900141105
E1_cec2022_paper_budget,cec2022,3,10,SHADE,23,4893917327203735631,15000,15000,600.0744610829796,0.07446108297961018,0.07446108297961018,0.09785319498041645
E1_cec2022_paper_budget,cec2022,3,10,SHADE,24,6256839571133433630,15000,15000,600.0544779100014,0.05447791000142388,0.05447791000142388,0.09208242100430652
E1_cec2022_paper_budget,cec2022,3,10,SHADE,25,409367319989923804,15000,15000,600.0673308552465,0.06733085524649596,0.06733085524649596,0.09151500702137128
E1_cec2022_paper_budget,cec2022,3,10,SHADE,26,947280155914450304,15000,15000,600.067392445146,0.06739244514596976,0.06739244514596976,0.09035326799494214
E1_cec2022_paper_budget,cec2022,3,10,SHADE,27,9023209639288057327,15000,15000,600.0897540862685,0.08975408626849912,0.08975408626849912,0.09248736000154167
E1_cec2022_paper_budget,cec2022,3,10,SHADE,28,6098619826593243450,15000,15000,600.0511182363198,0.05111823631978041,0.05111823631978041,0.09089354099705815
E1_cec2022_paper_budget,cec2022,3,10,SHADE,29,7648979963052590968,15000,15000,600.083685255651,0.08368525565094842,0.08368525565094842,0.09547081700293347
E1_cec2022_paper_budget,cec2022,4,10,SHADE,0,7463142965758506809,15000,15000,831.1540574454971,31.154057445497074,31.154057445497074,0.13589531698380597
E1_cec2022_paper_budget,cec2022,4,10,SHADE,1,1899469406576891425,15000,15000,829.1210816370547,29.121081637054658,29.121081637054658,0.10167717697913758
E1_cec2022_paper_budget,cec2022,4,10,SHADE,2,4565257915493025917,15000,15000,827.7585963045576,27.758596304557614,27.758596304557614,0.10245494599803351
E1_cec2022_paper_budget,cec2022,4,10,SHADE,3,9201236292521947428,15000,15000,830.0906749288704,30.090674928870385,30.090674928870385,0.10296940000262111
E1_cec2022_paper_budget,cec2022,4,10,SHADE,4,2708813775232479620,15000,15000,828.6379970612807,28.637997061280657,28.637997061280657,0.10382792100426741
E1_cec2022_paper_budget,cec2022,4,10,SHADE,5,6082033657949433213,15000,15000,823.3692539443576,23.369253944357638,23.369253944357638,0.10296028398443013
E1_cec2022_paper_budget,cec2022,4,10,SHADE,6,8139543633332856575,15000,15000,823.6464158131533,23.64641581315334,23.64641581315334,0.10449009298463352
E1_cec2022_paper_budget,cec2022,4,10,SHADE,7,9054976574437522183,15000,15000,825.7353325803383,25.73533258033831,25.73533258033831,0.10500493901781738
E1_cec2022_paper_budget,cec2022,4,10,SHADE,8,8108186916150957691,15000,15000,828.5471200231904,28.54712002319036,28.54712002319036,0.10563200400792994
E1_cec2022_paper_budget,cec2022,4,10,SHADE,9,7634105992950643064,15000,15000,821.5097483725533,21.509748372553304,21.509748372553304,0.10160347900819033
E1_cec2022_paper_budget,cec2022,4,10,SHADE,10,3347147386663350259,15000,15000,827.517516701672,27.51751670167198,27.51751670167198,0.1025750609987881
E1_cec2022_paper_budget,cec2022,4,10,SHADE,11,4468411436466986192,15000,15000,824.8186393938017,24.818639393801732,24.818639393801732,0.10338172398041934
E1_cec2022_paper_budget,cec2022,4,10,SHADE,12,384662809513755856,15000,15000,833.4146398185637,33.41463981856373,33.41463981856373,0.10242711400496773
E1_cec2022_paper_budget,cec2022,4,10,SHADE,13,608628402247126221,15000,15000,830.2919755939364,30.2919755939364,30.2919755939364,0.10302630701335147
E1_cec2022_paper_budget,cec2022,4,10,SHADE,14,2594096270941432473,15000,15000,815.9913342982132,15.991334298213246,15.991334298213246,0.10630443599075079
E1_cec2022_paper_budget,cec2022,4,10,SHADE,15,4608653621195258914,15000,15000,826.4478129412345,26.447812941234474,26.447812941234474,0.10250456898938864
E1_cec2022_paper_budget,cec2022,4,10,SHADE,16,5089669577820549810,15000,15000,823.29567718297,23.295677182970053,23.295677182970053,0.10256446100538597
E1_cec2022_paper_budget,cec2022,4,10,SHADE,17,4346975540551891449,15000,15000,833.0877983769376,33.0877983769376,33.0877983769376,0.10417023301124573
E1_cec2022_paper_budget,cec2022,4,10,SHADE,18,6447298364169854296,15000,15000,819.4208911907507,19.420891190750694,19.420891190750694,0.10662519800825976
E1_cec2022_paper_budget,cec2022,4,10,SHADE,19,5345026005400507625,15000,15000,828.587700864081,28.587700864080944,28.587700864080944,0.10457094499724917
E1_cec2022_paper_budget,cec2022,4,10,SHADE,20,965852582112833725,15000,15000,830.2055309170507,30.205530917050737,30.205530917050737,0.10548064098111354
E1_cec2022_paper_budget,cec2022,4,10,SHADE,21,2429935969115731542,15000,15000,826.0304993184614,26.030499318461352,26.030499318461352,0.10438656801125035
E1_cec2022_paper_budget,cec2022,4,10,SHADE,22,2439467994425593224,15000,15000,829.290480274833,29.290480274833044,29.290480274833044,0.10248987097293139
E1_cec2022_paper_budget,cec2022,4,10,SHADE,23,8795669821244593317,15000,15000,828.2684146273635,28.26841462736354,28.26841462736354,0.11236833001021296
E1_cec2022_paper_budget,cec2022,4,10,SHADE,24,2659989230193230163,15000,15000,830.6566481297069,30.656648129706923,30.656648129706923,0.10951693198876455
E1_cec2022_paper_budget,cec2022,4,10,SHADE,25,7086340260126354247,15000,15000,824.4920450959831,24.492045095983144,24.492045095983144,0.10557869399781339
E1_cec2022_paper_budget,cec2022,4,10,SHADE,26,8563819646582378067,15000,15000,825.1216729826124,25.12167298261238,25.12167298261238,0.10314955899957567
E1_cec2022_paper_budget,cec2022,4,10,SHADE,27,3261733375281270103,15000,15000,830.6180724870172,30.61807248701723,30.61807248701723,0.1042359670100268
E1_cec2022_paper_budget,cec2022,4,10,SHADE,28,490996062357592371,15000,15000,824.5613034120615,24.561303412061534,24.561303412061534,0.10461734101409093
E1_cec2022_paper_budget,cec2022,4,10,SHADE,29,2339223883658938262,15000,15000,825.1853651037052,25.18536510370518,25.18536510370518,0.10589302398147993
E1_cec2022_paper_budget,cec2022,7,10,DE,0,4183013775887479152,15000,15000,2024.2595910952625,24.25959109526252,24.25959109526252,0.11378932499792427
E1_cec2022_paper_budget,cec2022,7,10,DE,1,5219794171865848474,15000,15000,2029.3553544470226,29.35535444702259,29.35535444702259,0.08566471398808062
E1_cec2022_paper_budget,cec2022,7,10,DE,2,5893200031907239550,15000,15000,2030.7309484947482,30.73094849474819,30.73094849474819,0.0882664030068554
E1_cec2022_paper_budget,cec2022,7,10,DE,3,4680680860071209555,15000,15000,2029.285590383335,29.28559038333492,29.28559038333492,0.0940433589858003
E1_cec2022_paper_budget,cec2022,7,10,DE,4,8836359211679477645,15000,15000,2031.4939735018381,31.493973501838127,31.493973501838127,0.09175648898235522
E1_cec2022_paper_budget,cec2022,7,10,DE,5,7158302001820852694,15000,15000,2028.8886578119543,28.888657811954317,28.888657811954317,0.09193294000579044
E1_cec2022_paper_budget,cec2022,7,10,DE,6,2234278662068773314,15000,15000,2027.6405528214484,27.64055282144841,27.64055282144841,0.10152156598633155
E1_cec2022_paper_budget,cec2022,7,10,DE,7,3445962122790112140,15000,15000,2027.578837534934,27.57883753493411,27.57883753493411,0.11529835499823093
E1_cec2022_paper_budget,cec2022,7,10,DE,8,75378411373712058,15000,15000,2030.1286455193388,30.12864551933876,30.12864551933876,0.12085361499339342
E1_cec2022_paper_budget,cec2022,7,10,DE,9,3780163044347142632,15000,15000,2031.212626237687,31.21262623768689,31.21262623768689,0.11573035499895923
E1_cec2022_paper_budget,cec2022,7,10,DE,10,7350574715359700771,15000,15000,2027.3547345205338,27.35473452053384,27.35473452053384,0.11642118098097853
E1_cec2022_paper_budget,cec2022,7,10,DE,11,2991615023545588116,15000,15000,2031.2089597068048,31.208959706804762,31.208959706804762,0.12298116501187906
E1_cec2022_paper_budget,cec2022,7,10,DE,12,9191013761461137096,15000,15000,2031.2608070471858,31.260807047185835,31.260807047185835,0.12501203501597047
E1_cec2022_paper_budget,cec2022,7,10,DE,13,3536963327714804758,15000,15000,2028.9020442038202,28.902044203820196,28.902044203820196,0.12254822300747037
E1_cec2022_paper_budget,cec2022,7,10,DE,14,2114271524788962243,15000,15000,2033.3941324591576,33.39413245915762,33.39413245915762,0.12303529598284513
E1_cec2022_paper_budget,cec2022,7,10,DE,15,8882942428757856731,15000,15000,2028.1797211992277,28.179721199227743,28.179721199227743,0.10583423401112668
E1_cec2022_paper_budget,cec2022,7,10,DE,16,9017085414540636876,15000,15000,2033.921781014038,33.92178101403806,33.92178101403806,0.09595795001951046
E1_cec2022_paper_budget,cec2022,7,10,DE,17,5874776194906281987,15000,15000,2030.3408509211015,30.34085092110149,30.34085092110149,0.11240239400649443
E1_cec2022_paper_budget,cec2022,7,10,DE,18,7281201702011720461,15000,15000,2026.6631478410775,26.66314784107749,26.66314784107749,0.09668345999671146
E1_cec2022_paper_budget,cec2022,7,10,DE,19,1100161325845077997,15000,15000,2030.3077400132524,30.30774001325244,30.30774001325244,0.11172904100385495
E1_cec2022_paper_budget,cec2022,7,10,DE,20,2581793463011112432,15000,15000,2024.1854086388041,24.18540863880412,24.18540863880412,0.10104533200501464
E1_cec2022_paper_budget,cec2022,7,10,DE,21,7608990023291285036,15000,15000,2026.5241260335279,26.524126033527864,26.524126033527864,0.1027821300085634
E1_cec2022_paper_budget,cec2022,7,10,DE,22,7904994393918126563,15000,15000,2032.6761220796218,32.67612207962179,32.67612207962179,0.10738179701729678
E1_cec2022_paper_budget,cec2022,7,10,DE,23,6540233884593049384,15000,15000,2028.6564023328938,28.656402332893776,28.656402332893776,0.1012260910065379
E1_cec2022_paper_budget,cec2022,7,10,DE,24,4030505508432821353,15000,15000,2024.8913845723823,24.89138457238232,24.89138457238232,0.1097805250028614
E1_cec2022_paper_budget,cec2022,7,10,DE,25,758351305080290751,15000,15000,2028.3533643491778,28.35336434917781,28.35336434917781,0.12101347499992698
E1_cec2022_paper_budget,cec2022,7,10,DE,26,8088830556079245235,15000,15000,2028.6896246002968,28.68962460029684,28.68962460029684,0.10067567898659036
E1_cec2022_paper_budget,cec2022,7,10,DE,27,5126850219462498706,15000,15000,2025.9708528498368,25.970852849836774,25.970852849836774,0.09918113498133607
E1_cec2022_paper_budget,cec2022,7,10,DE,28,940200866597887452,15000,15000,2032.0281611500843,32.028161150084316,32.028161150084316,0.10878665201016702
E1_cec2022_paper_budget,cec2022,7,10,DE,29,5628185092834397149,15000,15000,2031.9033820121667,31.90338201216673,31.90338201216673,0.11683250300120562
E1_cec2022_paper_budget,cec2022,1,10,LSHADE,0,4563193588277932133,15000,15000,300.00000037666575,3.7666575281036785e-07,3.7666575281036785e-07,0.1932600210129749
E1_cec2022_paper_budget,cec2022,1,10,LSHADE,1,2485311988648983359,15000,15000,300.0000000446759,4.467591452339548e-08,4.467591452339548e-08,0.1866160990030039
E1_cec2022_paper_budget,cec2022,1,10,LSHADE,2,658979004564699639,15000,15000,300.00000084412113,8.441211321041919e-07,8.441211321041919e-07,0.18179415498161688
E1_cec2022_paper_budget,cec2022,1,10,LSHADE,3,468866220662362605,15000,15000,300.0000000858611,8.586107469454873e-08,8.586107469454873e-08,0.18291216299985535
E1_cec2022_paper_budget,cec2022,1,10,LSHADE,4,2865990557910830936,15000,15000,300.0000000082975,0.0,8.297490694531007e-09,0.17624078897642903
E1_cec2022_paper_budget,cec2022,1,10,LSHADE,5,8397012631455355924,15000,15000,300.00000006873853,6.873852953503956e-08,6.873852953503956e-08,0.14272662001894787
E1_cec2022_paper_budget,cec2022,1,10,LSHADE,6,6589817165286830699,15000,15000,300.0000000099356,0.0,9.935604339261772e-09,0.11181066298740916
E1_cec2022_paper_budget,cec2022,1,10,LSHADE,7,3732233363083495370,15000,15000,300.00000000041865,0.0,4.1865177990985103e-10,0.12998235700069927
E1_cec2022_paper_budget,cec2022,1,10,LSHADE,8,2016159144274050672,15000,15000,300.000000004189,0.0,4.189018909528386e-09,0.1812860319914762
E1_cec2022_paper_budget,cec2022,1,10,LSHADE,9,5475509619156969781,15000,15000,300.0000001624322,1.6243217260125675e-07,1.6243217260125675e-07,0.171432792005362
E1_cec2022_paper_budget,cec2022,1,10,LSHADE,10,1955039023678538914,15000,15000,300.00000118450464,1.1845046401504078e-06,1.1845046401504078e-06,0.1828461090044584
E1_cec2022_paper_budget,cec2022,1,10,LSHADE,11,423008351694272185,15000,15000,300.000000005605,0.0,5.6049884733511135e-09,0.18014223701902665
E1_cec2022_paper_budget,cec2022,1,10,LSHADE,12,4622176296615212483,15000,15000,300.00000001611744,1.6117439827212365e-08,1.6117439827212365e-08,0.11149354898952879
E1_cec2022_paper_budget,cec2022,1,10,LSHADE,13,5912422797815398993,15000,15000,300.0000000242376,2.423757905489765e-08,2.423757905489765e-08,0.11196199798723683
E1_cec2022_paper_budget,cec2022,1,10,LSHADE,14,8842832527915882215,15000,15000,300.0000000317829,3.1782917631062446e-08,3.1782917631062446e-08,0.11093985999468714
E1_cec2022_paper_budget,cec2022,1,10,LSHADE,15,83111197558202542,15000,15000,300.00000023811504,2.3811503524484579e-07,2.3811503524484579e-07,0.116171632980695
E1_cec2022_paper_budget,cec2022,1,10,LSHADE,16,6368661468092716626,15000,15000,300.0000000300267,3.002668336193892e-08,3.002668336193892e-08,0.13090243199258111
E1_cec2022_paper_budget,cec2022,1,10,LSHADE,17,7144939010114376042,15000,15000,300.00000000452974,0.0,4.529738362180069e-09,0.12883725902065635
E1_cec2022_paper_budget,cec2022,1,10,LSHADE,18,3637850534124033065,15000,15000,300.0000000094991,0.0,9.499103725829627e-09,0.10830027901101857
E1_cec2022_paper_budget,cec2022,1,10,LSHADE,19,2880048418214899097,15000,15000,300.00000003471206,3.471205900495988e-08,3.471205900495988e-08,0.11006424800143577
E1_cec2022_paper_budget,cec2022,1,10,LSHADE,20,7804488349486001774,15000,15000,300.000000002365,0.0,2.3650272851227783e-09,0.11189282799023204
E1_cec2022_paper_budget,cec2022,1,10,LSHADE,21,284407027266871236,15000,15000,300.0000026417996,2.6417995968586183e-06,2.6417995968586183e-06,0.11742623598547652
E1_cec2022_paper_budget,cec2022,1,10,LSHADE,22,7680148098169073582,15000,15000,300.0000000042543,0.0,4.2542751543805934e-09,0.12586816999828443
E1_cec2022_paper_budget,cec2022,1,10,LSHADE,23,2098046199296183002,15000,15000,300.0000001161133,1.1611331274252734e-07,1.1611331274252734e-07,0.11763489700388163
E1_cec2022_paper_budget,cec2022,1,10,LSHADE,24,7263883358484808033,15000,15000,300.0000000603067,6.030671784174046e-08,6.030671784174046e-08,0.12133962698862888
E1_cec2022_paper_budget,cec2022,1,10,LSHADE,25,1465493295767567294,15000,15000,300.00000005630835,5.630835175907123e-08,5.630835175907123e-08,0.11985659401398152
E1_cec2022_paper_budget,cec2022,1,10,LSHADE,26,7248187823444697847,15000,15000,300.0000000254725,2.5472502329648705e-08,2.5472502329648705e-08,0.11585690299398266
E1_cec2022_paper_budget,cec2022,1,10,LSHADE,27,2349416007791623656,15000,15000,300.0000003126482,3.126481828985561e-07,3.126481828985561e-07,0.12863642201409675
E1_cec2022_paper_budget,cec2022,1,10,LSHADE,28,2652620178065177745,15000,15000,300.0000033130858,3.3130858128060936e-06,3.3130858128060936e-06,0.13358440200681798
E1_cec2022_paper_budget,cec2022,1,10,LSHADE,29,6036924251104356954,15000,15000,300.00000001707906,1.7079059944080655e-08,1.7079059944080655e-08,0.1311564079951495
E1_cec2022_paper_budget,cec2022,7,10,SHADE,0,6425126232282238735,15000,15000,2025.4703098355026,25.470309835502576,25.470309835502576,0.18043980599031784
E1_cec2022_paper_budget,cec2022,7,10,SHADE,1,6583180870709090547,15000,15000,2023.4869513082817,23.486951308281732,23.486951308281732,0.15105872799176723
E1_cec2022_paper_budget,cec2022,7,10,SHADE,2,6169762145212538736,15000,15000,2026.487296301405,26.487296301404967,26.487296301404967,0.14936067297821864
E1_cec2022_paper_budget,cec2022,7,10,SHADE,3,9102574474213706828,15000,15000,2023.0333141506474,23.033314150647357,23.033314150647357,0.1502558920183219
E1_cec2022_paper_budget,cec2022,7,10,SHADE,4,623625419721351764,15000,15000,2020.1879897441986,20.187989744198603,20.187989744198603,0.15066776500316337
E1_cec2022_paper_budget,cec2022,7,10,SHADE,5,6666454581747516997,15000,15000,2026.2032298439399,26.20322984393988,26.20322984393988,0.15311522502452135
E1_cec2022_paper_budget,cec2022,7,10,SHADE,6,8501364175125578505,15000,15000,2024.4711475754161,24.471147575416126,24.471147575416126,0.15330497999093495
E1_cec2022_paper_budget,cec2022,7,10,SHADE,7,7740593862212360974,15000,15000,2023.014501166722,23.014501166722084,23.014501166722084,0.18087134501547553
E1_cec2022_paper_budget,cec2022,7,10,SHADE,8,3712962747472836627,15000,15000,2026.7488983261364,26.74889832613644,26.74889832613644,0.17140263502369635
E1_cec2022_paper_budget,cec2022,7,10,SHADE,9,7375942326376013865,15000,15000,2025.376945921738,25.37694592173807,25.37694592173807,0.15432382200378925
E1_cec2022_paper_budget,cec2022,7,10,SHADE,10,8871851882288028204,15000,15000,2021.7070307891993,21.70703078919928,21.70703078919928,0.15105918899644166
E1_cec2022_paper_budget,cec2022,7,10,SHADE,11,6384138984454882499,15000,15000,2024.5888232197285,24.58882321972851,24.58882321972851,0.1524199609993957
E1_cec2022_paper_budget,cec2022,7,10,SHADE,12,9168287186079985388,15000,15000,2029.229970445405,29.229970445404888,29.229970445404888,0.15892221601097845
E1_cec2022_paper_budget,cec2022,7,10,SHADE,13,737923811912868806,15000,15000,2026.1117347801148,26.11173478011483,26.11173478011483,0.15883555400068872
E1_cec2022_paper_budget,cec2022,7,10,SHADE,14,5884341256194737877,15000,15000,2024.7910092481031,24.791009248103137,24.791009248103137,0.15569772900198586
E1_cec2022_paper_budget,cec2022,7,10,SHADE,15,7392412856533268407,15000,15000,2016.890152587495,16.890152587495095,16.890152587495095,0.1505116719927173
E1_cec2022_paper_budget,cec2022,7,10,SHADE,16,6049953903515914044,15000,15000,2022.3882721007174,22.38827210071736,22.38827210071736,0.14849997899727896
E1_cec2022_paper_budget,cec2022,7,10,SHADE,17,7239650750882535665,15000,15000,2020.3397743592177,20.3397743592177,20.3397743592177,0.14882842398947105
E1_cec2022_paper_budget,cec2022,7,10,SHADE,18,7532311615865032409,15000,15000,2025.8644442846362,25.864444284636193,25.864444284636193,0.14986937699723057
E1_cec2022_paper_budget,cec2022,7,10,SHADE,19,5333663976622301438,15000,15000,2026.9684971936406,26.968497193640587,26.968497193640587,0.14720031997421756
E1_cec2022_paper_budget,cec2022,7,10,SHADE,20,5639411713050771765,15000,15000,2026.5252723561437,26.52527235614366,26.52527235614366,0.13019165900186636
E1_cec2022_paper_budget,cec2022,7,10,SHADE,21,4854479921079461046,15000,15000,2021.9807130719591,21.980713071959144,21.980713071959144,0.12869000300997868
E1_cec2022_paper_budget,cec2022,7,10,SHADE,22,6356417320878290108,15000,15000,2025.4046301424191,25.404630142419137,25.404630142419137,0.1371086529979948
E1_cec2022_paper_budget,cec2022,7,10,SHADE,23,3018962807335140802,15000,15000,2025.2440735916505,25.244073591650476,25.244073591650476,0.13229894102551043
E1_cec2022_paper_budget,cec2022,7,10,SHADE,24,7095578965104068365,15000,15000,2023.5007072997087,23.500707299708665,23.500707299708665,0.1290698750235606
E1_cec2022_paper_budget,cec2022,7,10,SHADE,25,8008743691467463025,15000,15000,2019.3359329140617,19.335932914061686,19.335932914061686,0.11368885601405054
E1_cec2022_paper_budget,cec2022,7,10,SHADE,26,1653763051552685896,15000,15000,2019.4802140196707,19.48021401967071,19.48021401967071,0.11949812198872678
E1_cec2022_paper_budget,cec2022,7,10,SHADE,27,3953354870956476098,15000,15000,2024.9156734024127,24.91567340241272,24.91567340241272,0.13589403399964795
E1_cec2022_paper_budget,cec2022,7,10,SHADE,28,1436502554526233495,15000,15000,2022.25956244726,22.259562447259896,22.259562447259896,0.14556895100395195
E1_cec2022_paper_budget,cec2022,7,10,SHADE,29,6341723436426621711,15000,15000,2026.7515729564277,26.751572956427708,26.751572956427708,0.1354646700201556
E1_cec2022_paper_budget,cec2022,2,10,LSHADE,0,408757375111613677,15000,15000,404.00224305751215,4.002243057512146,4.002243057512146,0.2117551009869203
E1_cec2022_paper_budget,cec2022,2,10,LSHADE,1,5099562171263016745,15000,15000,408.91610192781303,8.916101927813031,8.916101927813031,0.1878584399819374
E1_cec2022_paper_budget,cec2022,2,10,LSHADE,2,507576614114488487,15000,15000,408.91610192782036,8.916101927820364,8.916101927820364,0.18783873302163556
E1_cec2022_paper_budget,cec2022,2,10,LSHADE,3,1029671763839036945,15000,15000,403.9865948062784,3.98659480627839,3.98659480627839,0.19031735201133415
E1_cec2022_paper_budget,cec2022,2,10,LSHADE,4,3912879994262474500,15000,15000,403.9881409383228,3.988140938322772,3.988140938322772,0.18807274202117696
E1_cec2022_paper_budget,cec2022,2,10,LSHADE,5,109880307954256534,15000,15000,403.98660677423373,3.986606774233735,3.986606774233735,0.19055839400971308
E1_cec2022_paper_budget,cec2022,2,10,LSHADE,6,4935547196374992028,15000,15000,403.9865947635261,3.9865947635261136,3.9865947635261136,0.1906286659941543
E1_cec2022_paper_budget,cec2022,2,10,LSHADE,7,7477477566124194072,15000,15000,403.98667051068753,3.9866705106875315,3.9866705106875315,0.17619626698433422
E1_cec2022_paper_budget,cec2022,2,10,LSHADE,8,1263628524724041980,15000,15000,408.91610192788437,8.91610192788437,8.91610192788437,0.12440770099055953
E1_cec2022_paper_budget,cec2022,2,10,LSHADE,9,8648675279036570157,15000,15000,403.9865794204089,3.986579420408873,3.986579420408873,0.13012750900816172
E1_cec2022_paper_budget,cec2022,2,10,LSHADE,10,7990548670730229077,15000,15000,403.9871001301563,3.987100130156307,3.987100130156307,0.12922234099823982
E1_cec2022_paper_budget,cec2022,2,10,LSHADE,11,3526209708532052314,15000,15000,403.9890650479393,3.9890650479392775,3.9890650479392775,0.12668810799368657
E1_cec2022_paper_budget,cec2022,2,10,LSHADE,12,6243565250492650970,15000,15000,403.9866266359675,3.986626635967525,3.986626635967525,0.16305663200910203
E1_cec2022_paper_budget,cec2022,2,10,LSHADE,13,4351466330776098946,15000,15000,408.91610192780337,8.916101927803368,8.916101927803368,0.1773941929859575
E1_cec2022_paper_budget,cec2022,2,10,LSHADE,14,1342969226948091510,15000,15000,408.91610192780104,8.916101927801037,8.916101927801037,0.1591574370104354
E1_cec2022_paper_budget,cec2022,2,10,LSHADE,15,5938786711461247408,15000,15000,408.916101927947,8.916101927947011,8.916101927947011,0.14841041000909172
E1_cec2022_paper_budget,cec2022,2,10,LSHADE,16,1879515217090088393,15000,15000,403.9866057352661,3.986605735266096,3.986605735266096,0.1489183540106751
E1_cec2022_paper_budget,cec2022,2,10,LSHADE,17,2607725189603572332,15000,15000,403.98676156328617,3.9867615632861657,3.9867615632861657,0.16884079997544177
E1_cec2022_paper_budget,cec2022,2,10,LSHADE,18,2046183954370547465,15000,15000,403.9865796257056,3.9865796257055877,3.9865796257055877,0.1548400800093077
E1_cec2022_paper_budget,cec2022,2,10,LSHADE,19,5712339873467515424,15000,15000,403.9871870794452,3.9871870794452207,3.9871870794452207,0.1603286240133457
E1_cec2022_paper_budget,cec2022,2,10,LSHADE,20,4767949877661104120,15000,15000,403.99527103114065,3.9952710311406463,3.9952710311406463,0.15512155799660832
E1_cec2022_paper_budget,cec2022,2,10,LSHADE,21,4781616071257993838,15000,15000,403.98660277643586,3.986602776435859,3.986602776435859,0.14744996899389662
E1_cec2022_paper_budget,cec2022,2,10,LSHADE,22,3840529762282692383,15000,15000,403.9865804843967,3.986580484396711,3.986580484396711,0.15889607698773034
E1_cec2022_paper_budget,cec2022,2,10,LSHADE,23,769389627304810174,15000,15000,408.91610192778677,8.91610192778677,8.91610192778677,0.12815195397706702
E1_cec2022_paper_budget,cec2022,2,10,LSHADE,24,4984024623844471241,15000,15000,403.98665500151014,3.986655001510144,3.986655001510144,0.12068100101896562
E1_cec2022_paper_budget,cec2022,2,10,LSHADE,25,6826875387483722665,15000,15000,403.9866345284001,3.9866345284000886,3.9866345284000886,0.11468442401383072
E1_cec2022_paper_budget,cec2022,2,10,LSHADE,26,4887119918537059631,15000,15000,403.9865823193182,3.986582319318188,3.986582319318188,0.12340061101713218
E1_cec2022_paper_budget,cec2022,2,10,LSHADE,27,5129765355866459138,15000,15000,403.98670326694037,3.986703266940367,3.986703266940367,0.12540038299630396
E1_cec2022_paper_budget,cec2022,2,10,LSHADE,28,5674142377856521100,15000,15000,403.98661964134567,3.986619641345669,3.986619641345669,0.1374697100254707
E1_cec2022_paper_budget,cec2022,2,10,LSHADE,29,8975192308318042807,15000,15000,404.00778319105876,4.007783191058763,4.007783191058763,0.1380020089854952
E1_cec2022_paper_budget,cec2022,5,10,jSO,0,2483129981440309703,15000,15000,900.0000000000194,0.0,1.944044925039634e-11,0.17842111899517477
E1_cec2022_paper_budget,cec2022,5,10,jSO,1,3784102327340605272,15000,15000,900.0000000000014,0.0,1.3642420526593924e-12,0.17526976799126714
E1_cec2022_paper_budget,cec2022,5,10,jSO,2,7090216990340899663,15000,15000,900.0000000000426,0.0,4.263256414560601e-11,0.17636965101701207
E1_cec2022_paper_budget,cec2022,5,10,jSO,3,4426808909840898648,15000,15000,900.0000000000023,0.0,2.2737367544323206e-12,0.1744328179920558
E1_cec2022_paper_budget,cec2022,5,10,jSO,4,3178621641658516371,15000,15000,900.0000000002409,0.0,2.4090240913210437e-10,0.17768052002065815
E1_cec2022_paper_budget,cec2022,5,10,jSO,5,173295292729466954,15000,15000,900.0000000000068,0.0,6.821210263296962e-12,0.1757254929980263
E1_cec2022_paper_budget,cec2022,5,10,jSO,6,2071518522520274715,15000,15000,900.0000000000127,0.0,1.2732925824820995e-11,0.1781559009978082
E1_cec2022_paper_budget,cec2022,5,10,jSO,7,4763456333294694097,15000,15000,900.0000000001183,0.0,1.1834799806820229e-10,0.17724508300307207
E1_cec2022_paper_budget,cec2022,5,10,jSO,8,7350536795534933971,15000,15000,900.0000000000267,0.0,2.6716406864579767e-11,0.16305000899592414
E1_cec2022_paper_budget,cec2022,5,10,jSO,9,3145685556425259839,15000,15000,900.0000000000305,0.0,3.0468072509393096e-11,0.14169615699211136
E1_cec2022_paper_budget,cec2022,5,10,jSO,10,6072255900896355058,15000,15000,900.0000000000074,0.0,7.389644451905042e-12,0.1415401150006801
E1_cec2022_paper_budget,cec2022,5,10,jSO,11,8490784608247502320,15000,15000,900.0000000000011,0.0,1.1368683772161603e-12,0.13949399700504728
E1_cec2022_paper_budget,cec2022,5,10,jSO,12,3101471913054558645,15000,15000,900.0000000018525,0.0,1.8525270206737332e-09,0.14544360598665662
E1_cec2022_paper_budget,cec2022,5,10,jSO,13,6583217848490134482,15000,15000,900.0000000000007,0.0,6.821210263296962e-13,0.13785301902680658
E1_cec2022_paper_budget,cec2022,5,10,jSO,14,8535770762944009982,15000,15000,900.0000000000047,0.0,4.661160346586257e-12,0.1390860520186834
E1_cec2022_paper_budget,cec2022,5,10,jSO,15,3045818152471301689,15000,15000,900.0000000001221,0.0,1.2209966371301562e-10,0.13354171300306916
E1_cec2022_paper_budget,cec2022,5,10,jSO,16,5351383503789569974,15000,15000,900.0000000000546,0.0,5.4569682106375694e-11,0.13466582100954838
E1_cec2022_paper_budget,cec2022,5,10,jSO,17,8316469752224665353,15000,15000,900.000000000127,0.0,1.269881977350451e-10,0.11837396401097067
E1_cec2022_paper_budget,cec2022,5,10,jSO,18,7891512546211265095,15000,15000,900.0000000001259,0.0,1.2585132935782894e-10,0.11977637498057447
E1_cec2022_paper_budget,cec2022,5,10,jSO,19,5627557518843649211,15000,15000,900.0000000000011,0.0,1.1368683772161603e-12,0.11990240000886843
E1_cec2022_paper_budget,cec2022,5,10,jSO,20,3047532467392738102,15000,15000,900.0000000000026,0.0,2.6147972675971687e-12,0.12626561502111144
E1_cec2022_paper_budget,cec2022,5,10,jSO,21,7276050139882113877,15000,15000,900.0000000000159,0.0,1.5916157281026244e-11,0.12941180600319058
E1_cec2022_paper_budget,cec2022,5,10,jSO,22,8358947943482981622,15000,15000,900.0000000000019,0.0,1.9326762412674725e-12,0.18621367501327768
E1_cec2022_paper_budget,cec2022,5,10,jSO,23,2350849333109887350,15000,15000,900.0000000000002,0.0,2.2737367544323206e-13,0.20501882597454824
E1_cec2022_paper_budget,cec2022,5,10,jSO,24,807494477650872447,15000,15000,900.000000000009,0.0,8.981260180007666e-12,0.2075247859756928
E1_cec2022_paper_budget,cec2022,5,10,jSO,25,1180191021810492314,15000,15000,900.0000000000981,0.0,9.811174095375463e-11,0.20769833200029097
E1_cec2022_paper_budget,cec2022,5,10,jSO,26,5572274285259618200,15000,15000,900.0000000001457,0.0,1.4574652595911175e-10,0.2078997399949003
E1_cec2022_paper_budget,cec2022,5,10,jSO,27,257846481754163850,15000,15000,900.0000000000084,0.0,8.412825991399586e-12,0.206789337011287
E1_cec2022_paper_budget,cec2022,5,10,jSO,28,2058396146937310172,15000,15000,900.0000000000188,0.0,1.8758328224066645e-11,0.20790162301273085
E1_cec2022_paper_budget,cec2022,5,10,jSO,29,6794967974500478288,15000,15000,900.0000000000031,0.0,3.069544618483633e-12,0.2071371799975168
E1_cec2022_paper_budget,cec2022,9,10,DE,0,4470929443124605459,15000,15000,2529.2852639038847,229.2852639038847,229.2852639038847,0.06140581300132908
E1_cec2022_paper_budget,cec2022,9,10,DE,1,3931741429009543384,15000,15000,2529.2845852412543,229.28458524125426,229.28458524125426,0.0575784050161019
E1_cec2022_paper_budget,cec2022,9,10,DE,2,6293295109369562013,15000,15000,2529.284550134388,229.28455013438816,229.28455013438816,0.05911707997438498
E1_cec2022_paper_budget,cec2022,9,10,DE,3,1793443444721774046,15000,15000,2529.285483892597,229.28548389259686,229.28548389259686,0.058698314998764545
E1_cec2022_paper_budget,cec2022,9,10,DE,4,8641670370221460817,15000,15000,2529.2845593462703,229.28455934627027,229.28455934627027,0.06893501602462493
E1_cec2022_paper_budget,cec2022,9,10,DE,5,5479442908495866481,15000,15000,2529.285328090861,229.28532809086119,229.28532809086119,0.0628673949977383
E1_cec2022_paper_budget,cec2022,9,10,DE,6,675677802491728976,15000,15000,2529.2847056365695,229.28470563656947,229.28470563656947,0.0609253529983107
E1_cec2022_paper_budget,cec2022,9,10,DE,7,7200279753122091723,15000,15000,2529.285500758874,229.28550075887415,229.28550075887415,0.06689725298201665
E1_cec2022_paper_budget,cec2022,9,10,DE,8,6932610581534039582,15000,15000,2529.2850127103507,229.28501271035066,229.28501271035066,0.06701749900821596
E1_cec2022_paper_budget,cec2022,9,10,DE,9,2405875773332333395,15000,15000,2529.284603468661,229.28460346866086,229.28460346866086,0.06677309999940917
E1_cec2022_paper_budget,cec2022,9,10,DE,10,555437780882965122,15000,15000,2529.2849106218973,229.28491062189732,229.28491062189732,0.06208793300902471
E1_cec2022_paper_budget,cec2022,9,10,DE,11,6802484703990151894,15000,15000,2529.2846453660936,229.28464536609363,229.28464536609363,0.06278574201860465
E1_cec2022_paper_budget,cec2022,9,10,DE,12,7306043828346484979,15000,15000,2529.2847695589585,229.2847695589585,229.2847695589585,0.05958080000709742
E1_cec2022_paper_budget,cec2022,9,10,DE,13,465766317488988432,15000,15000,2529.2847262711207,229.2847262711207,229.2847262711207,0.05951176100643352
E1_cec2022_paper_budget,cec2022,9,10,DE,14,4254311935722849876,15000,15000,2529.284572148468,229.28457214846821,229.28457214846821,0.0615291639987845
E1_cec2022_paper_budget,cec2022,9,10,DE,15,8840567067316890446,15000,15000,2529.284517245065,229.28451724506522,229.28451724506522,0.07562485299422406
E1_cec2022_paper_budget,cec2022,9,10,DE,16,4308385163695609385,15000,15000,2529.2851935315425,229.28519353154252,229.28519353154252,0.07235134299844503
E1_cec2022_paper_budget,cec2022,9,10,DE,17,5101062939558932720,15000,15000,2529.285477961486,229.28547796148587,229.28547796148587,0.0723974599968642
E1_cec2022_paper_budget,cec2022,9,10,DE,18,5639048741175360190,15000,15000,2529.2844729996145,229.28447299961454,229.28447299961454,0.0729475720145274
E1_cec2022_paper_budget,cec2022,9,10,DE,19,734365943845489292,15000,15000,2529.2850922108237,229.28509221082368,229.28509221082368,0.07817763101775199
E1_cec2022_paper_budget,cec2022,9,10,DE,20,1542229229257656336,15000,15000,2529.284772492963,229.28477249296293,229.28477249296293,0.06631490201107226
E1_cec2022_paper_budget,cec2022,9,10,DE,21,2353174552679801620,15000,15000,2529.2847448563275,229.2847448563275,229.2847448563275,0.05645831397850998
E1_cec2022_paper_budget,cec2022,9,10,DE,22,4772505377377066789,15000,15000,2529.284912884191,229.28491288419082,229.28491288419082,0.060347468010149896
E1_cec2022_paper_budget,cec2022,9,10,DE,23,2195322098752579273,15000,15000,2529.2857763997754,229.2857763997754,229.2857763997754,0.0579608220141381
E1_cec2022_paper_budget,cec2022,9,10,DE,24,4086379299652789054,15000,15000,2529.2844771766654,229.2844771766654,229.2844771766654,0.06215420801891014
E1_cec2022_paper_budget,cec2022,9,10,DE,25,4368543941852792344,15000,15000,2529.2847442797715,229.28474427977153,229.28474427977153,0.06635107897454873
E1_cec2022_paper_budget,cec2022,9,10,DE,26,6450739615457108064,15000,15000,2529.284666112418,229.2846661124181,229.2846661124181,0.06754490800085478
E1_cec2022_paper_budget,cec2022,9,10,DE,27,8462712543966950123,15000,15000,2529.284604388006,229.28460438800585,229.28460438800585,0.06592205498600379
E1_cec2022_paper_budget,cec2022,9,10,DE,28,8987724676972147734,15000,15000,2529.2848860908452,229.28488609084525,229.28488609084525,0.06667752098292112
E1_cec2022_paper_budget,cec2022,9,10,DE,29,3692443347381333296,15000,15000,2529.2861339719184,229.2861339719184,229.2861339719184,0.059314029989764094
E1_cec2022_paper_budget,cec2022,2,10,jSO,0,1910985704275060716,15000,15000,404.78371903395316,4.783719033953162,4.783719033953162,0.37815199699252844
E1_cec2022_paper_budget,cec2022,2,10,jSO,1,5285609953701099765,15000,15000,408.91610192778177,8.916101927781767,8.916101927781767,0.23132491600699723
E1_cec2022_paper_budget,cec2022,2,10,jSO,2,6315038562789908018,15000,15000,408.9161019277881,8.916101927788077,8.916101927788077,0.2191665610007476
E1_cec2022_paper_budget,cec2022,2,10,jSO,3,2367792917653503052,15000,15000,403.98658438829943,3.986584388299434,3.986584388299434,0.22275519199320115
E1_cec2022_paper_budget,cec2022,2,10,jSO,4,6985557230941598550,15000,15000,403.9865791926522,3.9865791926521865,3.9865791926521865,0.21308192901778966
E1_cec2022_paper_budget,cec2022,2,10,jSO,5,7338639643714711175,15000,15000,403.98664138828156,3.986641388281555,3.986641388281555,0.1286721100041177
E1_cec2022_paper_budget,cec2022,2,10,jSO,6,8555735465108381913,15000,15000,408.9161019277823,8.916101927782279,8.916101927782279,0.12370595501852222
E1_cec2022_paper_budget,cec2022,2,10,jSO,7,2720494827201624572,15000,15000,408.9161019277821,8.916101927782108,8.916101927782108,0.14728286600438878
E1_cec2022_paper_budget,cec2022,2,10,jSO,8,1315813472260695143,15000,15000,408.91610192778217,8.916101927782165,8.916101927782165,0.1928353849798441
E1_cec2022_paper_budget,cec2022,2,10,jSO,9,2017676559274284706,15000,15000,408.91610192805865,8.916101928058652,8.916101928058652,0.19112527699326165
E1_cec2022_paper_budget,cec2022,2,10,jSO,10,5355277745898584283,15000,15000,403.9865800301775,3.9865800301774925,3.9865800301774925,0.14907574901008047
E1_cec2022_paper_budget,cec2022,2,10,jSO,11,2755645840974353430,15000,15000,403.98668256211704,3.986682562117039,3.986682562117039,0.13753581402124837
E1_cec2022_paper_budget,cec2022,2,10,jSO,12,6290722256235071670,15000,15000,408.9161019277826,8.91610192778262,8.91610192778262,0.12995930400211364
E1_cec2022_paper_budget,cec2022,2,10,jSO,13,7148746873852826538,15000,15000,408.9161019277873,8.916101927787281,8.916101927787281,0.14083522200235166
E1_cec2022_paper_budget,cec2022,2,10,jSO,14,7023226385494883145,15000,15000,408.9161019277836,8.916101927783586,8.916101927783586,0.13883182499557734
E1_cec2022_paper_budget,cec2022,2,10,jSO,15,7666876749583474601,15000,15000,408.91610192778734,8.916101927787338,8.916101927787338,0.13481536199105904
E1_cec2022_paper_budget,cec2022,2,10,jSO,16,8723187044308872538,15000,15000,408.9161019277829,8.916101927782904,8.916101927782904,0.138640144985402
E1_cec2022_paper_budget,cec2022,2,10,jSO,17,4821716892131916177,15000,15000,403.98659563861287,3.9865956386128687,3.9865956386128687,0.14099366898881271
E1_cec2022_paper_budget,cec2022,2,10,jSO,18,7328724143866930896,15000,15000,403.98659773442023,3.9865977344202292,3.9865977344202292,0.17528783201123588
E1_cec2022_paper_budget,cec2022,2,10,jSO,19,1246208695838900826,15000,15000,403.98658798437623,3.9865879843762286,3.9865879843762286,0.19763829300063662
E1_cec2022_paper_budget,cec2022,2,10,jSO,20,5622756511322048346,15000,15000,408.9161019278067,8.916101927806722,8.916101927806722,0.19749573501758277
E1_cec2022_paper_budget,cec2022,2,10,jSO,21,8756587112062922721,15000,15000,408.916101927834,8.916101927834006,8.916101927834006,0.1973434799874667
E1_cec2022_paper_budget,cec2022,2,10,jSO,22,1693225439405428837,15000,15000,408.9161019277852,8.916101927785178,8.916101927785178,0.19885442397207953
E1_cec2022_paper_budget,cec2022,2,10,jSO,23,6927009878393549549,15000,15000,403.9865796641956,3.986579664195574,3.986579664195574,0.20037945499643683
E1_cec2022_paper_budget,cec2022,2,10,jSO,24,7294222217304325848,15000,15000,408.9161019277898,8.916101927789782,8.916101927789782,0.19893453401164152
E1_cec2022_paper_budget,cec2022,2,10,jSO,25,1945733992116362183,15000,15000,403.9866212863725,3.986621286372497,3.986621286372497,0.2000066550099291
E1_cec2022_paper_budget,cec2022,2,10,jSO,26,8396519401893237276,15000,15000,408.9161019278094,8.916101927809393,8.916101927809393,0.19590401099412702
E1_cec2022_paper_budget,cec2022,2,10,jSO,27,672221117233199823,15000,15000,408.91610192778165,8.916101927781654,8.916101927781654,0.1959873960004188
E1_cec2022_paper_budget,cec2022,2,10,jSO,28,6471959140309007189,15000,15000,408.9161019278052,8.916101927805187,8.916101927805187,0.19545263299369253
E1_cec2022_paper_budget,cec2022,2,10,jSO,29,4627827896715874048,15000,15000,400.0000042291067,4.229106707498431e-06,4.229106707498431e-06,0.19468694701208733
E1_cec2022_paper_budget,cec2022,1,10,jSO,0,7205126600116215396,15000,15000,300.0000000040666,0.0,4.066578185302205e-09,0.19575896800961345
E1_cec2022_paper_budget,cec2022,1,10,jSO,1,8724973199959338679,15000,15000,300.0000000018435,0.0,1.8434889170748647e-09,0.19446985999820754
E1_cec2022_paper_budget,cec2022,1,10,jSO,2,2875869301253951042,15000,15000,300.0000000035185,0.0,3.5184939406462945e-09,0.19526170499739237
E1_cec2022_paper_budget,cec2022,1,10,jSO,3,3260136244702205167,15000,15000,300.00000000110464,0.0,1.1046381587220822e-09,0.19393277302151546
E1_cec2022_paper_budget,cec2022,1,10,jSO,4,1637650871076689500,15000,15000,300.0000000000746,0.0,7.457856554538012e-11,0.19544835601118393
E1_cec2022_paper_budget,cec2022,1,10,jSO,5,6510779717282954316,15000,15000,300.00000000003104,0.0,3.1036506698001176e-11,0.20378560302197002
E1_cec2022_paper_budget,cec2022,1,10,jSO,6,5247691108619424229,15000,15000,300.0000000032328,0.0,3.2327989174518734e-09,0.25772829802008346
E1_cec2022_paper_budget,cec2022,1,10,jSO,7,7892431014407386049,15000,15000,300.0000000116469,1.1646875464066397e-08,1.1646875464066397e-08,0.20795695699052885
E1_cec2022_paper_budget,cec2022,1,10,jSO,8,798356166997378835,15000,15000,300.00000000004036,0.0,4.035882739117369e-11,0.20408526502433233
E1_cec2022_paper_budget,cec2022,1,10,jSO,9,3713521939679211045,15000,15000,300.00000000891816,0.0,8.91816398507217e-09,0.19384334501228295
E1_cec2022_paper_budget,cec2022,1,10,jSO,10,5865683976443332990,15000,15000,300.00000003196027,3.196026909790817e-08,3.196026909790817e-08,0.2263730579870753
E1_cec2022_paper_budget,cec2022,1,10,jSO,11,8181885941294448099,15000,15000,300.0000000001288,0.0,1.2880718713859096e-10,0.21122828297666274
E1_cec2022_paper_budget,cec2022,1,10,jSO,12,4521040247582765188,15000,15000,300.00000000030616,0.0,3.0615865398431197e-10,0.20215055599692278
E1_cec2022_paper_budget,cec2022,1,10,jSO,13,1527956472898811388,15000,15000,300.00000000103466,0.0,1.0346639101044275e-09,0.19730342502589338
E1_cec2022_paper_budget,cec2022,1,10,jSO,14,5313066819135460626,15000,15000,300.00000000521806,0.0,5.218055321165593e-09,0.14819077801075764
E1_cec2022_paper_budget,cec2022,1,10,jSO,15,530649090192728024,15000,15000,300.0000000001862,0.0,1.8621904018800706e-10,0.12271529599092901
E1_cec2022_paper_budget,cec2022,1,10,jSO,16,5672746248569856248,15000,15000,300.0000000005224,0.0,5.223910193308257e-10,0.12199047702597454
E1_cec2022_paper_budget,cec2022,1,10,jSO,17,4448622715673244186,15000,15000,300.0000000131809,1.3180908808863023e-08,1.3180908808863023e-08,0.11983650701586157
E1_cec2022_paper_budget,cec2022,1,10,jSO,18,1917589216502859562,15000,15000,300.0000000037549,0.0,3.754905719688395e-09,0.127903978980612
E1_cec2022_paper_budget,cec2022,1,10,jSO,19,3529980297401629099,15000,15000,300.00000000053893,0.0,5.389324542193208e-10,0.13402118199155666
E1_cec2022_paper_budget,cec2022,1,10,jSO,20,5611233896033314919,15000,15000,300.0000000010316,0.0,1.0315943654859439e-09,0.13011001597624272
E1_cec2022_paper_budget,cec2022,1,10,jSO,21,6342154620028056830,15000,15000,300.0000000005105,0.0,5.105107447889168e-10,0.18523664199165069
E1_cec2022_paper_budget,cec2022,1,10,jSO,22,8212740967630461475,15000,15000,300.0000000006216,0.0,6.215827852429356e-10,0.20464270099182613
E1_cec2022_paper_budget,cec2022,1,10,jSO,23,6711985936125318995,15000,15000,300.0000000001936,0.0,1.936086846399121e-10,0.1957016609958373
E1_cec2022_paper_budget,cec2022,1,10,jSO,24,4127925485186465576,15000,15000,300.0000000003485,0.0,3.4850700103561394e-10,0.1961240730015561
E1_cec2022_paper_budget,cec2022,1,10,jSO,25,860755673400782171,15000,15000,300.0000000065283,0.0,6.528296125907218e-09,0.19954940798925236
E1_cec2022_paper_budget,cec2022,1,10,jSO,26,7113871017365011426,15000,15000,300.00000000045634,0.0,4.5633896661456674e-10,0.19689573999494314
E1_cec2022_paper_budget,cec2022,1,10,jSO,27,983993783512592661,15000,15000,300.00000000016206,0.0,1.6206058717216365e-10,0.19611864199396223
E1_cec2022_paper_budget,cec2022,1,10,jSO,28,648428308452894911,15000,15000,300.00000000132894,0.0,1.3289422895468306e-09,0.19955980699160136
E1_cec2022_paper_budget,cec2022,1,10,jSO,29,3499713280052741840,15000,15000,300.00000001070504,1.070503685696167e-08,1.070503685696167e-08,0.19692617701366544
E1_cec2022_paper_budget,cec2022,6,10,LSHADE,0,8614451014114349770,15000,15000,1801.1242266864615,1.1242266864614976,1.1242266864614976,0.23505061399191618
E1_cec2022_paper_budget,cec2022,6,10,LSHADE,1,8608244392018541449,15000,15000,1800.1232093753165,0.12320937531649179,0.12320937531649179,0.18442819599295035
E1_cec2022_paper_budget,cec2022,6,10,LSHADE,2,4642237399103791479,15000,15000,1800.2682335163752,0.2682335163751759,0.2682335163751759,0.18033386598108336
E1_cec2022_paper_budget,cec2022,6,10,LSHADE,3,9179378978393096589,15000,15000,1804.1675353262167,4.167535326216694,4.167535326216694,0.1832776180235669
E1_cec2022_paper_budget,cec2022,6,10,LSHADE,4,1376139716500369116,15000,15000,1801.4592561569284,1.4592561569284044,1.4592561569284044,0.186493490007706
E1_cec2022_paper_budget,cec2022,6,10,LSHADE,5,65655556187203302,15000,15000,1801.2692955081861,1.2692955081861328,1.2692955081861328,0.18513354897731915
E1_cec2022_paper_budget,cec2022,6,10,LSHADE,6,7532064050492768815,15000,15000,1800.5788860883008,0.5788860883008056,0.5788860883008056,0.18218851499841549
E1_cec2022_paper_budget,cec2022,6,10,LSHADE,7,3571858843648416576,15000,15000,1801.4021840121804,1.4021840121804416,1.4021840121804416,0.1859846449806355
E1_cec2022_paper_budget,cec2022,6,10,LSHADE,8,4004791284628353647,15000,15000,1801.5295910982197,1.5295910982197256,1.5295910982197256,0.18805685100960545
E1_cec2022_paper_budget,cec2022,6,10,LSHADE,9,5290781847863885305,15000,15000,1800.491906645131,0.49190664513093907,0.49190664513093907,0.18627781499526463
E1_cec2022_paper_budget,cec2022,6,10,LSHADE,10,2717679440871054546,15000,15000,1800.5663335264362,0.5663335264362104,0.5663335264362104,0.18960371299181134
E1_cec2022_paper_budget,cec2022,6,10,LSHADE,11,6569656060208339009,15000,15000,1801.1633929849638,1.1633929849638207,1.1633929849638207,0.19113872200250626
E1_cec2022_paper_budget,cec2022,6,10,LSHADE,12,1288093449614102736,15000,15000,1800.3763383215505,0.37633832155052005,0.37633832155052005,0.1914173849800136
E1_cec2022_paper_budget,cec2022,6,10,LSHADE,13,6099960154026955196,15000,15000,1801.4593388298151,1.459338829815124,1.459338829815124,0.19026070498512127
E1_cec2022_paper_budget,cec2022,6,10,LSHADE,14,1274236694641118766,15000,15000,1802.7198616854398,2.7198616854398097,2.7198616854398097,0.18505717598600313
E1_cec2022_paper_budget,cec2022,6,10,LSHADE,15,4906353795510871723,15000,15000,1822.5874215700053,22.58742157000529,22.58742157000529,0.18896396399941295
E1_cec2022_paper_budget,cec2022,6,10,LSHADE,16,3532082494883615244,15000,15000,1803.1104891847526,3.1104891847526233,3.1104891847526233,0.1879906679969281
E1_cec2022_paper_budget,cec2022,6,10,LSHADE,17,8636785780554164582,15000,15000,1800.3155139086077,0.315513908607727,0.315513908607727,0.18954362999647856
E1_cec2022_paper_budget,cec2022,6,10,LSHADE,18,2199592884108438219,15000,15000,1801.566462668127,1.5664626681270875,1.5664626681270875,0.18647783101187088
E1_cec2022_paper_budget,cec2022,6,10,LSHADE,19,4210068674152235033,15000,15000,1801.2600800780776,1.2600800780776353,1.2600800780776353,0.18793536399607547
E1_cec2022_paper_budget,cec2022,6,10,LSHADE,20,2099099870087048927,15000,15000,1802.5732539931964,2.573253993196431,2.573253993196431,0.18743737001204863
E1_cec2022_paper_budget,cec2022,6,10,LSHADE,21,4467169779950790647,15000,15000,1800.320997888542,0.32099788854202416,0.32099788854202416,0.18453160001081415
E1_cec2022_paper_budget,cec2022,6,10,LSHADE,22,7487180873280755381,15000,15000,1801.5229271491748,1.5229271491748477,1.5229271491748477,0.1877744430094026
E1_cec2022_paper_budget,cec2022,6,10,LSHADE,23,3530377045488101977,15000,15000,1800.732731755247,0.7327317552469594,0.7327317552469594,0.18962942200596444
E1_cec2022_paper_budget,cec2022,6,10,LSHADE,24,9091429101262157663,15000,15000,1800.4920769490532,0.4920769490531711,0.4920769490531711,0.18816810002317652
E1_cec2022_paper_budget,cec2022,6,10,LSHADE,25,2331798185278858816,15000,15000,1800.1854136333834,0.18541363338340489,0.18541363338340489,0.18651232501724735
E1_cec2022_paper_budget,cec2022,6,10,LSHADE,26,3674101538914999863,15000,15000,1800.2722111559342,0.2722111559342011,0.2722111559342011,0.1846057990042027
E1_cec2022_paper_budget,cec2022,6,10,LSHADE,27,2178338091671384579,15000,15000,1803.6719517112042,3.6719517112042013,3.6719517112042013,0.18572598998434842
E1_cec2022_paper_budget,cec2022,6,10,LSHADE,28,2393977914509368542,15000,15000,1802.1515235100385,2.151523510038487,2.151523510038487,0.18633397101075388
E1_cec2022_paper_budget,cec2022,6,10,LSHADE,29,4440903580872839571,15000,15000,1801.474778837557,1.4747788375570963,1.4747788375570963,0.18476195199764334
E1_cec2022_paper_budget,cec2022,5,10,LSHADE,0,7144164472386116568,15000,15000,900.0000000004077,0.0,4.076810000697151e-10,0.21654101699823514
E1_cec2022_paper_budget,cec2022,5,10,LSHADE,1,2066900995172313946,15000,15000,900.0000000002428,0.0,2.4283508537337184e-10,0.19238394702551886
E1_cec2022_paper_budget,cec2022,5,10,LSHADE,2,7817453167115664393,15000,15000,900.000000030415,3.04149807561771e-08,3.04149807561771e-08,0.19667580802342854
E1_cec2022_paper_budget,cec2022,5,10,LSHADE,3,7551802987775467503,15000,15000,900.0000000032519,0.0,3.251898306189105e-09,0.20015244898968376
E1_cec2022_paper_budget,cec2022,5,10,LSHADE,4,8902131130010122759,15000,15000,900.0000000059375,0.0,5.93752247368684e-09,0.19207163198734634
E1_cec2022_paper_budget,cec2022,5,10,LSHADE,5,1280066947774115813,15000,15000,900.0000000468615,4.6861487135174684e-08,4.6861487135174684e-08,0.1960927750042174
E1_cec2022_paper_budget,cec2022,5,10,LSHADE,6,4440217975992458171,15000,15000,900.0000000001847,0.0,1.8474111129762605e-10,0.21111147399642505
E1_cec2022_paper_budget,cec2022,5,10,LSHADE,7,8059035042716208234,15000,15000,900.0000000003679,0.0,3.6789060686714947e-10,0.19605662699905224
E1_cec2022_paper_budget,cec2022,5,10,LSHADE,8,3312711848580377048,15000,15000,900.0000000002137,0.0,2.1373125491663814e-10,0.1942598060122691
E1_cec2022_paper_budget,cec2022,5,10,LSHADE,9,1962831917157118490,15000,15000,900.0000000003683,0.0,3.6834535421803594e-10,0.19471556099597365
E1_cec2022_paper_budget,cec2022,5,10,LSHADE,10,3596292029170582572,15000,15000,900.0000000000662,0.0,6.616573955398053e-11,0.19692870197468437
E1_cec2022_paper_budget,cec2022,5,10,LSHADE,11,2960195105327803281,15000,15000,900.000000049531,4.953096777171595e-08,4.953096777171595e-08,0.1967796829994768
E1_cec2022_paper_budget,cec2022,5,10,LSHADE,12,2165783108682434560,15000,15000,900.0000000008401,0.0,8.401457307627425e-10,0.19778048901935108
E1_cec2022_paper_budget,cec2022,5,10,LSHADE,13,6619452594602296225,15000,15000,900.0000000011195,0.0,1.119474291044753e-09,0.19672832600190304
E1_cec2022_paper_budget,cec2022,5,10,LSHADE,14,5384367401760506119,15000,15000,900.000000001122,0.0,1.1219754014746286e-09,0.19574577300227247
E1_cec2022_paper_budget,cec2022,5,10,LSHADE,15,8336916862253251798,15000,15000,900.0000000000354,0.0,3.5356606531422585e-11,0.19707509598811157
E1_cec2022_paper_budget,cec2022,5,10,LSHADE,16,2952743609889472251,15000,15000,900.0000000017625,0.0,1.7624870451982133e-09,0.19932877400424331
E1_cec2022_paper_budget,cec2022,5,10,LSHADE,17,8749373838668325238,15000,15000,900.000000000332,0.0,3.319655661471188e-10,0.20345992199145257
E1_cec2022_paper_budget,cec2022,5,10,LSHADE,18,8830189261915973926,15000,15000,900.0000000024269,0.0,2.4268729248433374e-09,0.20310599799267948
E1_cec2022_paper_budget,cec2022,5,10,LSHADE,19,8797492355110974387,15000,15000,900.0000000001954,0.0,1.9542767404345796e-10,0.2014671050128527
E1_cec2022_paper_budget,cec2022,5,10,LSHADE,20,4835345118707853930,15000,15000,900.0000000021981,0.0,2.198135007347446e-09,0.2002698389987927
E1_cec2022_paper_budget,cec2022,5,10,LSHADE,21,461109824076087022,15000,15000,900.0000000003034,0.0,3.034301698789932e-10,0.19959456301876344
E1_cec2022_paper_budget,cec2022,5,10,LSHADE,22,4231461866724696799,15000,15000,900.0000000005446,0.0,5.445599526865408e-10,0.19924352399539202
E1_cec2022_paper_budget,cec2022,5,10,LSHADE,23,6145325772502445521,15000,15000,900.0000000223844,2.2384369913197588e-08,2.2384369913197588e-08,0.19848248700145632
E1_cec2022_paper_budget,cec2022,5,10,LSHADE,24,6366784007219865824,15000,15000,900.0000000008878,0.0,8.877805157680996e-10,0.19574961002217606
E1_cec2022_paper_budget,cec2022,5,10,LSHADE,25,863197219572429860,15000,15000,900.0000000001761,0.0,1.7610091163078323e-10,0.18218859497574158
E1_cec2022_paper_budget,cec2022,5,10,LSHADE,26,9098575815464443592,15000,15000,900.0000000006582,0.0,6.582467904081568e-10,0.17947913298849016
E1_cec2022_paper_budget,cec2022,5,10,LSHADE,27,3193628394744673907,15000,15000,900.0000000002477,0.0,2.4772361939540133e-10,0.18236521701328456
E1_cec2022_paper_budget,cec2022,5,10,LSHADE,28,4452016598622969290,15000,15000,900.0000000000454,0.0,4.5361048250924796e-11,0.18035729002440348
E1_cec2022_paper_budget,cec2022,5,10,LSHADE,29,7524542346781405758,15000,15000,900.0000000044278,0.0,4.4277612687437795e-09,0.17894013298791833
E1_cec2022_paper_budget,cec2022,6,10,jSO,0,311446376934775584,15000,15000,1800.466333930381,0.46633393038109716,0.46633393038109716,0.291185260983184
E1_cec2022_paper_budget,cec2022,6,10,jSO,1,6122013287712396749,15000,15000,1800.306891789967,0.3068917899670396,0.3068917899670396,0.19251696701394394
E1_cec2022_paper_budget,cec2022,6,10,jSO,2,7781236309937125645,15000,15000,1800.0190085451125,0.019008545112455977,0.019008545112455977,0.19492381199961528
E1_cec2022_paper_budget,cec2022,6,10,jSO,3,2074552813680558745,15000,15000,1800.633219875623,0.633219875622899,0.633219875622899,0.19339909200789407
E1_cec2022_paper_budget,cec2022,6,10,jSO,4,3226711218260103784,15000,15000,1800.2203889780635,0.22038897806351088,0.22038897806351088,0.19154728899593465
E1_cec2022_paper_budget,cec2022,6,10,jSO,5,7069861018955664059,15000,15000,1801.3702089906174,1.370208990617357,1.370208990617357,0.1818991920154076
E1_cec2022_paper_budget,cec2022,6,10,jSO,6,5376195332649128360,15000,15000,1800.4615381369665,0.46153813696651014,0.46153813696651014,0.12179096299223602
E1_cec2022_paper_budget,cec2022,6,10,jSO,7,6518048454882749646,15000,15000,1800.3358494240529,0.3358494240528671,0.3358494240528671,0.1778122469841037
E1_cec2022_paper_budget,cec2022,6,10,jSO,8,8354928187425492832,15000,15000,1800.2982614093767,0.29826140937666423,0.29826140937666423,0.19937636301619932
E1_cec2022_paper_budget,cec2022,6,10,jSO,9,299633490421300460,15000,15000,1800.4673018608719,0.46730186087188486,0.46730186087188486,0.1992081270145718
E1_cec2022_paper_budget,cec2022,6,10,jSO,10,961043057376953423,15000,15000,1801.359728905125,1.359728905124939,1.359728905124939,0.19226505397818983
E1_cec2022_paper_budget,cec2022,6,10,jSO,11,4349702310516255010,15000,15000,1800.3452985285824,0.34529852858236154,0.34529852858236154,0.2041457890009042
E1_cec2022_paper_budget,cec2022,6,10,jSO,12,7182470506371856037,15000,15000,1800.2055181351036,0.20551813510360262,0.20551813510360262,0.19976951100397855
E1_cec2022_paper_budget,cec2022,6,10,jSO,13,2575130097719802141,15000,15000,1800.5197143843093,0.5197143843092817,0.5197143843092817,0.1964134459849447
E1_cec2022_paper_budget,cec2022,6,10,jSO,14,1822893510340387982,15000,15000,1800.2133640777786,0.21336407777857858,0.21336407777857858,0.196603602002142
E1_cec2022_paper_budget,cec2022,6,10,jSO,15,2593721882890561813,15000,15000,1800.4874194006884,0.4874194006883954,0.4874194006883954,0.19887067400850356
E1_cec2022_paper_budget,cec2022,6,10,jSO,16,364052038113365901,15000,15000,1800.4208752622487,0.4208752622487282,0.4208752622487282,0.1924382490105927
E1_cec2022_paper_budget,cec2022,6,10,jSO,17,799606154978949468,15000,15000,1801.5159529461746,1.5159529461745933,1.5159529461745933,0.19795709100435488
E1_cec2022_paper_budget,cec2022,6,10,jSO,18,8395183341198602638,15000,15000,1800.285906209798,0.28590620979798587,0.28590620979798587,0.2005743089830503
E1_cec2022_paper_budget,cec2022,6,10,jSO,19,3711708290734016907,15000,15000,1800.2881427274253,0.2881427274253383,0.2881427274253383,0.1936804589931853
E1_cec2022_paper_budget,cec2022,6,10,jSO,20,1632985242117876826,15000,15000,1800.1029993501609,0.10299935016087147,0.10299935016087147,0.19969451997894794
E1_cec2022_paper_budget,cec2022,6,10,jSO,21,8730944976779108687,15000,15000,1800.3756823653225,0.3756823653225183,0.3756823653225183,0.1977373280096799
E1_cec2022_paper_budget,cec2022,6,10,jSO,22,1438889859542815074,15000,15000,1800.2027385933675,0.202738593367485,0.202738593367485,0.19510769698536023
E1_cec2022_paper_budget,cec2022,6,10,jSO,23,1925479210799403654,15000,15000,1800.4012863268908,0.40128632689084043,0.40128632689084043,0.20089609301066957
E1_cec2022_paper_budget,cec2022,6,10,jSO,24,7729845695629884922,15000,15000,1801.1728437893617,1.1728437893616501,1.1728437893616501,0.1984868450090289
E1_cec2022_paper_budget,cec2022,6,10,jSO,25,385436641126563996,15000,15000,1800.277386761824,0.277386761823891,0.277386761823891,0.19909255098900758
E1_cec2022_paper_budget,cec2022,6,10,jSO,26,3784733592496453096,15000,15000,1800.4043312347346,0.4043312347346273,0.4043312347346273,0.19435771901044063
E1_cec2022_paper_budget,cec2022,6,10,jSO,27,8336213067105477980,15000,15000,1800.495320738456,0.4953207384560301,0.4953207384560301,0.20186193502740934
E1_cec2022_paper_budget,cec2022,6,10,jSO,28,441778614097978318,15000,15000,1801.4874096992123,1.4874096992123214,1.4874096992123214,0.19749318101094104
E1_cec2022_paper_budget,cec2022,6,10,jSO,29,1093898931279655905,15000,15000,1800.2916455983277,0.29164559832770465,0.29164559832770465,0.2011901649821084
E1_cec2022_paper_budget,cec2022,4,10,LSHADE,0,2185789368644106190,15000,15000,803.1627873397897,3.162787339789702,3.162787339789702,0.2144097299897112
E1_cec2022_paper_budget,cec2022,4,10,LSHADE,1,6838990632138364757,15000,15000,807.3873982583527,7.387398258352732,7.387398258352732,0.2036163349985145
E1_cec2022_paper_budget,cec2022,4,10,LSHADE,2,2232615153734907458,15000,15000,804.5255536319704,4.525553631970411,4.525553631970411,0.20309285301482305
E1_cec2022_paper_budget,cec2022,4,10,LSHADE,3,3200442476825320435,15000,15000,806.7252860919338,6.725286091933754,6.725286091933754,0.2016928380180616
E1_cec2022_paper_budget,cec2022,4,10,LSHADE,4,2622399057304392127,15000,15000,805.2689087069848,5.268908706984803,5.268908706984803,0.2079784270026721
E1_cec2022_paper_budget,cec2022,4,10,LSHADE,5,7042144763455768258,15000,15000,809.6169427136531,9.616942713653089,9.616942713653089,0.20070883302832954
E1_cec2022_paper_budget,cec2022,4,10,LSHADE,6,7515833649702654679,15000,15000,812.2092764444295,12.20927644442952,12.20927644442952,0.2050474789866712
E1_cec2022_paper_budget,cec2022,4,10,LSHADE,7,3173223255282219832,15000,15000,806.4775957962264,6.47759579622641,6.47759579622641,0.20238193098339252
E1_cec2022_paper_budget,cec2022,4,10,LSHADE,8,5599809489177583781,15000,15000,806.8336434793523,6.833643479352304,6.833643479352304,0.20162994001293555
E1_cec2022_paper_budget,cec2022,4,10,LSHADE,9,5657414170945303326,15000,15000,807.9596245105705,7.959624510570507,7.959624510570507,0.1943805020127911
E1_cec2022_paper_budget,cec2022,4,10,LSHADE,10,7984164004927675131,15000,15000,806.9749385550302,6.974938555030235,6.974938555030235,0.20030576598946936
E1_cec2022_paper_budget,cec2022,4,10,LSHADE,11,3954965578903848229,15000,15000,804.5653091056614,4.565309105661413,4.565309105661413,0.20443530098418705
E1_cec2022_paper_budget,cec2022,4,10,LSHADE,12,3901710496446866829,15000,15000,805.4874603646131,5.487460364613071,5.487460364613071,0.20309530798112974
E1_cec2022_paper_budget,cec2022,4,10,LSHADE,13,8378289619979850583,15000,15000,811.8226201973774,11.822620197377432,11.822620197377432,0.1471739310072735
E1_cec2022_paper_budget,cec2022,4,10,LSHADE,14,7153681166325507211,15000,15000,810.5185099195662,10.518509919566213,10.518509919566213,0.1697962420003023
E1_cec2022_paper_budget,cec2022,4,10,LSHADE,15,5955608436615622883,15000,15000,815.4740915969452,15.474091596945186,15.474091596945186,0.20452081100665964
E1_cec2022_paper_budget,cec2022,4,10,LSHADE,16,2716069681019565534,15000,15000,804.7281997161566,4.72819971615661,4.72819971615661,0.20095006498740986
E1_cec2022_paper_budget,cec2022,4,10,LSHADE,17,5782404745491776036,15000,15000,805.2253846326207,5.225384632620717,5.225384632620717,0.20285298401722685
E1_cec2022_paper_budget,cec2022,4,10,LSHADE,18,7315616056576538574,15000,15000,805.2047806977176,5.204780697717638,5.204780697717638,0.2057617889950052
E1_cec2022_paper_budget,cec2022,4,10,LSHADE,19,4853005779655063571,15000,15000,808.1233517140734,8.123351714073351,8.123351714073351,0.21015162399271503
E1_cec2022_paper_budget,cec2022,4,10,LSHADE,20,412454737236813544,15000,15000,806.6878160028857,6.687816002885711,6.687816002885711,0.2059402450104244
E1_cec2022_paper_budget,cec2022,4,10,LSHADE,21,6956743687023339908,15000,15000,809.8024843930763,9.80248439307627,9.80248439307627,0.20457836901186965
E1_cec2022_paper_budget,cec2022,4,10,LSHADE,22,5570838381327305703,15000,15000,809.5162679458813,9.516267945881282,9.516267945881282,0.20851532398955896
E1_cec2022_paper_budget,cec2022,4,10,LSHADE,23,4435000078177665890,15000,15000,805.8910984794855,5.891098479485549,5.891098479485549,0.20707166701322421
E1_cec2022_paper_budget,cec2022,4,10,LSHADE,24,4028246111420250515,15000,15000,802.4762363655735,2.476236365573527,2.476236365573527,0.20624764100648463
E1_cec2022_paper_budget,cec2022,4,10,LSHADE,25,9149536371552093213,15000,15000,805.5258827789877,5.525882778987693,5.525882778987693,0.20272867000312544
E1_cec2022_paper_budget,cec2022,4,10,LSHADE,26,7205746538609275020,15000,15000,808.2444622500537,8.244462250053743,8.244462250053743,0.20547756599262357
E1_cec2022_paper_budget,cec2022,4,10,LSHADE,27,1134610130580465564,15000,15000,804.9837657296798,4.983765729679817,4.983765729679817,0.20369826999376528
E1_cec2022_paper_budget,cec2022,4,10,LSHADE,28,2944502567722927920,15000,15000,803.8249485430362,3.8249485430361574,3.8249485430361574,0.20119669701671228
E1_cec2022_paper_budget,cec2022,4,10,LSHADE,29,5725997275447476795,15000,15000,806.5910517143149,6.591051714314858,6.591051714314858,0.1983569010044448
E1_cec2022_paper_budget,cec2022,4,10,jSO,0,1640682205950102086,15000,15000,808.0041492038055,8.004149203805468,8.004149203805468,0.19609456800390035
E1_cec2022_paper_budget,cec2022,4,10,jSO,1,4530836797634456089,15000,15000,806.3299904189117,6.329990418911734,6.329990418911734,0.19951962100458331
E1_cec2022_paper_budget,cec2022,4,10,jSO,2,7427245785989761095,15000,15000,809.4190777945975,9.419077794597456,9.419077794597456,0.19796490599401295
E1_cec2022_paper_budget,cec2022,4,10,jSO,3,1726542540377498204,15000,15000,811.4270422691775,11.427042269177491,11.427042269177491,0.20140699201147072
E1_cec2022_paper_budget,cec2022,4,10,jSO,4,764403458145636363,15000,15000,809.5971405868627,9.597140586862679,9.597140586862679,0.19069449900416657
E1_cec2022_paper_budget,cec2022,4,10,jSO,5,7751690630354383593,15000,15000,812.8910971824007,12.8910971824007,12.8910971824007,0.2031665419926867
E1_cec2022_paper_budget,cec2022,4,10,jSO,6,6356324706058045847,15000,15000,801.804353099639,1.8043530996390018,1.8043530996390018,0.20153464100440033
E1_cec2022_paper_budget,cec2022,4,10,jSO,7,3050439054157419850,15000,15000,815.5287402603592,15.5287402603592,15.5287402603592,0.20126548598636873
E1_cec2022_paper_budget,cec2022,4,10,jSO,8,5276629292131169257,15000,15000,809.9754187803663,9.97541878036634,9.97541878036634,0.20816181099507958
E1_cec2022_paper_budget,cec2022,4,10,jSO,9,6685963398429259334,15000,15000,814.6772098617074,14.67720986170741,14.67720986170741,0.1998627349967137
E1_cec2022_paper_budget,cec2022,4,10,jSO,10,6519109764724323660,15000,15000,804.224313136378,4.224313136377987,4.224313136377987,0.20685834699543193
E1_cec2022_paper_budget,cec2022,4,10,jSO,11,2125048826654545018,15000,15000,803.1917140731442,3.191714073144226,3.191714073144226,0.20422727102413774
E1_cec2022_paper_budget,cec2022,4,10,jSO,12,3477842877315732398,15000,15000,805.8512880751706,5.851288075170601,5.851288075170601,0.20577927201520652
E1_cec2022_paper_budget,cec2022,4,10,jSO,13,4025620768089150692,15000,15000,807.2871964044448,7.287196404444785,7.287196404444785,0.20351556601235643
E1_cec2022_paper_budget,cec2022,4,10,jSO,14,7199246778749560376,15000,15000,814.2110889176583,14.211088917658344,14.211088917658344,0.2030695999856107
E1_cec2022_paper_budget,cec2022,4,10,jSO,15,1955638303084336046,15000,15000,806.1621110881424,6.16211108814241,6.16211108814241,0.21004476200323552
E1_cec2022_paper_budget,cec2022,4,10,jSO,16,4510209288112492599,15000,15000,811.2946537974191,11.294653797419073,11.294653797419073,0.2004834289837163
E1_cec2022_paper_budget,cec2022,4,10,jSO,17,475618553670934401,15000,15000,809.3442766389886,9.344276638988617,9.344276638988617,0.20763562500360422
E1_cec2022_paper_budget,cec2022,4,10,jSO,18,483123047177768852,15000,15000,809.8786757021049,9.878675702104943,9.878675702104943,0.20351950399344787
E1_cec2022_paper_budget,cec2022,4,10,jSO,19,28308995549259440,15000,15000,811.5804380909116,11.58043809091157,11.58043809091157,0.1978320970083587
E1_cec2022_paper_budget,cec2022,4,10,jSO,20,7014985641807451486,15000,15000,807.4462211974546,7.4462211974546335,7.4462211974546335,0.20261874399147928
E1_cec2022_paper_budget,cec2022,4,10,jSO,21,7227457162123700405,15000,15000,810.1085219122347,10.108521912234664,10.108521912234664,0.20402660500258207
E1_cec2022_paper_budget,cec2022,4,10,jSO,22,5926860611722299158,15000,15000,804.1667420868508,4.166742086850832,4.166742086850832,0.20654518902301788
E1_cec2022_paper_budget,cec2022,4,10,jSO,23,2283193738567654362,15000,15000,813.0213041028957,13.02130410289567,13.02130410289567,0.2068877319979947
E1_cec2022_paper_budget,cec2022,4,10,jSO,24,2051903803540623247,15000,15000,814.9315805884416,14.931580588441648,14.931580588441648,0.2039760909974575
E1_cec2022_paper_budget,cec2022,4,10,jSO,25,224164854844093014,15000,15000,817.4002725308812,17.40027253088124,17.40027253088124,0.2040981590107549
E1_cec2022_paper_budget,cec2022,4,10,jSO,26,4187786188667287912,15000,15000,805.3277762502827,5.327776250282682,5.327776250282682,0.20638180201058276
E1_cec2022_paper_budget,cec2022,4,10,jSO,27,7728025143216463486,15000,15000,807.6144971408572,7.614497140857225,7.614497140857225,0.20673855100176297
E1_cec2022_paper_budget,cec2022,4,10,jSO,28,5908377862173069212,15000,15000,806.3816131144692,6.381613114469246,6.381613114469246,0.20626477300538681
E1_cec2022_paper_budget,cec2022,4,10,jSO,29,2705513953026084902,15000,15000,806.3364280624602,6.336428062460186,6.336428062460186,0.20549417700385675
E1_cec2022_paper_budget,cec2022,3,10,LSHADE,0,7706111868407388171,15000,15000,600.0015909786181,0.0015909786180827723,0.0015909786180827723,0.2285009300103411
E1_cec2022_paper_budget,cec2022,3,10,LSHADE,1,3921879147954248316,15000,15000,600.00334266045,0.0033426604500164103,0.0033426604500164103,0.2127790009835735
E1_cec2022_paper_budget,cec2022,3,10,LSHADE,2,2796254080431413238,15000,15000,600.0011086208872,0.0011086208871802228,0.0011086208871802228,0.21258690100512467
E1_cec2022_paper_budget,cec2022,3,10,LSHADE,3,896627623387222836,15000,15000,600.00136049109,0.0013604910900539835,0.0013604910900539835,0.21031560099800117
E1_cec2022_paper_budget,cec2022,3,10,LSHADE,4,951050858438438819,15000,15000,600.0016337906817,0.001633790681694336,0.001633790681694336,0.210517299012281
E1_cec2022_paper_budget,cec2022,3,10,LSHADE,5,985916455430223560,15000,15000,600.0012329285395,0.0012329285394798717,0.0012329285394798717,0.21237661701161414
E1_cec2022_paper_budget,cec2022,3,10,LSHADE,6,5435467675780296593,15000,15000,600.0018484736754,0.0018484736754089681,0.0018484736754089681,0.21334380999905989
E1_cec2022_paper_budget,cec2022,3,10,LSHADE,7,8504325062332577254,15000,15000,600.0040334383484,0.004033438348415075,0.004033438348415075,0.21298640000168234
E1_cec2022_paper_budget,cec2022,3,10,LSHADE,8,59655094272377513,15000,15000,600.0012774980436,0.001277498043577907,0.001277498043577907,0.21428732998901978
E1_cec2022_paper_budget,cec2022,3,10,LSHADE,9,7668448433202313563,15000,15000,600.005847699438,0.005847699438049858,0.005847699438049858,0.21680487200501375
E1_cec2022_paper_budget,cec2022,3,10,LSHADE,10,2561262429723521250,15000,15000,600.0026357897523,0.002635789752275741,0.002635789752275741,0.21425686299335212
E1_cec2022_paper_budget,cec2022,3,10,LSHADE,11,4736256910914104056,15000,15000,600.0013580638342,0.0013580638342318707,0.0013580638342318707,0.21636068902444094
E1_cec2022_paper_budget,cec2022,3,10,LSHADE,12,8088316746261747654,15000,15000,600.0022101303646,0.00221013036457407,0.00221013036457407,0.21494128697668202
E1_cec2022_paper_budget,cec2022,3,10,LSHADE,13,4868705553574969506,15000,15000,600.0014401717824,0.0014401717824057414,0.0014401717824057414,0.2146215770044364
E1_cec2022_paper_budget,cec2022,3,10,LSHADE,14,8689926690318298532,15000,15000,600.0020666420681,0.002066642068143665,0.002066642068143665,0.21612949500558898
E1_cec2022_paper_budget,cec2022,3,10,LSHADE,15,2181287774531894538,15000,15000,600.0025629905381,0.002562990538081067,0.002562990538081067,0.2143000439973548
E1_cec2022_paper_budget,cec2022,3,10,LSHADE,16,5179612694691079415,15000,15000,600.0037425683257,0.0037425683257197306,0.0037425683257197306,0.21564555799704976
E1_cec2022_paper_budget,cec2022,3,10,LSHADE,17,2112142360473677,15000,15000,600.0020108856326,0.0020108856325578017,0.0020108856325578017,0.21548478602198884
E1_cec2022_paper_budget,cec2022,3,10,LSHADE,18,993512451312592158,15000,15000,600.0027664572497,0.00276645724966329,0.00276645724966329,0.2130764189932961
E1_cec2022_paper_budget,cec2022,3,10,LSHADE,19,4563959718738238180,15000,15000,600.0009133478037,0.0009133478037028908,0.0009133478037028908,0.21509003502433188
E1_cec2022_paper_budget,cec2022,3,10,LSHADE,20,4336189674392768163,15000,15000,600.0167110325716,0.016711032571606665,0.016711032571606665,0.2136850509850774
E1_cec2022_paper_budget,cec2022,3,10,LSHADE,21,8409013617474094956,15000,15000,600.0004596794723,0.00045967947232838924,0.00045967947232838924,0.21568752598250285
E1_cec2022_paper_budget,cec2022,3,10,LSHADE,22,6613417587500543720,15000,15000,600.0012138869398,0.0012138869398086172,0.0012138869398086172,0.21471698599634692
E1_cec2022_paper_budget,cec2022,3,10,LSHADE,23,3234906543499545905,15000,15000,600.0020584087338,0.002058408733773831,0.002058408733773831,0.2136681890115142
E1_cec2022_paper_budget,cec2022,3,10,LSHADE,24,2531189153401755763,15000,15000,600.0063590784091,0.006359078409104768,0.006359078409104768,0.21031555102672428
E1_cec2022_paper_budget,cec2022,3,10,LSHADE,25,8828850967723586894,15000,15000,600.0006534239301,0.0006534239300890476,0.0006534239300890476,0.21202502699452452
E1_cec2022_paper_budget,cec2022,3,10,LSHADE,26,4969515371793870709,15000,15000,600.0019690417774,0.001969041777442726,0.001969041777442726,0.21121311400202103
E1_cec2022_paper_budget,cec2022,3,10,LSHADE,27,2141576742225383198,15000,15000,600.0008999038063,0.0008999038062711406,0.0008999038062711406,0.2127883580105845
E1_cec2022_paper_budget,cec2022,3,10,LSHADE,28,8617847085964136120,15000,15000,600.0020061819755,0.002006181975502841,0.002006181975502841,0.20209560301736929
E1_cec2022_paper_budget,cec2022,3,10,LSHADE,29,8412872491703270452,15000,15000,600.0007056529665,0.0007056529665305789,0.0007056529665305789,0.20335364298080094
E1_cec2022_paper_budget,cec2022,8,10,DE,0,1984299955496222836,15000,15000,2219.9653230486574,19.96532304865741,19.96532304865741,0.14135767199331895
E1_cec2022_paper_budget,cec2022,8,10,DE,1,7893941730843715817,15000,15000,2224.727507763916,24.727507763916037,24.727507763916037,0.14162285000202246
E1_cec2022_paper_budget,cec2022,8,10,DE,2,2267292748500013727,15000,15000,2221.5098069526202,21.509806952620238,21.509806952620238,0.14004416798707098
E1_cec2022_paper_budget,cec2022,8,10,DE,3,6589848088466757302,15000,15000,2222.748295165623,22.74829516562295,22.74829516562295,0.1399576870026067
E1_cec2022_paper_budget,cec2022,8,10,DE,4,2427936092184249169,15000,15000,2226.824184042918,26.824184042918205,26.824184042918205,0.13989517898880877
E1_cec2022_paper_budget,cec2022,8,10,DE,5,6561803315347956250,15000,15000,2218.2433962554833,18.243396255483276,18.243396255483276,0.1394079859892372
E1_cec2022_paper_budget,cec2022,8,10,DE,6,4182209365539949702,15000,15000,2225.562637546519,25.562637546519,25.562637546519,0.13940121201449074
E1_cec2022_paper_budget,cec2022,8,10,DE,7,1768582182835944489,15000,15000,2221.410913911408,21.410913911407988,21.410913911407988,0.14344468602212146
E1_cec2022_paper_budget,cec2022,8,10,DE,8,4002597173028933104,15000,15000,2226.338052048001,26.338052048000918,26.338052048000918,0.14128617799724452
E1_cec2022_paper_budget,cec2022,8,10,DE,9,106890866523342381,15000,15000,2221.8437253248558,21.843725324855768,21.843725324855768,0.14003158500418067
E1_cec2022_paper_budget,cec2022,8,10,DE,10,2363929946754543450,15000,15000,2223.967651019254,23.967651019253935,23.967651019253935,0.1401692829967942
E1_cec2022_paper_budget,cec2022,8,10,DE,11,641945743376797690,15000,15000,2221.1333891957042,21.13338919570424,21.13338919570424,0.1406919329892844
E1_cec2022_paper_budget,cec2022,8,10,DE,12,7883586159130029493,15000,15000,2219.752647278701,19.752647278700806,19.752647278700806,0.14095817299676128
E1_cec2022_paper_budget,cec2022,8,10,DE,13,2276870841996751980,15000,15000,2223.6596417225624,23.659641722562355,23.659641722562355,0.14136854201206006
E1_cec2022_paper_budget,cec2022,8,10,DE,14,6840098113193447178,15000,15000,2218.580155901576,18.580155901575836,18.580155901575836,0.14059680499485694
E1_cec2022_paper_budget,cec2022,8,10,DE,15,361049434402471712,15000,15000,2225.652107928355,25.65210792835478,25.65210792835478,0.14111096897977404
E1_cec2022_paper_budget,cec2022,8,10,DE,16,3049056719405743875,15000,15000,2218.512652038904,18.51265203890398,18.51265203890398,0.1403883839957416
E1_cec2022_paper_budget,cec2022,8,10,DE,17,9105860711902073627,15000,15000,2225.4930407036604,25.493040703660427,25.493040703660427,0.1404265959863551
E1_cec2022_paper_budget,cec2022,8,10,DE,18,7409574062161238092,15000,15000,2218.118166063522,18.11816606352204,18.11816606352204,0.17031740001402795
E1_cec2022_paper_budget,cec2022,8,10,DE,19,8236454896545839747,15000,15000,2215.697782031074,15.697782031073984,15.697782031073984,0.1444624759897124
E1_cec2022_paper_budget,cec2022,8,10,DE,20,4381347189548229729,15000,15000,2221.295557477379,21.295557477379134,21.295557477379134,0.1406808930041734
E1_cec2022_paper_budget,cec2022,8,10,DE,21,4530073262444831078,15000,15000,2222.157020413389,22.15702041338909,22.15702041338909,0.14559723401907831
E1_cec2022_paper_budget,cec2022,8,10,DE,22,3147660299658203939,15000,15000,2221.997957908597,21.997957908597073,21.997957908597073,0.14574966998770833
E1_cec2022_paper_budget,cec2022,8,10,DE,23,4443600843642048467,15000,15000,2227.8820626678626,27.882062667862556,27.882062667862556,0.15212174199405126
E1_cec2022_paper_budget,cec2022,8,10,DE,24,3938282392040681651,15000,15000,2224.209582708903,24.20958270890287,24.20958270890287,0.13999607801088132
E1_cec2022_paper_budget,cec2022,8,10,DE,25,5129519052561805978,15000,15000,2222.4195907677913,22.419590767791306,22.419590767791306,0.1422725190059282
E1_cec2022_paper_budget,cec2022,8,10,DE,26,485457289682109686,15000,15000,2228.1405884632895,28.140588463289532,28.140588463289532,0.14374045099248178
E1_cec2022_paper_budget,cec2022,8,10,DE,27,9072233022642225326,15000,15000,2223.4667180743572,23.46671807435723,23.46671807435723,0.14624096199986525
E1_cec2022_paper_budget,cec2022,8,10,DE,28,4576673783698312633,15000,15000,2225.348849422879,25.348849422879084,25.348849422879084,0.1407068519911263
E1_cec2022_paper_budget,cec2022,8,10,DE,29,203734049742265576,15000,15000,2223.900515907525,23.900515907525005,23.900515907525005,0.13956031101406552
E1_cec2022_paper_budget,cec2022,3,10,jSO,0,5545588067474658173,15000,15000,600.0003859313848,0.0003859313848124657,0.0003859313848124657,0.2623787310149055
E1_cec2022_paper_budget,cec2022,3,10,jSO,1,2691548385743740384,15000,15000,600.0002245839149,0.0002245839149281892,0.0002245839149281892,0.21535266801947728
E1_cec2022_paper_budget,cec2022,3,10,jSO,2,4085055247717894302,15000,15000,600.0005198031522,0.000519803152201348,0.000519803152201348,0.21746300600352697
E1_cec2022_paper_budget,cec2022,3,10,jSO,3,6528859730229596055,15000,15000,600.0002871834016,0.0002871834016104913,0.0002871834016104913,0.21929562400327995
E1_cec2022_paper_budget,cec2022,3,10,jSO,4,7440094361641843566,15000,15000,600.000762171319,0.0007621713190246737,0.0007621713190246737,0.22382002999074757
E1_cec2022_paper_budget,cec2022,3,10,jSO,5,2793832887518967135,15000,15000,600.0013369358255,0.0013369358255204133,0.0013369358255204133,0.223479631007649
E1_cec2022_paper_budget,cec2022,3,10,jSO,6,334805223298922270,15000,15000,600.0010298053566,0.0010298053565520604,0.0010298053565520604,0.22909937202348374
E1_cec2022_paper_budget,cec2022,3,10,jSO,7,4053848755127816558,15000,15000,600.0010231594864,0.0010231594864080762,0.0010231594864080762,0.25378789799287915
E1_cec2022_paper_budget,cec2022,3,10,jSO,8,8389517565723907094,15000,15000,600.0003502067033,0.0003502067032741252,0.0003502067032741252,0.24667893402511254
E1_cec2022_paper_budget,cec2022,3,10,jSO,9,6186776131324018784,15000,15000,600.0003020526341,0.0003020526340833385,0.0003020526340833385,0.2345131660113111
E1_cec2022_paper_budget,cec2022,3,10,jSO,10,5594884779779467427,15000,15000,600.0002716046686,0.00027160466856912535,0.00027160466856912535,0.22305626698653214
E1_cec2022_paper_budget,cec2022,3,10,jSO,11,7251326808369096777,15000,15000,600.0010961567644,0.001096156764447187,0.001096156764447187,0.22467212798073888
E1_cec2022_paper_budget,cec2022,3,10,jSO,12,5954338732510363388,15000,15000,600.0002411330785,0.0002411330784752863,0.0002411330784752863,0.2227540500171017
E1_cec2022_paper_budget,cec2022,3,10,jSO,13,2306934075840587782,15000,15000,600.0005194671168,0.0005194671167600973,0.0005194671167600973,0.22137702800682746
E1_cec2022_paper_budget,cec2022,3,10,jSO,14,2431000641787943578,15000,15000,600.0023691127564,0.0023691127563552072,0.0023691127563552072,0.2226489830063656
E1_cec2022_paper_budget,cec2022,3,10,jSO,15,2425356297932019074,15000,15000,600.0005360847789,0.0005360847789006584,0.0005360847789006584,0.223882746999152
E1_cec2022_paper_budget,cec2022,3,10,jSO,16,3774598542597892448,15000,15000,600.0007192016612,0.0007192016612407315,0.0007192016612407315,0.22198213302181102
E1_cec2022_paper_budget,cec2022,3,10,jSO,17,5255524310248683132,15000,15000,600.0005614674427,0.000561467442707908,0.000561467442707908,0.22079580801073462
E1_cec2022_paper_budget,cec2022,3,10,jSO,18,6802846088309258024,15000,15000,600.0001828118676,0.0001828118676030499,0.0001828118676030499,0.22397826600354165
E1_cec2022_paper_budget,cec2022,3,10,jSO,19,7737150978860275085,15000,15000,600.0010022817122,0.0010022817122035121,0.0010022817122035121,0.22043971900711767
E1_cec2022_paper_budget,cec2022,3,10,jSO,20,220895223163549657,15000,15000,600.0003745402994,0.00037454029938999156,0.00037454029938999156,0.22292554198065773
E1_cec2022_paper_budget,cec2022,3,10,jSO,21,6852503766570985535,15000,15000,600.0000534165249,5.3416524906424456e-05,5.3416524906424456e-05,0.23100971500389278
E1_cec2022_paper_budget,cec2022,3,10,jSO,22,4075831711041851709,15000,15000,600.0005718438351,0.000571843835132313,0.000571843835132313,0.2265792039979715
E1_cec2022_paper_budget,cec2022,3,10,jSO,23,283677619751610771,15000,15000,600.0002555892478,0.0002555892477857924,0.0002555892477857924,0.22174350498244166
E1_cec2022_paper_budget,cec2022,3,10,jSO,24,3267944578318225757,15000,15000,600.0005132558928,0.0005132558927698483,0.0005132558927698483,0.22550111298915
E1_cec2022_paper_budget,cec2022,3,10,jSO,25,73696602655462473,15000,15000,600.000325160875,0.00032516087503609015,0.00032516087503609015,0.23551382299046963
E1_cec2022_paper_budget,cec2022,3,10,jSO,26,702313898942982347,15000,15000,600.0003289724426,0.0003289724426167595,0.0003289724426167595,0.23220603799563833
E1_cec2022_paper_budget,cec2022,3,10,jSO,27,2313659636602712891,15000,15000,600.0010053783645,0.0010053783645389558,0.0010053783645389558,0.2261737240187358
E1_cec2022_paper_budget,cec2022,3,10,jSO,28,8381335194033105761,15000,15000,600.0001774920271,0.0001774920270918301,0.0001774920270918301,0.2331393689964898
E1_cec2022_paper_budget,cec2022,3,10,jSO,29,711411416371110014,15000,15000,600.0003514494464,0.00035144944638432207,0.00035144944638432207,0.25860104599269107
E1_cec2022_paper_budget,cec2022,9,10,SHADE,0,3140290012178428174,15000,15000,2529.2846244603097,229.28462446030971,229.28462446030971,0.12670450800214894
E1_cec2022_paper_budget,cec2022,9,10,SHADE,1,7009771303532852655,15000,15000,2529.284400101484,229.28440010148415,229.28440010148415,0.1310820490180049
E1_cec2022_paper_budget,cec2022,9,10,SHADE,2,4753504068112113549,15000,15000,2529.2844139803506,229.28441398035056,229.28441398035056,0.1302042420138605
E1_cec2022_paper_budget,cec2022,9,10,SHADE,3,4608949781713185026,15000,15000,2529.2844152021535,229.28441520215347,229.28441520215347,0.12611560398363508
E1_cec2022_paper_budget,cec2022,9,10,SHADE,4,2158399220541147738,15000,15000,2529.2844954491293,229.28449544912928,229.28449544912928,0.12520914402557537
E1_cec2022_paper_budget,cec2022,9,10,SHADE,5,6511749885676837992,15000,15000,2529.284420399229,229.28442039922902,229.28442039922902,0.13334772901725955
E1_cec2022_paper_budget,cec2022,9,10,SHADE,6,77924939880554705,15000,15000,2529.2845935111836,229.28459351118363,229.28459351118363,0.1295607649954036
E1_cec2022_paper_budget,cec2022,9,10,SHADE,7,3258869320916126086,15000,15000,2529.2844082700676,229.28440827006762,229.28440827006762,0.1231278209888842
E1_cec2022_paper_budget,cec2022,9,10,SHADE,8,3552052687746135752,15000,15000,2529.284467334714,229.284467334714,229.284467334714,0.12177854002220556
E1_cec2022_paper_budget,cec2022,9,10,SHADE,9,1355445764868008746,15000,15000,2529.2844428539383,229.28444285393834,229.28444285393834,0.1231136939895805
E1_cec2022_paper_budget,cec2022,9,10,SHADE,10,7157677456173082247,15000,15000,2529.284414452472,229.284414452472,229.284414452472,0.12856730198836885
E1_cec2022_paper_budget,cec2022,9,10,SHADE,11,8692614051214073674,15000,15000,2529.284404404368,229.28440440436816,229.28440440436816,0.13082690100418404
E1_cec2022_paper_budget,cec2022,9,10,SHADE,12,799558428591407930,15000,15000,2529.284430204786,229.28443020478608,229.28443020478608,0.1309369179944042
E1_cec2022_paper_budget,cec2022,9,10,SHADE,13,6942521374661655913,15000,15000,2529.2844070349697,229.28440703496972,229.28440703496972,0.12304594699526206
E1_cec2022_paper_budget,cec2022,9,10,SHADE,14,3132130669823174113,15000,15000,2529.284413655007,229.28441365500703,229.28441365500703,0.12332139300997369
E1_cec2022_paper_budget,cec2022,9,10,SHADE,15,6910942490359648961,15000,15000,2529.284411319711,229.28441131971113,229.28441131971113,0.12332884801435284
E1_cec2022_paper_budget,cec2022,9,10,SHADE,16,1472573248758736751,15000,15000,2529.284429162757,229.28442916275708,229.28442916275708,0.12314047399559058
E1_cec2022_paper_budget,cec2022,9,10,SHADE,17,4503880021127888544,15000,15000,2529.284415663852,229.2844156638521,229.2844156638521,0.12295322300633416
E1_cec2022_paper_budget,cec2022,9,10,SHADE,18,6806201617803699639,15000,15000,2529.284537964025,229.28453796402482,229.28453796402482,0.12310031900415197
E1_cec2022_paper_budget,cec2022,9,10,SHADE,19,4079301228498148188,15000,15000,2529.2844881231727,229.28448812317265,229.28448812317265,0.12407431600149721
E1_cec2022_paper_budget,cec2022,9,10,SHADE,20,86317810706400053,15000,15000,2529.2844087135645,229.28440871356452,229.28440871356452,0.12324654299300164
E1_cec2022_paper_budget,cec2022,9,10,SHADE,21,2830702465641119801,15000,15000,2529.2844269928064,229.2844269928064,229.2844269928064,0.12196127302013338
E1_cec2022_paper_budget,cec2022,9,10,SHADE,22,7019299629491398606,15000,15000,2529.2846296237094,229.2846296237094,229.2846296237094,0.12271497599431314
E1_cec2022_paper_budget,cec2022,9,10,SHADE,23,4443309248642337006,15000,15000,2529.284433919671,229.28443391967085,229.28443391967085,0.12248556598206051
E1_cec2022_paper_budget,cec2022,9,10,SHADE,24,6825094860100459526,15000,15000,2529.2844263552033,229.28442635520332,229.28442635520332,0.12271897398750298
E1_cec2022_paper_budget,cec2022,9,10,SHADE,25,8486326434275835767,15000,15000,2529.2844228489166,229.28442284891662,229.28442284891662,0.12283895799191669
E1_cec2022_paper_budget,cec2022,9,10,SHADE,26,3016194287306981884,15000,15000,2529.2844468254843,229.28444682548434,229.28444682548434,0.12384284200379625
E1_cec2022_paper_budget,cec2022,9,10,SHADE,27,8927691281612584580,15000,15000,2529.284484865576,229.2844848655759,229.2844848655759,0.12311923399101943
E1_cec2022_paper_budget,cec2022,9,10,SHADE,28,1861368121671057301,15000,15000,2529.2845156583508,229.28451565835076,229.28451565835076,0.12211784601095133
E1_cec2022_paper_budget,cec2022,9,10,SHADE,29,8807805888630099102,15000,15000,2529.284415252939,229.2844152529392,229.2844152529392,0.1213372609927319
E1_cec2022_paper_budget,cec2022,7,10,jSO,0,8619253866648874024,15000,15000,2023.2321191135816,23.232119113581575,23.232119113581575,0.2465295539877843
E1_cec2022_paper_budget,cec2022,7,10,jSO,1,4634022496755482627,15000,15000,2023.7169819849419,23.716981984941867,23.716981984941867,0.23896328298724256
E1_cec2022_paper_budget,cec2022,7,10,jSO,2,6207914762256847026,15000,15000,2029.051548436393,29.051548436392977,29.051548436392977,0.2322381590201985
E1_cec2022_paper_budget,cec2022,7,10,jSO,3,2528613329245583929,15000,15000,2022.2156029003702,22.215602900370186,22.215602900370186,0.24538865499198437
E1_cec2022_paper_budget,cec2022,7,10,jSO,4,5888772423787629772,15000,15000,2014.6744856260304,14.674485626030446,14.674485626030446,0.26754963901476003
E1_cec2022_paper_budget,cec2022,7,10,jSO,5,1260823303627486548,15000,15000,2020.150322567034,20.15032256703398,20.15032256703398,0.24232404699432664
E1_cec2022_paper_budget,cec2022,7,10,jSO,6,8384792051770770171,15000,15000,2024.421151679549,24.421151679548984,24.421151679548984,0.24031730298884213
E1_cec2022_paper_budget,cec2022,7,10,jSO,7,725669271290036056,15000,15000,2010.0051869071933,10.00518690719332,10.00518690719332,0.2454292599868495
E1_cec2022_paper_budget,cec2022,7,10,jSO,8,4697248853193528589,15000,15000,2001.8302436686122,1.8302436686121837,1.8302436686121837,0.24287857598392293
E1_cec2022_paper_budget,cec2022,7,10,jSO,9,618381637039584592,15000,15000,2025.430089984886,25.43008998488608,25.43008998488608,0.23496620598598383
E1_cec2022_paper_budget,cec2022,7,10,jSO,10,2655775422985905074,15000,15000,2004.543999697914,4.543999697913932,4.543999697913932,0.21697255602339283
E1_cec2022_paper_budget,cec2022,7,10,jSO,11,1288708185086400213,15000,15000,2019.5312875531229,19.531287553122866,19.531287553122866,0.16045671500614844
E1_cec2022_paper_budget,cec2022,7,10,jSO,12,5072977668289315985,15000,15000,2006.7440085379644,6.744008537964419,6.744008537964419,0.16283455499797128
E1_cec2022_paper_budget,cec2022,7,10,jSO,13,3352264694804246488,15000,15000,2013.0889266728498,13.088926672849766,13.088926672849766,0.16937723601586185
E1_cec2022_paper_budget,cec2022,7,10,jSO,14,4788209506305033907,15000,15000,2025.3585506475845,25.35855064758448,25.35855064758448,0.157235883991234
E1_cec2022_paper_budget,cec2022,7,10,jSO,15,6075904395203236617,15000,15000,2021.5264998116443,21.52649981164427,21.52649981164427,0.16384945801110007
E1_cec2022_paper_budget,cec2022,7,10,jSO,16,3402381547457158042,15000,15000,2002.756403461849,2.756403461849004,2.756403461849004,0.16779691199189983
E1_cec2022_paper_budget,cec2022,7,10,jSO,17,6092172632356359446,15000,15000,2024.739864878665,24.739864878665003,24.739864878665003,0.15728893398772925
E1_cec2022_paper_budget,cec2022,7,10,jSO,18,5389219291939057502,15000,15000,2024.0807266191862,24.08072661918618,24.08072661918618,0.16092193700023927
E1_cec2022_paper_budget,cec2022,7,10,jSO,19,7303234458165928703,15000,15000,2026.6720967554527,26.672096755452685,26.672096755452685,0.1484109110024292
E1_cec2022_paper_budget,cec2022,7,10,jSO,20,500611515502260321,15000,15000,2027.770258528792,27.770258528792056,27.770258528792056,0.16260329098440707
E1_cec2022_paper_budget,cec2022,7,10,jSO,21,3377360179326594994,15000,15000,2006.3897965393446,6.389796539344616,6.389796539344616,0.15543068799888715
E1_cec2022_paper_budget,cec2022,7,10,jSO,22,3320990720335042465,15000,15000,2009.3678820996704,9.367882099670396,9.367882099670396,0.14705749301356263
E1_cec2022_paper_budget,cec2022,7,10,jSO,23,4780606730494049498,15000,15000,2007.3647309452133,7.364730945213296,7.364730945213296,0.14816087298095226
E1_cec2022_paper_budget,cec2022,7,10,jSO,24,488722421249508680,15000,15000,2026.9664865702587,26.966486570258667,26.966486570258667,0.20019901599152945
E1_cec2022_paper_budget,cec2022,7,10,jSO,25,1169649785015701953,15000,15000,2023.0041231501323,23.004123150132273,23.004123150132273,0.14929216500604525
E1_cec2022_paper_budget,cec2022,7,10,jSO,26,4826955089883322514,15000,15000,2027.6557260004286,27.655726000428558,27.655726000428558,0.14983737698639743
E1_cec2022_paper_budget,cec2022,7,10,jSO,27,7415926109330334669,15000,15000,2002.4916307851565,2.4916307851565307,2.4916307851565307,0.16161001799628139
E1_cec2022_paper_budget,cec2022,7,10,jSO,28,2486849126432880962,15000,15000,2032.392794899909,32.39279489990895,32.39279489990895,0.166123934002826
E1_cec2022_paper_budget,cec2022,7,10,jSO,29,3627412014713974880,15000,15000,2027.0779880222638,27.077988022263753,27.077988022263753,0.16145075898384675
E1_cec2022_paper_budget,cec2022,8,10,SHADE,0,4553445259329369687,15000,15000,2226.3774470006024,26.377447000602388,26.377447000602388,0.17094027801067568
E1_cec2022_paper_budget,cec2022,8,10,SHADE,1,7859058830389143645,15000,15000,2224.253805703516,24.25380570351581,24.25380570351581,0.1695089539862238
E1_cec2022_paper_budget,cec2022,8,10,SHADE,2,4655636306477874532,15000,15000,2219.0096293150805,19.009629315080474,19.009629315080474,0.16970239600050263
E1_cec2022_paper_budget,cec2022,8,10,SHADE,3,3518097255670182456,15000,15000,2227.297648832657,27.29764883265716,27.29764883265716,0.16577090200735256
E1_cec2022_paper_budget,cec2022,8,10,SHADE,4,7512318779729914715,15000,15000,2223.1270328203645,23.127032820364548,23.127032820364548,0.16744743700837716
E1_cec2022_paper_budget,cec2022,8,10,SHADE,5,4512429030612334875,15000,15000,2225.645576629881,25.645576629880907,25.645576629880907,0.1680908039852511
E1_cec2022_paper_budget,cec2022,8,10,SHADE,6,4762975957068106515,15000,15000,2226.3499191948704,26.34991919487038,26.34991919487038,0.16926819100626744
E1_cec2022_paper_budget,cec2022,8,10,SHADE,7,6981190047653685384,15000,15000,2219.3942729077985,19.394272907798495,19.394272907798495,0.1763245860056486
E1_cec2022_paper_budget,cec2022,8,10,SHADE,8,1695087225496765687,15000,15000,2219.131396840156,19.131396840155958,19.131396840155958,0.1685393549851142
E1_cec2022_paper_budget,cec2022,8,10,SHADE,9,6101832269388212295,15000,15000,2220.779507527066,20.779507527066016,20.779507527066016,0.16870168899185956
E1_cec2022_paper_budget,cec2022,8,10,SHADE,10,6158859545295690797,15000,15000,2223.147687702979,23.147687702979056,23.147687702979056,0.16888390100211836
E1_cec2022_paper_budget,cec2022,8,10,SHADE,11,4895857391925806040,15000,15000,2227.9420416860107,27.942041686010725,27.942041686010725,0.16881897900020704
E1_cec2022_paper_budget,cec2022,8,10,SHADE,12,8513527575335586511,15000,15000,2214.649616564109,14.649616564108783,14.649616564108783,0.16830886199022643
E1_cec2022_paper_budget,cec2022,8,10,SHADE,13,1569488799098391656,15000,15000,2225.9717550803516,25.971755080351613,25.971755080351613,0.16726703799213283
E1_cec2022_paper_budget,cec2022,8,10,SHADE,14,1263976645129672069,15000,15000,2220.266249199973,20.266249199973117,20.266249199973117,0.1676255909842439
E1_cec2022_paper_budget,cec2022,8,10,SHADE,15,327637099466263120,15000,15000,2225.0035425535852,25.00354255358525,25.00354255358525,0.16837770101847127
E1_cec2022_paper_budget,cec2022,8,10,SHADE,16,927465477614074317,15000,15000,2224.396124974588,24.39612497458802,24.39612497458802,0.16758411301998422
E1_cec2022_paper_budget,cec2022,8,10,SHADE,17,7192462434877094552,15000,15000,2225.506326020877,25.506326020877168,25.506326020877168,0.16732284298632294
E1_cec2022_paper_budget,cec2022,8,10,SHADE,18,3442589666515087562,15000,15000,2226.0654569304656,26.065456930465643,26.065456930465643,0.17661302801570855
E1_cec2022_paper_budget,cec2022,8,10,SHADE,19,7911748529760545212,15000,15000,2223.741490995375,23.74149099537499,23.74149099537499,0.174159084999701
E1_cec2022_paper_budget,cec2022,8,10,SHADE,20,1598573945330120837,15000,15000,2224.8842273399187,24.884227339918652,24.884227339918652,0.17343495701788925
E1_cec2022_paper_budget,cec2022,8,10,SHADE,21,1753168106056731080,15000,15000,2219.4272004306617,19.427200430661742,19.427200430661742,0.16719798897975124
E1_cec2022_paper_budget,cec2022,8,10,SHADE,22,8248251858825417557,15000,15000,2225.5697070858396,25.569707085839582,25.569707085839582,0.16954981998424046
E1_cec2022_paper_budget,cec2022,8,10,SHADE,23,1643775779869506591,15000,15000,2215.510511345565,15.510511345565192,15.510511345565192,0.16816804799600504
E1_cec2022_paper_budget,cec2022,8,10,SHADE,24,9013581244980205096,15000,15000,2221.6778365995297,21.677836599529655,21.677836599529655,0.1680291279917583
E1_cec2022_paper_budget,cec2022,8,10,SHADE,25,2567338255411178592,15000,15000,2224.041024361268,24.041024361267773,24.041024361267773,0.16705278601148166
E1_cec2022_paper_budget,cec2022,8,10,SHADE,26,6858635004726054907,15000,15000,2224.7252678602295,24.72526786022945,24.72526786022945,0.17472598800668493
E1_cec2022_paper_budget,cec2022,8,10,SHADE,27,6156372724518650721,15000,15000,2226.756712341067,26.756712341067214,26.756712341067214,0.17131425000843592
E1_cec2022_paper_budget,cec2022,8,10,SHADE,28,1888226619729240582,15000,15000,2215.1343062918513,15.134306291851317,15.134306291851317,0.16763339599128813
E1_cec2022_paper_budget,cec2022,8,10,SHADE,29,7149377595297333867,15000,15000,2225.7054731263547,25.70547312635472,25.70547312635472,0.16817769600311294
E1_cec2022_paper_budget,cec2022,10,10,SHADE,0,2235317011422069587,15000,15000,2500.416329873279,100.41632987327921,100.41632987327921,0.0911712720117066
E1_cec2022_paper_budget,cec2022,10,10,SHADE,1,7453768099424795666,15000,15000,2500.4080939096616,100.4080939096616,100.4080939096616,0.09074025400332175
E1_cec2022_paper_budget,cec2022,10,10,SHADE,2,5742654215396046422,15000,15000,2500.4520860525536,100.45208605255357,100.45208605255357,0.09510693399352022
E1_cec2022_paper_budget,cec2022,10,10,SHADE,3,1081052904712602339,15000,15000,2500.417985568278,100.4179855682778,100.4179855682778,0.09055353299481794
E1_cec2022_paper_budget,cec2022,10,10,SHADE,4,3923166966395088496,15000,15000,2500.4129519402477,100.4129519402477,100.4129519402477,0.09637087400187738
E1_cec2022_paper_budget,cec2022,10,10,SHADE,5,1111091870784392418,15000,15000,2630.07539007237,230.07539007236983,230.07539007236983,0.10625182700459845
E1_cec2022_paper_budget,cec2022,10,10,SHADE,6,4626476918917322719,15000,15000,2626.411236198464,226.41123619846394,226.41123619846394,0.10368359999847598
E1_cec2022_paper_budget,cec2022,10,10,SHADE,7,6492903523704810973,15000,15000,2500.339195824457,100.33919582445697,100.33919582445697,0.09744551000767387
E1_cec2022_paper_budget,cec2022,10,10,SHADE,8,115614411081276506,15000,15000,2500.46759478705,100.46759478705007,100.46759478705007,0.08974235199275427
E1_cec2022_paper_budget,cec2022,10,10,SHADE,9,3165139622105809531,15000,15000,2500.403407001122,100.4034070011221,100.4034070011221,0.09092503000283614
E1_cec2022_paper_budget,cec2022,10,10,SHADE,10,8643947404638648072,15000,15000,2500.501555182014,100.50155518201382,100.50155518201382,0.09130186698166654
E1_cec2022_paper_budget,cec2022,10,10,SHADE,11,2757241896609669738,15000,15000,2500.521386027651,100.5213860276508,100.5213860276508,0.09111341397510841
E1_cec2022_paper_budget,cec2022,10,10,SHADE,12,203153987778313452,15000,15000,2500.520412245968,100.52041224596815,100.52041224596815,0.09094333500252105
E1_cec2022_paper_budget,cec2022,10,10,SHADE,13,2275036157651819328,15000,15000,2500.5395778499487,100.53957784994873,100.53957784994873,0.09173213399481028
E1_cec2022_paper_budget,cec2022,10,10,SHADE,14,1729711219001949976,15000,15000,2625.110160177712,225.1101601777118,225.1101601777118,0.12757947001955472
E1_cec2022_paper_budget,cec2022,10,10,SHADE,15,8610321513821344904,15000,15000,2500.5049676416843,100.50496764168429,100.50496764168429,0.10469875400303863
E1_cec2022_paper_budget,cec2022,10,10,SHADE,16,4646117447799107092,15000,15000,2500.372331607804,100.37233160780397,100.37233160780397,0.09781006301636808
E1_cec2022_paper_budget,cec2022,10,10,SHADE,17,8824459387299587139,15000,15000,2500.4661925668324,100.46619256683243,100.46619256683243,0.115108288009651
E1_cec2022_paper_budget,cec2022,10,10,SHADE,18,1647128046310490307,15000,15000,2500.397488971761,100.39748897176105,100.39748897176105,0.12089269800344482
E1_cec2022_paper_budget,cec2022,10,10,SHADE,19,7313528325220593795,15000,15000,2628.5701516563604,228.5701516563604,228.5701516563604,0.1240510419884231
E1_cec2022_paper_budget,cec2022,10,10,SHADE,20,4406578334876207973,15000,15000,2500.3639822889436,100.36398228894359,100.36398228894359,0.09519812499638647
E1_cec2022_paper_budget,cec2022,10,10,SHADE,21,8464249803737051401,15000,15000,2500.4111509136915,100.41115091369147,100.41115091369147,0.09155548200942576
E1_cec2022_paper_budget,cec2022,10,10,SHADE,22,6211583724624791742,15000,15000,2500.4437724927166,100.44377249271656,100.44377249271656,0.09273751897853799
E1_cec2022_paper_budget,cec2022,10,10,SHADE,23,3266850320249432158,15000,15000,2500.4448777277585,100.44487772775847,100.44487772775847,0.0928770310129039
E1_cec2022_paper_budget,cec2022,10,10,SHADE,24,3120634749119785632,15000,15000,2500.558353519928,100.558353519928,100.558353519928,0.09189029000117444
E1_cec2022_paper_budget,cec2022,10,10,SHADE,25,1623340287212225386,15000,15000,2500.431935619041,100.43193561904081,100.43193561904081,0.09380296801100485
E1_cec2022_paper_budget,cec2022,10,10,SHADE,26,3046995957507877136,15000,15000,2500.493894556445,100.49389455644496,100.49389455644496,0.10666349899838679
E1_cec2022_paper_budget,cec2022,10,10,SHADE,27,760844679630594117,15000,15000,2500.3529608947397,100.35296089473968,100.35296089473968,0.11061873802100308
E1_cec2022_paper_budget,cec2022,10,10,SHADE,28,8476525972845563521,15000,15000,2500.4868868185777,100.48688681857766,100.48688681857766,0.10422854198259301
E1_cec2022_paper_budget,cec2022,10,10,SHADE,29,5276598268382216522,15000,15000,2500.4420479879414,100.44204798794135,100.44204798794135,0.09963133998098783
E1_cec2022_paper_budget,cec2022,10,10,DE,0,6018168417054476006,15000,15000,2500.6113979383404,100.61139793834036,100.61139793834036,0.10116480599390343
E1_cec2022_paper_budget,cec2022,10,10,DE,1,8409478040429643223,15000,15000,2500.4555113588044,100.45551135880442,100.45551135880442,0.10275950701907277
E1_cec2022_paper_budget,cec2022,10,10,DE,2,1553986878054070794,15000,15000,2500.4289483805,100.42894838050006,100.42894838050006,0.0998365750128869
E1_cec2022_paper_budget,cec2022,10,10,DE,3,4984594346425314005,15000,15000,2500.5975047664124,100.59750476641238,100.59750476641238,0.10080028200172819
E1_cec2022_paper_budget,cec2022,10,10,DE,4,2733815477117226321,15000,15000,2500.456409690316,100.45640969031592,100.45640969031592,0.10015706598642282
E1_cec2022_paper_budget,cec2022,10,10,DE,5,4215561372882969703,15000,15000,2500.598499551696,100.59849955169602,100.59849955169602,0.10076386400032789
E1_cec2022_paper_budget,cec2022,10,10,DE,6,7015033345947679829,15000,15000,2500.5072413402104,100.50724134021038,100.50724134021038,0.10197586700087413
E1_cec2022_paper_budget,cec2022,10,10,DE,7,3026046436653892132,15000,15000,2500.631472441481,100.63147244148104,100.63147244148104,0.10005471401382238
E1_cec2022_paper_budget,cec2022,10,10,DE,8,5955154579878942104,15000,15000,2500.516476484282,100.51647648428207,100.51647648428207,0.10105416900478303
E1_cec2022_paper_budget,cec2022,10,10,DE,9,3009231365516911371,15000,15000,2500.4323170285625,100.43231702856247,100.43231702856247,0.0991200300049968
E1_cec2022_paper_budget,cec2022,10,10,DE,10,7857201462923506755,15000,15000,2500.5194185908704,100.51941859087037,100.51941859087037,0.09911102399928495
E1_cec2022_paper_budget,cec2022,10,10,DE,11,2576700088675912419,15000,15000,2500.5375215102677,100.53752151026765,100.53752151026765,0.09898002800764516
E1_cec2022_paper_budget,cec2022,10,10,DE,12,441737750001613569,15000,15000,2500.6396297250926,100.63962972509262,100.63962972509262,0.09952717399573885
E1_cec2022_paper_budget,cec2022,10,10,DE,13,4857320509333755067,15000,15000,2500.5888897672576,100.58888976725757,100.58888976725757,0.098214382014703
E1_cec2022_paper_budget,cec2022,10,10,DE,14,6105140422375488461,15000,15000,2500.583315877293,100.58331587729299,100.58331587729299,0.09924187901197001
E1_cec2022_paper_budget,cec2022,10,10,DE,15,2477241290149490544,15000,15000,2500.488300937714,100.48830093771403,100.48830093771403,0.09934641499421559
E1_cec2022_paper_budget,cec2022,10,10,DE,16,2954917765879392971,15000,15000,2500.562428562266,100.56242856226618,100.56242856226618,0.1008508570084814
E1_cec2022_paper_budget,cec2022,10,10,DE,17,937380628105126496,15000,15000,2500.609708942645,100.60970894264483,100.60970894264483,0.10746853999444284
E1_cec2022_paper_budget,cec2022,10,10,DE,18,8663780153268691400,15000,15000,2500.313120559501,100.31312055950093,100.31312055950093,0.10331183302332647
E1_cec2022_paper_budget,cec2022,10,10,DE,19,7029411454448461335,15000,15000,2500.608542834206,100.60854283420622,100.60854283420622,0.09555300101055764
E1_cec2022_paper_budget,cec2022,10,10,DE,20,4471228064165417448,15000,15000,2500.568357392875,100.56835739287499,100.56835739287499,0.10627935899537988
E1_cec2022_paper_budget,cec2022,10,10,DE,21,7900637228079021215,15000,15000,2500.6363258868355,100.6363258868355,100.6363258868355,0.11606192801264115
E1_cec2022_paper_budget,cec2022,10,10,DE,22,505306778810599529,15000,15000,2500.5299992067157,100.52999920671573,100.52999920671573,0.10687316302210093
E1_cec2022_paper_budget,cec2022,10,10,DE,23,2358656349468600574,15000,15000,2500.5996367740613,100.59963677406131,100.59963677406131,0.10494089798885398
E1_cec2022_paper_budget,cec2022,10,10,DE,24,8530688219798099629,15000,15000,2500.541270418541,100.54127041854099,100.54127041854099,0.11210825201123953
E1_cec2022_paper_budget,cec2022,10,10,DE,25,664352691762328995,15000,15000,2500.5948944630204,100.59489446302041,100.59489446302041,0.10250065100262873
E1_cec2022_paper_budget,cec2022,10,10,DE,26,8237174843655454149,15000,15000,2500.4198753968326,100.4198753968326,100.4198753968326,0.10211019901908003
E1_cec2022_paper_budget,cec2022,10,10,DE,27,5215467597798724232,15000,15000,2500.569376416879,100.5693764168791,100.5693764168791,0.10221632898901589
E1_cec2022_paper_budget,cec2022,10,10,DE,28,93676148364405871,15000,15000,2500.431532173304,100.43153217330382,100.43153217330382,0.10311524401186034
E1_cec2022_paper_budget,cec2022,10,10,DE,29,1847839602961405734,15000,15000,2500.5501714731813,100.55017147318131,100.55017147318131,0.10173603700241074
E1_cec2022_paper_budget,cec2022,7,10,LSHADE,0,1243222569911203314,15000,15000,2005.1018048061578,5.101804806157816,5.101804806157816,0.24824088398599997
E1_cec2022_paper_budget,cec2022,7,10,LSHADE,1,1770503549097044213,15000,15000,2009.702771915165,9.70277191516493,9.70277191516493,0.23304262800957076
E1_cec2022_paper_budget,cec2022,7,10,LSHADE,2,9145515406800612864,15000,15000,2005.9470642388999,5.947064238899884,5.947064238899884,0.23544620600296184
E1_cec2022_paper_budget,cec2022,7,10,LSHADE,3,5375181233361892715,15000,15000,2002.2030611437863,2.2030611437862717,2.2030611437862717,0.2335293299984187
E1_cec2022_paper_budget,cec2022,7,10,LSHADE,4,8104828012626693316,15000,15000,2006.9177924272296,6.917792427229642,6.917792427229642,0.23566547699738294
E1_cec2022_paper_budget,cec2022,7,10,LSHADE,5,8684597892257657057,15000,15000,2006.1490653379703,6.149065337970342,6.149065337970342,0.22961050100275315
E1_cec2022_paper_budget,cec2022,7,10,LSHADE,6,4885569053580025696,15000,15000,2011.403050555639,11.403050555639084,11.403050555639084,0.23367300000973046
E1_cec2022_paper_budget,cec2022,7,10,LSHADE,7,7475571484027444096,15000,15000,2003.899095086081,3.8990950860809335,3.8990950860809335,0.23329808699782006
E1_cec2022_paper_budget,cec2022,7,10,LSHADE,8,878579330389191248,15000,15000,2005.8256433405782,5.825643340578154,5.825643340578154,0.23436226299963892
E1_cec2022_paper_budget,cec2022,7,10,LSHADE,9,5730146048492273901,15000,15000,2011.3237073192772,11.323707319277219,11.323707319277219,0.23364689099253155
E1_cec2022_paper_budget,cec2022,7,10,LSHADE,10,8376478922747555999,15000,15000,2005.061924850921,5.061924850921059,5.061924850921059,0.2357448360126
E1_cec2022_paper_budget,cec2022,7,10,LSHADE,11,7697786280438786177,15000,15000,2010.0267776158391,10.026777615839137,10.026777615839137,0.23533928600954823
E1_cec2022_paper_budget,cec2022,7,10,LSHADE,12,8673716517068334081,15000,15000,2012.5286965033572,12.528696503357196,12.528696503357196,0.2348684929893352
E1_cec2022_paper_budget,cec2022,7,10,LSHADE,13,3807771913328549481,15000,15000,2002.9816800424107,2.981680042410744,2.981680042410744,0.23476478800876066
E1_cec2022_paper_budget,cec2022,7,10,LSHADE,14,390307296473420104,15000,15000,2005.0362777566302,5.03627775663017,5.03627775663017,0.2327950629987754
E1_cec2022_paper_budget,cec2022,7,10,LSHADE,15,7965668191670141524,15000,15000,2003.021731545773,3.0217315457730365,3.0217315457730365,0.234869495005114
E1_cec2022_paper_budget,cec2022,7,10,LSHADE,16,2339423522497852045,15000,15000,2010.9395255336406,10.939525533640563,10.939525533640563,0.23383059600018896
E1_cec2022_paper_budget,cec2022,7,10,LSHADE,17,5912730717316597396,15000,15000,2010.3314321997711,10.331432199771143,10.331432199771143,0.23419589098193683
E1_cec2022_paper_budget,cec2022,7,10,LSHADE,18,5877915829826758702,15000,15000,2005.6621520271729,5.662152027172851,5.662152027172851,0.2323131899756845
E1_cec2022_paper_budget,cec2022,7,10,LSHADE,19,1620847479090617224,15000,15000,2012.504321351951,12.50432135195092,12.50432135195092,0.23636698300833814
E1_cec2022_paper_budget,cec2022,7,10,LSHADE,20,5891896122480539273,15000,15000,2007.8175012181725,7.817501218172538,7.817501218172538,0.23427022999385372
E1_cec2022_paper_budget,cec2022,7,10,LSHADE,21,4770493521921001971,15000,15000,2008.4904642970641,8.490464297064136,8.490464297064136,0.22940933299832977
E1_cec2022_paper_budget,cec2022,7,10,LSHADE,22,8968843155080533877,15000,15000,2009.9767055433126,9.976705543312619,9.976705543312619,0.23346827601199038
E1_cec2022_paper_budget,cec2022,7,10,LSHADE,23,4380854488401177198,15000,15000,2008.1364527583812,8.13645275838121,8.13645275838121,0.23635880800429732
E1_cec2022_paper_budget,cec2022,7,10,LSHADE,24,2429764610898229661,15000,15000,2004.0794096081001,4.07940960810015,4.07940960810015,0.23537999202380888
E1_cec2022_paper_budget,cec2022,7,10,LSHADE,25,6600333987713733340,15000,15000,2007.0434480169115,7.043448016911498,7.043448016911498,0.2350806600006763
E1_cec2022_paper_budget,cec2022,7,10,LSHADE,26,8400349316909041423,15000,15000,2009.752375830147,9.752375830147002,9.752375830147002,0.23359481399529614
E1_cec2022_paper_budget,cec2022,7,10,LSHADE,27,234824302371912620,15000,15000,2003.5478986687633,3.5478986687633096,3.5478986687633096,0.23392850899836048
E1_cec2022_paper_budget,cec2022,7,10,LSHADE,28,1761177889468905019,15000,15000,2017.969126813103,17.969126813103003,17.969126813103003,0.2335784230090212
E1_cec2022_paper_budget,cec2022,7,10,LSHADE,29,2519195412932260496,15000,15000,2007.2723198066838,7.272319806683754,7.272319806683754,0.23516674200072885
E1_cec2022_paper_budget,cec2022,9,10,LSHADE,0,3442350027961750652,15000,15000,2529.284382708495,229.28438270849483,229.28438270849483,0.1655743230076041
E1_cec2022_paper_budget,cec2022,9,10,LSHADE,1,6357863171027140764,15000,15000,2529.2843827085026,229.28438270850256,229.28438270850256,0.17815937800332904
E1_cec2022_paper_budget,cec2022,9,10,LSHADE,2,1832788439014958987,15000,15000,2529.284382708497,229.2843827084971,229.2843827084971,0.19383917801314965
E1_cec2022_paper_budget,cec2022,9,10,LSHADE,3,8118500603510602414,15000,15000,2529.2843827086517,229.28438270865172,229.28438270865172,0.1922837900056038
E1_cec2022_paper_budget,cec2022,9,10,LSHADE,4,5340463379119101368,15000,15000,2529.2843827084894,229.28438270848937,229.28438270848937,0.19586867399630137
E1_cec2022_paper_budget,cec2022,9,10,LSHADE,5,1596909372282094322,15000,15000,2529.2843827084916,229.28438270849165,229.28438270849165,0.20233571299468167
E1_cec2022_paper_budget,cec2022,9,10,LSHADE,6,5445635006103086256,15000,15000,2529.2843827084994,229.28438270849938,229.28438270849938,0.19658346500364132
E1_cec2022_paper_budget,cec2022,9,10,LSHADE,7,8436592845959173969,15000,15000,2529.284382708487,229.2843827084871,229.2843827084871,0.19106747800833546
E1_cec2022_paper_budget,cec2022,9,10,LSHADE,8,1824977983099300496,15000,15000,2529.2843827084907,229.28438270849074,229.28438270849074,0.1941939230018761
E1_cec2022_paper_budget,cec2022,9,10,LSHADE,9,2637986891670794330,15000,15000,2529.2843827085617,229.28438270856168,229.28438270856168,0.19741915198392235
E1_cec2022_paper_budget,cec2022,9,10,LSHADE,10,6579234541804724463,15000,15000,2529.2843827085944,229.28438270859442,229.28438270859442,0.1998108369880356
E1_cec2022_paper_budget,cec2022,9,10,LSHADE,11,6627756931631889710,15000,15000,2529.284382708488,229.284382708488,229.284382708488,0.19172917000832967
E1_cec2022_paper_budget,cec2022,9,10,LSHADE,12,1302506333623018836,15000,15000,2529.284382708494,229.28438270849392,229.28438270849392,0.1936231720028445
E1_cec2022_paper_budget,cec2022,9,10,LSHADE,13,2154114909992222344,15000,15000,2529.2843827084907,229.28438270849074,229.28438270849074,0.19593117100885138
E1_cec2022_paper_budget,cec2022,9,10,LSHADE,14,7933795863911543620,15000,15000,2529.2843827085117,229.28438270851166,229.28438270851166,0.19861612701788545
E1_cec2022_paper_budget,cec2022,9,10,LSHADE,15,7987757126729855148,15000,15000,2529.284382708506,229.2843827085062,229.2843827085062,0.19238627300364897
E1_cec2022_paper_budget,cec2022,9,10,LSHADE,16,8686173565063060081,15000,15000,2529.284382708489,229.28438270848892,229.28438270848892,0.19215128099313006
E1_cec2022_paper_budget,cec2022,9,10,LSHADE,17,3401571628850472203,15000,15000,2529.2843827085026,229.28438270850256,229.28438270850256,0.19506011801422574
E1_cec2022_paper_budget,cec2022,9,10,LSHADE,18,6335232591219855727,15000,15000,2529.2843827084994,229.28438270849938,229.28438270849938,0.19921624299604446
E1_cec2022_paper_budget,cec2022,9,10,LSHADE,19,1235477501318643309,15000,15000,2529.284382708642,229.28438270864217,229.28438270864217,0.19661898200865835
E1_cec2022_paper_budget,cec2022,9,10,LSHADE,20,4429037685157180079,15000,15000,2529.2843827084944,229.28438270849438,229.28438270849438,0.19199287399533205
E1_cec2022_paper_budget,cec2022,9,10,LSHADE,21,3660361357099855453,15000,15000,2529.2843827084894,229.28438270848937,229.28438270848937,0.22471310500986874
E1_cec2022_paper_budget,cec2022,9,10,LSHADE,22,4822159355508104665,15000,15000,2529.2843827084885,229.28438270848847,229.28438270848847,0.20229617899167351
E1_cec2022_paper_budget,cec2022,9,10,LSHADE,23,9158509524869331300,15000,15000,2529.284382708492,229.2843827084921,229.2843827084921,0.19828341298853047
E1_cec2022_paper_budget,cec2022,9,10,LSHADE,24,7841558373392629343,15000,15000,2529.284382708487,229.2843827084871,229.2843827084871,0.20503564798855223
E1_cec2022_paper_budget,cec2022,9,10,LSHADE,25,4267388900516086683,15000,15000,2529.284382708508,229.28438270850802,229.28438270850802,0.195378314005211
E1_cec2022_paper_budget,cec2022,9,10,LSHADE,26,7461081235351624782,15000,15000,2529.284382708489,229.28438270848892,229.28438270848892,0.19611846300540492
E1_cec2022_paper_budget,cec2022,9,10,LSHADE,27,4767822434910547270,15000,15000,2529.2843827085,229.28438270849983,229.28438270849983,0.19719971102313139
E1_cec2022_paper_budget,cec2022,9,10,LSHADE,28,4044320938365585006,15000,15000,2529.284382708502,229.2843827085021,229.2843827085021,0.19899450699449517
E1_cec2022_paper_budget,cec2022,9,10,LSHADE,29,410741154044542524,15000,15000,2529.2843827084994,229.28438270849938,229.28438270849938,0.20036808302393183
E1_cec2022_paper_budget,cec2022,11,10,DE,0,5642487939561399999,15000,15000,2603.0303798582263,3.030379858226297,3.030379858226297,0.12520344299264252
E1_cec2022_paper_budget,cec2022,11,10,DE,1,4986439231737177038,15000,15000,2602.129241031347,2.129241031347192,2.129241031347192,0.1232875699934084
E1_cec2022_paper_budget,cec2022,11,10,DE,2,7132116574896391826,15000,15000,2603.904348463713,3.904348463713177,3.904348463713177,0.12434617601684295
E1_cec2022_paper_budget,cec2022,11,10,DE,3,8081679973869778062,15000,15000,2602.5690975307466,2.5690975307466033,2.5690975307466033,0.12296499498188496
E1_cec2022_paper_budget,cec2022,11,10,DE,4,6612875596627839085,15000,15000,2603.0084343174117,3.008434317411684,3.008434317411684,0.12164361600298434
E1_cec2022_paper_budget,cec2022,11,10,DE,5,4794599095271862933,15000,15000,2602.5475204176837,2.5475204176836996,2.5475204176836996,0.12111019599251449
E1_cec2022_paper_budget,cec2022,11,10,DE,6,5317054231927178913,15000,15000,2602.4582819592065,2.458281959206488,2.458281959206488,0.12337816899525933
E1_cec2022_paper_budget,cec2022,11,10,DE,7,3911643684118960388,15000,15000,2601.8654264945026,1.8654264945025716,1.8654264945025716,0.12435918999835849
E1_cec2022_paper_budget,cec2022,11,10,DE,8,6781373998558374676,15000,15000,2604.342189581524,4.342189581524053,4.342189581524053,0.12377782899420708
E1_cec2022_paper_budget,cec2022,11,10,DE,9,3227724881701030246,15000,15000,2602.1109796576516,2.110979657651569,2.110979657651569,0.1232532860012725
E1_cec2022_paper_budget,cec2022,11,10,DE,10,2484201093094145355,15000,15000,2603.3349244512565,3.3349244512564837,3.3349244512564837,0.12408736001816578
E1_cec2022_paper_budget,cec2022,11,10,DE,11,4428715693053246547,15000,15000,2603.445177064984,3.445177064983909,3.445177064983909,0.12344361300347373
E1_cec2022_paper_budget,cec2022,11,10,DE,12,3086967439979310826,15000,15000,2602.3408390189024,2.340839018902443,2.340839018902443,0.12350630998844281
E1_cec2022_paper_budget,cec2022,11,10,DE,13,103241558770159705,15000,15000,2602.9891834446717,2.989183444671653,2.989183444671653,0.12335337299737148
E1_cec2022_paper_budget,cec2022,11,10,DE,14,5407487454487138400,15000,15000,2602.0024690565074,2.0024690565073797,2.0024690565073797,0.12330382998334244
E1_cec2022_paper_budget,cec2022,11,10,DE,15,3721930020309746103,15000,15000,2602.1659242313367,2.165924231336703,2.165924231336703,0.12358527901233174
E1_cec2022_paper_budget,cec2022,11,10,DE,16,7948647027134100353,15000,15000,2602.2101832109565,2.2101832109565294,2.2101832109565294,0.1241105140070431
E1_cec2022_paper_budget,cec2022,11,10,DE,17,2310531320031259231,15000,15000,2603.134995937478,3.1349959374779246,3.1349959374779246,0.12388289600494318
E1_cec2022_paper_budget,cec2022,11,10,DE,18,1653552410379395391,15000,15000,2602.842904928732,2.8429049287319685,2.8429049287319685,0.12340992901590653
E1_cec2022_paper_budget,cec2022,11,10,DE,19,4538335876565366758,15000,15000,2604.353855601489,4.353855601489158,4.353855601489158,0.12412350802333094
E1_cec2022_paper_budget,cec2022,11,10,DE,20,7413270384893074237,15000,15000,2607.267059504775,7.2670595047748066,7.2670595047748066,0.12497990397969261
E1_cec2022_paper_budget,cec2022,11,10,DE,21,8930734529918502415,15000,15000,2601.6700436149395,1.670043614939459,1.670043614939459,0.12273417098913342
E1_cec2022_paper_budget,cec2022,11,10,DE,22,597424184573307517,15000,15000,2602.71648724815,2.7164872481498605,2.7164872481498605,0.12332061099004932
E1_cec2022_paper_budget,cec2022,11,10,DE,23,1874659475176514345,15000,15000,2602.6300113963416,2.630011396341615,2.630011396341615,0.12424992499290965
E1_cec2022_paper_budget,cec2022,11,10,DE,24,6671120779789670499,15000,15000,2604.866692338918,4.866692338917801,4.866692338917801,0.12384333202498965
E1_cec2022_paper_budget,cec2022,11,10,DE,25,5344865057863239695,15000,15000,2601.4680200786593,1.468020078659265,1.468020078659265,0.1238479699823074
E1_cec2022_paper_budget,cec2022,11,10,DE,26,596177274364896127,15000,15000,2602.0040927271843,2.004092727184343,2.004092727184343,0.12471309400280006
E1_cec2022_paper_budget,cec2022,11,10,DE,27,938569009648628640,15000,15000,2602.0523089256108,2.0523089256107596,2.0523089256107596,0.12296040600631386
E1_cec2022_paper_budget,cec2022,11,10,DE,28,3820062104132365076,15000,15000,2602.882439843562,2.8824398435622243,2.8824398435622243,0.12191958399489522
E1_cec2022_paper_budget,cec2022,11,10,DE,29,9040275786792861728,15000,15000,2603.127188979834,3.1271889798340453,3.1271889798340453,0.12402421201113611
E1_cec2022_paper_budget,cec2022,8,10,jSO,0,6660025637108999098,15000,15000,2213.295676184832,13.295676184831791,13.295676184831791,0.2654115199984517
E1_cec2022_paper_budget,cec2022,8,10,jSO,1,915701400402461155,15000,15000,2207.2857673152917,7.2857673152916504,7.2857673152916504,0.25312476497492753
E1_cec2022_paper_budget,cec2022,8,10,jSO,2,1859403437563455867,15000,15000,2225.9122029910422,25.91220299104225,25.91220299104225,0.25110020698048174
E1_cec2022_paper_budget,cec2022,8,10,jSO,3,891456672074642726,15000,15000,2227.584760690257,27.5847606902571,27.5847606902571,0.25269272399600595
E1_cec2022_paper_budget,cec2022,8,10,jSO,4,4815216485889771168,15000,15000,2208.467332585088,8.467332585088116,8.467332585088116,0.25355738602229394
E1_cec2022_paper_budget,cec2022,8,10,jSO,5,3491805612590638438,15000,15000,2215.484928857463,15.484928857462819,15.484928857462819,0.25044650098425336
E1_cec2022_paper_budget,cec2022,8,10,jSO,6,2986188818534956921,15000,15000,2213.304996039126,13.304996039125854,13.304996039125854,0.25020812402362935
E1_cec2022_paper_budget,cec2022,8,10,jSO,7,3657739480574738377,15000,15000,2226.525468596459,26.525468596459177,26.525468596459177,0.24939702299889177
E1_cec2022_paper_budget,cec2022,8,10,jSO,8,7611670206245154813,15000,15000,2224.982992668501,24.982992668501083,24.982992668501083,0.2533533629903104
E1_cec2022_paper_budget,cec2022,8,10,jSO,9,8014557689560196364,15000,15000,2212.171043256083,12.171043256083067,12.171043256083067,0.2611285759776365
E1_cec2022_paper_budget,cec2022,8,10,jSO,10,7735683312708919633,15000,15000,2226.1027247628444,26.102724762844446,26.102724762844446,0.25439421500777826
E1_cec2022_paper_budget,cec2022,8,10,jSO,11,548599840209910878,15000,15000,2210.6721866032244,10.672186603224418,10.672186603224418,0.2539181030006148
E1_cec2022_paper_budget,cec2022,8,10,jSO,12,1427263943068698222,15000,15000,2211.2040613178106,11.204061317810556,11.204061317810556,0.2488141889916733
E1_cec2022_paper_budget,cec2022,8,10,jSO,13,3908819952487599109,15000,15000,2216.825816237237,16.825816237237177,16.825816237237177,0.2508644649933558
E1_cec2022_paper_budget,cec2022,8,10,jSO,14,925265250165201117,15000,15000,2216.9960310544975,16.996031054497507,16.996031054497507,0.2479127190017607
E1_cec2022_paper_budget,cec2022,8,10,jSO,15,957002763902920133,15000,15000,2225.651976753899,25.651976753898907,25.651976753898907,0.1999850549909752
E1_cec2022_paper_budget,cec2022,8,10,jSO,16,6629857627545314449,15000,15000,2226.328292904177,26.328292904177033,26.328292904177033,0.17777259199647233
E1_cec2022_paper_budget,cec2022,8,10,jSO,17,7249671308717658887,15000,15000,2222.2380413762003,22.23804137620027,22.23804137620027,0.18029271898558363
E1_cec2022_paper_budget,cec2022,8,10,jSO,18,5860397625678146170,15000,15000,2214.568965118895,14.568965118894994,14.568965118894994,0.17230614001164213
E1_cec2022_paper_budget,cec2022,8,10,jSO,19,4655494083617546611,15000,15000,2212.3386069022645,12.338606902264473,12.338606902264473,0.19743939000181854
E1_cec2022_paper_budget,cec2022,8,10,jSO,20,1626619275939399231,15000,15000,2207.8465267602205,7.846526760220513,7.846526760220513,0.2554698619933333
E1_cec2022_paper_budget,cec2022,8,10,jSO,21,233867987975646939,15000,15000,2207.440601983868,7.440601983867964,7.440601983867964,0.25581220400636084
E1_cec2022_paper_budget,cec2022,8,10,jSO,22,2682306587831806815,15000,15000,2214.3526191904907,14.352619190490714,14.352619190490714,0.250596471974859
E1_cec2022_paper_budget,cec2022,8,10,jSO,23,4005411810517009914,15000,15000,2226.665141968695,26.665141968695025,26.665141968695025,0.2519356739940122
E1_cec2022_paper_budget,cec2022,8,10,jSO,24,5466581474578821088,15000,15000,2224.895496054271,24.895496054271007,24.895496054271007,0.24919160699937493
E1_cec2022_paper_budget,cec2022,8,10,jSO,25,6227541926875941932,15000,15000,2218.2158314667745,18.21583146677449,18.21583146677449,0.2598384459852241
E1_cec2022_paper_budget,cec2022,8,10,jSO,26,7101780968601949907,15000,15000,2218.620661898918,18.620661898918115,18.620661898918115,0.25372919798246585
E1_cec2022_paper_budget,cec2022,8,10,jSO,27,228572188939258990,15000,15000,2225.465984454566,25.46598445456584,25.46598445456584,0.24977196601685137
E1_cec2022_paper_budget,cec2022,8,10,jSO,28,6492351683154374900,15000,15000,2216.2858796313294,16.285879631329408,16.285879631329408,0.2543775939848274
E1_cec2022_paper_budget,cec2022,8,10,jSO,29,3524665603790282802,15000,15000,2218.4830561880513,18.48305618805125,18.48305618805125,0.25420728398603387
E1_cec2022_paper_budget,cec2022,8,10,LSHADE,0,3627024032692781265,15000,15000,2223.3340289285306,23.334028928530643,23.334028928530643,0.2626558610063512
E1_cec2022_paper_budget,cec2022,8,10,LSHADE,1,1384116547690903387,15000,15000,2207.2132173398622,7.21321733986224,7.21321733986224,0.25339658401208
E1_cec2022_paper_budget,cec2022,8,10,LSHADE,2,2814586838004814206,15000,15000,2214.0845847310406,14.08458473104065,14.08458473104065,0.26293341201380827
E1_cec2022_paper_budget,cec2022,8,10,LSHADE,3,8363703896555756962,15000,15000,2221.8371704601664,21.837170460166362,21.837170460166362,0.2531837350106798
E1_cec2022_paper_budget,cec2022,8,10,LSHADE,4,7775799149454699583,15000,15000,2221.5563891170573,21.55638911705728,21.55638911705728,0.2507129200093914
E1_cec2022_paper_budget,cec2022,8,10,LSHADE,5,6009619638760242549,15000,15000,2207.5181338118236,7.518133811823645,7.518133811823645,0.26363819401012734
E1_cec2022_paper_budget,cec2022,8,10,LSHADE,6,4092616773535363838,15000,15000,2221.0918394299924,21.091839429992433,21.091839429992433,0.25866959401173517
E1_cec2022_paper_budget,cec2022,8,10,LSHADE,7,4107392070835291082,15000,15000,2222.534135560807,22.534135560807044,22.534135560807044,0.25640051800291985
E1_cec2022_paper_budget,cec2022,8,10,LSHADE,8,3373305499673893827,15000,15000,2218.569727652135,18.569727652135043,18.569727652135043,0.25112387200351804
E1_cec2022_paper_budget,cec2022,8,10,LSHADE,9,737986281872830711,15000,15000,2209.798072993101,9.79807299310096,9.79807299310096,0.25599016799242236
E1_cec2022_paper_budget,cec2022,8,10,LSHADE,10,8626117615575935551,15000,15000,2222.036935308719,22.036935308718967,22.036935308718967,0.2588192049879581
E1_cec2022_paper_budget,cec2022,8,10,LSHADE,11,4980675613514574214,15000,15000,2218.5603249148367,18.560324914836656,18.560324914836656,0.25339656398864463
E1_cec2022_paper_budget,cec2022,8,10,LSHADE,12,4664871901746177880,15000,15000,2219.048998979824,19.048998979823864,19.048998979823864,0.2540979190089274
E1_cec2022_paper_budget,cec2022,8,10,LSHADE,13,4100597890414865718,15000,15000,2214.0069270797194,14.00692707971939,14.00692707971939,0.24623021300067194
E1_cec2022_paper_budget,cec2022,8,10,LSHADE,14,8888605695158237612,15000,15000,2221.978826724944,21.978826724944156,21.978826724944156,0.25875933200586587
E1_cec2022_paper_budget,cec2022,8,10,LSHADE,15,5826652965728684919,15000,15000,2219.708084547273,19.708084547272847,19.708084547272847,0.2467953630257398
E1_cec2022_paper_budget,cec2022,8,10,LSHADE,16,1494800294873243099,15000,15000,2222.3695705133696,22.36957051336958,22.36957051336958,0.2542427809967194
E1_cec2022_paper_budget,cec2022,8,10,LSHADE,17,2797958548901828110,15000,15000,2205.284563306878,5.284563306878226,5.284563306878226,0.24665327699040063
E1_cec2022_paper_budget,cec2022,8,10,LSHADE,18,8062180594641212409,15000,15000,2213.0563321403374,13.056332140337418,13.056332140337418,0.22386823000852019
E1_cec2022_paper_budget,cec2022,8,10,LSHADE,19,4539935924669259611,15000,15000,2216.6922887211294,16.692288721129444,16.692288721129444,0.24540860200067982
E1_cec2022_paper_budget,cec2022,8,10,LSHADE,20,2143529917189866894,15000,15000,2218.1286629760493,18.128662976049327,18.128662976049327,0.258559306996176
E1_cec2022_paper_budget,cec2022,8,10,LSHADE,21,856558279525712801,15000,15000,2205.404675577099,5.4046755770991695,5.4046755770991695,0.2510314980172552
E1_cec2022_paper_budget,cec2022,8,10,LSHADE,22,1860706582046100399,15000,15000,2216.1604985113268,16.16049851132675,16.16049851132675,0.250232218997553
E1_cec2022_paper_budget,cec2022,8,10,LSHADE,23,8446109137394233506,15000,15000,2217.726596430698,17.72659643069801,17.72659643069801,0.25291310701868497
E1_cec2022_paper_budget,cec2022,8,10,LSHADE,24,3838647403140290589,15000,15000,2222.800439630274,22.800439630274013,22.800439630274013,0.2502165689948015
E1_cec2022_paper_budget,cec2022,8,10,LSHADE,25,6232277556637527108,15000,15000,2208.183218129851,8.183218129850957,8.183218129850957,0.25268133301869966
E1_cec2022_paper_budget,cec2022,8,10,LSHADE,26,6305861919874924955,15000,15000,2218.435979087166,18.435979087165833,18.435979087165833,0.2509454370010644
E1_cec2022_paper_budget,cec2022,8,10,LSHADE,27,6036417400458901934,15000,15000,2211.2470668450146,11.247066845014615,11.247066845014615,0.24744703498436138
E1_cec2022_paper_budget,cec2022,8,10,LSHADE,28,63617594638392558,15000,15000,2222.04886070409,22.048860704090202,22.048860704090202,0.24853203000384383
E1_cec2022_paper_budget,cec2022,8,10,LSHADE,29,33103558004281439,15000,15000,2223.047722373715,23.047722373714805,23.047722373714805,0.2478215070150327
E1_cec2022_paper_budget,cec2022,9,10,jSO,0,8972880146892238234,15000,15000,2529.284382708492,229.2843827084921,229.2843827084921,0.14238834599382244
E1_cec2022_paper_budget,cec2022,9,10,jSO,1,1484508752610650140,15000,15000,2529.2843827084885,229.28438270848847,229.28438270848847,0.15769049699883908
E1_cec2022_paper_budget,cec2022,9,10,jSO,2,8921981969673760309,15000,15000,2529.284382708493,229.284382708493,229.284382708493,0.17044967800029553
E1_cec2022_paper_budget,cec2022,9,10,jSO,3,8866458319625903732,15000,15000,2529.2843827085176,229.28438270851757,229.28438270851757,0.169628798001213
E1_cec2022_paper_budget,cec2022,9,10,jSO,4,1790462551077154254,15000,15000,2529.2843827084876,229.28438270848756,229.28438270848756,0.16726234901580028
E1_cec2022_paper_budget,cec2022,9,10,jSO,5,6667642567180803032,15000,15000,2529.284382708496,229.2843827084962,229.2843827084962,0.1847856169915758
E1_cec2022_paper_budget,cec2022,9,10,jSO,6,6552419886869274694,15000,15000,2529.2843827084894,229.28438270848937,229.28438270848937,0.17766223501530476
E1_cec2022_paper_budget,cec2022,9,10,jSO,7,7078344823298039423,15000,15000,2529.28438270849,229.28438270848983,229.28438270848983,0.18577093401108868
E1_cec2022_paper_budget,cec2022,9,10,jSO,8,7234550882893114496,15000,15000,2529.2843827084903,229.28438270849028,229.28438270849028,0.19240925600752234
E1_cec2022_paper_budget,cec2022,9,10,jSO,9,215490240562040646,15000,15000,2529.284382708488,229.284382708488,229.284382708488,0.21541245002299547
E1_cec2022_paper_budget,cec2022,9,10,jSO,10,5439742723177308991,15000,15000,2529.2843827084876,229.28438270848756,229.28438270848756,0.21733416500501335
E1_cec2022_paper_budget,cec2022,9,10,jSO,11,3036207311840177293,15000,15000,2529.2843827084885,229.28438270848847,229.28438270848847,0.22193432299536653
E1_cec2022_paper_budget,cec2022,9,10,jSO,12,3467844018886943380,15000,15000,2529.284382708496,229.2843827084962,229.2843827084962,0.21916267400956713
E1_cec2022_paper_budget,cec2022,9,10,jSO,13,9115553584396366788,15000,15000,2529.284382708489,229.28438270848892,229.28438270848892,0.218737837014487
E1_cec2022_paper_budget,cec2022,9,10,jSO,14,3284649877199087394,15000,15000,2529.2843827084885,229.28438270848847,229.28438270848847,0.2221019470016472
E1_cec2022_paper_budget,cec2022,9,10,jSO,15,4914625502859053850,15000,15000,2529.284382708489,229.28438270848892,229.28438270848892,0.2240476959850639
E1_cec2022_paper_budget,cec2022,9,10,jSO,16,8156100165269994658,15000,15000,2529.2843827085017,229.28438270850165,229.28438270850165,0.223555934993783
E1_cec2022_paper_budget,cec2022,9,10,jSO,17,5709103171478144092,15000,15000,2529.284382708503,229.28438270850302,229.28438270850302,0.22336076802457683
E1_cec2022_paper_budget,cec2022,9,10,jSO,18,972751747831680959,15000,15000,2529.284382708488,229.284382708488,229.284382708488,0.22140511102043092
E1_cec2022_paper_budget,cec2022,9,10,jSO,19,285819285739072817,15000,15000,2529.2843827084876,229.28438270848756,229.28438270848756,0.2179780330043286
E1_cec2022_paper_budget,cec2022,9,10,jSO,20,1424030741596633993,15000,15000,2529.2843827084916,229.28438270849165,229.28438270849165,0.21966267199604772
E1_cec2022_paper_budget,cec2022,9,10,jSO,21,834919524992492767,15000,15000,2529.284382708489,229.28438270848892,229.28438270848892,0.22333587100729346
E1_cec2022_paper_budget,cec2022,9,10,jSO,22,6638826420032037075,15000,15000,2529.2843827084953,229.2843827084953,229.2843827084953,0.2242493350058794
E1_cec2022_paper_budget,cec2022,9,10,jSO,23,1330705544043926305,15000,15000,2529.284382708494,229.28438270849392,229.28438270849392,0.22256330199888907
E1_cec2022_paper_budget,cec2022,9,10,jSO,24,749103645599475862,15000,15000,2529.2843827084876,229.28438270848756,229.28438270848756,0.2249375359970145
E1_cec2022_paper_budget,cec2022,9,10,jSO,25,1872902482487886343,15000,15000,2529.284382708489,229.28438270848892,229.28438270848892,0.22250780899776146
E1_cec2022_paper_budget,cec2022,9,10,jSO,26,6943432631359566476,15000,15000,2529.28438270849,229.28438270848983,229.28438270848983,0.2243764939776156
E1_cec2022_paper_budget,cec2022,9,10,jSO,27,7007564634502566956,15000,15000,2529.2843827085107,229.28438270851075,229.28438270851075,0.2252935039869044
E1_cec2022_paper_budget,cec2022,9,10,jSO,28,8505689182562733541,15000,15000,2529.284382708498,229.28438270849801,229.28438270849801,0.22647091202088632
E1_cec2022_paper_budget,cec2022,9,10,jSO,29,4522622095901936037,15000,15000,2529.2843827084916,229.28438270849165,229.28438270849165,0.22287060899543576
E1_cec2022_paper_budget,cec2022,11,10,SHADE,0,7560022162042310654,15000,15000,2600.0847653008314,0.08476530083135003,0.08476530083135003,0.1555022620013915
E1_cec2022_paper_budget,cec2022,11,10,SHADE,1,1420479558298148175,15000,15000,2600.0840481577998,0.0840481577997707,0.0840481577997707,0.15017019098741002
E1_cec2022_paper_budget,cec2022,11,10,SHADE,2,8597259074143418444,15000,15000,2600.508582251249,0.5085822512492086,0.5085822512492086,0.15102580600068904
E1_cec2022_paper_budget,cec2022,11,10,SHADE,3,4508221155424146758,15000,15000,2600.141338039223,0.14133803922277366,0.14133803922277366,0.15372765398933552
E1_cec2022_paper_budget,cec2022,11,10,SHADE,4,7669970503040901254,15000,15000,2600.2457777049963,0.2457777049962715,0.2457777049962715,0.15846966800745577
E1_cec2022_paper_budget,cec2022,11,10,SHADE,5,3431437645276686220,15000,15000,2600.1390638330936,0.13906383309358716,0.13906383309358716,0.1509023749968037
E1_cec2022_paper_budget,cec2022,11,10,SHADE,6,1862717873066173400,15000,15000,2600.0514238442256,0.05142384422561008,0.05142384422561008,0.14854144598939456
E1_cec2022_paper_budget,cec2022,11,10,SHADE,7,4313256382720325661,15000,15000,2600.0636141069594,0.06361410695944869,0.06361410695944869,0.15426514198770747
E1_cec2022_paper_budget,cec2022,11,10,SHADE,8,5833835277123166474,15000,15000,2600.0422692211723,0.042269221172318794,0.042269221172318794,0.15305359999183565
E1_cec2022_paper_budget,cec2022,11,10,SHADE,9,352649261340430860,15000,15000,2600.0422906106287,0.04229061062869732,0.04229061062869732,0.1473940739815589
E1_cec2022_paper_budget,cec2022,11,10,SHADE,10,5808709598852776400,15000,15000,2600.0490119529472,0.04901195294723948,0.04901195294723948,0.1520339069829788
E1_cec2022_paper_budget,cec2022,11,10,SHADE,11,5412199803138712078,15000,15000,2600.035350783964,0.03535078396407698,0.03535078396407698,0.15044433501316234
E1_cec2022_paper_budget,cec2022,11,10,SHADE,12,5575497672320493671,15000,15000,2600.0409882333347,0.04098823333470136,0.04098823333470136,0.15322643300169148
E1_cec2022_paper_budget,cec2022,11,10,SHADE,13,3480468128757355885,15000,15000,2600.1073930609864,0.10739306098639645,0.10739306098639645,0.14763806201517582
E1_cec2022_paper_budget,cec2022,11,10,SHADE,14,7897558459159804166,15000,15000,2600.1890288098034,0.18902880980340342,0.18902880980340342,0.14796407299581915
E1_cec2022_paper_budget,cec2022,11,10,SHADE,15,4885235462641875069,15000,15000,2600.072078893802,0.0720788938019723,0.0720788938019723,0.14830496200011112
E1_cec2022_paper_budget,cec2022,11,10,SHADE,16,8567657672632930166,15000,15000,2600.1063785912866,0.10637859128655691,0.10637859128655691,0.1478030919970479
E1_cec2022_paper_budget,cec2022,11,10,SHADE,17,553589286348380388,15000,15000,2600.0761926738846,0.07619267388463413,0.07619267388463413,0.14797179799643345
E1_cec2022_paper_budget,cec2022,11,10,SHADE,18,3675152754458963781,15000,15000,2600.076960835171,0.07696083517112129,0.07696083517112129,0.14902221798547544
E1_cec2022_paper_budget,cec2022,11,10,SHADE,19,1830966409984346306,15000,15000,2600.051902319597,0.05190231959704761,0.05190231959704761,0.1464765229902696
E1_cec2022_paper_budget,cec2022,11,10,SHADE,20,8429673861866135115,15000,15000,2600.3608264281106,0.36082642811061305,0.36082642811061305,0.14959068500320427
E1_cec2022_paper_budget,cec2022,11,10,SHADE,21,6108341985131692653,15000,15000,2600.1605670445947,0.16056704459469984,0.16056704459469984,0.14641672099241987
E1_cec2022_paper_budget,cec2022,11,10,SHADE,22,6077546474347058583,15000,15000,2600.1322718640427,0.13227186404265012,0.13227186404265012,0.14698729198426008
E1_cec2022_paper_budget,cec2022,11,10,SHADE,23,8964304830064283407,15000,15000,2600.209805159296,0.2098051592961383,0.2098051592961383,0.14923203102080151
E1_cec2022_paper_budget,cec2022,11,10,SHADE,24,7520492874548317059,15000,15000,2600.0530248207165,0.05302482071647319,0.05302482071647319,0.1509892279864289
E1_cec2022_paper_budget,cec2022,11,10,SHADE,25,1641740656615789407,15000,15000,2600.1634923660254,0.1634923660253662,0.1634923660253662,0.15330002098926343
E1_cec2022_paper_budget,cec2022,11,10,SHADE,26,2519359890238236833,15000,15000,2600.048334102221,0.04833410222090606,0.04833410222090606,0.16644717002054676
E1_cec2022_paper_budget,cec2022,11,10,SHADE,27,315549183466167281,15000,15000,2600.068754984865,0.06875498486488141,0.06875498486488141,0.15245743200648576
E1_cec2022_paper_budget,cec2022,11,10,SHADE,28,458186657411240224,15000,15000,2600.0611657727018,0.06116577270177004,0.06116577270177004,0.15117223100969568
E1_cec2022_paper_budget,cec2022,11,10,SHADE,29,8565806244618383986,15000,15000,2600.104666381497,0.10466638149682694,0.10466638149682694,0.15130103201954626
E1_cec2022_paper_budget,cec2022,12,10,DE,0,5444787959461097878,15000,15000,2863.5185239820353,163.51852398203528,163.51852398203528,0.12482831999659538
E1_cec2022_paper_budget,cec2022,12,10,DE,1,872395459845892850,15000,15000,2862.57461414206,162.57461414206,162.57461414206,0.12377253899467178
E1_cec2022_paper_budget,cec2022,12,10,DE,2,8045146103986880372,15000,15000,2862.7825729071515,162.78257290715146,162.78257290715146,0.12332666301517747
E1_cec2022_paper_budget,cec2022,12,10,DE,3,6948872334454715531,15000,15000,2863.506884569217,163.50688456921716,163.50688456921716,0.12380952798412181
E1_cec2022_paper_budget,cec2022,12,10,DE,4,8119823818839556864,15000,15000,2861.423818872813,161.42381887281317,161.42381887281317,0.12474221797310747
E1_cec2022_paper_budget,cec2022,12,10,DE,5,2353531764152817027,15000,15000,2859.4111166540442,159.41111665404424,159.41111665404424,0.12499857897637412
E1_cec2022_paper_budget,cec2022,12,10,DE,6,4888476120649908097,15000,15000,2862.7999169424174,162.79991694241744,162.79991694241744,0.1245391069969628
E1_cec2022_paper_budget,cec2022,12,10,DE,7,1022436990146418992,15000,15000,2861.415071084964,161.41507108496398,161.41507108496398,0.12433117799810134
E1_cec2022_paper_budget,cec2022,12,10,DE,8,6493502784626191675,15000,15000,2861.4069907487346,161.40699074873464,161.40699074873464,0.12325223398511298
E1_cec2022_paper_budget,cec2022,12,10,DE,9,9012699615099450560,15000,15000,2863.496021391023,163.49602139102308,163.49602139102308,0.12380349700106308
E1_cec2022_paper_budget,cec2022,12,10,DE,10,3174834787121892515,15000,15000,2862.569378281502,162.56937828150194,162.56937828150194,0.12377859101979993
E1_cec2022_paper_budget,cec2022,12,10,DE,11,7365948045552190878,15000,15000,2864.204174857465,164.2041748574652,164.2041748574652,0.12590763400658034
E1_cec2022_paper_budget,cec2022,12,10,DE,12,7820362437144487169,15000,15000,2861.823153167215,161.82315316721497,161.82315316721497,0.12717546199564822
E1_cec2022_paper_budget,cec2022,12,10,DE,13,2630273813579538574,15000,15000,2862.572666097708,162.57266609770795,162.57266609770795,0.1239132439950481
E1_cec2022_paper_budget,cec2022,12,10,DE,14,5326223853980059502,15000,15000,2861.409755582453,161.40975558245282,161.40975558245282,0.12579985198681243
E1_cec2022_paper_budget,cec2022,12,10,DE,15,5034911302697482859,15000,15000,2861.50653213949,161.50653213949,161.50653213949,0.12673798101604916
E1_cec2022_paper_budget,cec2022,12,10,DE,16,2857807788059777011,15000,15000,2859.918381594169,159.9183815941692,159.9183815941692,0.12614814497646876
E1_cec2022_paper_budget,cec2022,12,10,DE,17,7736312279838595115,15000,15000,2861.479495072201,161.4794950722012,161.4794950722012,0.12624794300063513
E1_cec2022_paper_budget,cec2022,12,10,DE,18,112449071740601518,15000,15000,2862.590253939076,162.59025393907586,162.59025393907586,0.125822864996735
E1_cec2022_paper_budget,cec2022,12,10,DE,19,2311720630181787104,15000,15000,2859.3874833399523,159.38748333995227,159.38748333995227,0.12531339999986812
E1_cec2022_paper_budget,cec2022,12,10,DE,20,1138172751596795040,15000,15000,2863.9522720433133,163.95227204331331,163.95227204331331,0.12560380398645066
E1_cec2022_paper_budget,cec2022,12,10,DE,21,6128731550017546107,15000,15000,2862.5685460037266,162.56854600372662,162.56854600372662,0.12284779499168508
E1_cec2022_paper_budget,cec2022,12,10,DE,22,4190712641253233466,15000,15000,2863.4835685791413,163.48356857914132,163.48356857914132,0.12249595500179566
E1_cec2022_paper_budget,cec2022,12,10,DE,23,3144942852947083296,15000,15000,2861.406128461287,161.40612846128715,161.40612846128715,0.12268053099978715
E1_cec2022_paper_budget,cec2022,12,10,DE,24,362911205041671478,15000,15000,2862.702249590232,162.702249590232,162.702249590232,0.12237047997768968
E1_cec2022_paper_budget,cec2022,12,10,DE,25,5919714060919975993,15000,15000,2859.3940800047817,159.3940800047817,159.3940800047817,0.12407326401444152
E1_cec2022_paper_budget,cec2022,12,10,DE,26,635665812509128919,15000,15000,2861.4121332572618,161.41213325726176,161.41213325726176,0.12380033198860474
E1_cec2022_paper_budget,cec2022,12,10,DE,27,3948111816703990463,15000,15000,2861.478782782158,161.47878278215785,161.47878278215785,0.12283465100335889
E1_cec2022_paper_budget,cec2022,12,10,DE,28,4318857728026124681,15000,15000,2862.502508945812,162.50250894581222,162.50250894581222,0.12476697500096634
E1_cec2022_paper_budget,cec2022,12,10,DE,29,9038248545748324553,15000,15000,2861.4067782192074,161.40677821920735,161.40677821920735,0.12184079599683173
E1_cec2022_paper_budget,cec2022,12,10,SHADE,0,8223332649126055,15000,15000,2863.7864843848092,163.78648438480923,163.78648438480923,0.10505710600409657
E1_cec2022_paper_budget,cec2022,12,10,SHADE,1,3477684617471493716,15000,15000,2862.7694772401687,162.76947724016873,162.76947724016873,0.1011560799961444
E1_cec2022_paper_budget,cec2022,12,10,SHADE,2,6968871249507694125,15000,15000,2864.9257904364244,164.92579043642445,164.92579043642445,0.11261334901791997
E1_cec2022_paper_budget,cec2022,12,10,SHADE,3,1466362106038804387,15000,15000,2863.397936087747,163.39793608774698,163.39793608774698,0.11062133201630786
E1_cec2022_paper_budget,cec2022,12,10,SHADE,4,1076899710618648543,15000,15000,2864.9310772281387,164.93107722813875,164.93107722813875,0.1123265310015995
E1_cec2022_paper_budget,cec2022,12,10,SHADE,5,8039623760829173235,15000,15000,2864.9242493745096,164.9242493745096,164.9242493745096,0.11100860900478438
E1_cec2022_paper_budget,cec2022,12,10,SHADE,6,5860964588103303616,15000,15000,2864.952458418819,164.95245841881888,164.95245841881888,0.11116986200795509
E1_cec2022_paper_budget,cec2022,12,10,SHADE,7,7557803744182088392,15000,15000,2864.9537193128394,164.95371931283944,164.95371931283944,0.11004742601653561
E1_cec2022_paper_budget,cec2022,12,10,SHADE,8,3577246365269981795,15000,15000,2863.6611339933565,163.66113399335654,163.66113399335654,0.1463889190054033
E1_cec2022_paper_budget,cec2022,12,10,SHADE,9,3558513089492173240,15000,15000,2862.8229455495994,162.82294554959935,162.82294554959935,0.12016354000661522
E1_cec2022_paper_budget,cec2022,12,10,SHADE,10,5206502368342412659,15000,15000,2864.9360819172707,164.9360819172707,164.9360819172707,0.1172585719905328
E1_cec2022_paper_budget,cec2022,12,10,SHADE,11,7144485390942925410,15000,15000,2862.988196775529,162.9881967755291,162.9881967755291,0.11761590099195018
E1_cec2022_paper_budget,cec2022,12,10,SHADE,12,7362692415876576305,15000,15000,2864.9325647204587,164.93256472045869,164.93256472045869,0.10809121700003743
E1_cec2022_paper_budget,cec2022,12,10,SHADE,13,9213096291968052145,15000,15000,2864.931158956872,164.93115895687197,164.93115895687197,0.10645476801437326
E1_cec2022_paper_budget,cec2022,12,10,SHADE,14,6348489658100266185,15000,15000,2864.933339872412,164.93333987241203,164.93333987241203,0.10866247900412418
E1_cec2022_paper_budget,cec2022,12,10,SHADE,15,245543328987146775,15000,15000,2861.369817485882,161.36981748588187,161.36981748588187,0.1068638050055597
E1_cec2022_paper_budget,cec2022,12,10,SHADE,16,5492150264142446722,15000,15000,2862.703461502082,162.70346150208206,162.70346150208206,0.1078415890224278
E1_cec2022_paper_budget,cec2022,12,10,SHADE,17,3231279745630832644,15000,15000,2863.7969316480076,163.79693164800756,163.79693164800756,0.11011657599010505
E1_cec2022_paper_budget,cec2022,12,10,SHADE,18,1238265958933876538,15000,15000,2864.9317775144646,164.93177751446456,164.93177751446456,0.11157983000157401
E1_cec2022_paper_budget,cec2022,12,10,SHADE,19,6330423601670143609,15000,15000,2863.1174434918175,163.11744349181754,163.11744349181754,0.11282189999474213
E1_cec2022_paper_budget,cec2022,12,10,SHADE,20,3297072001992229861,15000,15000,2864.9364813346992,164.93648133469924,164.93648133469924,0.12505943299038336
E1_cec2022_paper_budget,cec2022,12,10,SHADE,21,6632228959831673043,15000,15000,2863.8990067791806,163.89900677918058,163.89900677918058,0.13526946297497489
E1_cec2022_paper_budget,cec2022,12,10,SHADE,22,8107225080809946269,15000,15000,2861.4992570740196,161.49925707401962,161.49925707401962,0.1348300389945507
E1_cec2022_paper_budget,cec2022,12,10,SHADE,23,3877377817813010209,15000,15000,2864.93141757324,164.9314175732402,164.9314175732402,0.09554447399568744
E1_cec2022_paper_budget,cec2022,12,10,SHADE,24,2281119575500816780,15000,15000,2862.8147843239026,162.8147843239026,162.8147843239026,0.10392173699801788
E1_cec2022_paper_budget,cec2022,12,10,SHADE,25,717032572529661465,15000,15000,2862.7715264317485,162.7715264317485,162.7715264317485,0.10809494400746189
E1_cec2022_paper_budget,cec2022,12,10,SHADE,26,1195455352769362720,15000,15000,2864.938464743695,164.93846474369502,164.93846474369502,0.12566715199500322
E1_cec2022_paper_budget,cec2022,12,10,SHADE,27,2095132172210237005,15000,15000,2864.922229181604,164.92222918160405,164.92222918160405,0.15030021499842405
E1_cec2022_paper_budget,cec2022,12,10,SHADE,28,113575682174540000,15000,15000,2864.9243559581614,164.9243559581614,164.9243559581614,0.151523148000706
E1_cec2022_paper_budget,cec2022,12,10,SHADE,29,8318989524318577480,15000,15000,2863.0864477306213,163.08644773062133,163.08644773062133,0.16185202199267223
E1_cec2022_paper_budget,cec2022,10,10,jSO,0,7009393665237971024,15000,15000,2500.297314831227,100.29731483122714,100.29731483122714,0.22130603401456028
E1_cec2022_paper_budget,cec2022,10,10,jSO,1,5106804775721268005,15000,15000,2500.353395303484,100.35339530348392,100.35339530348392,0.21915377699770033
E1_cec2022_paper_budget,cec2022,10,10,jSO,2,5770366677558276092,15000,15000,2500.342898483748,100.34289848374783,100.34289848374783,0.20136711600935087
E1_cec2022_paper_budget,cec2022,10,10,jSO,3,7914039696365362007,15000,15000,2500.3092880011855,100.30928800118545,100.30928800118545,0.19680971902562305
E1_cec2022_paper_budget,cec2022,10,10,jSO,4,3723287944172925772,15000,15000,2500.3280605581126,100.32806055811261,100.32806055811261,0.19990243000211194
E1_cec2022_paper_budget,cec2022,10,10,jSO,5,8077031441616967020,15000,15000,2500.355268231205,100.35526823120517,100.35526823120517,0.19445185601944104
E1_cec2022_paper_budget,cec2022,10,10,jSO,6,5029187919222069545,15000,15000,2500.3878528771024,100.38785287710243,100.38785287710243,0.20952430702163838
E1_cec2022_paper_budget,cec2022,10,10,jSO,7,1113789542240941176,15000,15000,2500.3310477722403,100.33104777224025,100.33104777224025,0.20290807701530866
E1_cec2022_paper_budget,cec2022,10,10,jSO,8,3924584252317892409,15000,15000,2500.223614932299,100.22361493229891,100.22361493229891,0.21026473498204723
E1_cec2022_paper_budget,cec2022,10,10,jSO,9,5743479725173146587,15000,15000,2500.2942838373733,100.29428383737331,100.29428383737331,0.19601898500695825
E1_cec2022_paper_budget,cec2022,10,10,jSO,10,235250798720219158,15000,15000,2500.4645242264423,100.46452422644234,100.46452422644234,0.19984718598425388
E1_cec2022_paper_budget,cec2022,10,10,jSO,11,2014069731783499166,15000,15000,2500.275130735111,100.2751307351109,100.2751307351109,0.19736419900436886
E1_cec2022_paper_budget,cec2022,10,10,jSO,12,7883389092794419359,15000,15000,2500.271054816401,100.27105481640092,100.27105481640092,0.20312303001992404
E1_cec2022_paper_budget,cec2022,10,10,jSO,13,8451813915874330059,15000,15000,2500.262498350008,100.26249835000817,100.26249835000817,0.20131638200837187
E1_cec2022_paper_budget,cec2022,10,10,jSO,14,1911118382097892037,15000,15000,2500.2798608625953,100.27986086259534,100.27986086259534,0.20223915198585019
E1_cec2022_paper_budget,cec2022,10,10,jSO,15,4501976863166301714,15000,15000,2500.2707677280696,100.27076772806959,100.27076772806959,0.20073256600880995
E1_cec2022_paper_budget,cec2022,10,10,jSO,16,6345189597478433293,15000,15000,2500.3136340077162,100.31363400771625,100.31363400771625,0.19782196800224483
E1_cec2022_paper_budget,cec2022,10,10,jSO,17,9214684347570417923,15000,15000,2500.3678189429465,100.36781894294654,100.36781894294654,0.19384777400409803
E1_cec2022_paper_budget,cec2022,10,10,jSO,18,5865794575732729094,15000,15000,2500.364140534574,100.36414053457383,100.36414053457383,0.1966579840227496
E1_cec2022_paper_budget,cec2022,10,10,jSO,19,7875541778172693392,15000,15000,2500.3367760087217,100.3367760087217,100.3367760087217,0.19665930600604042
E1_cec2022_paper_budget,cec2022,10,10,jSO,20,8994664214348704951,15000,15000,2500.30783269672,100.3078326967202,100.3078326967202,0.19576686300570145
E1_cec2022_paper_budget,cec2022,10,10,jSO,21,7665020550172415033,15000,15000,2500.416849119794,100.41684911979382,100.41684911979382,0.168927842983976
E1_cec2022_paper_budget,cec2022,10,10,jSO,22,2281208222243969045,15000,15000,2500.3139113592574,100.31391135925742,100.31391135925742,0.15875930100446567
E1_cec2022_paper_budget,cec2022,10,10,jSO,23,6222402909242994119,15000,15000,2500.2552914596727,100.25529145967266,100.25529145967266,0.16983686800813302
E1_cec2022_paper_budget,cec2022,10,10,jSO,24,1364709485249395279,15000,15000,2500.3299847152593,100.32998471525934,100.32998471525934,0.20212027899106033
E1_cec2022_paper_budget,cec2022,10,10,jSO,25,3430518421201905366,15000,15000,2500.301509418641,100.30150941864122,100.30150941864122,0.14783191500464454
E1_cec2022_paper_budget,cec2022,10,10,jSO,26,6115065278345849780,15000,15000,2500.4377921986825,100.43779219868247,100.43779219868247,0.1499731009826064
E1_cec2022_paper_budget,cec2022,10,10,jSO,27,5766455082072862992,15000,15000,2500.2629409428055,100.26294094280547,100.26294094280547,0.1431450750096701
E1_cec2022_paper_budget,cec2022,10,10,jSO,28,4512934162439536931,15000,15000,2500.298926343225,100.29892634322505,100.29892634322505,0.15076502700685523
E1_cec2022_paper_budget,cec2022,10,10,jSO,29,7908382203667201038,15000,15000,2500.316515561514,100.31651556151382,100.31651556151382,0.17441576599958353
E1_cec2022_paper_budget,cec2022,1,20,DE,0,8708798374469960148,15000,15000,39800.11936739001,39500.11936739001,39500.11936739001,0.06559106401982717
E1_cec2022_paper_budget,cec2022,1,20,DE,1,4443083612021528334,15000,15000,20283.024226509267,19983.024226509267,19983.024226509267,0.06896571299876086
E1_cec2022_paper_budget,cec2022,1,20,DE,2,5356520528705595257,15000,15000,22593.325689042824,22293.325689042824,22293.325689042824,0.07425667700590566
E1_cec2022_paper_budget,cec2022,1,20,DE,3,8117757197861760747,15000,15000,25351.30436841146,25051.30436841146,25051.30436841146,0.07223806998808868
E1_cec2022_paper_budget,cec2022,1,20,DE,4,3603001340180269285,15000,15000,30298.538896719183,29998.538896719183,29998.538896719183,0.06554527799016796
E1_cec2022_paper_budget,cec2022,1,20,DE,5,2007336182386482689,15000,15000,38533.738102684045,38233.738102684045,38233.738102684045,0.07212172300205566
E1_cec2022_paper_budget,cec2022,1,20,DE,6,8625842955405128429,15000,15000,28253.783941607413,27953.783941607413,27953.783941607413,0.07690310099860653
E1_cec2022_paper_budget,cec2022,1,20,DE,7,3825428923355525384,15000,15000,20448.51569846403,20148.51569846403,20148.51569846403,0.0676419000083115
E1_cec2022_paper_budget,cec2022,1,20,DE,8,6848999973776400358,15000,15000,46243.49669137523,45943.49669137523,45943.49669137523,0.06879553399630822
E1_cec2022_paper_budget,cec2022,1,20,DE,9,5048606060806340857,15000,15000,30635.953506106594,30335.953506106594,30335.953506106594,0.07471136000822298
E1_cec2022_paper_budget,cec2022,1,20,DE,10,6102516456280300862,15000,15000,43786.67989895038,43486.67989895038,43486.67989895038,0.07177005300763994
E1_cec2022_paper_budget,cec2022,1,20,DE,11,1654521972984540789,15000,15000,33887.439354035116,33587.439354035116,33587.439354035116,0.06548583600670099
E1_cec2022_paper_budget,cec2022,1,20,DE,12,6831142494520853810,15000,15000,28123.189434527514,27823.189434527514,27823.189434527514,0.0700924459961243
E1_cec2022_paper_budget,cec2022,1,20,DE,13,7763657445777490859,15000,15000,36597.33393932481,36297.33393932481,36297.33393932481,0.07580335802049376
E1_cec2022_paper_budget,cec2022,1,20,DE,14,1299716381864735716,15000,15000,43194.21078903321,42894.21078903321,42894.21078903321,0.06623255700105801
E1_cec2022_paper_budget,cec2022,1,20,DE,15,709507967289281259,15000,15000,29279.349488326352,28979.349488326352,28979.349488326352,0.06763537801452912
E1_cec2022_paper_budget,cec2022,1,20,DE,16,8874847844436533909,15000,15000,31846.46285389067,31546.46285389067,31546.46285389067,0.07467382898903452
E1_cec2022_paper_budget,cec2022,1,20,DE,17,269248411727578729,15000,15000,38068.544367819115,37768.544367819115,37768.544367819115,0.0749399890191853
E1_cec2022_paper_budget,cec2022,1,20,DE,18,5389237891878511268,15000,15000,28337.79644074966,28037.79644074966,28037.79644074966,0.07542748301057145
E1_cec2022_paper_budget,cec2022,1,20,DE,19,5539336968750782830,15000,15000,20062.299262123026,19762.299262123026,19762.299262123026,0.07473999302601442
E1_cec2022_paper_budget,cec2022,1,20,DE,20,3976296246043741865,15000,15000,35502.1165892838,35202.1165892838,35202.1165892838,0.07671164101338945
E1_cec2022_paper_budget,cec2022,1,20,DE,21,8378672807180918717,15000,15000,35497.20101479036,35197.20101479036,35197.20101479036,0.07561778998933733
E1_cec2022_paper_budget,cec2022,1,20,DE,22,8919512639526190607,15000,15000,35869.330789462554,35569.330789462554,35569.330789462554,0.0775721060053911
E1_cec2022_paper_budget,cec2022,1,20,DE,23,2323599707072314040,15000,15000,41246.90163459208,40946.90163459208,40946.90163459208,0.0762647730007302
E1_cec2022_paper_budget,cec2022,1,20,DE,24,6999374855280147,15000,15000,33268.61810073711,32968.61810073711,32968.61810073711,0.07883260998642072
E1_cec2022_paper_budget,cec2022,1,20,DE,25,7545908747105746186,15000,15000,48486.79485080698,48186.79485080698,48186.79485080698,0.07444034097716212
E1_cec2022_paper_budget,cec2022,1,20,DE,26,940113961150166154,15000,15000,33682.25818165125,33382.25818165125,33382.25818165125,0.07756030300515704
E1_cec2022_paper_budget,cec2022,1,20,DE,27,8839552308519920648,15000,15000,33513.333344458406,33213.333344458406,33213.333344458406,0.07462161098374054
E1_cec2022_paper_budget,cec2022,1,20,DE,28,9196093513324577937,15000,15000,20005.196483545194,19705.196483545194,19705.196483545194,0.07565347698982805
E1_cec2022_paper_budget,cec2022,1,20,DE,29,210720534317658169,15000,15000,37383.97957147483,37083.97957147483,37083.97957147483,0.07578277902211994
E1_cec2022_paper_budget,cec2022,10,10,LSHADE,0,107395743983013713,15000,15000,2500.311302625366,100.3113026253659,100.3113026253659,0.22199249200639315
E1_cec2022_paper_budget,cec2022,10,10,LSHADE,1,1797433811943579809,15000,15000,2500.3546105976498,100.35461059764975,100.35461059764975,0.214641725004185
E1_cec2022_paper_budget,cec2022,10,10,LSHADE,2,2145560340770086276,15000,15000,2500.315462202338,100.31546220233804,100.31546220233804,0.21453674798249267
E1_cec2022_paper_budget,cec2022,10,10,LSHADE,3,3975629261800072245,15000,15000,2500.3454656192052,100.34546561920524,100.34546561920524,0.21761132500250824
E1_cec2022_paper_budget,cec2022,10,10,LSHADE,4,6262774197046715,15000,15000,2500.275729827564,100.27572982756419,100.27572982756419,0.21687688698875718
E1_cec2022_paper_budget,cec2022,10,10,LSHADE,5,3488506415894420403,15000,15000,2500.2959713983164,100.2959713983164,100.2959713983164,0.2201225750031881
E1_cec2022_paper_budget,cec2022,10,10,LSHADE,6,4979492477600223141,15000,15000,2500.2384144360667,100.2384144360667,100.2384144360667,0.21613941399846226
E1_cec2022_paper_budget,cec2022,10,10,LSHADE,7,9058719452451853187,15000,15000,2500.3591945970065,100.35919459700654,100.35919459700654,0.2205627799849026
E1_cec2022_paper_budget,cec2022,10,10,LSHADE,8,3643958791347623655,15000,15000,2500.3166225261275,100.3166225261275,100.3166225261275,0.21726530598243698
E1_cec2022_paper_budget,cec2022,10,10,LSHADE,9,1645681464740941837,15000,15000,2500.340817275603,100.34081727560306,100.34081727560306,0.223042280995287
E1_cec2022_paper_budget,cec2022,10,10,LSHADE,10,5577670240847567160,15000,15000,2500.416053090642,100.41605309064198,100.41605309064198,0.2164632109925151
E1_cec2022_paper_budget,cec2022,10,10,LSHADE,11,6122398649126607666,15000,15000,2500.1847961490803,100.18479614908028,100.18479614908028,0.21935842098901048
E1_cec2022_paper_budget,cec2022,10,10,LSHADE,12,8237172849514797478,15000,15000,2500.3142829546223,100.31428295462229,100.31428295462229,0.22076123201986775
E1_cec2022_paper_budget,cec2022,10,10,LSHADE,13,2876827788854867720,15000,15000,2500.3341807095753,100.33418070957532,100.33418070957532,0.2250025479879696
E1_cec2022_paper_budget,cec2022,10,10,LSHADE,14,222062964817654802,15000,15000,2607.0612560530994,207.06125605309944,207.06125605309944,0.22221449899370782
E1_cec2022_paper_budget,cec2022,10,10,LSHADE,15,2441242981181273832,15000,15000,2500.404409387868,100.40440938786787,100.40440938786787,0.22123065299820155
E1_cec2022_paper_budget,cec2022,10,10,LSHADE,16,8150868110485153474,15000,15000,2500.3235531563146,100.32355315631457,100.32355315631457,0.2214075249794405
E1_cec2022_paper_budget,cec2022,10,10,LSHADE,17,2672883306931296570,15000,15000,2500.352648663219,100.35264866321904,100.35264866321904,0.22045443698880263
E1_cec2022_paper_budget,cec2022,10,10,LSHADE,18,2846270772834365234,15000,15000,2500.276430828238,100.27643082823806,100.27643082823806,0.22660555399488658
E1_cec2022_paper_budget,cec2022,10,10,LSHADE,19,6796990714611853586,15000,15000,2500.3004465889753,100.30044658897532,100.30044658897532,0.2228079320047982
E1_cec2022_paper_budget,cec2022,10,10,LSHADE,20,6165856509935947172,15000,15000,2500.315914735828,100.31591473582785,100.31591473582785,0.2218758540111594
E1_cec2022_paper_budget,cec2022,10,10,LSHADE,21,5234549077860093288,15000,15000,2500.331993606725,100.33199360672506,100.33199360672506,0.16689893801230937
E1_cec2022_paper_budget,cec2022,10,10,LSHADE,22,5860337391267565511,15000,15000,2500.3769195343275,100.3769195343275,100.3769195343275,0.159141918993555
E1_cec2022_paper_budget,cec2022,10,10,LSHADE,23,5629014921564575820,15000,15000,2500.341956913949,100.34195691394916,100.34195691394916,0.16652868399978615
E1_cec2022_paper_budget,cec2022,10,10,LSHADE,24,6971578521765463589,15000,15000,2500.3017306805277,100.30173068052773,100.30173068052773,0.1794104239961598
E1_cec2022_paper_budget,cec2022,10,10,LSHADE,25,2964389350655314900,15000,15000,2500.300801039881,100.30080103988121,100.30080103988121,0.15489851898746565
E1_cec2022_paper_budget,cec2022,10,10,LSHADE,26,6722998072687349020,15000,15000,2500.3046363445796,100.30463634457965,100.30463634457965,0.158371603989508
E1_cec2022_paper_budget,cec2022,10,10,LSHADE,27,7638833368130069532,15000,15000,2500.304227992315,100.30422799231519,100.30422799231519,0.16894584699184634
E1_cec2022_paper_budget,cec2022,10,10,LSHADE,28,6071902106572559644,15000,15000,2500.272287465572,100.27228746557194,100.27228746557194,0.1548705280001741
E1_cec2022_paper_budget,cec2022,10,10,LSHADE,29,141249677663895666,15000,15000,2500.3073618051426,100.30736180514259,100.30736180514259,0.16018480400089175
E1_cec2022_paper_budget,cec2022,1,20,SHADE,0,5881175961597040205,15000,15000,8105.425372398833,7805.425372398833,7805.425372398833,0.11316674700356089
E1_cec2022_paper_budget,cec2022,1,20,SHADE,1,7481415924599765433,15000,15000,8970.893625244247,8670.893625244247,8670.893625244247,0.11005968900281005
E1_cec2022_paper_budget,cec2022,1,20,SHADE,2,8310566849142871657,15000,15000,11219.818938488665,10919.818938488665,10919.818938488665,0.1096317770134192
E1_cec2022_paper_budget,cec2022,1,20,SHADE,3,9174532698807602446,15000,15000,8948.329865928747,8648.329865928747,8648.329865928747,0.11278003198094666
E1_cec2022_paper_budget,cec2022,1,20,SHADE,4,5724230989173659438,15000,15000,13499.291939799128,13199.291939799128,13199.291939799128,0.1099394139891956
E1_cec2022_paper_budget,cec2022,1,20,SHADE,5,3755698347566860340,15000,15000,5433.657660010125,5133.657660010125,5133.657660010125,0.10968570798286237
E1_cec2022_paper_budget,cec2022,1,20,SHADE,6,7234486518714677574,15000,15000,24841.958046012754,24541.958046012754,24541.958046012754,0.11023147200467065
E1_cec2022_paper_budget,cec2022,1,20,SHADE,7,2123705524561815354,15000,15000,6326.931365490141,6026.931365490141,6026.931365490141,0.11065413401229307
E1_cec2022_paper_budget,cec2022,1,20,SHADE,8,2381664684063011526,15000,15000,17227.695522489503,16927.695522489503,16927.695522489503,0.11325602399301715
E1_cec2022_paper_budget,cec2022,1,20,SHADE,9,428920027889164435,15000,15000,6766.815220033924,6466.815220033924,6466.815220033924,0.1117005669802893
E1_cec2022_paper_budget,cec2022,1,20,SHADE,10,2908287550497569997,15000,15000,14012.950294706554,13712.950294706554,13712.950294706554,0.11110808499506675
E1_cec2022_paper_budget,cec2022,1,20,SHADE,11,6012227587691447761,15000,15000,2642.351623985106,2342.351623985106,2342.351623985106,0.11093949899077415
E1_cec2022_paper_budget,cec2022,1,20,SHADE,12,8934099186054874236,15000,15000,15785.482236631355,15485.482236631355,15485.482236631355,0.11111768402042799
E1_cec2022_paper_budget,cec2022,1,20,SHADE,13,7874988095966017692,15000,15000,11890.825407964681,11590.825407964681,11590.825407964681,0.11118319700472057
E1_cec2022_paper_budget,cec2022,1,20,SHADE,14,2348364264508534983,15000,15000,10443.439287427622,10143.439287427622,10143.439287427622,0.11245874897576869
E1_cec2022_paper_budget,cec2022,1,20,SHADE,15,6824870927705162685,15000,15000,20281.236003937192,19981.236003937192,19981.236003937192,0.11165408001397736
E1_cec2022_paper_budget,cec2022,1,20,SHADE,16,2602153449789986145,15000,15000,7179.758767917769,6879.758767917769,6879.758767917769,0.11089099798118696
E1_cec2022_paper_budget,cec2022,1,20,SHADE,17,3606352645643948638,15000,15000,20229.053843753296,19929.053843753296,19929.053843753296,0.10959478799486533
E1_cec2022_paper_budget,cec2022,1,20,SHADE,18,7741479024964044681,15000,15000,18101.249151678483,17801.249151678483,17801.249151678483,0.1081606570223812
E1_cec2022_paper_budget,cec2022,1,20,SHADE,19,3465626957354874500,15000,15000,15566.186106520016,15266.186106520016,15266.186106520016,0.1106592139985878
E1_cec2022_paper_budget,cec2022,1,20,SHADE,20,8385784443354269470,15000,15000,3394.7037736662173,3094.7037736662173,3094.7037736662173,0.10937796102371067
E1_cec2022_paper_budget,cec2022,1,20,SHADE,21,8646147885733182259,15000,15000,15640.011769520983,15340.011769520983,15340.011769520983,0.10980695500620641
E1_cec2022_paper_budget,cec2022,1,20,SHADE,22,4163013202367790092,15000,15000,12014.28690802518,11714.28690802518,11714.28690802518,0.11094721400877461
E1_cec2022_paper_budget,cec2022,1,20,SHADE,23,5917515046860912416,15000,15000,12724.980022732707,12424.980022732707,12424.980022732707,0.10961979400599375
E1_cec2022_paper_budget,cec2022,1,20,SHADE,24,2371957834735595369,15000,15000,12867.843071366042,12567.843071366042,12567.843071366042,0.10655420398688875
E1_cec2022_paper_budget,cec2022,1,20,SHADE,25,7649374631096656894,15000,15000,9144.652191177407,8844.652191177407,8844.652191177407,0.11111390599398874
E1_cec2022_paper_budget,cec2022,1,20,SHADE,26,4469946492847644424,15000,15000,16353.401337867766,16053.401337867766,16053.401337867766,0.11024481698404998
E1_cec2022_paper_budget,cec2022,1,20,SHADE,27,213789965418147563,15000,15000,11793.261389882138,11493.261389882138,11493.261389882138,0.10980787701555528
E1_cec2022_paper_budget,cec2022,1,20,SHADE,28,5361630139823044698,15000,15000,10471.208282627309,10171.208282627309,10171.208282627309,0.10887375500169583
E1_cec2022_paper_budget,cec2022,1,20,SHADE,29,6753223907705593016,15000,15000,12686.52305614562,12386.52305614562,12386.52305614562,0.10896850298740901
E1_cec2022_paper_budget,cec2022,2,20,DE,0,865593027818552184,15000,15000,453.4519498331301,53.45194983313007,53.45194983313007,0.07708887802436948
E1_cec2022_paper_budget,cec2022,2,20,DE,1,3070530308235293646,15000,15000,458.72321747367096,58.72321747367096,58.72321747367096,0.07697862200438976
E1_cec2022_paper_budget,cec2022,2,20,DE,2,6802250988763426594,15000,15000,452.5307568262066,52.530756826206584,52.530756826206584,0.0762414900236763
E1_cec2022_paper_budget,cec2022,2,20,DE,3,2593662431175652606,15000,15000,453.7530880731199,53.7530880731199,53.7530880731199,0.07582935699610971
E1_cec2022_paper_budget,cec2022,2,20,DE,4,8327983803476297098,15000,15000,460.3016615441237,60.301661544123704,60.301661544123704,0.0765331260045059
E1_cec2022_paper_budget,cec2022,2,20,DE,5,8224352222857739160,15000,15000,459.3849362146442,59.3849362146442,59.3849362146442,0.0826981499849353
E1_cec2022_paper_budget,cec2022,2,20,DE,6,7567782178600237917,15000,15000,454.929741981363,54.92974198136301,54.92974198136301,0.08970429099281318
E1_cec2022_paper_budget,cec2022,2,20,DE,7,1152727517148377965,15000,15000,461.82937356169657,61.82937356169657,61.82937356169657,0.08360200500464998
E1_cec2022_paper_budget,cec2022,2,20,DE,8,9075122383463787774,15000,15000,463.03109989774464,63.03109989774464,63.03109989774464,0.0834204540005885
E1_cec2022_paper_budget,cec2022,2,20,DE,9,545127460496829537,15000,15000,455.93027238652655,55.93027238652655,55.93027238652655,0.0869023559789639
E1_cec2022_paper_budget,cec2022,2,20,DE,10,7924942476374200334,15000,15000,455.9276669392029,55.92766693920288,55.92766693920288,0.08030286701978184
E1_cec2022_paper_budget,cec2022,2,20,DE,11,8522780541404122483,15000,15000,456.6448785550804,56.644878555080425,56.644878555080425,0.08025013798032887
E1_cec2022_paper_budget,cec2022,2,20,DE,12,6796839189417691401,15000,15000,462.82460280712706,62.824602807127064,62.824602807127064,0.07980494300136343
E1_cec2022_paper_budget,cec2022,2,20,DE,13,5534497915510012818,15000,15000,454.8867593426822,54.88675934268218,54.88675934268218,0.08142871901509352
E1_cec2022_paper_budget,cec2022,2,20,DE,14,795078558425381862,15000,15000,458.9022028526769,58.90220285267691,58.90220285267691,0.07913426501909271
E1_cec2022_paper_budget,cec2022,2,20,DE,15,481630261652805319,15000,15000,458.6933704919092,58.69337049190921,58.69337049190921,0.07605236498056911
E1_cec2022_paper_budget,cec2022,2,20,DE,16,2537687291768365948,15000,15000,456.5054123357364,56.50541233573642,56.50541233573642,0.07897200100705959
E1_cec2022_paper_budget,cec2022,2,20,DE,17,5871188066554622016,15000,15000,454.49616038034725,54.49616038034725,54.49616038034725,0.07735679199686274
E1_cec2022_paper_budget,cec2022,2,20,DE,18,1258424759898778471,15000,15000,454.9239852782273,54.92398527822729,54.92398527822729,0.07771936201606877
E1_cec2022_paper_budget,cec2022,2,20,DE,19,5498058889767514981,15000,15000,454.46110072729385,54.461100727293854,54.461100727293854,0.07840079997549765
E1_cec2022_paper_budget,cec2022,2,20,DE,20,3749362994032394468,15000,15000,465.1909951078538,65.19099510785378,65.19099510785378,0.07773086300585419
E1_cec2022_paper_budget,cec2022,2,20,DE,21,427127511068320799,15000,15000,453.6742649478062,53.67426494780619,53.67426494780619,0.06667686000582762
E1_cec2022_paper_budget,cec2022,2,20,DE,22,8131289808885050710,15000,15000,455.52419829508983,55.52419829508983,55.52419829508983,0.07709865702781826
E1_cec2022_paper_budget,cec2022,2,20,DE,23,1713154971388686381,15000,15000,457.7134600355241,57.71346003552412,57.71346003552412,0.07865730000776239
E1_cec2022_paper_budget,cec2022,2,20,DE,24,6673534811891302630,15000,15000,457.4883916160659,57.48839161606588,57.48839161606588,0.07939575597993098
E1_cec2022_paper_budget,cec2022,2,20,DE,25,9140289063221723629,15000,15000,458.667856911338,58.66785691133799,58.66785691133799,0.07652916898950934
E1_cec2022_paper_budget,cec2022,2,20,DE,26,2494960946050605376,15000,15000,476.18544958730615,76.18544958730615,76.18544958730615,0.07955853099701926
E1_cec2022_paper_budget,cec2022,2,20,DE,27,3786095071502123232,15000,15000,468.12575649252574,68.12575649252574,68.12575649252574,0.07794037598068826
E1_cec2022_paper_budget,cec2022,2,20,DE,28,936973149173602072,15000,15000,457.47353590255113,57.473535902551134,57.473535902551134,0.07714576498256065
E1_cec2022_paper_budget,cec2022,2,20,DE,29,3696159653888140597,15000,15000,455.3736403762291,55.373640376229105,55.373640376229105,0.07658014501794241
E1_cec2022_paper_budget,cec2022,4,10,HHO,0,1865202270632890203,15000,15000,813.2435631633228,13.243563163322847,13.243563163322847,0.5807700399891473
E1_cec2022_paper_budget,cec2022,4,10,HHO,1,6787117406671777320,15000,15000,833.9552186874898,33.95521868748983,33.95521868748983,0.5883679300022777
E1_cec2022_paper_budget,cec2022,4,10,HHO,2,8125685731359651419,15000,15000,828.456258825251,28.456258825250984,28.456258825250984,0.593431397981476
E1_cec2022_paper_budget,cec2022,4,10,HHO,3,7570396992207709619,15000,15000,826.2127671475816,26.212767147581644,26.212767147581644,0.5826688609959092
E1_cec2022_paper_budget,cec2022,4,10,HHO,4,2266403668526282029,15000,15000,829.4861493982895,29.486149398289513,29.486149398289513,0.5866241499898024
E1_cec2022_paper_budget,cec2022,4,10,HHO,5,6579030674922478246,15000,15000,823.0468579985353,23.0468579985353,23.0468579985353,0.5124214639945421
E1_cec2022_paper_budget,cec2022,4,10,HHO,6,8425073570692646310,15000,15000,810.3638376430574,10.363837643057423,10.363837643057423,0.3199021830223501
E1_cec2022_paper_budget,cec2022,4,10,HHO,7,3396336941855675712,15000,15000,825.213759323291,25.213759323291015,25.213759323291015,0.3057450490014162
E1_cec2022_paper_budget,cec2022,4,10,HHO,8,1810094226902408774,15000,15000,823.2818382006382,23.281838200638163,23.281838200638163,0.30036919700796716
E1_cec2022_paper_budget,cec2022,4,10,HHO,9,2764273885399261353,15000,15000,820.2993525422519,20.29935254225188,20.29935254225188,0.3148696839925833
E1_cec2022_paper_budget,cec2022,4,10,HHO,10,2861153203117858862,15000,15000,826.469952938113,26.46995293811301,26.46995293811301,0.3013762049959041
E1_cec2022_paper_budget,cec2022,4,10,HHO,11,5523040710907182052,15000,15000,829.0583697100127,29.0583697100127,29.0583697100127,0.37671276699984446
E1_cec2022_paper_budget,cec2022,4,10,HHO,12,8017188632387036736,15000,15000,822.4798114253705,22.479811425370485,22.479811425370485,0.36485857400111854
E1_cec2022_paper_budget,cec2022,4,10,HHO,13,938992785282136570,15000,15000,820.7456730717627,20.745673071762667,20.745673071762667,0.4403600050136447
E1_cec2022_paper_budget,cec2022,4,10,HHO,14,5406970961583676667,15000,15000,821.3434192755253,21.34341927552532,21.34341927552532,0.47211761999642476
E1_cec2022_paper_budget,cec2022,4,10,HHO,15,1297280009872780635,15000,15000,821.1096348877151,21.10963488771506,21.10963488771506,0.4268828470085282
E1_cec2022_paper_budget,cec2022,4,10,HHO,16,1678783665645584696,15000,15000,833.168653710078,33.16865371007805,33.16865371007805,0.44621349399676546
E1_cec2022_paper_budget,cec2022,4,10,HHO,17,2387028940950620681,15000,15000,811.4978664761894,11.497866476189415,11.497866476189415,0.35173445800319314
E1_cec2022_paper_budget,cec2022,4,10,HHO,18,1679701943474694647,15000,15000,832.9871513568653,32.9871513568653,32.9871513568653,0.46422293299110606
E1_cec2022_paper_budget,cec2022,4,10,HHO,19,1314842583142217641,15000,15000,825.9651853400244,25.96518534002439,25.96518534002439,0.44537028201739304
E1_cec2022_paper_budget,cec2022,4,10,HHO,20,7931460680679833970,15000,15000,818.1069796356704,18.106979635670427,18.106979635670427,0.3832637640007306
E1_cec2022_paper_budget,cec2022,4,10,HHO,21,8570507368435407623,15000,15000,816.5965127714949,16.596512771494872,16.596512771494872,0.3678561960114166
E1_cec2022_paper_budget,cec2022,4,10,HHO,22,7952563557206136943,15000,15000,820.210686185454,20.21068618545405,20.21068618545405,0.38407387398183346
E1_cec2022_paper_budget,cec2022,4,10,HHO,23,2718891536076246113,15000,15000,838.1359897355093,38.13598973550927,38.13598973550927,0.36700687199481763
E1_cec2022_paper_budget,cec2022,4,10,HHO,24,4998775359409024628,15000,15000,851.5955523618868,51.5955523618868,51.5955523618868,0.356483425013721
E1_cec2022_paper_budget,cec2022,4,10,HHO,25,371121436570732050,15000,15000,821.2418412307857,21.241841230785667,21.241841230785667,0.366945518006105
E1_cec2022_paper_budget,cec2022,4,10,HHO,26,386746625919068507,15000,15000,825.5244609662672,25.524460966267156,25.524460966267156,0.48119688997394405
E1_cec2022_paper_budget,cec2022,4,10,HHO,27,8979336754409417726,15000,15000,825.1878175295612,25.187817529561244,25.187817529561244,0.5437011629983317
E1_cec2022_paper_budget,cec2022,4,10,HHO,28,7826385102917622231,15000,15000,817.3248573724397,17.324857372439737,17.324857372439737,0.5621688420069404
E1_cec2022_paper_budget,cec2022,4,10,HHO,29,6925418001916942511,15000,15000,821.0740798835595,21.074079883559534,21.074079883559534,0.5255843630002346
E1_cec2022_paper_budget,cec2022,11,10,LSHADE,0,600739053000824698,15000,15000,2600.000010407579,1.0407578884041868e-05,1.0407578884041868e-05,0.2409636449883692
E1_cec2022_paper_budget,cec2022,11,10,LSHADE,1,4285416242111128483,15000,15000,2600.000069367705,6.93677047820529e-05,6.93677047820529e-05,0.23590806298307143
E1_cec2022_paper_budget,cec2022,11,10,LSHADE,2,1967735146031616391,15000,15000,2600.000247672312,0.0002476723120707902,0.0002476723120707902,0.23412200302118436
E1_cec2022_paper_budget,cec2022,11,10,LSHADE,3,6785890056937482890,15000,15000,2600.000026572794,2.6572794013191015e-05,2.6572794013191015e-05,0.2375119410280604
E1_cec2022_paper_budget,cec2022,11,10,LSHADE,4,3199947429301063296,15000,15000,2600.0000036790952,3.6790952435694635e-06,3.6790952435694635e-06,0.23637745299492963
E1_cec2022_paper_budget,cec2022,11,10,LSHADE,5,960769424816715951,15000,15000,2600.000004312484,4.3124841795361135e-06,4.3124841795361135e-06,0.23567640798864886
E1_cec2022_paper_budget,cec2022,11,10,LSHADE,6,2079456837518456268,15000,15000,2600.0000176181416,1.7618141555431066e-05,1.7618141555431066e-05,0.2363483980007004
E1_cec2022_paper_budget,cec2022,11,10,LSHADE,7,5390833545632896265,15000,15000,2600.0000096184567,9.618456715543289e-06,9.618456715543289e-06,0.2322849359770771
E1_cec2022_paper_budget,cec2022,11,10,LSHADE,8,7746304740431527609,15000,15000,2600.0000155753505,1.557535051688319e-05,1.557535051688319e-05,0.23487550500431098
E1_cec2022_paper_budget,cec2022,11,10,LSHADE,9,5579638062895383809,15000,15000,2600.0000097248176,9.724817573442124e-06,9.724817573442124e-06,0.23581636100425385
E1_cec2022_paper_budget,cec2022,11,10,LSHADE,10,1896411163926765527,15000,15000,2600.0000510371447,5.1037144658039324e-05,5.1037144658039324e-05,0.23521078398334794
E1_cec2022_paper_budget,cec2022,11,10,LSHADE,11,1529367973175639102,15000,15000,2600.0000174307697,1.7430769730708562e-05,1.7430769730708562e-05,0.23815986601402983
E1_cec2022_paper_budget,cec2022,11,10,LSHADE,12,5268583065959405834,15000,15000,2600.0000117422833,1.1742283277271781e-05,1.1742283277271781e-05,0.23803473098087125
E1_cec2022_paper_budget,cec2022,11,10,LSHADE,13,7088831887111885983,15000,15000,2600.0000340232978,3.402329775781254e-05,3.402329775781254e-05,0.23782498700893484
E1_cec2022_paper_budget,cec2022,11,10,LSHADE,14,6777990408597806416,15000,15000,2600.000035220452,3.522045199133572e-05,3.522045199133572e-05,0.239995900017675
E1_cec2022_paper_budget,cec2022,11,10,LSHADE,15,251011455847581746,15000,15000,2600.0000426905717,4.269057171768509e-05,4.269057171768509e-05,0.23914705798961222
E1_cec2022_paper_budget,cec2022,11,10,LSHADE,16,3238083342993098621,15000,15000,2600.0000296474736,2.9647473638760857e-05,2.9647473638760857e-05,0.23689868999645114
E1_cec2022_paper_budget,cec2022,11,10,LSHADE,17,3576540341927258378,15000,15000,2600.00000613379,6.133790066087386e-06,6.133790066087386e-06,0.25479069899301976
E1_cec2022_paper_budget,cec2022,11,10,LSHADE,18,4127637596815872307,15000,15000,2600.000034805182,3.480518216747441e-05,3.480518216747441e-05,0.24100934001035057
E1_cec2022_paper_budget,cec2022,11,10,LSHADE,19,8507225984204515221,15000,15000,2600.0000085670313,8.567031272832537e-06,8.567031272832537e-06,0.2402798020048067
E1_cec2022_paper_budget,cec2022,11,10,LSHADE,20,5048211718306630685,15000,15000,2600.0000592558863,5.925588629906997e-05,5.925588629906997e-05,0.23669626002083533
E1_cec2022_paper_budget,cec2022,11,10,LSHADE,21,6891902493484026349,15000,15000,2600.000048265482,4.826548183700652e-05,4.826548183700652e-05,0.2486346529913135
E1_cec2022_paper_budget,cec2022,11,10,LSHADE,22,6894893956843155166,15000,15000,2600.00001217166,1.2171659818704939e-05,1.2171659818704939e-05,0.23484421701868996
E1_cec2022_paper_budget,cec2022,11,10,LSHADE,23,4475333796027907732,15000,15000,2600.0000239223373,2.3922337277326733e-05,2.3922337277326733e-05,0.23341801200876944
E1_cec2022_paper_budget,cec2022,11,10,LSHADE,24,7771871583797844744,15000,15000,2600.000026342554,2.6342554065195145e-05,2.6342554065195145e-05,0.238897650007857
E1_cec2022_paper_budget,cec2022,11,10,LSHADE,25,252450265136547065,15000,15000,2600.0000144609207,1.4460920738201821e-05,1.4460920738201821e-05,0.23548386598122306
E1_cec2022_paper_budget,cec2022,11,10,LSHADE,26,3862141094472920594,15000,15000,2600.000024356068,2.4356068024644628e-05,2.4356068024644628e-05,0.2340809850138612
E1_cec2022_paper_budget,cec2022,11,10,LSHADE,27,8498069811515534522,15000,15000,2600.000019630306,1.963030581464409e-05,1.963030581464409e-05,0.2391975419886876
E1_cec2022_paper_budget,cec2022,11,10,LSHADE,28,4203589220525857041,15000,15000,2600.000140571694,0.00014057169391890056,0.00014057169391890056,0.2377513890096452
E1_cec2022_paper_budget,cec2022,11,10,LSHADE,29,1843763563988267420,15000,15000,2600.000007813676,7.81367589297588e-06,7.81367589297588e-06,0.23735024698544294
E1_cec2022_paper_budget,cec2022,11,10,jSO,0,1059478530536791991,15000,15000,2600.0000016420418,1.6420417523477226e-06,1.6420417523477226e-06,0.23990611100452952
E1_cec2022_paper_budget,cec2022,11,10,jSO,1,6346405245874745227,15000,15000,2600.0000011385246,1.1385245670680888e-06,1.1385245670680888e-06,0.24003767801332287
E1_cec2022_paper_budget,cec2022,11,10,jSO,2,6349835939226007207,15000,15000,2600.0000090090157,9.009015684569022e-06,9.009015684569022e-06,0.23708678400726058
E1_cec2022_paper_budget,cec2022,11,10,jSO,3,5875929786664668278,15000,15000,2600.0000028351687,2.835168743331451e-06,2.835168743331451e-06,0.23892448999686167
E1_cec2022_paper_budget,cec2022,11,10,jSO,4,3803805112369605421,15000,15000,2600.0000014547154,1.454715402360307e-06,1.454715402360307e-06,0.23931021298631094
E1_cec2022_paper_budget,cec2022,11,10,jSO,5,1077443368586420018,15000,15000,2600.000000640883,6.40883172309259e-07,6.40883172309259e-07,0.23910571000305936
E1_cec2022_paper_budget,cec2022,11,10,jSO,6,8619683296762547061,15000,15000,2600.000005178324,5.178324045118643e-06,5.178324045118643e-06,0.23846712199156173
E1_cec2022_paper_budget,cec2022,11,10,jSO,7,7768887204434898818,15000,15000,2600.000005683331,5.683330982719781e-06,5.683330982719781e-06,0.2370650619850494
E1_cec2022_paper_budget,cec2022,11,10,jSO,8,5948795447076559575,15000,15000,2600.0000042892852,4.2892852434306405e-06,4.2892852434306405e-06,0.23715613299282268
E1_cec2022_paper_budget,cec2022,11,10,jSO,9,7526386353513931424,15000,15000,2600.0000027987567,2.798756668198621e-06,2.798756668198621e-06,0.23842998198233545
E1_cec2022_paper_budget,cec2022,11,10,jSO,10,4191833814775820376,15000,15000,2600.0000015194073,1.5194073057500646e-06,1.5194073057500646e-06,0.2392902659776155
E1_cec2022_paper_budget,cec2022,11,10,jSO,11,2807125037879103130,15000,15000,2600.0000024174888,2.4174887585104443e-06,2.4174887585104443e-06,0.23989459002041258
E1_cec2022_paper_budget,cec2022,11,10,jSO,12,2278604013560823282,15000,15000,2600.0000026831685,2.6831685318029486e-06,2.6831685318029486e-06,0.23958129200036637
E1_cec2022_paper_budget,cec2022,11,10,jSO,13,4016638765488900416,15000,15000,2600.000007286679,7.286679192475276e-06,7.286679192475276e-06,0.2397451589931734
E1_cec2022_paper_budget,cec2022,11,10,jSO,14,4142653490152177080,15000,15000,2600.000001924042,1.924041953316191e-06,1.924041953316191e-06,0.24071300501236692
E1_cec2022_paper_budget,cec2022,11,10,jSO,15,3171041395273395254,15000,15000,2600.000001524939,1.5249388525262475e-06,1.5249388525262475e-06,0.23913763000746258
E1_cec2022_paper_budget,cec2022,11,10,jSO,16,7554786748605861021,15000,15000,2600.000002828944,2.828944161592517e-06,2.828944161592517e-06,0.24114515498513356
E1_cec2022_paper_budget,cec2022,11,10,jSO,17,4955968625439458332,15000,15000,2600.000003128022,3.128021944576176e-06,3.128021944576176e-06,0.2380534860130865
E1_cec2022_paper_budget,cec2022,11,10,jSO,18,7895691305654063717,15000,15000,2600.00000244025,2.4402497729170136e-06,2.4402497729170136e-06,0.2385230269865133
E1_cec2022_paper_budget,cec2022,11,10,jSO,19,62990965159175003,15000,15000,2600.000002443986,2.443985977151897e-06,2.443985977151897e-06,0.2399333920038771
E1_cec2022_paper_budget,cec2022,11,10,jSO,20,8571401183033905203,15000,15000,2600.0000087575972,8.757597242947668e-06,8.757597242947668e-06,0.23758894501952454
E1_cec2022_paper_budget,cec2022,11,10,jSO,21,6710984304505107363,15000,15000,2600.0000029982352,2.9982352316437755e-06,2.9982352316437755e-06,0.2376444090041332
E1_cec2022_paper_budget,cec2022,11,10,jSO,22,6866255983868208724,15000,15000,2600.0000007984972,7.984972398844548e-07,7.984972398844548e-07,0.23818493299768306
E1_cec2022_paper_budget,cec2022,11,10,jSO,23,830319613298529103,15000,15000,2600.000009230896,9.230896012013545e-06,9.230896012013545e-06,0.23853207399952225
E1_cec2022_paper_budget,cec2022,11,10,jSO,24,4903145287935899960,15000,15000,2600.000000525409,5.254091774986591e-07,5.254091774986591e-07,0.24162647800403647
E1_cec2022_paper_budget,cec2022,11,10,jSO,25,823509505524366845,15000,15000,2600.000001287411,1.2874111234850716e-06,1.2874111234850716e-06,0.2409100640215911
E1_cec2022_paper_budget,cec2022,11,10,jSO,26,3220624493834604084,15000,15000,2600.0000049218493,4.9218492677027825e-06,4.9218492677027825e-06,0.24049211997771636
E1_cec2022_paper_budget,cec2022,11,10,jSO,27,4026526636100862299,15000,15000,2600.000001496149,1.4961487977416255e-06,1.4961487977416255e-06,0.23822349502006546
E1_cec2022_paper_budget,cec2022,11,10,jSO,28,997945984107475358,15000,15000,2600.0000036600914,3.660091351775918e-06,3.660091351775918e-06,0.23165117800817825
E1_cec2022_paper_budget,cec2022,11,10,jSO,29,8098107943743761556,15000,15000,2600.0000039656693,3.965669293393148e-06,3.965669293393148e-06,0.2288592619879637
E1_cec2022_paper_budget,cec2022,1,20,LSHADE,0,4566175859344855109,15000,15000,379.0939371904766,79.0939371904766,79.0939371904766,0.1341040880070068
E1_cec2022_paper_budget,cec2022,1,20,LSHADE,1,2642617512787476744,15000,15000,365.56433889969406,65.56433889969406,65.56433889969406,0.13073401601286605
E1_cec2022_paper_budget,cec2022,1,20,LSHADE,2,6974464213103595824,15000,15000,482.7086620221903,182.7086620221903,182.7086620221903,0.12906798199401237
E1_cec2022_paper_budget,cec2022,1,20,LSHADE,3,5872549041577530387,15000,15000,366.5196045561548,66.51960455615477,66.51960455615477,0.12917723698774353
E1_cec2022_paper_budget,cec2022,1,20,LSHADE,4,1294993105493387937,15000,15000,338.22711197920034,38.227111979200345,38.227111979200345,0.13086391999968328
E1_cec2022_paper_budget,cec2022,1,20,LSHADE,5,4671827830678247411,15000,15000,378.77504324967435,78.77504324967435,78.77504324967435,0.1266128160059452
E1_cec2022_paper_budget,cec2022,1,20,LSHADE,6,4496739461932752557,15000,15000,362.38203851972486,62.38203851972486,62.38203851972486,0.12522954301675782
E1_cec2022_paper_budget,cec2022,1,20,LSHADE,7,1598430724786112226,15000,15000,332.56682275374226,32.56682275374226,32.56682275374226,0.13202282300335355
E1_cec2022_paper_budget,cec2022,1,20,LSHADE,8,3854494766561172020,15000,15000,328.03677534935207,28.03677534935207,28.03677534935207,0.11804113897960633
E1_cec2022_paper_budget,cec2022,1,20,LSHADE,9,7220551408702198073,15000,15000,332.49927022842604,32.49927022842604,32.49927022842604,0.10818059500888921
E1_cec2022_paper_budget,cec2022,1,20,LSHADE,10,1222782690366125329,15000,15000,582.9650984314633,282.9650984314633,282.9650984314633,0.1274185680085793
E1_cec2022_paper_budget,cec2022,1,20,LSHADE,11,6073718570525007243,15000,15000,380.76066229775233,80.76066229775233,80.76066229775233,0.1304740390041843
E1_cec2022_paper_budget,cec2022,1,20,LSHADE,12,4259330083784679037,15000,15000,348.4742136034954,48.4742136034954,48.4742136034954,0.12394014399615116
E1_cec2022_paper_budget,cec2022,1,20,LSHADE,13,2345205005007494924,15000,15000,413.8206318819191,113.8206318819191,113.8206318819191,0.12724879902089015
E1_cec2022_paper_budget,cec2022,1,20,LSHADE,14,4856881385204066106,15000,15000,572.0658711068704,272.0658711068704,272.0658711068704,0.12726422800915316
E1_cec2022_paper_budget,cec2022,1,20,LSHADE,15,7197061784470304320,15000,15000,390.65116820427846,90.65116820427846,90.65116820427846,0.1271992170077283
E1_cec2022_paper_budget,cec2022,1,20,LSHADE,16,5677074806265648409,15000,15000,312.61186997863297,12.611869978632967,12.611869978632967,0.12743676197715104
E1_cec2022_paper_budget,cec2022,1,20,LSHADE,17,2362912121440527258,15000,15000,348.66255035177176,48.662550351771756,48.662550351771756,0.12563974200747907
E1_cec2022_paper_budget,cec2022,1,20,LSHADE,18,2633561493219496274,15000,15000,441.1577168293634,141.15771682936338,141.15771682936338,0.09904585199547
E1_cec2022_paper_budget,cec2022,1,20,LSHADE,19,6350969204498768209,15000,15000,367.16781620232956,67.16781620232956,67.16781620232956,0.08350792899727821
E1_cec2022_paper_budget,cec2022,1,20,LSHADE,20,6023973081510381362,15000,15000,373.9823277936519,73.9823277936519,73.9823277936519,0.08339845298905857
E1_cec2022_paper_budget,cec2022,1,20,LSHADE,21,314741866831907927,15000,15000,323.10369059843504,23.103690598435037,23.103690598435037,0.08608919999096543
E1_cec2022_paper_budget,cec2022,1,20,LSHADE,22,603313837745142140,15000,15000,328.81080833556484,28.810808335564843,28.810808335564843,0.08080138199147768
E1_cec2022_paper_budget,cec2022,1,20,LSHADE,23,4231809160428270931,15000,15000,325.40506637520895,25.405066375208946,25.405066375208946,0.09191256199846976
E1_cec2022_paper_budget,cec2022,1,20,LSHADE,24,8329454749818138825,15000,15000,336.18582984510016,36.18582984510016,36.18582984510016,0.08976389298914
E1_cec2022_paper_budget,cec2022,1,20,LSHADE,25,2795239048645679099,15000,15000,317.444859189441,17.44485918944099,17.44485918944099,0.11829714899067767
E1_cec2022_paper_budget,cec2022,1,20,LSHADE,26,8768952949396421126,15000,15000,756.0106631094948,456.01066310949477,456.01066310949477,0.11921961000189185
E1_cec2022_paper_budget,cec2022,1,20,LSHADE,27,5379040507010095540,15000,15000,340.32358122606826,40.32358122606826,40.32358122606826,0.12624520700774156
E1_cec2022_paper_budget,cec2022,1,20,LSHADE,28,129453621665897859,15000,15000,366.45929278262304,66.45929278262304,66.45929278262304,0.12668125500204042
E1_cec2022_paper_budget,cec2022,1,20,LSHADE,29,863602321821159679,15000,15000,430.1918980241593,130.1918980241593,130.1918980241593,0.126388285018038
E1_cec2022_paper_budget,cec2022,1,10,HHO,0,8315547080587727398,15000,15000,4524.035635613893,4224.035635613893,4224.035635613893,0.48647626099409536
E1_cec2022_paper_budget,cec2022,1,10,HHO,1,3768522584167662744,15000,15000,2798.54506135534,2498.54506135534,2498.54506135534,0.48185570500208996
E1_cec2022_paper_budget,cec2022,1,10,HHO,2,6570713788482762543,15000,15000,2227.2245971563557,1927.2245971563557,1927.2245971563557,0.5330636909930035
E1_cec2022_paper_budget,cec2022,1,10,HHO,3,4058445162449303813,15000,15000,5296.864549548991,4996.864549548991,4996.864549548991,0.327428278978914
E1_cec2022_paper_budget,cec2022,1,10,HHO,4,4799127047621911474,15000,15000,2859.9584244116395,2559.9584244116395,2559.9584244116395,0.41429148099268787
E1_cec2022_paper_budget,cec2022,1,10,HHO,5,284855455121128001,15000,15000,1316.511424525942,1016.511424525942,1016.511424525942,0.3530365499900654
E1_cec2022_paper_budget,cec2022,1,10,HHO,6,7812051995539404546,15000,15000,3352.359133413708,3052.359133413708,3052.359133413708,0.4953233450069092
E1_cec2022_paper_budget,cec2022,1,10,HHO,7,7126453208546485725,15000,15000,2816.4928254543793,2516.4928254543793,2516.4928254543793,0.571008270024322
E1_cec2022_paper_budget,cec2022,1,10,HHO,8,2173681995198107418,15000,15000,1828.938959246715,1528.938959246715,1528.938959246715,0.41149291198235005
E1_cec2022_paper_budget,cec2022,1,10,HHO,9,6830988303992597153,15000,15000,2805.9324317052206,2505.9324317052206,2505.9324317052206,0.3259813850163482
E1_cec2022_paper_budget,cec2022,1,10,HHO,10,1478461147742644557,15000,15000,5133.594402854464,4833.594402854464,4833.594402854464,0.47073808300774544
E1_cec2022_paper_budget,cec2022,1,10,HHO,11,4394828726372881173,15000,15000,4797.5828708866375,4497.5828708866375,4497.5828708866375,0.5938544709933922
E1_cec2022_paper_budget,cec2022,1,10,HHO,12,8400280259552489194,15000,15000,3040.093881809959,2740.093881809959,2740.093881809959,0.5992941239965148
E1_cec2022_paper_budget,cec2022,1,10,HHO,13,5491573278972516700,15000,15000,3661.1629441891805,3361.1629441891805,3361.1629441891805,0.5972577139909845
E1_cec2022_paper_budget,cec2022,1,10,HHO,14,3877417277175908707,15000,15000,5349.183358350644,5049.183358350644,5049.183358350644,0.4941862720006611
E1_cec2022_paper_budget,cec2022,1,10,HHO,15,508187356286979719,15000,15000,3234.4747621289857,2934.4747621289857,2934.4747621289857,0.5990207110007759
E1_cec2022_paper_budget,cec2022,1,10,HHO,16,4058097927579056508,15000,15000,5221.903558078233,4921.903558078233,4921.903558078233,0.5961375840124674
E1_cec2022_paper_budget,cec2022,1,10,HHO,17,5057929048506389164,15000,15000,3252.115657246377,2952.115657246377,2952.115657246377,0.5884120840055402
E1_cec2022_paper_budget,cec2022,1,10,HHO,18,5366413926809698911,15000,15000,2529.7672703044236,2229.7672703044236,2229.7672703044236,0.5887553979991935
E1_cec2022_paper_budget,cec2022,1,10,HHO,19,3966626077500363502,15000,15000,5196.975809839241,4896.975809839241,4896.975809839241,0.5925280929950532
E1_cec2022_paper_budget,cec2022,1,10,HHO,20,4747077546772748224,15000,15000,3824.9698588956667,3524.9698588956667,3524.9698588956667,0.5869569240021519
E1_cec2022_paper_budget,cec2022,1,10,HHO,21,8074063232851781736,15000,15000,4726.632976156295,4426.632976156295,4426.632976156295,0.5909150480001699
E1_cec2022_paper_budget,cec2022,1,10,HHO,22,9098241630101350851,15000,15000,2458.8510499197278,2158.8510499197278,2158.8510499197278,0.3392004689958412
E1_cec2022_paper_budget,cec2022,1,10,HHO,23,3832436212791029445,15000,15000,3225.252550211797,2925.252550211797,2925.252550211797,0.36007475102087483
E1_cec2022_paper_budget,cec2022,1,10,HHO,24,2702916768621797200,15000,15000,4037.359712308893,3737.359712308893,3737.359712308893,0.314035208983114
E1_cec2022_paper_budget,cec2022,1,10,HHO,25,1465584218503694031,15000,15000,4810.245441421882,4510.245441421882,4510.245441421882,0.4808879899792373
E1_cec2022_paper_budget,cec2022,1,10,HHO,26,1272204726039846877,15000,15000,4225.109157625222,3925.109157625222,3925.109157625222,0.5196692790195812
E1_cec2022_paper_budget,cec2022,1,10,HHO,27,6673873978212270881,15000,15000,4018.481899006731,3718.481899006731,3718.481899006731,0.3604568570153788
E1_cec2022_paper_budget,cec2022,1,10,HHO,28,7318541026934291074,15000,15000,1512.7195590685137,1212.7195590685137,1212.7195590685137,0.33639578899601474
E1_cec2022_paper_budget,cec2022,1,10,HHO,29,4799929628037618091,15000,15000,5658.45671088317,5358.45671088317,5358.45671088317,0.3438513719884213
E1_cec2022_paper_budget,cec2022,3,10,HHO,0,8905319961687076715,15000,15000,638.4432662732397,38.443266273239715,38.443266273239715,0.5544738380121998
E1_cec2022_paper_budget,cec2022,3,10,HHO,1,2333687440578916540,15000,15000,657.3564506673856,57.356450667385616,57.356450667385616,0.4580826059973333
E1_cec2022_paper_budget,cec2022,3,10,HHO,2,514284770110180680,15000,15000,626.0167537755287,26.01675377552874,26.01675377552874,0.5275015189836267
E1_cec2022_paper_budget,cec2022,3,10,HHO,3,5494116397444355356,15000,15000,651.2145709322072,51.21457093220715,51.21457093220715,0.6155691390158609
E1_cec2022_paper_budget,cec2022,3,10,HHO,4,6604665826822299415,15000,15000,653.5507016632721,53.55070166327209,53.55070166327209,0.3826617660233751
E1_cec2022_paper_budget,cec2022,3,10,HHO,5,6186179513288165641,15000,15000,627.2916604270606,27.291660427060606,27.291660427060606,0.36310330100241117
E1_cec2022_paper_budget,cec2022,3,10,HHO,6,9091024862420204028,15000,15000,639.6125757388843,39.61257573888429,39.61257573888429,0.3698383730079513
E1_cec2022_paper_budget,cec2022,3,10,HHO,7,3122335154971716215,15000,15000,634.1126975004656,34.11269750046563,34.11269750046563,0.3915040199935902
E1_cec2022_paper_budget,cec2022,3,10,HHO,8,5440270425564823888,15000,15000,658.5301658922174,58.53016589221738,58.53016589221738,0.38302567799109966
E1_cec2022_paper_budget,cec2022,3,10,HHO,9,4347704688794822775,15000,15000,641.9780105452217,41.97801054522165,41.97801054522165,0.3718712569971103
E1_cec2022_paper_budget,cec2022,3,10,HHO,10,1022322990287309505,15000,15000,627.7587532620961,27.758753262096093,27.758753262096093,0.4385814890265465
E1_cec2022_paper_budget,cec2022,3,10,HHO,11,1019911155831023827,15000,15000,650.459061344407,50.45906134440702,50.45906134440702,0.46098803498898633
E1_cec2022_paper_budget,cec2022,3,10,HHO,12,1618659842807430564,15000,15000,639.5699596591519,39.56995965915189,39.56995965915189,0.44115139899076894
E1_cec2022_paper_budget,cec2022,3,10,HHO,13,5865211301648080240,15000,15000,625.2753427646286,25.27534276462859,25.27534276462859,0.3663014799822122
E1_cec2022_paper_budget,cec2022,3,10,HHO,14,3247489593502959603,15000,15000,660.8530060815679,60.853006081567855,60.853006081567855,0.38456498601590283
E1_cec2022_paper_budget,cec2022,3,10,HHO,15,6131714113727609260,15000,15000,643.7531166361945,43.75311663619448,43.75311663619448,0.4543046499893535
E1_cec2022_paper_budget,cec2022,3,10,HHO,16,2378795221062622046,15000,15000,619.5115819469388,19.511581946938804,19.511581946938804,0.5177977580169681
E1_cec2022_paper_budget,cec2022,3,10,HHO,17,944619917876656734,15000,15000,634.130070585872,34.13007058587198,34.13007058587198,0.5366499680094421
E1_cec2022_paper_budget,cec2022,3,10,HHO,18,9092221551926966734,15000,15000,638.4962301359741,38.49623013597409,38.49623013597409,0.6128354730026331
E1_cec2022_paper_budget,cec2022,3,10,HHO,19,7543830585248614991,15000,15000,654.0753015979046,54.07530159790463,54.07530159790463,0.6228394249919802
E1_cec2022_paper_budget,cec2022,3,10,HHO,20,8122491947696262719,15000,15000,635.9843840712535,35.984384071253544,35.984384071253544,0.5977304709958844
E1_cec2022_paper_budget,cec2022,3,10,HHO,21,7949638271695596850,15000,15000,642.0078045690515,42.00780456905147,42.00780456905147,0.5929466680099722
E1_cec2022_paper_budget,cec2022,3,10,HHO,22,3844801407885577900,15000,15000,647.6212802635255,47.62128026352548,47.62128026352548,0.5932813969848212
E1_cec2022_paper_budget,cec2022,3,10,HHO,23,4378142173659153441,15000,15000,653.2492869202708,53.24928692027083,53.24928692027083,0.6079760380089283
E1_cec2022_paper_budget,cec2022,3,10,HHO,24,4264858638101901044,15000,15000,643.298978491138,43.29897849113797,43.29897849113797,0.6090772030001972
E1_cec2022_paper_budget,cec2022,3,10,HHO,25,6653107362775342488,15000,15000,631.6498553624504,31.649855362450353,31.649855362450353,0.5954480599903036
E1_cec2022_paper_budget,cec2022,3,10,HHO,26,2446151466391721450,15000,15000,655.0416671089248,55.0416671089248,55.0416671089248,0.4660960659966804
E1_cec2022_paper_budget,cec2022,3,10,HHO,27,5199855457148142679,15000,15000,654.0591268333575,54.05912683335748,54.05912683335748,0.41733368701534346
E1_cec2022_paper_budget,cec2022,3,10,HHO,28,2858082620611818011,15000,15000,652.9564704298786,52.95647042987855,52.95647042987855,0.3750955540162977
E1_cec2022_paper_budget,cec2022,3,10,HHO,29,87937107284135467,15000,15000,622.6342180207529,22.634218020752883,22.634218020752883,0.3615903640165925
E1_cec2022_paper_budget,cec2022,2,20,SHADE,0,7371293839271234994,15000,15000,449.1045645162309,49.10456451623088,49.10456451623088,0.12422546901507303
E1_cec2022_paper_budget,cec2022,2,20,SHADE,1,6332084627196673244,15000,15000,449.0990324445481,49.09903244454807,49.09903244454807,0.11286658400786109
E1_cec2022_paper_budget,cec2022,2,20,SHADE,2,4554635597007570899,15000,15000,449.0939175089205,49.093917508920526,49.093917508920526,0.11416858699521981
E1_cec2022_paper_budget,cec2022,2,20,SHADE,3,1445681655949311841,15000,15000,470.3540950561793,70.35409505617929,70.35409505617929,0.11503486102446914
E1_cec2022_paper_budget,cec2022,2,20,SHADE,4,7797956620750384275,15000,15000,449.0935497198811,49.09354971988108,49.09354971988108,0.11169235099805519
E1_cec2022_paper_budget,cec2022,2,20,SHADE,5,2706815835394968932,15000,15000,444.9140822330813,44.914082233081274,44.914082233081274,0.11480863697943278
E1_cec2022_paper_budget,cec2022,2,20,SHADE,6,6939607963356412544,15000,15000,449.0972666219408,49.097266621940776,49.097266621940776,0.11265987702063285
E1_cec2022_paper_budget,cec2022,2,20,SHADE,7,3858499435575214566,15000,15000,449.11651417670134,49.116514176701344,49.116514176701344,0.11126934800995514
E1_cec2022_paper_budget,cec2022,2,20,SHADE,8,4914654684881730249,15000,15000,449.1051534138228,49.10515341382279,49.10515341382279,0.10920702098519541
E1_cec2022_paper_budget,cec2022,2,20,SHADE,9,5171555090259184790,15000,15000,449.1188877542655,49.11888775426547,49.11888775426547,0.11125590300071053
E1_cec2022_paper_budget,cec2022,2,20,SHADE,10,3614972150223985140,15000,15000,449.1126170062227,49.112617006222706,49.112617006222706,0.10807795298751444
E1_cec2022_paper_budget,cec2022,2,20,SHADE,11,114292067612617354,15000,15000,449.0966716520122,49.09667165201222,49.09667165201222,0.11642150199622847
E1_cec2022_paper_budget,cec2022,2,20,SHADE,12,4109980760826281085,15000,15000,449.0926137818662,49.09261378186619,49.09261378186619,0.11013263699715026
E1_cec2022_paper_budget,cec2022,2,20,SHADE,13,6614997674133091775,15000,15000,449.1127000105011,49.1127000105011,49.1127000105011,0.11126324697397649
E1_cec2022_paper_budget,cec2022,2,20,SHADE,14,4466992436247982225,15000,15000,449.0904015778518,49.09040157785182,49.09040157785182,0.11236752799595706
E1_cec2022_paper_budget,cec2022,2,20,SHADE,15,8990776534527519083,15000,15000,449.1028818485072,49.102881848507195,49.102881848507195,0.11317479200079106
E1_cec2022_paper_budget,cec2022,2,20,SHADE,16,1981935334338942553,15000,15000,449.09746352804143,49.09746352804143,49.09746352804143,0.11235525499796495
E1_cec2022_paper_budget,cec2022,2,20,SHADE,17,7026599072322728514,15000,15000,449.09826704429963,49.09826704429963,49.09826704429963,0.11245248801424168
E1_cec2022_paper_budget,cec2022,2,20,SHADE,18,498308217456708773,15000,15000,449.09032415169526,49.090324151695256,49.090324151695256,0.11127942701568827
E1_cec2022_paper_budget,cec2022,2,20,SHADE,19,1895468782596917911,15000,15000,449.09130001419015,49.09130001419015,49.09130001419015,0.11270552198402584
E1_cec2022_paper_budget,cec2022,2,20,SHADE,20,7088422398648182953,15000,15000,449.0939651020404,49.093965102040386,49.093965102040386,0.11508568600402214
E1_cec2022_paper_budget,cec2022,2,20,SHADE,21,5730505724250564891,15000,15000,449.0920504070698,49.09205040706979,49.09205040706979,0.10938386199995875
E1_cec2022_paper_budget,cec2022,2,20,SHADE,22,8004084073112278416,15000,15000,449.1011804817119,49.10118048171188,49.10118048171188,0.11041202102205716
E1_cec2022_paper_budget,cec2022,2,20,SHADE,23,6038667792222250037,15000,15000,449.0895622229625,49.08956222296251,49.08956222296251,0.11355458499747328
E1_cec2022_paper_budget,cec2022,2,20,SHADE,24,5341415484622060230,15000,15000,449.09772117034333,49.097721170343334,49.097721170343334,0.1096166780043859
E1_cec2022_paper_budget,cec2022,2,20,SHADE,25,4258645656735552408,15000,15000,449.08922029028264,49.08922029028264,49.08922029028264,0.11026849100016989
E1_cec2022_paper_budget,cec2022,2,20,SHADE,26,303133700114992530,15000,15000,449.1109889175298,49.11098891752982,49.11098891752982,0.1128477180027403
E1_cec2022_paper_budget,cec2022,2,20,SHADE,27,6091985752729669663,15000,15000,449.1130463592784,49.11304635927843,49.11304635927843,0.11395688899210654
E1_cec2022_paper_budget,cec2022,2,20,SHADE,28,9150870511538154693,15000,15000,449.1134622637592,49.113462263759175,49.113462263759175,0.113024158985354
E1_cec2022_paper_budget,cec2022,2,20,SHADE,29,5213891730114458177,15000,15000,449.0999062100114,49.0999062100114,49.0999062100114,0.11443120901822113
E1_cec2022_paper_budget,cec2022,1,20,jSO,0,1992154879650401174,15000,15000,303.9491932950538,3.949193295053817,3.949193295053817,0.14379147702129558
E1_cec2022_paper_budget,cec2022,1,20,jSO,1,9191841271702945666,15000,15000,303.19884457092036,3.1988445709203575,3.1988445709203575,0.13834939899970777
E1_cec2022_paper_budget,cec2022,1,20,jSO,2,7590812708718076593,15000,15000,304.7294671124035,4.7294671124034835,4.7294671124034835,0.13898695600801148
E1_cec2022_paper_budget,cec2022,1,20,jSO,3,4729465511769266838,15000,15000,339.1172058393956,39.11720583939558,39.11720583939558,0.1395405840012245
E1_cec2022_paper_budget,cec2022,1,20,jSO,4,3244072389285115284,15000,15000,327.09364912266886,27.093649122668864,27.093649122668864,0.1398388739908114
E1_cec2022_paper_budget,cec2022,1,20,jSO,5,4799869258186219981,15000,15000,325.65157926757115,25.65157926757115,25.65157926757115,0.13818030201946385
E1_cec2022_paper_budget,cec2022,1,20,jSO,6,5143817405491204586,15000,15000,303.141392088444,3.141392088443979,3.141392088443979,0.13676570999086834
E1_cec2022_paper_budget,cec2022,1,20,jSO,7,8035295558911678512,15000,15000,311.77483107606974,11.774831076069745,11.774831076069745,0.14056142800836824
E1_cec2022_paper_budget,cec2022,1,20,jSO,8,2657329460615565288,15000,15000,304.12806546184953,4.1280654618495305,4.1280654618495305,0.14014021898037754
E1_cec2022_paper_budget,cec2022,1,20,jSO,9,6584138735110270313,15000,15000,314.34545906890656,14.345459068906564,14.345459068906564,0.13980773501680233
E1_cec2022_paper_budget,cec2022,1,20,jSO,10,7672660887678400862,15000,15000,316.9407874617671,16.940787461767115,16.940787461767115,0.14139214702299796
E1_cec2022_paper_budget,cec2022,1,20,jSO,11,7160614987791581768,15000,15000,350.0944315662303,50.0944315662303,50.0944315662303,0.14292121498147026
E1_cec2022_paper_budget,cec2022,1,20,jSO,12,6976160825413358162,15000,15000,304.81962946573304,4.819629465733044,4.819629465733044,0.1465718929830473
E1_cec2022_paper_budget,cec2022,1,20,jSO,13,8001222196183572134,15000,15000,311.2429511208791,11.242951120879127,11.242951120879127,0.14405679499031976
E1_cec2022_paper_budget,cec2022,1,20,jSO,14,4324038565382832275,15000,15000,308.8417566366116,8.841756636611592,8.841756636611592,0.14789790898794308
E1_cec2022_paper_budget,cec2022,1,20,jSO,15,1079037312552069712,15000,15000,312.49455010783197,12.49455010783197,12.49455010783197,0.14437539200298488
E1_cec2022_paper_budget,cec2022,1,20,jSO,16,2601719051502609907,15000,15000,310.74721695925984,10.747216959259845,10.747216959259845,0.14541374999680556
E1_cec2022_paper_budget,cec2022,1,20,jSO,17,5773965723359740736,15000,15000,310.7034482161275,10.703448216127526,10.703448216127526,0.14400187198771164
E1_cec2022_paper_budget,cec2022,1,20,jSO,18,1719138645114282906,15000,15000,317.8111632231195,17.81116322311948,17.81116322311948,0.14346481501706876
E1_cec2022_paper_budget,cec2022,1,20,jSO,19,7015709601349309978,15000,15000,302.35650205006095,2.3565020500609535,2.3565020500609535,0.14158780398429371
E1_cec2022_paper_budget,cec2022,1,20,jSO,20,7743240667377760143,15000,15000,301.77771367483695,1.7777136748369458,1.7777136748369458,0.14369423399330117
E1_cec2022_paper_budget,cec2022,1,20,jSO,21,7420662656950527270,15000,15000,321.852522926261,21.852522926260974,21.852522926260974,0.1418717869964894
E1_cec2022_paper_budget,cec2022,1,20,jSO,22,9167649516972330548,15000,15000,303.4502396192548,3.4502396192547735,3.4502396192547735,0.14282922199345194
E1_cec2022_paper_budget,cec2022,1,20,jSO,23,1859404613585519679,15000,15000,305.0033697800203,5.003369780020307,5.003369780020307,0.14265004600747488
E1_cec2022_paper_budget,cec2022,1,20,jSO,24,630042742716364149,15000,15000,324.9580494626517,24.958049462651672,24.958049462651672,0.1438204209844116
E1_cec2022_paper_budget,cec2022,1,20,jSO,25,4312840698227249268,15000,15000,311.69144053695834,11.69144053695834,11.69144053695834,0.1407912000140641
E1_cec2022_paper_budget,cec2022,1,20,jSO,26,3560924679842393084,15000,15000,304.29842952723357,4.298429527233566,4.298429527233566,0.1420207459887024
E1_cec2022_paper_budget,cec2022,1,20,jSO,27,7190598145414308645,15000,15000,317.3782253831714,17.37822538317141,17.37822538317141,0.14136166000389494
E1_cec2022_paper_budget,cec2022,1,20,jSO,28,6274162759674148340,15000,15000,311.9552068485083,11.955206848508283,11.955206848508283,0.14120559699949808
E1_cec2022_paper_budget,cec2022,1,20,jSO,29,6406099740441600934,15000,15000,324.26474461671,24.264744616710004,24.264744616710004,0.1440543799835723
E1_cec2022_paper_budget,cec2022,12,10,jSO,0,1177605112581881034,15000,15000,2863.71484954934,163.71484954934022,163.71484954934022,0.18765016898396425
E1_cec2022_paper_budget,cec2022,12,10,jSO,1,3317320068499080561,15000,15000,2864.9310079029246,164.93100790292465,164.93100790292465,0.18009697200614028
E1_cec2022_paper_budget,cec2022,12,10,jSO,2,4894941858680528177,15000,15000,2862.7001305354843,162.70013053548428,162.70013053548428,0.19315898200147785
E1_cec2022_paper_budget,cec2022,12,10,jSO,3,572916629991516916,15000,15000,2864.9310079029083,164.93100790290828,164.93100790290828,0.1871585570042953
E1_cec2022_paper_budget,cec2022,12,10,jSO,4,2399843160853104916,15000,15000,2864.9310079029087,164.93100790290873,164.93100790290873,0.18022907001432031
E1_cec2022_paper_budget,cec2022,12,10,jSO,5,591057751978492276,15000,15000,2862.7001305353715,162.7001305353715,162.7001305353715,0.17391802300699055
E1_cec2022_paper_budget,cec2022,12,10,jSO,6,2060108484700966178,15000,15000,2863.7148495493398,163.71484954933976,163.71484954933976,0.16205596399959177
E1_cec2022_paper_budget,cec2022,12,10,jSO,7,909282073194366124,15000,15000,2862.7001305353897,162.7001305353897,162.7001305353897,0.180235422012629
E1_cec2022_paper_budget,cec2022,12,10,jSO,8,5600311301909281251,15000,15000,2863.7148495493407,163.71484954934067,163.71484954934067,0.1638692760025151
E1_cec2022_paper_budget,cec2022,12,10,jSO,9,8713714277597983857,15000,15000,2862.7001305355343,162.7001305355343,162.7001305355343,0.1746143789787311
E1_cec2022_paper_budget,cec2022,12,10,jSO,10,1502763606423066088,15000,15000,2864.9310079029083,164.93100790290828,164.93100790290828,0.17018267698585987
E1_cec2022_paper_budget,cec2022,12,10,jSO,11,2016007674328213971,15000,15000,2864.931007902917,164.93100790291692,164.93100790291692,0.2082970949995797
E1_cec2022_paper_budget,cec2022,12,10,jSO,12,894360183107290056,15000,15000,2864.9219415680027,164.9219415680027,164.9219415680027,0.2606485759897623
E1_cec2022_paper_budget,cec2022,12,10,jSO,13,1595592712148403781,15000,15000,2864.931007903253,164.93100790325298,164.93100790325298,0.19772176002152264
E1_cec2022_paper_budget,cec2022,12,10,jSO,14,2820522569057495703,15000,15000,2864.9310079029233,164.93100790292328,164.93100790292328,0.2234101509966422
E1_cec2022_paper_budget,cec2022,12,10,jSO,15,5222774335445400511,15000,15000,2864.9219415680022,164.92194156800224,164.92194156800224,0.25552564798272215
E1_cec2022_paper_budget,cec2022,12,10,jSO,16,7900669159701730912,15000,15000,2864.9310079029074,164.93100790290737,164.93100790290737,0.24953411900787614
E1_cec2022_paper_budget,cec2022,12,10,jSO,17,6896583639894488325,15000,15000,2862.70013053534,162.70013053534012,162.70013053534012,0.2529904220136814
E1_cec2022_paper_budget,cec2022,12,10,jSO,18,5810485672146943537,15000,15000,2862.7001305353697,162.70013053536968,162.70013053536968,0.2545405499986373
E1_cec2022_paper_budget,cec2022,12,10,jSO,19,2453973807278588761,15000,15000,2864.9219415680045,164.9219415680045,164.9219415680045,0.21844947600038722
E1_cec2022_paper_budget,cec2022,12,10,jSO,20,9110973310981426072,15000,15000,2864.9219415680654,164.92194156806545,164.92194156806545,0.19913839700166136
E1_cec2022_paper_budget,cec2022,12,10,jSO,21,13519007843832920,15000,15000,2863.5161222095776,163.5161222095776,163.5161222095776,0.2320114340109285
E1_cec2022_paper_budget,cec2022,12,10,jSO,22,3648418134950236175,15000,15000,2862.700130535334,162.7001305353342,162.7001305353342,0.2598492669931147
E1_cec2022_paper_budget,cec2022,12,10,jSO,23,1351284056709584301,15000,15000,2861.4352700552067,161.43527005520673,161.43527005520673,0.2598593559814617
E1_cec2022_paper_budget,cec2022,12,10,jSO,24,8231425686489061609,15000,15000,2862.7001305365757,162.70013053657567,162.70013053657567,0.2695777640037704
E1_cec2022_paper_budget,cec2022,12,10,jSO,25,3810637567386213513,15000,15000,2864.9310079029083,164.93100790290828,164.93100790290828,0.2614842829934787
E1_cec2022_paper_budget,cec2022,12,10,jSO,26,2218619054324864359,15000,15000,2864.931007902958,164.93100790295784,164.93100790295784,0.2842036760121118
E1_cec2022_paper_budget,cec2022,12,10,jSO,27,1874537691340290486,15000,15000,2862.700130535334,162.7001305353342,162.7001305353342,0.29086871701292694
E1_cec2022_paper_budget,cec2022,12,10,jSO,28,4288070629912417359,15000,15000,2862.700130535331,162.70013053533103,162.70013053533103,0.2577959549962543
E1_cec2022_paper_budget,cec2022,12,10,jSO,29,2409404842752115273,15000,15000,2862.7001305353365,162.70013053533648,162.70013053533648,0.26066270301816985
E1_cec2022_paper_budget,cec2022,2,20,jSO,0,2500316771443370290,15000,15000,449.1013584808988,49.101358480898796,49.101358480898796,0.1491329160053283
E1_cec2022_paper_budget,cec2022,2,20,jSO,1,4341006944562866560,15000,15000,449.08527696927433,49.08527696927433,49.08527696927433,0.14220460000797175
E1_cec2022_paper_budget,cec2022,2,20,jSO,2,8693161065118233502,15000,15000,444.9078087436298,44.9078087436298,44.9078087436298,0.14246124200872146
E1_cec2022_paper_budget,cec2022,2,20,jSO,3,3021711644045685118,15000,15000,449.08671850060307,49.08671850060307,49.08671850060307,0.14315294899279252
E1_cec2022_paper_budget,cec2022,2,20,jSO,4,7819315988904225649,15000,15000,449.08532315502725,49.085323155027254,49.085323155027254,0.15069941300316714
E1_cec2022_paper_budget,cec2022,2,20,jSO,5,5678642274822927053,15000,15000,449.0850099287216,49.085009928721604,49.085009928721604,0.08585411901003681
E1_cec2022_paper_budget,cec2022,2,20,jSO,6,7318135286116884491,15000,15000,444.89638872051137,44.89638872051137,44.89638872051137,0.0890166409953963
E1_cec2022_paper_budget,cec2022,2,20,jSO,7,3070345210110435223,15000,15000,449.0845399361065,49.08453993610652,49.08453993610652,0.1011062859906815
E1_cec2022_paper_budget,cec2022,2,20,jSO,8,6115799118149838382,15000,15000,449.0848704075921,49.08487040759212,49.08487040759212,0.08484497602330521
E1_cec2022_paper_budget,cec2022,2,20,jSO,9,2317672255877177394,15000,15000,444.9130854191284,44.91308541912838,44.91308541912838,0.09646816700114869
E1_cec2022_paper_budget,cec2022,2,20,jSO,10,2899832970406426217,15000,15000,449.08518925251974,49.08518925251974,49.08518925251974,0.09019639398320578
E1_cec2022_paper_budget,cec2022,2,20,jSO,11,1264227274792457995,15000,15000,449.0845965907253,49.08459659072531,49.08459659072531,0.09287804298219271
E1_cec2022_paper_budget,cec2022,2,20,jSO,12,3630414509918527891,15000,15000,449.0908419200771,49.09084192007708,49.09084192007708,0.0918537319812458
E1_cec2022_paper_budget,cec2022,2,20,jSO,13,2492752412764788444,15000,15000,444.90518184076484,44.90518184076484,44.90518184076484,0.09876025601988658
E1_cec2022_paper_budget,cec2022,2,20,jSO,14,2993862521282957642,15000,15000,449.0908955125931,49.09089551259308,49.09089551259308,0.10229610800161026
E1_cec2022_paper_budget,cec2022,2,20,jSO,15,8718668036545745026,15000,15000,449.0858812667881,49.08588126678808,49.08588126678808,0.09293627299484797
E1_cec2022_paper_budget,cec2022,2,20,jSO,16,924502470449565461,15000,15000,449.08484253717654,49.08484253717654,49.08484253717654,0.10828868800308555
E1_cec2022_paper_budget,cec2022,2,20,jSO,17,5546481860217128313,15000,15000,449.0845540672564,49.08455406725642,49.08455406725642,0.1283498450065963
E1_cec2022_paper_budget,cec2022,2,20,jSO,18,2711275436612752293,15000,15000,445.89861576654465,45.89861576654465,45.89861576654465,0.12523616399266757
E1_cec2022_paper_budget,cec2022,2,20,jSO,19,7750556025578592766,15000,15000,449.08526951473897,49.08526951473897,49.08526951473897,0.10336145601468161
E1_cec2022_paper_budget,cec2022,2,20,jSO,20,5773504448055260555,15000,15000,449.0849102364308,49.0849102364308,49.0849102364308,0.09409571698051877
E1_cec2022_paper_budget,cec2022,2,20,jSO,21,7677775386204314463,15000,15000,449.08580732900333,49.08580732900333,49.08580732900333,0.09975093399407342
E1_cec2022_paper_budget,cec2022,2,20,jSO,22,1494232462815246289,15000,15000,449.08771125781504,49.087711257815045,49.087711257815045,0.11987764399964362
E1_cec2022_paper_budget,cec2022,2,20,jSO,23,7992479952120912362,15000,15000,449.0866007652959,49.086600765295884,49.086600765295884,0.13412367401178926
E1_cec2022_paper_budget,cec2022,2,20,jSO,24,8174004170868907019,15000,15000,449.084883582,49.084883581999975,49.084883581999975,0.13926849397830665
E1_cec2022_paper_budget,cec2022,2,20,jSO,25,643207483391002303,15000,15000,449.08495418862026,49.08495418862026,49.08495418862026,0.13236393299303018
E1_cec2022_paper_budget,cec2022,2,20,jSO,26,5727708882844140764,15000,15000,449.0854420602128,49.08544206021281,49.08544206021281,0.13992296101059765
E1_cec2022_paper_budget,cec2022,2,20,jSO,27,5857554191704444944,15000,15000,449.0879755864104,49.08797558641038,49.08797558641038,0.1307017060171347
E1_cec2022_paper_budget,cec2022,2,20,jSO,28,6035847163384828246,15000,15000,449.0854910832776,49.08549108327759,49.08549108327759,0.14050717701320536
E1_cec2022_paper_budget,cec2022,2,20,jSO,29,8534361473938980530,15000,15000,449.0846976634326,49.08469766343262,49.08469766343262,0.13704567498643883
E1_cec2022_paper_budget,cec2022,12,10,LSHADE,0,7862401481069606029,15000,15000,2861.4352689774537,161.4352689774537,161.4352689774537,0.2520134199876338
E1_cec2022_paper_budget,cec2022,12,10,LSHADE,1,6179967157596989719,15000,15000,2861.4048809243413,161.40488092434134,161.40488092434134,0.24273659999016672
E1_cec2022_paper_budget,cec2022,12,10,LSHADE,2,5726942114649933534,15000,15000,2862.7001305866033,162.70013058660334,162.70013058660334,0.2459834899927955
E1_cec2022_paper_budget,cec2022,12,10,LSHADE,3,871559338597747254,15000,15000,2859.55796216266,159.5579621626598,159.5579621626598,0.24698370500118472
E1_cec2022_paper_budget,cec2022,12,10,LSHADE,4,358490823257054536,15000,15000,2861.4352679508243,161.43526795082425,161.43526795082425,0.250229783996474
E1_cec2022_paper_budget,cec2022,12,10,LSHADE,5,6907166679608408596,15000,15000,2862.7001305353433,162.7001305353433,162.7001305353433,0.2455076779879164
E1_cec2022_paper_budget,cec2022,12,10,LSHADE,6,7019918633064117956,15000,15000,2859.3687336481476,159.36873364814755,159.36873364814755,0.24844337298418395
E1_cec2022_paper_budget,cec2022,12,10,LSHADE,7,5151361402134669433,15000,15000,2861.4048807704053,161.40488077040527,161.40488077040527,0.24464955800794996
E1_cec2022_paper_budget,cec2022,12,10,LSHADE,8,6498745630894008110,15000,15000,2859.3687351206418,159.36873512064176,159.36873512064176,0.24492773998645134
E1_cec2022_paper_budget,cec2022,12,10,LSHADE,9,7400245749031738320,15000,15000,2861.4352688120116,161.4352688120116,161.4352688120116,0.2437011490110308
E1_cec2022_paper_budget,cec2022,12,10,LSHADE,10,3677545175459306273,15000,15000,2861.4352688303425,161.43526883034247,161.43526883034247,0.2465483290143311
E1_cec2022_paper_budget,cec2022,12,10,LSHADE,11,1600648684850358718,15000,15000,2859.36873439169,159.36873439168994,159.36873439168994,0.24634125098236836
E1_cec2022_paper_budget,cec2022,12,10,LSHADE,12,2500872204184080599,15000,15000,2861.4048807590775,161.4048807590775,161.4048807590775,0.24394922400824726
E1_cec2022_paper_budget,cec2022,12,10,LSHADE,13,5699740688159662815,15000,15000,2861.4048807596773,161.40488075967733,161.40488075967733,0.2444136760022957
E1_cec2022_paper_budget,cec2022,12,10,LSHADE,14,7559149012701770650,15000,15000,2862.7001306018174,162.70013060181736,162.70013060181736,0.24594644000171684
E1_cec2022_paper_budget,cec2022,12,10,LSHADE,15,8136297697925762256,15000,15000,2861.40488075877,161.4048807587701,161.4048807587701,0.24587779201101512
E1_cec2022_paper_budget,cec2022,12,10,LSHADE,16,7599310769279547080,15000,15000,2861.4048807587606,161.40488075876056,161.40488075876056,0.2455810749961529
E1_cec2022_paper_budget,cec2022,12,10,LSHADE,17,9213821037292476932,15000,15000,2861.4352698613197,161.43526986131974,161.43526986131974,0.24324465199606493
E1_cec2022_paper_budget,cec2022,12,10,LSHADE,18,6152775676980103197,15000,15000,2861.4048807602862,161.40488076028623,161.40488076028623,0.24071115101105534
E1_cec2022_paper_budget,cec2022,12,10,LSHADE,19,5874087749257636613,15000,15000,2861.435267865175,161.43526786517486,161.43526786517486,0.2423314699844923
E1_cec2022_paper_budget,cec2022,12,10,LSHADE,20,6991850140717924187,15000,15000,2861.4048808122297,161.40488081222975,161.40488081222975,0.24396174799767323
E1_cec2022_paper_budget,cec2022,12,10,LSHADE,21,5983849940949271472,15000,15000,2861.4048807616214,161.40488076162137,161.40488076162137,0.24368223402416334
E1_cec2022_paper_budget,cec2022,12,10,LSHADE,22,2056164449773491516,15000,15000,2861.4352902345704,161.4352902345704,161.4352902345704,0.2468748620012775
E1_cec2022_paper_budget,cec2022,12,10,LSHADE,23,5461184075921288057,15000,15000,2861.404880763388,161.40488076338806,161.40488076338806,0.24135325499810278
E1_cec2022_paper_budget,cec2022,12,10,LSHADE,24,449816937787375149,15000,15000,2861.435269232516,161.43526923251602,161.43526923251602,0.24640817698673345
E1_cec2022_paper_budget,cec2022,12,10,LSHADE,25,4241002424845214480,15000,15000,2861.4048808445536,161.40488084455365,161.40488084455365,0.2393887609941885
E1_cec2022_paper_budget,cec2022,12,10,LSHADE,26,204406775458693322,15000,15000,2862.700130535339,162.7001305353392,162.7001305353392,0.2404033330094535
E1_cec2022_paper_budget,cec2022,12,10,LSHADE,27,6546126469138396010,15000,15000,2863.4777054953074,163.47770549530742,163.47770549530742,0.25941556302132085
E1_cec2022_paper_budget,cec2022,12,10,LSHADE,28,5535762658528888335,15000,15000,2861.4352832122163,161.4352832122163,161.4352832122163,0.24951583502115682
E1_cec2022_paper_budget,cec2022,12,10,LSHADE,29,8781980726265443759,15000,15000,2861.404880758878,161.40488075887788,161.40488075887788,0.24797664801008068
E1_cec2022_paper_budget,cec2022,6,10,HHO,0,394957323840905453,15000,15000,3956.7140994736055,2156.7140994736055,2156.7140994736055,0.5379935470118653
E1_cec2022_paper_budget,cec2022,6,10,HHO,1,1223856964927067412,15000,15000,1978.039664396026,178.03966439602596,178.03966439602596,0.5166935870074667
E1_cec2022_paper_budget,cec2022,6,10,HHO,2,3826077533780267454,15000,15000,1980.0918343931446,180.0918343931446,180.0918343931446,0.5201115079980809
E1_cec2022_paper_budget,cec2022,6,10,HHO,3,8305870517806858963,15000,15000,1897.2350602271254,97.23506022712536,97.23506022712536,0.5142780969908927
E1_cec2022_paper_budget,cec2022,6,10,HHO,4,7844648206429911854,15000,15000,2241.746607825737,441.7466078257371,441.7466078257371,0.5100599750003312
E1_cec2022_paper_budget,cec2022,6,10,HHO,5,2957029246901283133,15000,15000,2757.3630736013183,957.3630736013183,957.3630736013183,0.5136519919906277
E1_cec2022_paper_budget,cec2022,6,10,HHO,6,8125003993796236891,15000,15000,2735.064043626813,935.0640436268131,935.0640436268131,0.5105500450008549
E1_cec2022_paper_budget,cec2022,6,10,HHO,7,2955814956874359925,15000,15000,4286.689565655939,2486.689565655939,2486.689565655939,0.5183021239936352
E1_cec2022_paper_budget,cec2022,6,10,HHO,8,776569182842249624,15000,15000,23486.527676782454,21686.527676782454,21686.527676782454,0.5180762099917047
E1_cec2022_paper_budget,cec2022,6,10,HHO,9,5978335663599139326,15000,15000,3218.6679189673896,1418.6679189673896,1418.6679189673896,0.5105547530110925
E1_cec2022_paper_budget,cec2022,6,10,HHO,10,4816224191451795538,15000,15000,2248.182092519761,448.1820925197612,448.1820925197612,0.5107194919837639
E1_cec2022_paper_budget,cec2022,6,10,HHO,11,6413694563782742917,15000,15000,1904.71397084168,104.71397084168007,104.71397084168007,0.5115544490108732
E1_cec2022_paper_budget,cec2022,6,10,HHO,12,395723711120200222,15000,15000,1969.3677500559384,169.36775005593836,169.36775005593836,0.5150058919971343
E1_cec2022_paper_budget,cec2022,6,10,HHO,13,4251082702373206765,15000,15000,2835.5767722637893,1035.5767722637893,1035.5767722637893,0.6361077720066532
E1_cec2022_paper_budget,cec2022,6,10,HHO,14,1134447520604246079,15000,15000,3374.146806938603,1574.1468069386028,1574.1468069386028,0.39778805599780753
E1_cec2022_paper_budget,cec2022,6,10,HHO,15,2855146931620120826,15000,15000,5280.896752645867,3480.8967526458673,3480.8967526458673,0.347137885983102
E1_cec2022_paper_budget,cec2022,6,10,HHO,16,2277025090307061675,15000,15000,1970.9662994439818,170.96629944398182,170.96629944398182,0.35451536398613825
E1_cec2022_paper_budget,cec2022,6,10,HHO,17,4991955672298301503,15000,15000,2410.0586605890776,610.0586605890776,610.0586605890776,0.4426869189774152
E1_cec2022_paper_budget,cec2022,6,10,HHO,18,220374673407756119,15000,15000,2052.479888957365,252.4798889573649,252.4798889573649,0.6050264059740584
E1_cec2022_paper_budget,cec2022,6,10,HHO,19,2992347220551549206,15000,15000,2229.0004590293865,429.00045902938655,429.00045902938655,0.6012637579988223
E1_cec2022_paper_budget,cec2022,6,10,HHO,20,1603388735831538846,15000,15000,5946.836376725227,4146.836376725227,4146.836376725227,0.5954351659747772
E1_cec2022_paper_budget,cec2022,6,10,HHO,21,4348596392793452181,15000,15000,10785.328990998743,8985.328990998743,8985.328990998743,0.5932420829776675
E1_cec2022_paper_budget,cec2022,6,10,HHO,22,8740861873252203451,15000,15000,2628.2636287429605,828.2636287429605,828.2636287429605,0.6146440150041599
E1_cec2022_paper_budget,cec2022,6,10,HHO,23,4981835290150977080,15000,15000,7014.834329972723,5214.834329972723,5214.834329972723,0.5869171299855225
E1_cec2022_paper_budget,cec2022,6,10,HHO,24,991361458534751721,15000,15000,3054.057836825351,1254.057836825351,1254.057836825351,0.4494974029948935
E1_cec2022_paper_budget,cec2022,6,10,HHO,25,8143967848059566543,15000,15000,1935.183087092841,135.1830870928411,135.1830870928411,0.33314284699736163
E1_cec2022_paper_budget,cec2022,6,10,HHO,26,8745302355277280240,15000,15000,8790.52152246927,6990.521522469269,6990.521522469269,0.36654026800533757
E1_cec2022_paper_budget,cec2022,6,10,HHO,27,5335034795417447849,15000,15000,3791.421821748343,1991.421821748343,1991.421821748343,0.45294629197451286
E1_cec2022_paper_budget,cec2022,6,10,HHO,28,3809673399801652042,15000,15000,2583.311738987239,783.3117389872391,783.3117389872391,0.4441938459931407
E1_cec2022_paper_budget,cec2022,6,10,HHO,29,5587085104751613996,15000,15000,4308.567711072436,2508.5677110724364,2508.5677110724364,0.5938993250019848
E1_cec2022_paper_budget,cec2022,2,20,LSHADE,0,8798200491709867267,15000,15000,445.1414747589131,45.14147475891309,45.14147475891309,0.13041898599476553
E1_cec2022_paper_budget,cec2022,2,20,LSHADE,1,5391569009842649799,15000,15000,449.0860216215441,49.08602162154409,49.08602162154409,0.13121211298857816
E1_cec2022_paper_budget,cec2022,2,20,LSHADE,2,5636163917724378160,15000,15000,449.10436658090816,49.10436658090816,49.10436658090816,0.13162453699624166
E1_cec2022_paper_budget,cec2022,2,20,LSHADE,3,5256312669964850565,15000,15000,449.0928243909511,49.09282439095108,49.09282439095108,0.12873755197506398
E1_cec2022_paper_budget,cec2022,2,20,LSHADE,4,254650925789955209,15000,15000,449.0866361980461,49.08663619804611,49.08663619804611,0.1304776160104666
E1_cec2022_paper_budget,cec2022,2,20,LSHADE,5,4825058891157106465,15000,15000,444.8979737312725,44.89797373127249,44.89797373127249,0.12930055800825357
E1_cec2022_paper_budget,cec2022,2,20,LSHADE,6,435449299306585680,15000,15000,449.0903062943618,49.090306294361824,49.090306294361824,0.13062681598239578
E1_cec2022_paper_budget,cec2022,2,20,LSHADE,7,8673255886553322390,15000,15000,449.090834952822,49.09083495282198,49.09083495282198,0.13077954199980013
E1_cec2022_paper_budget,cec2022,2,20,LSHADE,8,6436663196814991213,15000,15000,449.0873396415318,49.0873396415318,49.0873396415318,0.13337216500076465
E1_cec2022_paper_budget,cec2022,2,20,LSHADE,9,2193350353342335047,15000,15000,449.08601095099584,49.08601095099584,49.08601095099584,0.13094976099091582
E1_cec2022_paper_budget,cec2022,2,20,LSHADE,10,8486825471771179274,15000,15000,449.0871690735582,49.08716907355819,49.08716907355819,0.1304312989814207
E1_cec2022_paper_budget,cec2022,2,20,LSHADE,11,659703565670490029,15000,15000,449.0865566131163,49.08655661311627,49.08655661311627,0.12881316398852505
E1_cec2022_paper_budget,cec2022,2,20,LSHADE,12,3557330938546665816,15000,15000,449.0937031334105,49.093703133410486,49.093703133410486,0.12975156397442333
E1_cec2022_paper_budget,cec2022,2,20,LSHADE,13,5106384423207023,15000,15000,449.0958339122038,49.09583391220377,49.09583391220377,0.128600183990784
E1_cec2022_paper_budget,cec2022,2,20,LSHADE,14,8106349995978205631,15000,15000,449.08658699673254,49.086586996732535,49.086586996732535,0.12843555500148796
E1_cec2022_paper_budget,cec2022,2,20,LSHADE,15,189405138861657546,15000,15000,449.08582046484895,49.08582046484895,49.08582046484895,0.12841548799769953
E1_cec2022_paper_budget,cec2022,2,20,LSHADE,16,1639363140883031229,15000,15000,449.092184021921,49.092184021921014,49.092184021921014,0.13043858198216185
E1_cec2022_paper_budget,cec2022,2,20,LSHADE,17,9046845202905275759,15000,15000,444.9082707363302,44.90827073633022,44.90827073633022,0.13118429100723006
E1_cec2022_paper_budget,cec2022,2,20,LSHADE,18,320105844970212835,15000,15000,449.08942591659724,49.089425916597236,49.089425916597236,0.1302482759929262
E1_cec2022_paper_budget,cec2022,2,20,LSHADE,19,8538967564769261290,15000,15000,449.1508179294788,49.15081792947882,49.15081792947882,0.13354215398430824
E1_cec2022_paper_budget,cec2022,2,20,LSHADE,20,2539912411721523883,15000,15000,449.0864782034532,49.086478203453225,49.086478203453225,0.13094016298418865
E1_cec2022_paper_budget,cec2022,2,20,LSHADE,21,1203237128170258884,15000,15000,449.08961654823713,49.08961654823713,49.08961654823713,0.13122483697952703
E1_cec2022_paper_budget,cec2022,2,20,LSHADE,22,3689112192500910545,15000,15000,449.088329460353,49.08832946035301,49.08832946035301,0.1312430410180241
E1_cec2022_paper_budget,cec2022,2,20,LSHADE,23,5405899871797704513,15000,15000,449.09206323678154,49.09206323678154,49.09206323678154,0.12916186699294485
E1_cec2022_paper_budget,cec2022,2,20,LSHADE,24,5466093115570527770,15000,15000,449.0954329627047,49.095432962704706,49.095432962704706,0.13022089400328696
E1_cec2022_paper_budget,cec2022,2,20,LSHADE,25,902616221217554743,15000,15000,449.08873180936,49.08873180936001,49.08873180936001,0.1300560649833642
E1_cec2022_paper_budget,cec2022,2,20,LSHADE,26,8251797770988620393,15000,15000,444.91487761437736,44.91487761437736,44.91487761437736,0.1310684340132866
E1_cec2022_paper_budget,cec2022,2,20,LSHADE,27,4561611407451039930,15000,15000,449.0974495231785,49.09744952317851,49.09744952317851,0.12883654699544422
E1_cec2022_paper_budget,cec2022,2,20,LSHADE,28,3442040617466124157,15000,15000,449.08609678336717,49.08609678336717,49.08609678336717,0.12961864401586354
E1_cec2022_paper_budget,cec2022,2,20,LSHADE,29,3136803542003766559,15000,15000,449.08847223484247,49.08847223484247,49.08847223484247,0.12937449698802084
E1_cec2022_paper_budget,cec2022,3,20,DE,0,2342104185393465470,15000,15000,607.887647584979,7.8876475849790495,7.8876475849790495,0.11487092400784604
E1_cec2022_paper_budget,cec2022,3,20,DE,1,2966716063591117254,15000,15000,608.670858876339,8.670858876339025,8.670858876339025,0.09693643599166535
E1_cec2022_paper_budget,cec2022,3,20,DE,2,4379614783488212090,15000,15000,605.7028482383955,5.702848238395518,5.702848238395518,0.09131072400487028
E1_cec2022_paper_budget,cec2022,3,20,DE,3,8942863875853209816,15000,15000,609.8255012965398,9.825501296539755,9.825501296539755,0.10254784999415278
E1_cec2022_paper_budget,cec2022,3,20,DE,4,1740743375034783491,15000,15000,608.478409399993,8.478409399992984,8.478409399992984,0.15567325300071388
E1_cec2022_paper_budget,cec2022,3,20,DE,5,4489848143793090980,15000,15000,609.3094288123018,9.309428812301803,9.309428812301803,0.13199812799575739
E1_cec2022_paper_budget,cec2022,3,20,DE,6,599861289282376932,15000,15000,606.5565059712926,6.556505971292609,6.556505971292609,0.1311115550051909
E1_cec2022_paper_budget,cec2022,3,20,DE,7,1502513764070662696,15000,15000,609.8286117265111,9.828611726511099,9.828611726511099,0.13032871601171792
E1_cec2022_paper_budget,cec2022,3,20,DE,8,7846893984417244516,15000,15000,608.2988158726363,8.298815872636283,8.298815872636283,0.12754420400597155
E1_cec2022_paper_budget,cec2022,3,20,DE,9,2016541116283904812,15000,15000,609.8720665644856,9.872066564485635,9.872066564485635,0.12816949599073268
E1_cec2022_paper_budget,cec2022,3,20,DE,10,7017368333493982764,15000,15000,608.6649225454137,8.664922545413674,8.664922545413674,0.1275813739921432
E1_cec2022_paper_budget,cec2022,3,20,DE,11,5767382874686191070,15000,15000,611.0968267719013,11.096826771901306,11.096826771901306,0.13254542401409708
E1_cec2022_paper_budget,cec2022,3,20,DE,12,8806126898385880404,15000,15000,609.2407748053375,9.240774805337537,9.240774805337537,0.1286040109989699
E1_cec2022_paper_budget,cec2022,3,20,DE,13,6084830663222632704,15000,15000,609.1759240730214,9.175924073021406,9.175924073021406,0.10773343598702922
E1_cec2022_paper_budget,cec2022,3,20,DE,14,3701460237286157289,15000,15000,609.2359263195268,9.235926319526811,9.235926319526811,0.09407381599885412
E1_cec2022_paper_budget,cec2022,3,20,DE,15,6953981082222308905,15000,15000,607.8215561805866,7.82155618058664,7.82155618058664,0.09355728700757027
E1_cec2022_paper_budget,cec2022,3,20,DE,16,299771512310932364,15000,15000,608.5253254931334,8.525325493133437,8.525325493133437,0.09557453097659163
E1_cec2022_paper_budget,cec2022,3,20,DE,17,3360327310872274096,15000,15000,609.7030367728091,9.703036772809128,9.703036772809128,0.09838611501618288
E1_cec2022_paper_budget,cec2022,3,20,DE,18,2134660137179628745,15000,15000,608.3567883382431,8.356788338243064,8.356788338243064,0.10164027800783515
E1_cec2022_paper_budget,cec2022,3,20,DE,19,3636772074549580436,15000,15000,608.4618071762751,8.461807176275101,8.461807176275101,0.11440475899144076
E1_cec2022_paper_budget,cec2022,3,20,DE,20,147821423390308930,15000,15000,607.9574164477457,7.957416447745686,7.957416447745686,0.10963202698621899
E1_cec2022_paper_budget,cec2022,3,20,DE,21,1060748398925704091,15000,15000,609.6709594597761,9.6709594597761,9.6709594597761,0.09535334599786438
E1_cec2022_paper_budget,cec2022,3,20,DE,22,1500577491294049142,15000,15000,611.5460424016684,11.546042401668387,11.546042401668387,0.09344608901301399
E1_cec2022_paper_budget,cec2022,3,20,DE,23,3014968753631112440,15000,15000,611.313148497856,11.313148497855991,11.313148497855991,0.10005156800616533
E1_cec2022_paper_budget,cec2022,3,20,DE,24,6217853836048521500,15000,15000,608.3273688608599,8.327368860859906,8.327368860859906,0.09696135201375
E1_cec2022_paper_budget,cec2022,3,20,DE,25,4852382087612219878,15000,15000,607.2341065363973,7.2341065363973485,7.2341065363973485,0.09165775499423034
E1_cec2022_paper_budget,cec2022,3,20,DE,26,5260328151154641850,15000,15000,609.7206571276919,9.72065712769188,9.72065712769188,0.1043161669804249
E1_cec2022_paper_budget,cec2022,3,20,DE,27,3543494395006833757,15000,15000,612.3388841002877,12.338884100287714,12.338884100287714,0.09507595599279739
E1_cec2022_paper_budget,cec2022,3,20,DE,28,3403959616070453027,15000,15000,609.161053596249,9.161053596248962,9.161053596248962,0.09744766398216598
E1_cec2022_paper_budget,cec2022,3,20,DE,29,3406509728336013778,15000,15000,608.6364404527234,8.636440452723377,8.636440452723377,0.10173980399849825
E1_cec2022_paper_budget,cec2022,4,20,DE,0,8642408047361358343,15000,15000,916.0616752392125,116.06167523921249,116.06167523921249,0.061511331994552165
E1_cec2022_paper_budget,cec2022,4,20,DE,1,5511521745369348985,15000,15000,934.5198244369464,134.51982443694635,134.51982443694635,0.05719984500319697
E1_cec2022_paper_budget,cec2022,4,20,DE,2,4249393475390302367,15000,15000,948.9641173582894,148.9641173582894,148.9641173582894,0.05889115697937086
E1_cec2022_paper_budget,cec2022,4,20,DE,3,2458245099698567936,15000,15000,920.2953892232266,120.2953892232266,120.2953892232266,0.06087214301805943
E1_cec2022_paper_budget,cec2022,4,20,DE,4,1276360329762377077,15000,15000,935.7281920043015,135.7281920043015,135.7281920043015,0.06376054999418557
E1_cec2022_paper_budget,cec2022,4,20,DE,5,7893781272102212615,15000,15000,940.3965047701383,140.39650477013834,140.39650477013834,0.06236290899687447
E1_cec2022_paper_budget,cec2022,4,20,DE,6,1722221998751030980,15000,15000,939.4009835283434,139.40098352834343,139.40098352834343,0.06019113500951789
E1_cec2022_paper_budget,cec2022,4,20,DE,7,1237419880982369181,15000,15000,952.6608410172788,152.6608410172788,152.6608410172788,0.056626560020959005
E1_cec2022_paper_budget,cec2022,4,20,DE,8,6470565609484368183,15000,15000,933.9898188056836,133.98981880568363,133.98981880568363,0.06576920801308006
E1_cec2022_paper_budget,cec2022,4,20,DE,9,1627259710057244368,15000,15000,929.3056846816723,129.30568468167235,129.30568468167235,0.0631807429890614
E1_cec2022_paper_budget,cec2022,4,20,DE,10,4065493106571548860,15000,15000,922.9759820921429,122.97598209214289,122.97598209214289,0.07184710801811889
E1_cec2022_paper_budget,cec2022,4,20,DE,11,4719763098394766927,15000,15000,944.3199423380848,144.31994233808484,144.31994233808484,0.0701944179891143
E1_cec2022_paper_budget,cec2022,4,20,DE,12,8791417569239366367,15000,15000,922.6857499543322,122.68574995433221,122.68574995433221,0.07096878997981548
E1_cec2022_paper_budget,cec2022,4,20,DE,13,7845100475294771635,15000,15000,925.032741386048,125.03274138604797,125.03274138604797,0.06361924498924054
E1_cec2022_paper_budget,cec2022,4,20,DE,14,3238199207996042728,15000,15000,938.0157485443874,138.0157485443874,138.0157485443874,0.06405697599984705
E1_cec2022_paper_budget,cec2022,4,20,DE,15,6196565618409920733,15000,15000,943.9156045841341,143.91560458413414,143.91560458413414,0.07148166201659478
E1_cec2022_paper_budget,cec2022,4,20,DE,16,5328165025943664629,15000,15000,931.0541608542346,131.05416085423462,131.05416085423462,0.06007243201020174
E1_cec2022_paper_budget,cec2022,4,20,DE,17,5013189812437381023,15000,15000,934.0411336259112,134.04113362591124,134.04113362591124,0.06186403299216181
E1_cec2022_paper_budget,cec2022,4,20,DE,18,3776794129173034853,15000,15000,921.0733787215034,121.07337872150345,121.07337872150345,0.061019439017400146
E1_cec2022_paper_budget,cec2022,4,20,DE,19,137466226757544512,15000,15000,945.9789853610537,145.97898536105367,145.97898536105367,0.06103655099286698
E1_cec2022_paper_budget,cec2022,4,20,DE,20,4735960748425371428,15000,15000,929.8311998172661,129.8311998172661,129.8311998172661,0.05941351698129438
E1_cec2022_paper_budget,cec2022,4,20,DE,21,3260623820789711099,15000,15000,939.4090451195223,139.40904511952226,139.40904511952226,0.056838026008335873
E1_cec2022_paper_budget,cec2022,4,20,DE,22,4546243736676699944,15000,15000,926.3088413198125,126.30884131981247,126.30884131981247,0.06806106600561179
E1_cec2022_paper_budget,cec2022,4,20,DE,23,4987495044855106374,15000,15000,929.0039152548029,129.0039152548029,129.0039152548029,0.06551552200107835
E1_cec2022_paper_budget,cec2022,4,20,DE,24,4925137026230089387,15000,15000,924.8403265429993,124.84032654299926,124.84032654299926,0.05196577700553462
E1_cec2022_paper_budget,cec2022,4,20,DE,25,8284926841957625559,15000,15000,932.2532283110675,132.25322831106746,132.25322831106746,0.07379096301156096
E1_cec2022_paper_budget,cec2022,4,20,DE,26,7091854398651417160,15000,15000,935.899762928508,135.89976292850804,135.89976292850804,0.07426298799691722
E1_cec2022_paper_budget,cec2022,4,20,DE,27,976649290145233362,15000,15000,942.1412281955654,142.14122819556542,142.14122819556542,0.07099247400765307
E1_cec2022_paper_budget,cec2022,4,20,DE,28,8309382662178297700,15000,15000,943.5819509685487,143.58195096854865,143.58195096854865,0.06892359399353154
E1_cec2022_paper_budget,cec2022,4,20,DE,29,6830847224919544355,15000,15000,924.2133716968698,124.21337169686979,124.21337169686979,0.05642963998252526
E1_cec2022_paper_budget,cec2022,2,10,HHO,0,6662774333406133700,15000,15000,569.5231427287499,169.52314272874992,169.52314272874992,0.598022347985534
E1_cec2022_paper_budget,cec2022,2,10,HHO,1,5387882788007279264,15000,15000,471.2791674432126,71.2791674432126,71.2791674432126,0.5067887699988205
E1_cec2022_paper_budget,cec2022,2,10,HHO,2,3432998427855509552,15000,15000,480.14226128509915,80.14226128509915,80.14226128509915,0.36225094299879856
E1_cec2022_paper_budget,cec2022,2,10,HHO,3,4768636576208409385,15000,15000,410.5363438076838,10.536343807683807,10.536343807683807,0.3454445300158113
E1_cec2022_paper_budget,cec2022,2,10,HHO,4,8109260132074156975,15000,15000,480.7916856635411,80.7916856635411,80.7916856635411,0.4555610769893974
E1_cec2022_paper_budget,cec2022,2,10,HHO,5,3567499798081753155,15000,15000,475.6193676680947,75.6193676680947,75.6193676680947,0.47925098999985494
E1_cec2022_paper_budget,cec2022,2,10,HHO,6,5038542711162400734,15000,15000,403.85430480609966,3.8543048060996625,3.8543048060996625,0.4790816220047418
E1_cec2022_paper_budget,cec2022,2,10,HHO,7,7321168014152300066,15000,15000,404.6574542794846,4.657454279484625,4.657454279484625,0.6419584960094653
E1_cec2022_paper_budget,cec2022,2,10,HHO,8,3798008401562657729,15000,15000,464.2071915650799,64.20719156507988,64.20719156507988,0.6340774939744733
E1_cec2022_paper_budget,cec2022,2,10,HHO,9,1437353826187487942,15000,15000,552.5486130880782,152.54861308807824,152.54861308807824,0.6119558830105234
E1_cec2022_paper_budget,cec2022,2,10,HHO,10,4626067858021325411,15000,15000,410.05962622107444,10.059626221074438,10.059626221074438,0.5914592790068127
E1_cec2022_paper_budget,cec2022,2,10,HHO,11,5563755251129486006,15000,15000,410.2856071434961,10.285607143496122,10.285607143496122,0.5627074719814118
E1_cec2022_paper_budget,cec2022,2,10,HHO,12,3036148143208515754,15000,15000,413.181805987591,13.18180598759102,13.18180598759102,0.5675435830198694
E1_cec2022_paper_budget,cec2022,2,10,HHO,13,5342086646677067158,15000,15000,412.19757477643975,12.197574776439751,12.197574776439751,0.5781249990104698
E1_cec2022_paper_budget,cec2022,2,10,HHO,14,7758662346313880151,15000,15000,422.2731332927087,22.27313329270868,22.27313329270868,0.5639655110135209
E1_cec2022_paper_budget,cec2022,2,10,HHO,15,992031138744764416,15000,15000,507.2978600770804,107.29786007708037,107.29786007708037,0.5745737880060915
E1_cec2022_paper_budget,cec2022,2,10,HHO,16,4546666482339999111,15000,15000,413.00420602886584,13.004206028865838,13.004206028865838,0.5710556599951815
E1_cec2022_paper_budget,cec2022,2,10,HHO,17,3149593125364386815,15000,15000,486.8220346695866,86.82203466958663,86.82203466958663,0.584127387002809
E1_cec2022_paper_budget,cec2022,2,10,HHO,18,3692747763126706607,15000,15000,474.9209194102148,74.92091941021482,74.92091941021482,0.5942332120030187
E1_cec2022_paper_budget,cec2022,2,10,HHO,19,5057017840386274537,15000,15000,400.8655051375013,0.8655051375013159,0.8655051375013159,0.5762198549928144
E1_cec2022_paper_budget,cec2022,2,10,HHO,20,7365429488544047413,15000,15000,481.62440315997134,81.62440315997134,81.62440315997134,0.5834871859988198
E1_cec2022_paper_budget,cec2022,2,10,HHO,21,1168303533422450755,15000,15000,407.6674596156409,7.667459615640894,7.667459615640894,0.5709774830029346
E1_cec2022_paper_budget,cec2022,2,10,HHO,22,3508189719999801564,15000,15000,403.5832813127409,3.583281312740894,3.583281312740894,0.5643617539899424
E1_cec2022_paper_budget,cec2022,2,10,HHO,23,6019309534481976743,15000,15000,409.83108590293597,9.831085902935968,9.831085902935968,0.5552328920166474
E1_cec2022_paper_budget,cec2022,2,10,HHO,24,1135177268786796595,15000,15000,706.477771667306,306.477771667306,306.477771667306,0.5617970940074883
E1_cec2022_paper_budget,cec2022,2,10,HHO,25,6762427590566434010,15000,15000,451.0678174630597,51.067817463059725,51.067817463059725,0.5663871529977769
E1_cec2022_paper_budget,cec2022,2,10,HHO,26,3359089329723867026,15000,15000,404.6848592698065,4.684859269806509,4.684859269806509,0.5727091809967533
E1_cec2022_paper_budget,cec2022,2,10,HHO,27,4332748292784475763,15000,15000,410.45763534283566,10.457635342835658,10.457635342835658,0.5745354060200043
E1_cec2022_paper_budget,cec2022,2,10,HHO,28,5991769650816159727,15000,15000,400.574403296309,0.5744032963090149,0.5744032963090149,0.5689782029949129
E1_cec2022_paper_budget,cec2022,2,10,HHO,29,4467118105915775806,15000,15000,400.90114594040193,0.901145940401932,0.901145940401932,0.5894835540093482
E1_cec2022_paper_budget,cec2022,5,10,HHO,0,5593922506859817760,15000,15000,1169.9798265686602,269.9798265686602,269.9798265686602,0.6007604440092109
E1_cec2022_paper_budget,cec2022,5,10,HHO,1,1943435551386987926,15000,15000,1514.2436314988872,614.2436314988872,614.2436314988872,0.596088652004255
E1_cec2022_paper_budget,cec2022,5,10,HHO,2,4262379755137514302,15000,15000,1259.0269462793106,359.02694627931055,359.02694627931055,0.6133742429956328
E1_cec2022_paper_budget,cec2022,5,10,HHO,3,5366047741666720763,15000,15000,1369.61679115352,469.6167911535199,469.6167911535199,0.5930548819887917
E1_cec2022_paper_budget,cec2022,5,10,HHO,4,7103534679956553289,15000,15000,1523.913629405996,623.9136294059961,623.9136294059961,0.5787758299848065
E1_cec2022_paper_budget,cec2022,5,10,HHO,5,5005632652527960192,15000,15000,1505.1594844340002,605.1594844340002,605.1594844340002,0.5282679260126315
E1_cec2022_paper_budget,cec2022,5,10,HHO,6,3661288394554839548,15000,15000,1207.0639372359653,307.06393723596534,307.06393723596534,0.5286490709986538
E1_cec2022_paper_budget,cec2022,5,10,HHO,7,1712995576361022976,15000,15000,1663.748672866342,763.7486728663421,763.7486728663421,0.5346445969771594
E1_cec2022_paper_budget,cec2022,5,10,HHO,8,793275163195706874,15000,15000,1324.9690636501978,424.96906365019777,424.96906365019777,0.6115163580107037
E1_cec2022_paper_budget,cec2022,5,10,HHO,9,7281007854474123975,15000,15000,1547.7744968214547,647.7744968214547,647.7744968214547,0.6156021920032799
E1_cec2022_paper_budget,cec2022,5,10,HHO,10,7538426975286318894,15000,15000,1131.2631226111805,231.2631226111805,231.2631226111805,0.6248934479954187
E1_cec2022_paper_budget,cec2022,5,10,HHO,11,7428207814790722458,15000,15000,1508.2425265285224,608.2425265285224,608.2425265285224,0.627673982991837
E1_cec2022_paper_budget,cec2022,5,10,HHO,12,6356979078401771330,15000,15000,1278.4638151066881,378.4638151066881,378.4638151066881,0.601065947994357
E1_cec2022_paper_budget,cec2022,5,10,HHO,13,1271147408549910384,15000,15000,1370.1124604808797,470.1124604808797,470.1124604808797,0.51781746497727
E1_cec2022_paper_budget,cec2022,5,10,HHO,14,3681514427736743604,15000,15000,1255.0039502782752,355.00395027827517,355.00395027827517,0.5201802469964605
E1_cec2022_paper_budget,cec2022,5,10,HHO,15,7879081341432721207,15000,15000,1069.7732245568584,169.7732245568584,169.7732245568584,0.5210853449825663
E1_cec2022_paper_budget,cec2022,5,10,HHO,16,2884864359358841456,15000,15000,1584.834667060012,684.834667060012,684.834667060012,0.5197110470035113
E1_cec2022_paper_budget,cec2022,5,10,HHO,17,647732381533440654,15000,15000,1339.1031275372334,439.1031275372334,439.1031275372334,0.538325090019498
E1_cec2022_paper_budget,cec2022,5,10,HHO,18,473335604565557749,15000,15000,1361.4603570686877,461.4603570686877,461.4603570686877,0.519667253975058
E1_cec2022_paper_budget,cec2022,5,10,HHO,19,5008683726537939699,15000,15000,1256.394822128488,356.39482212848793,356.39482212848793,0.34577018101117574
E1_cec2022_paper_budget,cec2022,5,10,HHO,20,5353127938930509506,15000,15000,1551.225174461179,651.225174461179,651.225174461179,0.5202061460004188
E1_cec2022_paper_budget,cec2022,5,10,HHO,21,6842614320849641001,15000,15000,1506.191954758898,606.191954758898,606.191954758898,0.5645143410074525
E1_cec2022_paper_budget,cec2022,5,10,HHO,22,6001151686200737788,15000,15000,1552.3378838176034,652.3378838176034,652.3378838176034,0.5565788270032499
E1_cec2022_paper_budget,cec2022,5,10,HHO,23,5359597923357639050,15000,15000,1515.5161666793665,615.5161666793665,615.5161666793665,0.5677032620005775
E1_cec2022_paper_budget,cec2022,5,10,HHO,24,6048389379552440029,15000,15000,1333.7567641689361,433.7567641689361,433.7567641689361,0.5570076910080388
E1_cec2022_paper_budget,cec2022,5,10,HHO,25,6594417931780755556,15000,15000,1277.5440052783324,377.5440052783324,377.5440052783324,0.5487460160220508
E1_cec2022_paper_budget,cec2022,5,10,HHO,26,6669713665600344615,15000,15000,1441.4300064655433,541.4300064655433,541.4300064655433,0.5495820630167145
E1_cec2022_paper_budget,cec2022,5,10,HHO,27,6402786526997303476,15000,15000,1514.374501204084,614.374501204084,614.374501204084,0.5421424389933236
E1_cec2022_paper_budget,cec2022,5,10,HHO,28,6231562531841539131,15000,15000,1396.1946547049788,496.1946547049788,496.1946547049788,0.5487408250046428
E1_cec2022_paper_budget,cec2022,5,10,HHO,29,6192245050436805962,15000,15000,1417.3173620736786,517.3173620736786,517.3173620736786,0.5436725899926387
E1_cec2022_paper_budget,cec2022,3,20,SHADE,0,7953305694264578312,15000,15000,600.8087728419446,0.8087728419445739,0.8087728419445739,0.17559183199773543
E1_cec2022_paper_budget,cec2022,3,20,SHADE,1,2123904517279368134,15000,15000,601.0601586307093,1.0601586307093385,1.0601586307093385,0.16109850798966363
E1_cec2022_paper_budget,cec2022,3,20,SHADE,2,2779628637224343557,15000,15000,600.8395746944882,0.8395746944881921,0.8395746944881921,0.1269550290016923
E1_cec2022_paper_budget,cec2022,3,20,SHADE,3,31828555694215176,15000,15000,600.7196751405596,0.719675140559616,0.719675140559616,0.12090458101010881
E1_cec2022_paper_budget,cec2022,3,20,SHADE,4,2939421601752721755,15000,15000,600.7240905069019,0.7240905069019163,0.7240905069019163,0.12990588298998773
E1_cec2022_paper_budget,cec2022,3,20,SHADE,5,8591443951073727921,15000,15000,600.6335868074749,0.6335868074748987,0.6335868074748987,0.12229303398635238
E1_cec2022_paper_budget,cec2022,3,20,SHADE,6,2037924985866877923,15000,15000,600.9321253960519,0.9321253960519016,0.9321253960519016,0.11257387499790639
E1_cec2022_paper_budget,cec2022,3,20,SHADE,7,5790891070286677422,15000,15000,600.5582362017102,0.5582362017102014,0.5582362017102014,0.11287570101558231
E1_cec2022_paper_budget,cec2022,3,20,SHADE,8,5415015377971598601,15000,15000,600.8525463271394,0.8525463271394074,0.8525463271394074,0.12053071899572387
E1_cec2022_paper_budget,cec2022,3,20,SHADE,9,6666455916121618646,15000,15000,600.720617076002,0.7206170760019859,0.7206170760019859,0.1198843169840984
E1_cec2022_paper_budget,cec2022,3,20,SHADE,10,3650978192514288657,15000,15000,600.71613908181,0.7161390818099562,0.7161390818099562,0.118542329990305
E1_cec2022_paper_budget,cec2022,3,20,SHADE,11,2372252964015455068,15000,15000,600.889208797514,0.8892087975140157,0.8892087975140157,0.15050652201171033
E1_cec2022_paper_budget,cec2022,3,20,SHADE,12,4647910988813556255,15000,15000,600.8772543424901,0.8772543424901187,0.8772543424901187,0.1608144459896721
E1_cec2022_paper_budget,cec2022,3,20,SHADE,13,418480192773144364,15000,15000,600.6705473112073,0.670547311207315,0.670547311207315,0.1589620620070491
E1_cec2022_paper_budget,cec2022,3,20,SHADE,14,3139741082893996037,15000,15000,600.6748362944004,0.6748362944003929,0.6748362944003929,0.1604669840016868
E1_cec2022_paper_budget,cec2022,3,20,SHADE,15,3094733952167481129,15000,15000,600.8487853484637,0.8487853484637071,0.8487853484637071,0.1568011989875231
E1_cec2022_paper_budget,cec2022,3,20,SHADE,16,234219770785005425,15000,15000,601.1025918058879,1.1025918058878688,1.1025918058878688,0.16630800001439638
E1_cec2022_paper_budget,cec2022,3,20,SHADE,17,3467294404802040230,15000,15000,600.8265650805546,0.8265650805545874,0.8265650805545874,0.1575925529759843
E1_cec2022_paper_budget,cec2022,3,20,SHADE,18,1658659370604044703,15000,15000,600.8357609208838,0.8357609208837857,0.8357609208837857,0.16111823602113873
E1_cec2022_paper_budget,cec2022,3,20,SHADE,19,5591018666790982344,15000,15000,600.954814884038,0.9548148840380009,0.9548148840380009,0.1570537319930736
E1_cec2022_paper_budget,cec2022,3,20,SHADE,20,4139037703399553363,15000,15000,600.7790285260838,0.7790285260838345,0.7790285260838345,0.16089533700142056
E1_cec2022_paper_budget,cec2022,3,20,SHADE,21,4199665454305558081,15000,15000,600.8805393311274,0.8805393311273519,0.8805393311273519,0.15606301400111988
E1_cec2022_paper_budget,cec2022,3,20,SHADE,22,8119228907189525880,15000,15000,600.8591444575519,0.8591444575519063,0.8591444575519063,0.159114017005777
E1_cec2022_paper_budget,cec2022,3,20,SHADE,23,3932438629320764627,15000,15000,600.7355947497174,0.7355947497173929,0.7355947497173929,0.15925681497901678
E1_cec2022_paper_budget,cec2022,3,20,SHADE,24,3974774964878937347,15000,15000,600.5536626552422,0.5536626552421922,0.5536626552421922,0.15928181100753136
E1_cec2022_paper_budget,cec2022,3,20,SHADE,25,7840496848872946097,15000,15000,600.843953345749,0.8439533457490143,0.8439533457490143,0.1573508100118488
E1_cec2022_paper_budget,cec2022,3,20,SHADE,26,3479902949544992216,15000,15000,600.6874593896864,0.6874593896864098,0.6874593896864098,0.1584975899895653
E1_cec2022_paper_budget,cec2022,3,20,SHADE,27,7869713289010914957,15000,15000,601.0891821603034,1.0891821603033804,1.0891821603033804,0.1594238370016683
E1_cec2022_paper_budget,cec2022,3,20,SHADE,28,5287260668471486956,15000,15000,600.679280262978,0.6792802629779544,0.6792802629779544,0.1579641489952337
E1_cec2022_paper_budget,cec2022,3,20,SHADE,29,3403269846907388747,15000,15000,600.6071618658113,0.6071618658113493,0.6071618658113493,0.15769602698856033
E1_cec2022_paper_budget,cec2022,5,20,DE,0,8933209205452105766,15000,15000,1065.439344554756,165.43934455475596,165.43934455475596,0.0883183809928596
E1_cec2022_paper_budget,cec2022,5,20,DE,1,8416140818263205859,15000,15000,1081.011538275867,181.011538275867,181.011538275867,0.14622674501151778
E1_cec2022_paper_budget,cec2022,5,20,DE,2,2624072559821546218,15000,15000,1097.6759857289394,197.6759857289394,197.6759857289394,0.08849191598710604
E1_cec2022_paper_budget,cec2022,5,20,DE,3,6843567162323936094,15000,15000,1040.5583449652431,140.55834496524312,140.55834496524312,0.08763687298051082
E1_cec2022_paper_budget,cec2022,5,20,DE,4,313758051737688186,15000,15000,1042.4779379360045,142.47793793600454,142.47793793600454,0.0885017050022725
E1_cec2022_paper_budget,cec2022,5,20,DE,5,438145085266623381,15000,15000,1151.3854214076287,251.38542140762866,251.38542140762866,0.088975713995751
E1_cec2022_paper_budget,cec2022,5,20,DE,6,4932833062861438281,15000,15000,1011.3983946611793,111.39839466117928,111.39839466117928,0.08746087300824001
E1_cec2022_paper_budget,cec2022,5,20,DE,7,7508440644589460738,15000,15000,1023.4991136953305,123.4991136953305,123.4991136953305,0.089022270985879
E1_cec2022_paper_budget,cec2022,5,20,DE,8,3637918362950867114,15000,15000,1105.305601983461,205.30560198346097,205.30560198346097,0.08855702902656049
E1_cec2022_paper_budget,cec2022,5,20,DE,9,3769180110599704341,15000,15000,1055.4568683772166,155.45686837721655,155.45686837721655,0.09001544400234707
E1_cec2022_paper_budget,cec2022,5,20,DE,10,307048716447286177,15000,15000,1095.0261686776516,195.02616867765164,195.02616867765164,0.08677348401397467
E1_cec2022_paper_budget,cec2022,5,20,DE,11,8636367964983603180,15000,15000,1190.8501088509743,290.85010885097427,290.85010885097427,0.08585197501815856
E1_cec2022_paper_budget,cec2022,5,20,DE,12,5003480254122073935,15000,15000,1014.5118997045128,114.51189970451276,114.51189970451276,0.07894833700265735
E1_cec2022_paper_budget,cec2022,5,20,DE,13,1865765318537605963,15000,15000,1012.9377384073745,112.93773840737447,112.93773840737447,0.08370695199118927
E1_cec2022_paper_budget,cec2022,5,20,DE,14,3499982700977785531,15000,15000,1251.5679823472528,351.56798234725284,351.56798234725284,0.07889891401282512
E1_cec2022_paper_budget,cec2022,5,20,DE,15,8095872490968619044,15000,15000,1113.520462256355,213.5204622563549,213.5204622563549,0.09019439000985585
E1_cec2022_paper_budget,cec2022,5,20,DE,16,4753841408834295437,15000,15000,1074.069672422477,174.06967242247697,174.06967242247697,0.10214375201030634
E1_cec2022_paper_budget,cec2022,5,20,DE,17,6671929733846121620,15000,15000,1096.500837393736,196.500837393736,196.500837393736,0.08289791399147362
E1_cec2022_paper_budget,cec2022,5,20,DE,18,7277230196696348849,15000,15000,1176.419356297091,276.4193562970911,276.4193562970911,0.08629458499490283
E1_cec2022_paper_budget,cec2022,5,20,DE,19,2133759349706196691,15000,15000,1103.8086043132619,203.80860431326187,203.80860431326187,0.09468252799706534
E1_cec2022_paper_budget,cec2022,5,20,DE,20,5093544269372202842,15000,15000,1054.033743707213,154.03374370721303,154.03374370721303,0.09551886699046008
E1_cec2022_paper_budget,cec2022,5,20,DE,21,2122796032729683784,15000,15000,1043.2638686999508,143.26386869995076,143.26386869995076,0.09533918998204172
E1_cec2022_paper_budget,cec2022,5,20,DE,22,2929391131860365226,15000,15000,1024.6405229661282,124.64052296612817,124.64052296612817,0.09041730797616765
E1_cec2022_paper_budget,cec2022,5,20,DE,23,2697871209346291326,15000,15000,1123.7215639751448,223.72156397514482,223.72156397514482,0.09165400799247436
E1_cec2022_paper_budget,cec2022,5,20,DE,24,1078403521703339039,15000,15000,1158.9023736523886,258.90237365238863,258.90237365238863,0.09143723102170043
E1_cec2022_paper_budget,cec2022,5,20,DE,25,4914166760634544911,15000,15000,1100.8815717382363,200.8815717382363,200.8815717382363,0.09163803799310699
E1_cec2022_paper_budget,cec2022,5,20,DE,26,4340862150528438990,15000,15000,1168.3154894606632,268.31548946066323,268.31548946066323,0.09250572501332499
E1_cec2022_paper_budget,cec2022,5,20,DE,27,124637369431673766,15000,15000,1094.9906845184955,194.99068451849553,194.99068451849553,0.09106452099513263
E1_cec2022_paper_budget,cec2022,5,20,DE,28,1216063777223049246,15000,15000,1149.781411086814,249.78141108681393,249.78141108681393,0.09068400799878873
E1_cec2022_paper_budget,cec2022,5,20,DE,29,6362155123931325688,15000,15000,1145.8091542003424,245.8091542003424,245.8091542003424,0.09062715200707316
E1_cec2022_paper_budget,cec2022,4,20,SHADE,0,7300820160279767447,15000,15000,897.5617270606755,97.56172706067548,97.56172706067548,0.12452345801284537
E1_cec2022_paper_budget,cec2022,4,20,SHADE,1,6591822632386932826,15000,15000,907.6567432216374,107.65674322163738,107.65674322163738,0.12865900501492433
E1_cec2022_paper_budget,cec2022,4,20,SHADE,2,7475188094126037085,15000,15000,917.8233581602916,117.8233581602916,117.8233581602916,0.124882862000959
E1_cec2022_paper_budget,cec2022,4,20,SHADE,3,5169041372287401854,15000,15000,912.9565074745078,112.95650747450782,112.95650747450782,0.12147193402051926
E1_cec2022_paper_budget,cec2022,4,20,SHADE,4,1795393202239210800,15000,15000,909.6667640843204,109.66676408432045,109.66676408432045,0.12190486601321027
E1_cec2022_paper_budget,cec2022,4,20,SHADE,5,8392886047855375546,15000,15000,913.3460183511276,113.34601835112755,113.34601835112755,0.11880800800281577
E1_cec2022_paper_budget,cec2022,4,20,SHADE,6,7533504525935104019,15000,15000,903.0531225546512,103.05312255465117,103.05312255465117,0.12000828899908811
E1_cec2022_paper_budget,cec2022,4,20,SHADE,7,9089866458694037437,15000,15000,897.6596615667232,97.65966156672323,97.65966156672323,0.1225394660141319
E1_cec2022_paper_budget,cec2022,4,20,SHADE,8,7427589760700291538,15000,15000,904.4464504788133,104.44645047881329,104.44645047881329,0.1204292080074083
E1_cec2022_paper_budget,cec2022,4,20,SHADE,9,7610181960257901662,15000,15000,908.9935708141243,108.99357081412427,108.99357081412427,0.12253362601040863
E1_cec2022_paper_budget,cec2022,4,20,SHADE,10,786948920848924380,15000,15000,893.1155315647264,93.11553156472644,93.11553156472644,0.12015724898083135
E1_cec2022_paper_budget,cec2022,4,20,SHADE,11,954525693918704030,15000,15000,913.2917885247288,113.29178852472876,113.29178852472876,0.11936025301110931
E1_cec2022_paper_budget,cec2022,4,20,SHADE,12,1367590101623030511,15000,15000,908.6934719740369,108.69347197403692,108.69347197403692,0.11894334200769663
E1_cec2022_paper_budget,cec2022,4,20,SHADE,13,3623201412138850733,15000,15000,898.2983144931986,98.29831449319863,98.29831449319863,0.11866984801599756
E1_cec2022_paper_budget,cec2022,4,20,SHADE,14,2354688639831055006,15000,15000,899.1894642135779,99.18946421357793,99.18946421357793,0.11880584398750216
E1_cec2022_paper_budget,cec2022,4,20,SHADE,15,4897255981040344583,15000,15000,902.8900292116017,102.8900292116017,102.8900292116017,0.11827111098682508
E1_cec2022_paper_budget,cec2022,4,20,SHADE,16,7331990702844012732,15000,15000,911.1004516974035,111.10045169740351,111.10045169740351,0.12205570901278406
E1_cec2022_paper_budget,cec2022,4,20,SHADE,17,1521199909683746537,15000,15000,894.0117074566332,94.01170745663319,94.01170745663319,0.12987869197968394
E1_cec2022_paper_budget,cec2022,4,20,SHADE,18,2567586016516730201,15000,15000,886.638469253326,86.63846925332598,86.63846925332598,0.1253572219866328
E1_cec2022_paper_budget,cec2022,4,20,SHADE,19,4377874354566350298,15000,15000,914.574679553642,114.574679553642,114.574679553642,0.12144393200287595
E1_cec2022_paper_budget,cec2022,4,20,SHADE,20,7852999371308605197,15000,15000,896.8841460411579,96.88414604115792,96.88414604115792,0.08911293200799264
E1_cec2022_paper_budget,cec2022,4,20,SHADE,21,7033096056613269993,15000,15000,888.6162703737873,88.6162703737873,88.6162703737873,0.08613729098578915
E1_cec2022_paper_budget,cec2022,4,20,SHADE,22,4890701045089907247,15000,15000,905.5452254549123,105.54522545491227,105.54522545491227,0.08307619899278507
E1_cec2022_paper_budget,cec2022,4,20,SHADE,23,940109284632532955,15000,15000,898.6420414380135,98.6420414380135,98.6420414380135,0.09437790600350127
E1_cec2022_paper_budget,cec2022,4,20,SHADE,24,5765637470164942307,15000,15000,913.9534256200642,113.9534256200642,113.9534256200642,0.08982766201370396
E1_cec2022_paper_budget,cec2022,4,20,SHADE,25,1565587028699654070,15000,15000,902.065786507669,102.06578650766903,102.06578650766903,0.08534126699669287
E1_cec2022_paper_budget,cec2022,4,20,SHADE,26,4146726823261672887,15000,15000,886.5753526948956,86.57535269489563,86.57535269489563,0.08548635899205692
E1_cec2022_paper_budget,cec2022,4,20,SHADE,27,2450808575302423213,15000,15000,904.3298190605605,104.32981906056045,104.32981906056045,0.08588722097920254
E1_cec2022_paper_budget,cec2022,4,20,SHADE,28,458755173650322729,15000,15000,911.817729930421,111.81772993042102,111.81772993042102,0.08895898301852867
E1_cec2022_paper_budget,cec2022,4,20,SHADE,29,8591541349236621589,15000,15000,902.8332256884719,102.83322568847188,102.83322568847188,0.08019555601640604
E1_cec2022_paper_budget,cec2022,3,20,LSHADE,0,5709788832066232856,15000,15000,600.4659244132557,0.46592441325572054,0.46592441325572054,0.1846881239907816
E1_cec2022_paper_budget,cec2022,3,20,LSHADE,1,4708275613032459558,15000,15000,600.8025222308411,0.8025222308410775,0.8025222308410775,0.18344181598513387
E1_cec2022_paper_budget,cec2022,3,20,LSHADE,2,4847263489866125385,15000,15000,600.5880913499822,0.5880913499821645,0.5880913499821645,0.17835850099800155
E1_cec2022_paper_budget,cec2022,3,20,LSHADE,3,705892316838511973,15000,15000,600.5571797954707,0.5571797954706881,0.5571797954706881,0.1787990879965946
E1_cec2022_paper_budget,cec2022,3,20,LSHADE,4,7774059686522480978,15000,15000,600.940479062041,0.9404790620410495,0.9404790620410495,0.17723912201472558
E1_cec2022_paper_budget,cec2022,3,20,LSHADE,5,454089174079654173,15000,15000,600.8002905855327,0.8002905855327072,0.8002905855327072,0.18054033399675973
E1_cec2022_paper_budget,cec2022,3,20,LSHADE,6,4366494184249743576,15000,15000,600.5573186731676,0.5573186731676287,0.5573186731676287,0.17323591400054283
E1_cec2022_paper_budget,cec2022,3,20,LSHADE,7,9206592116467037455,15000,15000,600.6962731962839,0.6962731962838689,0.6962731962838689,0.17412897798931226
E1_cec2022_paper_budget,cec2022,3,20,LSHADE,8,5480465991113201190,15000,15000,600.3368818877783,0.3368818877783042,0.3368818877783042,0.18416183601948433
E1_cec2022_paper_budget,cec2022,3,20,LSHADE,9,4774374167232805086,15000,15000,600.8954059432301,0.8954059432301165,0.8954059432301165,0.17359970600227825
E1_cec2022_paper_budget,cec2022,3,20,LSHADE,10,2992303500470895732,15000,15000,600.3067648503439,0.30676485034393863,0.30676485034393863,0.17816039000172168
E1_cec2022_paper_budget,cec2022,3,20,LSHADE,11,3682878800930494272,15000,15000,600.4946107576699,0.49461075766987506,0.49461075766987506,0.17207624900038354
E1_cec2022_paper_budget,cec2022,3,20,LSHADE,12,9092488970053543709,15000,15000,600.7349266284062,0.7349266284062423,0.7349266284062423,0.17647968800156377
E1_cec2022_paper_budget,cec2022,3,20,LSHADE,13,3681148188761592389,15000,15000,600.9144192619409,0.9144192619409068,0.9144192619409068,0.179744210006902
E1_cec2022_paper_budget,cec2022,3,20,LSHADE,14,1549659061525810857,15000,15000,600.7197792213755,0.719779221375461,0.719779221375461,0.17537679898669012
E1_cec2022_paper_budget,cec2022,3,20,LSHADE,15,3815782238334814209,15000,15000,600.8141963196218,0.8141963196218285,0.8141963196218285,0.16254791701794602
E1_cec2022_paper_budget,cec2022,3,20,LSHADE,16,5177861195610819660,15000,15000,600.9784815755835,0.978481575583487,0.978481575583487,0.14356059400597587
E1_cec2022_paper_budget,cec2022,3,20,LSHADE,17,2528388793617553699,15000,15000,600.7395001047963,0.7395001047963206,0.7395001047963206,0.17418237798847258
E1_cec2022_paper_budget,cec2022,3,20,LSHADE,18,188434276000654723,15000,15000,600.9887477666921,0.9887477666920859,0.9887477666920859,0.17124685298767872
E1_cec2022_paper_budget,cec2022,3,20,LSHADE,19,66794764013013135,15000,15000,600.8710216220559,0.8710216220558777,0.8710216220558777,0.14487940800609067
E1_cec2022_paper_budget,cec2022,3,20,LSHADE,20,8656018937649954641,15000,15000,600.7819815489015,0.7819815489015127,0.7819815489015127,0.1555649200163316
E1_cec2022_paper_budget,cec2022,3,20,LSHADE,21,3157698763022544969,15000,15000,600.739458107296,0.7394581072959454,0.7394581072959454,0.12123958801385015
E1_cec2022_paper_budget,cec2022,3,20,LSHADE,22,7133320807642949031,15000,15000,600.948263271315,0.9482632713149997,0.9482632713149997,0.13080516902846284
E1_cec2022_paper_budget,cec2022,3,20,LSHADE,23,1989908917939919840,15000,15000,600.8603365397455,0.8603365397455036,0.8603365397455036,0.14614367901231162
E1_cec2022_paper_budget,cec2022,3,20,LSHADE,24,8268302777195062539,15000,15000,600.5189761823583,0.5189761823583012,0.5189761823583012,0.16324088600231335
E1_cec2022_paper_budget,cec2022,3,20,LSHADE,25,496378235259155933,15000,15000,601.1749268429037,1.1749268429036874,1.1749268429036874,0.16697042199666612
E1_cec2022_paper_budget,cec2022,3,20,LSHADE,26,6778903034538772879,15000,15000,600.8506029793557,0.8506029793556991,0.8506029793556991,0.16674749401863664
E1_cec2022_paper_budget,cec2022,3,20,LSHADE,27,7650381164362356114,15000,15000,600.8289954210227,0.8289954210226824,0.8289954210226824,0.1682448519859463
E1_cec2022_paper_budget,cec2022,3,20,LSHADE,28,7333512475151974517,15000,15000,600.5904451644622,0.5904451644621531,0.5904451644621531,0.1665313090197742
E1_cec2022_paper_budget,cec2022,3,20,LSHADE,29,7197383889076511240,15000,15000,600.6973700938779,0.6973700938779075,0.6973700938779075,0.16787151200696826
E1_cec2022_paper_budget,cec2022,4,20,LSHADE,0,3309272615850269076,15000,15000,880.853961488227,80.85396148822701,80.85396148822701,0.14165395800955594
E1_cec2022_paper_budget,cec2022,4,20,LSHADE,1,8642386524621548611,15000,15000,886.9450416780505,86.94504167805053,86.94504167805053,0.1358804090123158
E1_cec2022_paper_budget,cec2022,4,20,LSHADE,2,7108294658883079067,15000,15000,863.5475214357348,63.54752143573478,63.54752143573478,0.13646663798135705
E1_cec2022_paper_budget,cec2022,4,20,LSHADE,3,7084520165570844938,15000,15000,863.5284899466433,63.528489946643276,63.528489946643276,0.13426483899820596
E1_cec2022_paper_budget,cec2022,4,20,LSHADE,4,6155317653513582726,15000,15000,863.4587030707951,63.45870307079508,63.45870307079508,0.1367388899961952
E1_cec2022_paper_budget,cec2022,4,20,LSHADE,5,3382762639375119891,15000,15000,871.8374198698455,71.83741986984546,71.83741986984546,0.13607686798786744
E1_cec2022_paper_budget,cec2022,4,20,LSHADE,6,5243976737754325350,15000,15000,860.8845495635462,60.884549563546216,60.884549563546216,0.13459986698580906
E1_cec2022_paper_budget,cec2022,4,20,LSHADE,7,6508092408442679301,15000,15000,876.8787213346556,76.87872133465555,76.87872133465555,0.13431584398495033
E1_cec2022_paper_budget,cec2022,4,20,LSHADE,8,1371406311049944464,15000,15000,890.2369149581735,90.23691495817354,90.23691495817354,0.13228333200095221
E1_cec2022_paper_budget,cec2022,4,20,LSHADE,9,1480264743001326802,15000,15000,861.189318563471,61.18931856347103,61.18931856347103,0.13233689300250262
E1_cec2022_paper_budget,cec2022,4,20,LSHADE,10,2006410034378983861,15000,15000,868.6622975842922,68.66229758429222,68.66229758429222,0.1320911019865889
E1_cec2022_paper_budget,cec2022,4,20,LSHADE,11,5228404300152026622,15000,15000,855.9488691313588,55.94886913135883,55.94886913135883,0.1342741870030295
E1_cec2022_paper_budget,cec2022,4,20,LSHADE,12,1776994393384928438,15000,15000,867.0954599072898,67.09545990728975,67.09545990728975,0.13087646398344077
E1_cec2022_paper_budget,cec2022,4,20,LSHADE,13,775465619509715024,15000,15000,868.8382261276037,68.83822612760366,68.83822612760366,0.13440637398161925
E1_cec2022_paper_budget,cec2022,4,20,LSHADE,14,5322281994143149842,15000,15000,871.9173932128365,71.91739321283649,71.91739321283649,0.13933377599460073
E1_cec2022_paper_budget,cec2022,4,20,LSHADE,15,6189099767724193755,15000,15000,869.523508889535,69.52350888953504,69.52350888953504,0.13246482197428122
E1_cec2022_paper_budget,cec2022,4,20,LSHADE,16,4332955690242821314,15000,15000,860.109954606495,60.109954606494966,60.109954606494966,0.13036855097743683
E1_cec2022_paper_budget,cec2022,4,20,LSHADE,17,1178769807500755667,15000,15000,860.0015523500609,60.00155235006093,60.00155235006093,0.13335330900736153
E1_cec2022_paper_budget,cec2022,4,20,LSHADE,18,1440891867674020345,15000,15000,849.3915670619629,49.39156706196286,49.39156706196286,0.13679744899854995
E1_cec2022_paper_budget,cec2022,4,20,LSHADE,19,6887537590319782006,15000,15000,861.5680707271019,61.56807072710194,61.56807072710194,0.1331116860092152
E1_cec2022_paper_budget,cec2022,4,20,LSHADE,20,1648012725816877547,15000,15000,886.2514833671984,86.25148336719838,86.25148336719838,0.1317528980143834
E1_cec2022_paper_budget,cec2022,4,20,LSHADE,21,6136656668352064655,15000,15000,881.2486094813376,81.24860948133755,81.24860948133755,0.13472334897960536
E1_cec2022_paper_budget,cec2022,4,20,LSHADE,22,4834609354126153229,15000,15000,848.1233651275068,48.12336512750676,48.12336512750676,0.1429984399874229
E1_cec2022_paper_budget,cec2022,4,20,LSHADE,23,2077807898178064823,15000,15000,851.5548263649629,51.55482636496288,51.55482636496288,0.1422199289954733
E1_cec2022_paper_budget,cec2022,4,20,LSHADE,24,4819164189585114336,15000,15000,869.9018397996315,69.90183979963149,69.90183979963149,0.14230356700136326
E1_cec2022_paper_budget,cec2022,4,20,LSHADE,25,8609091891185326988,15000,15000,857.6368216962146,57.63682169621461,57.63682169621461,0.14204713501385413
E1_cec2022_paper_budget,cec2022,4,20,LSHADE,26,9156438800449514304,15000,15000,865.0959745517039,65.09597455170388,65.09597455170388,0.14294630198855884
E1_cec2022_paper_budget,cec2022,4,20,LSHADE,27,3874772945724695617,15000,15000,856.124246032138,56.12424603213799,56.12424603213799,0.14189703299780376
E1_cec2022_paper_budget,cec2022,4,20,LSHADE,28,444100533139027709,15000,15000,884.1150582029431,84.11505820294315,84.11505820294315,0.14537222200306132
E1_cec2022_paper_budget,cec2022,4,20,LSHADE,29,5180810743247049758,15000,15000,861.7559931499536,61.75599314995361,61.75599314995361,0.1444225810118951
E1_cec2022_paper_budget,cec2022,5,20,SHADE,0,9213421895360779743,15000,15000,901.3970426241641,1.3970426241641007,1.3970426241641007,0.12077852399670519
E1_cec2022_paper_budget,cec2022,5,20,SHADE,1,2388646364667217957,15000,15000,904.8261409234685,4.826140923468529,4.826140923468529,0.12011064100079238
E1_cec2022_paper_budget,cec2022,5,20,SHADE,2,1572046489004354346,15000,15000,904.7837188185288,4.783718818528769,4.783718818528769,0.139230011991458
E1_cec2022_paper_budget,cec2022,5,20,SHADE,3,8901519179174430535,15000,15000,901.9733617246023,1.9733617246023414,1.9733617246023414,0.12614047099486925
E1_cec2022_paper_budget,cec2022,5,20,SHADE,4,3678458843319110755,15000,15000,903.4381190807358,3.43811908073576,3.43811908073576,0.12627291897661053
E1_cec2022_paper_budget,cec2022,5,20,SHADE,5,6986075949946939809,15000,15000,903.0930920882462,3.0930920882461805,3.0930920882461805,0.12499216699507087
E1_cec2022_paper_budget,cec2022,5,20,SHADE,6,2282704959570531859,15000,15000,903.8773015026816,3.8773015026815756,3.8773015026815756,0.1264858790091239
E1_cec2022_paper_budget,cec2022,5,20,SHADE,7,4879846364728418380,15000,15000,904.0996274637845,4.099627463784486,4.099627463784486,0.12259812699630857
E1_cec2022_paper_budget,cec2022,5,20,SHADE,8,8587100733311839289,15000,15000,904.1515164697803,4.15151646978029,4.15151646978029,0.12312045600265265
E1_cec2022_paper_budget,cec2022,5,20,SHADE,9,1071789683561534580,15000,15000,901.7103224463245,1.7103224463245397,1.7103224463245397,0.1236361330084037
E1_cec2022_paper_budget,cec2022,5,20,SHADE,10,35420103691608990,15000,15000,903.1928928589973,3.192892858997311,3.192892858997311,0.12716043399996124
E1_cec2022_paper_budget,cec2022,5,20,SHADE,11,7370543740297594989,15000,15000,904.4735976899792,4.473597689979215,4.473597689979215,0.12876597500871867
E1_cec2022_paper_budget,cec2022,5,20,SHADE,12,5275665290960481579,15000,15000,903.9162646856786,3.916264685678584,3.916264685678584,0.12496214002021588
E1_cec2022_paper_budget,cec2022,5,20,SHADE,13,4657113688333926481,15000,15000,903.360606826966,3.3606068269659772,3.3606068269659772,0.12545859202509746
E1_cec2022_paper_budget,cec2022,5,20,SHADE,14,164334865402103194,15000,15000,903.8192803126464,3.819280312646356,3.819280312646356,0.12542956802644767
E1_cec2022_paper_budget,cec2022,5,20,SHADE,15,4890009556486877909,15000,15000,902.2144982246612,2.214498224661156,2.214498224661156,0.12369808999937959
E1_cec2022_paper_budget,cec2022,5,20,SHADE,16,1926748518902434135,15000,15000,903.7456312184688,3.745631218468816,3.745631218468816,0.12293327500810847
E1_cec2022_paper_budget,cec2022,5,20,SHADE,17,5039866581940649433,15000,15000,905.6912492137474,5.691249213747369,5.691249213747369,0.12370993199874647
E1_cec2022_paper_budget,cec2022,5,20,SHADE,18,3690923505786246160,15000,15000,900.8889995993943,0.8889995993943103,0.8889995993943103,0.12660356902051717
E1_cec2022_paper_budget,cec2022,5,20,SHADE,19,7485582506303944447,15000,15000,901.6974387033174,1.6974387033174025,1.6974387033174025,0.12326796297566034
E1_cec2022_paper_budget,cec2022,5,20,SHADE,20,9215133318550289151,15000,15000,902.6026176363958,2.6026176363958484,2.6026176363958484,0.1238994269806426
E1_cec2022_paper_budget,cec2022,5,20,SHADE,21,1079926451884581217,15000,15000,902.7000512200772,2.700051220077171,2.700051220077171,0.14037905700388364
E1_cec2022_paper_budget,cec2022,5,20,SHADE,22,1036930727604311175,15000,15000,903.3596491102575,3.3596491102574646,3.3596491102574646,0.13041057999362238
E1_cec2022_paper_budget,cec2022,5,20,SHADE,23,3028210954126839225,15000,15000,903.4591759557047,3.4591759557047226,3.4591759557047226,0.12612477102084085
E1_cec2022_paper_budget,cec2022,5,20,SHADE,24,4677667879728914535,15000,15000,902.8335158515451,2.833515851545144,2.833515851545144,0.12787521400605328
E1_cec2022_paper_budget,cec2022,5,20,SHADE,25,125517735284287054,15000,15000,903.8030295530239,3.803029553023862,3.803029553023862,0.12085895499330945
E1_cec2022_paper_budget,cec2022,5,20,SHADE,26,2030186440835420864,15000,15000,901.7766284797925,1.776628479792521,1.776628479792521,0.12213906500255689
E1_cec2022_paper_budget,cec2022,5,20,SHADE,27,3455836478120274685,15000,15000,902.8058099273343,2.8058099273342805,2.8058099273342805,0.1209481920232065
E1_cec2022_paper_budget,cec2022,5,20,SHADE,28,6804779639194662084,15000,15000,902.5741055094492,2.5741055094491685,2.5741055094491685,0.1218709729728289
E1_cec2022_paper_budget,cec2022,5,20,SHADE,29,4013486015433791076,15000,15000,902.4133589228031,2.413358922803127,2.413358922803127,0.12124738399870694
E1_cec2022_paper_budget,cec2022,3,20,jSO,0,3057262569242528723,15000,15000,600.2423794726415,0.24237947264145987,0.24237947264145987,0.186635005986318
E1_cec2022_paper_budget,cec2022,3,20,jSO,1,8063216658365876248,15000,15000,600.079357951569,0.07935795156902259,0.07935795156902259,0.18350589598412625
E1_cec2022_paper_budget,cec2022,3,20,jSO,2,4579676736128445476,15000,15000,600.0998547895572,0.09985478955718463,0.09985478955718463,0.182507903984515
E1_cec2022_paper_budget,cec2022,3,20,jSO,3,1294333847589524477,15000,15000,600.0902120019563,0.09021200195627443,0.09021200195627443,0.18055359899881296
E1_cec2022_paper_budget,cec2022,3,20,jSO,4,7452636407324767074,15000,15000,600.2632187271893,0.263218727189269,0.263218727189269,0.1798526140046306
E1_cec2022_paper_budget,cec2022,3,20,jSO,5,972778856367215066,15000,15000,600.0516876753763,0.05168767537634267,0.05168767537634267,0.18083341300371103
E1_cec2022_paper_budget,cec2022,3,20,jSO,6,6567669107609390794,15000,15000,600.0789450918428,0.07894509184279741,0.07894509184279741,0.18327613497967832
E1_cec2022_paper_budget,cec2022,3,20,jSO,7,7547231832858944438,15000,15000,600.2173985031907,0.21739850319067955,0.21739850319067955,0.1799344079918228
E1_cec2022_paper_budget,cec2022,3,20,jSO,8,7573133917999359225,15000,15000,600.362181844564,0.36218184456402014,0.36218184456402014,0.18719850201159716
E1_cec2022_paper_budget,cec2022,3,20,jSO,9,2999080870808392810,15000,15000,600.0938254904897,0.09382549048973488,0.09382549048973488,0.1795586119988002
E1_cec2022_paper_budget,cec2022,3,20,jSO,10,4335533702928392441,15000,15000,600.077819238213,0.07781923821301007,0.07781923821301007,0.1822381480014883
E1_cec2022_paper_budget,cec2022,3,20,jSO,11,354227197569611960,15000,15000,600.1625607235337,0.16256072353371565,0.16256072353371565,0.18346679300884716
E1_cec2022_paper_budget,cec2022,3,20,jSO,12,2286215859034253177,15000,15000,600.1480924362284,0.1480924362283531,0.1480924362283531,0.18236140001681633
E1_cec2022_paper_budget,cec2022,3,20,jSO,13,1875604823954741246,15000,15000,600.1028600539729,0.1028600539729041,0.1028600539729041,0.1791883589758072
E1_cec2022_paper_budget,cec2022,3,20,jSO,14,834302742038179209,15000,15000,600.28633034901,0.28633034900997245,0.28633034900997245,0.18955145601648837
E1_cec2022_paper_budget,cec2022,3,20,jSO,15,6955912519374121389,15000,15000,600.1162801051292,0.11628010512924902,0.11628010512924902,0.1921670610026922
E1_cec2022_paper_budget,cec2022,3,20,jSO,16,3017379509317774649,15000,15000,600.131283960717,0.13128396071704174,0.13128396071704174,0.1985579980246257
E1_cec2022_paper_budget,cec2022,3,20,jSO,17,8012169143382254336,15000,15000,600.1503611099242,0.15036110992423346,0.15036110992423346,0.1929915869841352
E1_cec2022_paper_budget,cec2022,3,20,jSO,18,4967240272181181151,15000,15000,600.2456865516715,0.245686551671497,0.245686551671497,0.1902710650174413
E1_cec2022_paper_budget,cec2022,3,20,jSO,19,7647433494263390812,15000,15000,600.0749069772861,0.07490697728610485,0.07490697728610485,0.19299295998644084
E1_cec2022_paper_budget,cec2022,3,20,jSO,20,2657093608914146431,15000,15000,600.0600734409214,0.0600734409214283,0.0600734409214283,0.19308210699819028
E1_cec2022_paper_budget,cec2022,3,20,jSO,21,7873171867929361026,15000,15000,600.2070984103144,0.20709841031441556,0.20709841031441556,0.1863110869890079
E1_cec2022_paper_budget,cec2022,3,20,jSO,22,729627833876918723,15000,15000,600.1192350732766,0.11923507327662719,0.11923507327662719,0.1815776290022768
E1_cec2022_paper_budget,cec2022,3,20,jSO,23,7423500848243254525,15000,15000,600.2027643319398,0.20276433193976118,0.20276433193976118,0.18007475000922568
E1_cec2022_paper_budget,cec2022,3,20,jSO,24,721814103395412272,15000,15000,600.0903941180168,0.09039411801677488,0.09039411801677488,0.18147631001193076
E1_cec2022_paper_budget,cec2022,3,20,jSO,25,6969706200584000821,15000,15000,600.0499380083926,0.04993800839258711,0.04993800839258711,0.19340520299738273
E1_cec2022_paper_budget,cec2022,3,20,jSO,26,4902707635175993930,15000,15000,600.2163921992145,0.21639219921451058,0.21639219921451058,0.19064979601535015
E1_cec2022_paper_budget,cec2022,3,20,jSO,27,2566763883124369837,15000,15000,600.0760938241872,0.07609382418718269,0.07609382418718269,0.19194796998635866
E1_cec2022_paper_budget,cec2022,3,20,jSO,28,6219277561167142318,15000,15000,600.0996362523515,0.09963625235150175,0.09963625235150175,0.19192351400852203
E1_cec2022_paper_budget,cec2022,3,20,jSO,29,6548391357383573430,15000,15000,600.2808832635146,0.28088326351462456,0.28088326351462456,0.18937939300667495
E1_cec2022_paper_budget,cec2022,7,10,HHO,0,7546793654802766151,15000,15000,2046.946077392592,46.94607739259209,46.94607739259209,0.6488426479918417
E1_cec2022_paper_budget,cec2022,7,10,HHO,1,1588505130950127273,15000,15000,2045.7185924788678,45.71859247886778,45.71859247886778,0.6625518009823281
E1_cec2022_paper_budget,cec2022,7,10,HHO,2,8351743502136293410,15000,15000,2127.8305783494825,127.8305783494825,127.8305783494825,0.5989138599834405
E1_cec2022_paper_budget,cec2022,7,10,HHO,3,604317203207739800,15000,15000,2151.5902119828543,151.59021198285427,151.59021198285427,0.5900462889985647
E1_cec2022_paper_budget,cec2022,7,10,HHO,4,916821562142701420,15000,15000,2071.680535939523,71.680535939523,71.680535939523,0.587595782999415
E1_cec2022_paper_budget,cec2022,7,10,HHO,5,1641055016873287149,15000,15000,2073.566088545799,73.56608854579918,73.56608854579918,0.5903221260232385
E1_cec2022_paper_budget,cec2022,7,10,HHO,6,6825939555586942045,15000,15000,2122.615902001314,122.61590200131423,122.61590200131423,0.595213861000957
E1_cec2022_paper_budget,cec2022,7,10,HHO,7,1967841908882807325,15000,15000,2116.2755581094693,116.27555810946933,116.27555810946933,0.5934242850053124
E1_cec2022_paper_budget,cec2022,7,10,HHO,8,2107567468264327719,15000,15000,2139.959182668464,139.9591826684641,139.9591826684641,0.590130546974251
E1_cec2022_paper_budget,cec2022,7,10,HHO,9,953336953172678447,15000,15000,2077.3126312586405,77.31263125864052,77.31263125864052,0.592075994994957
E1_cec2022_paper_budget,cec2022,7,10,HHO,10,7566477921616052922,15000,15000,2132.4651052945856,132.46510529458556,132.46510529458556,0.5848564140032977
E1_cec2022_paper_budget,cec2022,7,10,HHO,11,9140528484619273823,15000,15000,2087.3051748870553,87.30517488705527,87.30517488705527,0.5967285720107611
E1_cec2022_paper_budget,cec2022,7,10,HHO,12,205355643498947915,15000,15000,2062.0873261643837,62.08732616438374,62.08732616438374,0.5892795099935029
E1_cec2022_paper_budget,cec2022,7,10,HHO,13,486777452384357963,15000,15000,2054.9390181552535,54.93901815525351,54.93901815525351,0.6026294699986465
E1_cec2022_paper_budget,cec2022,7,10,HHO,14,6257002308888620147,15000,15000,2140.3221701105467,140.32217011054672,140.32217011054672,0.6839230550103821
E1_cec2022_paper_budget,cec2022,7,10,HHO,15,2006594486791880802,15000,15000,2092.3845644535227,92.38456445352267,92.38456445352267,0.677431178977713
E1_cec2022_paper_budget,cec2022,7,10,HHO,16,998801694206619876,15000,15000,2125.2211470367874,125.22114703678744,125.22114703678744,0.6655555650067981
E1_cec2022_paper_budget,cec2022,7,10,HHO,17,5993258081391812108,15000,15000,2072.1318572233477,72.13185722334765,72.13185722334765,0.6696284740173724
E1_cec2022_paper_budget,cec2022,7,10,HHO,18,3816927529663944690,15000,15000,2036.7245909223484,36.7245909223484,36.7245909223484,0.6641907450102735
E1_cec2022_paper_budget,cec2022,7,10,HHO,19,4549695460117918693,15000,15000,2111.806479722232,111.80647972223187,111.80647972223187,0.6641547279723454
E1_cec2022_paper_budget,cec2022,7,10,HHO,20,4538847453873415341,15000,15000,2053.4910180626857,53.491018062685725,53.491018062685725,0.666964616975747
E1_cec2022_paper_budget,cec2022,7,10,HHO,21,7623072483235533775,15000,15000,2130.4755849290386,130.47558492903863,130.47558492903863,0.6683647030149586
E1_cec2022_paper_budget,cec2022,7,10,HHO,22,8757487459203954766,15000,15000,2153.4036794063077,153.40367940630767,153.40367940630767,0.6539145200222265
E1_cec2022_paper_budget,cec2022,7,10,HHO,23,5607037042610167536,15000,15000,2111.9978760976887,111.99787609768873,111.99787609768873,0.6688750209868886
E1_cec2022_paper_budget,cec2022,7,10,HHO,24,5978704773091914143,15000,15000,2096.6467112126998,96.64671121269976,96.64671121269976,0.6754054390185047
E1_cec2022_paper_budget,cec2022,7,10,HHO,25,6008620405631034007,15000,15000,2081.7598205505537,81.75982055055374,81.75982055055374,0.6687942690041382
E1_cec2022_paper_budget,cec2022,7,10,HHO,26,5823885101432906504,15000,15000,2102.730102649568,102.73010264956793,102.73010264956793,0.6890051570080686
E1_cec2022_paper_budget,cec2022,7,10,HHO,27,5159762139976770163,15000,15000,2086.964583038977,86.9645830389768,86.9645830389768,0.67629326498718
E1_cec2022_paper_budget,cec2022,7,10,HHO,28,2724419693595956257,15000,15000,2113.1801360608847,113.1801360608847,113.1801360608847,0.6769268829957582
E1_cec2022_paper_budget,cec2022,7,10,HHO,29,3147378671536202591,15000,15000,2089.902909802711,89.90290980271084,89.90290980271084,0.6712857829988934
E1_cec2022_paper_budget,cec2022,4,20,jSO,0,3102134757122997949,15000,15000,879.8226391142869,79.82263911428686,79.82263911428686,0.15904074898571707
E1_cec2022_paper_budget,cec2022,4,20,jSO,1,3291449157320428426,15000,15000,879.0291622263004,79.0291622263004,79.0291622263004,0.15579010199871846
E1_cec2022_paper_budget,cec2022,4,20,jSO,2,6283936794898385886,15000,15000,874.8445819482287,74.84458194822867,74.84458194822867,0.15511309198336676
E1_cec2022_paper_budget,cec2022,4,20,jSO,3,441670608354854878,15000,15000,882.0051963412135,82.00519634121349,82.00519634121349,0.1528706660028547
E1_cec2022_paper_budget,cec2022,4,20,jSO,4,2246053883574964734,15000,15000,893.6177595690606,93.61775956906058,93.61775956906058,0.1535874609835446
E1_cec2022_paper_budget,cec2022,4,20,jSO,5,430054697781372470,15000,15000,883.770497569518,83.77049756951806,83.77049756951806,0.15305215699481778
E1_cec2022_paper_budget,cec2022,4,20,jSO,6,374246497829715056,15000,15000,887.6549353563465,87.65493535634653,87.65493535634653,0.149820325023029
E1_cec2022_paper_budget,cec2022,4,20,jSO,7,1451717922895110963,15000,15000,895.0217339295928,95.02173392959276,95.02173392959276,0.15342034702189267
E1_cec2022_paper_budget,cec2022,4,20,jSO,8,8227246394836221785,15000,15000,919.6280350835075,119.62803508350748,119.62803508350748,0.14396830898476765
E1_cec2022_paper_budget,cec2022,4,20,jSO,9,7083623808058846448,15000,15000,891.744095363879,91.74409536387896,91.74409536387896,0.14905546000227332
E1_cec2022_paper_budget,cec2022,4,20,jSO,10,1862264050715342648,15000,15000,872.3304323562677,72.33043235626769,72.33043235626769,0.15324446800514124
E1_cec2022_paper_budget,cec2022,4,20,jSO,11,1248400850604348187,15000,15000,869.4271277087686,69.42712770876858,69.42712770876858,0.15268125099828467
E1_cec2022_paper_budget,cec2022,4,20,jSO,12,9171042536322716105,15000,15000,883.3204045214137,83.3204045214137,83.3204045214137,0.15302155900280923
E1_cec2022_paper_budget,cec2022,4,20,jSO,13,5692976610816823641,15000,15000,903.572494251383,103.57249425138298,103.57249425138298,0.14465903499512933
E1_cec2022_paper_budget,cec2022,4,20,jSO,14,8278746444556733029,15000,15000,872.7479068814562,72.74790688145617,72.74790688145617,0.15380143199581653
E1_cec2022_paper_budget,cec2022,4,20,jSO,15,3087024229745710110,15000,15000,868.1367174484554,68.13671744845544,68.13671744845544,0.15394850799930282
E1_cec2022_paper_budget,cec2022,4,20,jSO,16,1556503372827178367,15000,15000,860.0760221646531,60.07602216465307,60.07602216465307,0.15565184300066903
E1_cec2022_paper_budget,cec2022,4,20,jSO,17,4386789411440156873,15000,15000,877.5262171287305,77.52621712873054,77.52621712873054,0.15063102601561695
E1_cec2022_paper_budget,cec2022,4,20,jSO,18,2957874675659137643,15000,15000,885.6575678911568,85.65756789115676,85.65756789115676,0.15045314200688154
E1_cec2022_paper_budget,cec2022,4,20,jSO,19,1454354924487938385,15000,15000,862.346569295664,62.34656929566404,62.34656929566404,0.1530149070022162
E1_cec2022_paper_budget,cec2022,4,20,jSO,20,5749323847526332306,15000,15000,880.0428668404469,80.04286684044689,80.04286684044689,0.1509917019866407
E1_cec2022_paper_budget,cec2022,4,20,jSO,21,1012184941212075470,15000,15000,866.0099669026472,66.0099669026472,66.0099669026472,0.14914884601603262
E1_cec2022_paper_budget,cec2022,4,20,jSO,22,158230646242370646,15000,15000,887.5118426997733,87.5118426997733,87.5118426997733,0.14943298799335025
E1_cec2022_paper_budget,cec2022,4,20,jSO,23,8676824936967315140,15000,15000,854.2542281283502,54.25422812835018,54.25422812835018,0.15323026099940762
E1_cec2022_paper_budget,cec2022,4,20,jSO,24,8342751487957047839,15000,15000,882.6691750612506,82.6691750612506,82.6691750612506,0.14996605800115503
E1_cec2022_paper_budget,cec2022,4,20,jSO,25,2090819085215855724,15000,15000,872.4631276893514,72.46312768935138,72.46312768935138,0.15516815599403344
E1_cec2022_paper_budget,cec2022,4,20,jSO,26,1285756244946173278,15000,15000,904.0071491704261,104.00714917042615,104.00714917042615,0.15028374397661537
E1_cec2022_paper_budget,cec2022,4,20,jSO,27,8065300562575041855,15000,15000,889.9153162632897,89.9153162632897,89.9153162632897,0.1529499749885872
E1_cec2022_paper_budget,cec2022,4,20,jSO,28,5188428904131338918,15000,15000,878.322607332835,78.32260733283499,78.32260733283499,0.15434570299112238
E1_cec2022_paper_budget,cec2022,4,20,jSO,29,7717413992172999862,15000,15000,867.8692375442154,67.86923754421537,67.86923754421537,0.15466294798534364
E1_cec2022_paper_budget,cec2022,5,20,LSHADE,0,3214835442684825561,15000,15000,901.2163574816284,1.2163574816283926,1.2163574816283926,0.10209466001833789
E1_cec2022_paper_budget,cec2022,5,20,LSHADE,1,6662041977320402649,15000,15000,900.9949385712293,0.9949385712293406,0.9949385712293406,0.10226792501634918
E1_cec2022_paper_budget,cec2022,5,20,LSHADE,2,3936573224676354236,15000,15000,900.7581029536815,0.7581029536814867,0.7581029536814867,0.1124546509818174
E1_cec2022_paper_budget,cec2022,5,20,LSHADE,3,524851807433694782,15000,15000,900.2696389095886,0.2696389095885934,0.2696389095885934,0.10756943799788132
E1_cec2022_paper_budget,cec2022,5,20,LSHADE,4,1301634914157955408,15000,15000,900.4139346151611,0.41393461516111074,0.41393461516111074,0.10168602300109342
E1_cec2022_paper_budget,cec2022,5,20,LSHADE,5,7103953227466647181,15000,15000,904.9565592320749,4.956559232074937,4.956559232074937,0.09915136999916285
E1_cec2022_paper_budget,cec2022,5,20,LSHADE,6,8475640000951034914,15000,15000,900.170562437966,0.17056243796605486,0.17056243796605486,0.09679502999642864
E1_cec2022_paper_budget,cec2022,5,20,LSHADE,7,7621478864749625681,15000,15000,901.6515037845808,1.6515037845807683,1.6515037845807683,0.09783801599405706
E1_cec2022_paper_budget,cec2022,5,20,LSHADE,8,7126310348965526122,15000,15000,900.7925727909932,0.7925727909931766,0.7925727909931766,0.0999869969964493
E1_cec2022_paper_budget,cec2022,5,20,LSHADE,9,5237713002771400324,15000,15000,900.1718595825466,0.17185958254663092,0.17185958254663092,0.10479682800360024
E1_cec2022_paper_budget,cec2022,5,20,LSHADE,10,8567587230215624998,15000,15000,901.6660699187757,1.6660699187757473,1.6660699187757473,0.09854507198906504
E1_cec2022_paper_budget,cec2022,5,20,LSHADE,11,768283161018928162,15000,15000,900.2977027020479,0.29770270204789995,0.29770270204789995,0.0970049339812249
E1_cec2022_paper_budget,cec2022,5,20,LSHADE,12,8967509923818221395,15000,15000,900.4405204321051,0.4405204321051315,0.4405204321051315,0.09916203000466339
E1_cec2022_paper_budget,cec2022,5,20,LSHADE,13,3099250007472789883,15000,15000,901.3066055256165,1.3066055256165328,1.3066055256165328,0.09642986499238759
E1_cec2022_paper_budget,cec2022,5,20,LSHADE,14,6386369396820420560,15000,15000,900.7863451210545,0.7863451210545236,0.7863451210545236,0.0908771000104025
E1_cec2022_paper_budget,cec2022,5,20,LSHADE,15,5564517687919456022,15000,15000,901.4242402405692,1.4242402405692474,1.4242402405692474,0.09167616898776032
E1_cec2022_paper_budget,cec2022,5,20,LSHADE,16,8685846423271539397,15000,15000,901.8720298851349,1.872029885134907,1.872029885134907,0.09352350400877185
E1_cec2022_paper_budget,cec2022,5,20,LSHADE,17,1499871147522165452,15000,15000,900.8646507094109,0.8646507094108529,0.8646507094108529,0.09711974998936057
E1_cec2022_paper_budget,cec2022,5,20,LSHADE,18,4074702912386688050,15000,15000,900.2185060736808,0.2185060736808282,0.2185060736808282,0.09316127499914728
E1_cec2022_paper_budget,cec2022,5,20,LSHADE,19,1973550718517189914,15000,15000,901.2350455805984,1.235045580598353,1.235045580598353,0.09558754597674124
E1_cec2022_paper_budget,cec2022,5,20,LSHADE,20,9133161918416699653,15000,15000,900.8248803811883,0.8248803811883363,0.8248803811883363,0.09157654200680554
E1_cec2022_paper_budget,cec2022,5,20,LSHADE,21,4716349173469178317,15000,15000,903.6215030733952,3.6215030733951608,3.6215030733951608,0.0986428459873423
E1_cec2022_paper_budget,cec2022,5,20,LSHADE,22,3507367185068270947,15000,15000,900.7726424828187,0.7726424828186964,0.7726424828186964,0.09663985899533145
E1_cec2022_paper_budget,cec2022,5,20,LSHADE,23,4602393538734171587,15000,15000,901.3938371629832,1.3938371629832318,1.3938371629832318,0.10031098499894142
E1_cec2022_paper_budget,cec2022,5,20,LSHADE,24,1045903213539190998,15000,15000,900.8048482248507,0.8048482248507298,0.8048482248507298,0.11021824699128047
E1_cec2022_paper_budget,cec2022,5,20,LSHADE,25,4381018314012667043,15000,15000,900.2701850719486,0.2701850719486174,0.2701850719486174,0.12090956000611186
E1_cec2022_paper_budget,cec2022,5,20,LSHADE,26,5306629920384142484,15000,15000,900.879927323547,0.8799273235470082,0.8799273235470082,0.09761713197804056
E1_cec2022_paper_budget,cec2022,5,20,LSHADE,27,7800057227865730226,15000,15000,900.7054721124525,0.7054721124525258,0.7054721124525258,0.10030042499420233
E1_cec2022_paper_budget,cec2022,5,20,LSHADE,28,4931935533956243902,15000,15000,900.5634080175538,0.5634080175537974,0.5634080175537974,0.09919186600018293
E1_cec2022_paper_budget,cec2022,5,20,LSHADE,29,1730158061973039446,15000,15000,900.8926357645336,0.8926357645335656,0.8926357645335656,0.0994842840009369
E1_cec2022_paper_budget,cec2022,9,10,HHO,0,8748718562393144401,15000,15000,2596.8182950319742,296.81829503197423,296.81829503197423,0.4961157520010602
E1_cec2022_paper_budget,cec2022,9,10,HHO,1,6879764176569834681,15000,15000,2544.989510681791,244.98951068179122,244.98951068179122,0.500132304005092
E1_cec2022_paper_budget,cec2022,9,10,HHO,2,2010886364467935718,15000,15000,2532.5888023533266,232.58880235332663,232.58880235332663,0.5004297230043449
E1_cec2022_paper_budget,cec2022,9,10,HHO,3,8499708690403634886,15000,15000,2573.1138364310045,273.11383643100453,273.11383643100453,0.49999262299388647
E1_cec2022_paper_budget,cec2022,9,10,HHO,4,7221403248549024135,15000,15000,2559.453106768978,259.45310676897816,259.45310676897816,0.49981668300461024
E1_cec2022_paper_budget,cec2022,9,10,HHO,5,4106453959707262489,15000,15000,2595.4899042822085,295.4899042822085,295.4899042822085,0.4963303339900449
E1_cec2022_paper_budget,cec2022,9,10,HHO,6,5742138027529739718,15000,15000,2627.9649229079428,327.96492290794276,327.96492290794276,0.497061975998804
E1_cec2022_paper_budget,cec2022,9,10,HHO,7,7938765861582370089,15000,15000,2640.732397341041,340.7323973410412,340.7323973410412,0.5003592910070438
E1_cec2022_paper_budget,cec2022,9,10,HHO,8,60783848671805778,15000,15000,2621.1715822125625,321.1715822125625,321.1715822125625,0.5006345160072669
E1_cec2022_paper_budget,cec2022,9,10,HHO,9,4008823227374740423,15000,15000,2533.2623878072473,233.26238780724725,233.26238780724725,0.5264152110030409
E1_cec2022_paper_budget,cec2022,9,10,HHO,10,9114192172323393870,15000,15000,2623.576650671333,323.576650671333,323.576650671333,0.5588913640240207
E1_cec2022_paper_budget,cec2022,9,10,HHO,11,3043285161112339557,15000,15000,2549.045534475977,249.0455344759771,249.0455344759771,0.5711365409952123
E1_cec2022_paper_budget,cec2022,9,10,HHO,12,4383394306169044243,15000,15000,2681.298119778472,381.298119778472,381.298119778472,0.5777744420047384
E1_cec2022_paper_budget,cec2022,9,10,HHO,13,305047201901289038,15000,15000,2619.247743410657,319.2477434106572,319.2477434106572,0.5630267699889373
E1_cec2022_paper_budget,cec2022,9,10,HHO,14,2730657315857443171,15000,15000,2676.4813696156048,376.48136961560476,376.48136961560476,0.5687886069936212
E1_cec2022_paper_budget,cec2022,9,10,HHO,15,8418098420751991810,15000,15000,2582.1091255418237,282.1091255418237,282.1091255418237,0.5722243619966321
E1_cec2022_paper_budget,cec2022,9,10,HHO,16,1785300025384511710,15000,15000,2530.6249977711223,230.62499777112225,230.62499777112225,0.5674197400221601
E1_cec2022_paper_budget,cec2022,9,10,HHO,17,785248579647410461,15000,15000,2571.425181296907,271.4251812969069,271.4251812969069,0.5582323780108709
E1_cec2022_paper_budget,cec2022,9,10,HHO,18,5966091077961960057,15000,15000,2612.084992473312,312.084992473312,312.084992473312,0.5708740589907393
E1_cec2022_paper_budget,cec2022,9,10,HHO,19,8248724681273442684,15000,15000,2595.5813432436044,295.58134324360435,295.58134324360435,0.5648497600050177
E1_cec2022_paper_budget,cec2022,9,10,HHO,20,2007855658510045881,15000,15000,2566.588647946489,266.5886479464889,266.5886479464889,0.5579705370182637
E1_cec2022_paper_budget,cec2022,9,10,HHO,21,5239258507603954672,15000,15000,2639.5511315901,339.5511315900999,339.5511315900999,0.5619736849912442
E1_cec2022_paper_budget,cec2022,9,10,HHO,22,3789398812493508238,15000,15000,2608.264532333182,308.26453233318216,308.26453233318216,0.5973877380019985
E1_cec2022_paper_budget,cec2022,9,10,HHO,23,1923764243655555679,15000,15000,2589.0246209552333,289.02462095523333,289.02462095523333,0.6213647999975365
E1_cec2022_paper_budget,cec2022,9,10,HHO,24,8803354146001705964,15000,15000,2636.8519426740772,336.85194267407724,336.85194267407724,0.6170762259862386
E1_cec2022_paper_budget,cec2022,9,10,HHO,25,1259331718043469714,15000,15000,2589.8176818711813,289.8176818711813,289.8176818711813,0.6029562219919171
E1_cec2022_paper_budget,cec2022,9,10,HHO,26,5709127986170298453,15000,15000,2557.339136857348,257.33913685734797,257.33913685734797,0.6184046579874121
E1_cec2022_paper_budget,cec2022,9,10,HHO,27,2346221026775538398,15000,15000,2623.786733185403,323.78673318540314,323.78673318540314,0.6195539629843552
E1_cec2022_paper_budget,cec2022,9,10,HHO,28,7258646143056829462,15000,15000,2641.0485668340634,341.0485668340634,341.0485668340634,0.6289495459932368
E1_cec2022_paper_budget,cec2022,9,10,HHO,29,8322996887862961397,15000,15000,2606.655129201209,306.6551292012091,306.6551292012091,0.6113805040076841
E1_cec2022_paper_budget,cec2022,6,20,DE,0,3302980817341218353,15000,15000,671996.7644711214,670196.7644711214,670196.7644711214,0.08085577399469912
E1_cec2022_paper_budget,cec2022,6,20,DE,1,1838992183230550272,15000,15000,1090579.4683083284,1088779.4683083284,1088779.4683083284,0.08082727098371834
E1_cec2022_paper_budget,cec2022,6,20,DE,2,5035558957225382252,15000,15000,1258503.663311267,1256703.663311267,1256703.663311267,0.07714862099965103
E1_cec2022_paper_budget,cec2022,6,20,DE,3,6581598283382538778,15000,15000,2161110.3324907683,2159310.3324907683,2159310.3324907683,0.08126379002351314
E1_cec2022_paper_budget,cec2022,6,20,DE,4,2921171787547063283,15000,15000,803441.8850903683,801641.8850903683,801641.8850903683,0.07642989300074987
E1_cec2022_paper_budget,cec2022,6,20,DE,5,3036241706943477467,15000,15000,1080142.513433643,1078342.513433643,1078342.513433643,0.08005341998068616
E1_cec2022_paper_budget,cec2022,6,20,DE,6,3738646780698061543,15000,15000,352570.0984845483,350770.0984845483,350770.0984845483,0.07689820197992958
E1_cec2022_paper_budget,cec2022,6,20,DE,7,5638161840484821972,15000,15000,775851.6060507774,774051.6060507774,774051.6060507774,0.08055899801547639
E1_cec2022_paper_budget,cec2022,6,20,DE,8,4563889633025544908,15000,15000,404023.8901993384,402223.8901993384,402223.8901993384,0.0787747610011138
E1_cec2022_paper_budget,cec2022,6,20,DE,9,3202410158393004870,15000,15000,304674.5479389112,302874.5479389112,302874.5479389112,0.07914346299367025
E1_cec2022_paper_budget,cec2022,6,20,DE,10,3029287519173805882,15000,15000,428902.0534397923,427102.0534397923,427102.0534397923,0.08061354001984
E1_cec2022_paper_budget,cec2022,6,20,DE,11,6322946967443997949,15000,15000,699446.4590826334,697646.4590826334,697646.4590826334,0.07920380600262433
E1_cec2022_paper_budget,cec2022,6,20,DE,12,2090572800595830617,15000,15000,2175469.3578231493,2173669.3578231493,2173669.3578231493,0.08155916299438104
E1_cec2022_paper_budget,cec2022,6,20,DE,13,4003747388320774340,15000,15000,485094.80253768514,483294.80253768514,483294.80253768514,0.07652217600843869
E1_cec2022_paper_budget,cec2022,6,20,DE,14,1638925881904263733,15000,15000,962438.0092440578,960638.0092440578,960638.0092440578,0.08248916798038408
E1_cec2022_paper_budget,cec2022,6,20,DE,15,3728434294612353163,15000,15000,287817.38048847736,286017.38048847736,286017.38048847736,0.08104880602331832
E1_cec2022_paper_budget,cec2022,6,20,DE,16,4171515667758334218,15000,15000,571501.3472239388,569701.3472239388,569701.3472239388,0.08101667600567453
E1_cec2022_paper_budget,cec2022,6,20,DE,17,8303706324601925575,15000,15000,553720.8949722081,551920.8949722081,551920.8949722081,0.08105778298340738
E1_cec2022_paper_budget,cec2022,6,20,DE,18,1760038413194892070,15000,15000,388818.32292289764,387018.32292289764,387018.32292289764,0.08072584099136293
E1_cec2022_paper_budget,cec2022,6,20,DE,19,3054340606149893653,15000,15000,538343.6343728547,536543.6343728547,536543.6343728547,0.08120971801690757
E1_cec2022_paper_budget,cec2022,6,20,DE,20,9078768448893879657,15000,15000,596538.4122708648,594738.4122708648,594738.4122708648,0.0865571979957167
E1_cec2022_paper_budget,cec2022,6,20,DE,21,5127074234663082682,15000,15000,127859.87967666084,126059.87967666084,126059.87967666084,0.07876526398467831
E1_cec2022_paper_budget,cec2022,6,20,DE,22,4657531473395591846,15000,15000,428293.6056882264,426493.6056882264,426493.6056882264,0.08130970600177534
E1_cec2022_paper_budget,cec2022,6,20,DE,23,5506997021697598562,15000,15000,1096499.4101758292,1094699.4101758292,1094699.4101758292,0.08023028101888485
E1_cec2022_paper_budget,cec2022,6,20,DE,24,6187008808368569308,15000,15000,203724.4006532428,201924.4006532428,201924.4006532428,0.08031271601794288
E1_cec2022_paper_budget,cec2022,6,20,DE,25,7038456997952554103,15000,15000,1159848.0323144754,1158048.0323144754,1158048.0323144754,0.07993500799057074
E1_cec2022_paper_budget,cec2022,6,20,DE,26,5256812301034081192,15000,15000,800608.0861534027,798808.0861534027,798808.0861534027,0.07818268099799752
E1_cec2022_paper_budget,cec2022,6,20,DE,27,5309204505614494719,15000,15000,1241950.1296071897,1240150.1296071897,1240150.1296071897,0.07937325400416739
E1_cec2022_paper_budget,cec2022,6,20,DE,28,3286645548846766379,15000,15000,289097.0286447953,287297.0286447953,287297.0286447953,0.07930150901665911
E1_cec2022_paper_budget,cec2022,6,20,DE,29,5189913894050469983,15000,15000,206285.44981789726,204485.44981789726,204485.44981789726,0.07936901599168777
E1_cec2022_paper_budget,cec2022,5,20,jSO,0,4364268688698086706,15000,15000,900.5687461404943,0.5687461404943406,0.5687461404943406,0.11467131899553351
E1_cec2022_paper_budget,cec2022,5,20,jSO,1,4110209421887689860,15000,15000,900.0983880898364,0.09838808983636227,0.09838808983636227,0.10390307198395021
E1_cec2022_paper_budget,cec2022,5,20,jSO,2,8681997596571849609,15000,15000,900.1435405087775,0.14354050877750524,0.14354050877750524,0.134604766004486
E1_cec2022_paper_budget,cec2022,5,20,jSO,3,8655025379531974283,15000,15000,900.1918377785627,0.1918377785626717,0.1918377785626717,0.14747586799785495
E1_cec2022_paper_budget,cec2022,5,20,jSO,4,3969367913048756590,15000,15000,900.0984645680566,0.09846456805655635,0.09846456805655635,0.1524832799914293
E1_cec2022_paper_budget,cec2022,5,20,jSO,5,6981807115142843776,15000,15000,900.0016066520116,0.0016066520115600724,0.0016066520115600724,0.1513920729921665
E1_cec2022_paper_budget,cec2022,5,20,jSO,6,7657271752792186320,15000,15000,900.1913969337827,0.1913969337826984,0.1913969337826984,0.15214794999337755
E1_cec2022_paper_budget,cec2022,5,20,jSO,7,7728531402064511578,15000,15000,900.0138320866724,0.013832086672437072,0.013832086672437072,0.15313285801676102
E1_cec2022_paper_budget,cec2022,5,20,jSO,8,3093435969071520831,15000,15000,900.1426477559907,0.1426477559906516,0.1426477559906516,0.13830331398639828
E1_cec2022_paper_budget,cec2022,5,20,jSO,9,8590454284805744678,15000,15000,900.0916044345902,0.09160443459018097,0.09160443459018097,0.10154465798404999
E1_cec2022_paper_budget,cec2022,5,20,jSO,10,4937768322131985388,15000,15000,900.0039710450039,0.003971045003936524,0.003971045003936524,0.12187851697672158
E1_cec2022_paper_budget,cec2022,5,20,jSO,11,6647231809264865875,15000,15000,900.0956478748242,0.09564787482418069,0.09564787482418069,0.14575642300769687
E1_cec2022_paper_budget,cec2022,5,20,jSO,12,529481807447792445,15000,15000,900.0049478352847,0.004947835284724533,0.004947835284724533,0.14665885499562137
E1_cec2022_paper_budget,cec2022,5,20,jSO,13,93386228645228121,15000,15000,900.1388053672205,0.13880536722047054,0.13880536722047054,0.1471748930052854
E1_cec2022_paper_budget,cec2022,5,20,jSO,14,4700493960475448465,15000,15000,900.0914634224844,0.09146342248436667,0.09146342248436667,0.09922438598005101
E1_cec2022_paper_budget,cec2022,5,20,jSO,15,7381570948620065842,15000,15000,900.1186033133959,0.11860331339585173,0.11860331339585173,0.12331168499076739
E1_cec2022_paper_budget,cec2022,5,20,jSO,16,3357807071434664614,15000,15000,900.10149822929,0.1014982292899731,0.1014982292899731,0.13172609699540772
E1_cec2022_paper_budget,cec2022,5,20,jSO,17,1083183012231260953,15000,15000,900.0061253270428,0.0061253270428096585,0.0061253270428096585,0.10426122398348525
E1_cec2022_paper_budget,cec2022,5,20,jSO,18,3681951787645341390,15000,15000,900.2136194025386,0.21361940253859757,0.21361940253859757,0.09930129098938778
E1_cec2022_paper_budget,cec2022,5,20,jSO,19,5289044819987549444,15000,15000,900.0061324316321,0.006132431632067892,0.006132431632067892,0.10946912199142389
E1_cec2022_paper_budget,cec2022,5,20,jSO,20,5449759025628004601,15000,15000,900.0047026935205,0.004702693520471257,0.004702693520471257,0.10279038498993032
E1_cec2022_paper_budget,cec2022,5,20,jSO,21,3210202864869789737,15000,15000,900.0126848662928,0.01268486629282961,0.01268486629282961,0.09998626497690566
E1_cec2022_paper_budget,cec2022,5,20,jSO,22,3373230669624422860,15000,15000,900.0948850914294,0.09488509142943258,0.09488509142943258,0.09922812299919315
E1_cec2022_paper_budget,cec2022,5,20,jSO,23,8980711256267168963,15000,15000,900.0923653041856,0.09236530418559141,0.09236530418559141,0.0952202359912917
E1_cec2022_paper_budget,cec2022,5,20,jSO,24,4816791681175261728,15000,15000,900.0038301010381,0.0038301010381474043,0.0038301010381474043,0.10428193199913949
E1_cec2022_paper_budget,cec2022,5,20,jSO,25,8547900022769823077,15000,15000,900.0377234149197,0.03772341491969655,0.03772341491969655,0.10920387398800813
E1_cec2022_paper_budget,cec2022,5,20,jSO,26,7375376947429523685,15000,15000,900.0053571496252,0.0053571496251834105,0.0053571496251834105,0.11572899299790151
E1_cec2022_paper_budget,cec2022,5,20,jSO,27,4339841470316622637,15000,15000,900.0414386179441,0.04143861794409531,0.04143861794409531,0.10685275399009697
E1_cec2022_paper_budget,cec2022,5,20,jSO,28,205697103399086419,15000,15000,901.1813782586521,1.1813782586521029,1.1813782586521029,0.10699919000035152
E1_cec2022_paper_budget,cec2022,5,20,jSO,29,2680153988634677991,15000,15000,900.1007926199568,0.1007926199567919,0.1007926199567919,0.10458703499170952
E1_cec2022_paper_budget,cec2022,10,10,HHO,0,1473914564663555812,15000,15000,2651.8670405466823,251.86704054668235,251.86704054668235,0.4051216820080299
E1_cec2022_paper_budget,cec2022,10,10,HHO,1,5184833235290137392,15000,15000,2661.0349077430633,261.0349077430633,261.0349077430633,0.37708004598971456
E1_cec2022_paper_budget,cec2022,10,10,HHO,2,8218156583537343107,15000,15000,2500.966447958931,100.96644795893098,100.96644795893098,0.38871215301332995
E1_cec2022_paper_budget,cec2022,10,10,HHO,3,5845323873604901213,15000,15000,2501.5520983118217,101.55209831182174,101.55209831182174,0.37560001100064255
E1_cec2022_paper_budget,cec2022,10,10,HHO,4,561996131362562052,15000,15000,2641.8157904197005,241.81579041970053,241.81579041970053,0.3703934249933809
E1_cec2022_paper_budget,cec2022,10,10,HHO,5,1209416571409806592,15000,15000,2500.954107530585,100.95410753058513,100.95410753058513,0.5852740379923489
E1_cec2022_paper_budget,cec2022,10,10,HHO,6,3166249705223031131,15000,15000,3309.7528447762684,909.7528447762684,909.7528447762684,0.6650519510149024
E1_cec2022_paper_budget,cec2022,10,10,HHO,7,5275837729197151531,15000,15000,2501.1147336208605,101.11473362086053,101.11473362086053,0.6559617610182613
E1_cec2022_paper_budget,cec2022,10,10,HHO,8,7316530632531867477,15000,15000,2501.866298105565,101.86629810556497,101.86629810556497,0.6512417579942849
E1_cec2022_paper_budget,cec2022,10,10,HHO,9,460358372556606383,15000,15000,2501.600446425132,101.60044642513185,101.60044642513185,0.6569205790001433
E1_cec2022_paper_budget,cec2022,10,10,HHO,10,4056885312408803120,15000,15000,2651.4868131515373,251.48681315153726,251.48681315153726,0.6551238489919342
E1_cec2022_paper_budget,cec2022,10,10,HHO,11,9153992064500416974,15000,15000,2500.871833360897,100.8718333608972,100.8718333608972,0.6531738619960379
E1_cec2022_paper_budget,cec2022,10,10,HHO,12,5580561814239537235,15000,15000,2502.7776865475616,102.77768654756164,102.77768654756164,0.635686261986848
E1_cec2022_paper_budget,cec2022,10,10,HHO,13,515124798272421630,15000,15000,2648.8769720296314,248.87697202963136,248.87697202963136,0.6135928230069112
E1_cec2022_paper_budget,cec2022,10,10,HHO,14,164590290060666391,15000,15000,2501.972714905466,101.97271490546609,101.97271490546609,0.6144470250001177
E1_cec2022_paper_budget,cec2022,10,10,HHO,15,6065575798982039872,15000,15000,2645.6319095976387,245.6319095976387,245.6319095976387,0.6082704199943691
E1_cec2022_paper_budget,cec2022,10,10,HHO,16,7113229493466670667,15000,15000,2500.572893040558,100.57289304055803,100.57289304055803,0.6141004950040951
E1_cec2022_paper_budget,cec2022,10,10,HHO,17,7988281641719975801,15000,15000,2501.4062707452854,101.40627074528538,101.40627074528538,0.610458793991711
E1_cec2022_paper_budget,cec2022,10,10,HHO,18,1086627395860479163,15000,15000,2501.150454600649,101.15045460064903,101.15045460064903,0.6012026040116325
E1_cec2022_paper_budget,cec2022,10,10,HHO,19,3162695026688959338,15000,15000,2645.8463466357143,245.84634663571433,245.84634663571433,0.37499238998861983
E1_cec2022_paper_budget,cec2022,10,10,HHO,20,2765524612065623211,15000,15000,2622.4415526224107,222.44155262241065,222.44155262241065,0.39678405298036523
E1_cec2022_paper_budget,cec2022,10,10,HHO,21,5164819484152852160,15000,15000,2684.8137005632843,284.8137005632843,284.8137005632843,0.3861120069923345
E1_cec2022_paper_budget,cec2022,10,10,HHO,22,82253292873454460,15000,15000,2647.0139374015966,247.01393740159665,247.01393740159665,0.6088679310050793
E1_cec2022_paper_budget,cec2022,10,10,HHO,23,4356395800442561573,15000,15000,2664.822564394718,264.82256439471803,264.82256439471803,0.5424151810002513
E1_cec2022_paper_budget,cec2022,10,10,HHO,24,1137821662475074956,15000,15000,3028.398211230471,628.3982112304711,628.3982112304711,0.3925488700042479
E1_cec2022_paper_budget,cec2022,10,10,HHO,25,5606569243943504935,15000,15000,2501.263781844372,101.2637818443718,101.2637818443718,0.3578915459802374
E1_cec2022_paper_budget,cec2022,10,10,HHO,26,1176320152188499312,15000,15000,2501.4605552919734,101.46055529197338,101.46055529197338,0.36862740298965946
E1_cec2022_paper_budget,cec2022,10,10,HHO,27,7355786115410104700,15000,15000,2626.991215082727,226.9912150827272,226.9912150827272,0.4058658769936301
E1_cec2022_paper_budget,cec2022,10,10,HHO,28,1341884083515302687,15000,15000,2501.980794014411,101.980794014411,101.980794014411,0.45060025199200027
E1_cec2022_paper_budget,cec2022,10,10,HHO,29,4626219691241489713,15000,15000,2501.629285758229,101.62928575822889,101.62928575822889,0.45446219498990104
E1_cec2022_paper_budget,cec2022,4,10,SEHHO-COBL,0,77388965299947078,15000,15000,804.3613150629236,4.361315062923609,4.361315062923609,0.7464481069764588
E1_cec2022_paper_budget,cec2022,4,10,SEHHO-COBL,1,8577500990714882069,15000,15000,816.2071017264576,16.20710172645761,16.20710172645761,0.7877284540154506
E1_cec2022_paper_budget,cec2022,4,10,SEHHO-COBL,2,1103076222385852315,15000,15000,806.388658597724,6.388658597723975,6.388658597723975,0.7986849940207321
E1_cec2022_paper_budget,cec2022,4,10,SEHHO-COBL,3,3376219585269324119,15000,15000,805.1359981254026,5.13599812540258,5.13599812540258,0.7903491590113845
E1_cec2022_paper_budget,cec2022,4,10,SEHHO-COBL,4,2137476846385850512,15000,15000,807.125151036844,7.125151036844045,7.125151036844045,0.7531548870028928
E1_cec2022_paper_budget,cec2022,4,10,SEHHO-COBL,5,4494380406089297199,15000,15000,808.0335520096608,8.033552009660752,8.033552009660752,0.7454630410065874
E1_cec2022_paper_budget,cec2022,4,10,SEHHO-COBL,6,4982591001297586524,15000,15000,810.2596209440613,10.25962094406134,10.25962094406134,0.7529657220002264
E1_cec2022_paper_budget,cec2022,4,10,SEHHO-COBL,7,6203506708290175055,15000,15000,804.3524057616479,4.352405761647901,4.352405761647901,0.7520140680135228
E1_cec2022_paper_budget,cec2022,4,10,SEHHO-COBL,8,4826159470121216078,15000,15000,805.1278719065291,5.127871906529094,5.127871906529094,0.7494266039866488
E1_cec2022_paper_budget,cec2022,4,10,SEHHO-COBL,9,5320942849731016564,15000,15000,807.4627151713373,7.462715171337322,7.462715171337322,0.7029282310104463
E1_cec2022_paper_budget,cec2022,4,10,SEHHO-COBL,10,8270500527740604540,15000,15000,809.5241013709189,9.524101370918856,9.524101370918856,0.7004027539805975
E1_cec2022_paper_budget,cec2022,4,10,SEHHO-COBL,11,5622702718225320348,15000,15000,807.3364236604307,7.3364236604306825,7.3364236604306825,0.7095033740042709
E1_cec2022_paper_budget,cec2022,4,10,SEHHO-COBL,12,3619833117903926714,15000,15000,812.0130608494923,12.013060849492263,12.013060849492263,0.7041428789962083
E1_cec2022_paper_budget,cec2022,4,10,SEHHO-COBL,13,4845640570184800232,15000,15000,806.0720332911151,6.072033291115076,6.072033291115076,0.6914707219984848
E1_cec2022_paper_budget,cec2022,4,10,SEHHO-COBL,14,1969613626072239320,15000,15000,807.1673486823887,7.167348682388706,7.167348682388706,0.7417935179837514
E1_cec2022_paper_budget,cec2022,4,10,SEHHO-COBL,15,5814349418117140578,15000,15000,808.7126123435389,8.712612343538922,8.712612343538922,0.4591802950017154
E1_cec2022_paper_budget,cec2022,4,10,SEHHO-COBL,16,7528938298027218724,15000,15000,805.0022748374505,5.0022748374505,5.0022748374505,0.45312754198675975
E1_cec2022_paper_budget,cec2022,4,10,SEHHO-COBL,17,1013389569441055225,15000,15000,806.1547242343004,6.1547242343003745,6.1547242343003745,0.5337038819852751
E1_cec2022_paper_budget,cec2022,4,10,SEHHO-COBL,18,7275014893132480969,15000,15000,808.2610931215147,8.261093121514705,8.261093121514705,0.5191819540050346
E1_cec2022_paper_budget,cec2022,4,10,SEHHO-COBL,19,134881683927226025,15000,15000,808.8510282468349,8.851028246834858,8.851028246834858,0.5135681350075174
E1_cec2022_paper_budget,cec2022,4,10,SEHHO-COBL,20,663909863751265424,15000,15000,806.7889426221221,6.788942622122136,6.788942622122136,0.6380897790077142
E1_cec2022_paper_budget,cec2022,4,10,SEHHO-COBL,21,1197116949170966320,15000,15000,804.3135612351618,4.313561235161842,4.313561235161842,0.5428519700071774
E1_cec2022_paper_budget,cec2022,4,10,SEHHO-COBL,22,7625935076030770773,15000,15000,807.9785129124068,7.9785129124068135,7.9785129124068135,0.5037101450143382
E1_cec2022_paper_budget,cec2022,4,10,SEHHO-COBL,23,162360919418697971,15000,15000,806.4731642056458,6.473164205645844,6.473164205645844,0.8324230739963241
E1_cec2022_paper_budget,cec2022,4,10,SEHHO-COBL,24,7028368159146581191,15000,15000,803.5049581636948,3.5049581636948233,3.5049581636948233,0.8445668710046448
E1_cec2022_paper_budget,cec2022,4,10,SEHHO-COBL,25,1448164839846118545,15000,15000,810.4177197043628,10.417719704362753,10.417719704362753,0.8640011420066003
E1_cec2022_paper_budget,cec2022,4,10,SEHHO-COBL,26,7332486063763559446,15000,15000,804.7151468689641,4.715146868964098,4.715146868964098,0.770508426008746
E1_cec2022_paper_budget,cec2022,4,10,SEHHO-COBL,27,447958999692289082,15000,15000,806.598738278141,6.598738278141013,6.598738278141013,0.8451684089959599
E1_cec2022_paper_budget,cec2022,4,10,SEHHO-COBL,28,6259942379691451562,15000,15000,807.0532758684316,7.0532758684315695,7.0532758684315695,0.6740908630017657
E1_cec2022_paper_budget,cec2022,4,10,SEHHO-COBL,29,3988594134150368884,15000,15000,810.2554079111223,10.255407911122347,10.255407911122347,0.6462414390116464
E1_cec2022_paper_budget,cec2022,6,20,SHADE,0,1031642798045175084,15000,15000,823581.6346979107,821781.6346979107,821781.6346979107,0.11862329099676572
E1_cec2022_paper_budget,cec2022,6,20,SHADE,1,3636557515038302883,15000,15000,541138.4811862066,539338.4811862066,539338.4811862066,0.11491541698342189
E1_cec2022_paper_budget,cec2022,6,20,SHADE,2,6811136521552218940,15000,15000,698459.5460220182,696659.5460220182,696659.5460220182,0.11569748300826177
E1_cec2022_paper_budget,cec2022,6,20,SHADE,3,6347227950210456137,15000,15000,1251924.2584256467,1250124.2584256467,1250124.2584256467,0.1147328240040224
E1_cec2022_paper_budget,cec2022,6,20,SHADE,4,167552077267986919,15000,15000,649605.2055691412,647805.2055691412,647805.2055691412,0.11361664001015015
E1_cec2022_paper_budget,cec2022,6,20,SHADE,5,2213194883799425277,15000,15000,1370422.9414352663,1368622.9414352663,1368622.9414352663,0.11348481400636956
E1_cec2022_paper_budget,cec2022,6,20,SHADE,6,2470694198576801639,15000,15000,851816.7516322335,850016.7516322335,850016.7516322335,0.11561696301214397
E1_cec2022_paper_budget,cec2022,6,20,SHADE,7,4441285022611821212,15000,15000,904862.9422254123,903062.9422254123,903062.9422254123,0.11337802399066277
E1_cec2022_paper_budget,cec2022,6,20,SHADE,8,2281970664254822791,15000,15000,667139.48201046,665339.48201046,665339.48201046,0.11464617101592012
E1_cec2022_paper_budget,cec2022,6,20,SHADE,9,137001775876267335,15000,15000,1240754.1381253523,1238954.1381253523,1238954.1381253523,0.11359185399487615
E1_cec2022_paper_budget,cec2022,6,20,SHADE,10,7049700359027854735,15000,15000,1571042.8486897526,1569242.8486897526,1569242.8486897526,0.11366131500108168
E1_cec2022_paper_budget,cec2022,6,20,SHADE,11,309026043199003731,15000,15000,1066330.5535421097,1064530.5535421097,1064530.5535421097,0.11417941600666381
E1_cec2022_paper_budget,cec2022,6,20,SHADE,12,7814329648185511854,15000,15000,1107702.6442133791,1105902.6442133791,1105902.6442133791,0.11530946599668823
E1_cec2022_paper_budget,cec2022,6,20,SHADE,13,3585887030636818282,15000,15000,1314323.9510350141,1312523.9510350141,1312523.9510350141,0.11410814299597405
E1_cec2022_paper_budget,cec2022,6,20,SHADE,14,7174529751559106996,15000,15000,312289.20938340615,310489.20938340615,310489.20938340615,0.11407490001874976
E1_cec2022_paper_budget,cec2022,6,20,SHADE,15,6571983316691269,15000,15000,663501.3311821963,661701.3311821963,661701.3311821963,0.11282859300263226
E1_cec2022_paper_budget,cec2022,6,20,SHADE,16,2454049785482483860,15000,15000,528166.7933582405,526366.7933582405,526366.7933582405,0.07730951299890876
E1_cec2022_paper_budget,cec2022,6,20,SHADE,17,5517536419789530111,15000,15000,1665870.7006544673,1664070.7006544673,1664070.7006544673,0.07243161299265921
E1_cec2022_paper_budget,cec2022,6,20,SHADE,18,3362595332392999629,15000,15000,479493.7713217683,477693.7713217683,477693.7713217683,0.0721247180190403
E1_cec2022_paper_budget,cec2022,6,20,SHADE,19,4550268637347779277,15000,15000,347752.9274295456,345952.9274295456,345952.9274295456,0.07125015801284462
E1_cec2022_paper_budget,cec2022,6,20,SHADE,20,7307051456209393472,15000,15000,1242526.032229008,1240726.032229008,1240726.032229008,0.07107203401392326
E1_cec2022_paper_budget,cec2022,6,20,SHADE,21,606329527429499232,15000,15000,1190594.1136396362,1188794.1136396362,1188794.1136396362,0.07237131000147201
E1_cec2022_paper_budget,cec2022,6,20,SHADE,22,8443604128365653331,15000,15000,1115315.706253183,1113515.706253183,1113515.706253183,0.07378923997748643
E1_cec2022_paper_budget,cec2022,6,20,SHADE,23,4160585513834736622,15000,15000,1685469.1320048603,1683669.1320048603,1683669.1320048603,0.0754681290127337
E1_cec2022_paper_budget,cec2022,6,20,SHADE,24,5662854180843015306,15000,15000,969501.931748087,967701.931748087,967701.931748087,0.07384277999517508
E1_cec2022_paper_budget,cec2022,6,20,SHADE,25,1231646520475339366,15000,15000,1996080.9559701877,1994280.9559701877,1994280.9559701877,0.07749731501098722
E1_cec2022_paper_budget,cec2022,6,20,SHADE,26,7990530574686587984,15000,15000,1175534.037037468,1173734.037037468,1173734.037037468,0.1168475610029418
E1_cec2022_paper_budget,cec2022,6,20,SHADE,27,9208799255501486818,15000,15000,819929.7507603836,818129.7507603836,818129.7507603836,0.11142636300064623
E1_cec2022_paper_budget,cec2022,6,20,SHADE,28,3586975031004556582,15000,15000,635863.8495289731,634063.8495289731,634063.8495289731,0.11190934898331761
E1_cec2022_paper_budget,cec2022,6,20,SHADE,29,7646089748920521691,15000,15000,1345245.220342896,1343445.220342896,1343445.220342896,0.11010431300383061
E1_cec2022_paper_budget,cec2022,5,10,SEHHO-COBL,0,81082675005492457,15000,15000,900.0,0.0,0.0,0.9261272570001893
E1_cec2022_paper_budget,cec2022,5,10,SEHHO-COBL,1,7068261990328215099,15000,15000,900.0,0.0,0.0,0.8224520419898909
E1_cec2022_paper_budget,cec2022,5,10,SEHHO-COBL,2,436964181676129093,15000,15000,900.0,0.0,0.0,0.7028173230064567
E1_cec2022_paper_budget,cec2022,5,10,SEHHO-COBL,3,4754021272650181842,15000,15000,900.0,0.0,0.0,0.8180617979960516
E1_cec2022_paper_budget,cec2022,5,10,SEHHO-COBL,4,8195477552647373022,15000,15000,900.0,0.0,0.0,0.8246511459874455
E1_cec2022_paper_budget,cec2022,5,10,SEHHO-COBL,5,4400246003975866274,15000,15000,900.0,0.0,0.0,0.8114390660193749
E1_cec2022_paper_budget,cec2022,5,10,SEHHO-COBL,6,1964788361585485830,15000,15000,900.0,0.0,0.0,0.8067509929824155
E1_cec2022_paper_budget,cec2022,5,10,SEHHO-COBL,7,7020398217446671265,15000,15000,900.0,0.0,0.0,0.8210849270108156
E1_cec2022_paper_budget,cec2022,5,10,SEHHO-COBL,8,1770760326553710520,15000,15000,900.0,0.0,0.0,0.6828954970114864
E1_cec2022_paper_budget,cec2022,5,10,SEHHO-COBL,9,6460879888926115310,15000,15000,900.0,0.0,0.0,0.6607022009848151
E1_cec2022_paper_budget,cec2022,5,10,SEHHO-COBL,10,8244903532210352202,15000,15000,900.4543240185909,0.4543240185909099,0.4543240185909099,0.5056047179969028
E1_cec2022_paper_budget,cec2022,5,10,SEHHO-COBL,11,2326725725310125572,15000,15000,900.0895282504165,0.08952825041649248,0.08952825041649248,0.5169080990017392
E1_cec2022_paper_budget,cec2022,5,10,SEHHO-COBL,12,5025320807404249556,15000,15000,900.0000000000001,0.0,1.1368683772161603e-13,0.5715729700168595
E1_cec2022_paper_budget,cec2022,5,10,SEHHO-COBL,13,4104256412536242261,15000,15000,900.0,0.0,0.0,0.6720423419901635
E1_cec2022_paper_budget,cec2022,5,10,SEHHO-COBL,14,7567356973442215570,15000,15000,900.0,0.0,0.0,0.6121802339912392
E1_cec2022_paper_budget,cec2022,5,10,SEHHO-COBL,15,605990730692457301,15000,15000,900.0,0.0,0.0,0.6220186259888578
E1_cec2022_paper_budget,cec2022,5,10,SEHHO-COBL,16,8941740354220945262,15000,15000,900.0,0.0,0.0,0.5308252119866665
E1_cec2022_paper_budget,cec2022,5,10,SEHHO-COBL,17,4523396199503488737,15000,15000,900.4543240185908,0.4543240185907962,0.4543240185907962,0.5015037469856907
E1_cec2022_paper_budget,cec2022,5,10,SEHHO-COBL,18,1489761312475428944,15000,15000,900.0,0.0,0.0,0.49056351798935793
E1_cec2022_paper_budget,cec2022,5,10,SEHHO-COBL,19,8454770891239968082,15000,15000,900.0,0.0,0.0,0.7673384099907707
E1_cec2022_paper_budget,cec2022,5,10,SEHHO-COBL,20,7732281476206466668,15000,15000,900.0,0.0,0.0,0.8760779229924083
E1_cec2022_paper_budget,cec2022,5,10,SEHHO-COBL,21,8751207311196039560,15000,15000,900.0,0.0,0.0,0.8779283039912116
E1_cec2022_paper_budget,cec2022,5,10,SEHHO-COBL,22,4527937613996293359,15000,15000,900.0,0.0,0.0,0.876600073010195
E1_cec2022_paper_budget,cec2022,5,10,SEHHO-COBL,23,9074744704038558970,15000,15000,900.0,0.0,0.0,0.6642532219993882
E1_cec2022_paper_budget,cec2022,5,10,SEHHO-COBL,24,4190322045416837412,15000,15000,900.0,0.0,0.0,0.5762277799949516
E1_cec2022_paper_budget,cec2022,5,10,SEHHO-COBL,25,5362023608126833357,15000,15000,900.0,0.0,0.0,0.6859400190005545
E1_cec2022_paper_budget,cec2022,5,10,SEHHO-COBL,26,2428912188447934783,15000,15000,900.0,0.0,0.0,0.7737723070022184
E1_cec2022_paper_budget,cec2022,5,10,SEHHO-COBL,27,2448755644657472341,15000,15000,900.0,0.0,0.0,0.8841887459857389
E1_cec2022_paper_budget,cec2022,5,10,SEHHO-COBL,28,2110499611961461957,15000,15000,900.0,0.0,0.0,0.8711849459796213
E1_cec2022_paper_budget,cec2022,5,10,SEHHO-COBL,29,1397119331366099806,15000,15000,900.0,0.0,0.0,0.6176985030178912
E1_cec2022_paper_budget,cec2022,6,20,LSHADE,0,4004882779169676352,15000,15000,2079.1828904007025,279.1828904007025,279.1828904007025,0.08726956401369534
E1_cec2022_paper_budget,cec2022,6,20,LSHADE,1,4944063715116284951,15000,15000,1972.5589753134877,172.55897531348774,172.55897531348774,0.11340628599282354
E1_cec2022_paper_budget,cec2022,6,20,LSHADE,2,2380734270572461753,15000,15000,2745.851640857768,945.851640857768,945.851640857768,0.13377917802426964
E1_cec2022_paper_budget,cec2022,6,20,LSHADE,3,3048202753078588002,15000,15000,2478.9272686520458,678.9272686520458,678.9272686520458,0.13330154202412814
E1_cec2022_paper_budget,cec2022,6,20,LSHADE,4,7944047428200263710,15000,15000,1958.694336157932,158.69433615793196,158.69433615793196,0.13418419699883088
E1_cec2022_paper_budget,cec2022,6,20,LSHADE,5,8636010463466235298,15000,15000,1935.4865837149025,135.4865837149025,135.4865837149025,0.13403407600708306
E1_cec2022_paper_budget,cec2022,6,20,LSHADE,6,1613820454210874805,15000,15000,2127.9242257778496,327.92422577784964,327.92422577784964,0.13413026698981412
E1_cec2022_paper_budget,cec2022,6,20,LSHADE,7,5757268666222181944,15000,15000,2950.747757893543,1150.7477578935432,1150.7477578935432,0.1325566150189843
E1_cec2022_paper_budget,cec2022,6,20,LSHADE,8,7180707350378480000,15000,15000,2691.816223540747,891.8162235407472,891.8162235407472,0.1336152809963096
E1_cec2022_paper_budget,cec2022,6,20,LSHADE,9,1735722849365519549,15000,15000,2159.3293339291986,359.3293339291986,359.3293339291986,0.1309819919988513
E1_cec2022_paper_budget,cec2022,6,20,LSHADE,10,2865781250931817380,15000,15000,2989.8552201338584,1189.8552201338584,1189.8552201338584,0.13155057799303904
E1_cec2022_paper_budget,cec2022,6,20,LSHADE,11,442944271411396576,15000,15000,2550.6064641936096,750.6064641936096,750.6064641936096,0.13198215700685978
E1_cec2022_paper_budget,cec2022,6,20,LSHADE,12,6579781936603772785,15000,15000,2068.2029610311033,268.2029610311033,268.2029610311033,0.13101081500644796
E1_cec2022_paper_budget,cec2022,6,20,LSHADE,13,3197599007515883141,15000,15000,1971.6754121352214,171.67541213522145,171.67541213522145,0.13118818899965845
E1_cec2022_paper_budget,cec2022,6,20,LSHADE,14,1050026698827503432,15000,15000,2612.3050832248487,812.3050832248487,812.3050832248487,0.1296361869899556
E1_cec2022_paper_budget,cec2022,6,20,LSHADE,15,3171387801750130191,15000,15000,2155.5987121112435,355.59871211124346,355.59871211124346,0.1372453990043141
E1_cec2022_paper_budget,cec2022,6,20,LSHADE,16,5166715564449838595,15000,15000,1897.9407310803879,97.94073108038788,97.94073108038788,0.13375531299971044
E1_cec2022_paper_budget,cec2022,6,20,LSHADE,17,4569473497450673043,15000,15000,1948.384939779851,148.38493977985104,148.38493977985104,0.14211989199975505
E1_cec2022_paper_budget,cec2022,6,20,LSHADE,18,2306435189359642837,15000,15000,2636.8448693317987,836.8448693317987,836.8448693317987,0.15087722800672054
E1_cec2022_paper_budget,cec2022,6,20,LSHADE,19,4453209042720302951,15000,15000,1977.3999091472517,177.39990914725172,177.39990914725172,0.1402021749818232
E1_cec2022_paper_budget,cec2022,6,20,LSHADE,20,5334200305974951207,15000,15000,2435.6041583052533,635.6041583052533,635.6041583052533,0.1333786860050168
E1_cec2022_paper_budget,cec2022,6,20,LSHADE,21,8337834436659597144,15000,15000,2056.810662394952,256.81066239495203,256.81066239495203,0.1393565890030004
E1_cec2022_paper_budget,cec2022,6,20,LSHADE,22,7433157721716203234,15000,15000,2037.0829230107724,237.08292301077245,237.08292301077245,0.13718191100633703
E1_cec2022_paper_budget,cec2022,6,20,LSHADE,23,2862495440285903574,15000,15000,2007.1438608095139,207.14386080951385,207.14386080951385,0.13170793300378136
E1_cec2022_paper_budget,cec2022,6,20,LSHADE,24,34086680545964965,15000,15000,2791.5938613862895,991.5938613862895,991.5938613862895,0.14321098802611232
E1_cec2022_paper_budget,cec2022,6,20,LSHADE,25,5701066711770118417,15000,15000,2275.1479873904404,475.14798739044045,475.14798739044045,0.12176566501148045
E1_cec2022_paper_budget,cec2022,6,20,LSHADE,26,6180995105546307514,15000,15000,5076.999604254504,3276.9996042545044,3276.9996042545044,0.11893965399940498
E1_cec2022_paper_budget,cec2022,6,20,LSHADE,27,5348926794307296490,15000,15000,2471.4187083280544,671.4187083280544,671.4187083280544,0.1159831499971915
E1_cec2022_paper_budget,cec2022,6,20,LSHADE,28,4760978160946300216,15000,15000,1968.9975262578907,168.99752625789074,168.99752625789074,0.11569250401225872
E1_cec2022_paper_budget,cec2022,6,20,LSHADE,29,887529856910888392,15000,15000,1948.7485286626315,148.74852866263154,148.74852866263154,0.11510124598862603
E1_cec2022_paper_budget,cec2022,6,20,jSO,0,4900960535001034423,15000,15000,1987.6808740787694,187.68087407876942,187.68087407876942,0.13994327001273632
E1_cec2022_paper_budget,cec2022,6,20,jSO,1,2597398430153819918,15000,15000,1950.8774614562285,150.8774614562285,150.8774614562285,0.13220773098873906
E1_cec2022_paper_budget,cec2022,6,20,jSO,2,7814616306350567664,15000,15000,1899.8790317521973,99.8790317521973,99.8790317521973,0.1307187179918401
E1_cec2022_paper_budget,cec2022,6,20,jSO,3,1310783261007300744,15000,15000,1941.448168600635,141.44816860063497,141.44816860063497,0.1357902500021737
E1_cec2022_paper_budget,cec2022,6,20,jSO,4,1845358409076532051,15000,15000,1893.6218263969474,93.62182639694743,93.62182639694743,0.13507080101408064
E1_cec2022_paper_budget,cec2022,6,20,jSO,5,6925225818560414252,15000,15000,1869.4817784241586,69.48177842415862,69.48177842415862,0.12886678500217386
E1_cec2022_paper_budget,cec2022,6,20,jSO,6,5128790832133500282,15000,15000,1938.166567836613,138.166567836613,138.166567836613,0.13281801500124857
E1_cec2022_paper_budget,cec2022,6,20,jSO,7,4477888729095256766,15000,15000,1980.1796279194741,180.17962791947411,180.17962791947411,0.12200891101383604
E1_cec2022_paper_budget,cec2022,6,20,jSO,8,8204721003742815048,15000,15000,1872.2740309254661,72.27403092546615,72.27403092546615,0.12070891298935749
E1_cec2022_paper_budget,cec2022,6,20,jSO,9,5224258743420973701,15000,15000,1944.0957142342445,144.0957142342445,144.0957142342445,0.12138366801082157
E1_cec2022_paper_budget,cec2022,6,20,jSO,10,3091748574622172308,15000,15000,1890.203774904959,90.20377490495889,90.20377490495889,0.12141425602021627
E1_cec2022_paper_budget,cec2022,6,20,jSO,11,3043184665839906316,15000,15000,1897.6807557562952,97.68075575629518,97.68075575629518,0.11961656401399523
E1_cec2022_paper_budget,cec2022,6,20,jSO,12,140588069360547893,15000,15000,1946.5161705577175,146.5161705577175,146.5161705577175,0.1213626989920158
E1_cec2022_paper_budget,cec2022,6,20,jSO,13,6518909408023437897,15000,15000,1872.2865961300336,72.28659613003356,72.28659613003356,0.12053664098493755
E1_cec2022_paper_budget,cec2022,6,20,jSO,14,9190553144255035355,15000,15000,1885.0744997456109,85.07449974561086,85.07449974561086,0.12151016597636044
E1_cec2022_paper_budget,cec2022,6,20,jSO,15,7690889564689306285,15000,15000,1871.0063104641351,71.00631046413514,71.00631046413514,0.12006657899473794
E1_cec2022_paper_budget,cec2022,6,20,jSO,16,3440943874993861673,15000,15000,2002.672409769218,202.6724097692179,202.6724097692179,0.12056608599959873
E1_cec2022_paper_budget,cec2022,6,20,jSO,17,1742265847363040620,15000,15000,1908.643057058263,108.64305705826291,108.64305705826291,0.12094820302445441
E1_cec2022_paper_budget,cec2022,6,20,jSO,18,3535563565527441868,15000,15000,1926.4192062783507,126.41920627835066,126.41920627835066,0.11924865399487317
E1_cec2022_paper_budget,cec2022,6,20,jSO,19,7562172392676343396,15000,15000,1974.9402044214808,174.94020442148076,174.94020442148076,0.1199977390060667
E1_cec2022_paper_budget,cec2022,6,20,jSO,20,5415751465929799169,15000,15000,1920.213464368272,120.21346436827207,120.21346436827207,0.12052306398982182
E1_cec2022_paper_budget,cec2022,6,20,jSO,21,3950589070946492718,15000,15000,1871.0472064753346,71.04720647533463,71.04720647533463,0.11787280399585143
E1_cec2022_paper_budget,cec2022,6,20,jSO,22,6221007144005943917,15000,15000,1922.153915068104,122.15391506810397,122.15391506810397,0.12081013398710638
E1_cec2022_paper_budget,cec2022,6,20,jSO,23,501280933546021634,15000,15000,1904.8850057016664,104.88500570166639,104.88500570166639,0.11933749099262059
E1_cec2022_paper_budget,cec2022,6,20,jSO,24,3918599856482019376,15000,15000,1931.2892872059667,131.28928720596673,131.28928720596673,0.11944965098518878
E1_cec2022_paper_budget,cec2022,6,20,jSO,25,8920698948619568203,15000,15000,1902.8308966858103,102.83089668581033,102.83089668581033,0.11967647599522024
E1_cec2022_paper_budget,cec2022,6,20,jSO,26,8307251094680630842,15000,15000,1930.5121868989752,130.5121868989752,130.5121868989752,0.11908185100764968
E1_cec2022_paper_budget,cec2022,6,20,jSO,27,7970019826421120557,15000,15000,1935.4267565175696,135.42675651756963,135.42675651756963,0.12191197898937389
E1_cec2022_paper_budget,cec2022,6,20,jSO,28,4900729408346164382,15000,15000,2008.1550074125198,208.1550074125198,208.1550074125198,0.1197345259715803
E1_cec2022_paper_budget,cec2022,6,20,jSO,29,2156416083984527337,15000,15000,2026.9288089092427,226.92880890924266,226.92880890924266,0.12016585501260124
E1_cec2022_paper_budget,cec2022,3,10,SEHHO-COBL,0,5386443678515802190,15000,15000,600.000006914048,6.914047958161973e-06,6.914047958161973e-06,0.9083635990100447
E1_cec2022_paper_budget,cec2022,3,10,SEHHO-COBL,1,7302630554614002459,15000,15000,600.0000042745406,4.2745406290123356e-06,4.2745406290123356e-06,0.9267308790003881
E1_cec2022_paper_budget,cec2022,3,10,SEHHO-COBL,2,3017424157231682386,15000,15000,600.000002684913,2.6849130563277868e-06,2.6849130563277868e-06,0.9030600810074247
E1_cec2022_paper_budget,cec2022,3,10,SEHHO-COBL,3,51417738951366719,15000,15000,600.0001507407172,0.00015074071723120142,0.00015074071723120142,0.7832772460242268
E1_cec2022_paper_budget,cec2022,3,10,SEHHO-COBL,4,5485994037231977330,15000,15000,600.0000237167644,2.3716764417258673e-05,2.3716764417258673e-05,0.6432851839927025
E1_cec2022_paper_budget,cec2022,3,10,SEHHO-COBL,5,1967850248526027438,15000,15000,600.0000076252818,7.625281796208583e-06,7.625281796208583e-06,0.5964483859715983
E1_cec2022_paper_budget,cec2022,3,10,SEHHO-COBL,6,2285749087287065374,15000,15000,600.0000379996765,3.7999676465005905e-05,3.7999676465005905e-05,0.5921938960091211
E1_cec2022_paper_budget,cec2022,3,10,SEHHO-COBL,7,262554707106649878,15000,15000,600.0000000043633,0.0,4.363300831755623e-09,0.6446424600144383
E1_cec2022_paper_budget,cec2022,3,10,SEHHO-COBL,8,6187686341024476513,15000,15000,600.0000136958005,1.3695800475943543e-05,1.3695800475943543e-05,0.6255204739863984
E1_cec2022_paper_budget,cec2022,3,10,SEHHO-COBL,9,927079520622470642,15000,15000,600.0000172919953,1.7291995277446404e-05,1.7291995277446404e-05,0.5843906609807163
E1_cec2022_paper_budget,cec2022,3,10,SEHHO-COBL,10,1657028620372339652,15000,15000,600.0000026160004,2.6160004154007765e-06,2.6160004154007765e-06,0.5980444599990733
E1_cec2022_paper_budget,cec2022,3,10,SEHHO-COBL,11,7355895182558624450,15000,15000,600.0000055941083,5.594108301920642e-06,5.594108301920642e-06,0.5427385879738722
E1_cec2022_paper_budget,cec2022,3,10,SEHHO-COBL,12,1464949772950744846,15000,15000,600.0000000479665,4.796652319782879e-08,4.796652319782879e-08,0.6743964769993909
E1_cec2022_paper_budget,cec2022,3,10,SEHHO-COBL,13,6143649848839135785,15000,15000,600.0000007083074,7.083074251568178e-07,7.083074251568178e-07,0.6079085920064244
E1_cec2022_paper_budget,cec2022,3,10,SEHHO-COBL,14,3862264535094266399,15000,15000,600.0000035040943,3.504094252093637e-06,3.504094252093637e-06,0.6344073819927871
E1_cec2022_paper_budget,cec2022,3,10,SEHHO-COBL,15,3239788746401002241,15000,15000,600.0000018063571,1.8063570905724191e-06,1.8063570905724191e-06,0.6791798690101132
E1_cec2022_paper_budget,cec2022,3,10,SEHHO-COBL,16,7426965701557992879,15000,15000,600.0000138047106,1.3804710647491447e-05,1.3804710647491447e-05,0.5915853449841961
E1_cec2022_paper_budget,cec2022,3,10,SEHHO-COBL,17,1016869421346784501,15000,15000,600.0000004490851,4.490850642469013e-07,4.490850642469013e-07,0.6128203939879313
E1_cec2022_paper_budget,cec2022,3,10,SEHHO-COBL,18,112950479091915183,15000,15000,600.0000010498935,1.0498935125724529e-06,1.0498935125724529e-06,0.8825692879909184
E1_cec2022_paper_budget,cec2022,3,10,SEHHO-COBL,19,7820825644055548620,15000,15000,600.0000010102174,1.0102173746417975e-06,1.0102173746417975e-06,0.8944421279884409
E1_cec2022_paper_budget,cec2022,3,10,SEHHO-COBL,20,6654982521933743485,15000,15000,600.0000027745724,2.7745724082706147e-06,2.7745724082706147e-06,0.8889251399959903
E1_cec2022_paper_budget,cec2022,3,10,SEHHO-COBL,21,4928639921039793973,15000,15000,600.0000053733231,5.3733231197838904e-06,5.3733231197838904e-06,0.8693837980099488
E1_cec2022_paper_budget,cec2022,3,10,SEHHO-COBL,22,6412237058246714845,15000,15000,600.0000000981848,9.818484159040963e-08,9.818484159040963e-08,0.7752718199917581
E1_cec2022_paper_budget,cec2022,3,10,SEHHO-COBL,23,8621133532156878042,15000,15000,600.0000036366142,3.6366142239785404e-06,3.6366142239785404e-06,0.8893895109940786
E1_cec2022_paper_budget,cec2022,3,10,SEHHO-COBL,24,5282610703879793688,15000,15000,600.0000005143511,5.14351086167153e-07,5.14351086167153e-07,0.9186957479978446
E1_cec2022_paper_budget,cec2022,3,10,SEHHO-COBL,25,6791888659504977679,15000,15000,600.0000013115006,1.311500568590418e-06,1.311500568590418e-06,0.9261463620059658
E1_cec2022_paper_budget,cec2022,3,10,SEHHO-COBL,26,6026154741636375363,15000,15000,600.0000012905192,1.2905192079415428e-06,1.2905192079415428e-06,0.9268708009913098
E1_cec2022_paper_budget,cec2022,3,10,SEHHO-COBL,27,6626424154549884728,15000,15000,600.0000089463185,8.946318530433928e-06,8.946318530433928e-06,0.7061145679908805
E1_cec2022_paper_budget,cec2022,3,10,SEHHO-COBL,28,7304729969454478754,15000,15000,600.0000065539963,6.553996286129404e-06,6.553996286129404e-06,0.6652388109941967
E1_cec2022_paper_budget,cec2022,3,10,SEHHO-COBL,29,5219635151131176138,15000,15000,600.0000019595444,1.9595444200604106e-06,1.9595444200604106e-06,0.6128577839990612
E1_cec2022_paper_budget,cec2022,8,10,SEHHO-COBL,0,475066275801472323,15000,15000,2217.9284342544897,17.92843425448973,17.92843425448973,0.7882742079964373
E1_cec2022_paper_budget,cec2022,8,10,SEHHO-COBL,1,2549284671832222197,15000,15000,2216.4328651802716,16.43286518027162,16.43286518027162,0.7456691169936676
E1_cec2022_paper_budget,cec2022,8,10,SEHHO-COBL,2,2681125642031214339,15000,15000,2221.805191345667,21.805191345667026,21.805191345667026,0.747619304980617
E1_cec2022_paper_budget,cec2022,8,10,SEHHO-COBL,3,6962334472732145170,15000,15000,2214.5616451953747,14.561645195374695,14.561645195374695,0.6762387119815685
E1_cec2022_paper_budget,cec2022,8,10,SEHHO-COBL,4,1603561155609482006,15000,15000,2210.9302666156423,10.930266615642267,10.930266615642267,0.5394253340200521
E1_cec2022_paper_budget,cec2022,8,10,SEHHO-COBL,5,5058333144407846373,15000,15000,2205.705915622485,5.7059156224850085,5.7059156224850085,0.6190565309952945
E1_cec2022_paper_budget,cec2022,8,10,SEHHO-COBL,6,7833651279868855526,15000,15000,2205.7487636026763,5.748763602676263,5.748763602676263,0.5630738390027545
E1_cec2022_paper_budget,cec2022,8,10,SEHHO-COBL,7,9049694184200526910,15000,15000,2221.8919368405664,21.89193684056636,21.89193684056636,0.5635545409750193
E1_cec2022_paper_budget,cec2022,8,10,SEHHO-COBL,8,1969045264749436467,15000,15000,2218.47008224644,18.470082246440143,18.470082246440143,0.5486673779960256
E1_cec2022_paper_budget,cec2022,8,10,SEHHO-COBL,9,7948267274583124299,15000,15000,2222.707488661302,22.707488661301795,22.707488661301795,0.5227831789816264
E1_cec2022_paper_budget,cec2022,8,10,SEHHO-COBL,10,1148791178559547279,15000,15000,2221.8335859228714,21.833585922871407,21.833585922871407,0.5883595749910455
E1_cec2022_paper_budget,cec2022,8,10,SEHHO-COBL,11,7250682926674415544,15000,15000,2220.6457435287434,20.645743528743424,20.645743528743424,0.5715808540116996
E1_cec2022_paper_budget,cec2022,8,10,SEHHO-COBL,12,3692779164346627041,15000,15000,2208.3606953551175,8.360695355117514,8.360695355117514,0.5550860069924966
E1_cec2022_paper_budget,cec2022,8,10,SEHHO-COBL,13,5494571918264039025,15000,15000,2222.2592465397065,22.25924653970651,22.25924653970651,0.5514698140032124
E1_cec2022_paper_budget,cec2022,8,10,SEHHO-COBL,14,3378245586413459421,15000,15000,2214.7282723959784,14.728272395978365,14.728272395978365,0.6020251469744835
E1_cec2022_paper_budget,cec2022,8,10,SEHHO-COBL,15,3972622375589555900,15000,15000,2208.4875282009907,8.48752820099071,8.48752820099071,0.5805141100136098
E1_cec2022_paper_budget,cec2022,8,10,SEHHO-COBL,16,3855077385058274624,15000,15000,2212.2158620687624,12.215862068762362,12.215862068762362,0.605870398983825
E1_cec2022_paper_budget,cec2022,8,10,SEHHO-COBL,17,7562540004097902579,15000,15000,2211.2984997258486,11.298499725848615,11.298499725848615,0.5590682149922941
E1_cec2022_paper_budget,cec2022,8,10,SEHHO-COBL,18,2736947932260527919,15000,15000,2218.7658447475887,18.765844747588744,18.765844747588744,0.6152783340075985
E1_cec2022_paper_budget,cec2022,8,10,SEHHO-COBL,19,4594752750348751764,15000,15000,2205.711712840355,5.711712840355176,5.711712840355176,0.7542034130019601
E1_cec2022_paper_budget,cec2022,8,10,SEHHO-COBL,20,2197341608048179608,15000,15000,2221.549988361576,21.549988361576197,21.549988361576197,0.9225837900012266
E1_cec2022_paper_budget,cec2022,8,10,SEHHO-COBL,21,4668378892172366231,15000,15000,2209.545049779287,9.545049779287183,9.545049779287183,0.9622525640006643
E1_cec2022_paper_budget,cec2022,8,10,SEHHO-COBL,22,3415623086848029729,15000,15000,2222.0077535682835,22.007753568283533,22.007753568283533,0.9467498069861904
E1_cec2022_paper_budget,cec2022,8,10,SEHHO-COBL,23,3289968705201593671,15000,15000,2221.742406246087,21.74240624608683,21.74240624608683,0.8295813539880328
E1_cec2022_paper_budget,cec2022,8,10,SEHHO-COBL,24,6676404958292178363,15000,15000,2219.109793098132,19.10979309813183,19.10979309813183,0.8133735939918552
E1_cec2022_paper_budget,cec2022,8,10,SEHHO-COBL,25,3611998699832483808,15000,15000,2210.9386398273687,10.938639827368661,10.938639827368661,0.8892886510002427
E1_cec2022_paper_budget,cec2022,8,10,SEHHO-COBL,26,3480971179369638325,15000,15000,2221.640641602566,21.64064160256612,21.64064160256612,0.8899725649971515
E1_cec2022_paper_budget,cec2022,8,10,SEHHO-COBL,27,49343229320636371,15000,15000,2220.3657456497735,20.365745649773544,20.365745649773544,0.905655590002425
E1_cec2022_paper_budget,cec2022,8,10,SEHHO-COBL,28,3924789255975055412,15000,15000,2221.035705038305,21.035705038304968,21.035705038304968,0.7748697460046969
E1_cec2022_paper_budget,cec2022,8,10,SEHHO-COBL,29,968504989693018933,15000,15000,2220.2770693524235,20.277069352423496,20.277069352423496,0.7369448239915073
E1_cec2022_paper_budget,cec2022,8,10,HHO,0,8374392548427000422,15000,15000,2237.8262707175522,37.826270717552234,37.826270717552234,0.6991311189776752
E1_cec2022_paper_budget,cec2022,8,10,HHO,1,3926711906954884427,15000,15000,2267.851087203485,67.8510872034849,67.8510872034849,0.7020611850020941
E1_cec2022_paper_budget,cec2022,8,10,HHO,2,515554796787655662,15000,15000,2243.548465758145,43.548465758145085,43.548465758145085,0.6938651629898231
E1_cec2022_paper_budget,cec2022,8,10,HHO,3,7911203569810309526,15000,15000,2235.101685527729,35.10168552772893,35.10168552772893,0.698435995989712
E1_cec2022_paper_budget,cec2022,8,10,HHO,4,4307483268963066952,15000,15000,2230.7115206862854,30.71152068628544,30.71152068628544,0.7015683009813074
E1_cec2022_paper_budget,cec2022,8,10,HHO,5,5080277238759796123,15000,15000,2264.300075507185,64.30007550718483,64.30007550718483,0.6970851619844325
E1_cec2022_paper_budget,cec2022,8,10,HHO,6,2294671414318517934,15000,15000,2232.81491361713,32.81491361713006,32.81491361713006,0.6917403370025568
E1_cec2022_paper_budget,cec2022,8,10,HHO,7,6132660018341547567,15000,15000,2233.280033666961,33.28003366696112,33.28003366696112,0.692970604985021
E1_cec2022_paper_budget,cec2022,8,10,HHO,8,7112218434069079459,15000,15000,2231.695004057149,31.695004057149163,31.695004057149163,0.7015680609911215
E1_cec2022_paper_budget,cec2022,8,10,HHO,9,1353796939911892410,15000,15000,2236.7341699057806,36.73416990578062,36.73416990578062,0.7147918730042875
E1_cec2022_paper_budget,cec2022,8,10,HHO,10,4386230431711230924,15000,15000,2225.4364092811365,25.436409281136548,25.436409281136548,0.6983630890026689
E1_cec2022_paper_budget,cec2022,8,10,HHO,11,4489827349736688509,15000,15000,2225.890181654826,25.890181654825938,25.890181654825938,0.6931145949929487
E1_cec2022_paper_budget,cec2022,8,10,HHO,12,3145666676424089906,15000,15000,2231.141514361374,31.141514361373993,31.141514361373993,0.6988850479829125
E1_cec2022_paper_budget,cec2022,8,10,HHO,13,3643540876626815778,15000,15000,2227.1223626473134,27.122362647313366,27.122362647313366,0.7005871009896509
E1_cec2022_paper_budget,cec2022,8,10,HHO,14,2828388199408415003,15000,15000,2235.7258516962893,35.72585169628928,35.72585169628928,0.698441284999717
E1_cec2022_paper_budget,cec2022,8,10,HHO,15,3660983627509193525,15000,15000,2233.2986357431973,33.29863574319734,33.29863574319734,0.6957016469968949
E1_cec2022_paper_budget,cec2022,8,10,HHO,16,1698220535906512124,15000,15000,2228.5397416345622,28.539741634562233,28.539741634562233,0.7107320789946243
E1_cec2022_paper_budget,cec2022,8,10,HHO,17,5071736892267782258,15000,15000,2233.7957152968,33.795715296800154,33.795715296800154,0.703469035011949
E1_cec2022_paper_budget,cec2022,8,10,HHO,18,1899474340823093000,15000,15000,2225.291387165268,25.291387165268134,25.291387165268134,0.6940559209906496
E1_cec2022_paper_budget,cec2022,8,10,HHO,19,5837476440745558039,15000,15000,2227.028973328771,27.028973328770917,27.028973328770917,0.6915792249783408
E1_cec2022_paper_budget,cec2022,8,10,HHO,20,6282350647246142394,15000,15000,2228.385850235391,28.38585023539099,28.38585023539099,0.6885758219868876
E1_cec2022_paper_budget,cec2022,8,10,HHO,21,1365665824540332386,15000,15000,2266.845340253513,66.84534025351286,66.84534025351286,0.6966620179882739
E1_cec2022_paper_budget,cec2022,8,10,HHO,22,8949886721711164086,15000,15000,2228.6576341297296,28.65763412972956,28.65763412972956,0.6980002280033659
E1_cec2022_paper_budget,cec2022,8,10,HHO,23,6576107603457553093,15000,15000,2253.18805776557,53.18805776557019,53.18805776557019,0.7055099130084272
E1_cec2022_paper_budget,cec2022,8,10,HHO,24,2268627139693332040,15000,15000,2238.1543041500286,38.154304150028565,38.154304150028565,0.7008479300129693
E1_cec2022_paper_budget,cec2022,8,10,HHO,25,4101402548533453460,15000,15000,2222.4524461717247,22.45244617172466,22.45244617172466,0.7015403380210046
E1_cec2022_paper_budget,cec2022,8,10,HHO,26,1263075060605721285,15000,15000,2234.3720026765263,34.372002676526336,34.372002676526336,0.7354143229895271
E1_cec2022_paper_budget,cec2022,8,10,HHO,27,3320462916792676089,15000,15000,2226.6131326195364,26.613132619536373,26.613132619536373,0.7450514080119319
E1_cec2022_paper_budget,cec2022,8,10,HHO,28,789285342425792433,15000,15000,2228.490079077042,28.490079077042083,28.490079077042083,0.7140519050008152
E1_cec2022_paper_budget,cec2022,8,10,HHO,29,3694895515169155948,15000,15000,2228.3710854912056,28.371085491205577,28.371085491205577,0.6975279820035212
E1_cec2022_paper_budget,cec2022,12,10,HHO,0,7603304796878031258,15000,15000,2895.754027119585,195.75402711958486,195.75402711958486,0.6741085670073517
E1_cec2022_paper_budget,cec2022,12,10,HHO,1,3676840640795606465,15000,15000,2864.8595973871634,164.85959738716338,164.85959738716338,0.6852411169966217
E1_cec2022_paper_budget,cec2022,12,10,HHO,2,8174042403846218872,15000,15000,3005.191713391408,305.19171339140803,305.19171339140803,0.7041690390033182
E1_cec2022_paper_budget,cec2022,12,10,HHO,3,8254629341667026081,15000,15000,2883.171726735309,183.17172673530922,183.17172673530922,0.7053382120211609
E1_cec2022_paper_budget,cec2022,12,10,HHO,4,7666875163640587813,15000,15000,2901.832257711621,201.83225771162097,201.83225771162097,0.6988859690027311
E1_cec2022_paper_budget,cec2022,12,10,HHO,5,4632855127957939896,15000,15000,2893.664836769919,193.66483676991902,193.66483676991902,0.709138759993948
E1_cec2022_paper_budget,cec2022,12,10,HHO,6,1327176323592951174,15000,15000,2933.274944834896,233.2749448348959,233.2749448348959,0.7013429180078674
E1_cec2022_paper_budget,cec2022,12,10,HHO,7,8328127428550588292,15000,15000,2969.715919131435,269.71591913143493,269.71591913143493,0.6900402180035599
E1_cec2022_paper_budget,cec2022,12,10,HHO,8,3222640869409967742,15000,15000,2962.474603105313,262.4746031053128,262.4746031053128,0.6127637080207933
E1_cec2022_paper_budget,cec2022,12,10,HHO,9,1745502060408250938,15000,15000,2877.922909270562,177.92290927056183,177.92290927056183,0.39335108498926274
E1_cec2022_paper_budget,cec2022,12,10,HHO,10,2355804599402446330,15000,15000,2882.3647478448006,182.3647478448006,182.3647478448006,0.4522862240264658
E1_cec2022_paper_budget,cec2022,12,10,HHO,11,1124624169835190893,15000,15000,2908.2945077725617,208.2945077725617,208.2945077725617,0.4686053119949065
E1_cec2022_paper_budget,cec2022,12,10,HHO,12,2312282141417252913,15000,15000,2916.51267182064,216.5126718206402,216.5126718206402,0.5182814650179353
E1_cec2022_paper_budget,cec2022,12,10,HHO,13,9034947290289771972,15000,15000,2901.4573999445006,201.4573999445006,201.4573999445006,0.5544188649801072
E1_cec2022_paper_budget,cec2022,12,10,HHO,14,8484120529001245775,15000,15000,2976.6956167899593,276.69561678995933,276.69561678995933,0.668375303997891
E1_cec2022_paper_budget,cec2022,12,10,HHO,15,8612153776100997423,15000,15000,3117.7380365674676,417.7380365674676,417.7380365674676,0.6566363149904646
E1_cec2022_paper_budget,cec2022,12,10,HHO,16,6836594235611331088,15000,15000,2901.164040600941,201.164040600941,201.164040600941,0.4367979640082922
E1_cec2022_paper_budget,cec2022,12,10,HHO,17,424000918959148724,15000,15000,2917.457126953954,217.45712695395378,217.45712695395378,0.4999240239849314
E1_cec2022_paper_budget,cec2022,12,10,HHO,18,6715797057814811102,15000,15000,2898.406945279475,198.40694527947517,198.40694527947517,0.5317353399877902
E1_cec2022_paper_budget,cec2022,12,10,HHO,19,2053323372794853405,15000,15000,2923.2374947516482,223.23749475164823,223.23749475164823,0.45578459498938173
E1_cec2022_paper_budget,cec2022,12,10,HHO,20,1466207900921464647,15000,15000,2873.659410350622,173.65941035062178,173.65941035062178,0.39495383101166226
E1_cec2022_paper_budget,cec2022,12,10,HHO,21,1621701731258752268,15000,15000,3050.7146618646575,350.7146618646575,350.7146618646575,0.3803079909994267
E1_cec2022_paper_budget,cec2022,12,10,HHO,22,1433657495812726478,15000,15000,2962.89089454969,262.8908945496901,262.8908945496901,0.3802090050012339
E1_cec2022_paper_budget,cec2022,12,10,HHO,23,1807155797446104123,15000,15000,2905.2303264059055,205.23032640590554,205.23032640590554,0.3857033210224472
E1_cec2022_paper_budget,cec2022,12,10,HHO,24,3582524555491158301,15000,15000,3005.5206695763495,305.5206695763495,305.5206695763495,0.47527693602023646
E1_cec2022_paper_budget,cec2022,12,10,HHO,25,7747589976660188879,15000,15000,2886.6692299021865,186.66922990218654,186.66922990218654,0.5391168450005352
E1_cec2022_paper_budget,cec2022,12,10,HHO,26,1626056055324432705,15000,15000,2984.7224766525355,284.72247665253553,284.72247665253553,0.5179455250035971
E1_cec2022_paper_budget,cec2022,12,10,HHO,27,1015723624187358307,15000,15000,2996.9727438446234,296.97274384462344,296.97274384462344,0.5242758889799006
E1_cec2022_paper_budget,cec2022,12,10,HHO,28,5918118782910363032,15000,15000,3090.4647243866257,390.4647243866257,390.4647243866257,0.5132402399904095
E1_cec2022_paper_budget,cec2022,12,10,HHO,29,7841715761317251269,15000,15000,3009.281991957341,309.2819919573408,309.2819919573408,0.501470565010095
E1_cec2022_paper_budget,cec2022,11,10,HHO,0,2212430309316951025,15000,15000,2750.873673340483,150.87367334048304,150.87367334048304,0.58503793500131
E1_cec2022_paper_budget,cec2022,11,10,HHO,1,604933544609786055,15000,15000,2751.2287355729086,151.2287355729086,151.2287355729086,0.5448254919901956
E1_cec2022_paper_budget,cec2022,11,10,HHO,2,164940199255579628,15000,15000,2751.2583301633817,151.25833016338174,151.25833016338174,0.6644043650012463
E1_cec2022_paper_budget,cec2022,11,10,HHO,3,2844728996363222553,15000,15000,2612.6557147126055,12.655714712605459,12.655714712605459,0.6634099099901505
E1_cec2022_paper_budget,cec2022,11,10,HHO,4,9006126712028386472,15000,15000,2750.9092919209183,150.90929192091835,150.90929192091835,0.5538580440043006
E1_cec2022_paper_budget,cec2022,11,10,HHO,5,5960935588487495297,15000,15000,2609.9567230950515,9.95672309505153,9.95672309505153,0.4702172060206067
E1_cec2022_paper_budget,cec2022,11,10,HHO,6,9134406169521448691,15000,15000,2926.0274774577383,326.0274774577383,326.0274774577383,0.5033711889991537
E1_cec2022_paper_budget,cec2022,11,10,HHO,7,2350182299000063824,15000,15000,2922.5636904633006,322.56369046330065,322.56369046330065,0.4787445999972988
E1_cec2022_paper_budget,cec2022,11,10,HHO,8,8794210815197720390,15000,15000,3118.1994337237993,518.1994337237993,518.1994337237993,0.39902571798302233
E1_cec2022_paper_budget,cec2022,11,10,HHO,9,6346253047183952779,15000,15000,2612.4935565909454,12.493556590945445,12.493556590945445,0.3766416640137322
E1_cec2022_paper_budget,cec2022,11,10,HHO,10,3336039240848569863,15000,15000,2609.611332581175,9.611332581174793,9.611332581174793,0.6120133099902887
E1_cec2022_paper_budget,cec2022,11,10,HHO,11,1972742086678991746,15000,15000,2642.740698937825,42.74069893782507,42.74069893782507,0.6585562269901857
E1_cec2022_paper_budget,cec2022,11,10,HHO,12,1121732745369835041,15000,15000,2630.2829316005395,30.28293160053954,30.28293160053954,0.698753090982791
E1_cec2022_paper_budget,cec2022,11,10,HHO,13,4990288844572347729,15000,15000,2922.7855926537036,322.7855926537036,322.7855926537036,0.6879512209852692
E1_cec2022_paper_budget,cec2022,11,10,HHO,14,2968865529981739724,15000,15000,2750.798589923099,150.79858992309892,150.79858992309892,0.7051643660233822
E1_cec2022_paper_budget,cec2022,11,10,HHO,15,6246703103421303328,15000,15000,2751.289278312469,151.28927831246892,151.28927831246892,0.4340691360121127
E1_cec2022_paper_budget,cec2022,11,10,HHO,16,1610785329682792936,15000,15000,2929.6955915884337,329.6955915884337,329.6955915884337,0.40540609500021674
E1_cec2022_paper_budget,cec2022,11,10,HHO,17,3621385694175087422,15000,15000,2751.203843744254,151.20384374425385,151.20384374425385,0.4989416009921115
E1_cec2022_paper_budget,cec2022,11,10,HHO,18,8629867337863550101,15000,15000,2751.2670133694937,151.26701336949372,151.26701336949372,0.40590602200245485
E1_cec2022_paper_budget,cec2022,11,10,HHO,19,8055175870353534084,15000,15000,2638.282622841971,38.282622841970806,38.282622841970806,0.5572308589762542
E1_cec2022_paper_budget,cec2022,11,10,HHO,20,6298794597480984081,15000,15000,2751.8336793981084,151.83367939810842,151.83367939810842,0.6570652200025506
E1_cec2022_paper_budget,cec2022,11,10,HHO,21,621036736308651148,15000,15000,2751.683062176055,151.68306217605505,151.68306217605505,0.6859113450045697
E1_cec2022_paper_budget,cec2022,11,10,HHO,22,159360556414808735,15000,15000,2622.8503178029946,22.850317802994596,22.850317802994596,0.6761985560005996
E1_cec2022_paper_budget,cec2022,11,10,HHO,23,4184154926658335892,15000,15000,2611.686563839058,11.68656383905818,11.68656383905818,0.6723754859995097
E1_cec2022_paper_budget,cec2022,11,10,HHO,24,2815805233409385847,15000,15000,2934.747834666006,334.74783466600593,334.74783466600593,0.6789223050000146
E1_cec2022_paper_budget,cec2022,11,10,HHO,25,7444458489923325673,15000,15000,2920.9226225177545,320.92262251775446,320.92262251775446,0.6572110039996915
E1_cec2022_paper_budget,cec2022,11,10,HHO,26,3540915549648148101,15000,15000,2751.193473088136,151.19347308813622,151.19347308813622,0.6622364500071853
E1_cec2022_paper_budget,cec2022,11,10,HHO,27,476806214733955336,15000,15000,2750.812724102374,150.81272410237398,150.81272410237398,0.6621216339990497
E1_cec2022_paper_budget,cec2022,11,10,HHO,28,2193746145895215209,15000,15000,2751.148576636057,151.148576636057,151.148576636057,0.6400219940114766
E1_cec2022_paper_budget,cec2022,11,10,HHO,29,9020096974034003186,15000,15000,3187.199901173206,587.199901173206,587.199901173206,0.5592079980124254
E1_cec2022_paper_budget,cec2022,2,10,SEHHO-COBL,0,4871333060713128698,15000,15000,408.9161019277813,8.916101927781312,8.916101927781312,0.99435012700269
E1_cec2022_paper_budget,cec2022,2,10,SEHHO-COBL,1,3527248064027796952,15000,15000,408.9161019277813,8.916101927781312,8.916101927781312,0.8255079940136056
E1_cec2022_paper_budget,cec2022,2,10,SEHHO-COBL,2,2117204357567801893,15000,15000,403.98657911234716,3.986579112347158,3.986579112347158,0.8504175640118774
E1_cec2022_paper_budget,cec2022,2,10,SEHHO-COBL,3,5210720773113062756,15000,15000,400.0,0.0,0.0,0.8549303589970805
E1_cec2022_paper_budget,cec2022,2,10,SEHHO-COBL,4,4450298143659376145,15000,15000,408.9161019277813,8.916101927781312,8.916101927781312,0.829863232007483
E1_cec2022_paper_budget,cec2022,2,10,SEHHO-COBL,5,1734901041313420510,15000,15000,403.98657911234716,3.986579112347158,3.986579112347158,0.863069123995956
E1_cec2022_paper_budget,cec2022,2,10,SEHHO-COBL,6,3660403519914858519,15000,15000,400.0,0.0,0.0,0.8517804410075769
E1_cec2022_paper_budget,cec2022,2,10,SEHHO-COBL,7,3577370420409785767,15000,15000,408.9161019277813,8.916101927781312,8.916101927781312,0.8282580509840045
E1_cec2022_paper_budget,cec2022,2,10,SEHHO-COBL,8,5971042250596805505,15000,15000,400.0,0.0,0.0,0.8427637690037955
E1_cec2022_paper_budget,cec2022,2,10,SEHHO-COBL,9,2217797028680657496,15000,15000,408.9161019277813,8.916101927781312,8.916101927781312,0.8395110269775614
E1_cec2022_paper_budget,cec2022,2,10,SEHHO-COBL,10,2689155610879738141,15000,15000,408.9161019277813,8.916101927781312,8.916101927781312,0.8509222709981259
E1_cec2022_paper_budget,cec2022,2,10,SEHHO-COBL,11,2757414385831245664,15000,15000,408.9161019277813,8.916101927781312,8.916101927781312,0.8263956389855593
E1_cec2022_paper_budget,cec2022,2,10,SEHHO-COBL,12,2233026487065647367,15000,15000,403.98657911234716,3.986579112347158,3.986579112347158,0.8456320190161932
E1_cec2022_paper_budget,cec2022,2,10,SEHHO-COBL,13,4260374277553253221,15000,15000,408.9161019277813,8.916101927781312,8.916101927781312,0.8370717630023137
E1_cec2022_paper_budget,cec2022,2,10,SEHHO-COBL,14,1761754140305696435,15000,15000,400.0,0.0,0.0,0.8592821010097396
E1_cec2022_paper_budget,cec2022,2,10,SEHHO-COBL,15,4690419459550652049,15000,15000,408.9161019277813,8.916101927781312,8.916101927781312,0.8289346710080281
E1_cec2022_paper_budget,cec2022,2,10,SEHHO-COBL,16,1047874461312870915,15000,15000,400.00000000000006,0.0,5.684341886080802e-14,0.8686071309784893
E1_cec2022_paper_budget,cec2022,2,10,SEHHO-COBL,17,1183887037783003379,15000,15000,408.9161019277813,8.916101927781312,8.916101927781312,0.8389856729772873
E1_cec2022_paper_budget,cec2022,2,10,SEHHO-COBL,18,3495872196846260763,15000,15000,408.9161019277813,8.916101927781312,8.916101927781312,0.8316629180044401
E1_cec2022_paper_budget,cec2022,2,10,SEHHO-COBL,19,6153725162412960852,15000,15000,403.98657911234716,3.986579112347158,3.986579112347158,0.8504369009751827
E1_cec2022_paper_budget,cec2022,2,10,SEHHO-COBL,20,6009214254439591627,15000,15000,408.9161019277813,8.916101927781312,8.916101927781312,0.8226920920133125
E1_cec2022_paper_budget,cec2022,2,10,SEHHO-COBL,21,7961156518707290978,15000,15000,408.9161019277813,8.916101927781312,8.916101927781312,0.8325627860031091
E1_cec2022_paper_budget,cec2022,2,10,SEHHO-COBL,22,2252237840207744426,15000,15000,408.9161019277813,8.916101927781312,8.916101927781312,0.8425581339979544
E1_cec2022_paper_budget,cec2022,2,10,SEHHO-COBL,23,7082241545903335778,15000,15000,403.98657911234716,3.986579112347158,3.986579112347158,0.860115463990951
E1_cec2022_paper_budget,cec2022,2,10,SEHHO-COBL,24,6955308860084805355,15000,15000,408.9161019277813,8.916101927781312,8.916101927781312,0.8005584179772995
E1_cec2022_paper_budget,cec2022,2,10,SEHHO-COBL,25,2226571239126800892,15000,15000,408.9161019277813,8.916101927781312,8.916101927781312,0.8019125580030959
E1_cec2022_paper_budget,cec2022,2,10,SEHHO-COBL,26,2217745447048338015,15000,15000,408.9161019277813,8.916101927781312,8.916101927781312,0.48592995599028654
E1_cec2022_paper_budget,cec2022,2,10,SEHHO-COBL,27,4068445992967178528,15000,15000,403.98657911234716,3.986579112347158,3.986579112347158,0.49724889601930045
E1_cec2022_paper_budget,cec2022,2,10,SEHHO-COBL,28,3588510573768869975,15000,15000,408.9161019277813,8.916101927781312,8.916101927781312,0.4815875419881195
E1_cec2022_paper_budget,cec2022,2,10,SEHHO-COBL,29,6679188176848653151,15000,15000,408.9161019277813,8.916101927781312,8.916101927781312,0.5013694860099349
E1_cec2022_paper_budget,cec2022,7,20,DE,0,3759582707563863659,15000,15000,2096.680201235799,96.6802012357989,96.6802012357989,0.18371503899106756
E1_cec2022_paper_budget,cec2022,7,20,DE,1,6551710514446420845,15000,15000,2089.0520270704606,89.05202707046055,89.05202707046055,0.181638292997377
E1_cec2022_paper_budget,cec2022,7,20,DE,2,5802367627174023019,15000,15000,2126.904042029226,126.90404202922582,126.90404202922582,0.1827488959825132
E1_cec2022_paper_budget,cec2022,7,20,DE,3,8477649496654598761,15000,15000,2106.577487836716,106.57748783671605,106.57748783671605,0.18133333200239576
E1_cec2022_paper_budget,cec2022,7,20,DE,4,6910168161730053996,15000,15000,2105.648256028355,105.64825602835481,105.64825602835481,0.181324384000618
E1_cec2022_paper_budget,cec2022,7,20,DE,5,6636284053368791712,15000,15000,2118.9831754615234,118.98317546152339,118.98317546152339,0.1813688880065456
E1_cec2022_paper_budget,cec2022,7,20,DE,6,4868098650426534037,15000,15000,2086.965820413834,86.96582041383408,86.96582041383408,0.18079910898813978
E1_cec2022_paper_budget,cec2022,7,20,DE,7,3855762928191564463,15000,15000,2121.131740817076,121.1317408170762,121.1317408170762,0.18214204799733125
E1_cec2022_paper_budget,cec2022,7,20,DE,8,4002120937671063251,15000,15000,2087.663277889547,87.66327788954686,87.66327788954686,0.18151005302206613
E1_cec2022_paper_budget,cec2022,7,20,DE,9,4775004434199397986,15000,15000,2089.8698375368976,89.86983753689765,89.86983753689765,0.18078335898462683
E1_cec2022_paper_budget,cec2022,7,20,DE,10,9074563433949443105,15000,15000,2118.0635182746832,118.06351827468325,118.06351827468325,0.18022554300841875
E1_cec2022_paper_budget,cec2022,7,20,DE,11,7874836002556977754,15000,15000,2088.6445869406534,88.64458694065343,88.64458694065343,0.18111855801544152
E1_cec2022_paper_budget,cec2022,7,20,DE,12,5259506234449539087,15000,15000,2104.691247204553,104.69124720455284,104.69124720455284,0.18043212100747041
E1_cec2022_paper_budget,cec2022,7,20,DE,13,556462644236792677,15000,15000,2146.4166869335822,146.41668693358224,146.41668693358224,0.18107908399542794
E1_cec2022_paper_budget,cec2022,7,20,DE,14,6588034007171870089,15000,15000,2077.732764270395,77.73276427039491,77.73276427039491,0.18367563400533982
E1_cec2022_paper_budget,cec2022,7,20,DE,15,7396664657243715253,15000,15000,2082.1394318181524,82.13943181815239,82.13943181815239,0.17779366200556979
E1_cec2022_paper_budget,cec2022,7,20,DE,16,1713538761507001843,15000,15000,2093.8240423698994,93.82404236989942,93.82404236989942,0.17366600999957882
E1_cec2022_paper_budget,cec2022,7,20,DE,17,212208853706282963,15000,15000,2114.4115764387416,114.41157643874158,114.41157643874158,0.17460336899966933
E1_cec2022_paper_budget,cec2022,7,20,DE,18,3185976286594504847,15000,15000,2094.010643620898,94.01064362089801,94.01064362089801,0.17396949001704343
E1_cec2022_paper_budget,cec2022,7,20,DE,19,591794015493387303,15000,15000,2114.189127183797,114.18912718379715,114.18912718379715,0.17527740300283767
E1_cec2022_paper_budget,cec2022,7,20,DE,20,3615981309499394210,15000,15000,2104.501535226743,104.50153522674282,104.50153522674282,0.1746493550017476
E1_cec2022_paper_budget,cec2022,7,20,DE,21,4867771173903382126,15000,15000,2109.3553962456695,109.35539624566945,109.35539624566945,0.1749464719905518
E1_cec2022_paper_budget,cec2022,7,20,DE,22,2482809696388591419,15000,15000,2125.482527751134,125.48252775113406,125.48252775113406,0.17518827598541975
E1_cec2022_paper_budget,cec2022,7,20,DE,23,3113546251354100455,15000,15000,2109.2826979638808,109.28269796388076,109.28269796388076,0.17474484400008805
E1_cec2022_paper_budget,cec2022,7,20,DE,24,8240574575919257256,15000,15000,2097.9423973219414,97.94239732194137,97.94239732194137,0.17500764699070714
E1_cec2022_paper_budget,cec2022,7,20,DE,25,8419058858611398604,15000,15000,2161.8293821741127,161.82938217411265,161.82938217411265,0.17528841301100329
E1_cec2022_paper_budget,cec2022,7,20,DE,26,7538960234846935494,15000,15000,2118.9677594059326,118.96775940593261,118.96775940593261,0.17554064700379968
E1_cec2022_paper_budget,cec2022,7,20,DE,27,8251948377959585498,15000,15000,2111.376259230977,111.37625923097721,111.37625923097721,0.17457131799892522
E1_cec2022_paper_budget,cec2022,7,20,DE,28,4341310685718551148,15000,15000,2127.8077115836427,127.80771158364269,127.80771158364269,0.17501238599652424
E1_cec2022_paper_budget,cec2022,7,20,DE,29,8392605158020007592,15000,15000,2116.5799694394555,116.57996943945545,116.57996943945545,0.17572273800033145
E1_cec2022_paper_budget,cec2022,7,10,SEHHO-COBL,0,5253222499344634716,15000,15000,2002.3613838246126,2.3613838246126306,2.3613838246126306,0.9074143079924397
E1_cec2022_paper_budget,cec2022,7,10,SEHHO-COBL,1,4981163957128054779,15000,15000,2017.6520469798936,17.652046979893612,17.652046979893612,0.9179201739898417
E1_cec2022_paper_budget,cec2022,7,10,SEHHO-COBL,2,4044017469959079762,15000,15000,2005.7648925122671,5.764892512267124,5.764892512267124,0.9175432560150512
E1_cec2022_paper_budget,cec2022,7,10,SEHHO-COBL,3,3381735813111366387,15000,15000,2005.2323153950306,5.232315395030582,5.232315395030582,0.9171502489771228
E1_cec2022_paper_budget,cec2022,7,10,SEHHO-COBL,4,2738534643468894706,15000,15000,2005.9256131181603,5.9256131181603,5.9256131181603,0.9147626610065345
E1_cec2022_paper_budget,cec2022,7,10,SEHHO-COBL,5,6365279092346353794,15000,15000,2007.6337678521143,7.633767852114261,7.633767852114261,0.9110024179972243
E1_cec2022_paper_budget,cec2022,7,10,SEHHO-COBL,6,2393507782263790536,15000,15000,2020.142873106153,20.142873106153047,20.142873106153047,0.6238074720022269
E1_cec2022_paper_budget,cec2022,7,10,SEHHO-COBL,7,4075605407027004972,15000,15000,2006.3848743128206,6.384874312820557,6.384874312820557,0.5576041399908718
E1_cec2022_paper_budget,cec2022,7,10,SEHHO-COBL,8,1719162141580447998,15000,15000,2005.4294302491035,5.429430249103461,5.429430249103461,0.530831134004984
E1_cec2022_paper_budget,cec2022,7,10,SEHHO-COBL,9,6104339301364364297,15000,15000,2004.6940183022646,4.694018302264567,4.694018302264567,0.5724391039984766
E1_cec2022_paper_budget,cec2022,7,10,SEHHO-COBL,10,6175233731623049595,15000,15000,2003.8023331497975,3.802333149797505,3.802333149797505,0.7116548899793997
E1_cec2022_paper_budget,cec2022,7,10,SEHHO-COBL,11,4491362512692754293,15000,15000,2004.8546771763606,4.85467717636061,4.85467717636061,0.5667703120270744
E1_cec2022_paper_budget,cec2022,7,10,SEHHO-COBL,12,6560758257300489103,15000,15000,2003.7415231824468,3.7415231824468265,3.7415231824468265,0.5527785590093117
E1_cec2022_paper_budget,cec2022,7,10,SEHHO-COBL,13,1545394849143711471,15000,15000,2020.1652675698615,20.1652675698615,20.1652675698615,0.5839835870137904
E1_cec2022_paper_budget,cec2022,7,10,SEHHO-COBL,14,7718308988519359684,15000,15000,2004.6677126250133,4.667712625013337,4.667712625013337,0.9327610789914615
E1_cec2022_paper_budget,cec2022,7,10,SEHHO-COBL,15,9197460758437706495,15000,15000,2005.3040520496427,5.304052049642678,5.304052049642678,0.9322566429909784
E1_cec2022_paper_budget,cec2022,7,10,SEHHO-COBL,16,3313086965678233978,15000,15000,2004.0401574944005,4.040157494400546,4.040157494400546,0.9098798519989941
E1_cec2022_paper_budget,cec2022,7,10,SEHHO-COBL,17,5920352576426600446,15000,15000,2021.3885196831886,21.388519683188633,21.388519683188633,0.9147155329992529
E1_cec2022_paper_budget,cec2022,7,10,SEHHO-COBL,18,5939636042776435495,15000,15000,2001.8549921925705,1.8549921925705348,1.8549921925705348,0.921467706997646
E1_cec2022_paper_budget,cec2022,7,10,SEHHO-COBL,19,2706755100689377274,15000,15000,2007.3335153185878,7.333515318587843,7.333515318587843,0.9177294459950645
E1_cec2022_paper_budget,cec2022,7,10,SEHHO-COBL,20,6386858845670257240,15000,15000,2007.258996628176,7.258996628175964,7.258996628175964,0.8893674200226087
E1_cec2022_paper_budget,cec2022,7,10,SEHHO-COBL,21,630477408646428951,15000,15000,2020.09714659998,20.09714659998008,20.09714659998008,0.853330267011188
E1_cec2022_paper_budget,cec2022,7,10,SEHHO-COBL,22,1215503332638279185,15000,15000,2006.0462767603233,6.0462767603232805,6.0462767603232805,0.7703946830006316
E1_cec2022_paper_budget,cec2022,7,10,SEHHO-COBL,23,5239576878339465351,15000,15000,2005.0634783299206,5.063478329920599,5.063478329920599,0.8722730769950431
E1_cec2022_paper_budget,cec2022,7,10,SEHHO-COBL,24,796664140667627576,15000,15000,2020.2245477064298,20.224547706429803,20.224547706429803,0.9196088709868491
E1_cec2022_paper_budget,cec2022,7,10,SEHHO-COBL,25,5223482202233313892,15000,15000,2008.226368777042,8.226368777041898,8.226368777041898,0.9266162330168299
E1_cec2022_paper_budget,cec2022,7,10,SEHHO-COBL,26,4287717796996366257,15000,15000,2001.5310140785098,1.5310140785097701,1.5310140785097701,0.9251889470033348
E1_cec2022_paper_budget,cec2022,7,10,SEHHO-COBL,27,1191363964797957016,15000,15000,2005.359044578151,5.3590445781510425,5.3590445781510425,0.9312535220233258
E1_cec2022_paper_budget,cec2022,7,10,SEHHO-COBL,28,607579302571886906,15000,15000,2005.4819415019517,5.481941501951724,5.481941501951724,0.9263072139874566
E1_cec2022_paper_budget,cec2022,7,10,SEHHO-COBL,29,5295750129460303765,15000,15000,2005.1073707721428,5.107370772142758,5.107370772142758,0.9303787699900568
E1_cec2022_paper_budget,cec2022,1,10,SEHHO-COBL,0,4896785394938882931,15000,15000,300.0,0.0,0.0,0.8647788910020608
E1_cec2022_paper_budget,cec2022,1,10,SEHHO-COBL,1,6814379466462267959,15000,15000,300.0,0.0,0.0,0.886500160995638
E1_cec2022_paper_budget,cec2022,1,10,SEHHO-COBL,2,9203526904550400195,15000,15000,300.0,0.0,0.0,0.8825117609812878
E1_cec2022_paper_budget,cec2022,1,10,SEHHO-COBL,3,4808056681258994381,15000,15000,300.00000000000006,0.0,5.684341886080802e-14,0.8742533110198565
E1_cec2022_paper_budget,cec2022,1,10,SEHHO-COBL,4,3173421549184536006,15000,15000,300.0000000000001,0.0,1.1368683772161603e-13,0.8778248300077394
E1_cec2022_paper_budget,cec2022,1,10,SEHHO-COBL,5,8278842153893767790,15000,15000,300.00000000000006,0.0,5.684341886080802e-14,0.8743406049907207
E1_cec2022_paper_budget,cec2022,1,10,SEHHO-COBL,6,5739091405021975936,15000,15000,300.0,0.0,0.0,0.8482636240078136
E1_cec2022_paper_budget,cec2022,1,10,SEHHO-COBL,7,2061225701653000196,15000,15000,300.00000000000006,0.0,5.684341886080802e-14,0.7279270490107592
E1_cec2022_paper_budget,cec2022,1,10,SEHHO-COBL,8,5213350947313365292,15000,15000,300.0,0.0,0.0,0.7330811870051548
E1_cec2022_paper_budget,cec2022,1,10,SEHHO-COBL,9,4559041258808134680,15000,15000,300.00000000000006,0.0,5.684341886080802e-14,0.7384917250019498
E1_cec2022_paper_budget,cec2022,1,10,SEHHO-COBL,10,2861128565480161693,15000,15000,300.0,0.0,0.0,0.7359447780181654
E1_cec2022_paper_budget,cec2022,1,10,SEHHO-COBL,11,4958177784514969657,15000,15000,300.00000000000006,0.0,5.684341886080802e-14,0.7478003749856725
E1_cec2022_paper_budget,cec2022,1,10,SEHHO-COBL,12,6582525828220181687,15000,15000,300.00000000000006,0.0,5.684341886080802e-14,0.82746388198575
E1_cec2022_paper_budget,cec2022,1,10,SEHHO-COBL,13,2222719573115255242,15000,15000,300.00000000000006,0.0,5.684341886080802e-14,0.827210407005623
E1_cec2022_paper_budget,cec2022,1,10,SEHHO-COBL,14,1565157363671915344,15000,15000,300.0,0.0,0.0,0.8218601219996344
E1_cec2022_paper_budget,cec2022,1,10,SEHHO-COBL,15,5818850101994202813,15000,15000,300.0,0.0,0.0,0.8280054579954594
E1_cec2022_paper_budget,cec2022,1,10,SEHHO-COBL,16,985507985843019258,15000,15000,300.0,0.0,0.0,0.8564890520065092
E1_cec2022_paper_budget,cec2022,1,10,SEHHO-COBL,17,6828746433700997515,15000,15000,300.00000000000006,0.0,5.684341886080802e-14,0.8406362989917397
E1_cec2022_paper_budget,cec2022,1,10,SEHHO-COBL,18,5866712463101650756,15000,15000,300.0,0.0,0.0,0.8639685310190544
E1_cec2022_paper_budget,cec2022,1,10,SEHHO-COBL,19,6566227457622887387,15000,15000,300.00000000000006,0.0,5.684341886080802e-14,0.8578270320140291
E1_cec2022_paper_budget,cec2022,1,10,SEHHO-COBL,20,5597798588628270147,15000,15000,300.00000000000006,0.0,5.684341886080802e-14,0.8754614670178853
E1_cec2022_paper_budget,cec2022,1,10,SEHHO-COBL,21,1859007729597813178,15000,15000,300.0,0.0,0.0,0.8652590319979936
E1_cec2022_paper_budget,cec2022,1,10,SEHHO-COBL,22,8364435806467335512,15000,15000,300.00000000000006,0.0,5.684341886080802e-14,0.8678230499790516
E1_cec2022_paper_budget,cec2022,1,10,SEHHO-COBL,23,2767248207303569066,15000,15000,300.0,0.0,0.0,0.857687119016191
E1_cec2022_paper_budget,cec2022,1,10,SEHHO-COBL,24,3211730217898385351,15000,15000,300.00000000000006,0.0,5.684341886080802e-14,0.8473985019954853
E1_cec2022_paper_budget,cec2022,1,10,SEHHO-COBL,25,6519373742637826781,15000,15000,300.0,0.0,0.0,0.8549258100101724
E1_cec2022_paper_budget,cec2022,1,10,SEHHO-COBL,26,3963781544510679092,15000,15000,300.0,0.0,0.0,0.839529862976633
E1_cec2022_paper_budget,cec2022,1,10,SEHHO-COBL,27,8022820245966161173,15000,15000,300.00000000000006,0.0,5.684341886080802e-14,0.8266061129979789
E1_cec2022_paper_budget,cec2022,1,10,SEHHO-COBL,28,1634793475146402326,15000,15000,300.0,0.0,0.0,0.82483138499083
E1_cec2022_paper_budget,cec2022,1,10,SEHHO-COBL,29,4030983973873089220,15000,15000,300.0,0.0,0.0,0.8291734289960004
E1_cec2022_paper_budget,cec2022,7,20,jSO,0,7309519439872729951,15000,15000,2100.0902271593627,100.09022715936271,100.09022715936271,0.18767288100207224
E1_cec2022_paper_budget,cec2022,7,20,jSO,1,4730626482467248212,15000,15000,2105.5117410567136,105.51174105671362,105.51174105671362,0.19207108099362813
E1_cec2022_paper_budget,cec2022,7,20,jSO,2,3256623518824067660,15000,15000,2071.7709557481617,71.77095574816167,71.77095574816167,0.1951482529984787
E1_cec2022_paper_budget,cec2022,7,20,jSO,3,8527485973290055725,15000,15000,2061.849949164428,61.849949164427926,61.849949164427926,0.21609465999063104
E1_cec2022_paper_budget,cec2022,7,20,jSO,4,7500955370101160388,15000,15000,2043.0610957152196,43.06109571521961,43.06109571521961,0.20199415300157852
E1_cec2022_paper_budget,cec2022,7,20,jSO,5,945276652558128787,15000,15000,2052.4624739945543,52.46247399455433,52.46247399455433,0.18130511898198165
E1_cec2022_paper_budget,cec2022,7,20,jSO,6,1206168553300341904,15000,15000,2075.4318787976576,75.43187879765765,75.43187879765765,0.18934143200749531
E1_cec2022_paper_budget,cec2022,7,20,jSO,7,3311430658341972264,15000,15000,2085.690794043121,85.69079404312106,85.69079404312106,0.1912080430192873
E1_cec2022_paper_budget,cec2022,7,20,jSO,8,2236956625651147633,15000,15000,2078.48804116277,78.48804116277006,78.48804116277006,0.19027394999284297
E1_cec2022_paper_budget,cec2022,7,20,jSO,9,8740576260913572841,15000,15000,2054.6983286152204,54.69832861522036,54.69832861522036,0.19066324099549092
E1_cec2022_paper_budget,cec2022,7,20,jSO,10,8587662488999125967,15000,15000,2061.158039055235,61.158039055234894,61.158039055234894,0.1848968749982305
E1_cec2022_paper_budget,cec2022,7,20,jSO,11,3199473955299658901,15000,15000,2073.379745659619,73.37974565961895,73.37974565961895,0.19200802201521583
E1_cec2022_paper_budget,cec2022,7,20,jSO,12,5072660336118704492,15000,15000,2062.404609436954,62.40460943695416,62.40460943695416,0.23079614402377047
E1_cec2022_paper_budget,cec2022,7,20,jSO,13,9046669900890424036,15000,15000,2067.6030341857336,67.60303418573358,67.60303418573358,0.20035337598528713
E1_cec2022_paper_budget,cec2022,7,20,jSO,14,3265028907487496456,15000,15000,2089.010178800575,89.01017880057498,89.01017880057498,0.18959005700889975
E1_cec2022_paper_budget,cec2022,7,20,jSO,15,4761204276149629516,15000,15000,2039.7016094615115,39.70160946151145,39.70160946151145,0.18007777599268593
E1_cec2022_paper_budget,cec2022,7,20,jSO,16,8030190190047226056,15000,15000,2069.8422455922037,69.84224559220365,69.84224559220365,0.19416889600688592
E1_cec2022_paper_budget,cec2022,7,20,jSO,17,8537922610717803980,15000,15000,2037.466883149832,37.46688314983203,37.46688314983203,0.18521439097821712
E1_cec2022_paper_budget,cec2022,7,20,jSO,18,6334267134343992001,15000,15000,2081.5334832096873,81.53348320968735,81.53348320968735,0.18448092398466542
E1_cec2022_paper_budget,cec2022,7,20,jSO,19,6097987924289677960,15000,15000,2053.9542476767165,53.95424767671648,53.95424767671648,0.19703516099252738
E1_cec2022_paper_budget,cec2022,7,20,jSO,20,1246347684614152262,15000,15000,2068.7748845309493,68.7748845309493,68.7748845309493,0.18456692600739188
E1_cec2022_paper_budget,cec2022,7,20,jSO,21,745881517045215812,15000,15000,2067.829309550844,67.82930955084385,67.82930955084385,0.18774617899907753
E1_cec2022_paper_budget,cec2022,7,20,jSO,22,2683021795974913656,15000,15000,2044.511259958261,44.51125995826101,44.51125995826101,0.18245571601437405
E1_cec2022_paper_budget,cec2022,7,20,jSO,23,2713723798946028376,15000,15000,2043.2047330753526,43.20473307535258,43.20473307535258,0.1930137390154414
E1_cec2022_paper_budget,cec2022,7,20,jSO,24,6582022864880556788,15000,15000,2051.6423168618526,51.64231686185258,51.64231686185258,0.17953489799401723
E1_cec2022_paper_budget,cec2022,7,20,jSO,25,8035223983262171443,15000,15000,2081.6519676994862,81.65196769948625,81.65196769948625,0.1790790229861159
E1_cec2022_paper_budget,cec2022,7,20,jSO,26,4040877612395950414,15000,15000,2038.9555422734045,38.95554227340449,38.95554227340449,0.19037822599057108
E1_cec2022_paper_budget,cec2022,7,20,jSO,27,2350529370115403379,15000,15000,2066.2012334520377,66.20123345203774,66.20123345203774,0.18568805902032182
E1_cec2022_paper_budget,cec2022,7,20,jSO,28,4431946710129865797,15000,15000,2064.1189033152596,64.11890331525956,64.11890331525956,0.19678810899495147
E1_cec2022_paper_budget,cec2022,7,20,jSO,29,4040447989555092116,15000,15000,2064.386236395581,64.38623639558091,64.38623639558091,0.237950273003662
E1_cec2022_paper_budget,cec2022,6,10,SEHHO-COBL,0,3103030437105952749,15000,15000,1821.238540377932,21.23854037793194,21.23854037793194,0.6670480540196877
E1_cec2022_paper_budget,cec2022,6,10,SEHHO-COBL,1,7821799861272794429,15000,15000,1800.1645069857411,0.1645069857411272,0.1645069857411272,0.7316503330075648
E1_cec2022_paper_budget,cec2022,6,10,SEHHO-COBL,2,8677668977835677910,15000,15000,1820.019226449459,20.019226449458984,20.019226449458984,0.8100203149951994
E1_cec2022_paper_budget,cec2022,6,10,SEHHO-COBL,3,732887076869205579,15000,15000,1801.0887514840392,1.0887514840392214,1.0887514840392214,0.8512799619929865
E1_cec2022_paper_budget,cec2022,6,10,SEHHO-COBL,4,1490234313664861391,15000,15000,1802.1796607059016,2.179660705901597,2.179660705901597,0.9226658149855211
E1_cec2022_paper_budget,cec2022,6,10,SEHHO-COBL,5,8386114813274073898,15000,15000,1804.2160724860223,4.216072486022313,4.216072486022313,0.879425101011293
E1_cec2022_paper_budget,cec2022,6,10,SEHHO-COBL,6,9023622566488237839,15000,15000,1812.9561397289447,12.956139728944663,12.956139728944663,0.8687491980090272
E1_cec2022_paper_budget,cec2022,6,10,SEHHO-COBL,7,7852068555298612823,15000,15000,1809.2258038734522,9.22580387345215,9.22580387345215,0.8926703640026972
E1_cec2022_paper_budget,cec2022,6,10,SEHHO-COBL,8,3688149127959524640,15000,15000,1804.2060457606503,4.2060457606503405,4.2060457606503405,0.8575082840106916
E1_cec2022_paper_budget,cec2022,6,10,SEHHO-COBL,9,4863430247714572464,15000,15000,1801.0523419809929,1.0523419809928782,1.0523419809928782,0.8747552830027416
E1_cec2022_paper_budget,cec2022,6,10,SEHHO-COBL,10,8412681639486863658,15000,15000,1834.0077181222969,34.007718122296865,34.007718122296865,0.8827070470142644
E1_cec2022_paper_budget,cec2022,6,10,SEHHO-COBL,11,1828523618272371495,15000,15000,1801.9542773570397,1.9542773570397003,1.9542773570397003,0.8696058639907278
E1_cec2022_paper_budget,cec2022,6,10,SEHHO-COBL,12,6350274245245957970,15000,15000,1805.0960005656593,5.096000565659324,5.096000565659324,0.8540961440012325
E1_cec2022_paper_budget,cec2022,6,10,SEHHO-COBL,13,3932686927411238586,15000,15000,1809.1053358446768,9.105335844676802,9.105335844676802,0.9061677400022745
E1_cec2022_paper_budget,cec2022,6,10,SEHHO-COBL,14,7885566368647562032,15000,15000,1829.7082894183714,29.70828941837135,29.70828941837135,0.9072475759894587
E1_cec2022_paper_budget,cec2022,6,10,SEHHO-COBL,15,559519342351546527,15000,15000,1801.9186812136832,1.9186812136831577,1.9186812136831577,0.8857787479937542
E1_cec2022_paper_budget,cec2022,6,10,SEHHO-COBL,16,8684005410998090217,15000,15000,1804.0667501666298,4.066750166629845,4.066750166629845,0.8759534299897496
E1_cec2022_paper_budget,cec2022,6,10,SEHHO-COBL,17,3448386519239122962,15000,15000,1800.2653857815135,0.265385781513487,0.265385781513487,0.8964701209915802
E1_cec2022_paper_budget,cec2022,6,10,SEHHO-COBL,18,297389246080510731,15000,15000,1810.3111679479214,10.311167947921376,10.311167947921376,0.8855665909941308
E1_cec2022_paper_budget,cec2022,6,10,SEHHO-COBL,19,5552882537200474197,15000,15000,1800.863093218722,0.8630932187220424,0.8630932187220424,0.7834849850041792
E1_cec2022_paper_budget,cec2022,6,10,SEHHO-COBL,20,2142662149546854666,15000,15000,1802.0552950214276,2.0552950214275825,2.0552950214275825,0.5410538380092476
E1_cec2022_paper_budget,cec2022,6,10,SEHHO-COBL,21,6669530697591188169,15000,15000,1810.0454901673786,10.045490167378603,10.045490167378603,0.5154543129901867
E1_cec2022_paper_budget,cec2022,6,10,SEHHO-COBL,22,5516009639028269013,15000,15000,1821.5679297336912,21.567929733691244,21.567929733691244,0.7490524530003313
E1_cec2022_paper_budget,cec2022,6,10,SEHHO-COBL,23,8627044350435280304,15000,15000,1800.2053375843398,0.2053375843397589,0.2053375843397589,0.88976941400324
E1_cec2022_paper_budget,cec2022,6,10,SEHHO-COBL,24,4729975422145766748,15000,15000,1816.0892134792946,16.089213479294585,16.089213479294585,0.8693899189820513
E1_cec2022_paper_budget,cec2022,6,10,SEHHO-COBL,25,7220467005273810488,15000,15000,1808.2125667128394,8.212566712839362,8.212566712839362,0.8995628319971729
E1_cec2022_paper_budget,cec2022,6,10,SEHHO-COBL,26,3617865539184846383,15000,15000,1818.535562711751,18.535562711751027,18.535562711751027,0.9097161749959923
E1_cec2022_paper_budget,cec2022,6,10,SEHHO-COBL,27,2581131662958581934,15000,15000,1803.9907537125523,3.990753712552305,3.990753712552305,0.8874029149883427
E1_cec2022_paper_budget,cec2022,6,10,SEHHO-COBL,28,418969797714078136,15000,15000,1801.0629355056144,1.062935505614405,1.062935505614405,0.8801584369794
E1_cec2022_paper_budget,cec2022,6,10,SEHHO-COBL,29,3413611727286628519,15000,15000,1803.0404046574404,3.0404046574403765,3.0404046574403765,0.9171098439837806
E1_cec2022_paper_budget,cec2022,1,20,HHO,0,6056507977496828896,15000,15000,23605.34790434233,23305.34790434233,23305.34790434233,0.6037217889970634
E1_cec2022_paper_budget,cec2022,1,20,HHO,1,8121484750038606352,15000,15000,15666.990680063072,15366.990680063072,15366.990680063072,0.6039966550015379
E1_cec2022_paper_budget,cec2022,1,20,HHO,2,6787402003571052424,15000,15000,36040.21971902267,35740.21971902267,35740.21971902267,0.6081806120055262
E1_cec2022_paper_budget,cec2022,1,20,HHO,3,6895776590913922561,15000,15000,12615.907727999642,12315.907727999642,12315.907727999642,0.6060724080016371
E1_cec2022_paper_budget,cec2022,1,20,HHO,4,2421412936007916363,15000,15000,36184.960764544914,35884.960764544914,35884.960764544914,0.5939316259755287
E1_cec2022_paper_budget,cec2022,1,20,HHO,5,4916593311181345766,15000,15000,29482.755575118466,29182.755575118466,29182.755575118466,0.5863536330289207
E1_cec2022_paper_budget,cec2022,1,20,HHO,6,1506468997739480142,15000,15000,48068.161243955896,47768.161243955896,47768.161243955896,0.5926900979829952
E1_cec2022_paper_budget,cec2022,1,20,HHO,7,1073992136087120370,15000,15000,30298.781295144803,29998.781295144803,29998.781295144803,0.5976489380118437
E1_cec2022_paper_budget,cec2022,1,20,HHO,8,7038350406358682355,15000,15000,24310.928048811027,24010.928048811027,24010.928048811027,0.5934889349737205
E1_cec2022_paper_budget,cec2022,1,20,HHO,9,168925691586680721,15000,15000,34744.28624915057,34444.28624915057,34444.28624915057,0.5801395779999439
E1_cec2022_paper_budget,cec2022,1,20,HHO,10,845011340877959189,15000,15000,22364.309431495916,22064.309431495916,22064.309431495916,0.5923754069954157
E1_cec2022_paper_budget,cec2022,1,20,HHO,11,4579356654854968496,15000,15000,23964.497600379957,23664.497600379957,23664.497600379957,0.6048881160095334
E1_cec2022_paper_budget,cec2022,1,20,HHO,12,6266144861864678484,15000,15000,17864.725238161256,17564.725238161256,17564.725238161256,0.593878276005853
E1_cec2022_paper_budget,cec2022,1,20,HHO,13,4519488736818333558,15000,15000,25213.71130096295,24913.71130096295,24913.71130096295,0.5980179100006353
E1_cec2022_paper_budget,cec2022,1,20,HHO,14,6575238806788061422,15000,15000,25328.39961265666,25028.39961265666,25028.39961265666,0.6071911760082003
E1_cec2022_paper_budget,cec2022,1,20,HHO,15,4542996643983864406,15000,15000,27835.4062250755,27535.4062250755,27535.4062250755,0.600303997984156
E1_cec2022_paper_budget,cec2022,1,20,HHO,16,199865903401081349,15000,15000,16236.914030428652,15936.914030428652,15936.914030428652,0.6074161269934848
E1_cec2022_paper_budget,cec2022,1,20,HHO,17,1101466318898564610,15000,15000,17620.195597445094,17320.195597445094,17320.195597445094,0.5899401399947237
E1_cec2022_paper_budget,cec2022,1,20,HHO,18,5089319237106534252,15000,15000,32588.538796592034,32288.538796592034,32288.538796592034,0.46267923701088876
E1_cec2022_paper_budget,cec2022,1,20,HHO,19,6506368477906592127,15000,15000,22964.895263391903,22664.895263391903,22664.895263391903,0.4550883389892988
E1_cec2022_paper_budget,cec2022,1,20,HHO,20,3724435710912356291,15000,15000,15253.06461363532,14953.06461363532,14953.06461363532,0.456284684012644
E1_cec2022_paper_budget,cec2022,1,20,HHO,21,5084540748527309805,15000,15000,15765.22238021041,15465.22238021041,15465.22238021041,0.45887804799713194
E1_cec2022_paper_budget,cec2022,1,20,HHO,22,6794482629203497577,15000,15000,13111.71229869655,12811.71229869655,12811.71229869655,0.4572765339980833
E1_cec2022_paper_budget,cec2022,1,20,HHO,23,6713927770800478194,15000,15000,35305.169173117785,35005.169173117785,35005.169173117785,0.4623168270045426
E1_cec2022_paper_budget,cec2022,1,20,HHO,24,3221843549638685164,15000,15000,16759.899745927534,16459.899745927534,16459.899745927534,0.576814000000013
E1_cec2022_paper_budget,cec2022,1,20,HHO,25,2645727941230622708,15000,15000,21497.356841642104,21197.356841642104,21197.356841642104,0.5760000940063037
E1_cec2022_paper_budget,cec2022,1,20,HHO,26,8666837662277003251,15000,15000,27554.125622658186,27254.125622658186,27254.125622658186,0.5746848670241889
E1_cec2022_paper_budget,cec2022,1,20,HHO,27,7213101787934438843,15000,15000,34409.96898719552,34109.96898719552,34109.96898719552,0.5722957449906971
E1_cec2022_paper_budget,cec2022,1,20,HHO,28,7721217255373892038,15000,15000,27785.48982080179,27485.48982080179,27485.48982080179,0.5747526139894035
E1_cec2022_paper_budget,cec2022,1,20,HHO,29,7938403008283614963,15000,15000,28628.466890260443,28328.466890260443,28328.466890260443,0.5934924919856712
E1_cec2022_paper_budget,cec2022,7,20,SHADE,0,2111942572245585535,15000,15000,2089.742631219821,89.74263121982085,89.74263121982085,0.21662496399949305
E1_cec2022_paper_budget,cec2022,7,20,SHADE,1,917149264155776799,15000,15000,2067.906707791913,67.90670779191305,67.90670779191305,0.21418201198684983
E1_cec2022_paper_budget,cec2022,7,20,SHADE,2,6294784712517625357,15000,15000,2074.689722953433,74.68972295343292,74.68972295343292,0.21217092100414447
E1_cec2022_paper_budget,cec2022,7,20,SHADE,3,8895641859083053423,15000,15000,2078.495593535559,78.49559353555878,78.49559353555878,0.21231660401099361
E1_cec2022_paper_budget,cec2022,7,20,SHADE,4,8418104989174104668,15000,15000,2088.3890975060262,88.38909750602625,88.38909750602625,0.20950556101161055
E1_cec2022_paper_budget,cec2022,7,20,SHADE,5,1961113024573640178,15000,15000,2089.67300951907,89.67300951907009,89.67300951907009,0.21150576299987733
E1_cec2022_paper_budget,cec2022,7,20,SHADE,6,5117669289493539055,15000,15000,2095.5799313707726,95.57993137077256,95.57993137077256,0.21193066000705585
E1_cec2022_paper_budget,cec2022,7,20,SHADE,7,7257231710939289165,15000,15000,2099.2154507464093,99.21545074640926,99.21545074640926,0.21211480599595234
E1_cec2022_paper_budget,cec2022,7,20,SHADE,8,1415962647819510057,15000,15000,2094.0319877384377,94.03198773843769,94.03198773843769,0.21133861900307238
E1_cec2022_paper_budget,cec2022,7,20,SHADE,9,8752124036724103437,15000,15000,2069.4783618117053,69.47836181170533,69.47836181170533,0.21269681700505316
E1_cec2022_paper_budget,cec2022,7,20,SHADE,10,8761245263067009681,15000,15000,2101.246808698559,101.24680869855911,101.24680869855911,0.2111645929981023
E1_cec2022_paper_budget,cec2022,7,20,SHADE,11,3085809538243460618,15000,15000,2092.7415081130466,92.74150811304662,92.74150811304662,0.20967418799409643
E1_cec2022_paper_budget,cec2022,7,20,SHADE,12,6807911963927849260,15000,15000,2079.033096312685,79.03309631268485,79.03309631268485,0.21102207599324174
E1_cec2022_paper_budget,cec2022,7,20,SHADE,13,3578369288640919485,15000,15000,2103.999408983343,103.99940898334307,103.99940898334307,0.2080877730040811
E1_cec2022_paper_budget,cec2022,7,20,SHADE,14,7455296430459814777,15000,15000,2113.6317986592217,113.63179865922166,113.63179865922166,0.20786824999959208
E1_cec2022_paper_budget,cec2022,7,20,SHADE,15,7352421670032697531,15000,15000,2088.239904986901,88.23990498690091,88.23990498690091,0.2073460609826725
E1_cec2022_paper_budget,cec2022,7,20,SHADE,16,1226892083313606856,15000,15000,2094.39856545665,94.39856545664998,94.39856545664998,0.20946334197651595
E1_cec2022_paper_budget,cec2022,7,20,SHADE,17,3842976051367098969,15000,15000,2091.230056403114,91.23005640311385,91.23005640311385,0.20898588697309606
E1_cec2022_paper_budget,cec2022,7,20,SHADE,18,7060523889441666646,15000,15000,2079.143752229876,79.1437522298761,79.1437522298761,0.20958503099973314
E1_cec2022_paper_budget,cec2022,7,20,SHADE,19,6738595950838627991,15000,15000,2099.980672311056,99.98067231105597,99.98067231105597,0.20905412500724196
E1_cec2022_paper_budget,cec2022,7,20,SHADE,20,7893261798603348505,15000,15000,2090.29727967958,90.29727967957979,90.29727967957979,0.20920201198896393
E1_cec2022_paper_budget,cec2022,7,20,SHADE,21,8294739200795777298,15000,15000,2096.2008784894283,96.2008784894283,96.2008784894283,0.2087566670088563
E1_cec2022_paper_budget,cec2022,7,20,SHADE,22,5574188939755593024,15000,15000,2076.556231253291,76.55623125329112,76.55623125329112,0.2093543469964061
E1_cec2022_paper_budget,cec2022,7,20,SHADE,23,8359714942230586569,15000,15000,2076.079267536613,76.07926753661286,76.07926753661286,0.20953380499850027
E1_cec2022_paper_budget,cec2022,7,20,SHADE,24,6579274028110239084,15000,15000,2086.870714809163,86.87071480916302,86.87071480916302,0.2083111509855371
E1_cec2022_paper_budget,cec2022,7,20,SHADE,25,8875954044236211825,15000,15000,2085.427391827579,85.42739182757896,85.42739182757896,0.20795105598517694
E1_cec2022_paper_budget,cec2022,7,20,SHADE,26,2901009906468704196,15000,15000,2099.72276300514,99.72276300514022,99.72276300514022,0.2087226930016186
E1_cec2022_paper_budget,cec2022,7,20,SHADE,27,8128666909375184563,15000,15000,2075.34959180506,75.34959180505984,75.34959180505984,0.21145914599765092
E1_cec2022_paper_budget,cec2022,7,20,SHADE,28,574304164824401873,15000,15000,2069.559259349327,69.55925934932702,69.55925934932702,0.2117120100010652
E1_cec2022_paper_budget,cec2022,7,20,SHADE,29,2952748181407919668,15000,15000,2064.436228376436,64.43622837643579,64.43622837643579,0.2108208890131209
E1_cec2022_paper_budget,cec2022,9,20,DE,0,411940384196257927,15000,15000,2482.044069895396,182.0440698953962,182.0440698953962,0.11794949800241739
E1_cec2022_paper_budget,cec2022,9,20,DE,1,1871659605647079013,15000,15000,2481.610172561148,181.61017256114792,181.61017256114792,0.11680763598997146
E1_cec2022_paper_budget,cec2022,9,20,DE,2,8469558588085532707,15000,15000,2482.256285958724,182.25628595872422,182.25628595872422,0.11555121999117546
E1_cec2022_paper_budget,cec2022,9,20,DE,3,2068575573107054166,15000,15000,2481.881143258972,181.88114325897186,181.88114325897186,0.11602817400125787
E1_cec2022_paper_budget,cec2022,9,20,DE,4,4206888060604913233,15000,15000,2482.730527132112,182.730527132112,182.730527132112,0.11362811300205067
E1_cec2022_paper_budget,cec2022,9,20,DE,5,5687161352313360288,15000,15000,2482.0363353241505,182.0363353241505,182.0363353241505,0.11851749301422387
E1_cec2022_paper_budget,cec2022,9,20,DE,6,496651619920441180,15000,15000,2481.641463976885,181.641463976885,181.641463976885,0.11740773101337254
E1_cec2022_paper_budget,cec2022,9,20,DE,7,8310856526162754369,15000,15000,2482.4711406188667,182.47114061886668,182.47114061886668,0.11629712898866273
E1_cec2022_paper_budget,cec2022,9,20,DE,8,5390085578017944526,15000,15000,2481.943204667377,181.9432046673769,181.9432046673769,0.11485015499056317
E1_cec2022_paper_budget,cec2022,9,20,DE,9,7806555894848286263,15000,15000,2482.678433877745,182.6784338777452,182.6784338777452,0.11605764902196825
E1_cec2022_paper_budget,cec2022,9,20,DE,10,8506012653860675073,15000,15000,2481.4431480778608,181.44314807786077,181.44314807786077,0.11469150701304898
E1_cec2022_paper_budget,cec2022,9,20,DE,11,4246971323452971273,15000,15000,2481.883329910927,181.88332991092693,181.88332991092693,0.11579390498809516
E1_cec2022_paper_budget,cec2022,9,20,DE,12,4906497515893060046,15000,15000,2482.230036747377,182.2300367473772,182.2300367473772,0.11475797201273963
E1_cec2022_paper_budget,cec2022,9,20,DE,13,4796583823737472286,15000,15000,2481.9852513890687,181.9852513890687,181.9852513890687,0.11650393702439032
E1_cec2022_paper_budget,cec2022,9,20,DE,14,2970514125917729796,15000,15000,2482.210468671534,182.21046867153382,182.21046867153382,0.11640515102772042
E1_cec2022_paper_budget,cec2022,9,20,DE,15,7124220420612260635,15000,15000,2481.7600963769573,181.76009637695734,181.76009637695734,0.11489695199998096
E1_cec2022_paper_budget,cec2022,9,20,DE,16,1413670986847635083,15000,15000,2482.134249330855,182.1342493308548,182.1342493308548,0.11633762400015257
E1_cec2022_paper_budget,cec2022,9,20,DE,17,3542205591424141849,15000,15000,2483.071087532985,183.07108753298508,183.07108753298508,0.1148413679911755
E1_cec2022_paper_budget,cec2022,9,20,DE,18,7068982251696172677,15000,15000,2481.9132807472206,181.9132807472206,181.9132807472206,0.11538311399635859
E1_cec2022_paper_budget,cec2022,9,20,DE,19,3265706371251842434,15000,15000,2482.23132403165,182.23132403164982,182.23132403164982,0.11547325298306532
E1_cec2022_paper_budget,cec2022,9,20,DE,20,2202135339191973335,15000,15000,2482.0809994538126,182.08099945381264,182.08099945381264,0.11556697901687585
E1_cec2022_paper_budget,cec2022,9,20,DE,21,2040959688095098917,15000,15000,2482.3017769279277,182.30177692792768,182.30177692792768,0.11608814602368511
E1_cec2022_paper_budget,cec2022,9,20,DE,22,1221715468892552976,15000,15000,2481.581364941912,181.58136494191194,181.58136494191194,0.12159026600420475
E1_cec2022_paper_budget,cec2022,9,20,DE,23,3815405367204859617,15000,15000,2481.494410136832,181.4944101368319,181.4944101368319,0.12117727199802175
E1_cec2022_paper_budget,cec2022,9,20,DE,24,3709021473929658681,15000,15000,2482.0032725499786,182.00327254997865,182.00327254997865,0.12208274999284185
E1_cec2022_paper_budget,cec2022,9,20,DE,25,5977643481806104696,15000,15000,2481.845177321201,181.84517732120094,181.84517732120094,0.12223480502143502
E1_cec2022_paper_budget,cec2022,9,20,DE,26,4493585425739859085,15000,15000,2482.3300817819754,182.33008178197542,182.33008178197542,0.12282114499248564
E1_cec2022_paper_budget,cec2022,9,20,DE,27,6718086802354889444,15000,15000,2481.984610003991,181.98461000399084,181.98461000399084,0.12168458302039653
E1_cec2022_paper_budget,cec2022,9,20,DE,28,4418799659162516329,15000,15000,2481.931144316806,181.93114431680578,181.93114431680578,0.12253084100666456
E1_cec2022_paper_budget,cec2022,9,20,DE,29,7561571741893982611,15000,15000,2482.894187941701,182.89418794170115,182.89418794170115,0.12254421500256285
E1_cec2022_paper_budget,cec2022,8,20,DE,0,3558122035776234830,15000,15000,2243.0303492269045,43.03034922690449,43.03034922690449,0.17468672498944215
E1_cec2022_paper_budget,cec2022,8,20,DE,1,7441899426604377036,15000,15000,2241.6063165248106,41.60631652481061,41.60631652481061,0.1733992999943439
E1_cec2022_paper_budget,cec2022,8,20,DE,2,208040128580202865,15000,15000,2244.461461662276,44.46146166227618,44.46146166227618,0.17005245201289654
E1_cec2022_paper_budget,cec2022,8,20,DE,3,4976543460415654068,15000,15000,2242.2563648004807,42.256364800480696,42.256364800480696,0.19409145100507885
E1_cec2022_paper_budget,cec2022,8,20,DE,4,7753879274020481023,15000,15000,2240.203032441619,40.20303244161914,40.20303244161914,0.1678813610051293
E1_cec2022_paper_budget,cec2022,8,20,DE,5,7823299188209675731,15000,15000,2245.6034871174957,45.60348711749566,45.60348711749566,0.1769726519996766
E1_cec2022_paper_budget,cec2022,8,20,DE,6,6320973354864953332,15000,15000,2237.3579648566156,37.35796485661558,37.35796485661558,0.20636180500150658
E1_cec2022_paper_budget,cec2022,8,20,DE,7,3384281500933541265,15000,15000,2242.4172886426536,42.4172886426536,42.4172886426536,0.21030558200436644
E1_cec2022_paper_budget,cec2022,8,20,DE,8,7167270768671998225,15000,15000,2239.1526495058115,39.152649505811496,39.152649505811496,0.2100935250055045
E1_cec2022_paper_budget,cec2022,8,20,DE,9,2091819763580648914,15000,15000,2252.3452022373517,52.345202237351714,52.345202237351714,0.21227868198184296
E1_cec2022_paper_budget,cec2022,8,20,DE,10,2028424205556807402,15000,15000,2238.8369363328025,38.83693633280245,38.83693633280245,0.20980328001314774
E1_cec2022_paper_budget,cec2022,8,20,DE,11,2168714633786616014,15000,15000,2246.778510948393,46.77851094839298,46.77851094839298,0.2116710830014199
E1_cec2022_paper_budget,cec2022,8,20,DE,12,772507444499699712,15000,15000,2247.5159330288084,47.51593302880838,47.51593302880838,0.2124150589806959
E1_cec2022_paper_budget,cec2022,8,20,DE,13,4269045500239934287,15000,15000,2241.4891861900105,41.489186190010514,41.489186190010514,0.19786542901420034
E1_cec2022_paper_budget,cec2022,8,20,DE,14,7313309453181320151,15000,15000,2240.6099189557367,40.6099189557367,40.6099189557367,0.17882476598606445
E1_cec2022_paper_budget,cec2022,8,20,DE,15,4913006925334834151,15000,15000,2238.9457608590783,38.94576085907829,38.94576085907829,0.16847116700955667
E1_cec2022_paper_budget,cec2022,8,20,DE,16,7465134679027099170,15000,15000,2237.558065722036,37.55806572203619,37.55806572203619,0.23652828598278575
E1_cec2022_paper_budget,cec2022,8,20,DE,17,4736070659368605612,15000,15000,2243.117603523939,43.117603523939124,43.117603523939124,0.22735621200990863
E1_cec2022_paper_budget,cec2022,8,20,DE,18,7287192251152138664,15000,15000,2243.7924669347226,43.7924669347226,43.7924669347226,0.20943898599944077
E1_cec2022_paper_budget,cec2022,8,20,DE,19,956498749760329354,15000,15000,2238.6938882896934,38.693888289693405,38.693888289693405,0.216711988003226
E1_cec2022_paper_budget,cec2022,8,20,DE,20,7377749564674793483,15000,15000,2242.3695165907416,42.36951659074157,42.36951659074157,0.16804963600588962
E1_cec2022_paper_budget,cec2022,8,20,DE,21,6621371547544976643,15000,15000,2252.063961204142,52.06396120414183,52.06396120414183,0.1890657949843444
E1_cec2022_paper_budget,cec2022,8,20,DE,22,1300976337201803323,15000,15000,2242.722247068041,42.722247068040815,42.722247068040815,0.19523674799711443
E1_cec2022_paper_budget,cec2022,8,20,DE,23,3440327475821007952,15000,15000,2239.3923736213355,39.39237362133554,39.39237362133554,0.17561927399947308
E1_cec2022_paper_budget,cec2022,8,20,DE,24,2304021411939392231,15000,15000,2248.2978962150523,48.29789621505233,48.29789621505233,0.19258620700566098
E1_cec2022_paper_budget,cec2022,8,20,DE,25,3145492349104793107,15000,15000,2238.5950186540585,38.59501865405855,38.59501865405855,0.18015927899978124
E1_cec2022_paper_budget,cec2022,8,20,DE,26,5687639635031944002,15000,15000,2253.326930593852,53.32693059385201,53.32693059385201,0.16717745101777837
E1_cec2022_paper_budget,cec2022,8,20,DE,27,1486763987716139966,15000,15000,2249.630016519077,49.63001651907689,49.63001651907689,0.1937097750196699
E1_cec2022_paper_budget,cec2022,8,20,DE,28,3062979061081589205,15000,15000,2245.022521298753,45.02252129875296,45.02252129875296,0.2101926709874533
E1_cec2022_paper_budget,cec2022,8,20,DE,29,2838760534189396455,15000,15000,2254.365450129893,54.365450129892906,54.365450129892906,0.2100969710154459
E1_cec2022_paper_budget,cec2022,7,20,LSHADE,0,9142527207361436394,15000,15000,2071.9094204114267,71.90942041142671,71.90942041142671,0.23617700699833222
E1_cec2022_paper_budget,cec2022,7,20,LSHADE,1,7954824133710049133,15000,15000,2061.4162113802054,61.41621138020537,61.41621138020537,0.2325433710066136
E1_cec2022_paper_budget,cec2022,7,20,LSHADE,2,4145173240799334289,15000,15000,2058.487081746146,58.48708174614603,58.48708174614603,0.22747106800670736
E1_cec2022_paper_budget,cec2022,7,20,LSHADE,3,7844893449354831505,15000,15000,2070.674765885331,70.674765885331,70.674765885331,0.22533559199655429
E1_cec2022_paper_budget,cec2022,7,20,LSHADE,4,3534143641775212323,15000,15000,2064.1669690490758,64.16696904907576,64.16696904907576,0.2248384899867233
E1_cec2022_paper_budget,cec2022,7,20,LSHADE,5,4808818243687652576,15000,15000,2061.8604641790184,61.860464179018436,61.860464179018436,0.22924942299141549
E1_cec2022_paper_budget,cec2022,7,20,LSHADE,6,5918119345342260469,15000,15000,2051.106606842204,51.1066068422042,51.1066068422042,0.22741616400890052
E1_cec2022_paper_budget,cec2022,7,20,LSHADE,7,7537389248773036095,15000,15000,2058.1836059496677,58.18360594966771,58.18360594966771,0.23162646099808626
E1_cec2022_paper_budget,cec2022,7,20,LSHADE,8,6121300456189112049,15000,15000,2047.205556596914,47.20555659691399,47.20555659691399,0.23175712701049633
E1_cec2022_paper_budget,cec2022,7,20,LSHADE,9,7160831023531428887,15000,15000,2052.8322204786873,52.832220478687304,52.832220478687304,0.2295727200107649
E1_cec2022_paper_budget,cec2022,7,20,LSHADE,10,3261487862958619542,15000,15000,2056.209424143131,56.209424143130946,56.209424143130946,0.23003954501473345
E1_cec2022_paper_budget,cec2022,7,20,LSHADE,11,8680413838999196277,15000,15000,2056.648193174104,56.64819317410411,56.64819317410411,0.22816712298663333
E1_cec2022_paper_budget,cec2022,7,20,LSHADE,12,2276684840658826042,15000,15000,2054.0905692545257,54.09056925452569,54.09056925452569,0.22634481498971581
E1_cec2022_paper_budget,cec2022,7,20,LSHADE,13,5902701866008756128,15000,15000,2052.011902462036,52.01190246203578,52.01190246203578,0.22801772301318124
E1_cec2022_paper_budget,cec2022,7,20,LSHADE,14,5193252044264249485,15000,15000,2059.309296330032,59.309296330031884,59.309296330031884,0.2309616639977321
E1_cec2022_paper_budget,cec2022,7,20,LSHADE,15,7511302359214091800,15000,15000,2058.7602007371966,58.760200737196556,58.760200737196556,0.22965297001064755
E1_cec2022_paper_budget,cec2022,7,20,LSHADE,16,3352966660820017858,15000,15000,2078.8540662253245,78.85406622532446,78.85406622532446,0.2309696799784433
E1_cec2022_paper_budget,cec2022,7,20,LSHADE,17,2595673888020327067,15000,15000,2061.9981100178393,61.99811001783928,61.99811001783928,0.2289382090093568
E1_cec2022_paper_budget,cec2022,7,20,LSHADE,18,7673484738398552476,15000,15000,2077.077470651041,77.07747065104104,77.07747065104104,0.22290162701392546
E1_cec2022_paper_budget,cec2022,7,20,LSHADE,19,815727570335542550,15000,15000,2062.346852302357,62.34685230235709,62.34685230235709,0.23047646501800045
E1_cec2022_paper_budget,cec2022,7,20,LSHADE,20,2589023274564402245,15000,15000,2064.809850996839,64.80985099683903,64.80985099683903,0.23302205902291462
E1_cec2022_paper_budget,cec2022,7,20,LSHADE,21,5160017725888016308,15000,15000,2053.455757414952,53.45575741495213,53.45575741495213,0.22945207401062362
E1_cec2022_paper_budget,cec2022,7,20,LSHADE,22,931394280137143811,15000,15000,2058.829139664452,58.829139664452214,58.829139664452214,0.22969900598400272
E1_cec2022_paper_budget,cec2022,7,20,LSHADE,23,3812074807391781773,15000,15000,2065.730965156126,65.73096515612588,65.73096515612588,0.22952602201257832
E1_cec2022_paper_budget,cec2022,7,20,LSHADE,24,3865697033177917010,15000,15000,2067.8404696499256,67.84046964992558,67.84046964992558,0.22931414499180391
E1_cec2022_paper_budget,cec2022,7,20,LSHADE,25,4008938314273074244,15000,15000,2055.4148027655947,55.414802765594686,55.414802765594686,0.2289113389851991
E1_cec2022_paper_budget,cec2022,7,20,LSHADE,26,2570676055451536523,15000,15000,2053.6047468075044,53.6047468075044,53.6047468075044,0.23134188799303956
E1_cec2022_paper_budget,cec2022,7,20,LSHADE,27,7982983221370202935,15000,15000,2053.527644740319,53.52764474031892,53.52764474031892,0.22958379000192508
E1_cec2022_paper_budget,cec2022,7,20,LSHADE,28,1409510766407022609,15000,15000,2052.1081274931535,52.10812749315346,52.10812749315346,0.2342600520059932
E1_cec2022_paper_budget,cec2022,7,20,LSHADE,29,744406940726472761,15000,15000,2062.9512956192507,62.951295619250686,62.951295619250686,0.22993203302030452
E1_cec2022_paper_budget,cec2022,2,20,HHO,0,803797558618963403,15000,15000,467.7887424620822,67.78874246208221,67.78874246208221,0.5880208799790125
E1_cec2022_paper_budget,cec2022,2,20,HHO,1,3024973005169876452,15000,15000,542.5566596512135,142.55665965121352,142.55665965121352,0.5532650309905875
E1_cec2022_paper_budget,cec2022,2,20,HHO,2,4333295535837582950,15000,15000,562.0503686236964,162.0503686236964,162.0503686236964,0.4747151419869624
E1_cec2022_paper_budget,cec2022,2,20,HHO,3,285825581294993021,15000,15000,568.2772936567135,168.27729365671348,168.27729365671348,0.42003262901562266
E1_cec2022_paper_budget,cec2022,2,20,HHO,4,4755826607786571820,15000,15000,603.7111732869943,203.71117328699427,203.71117328699427,0.5427312340179924
E1_cec2022_paper_budget,cec2022,2,20,HHO,5,6518404838247315755,15000,15000,555.5855313900344,155.58553139003436,155.58553139003436,0.5509611699962988
E1_cec2022_paper_budget,cec2022,2,20,HHO,6,493560474179018780,15000,15000,608.9467599010928,208.94675990109283,208.94675990109283,0.377821367001161
E1_cec2022_paper_budget,cec2022,2,20,HHO,7,5502234039296565526,15000,15000,518.420712227167,118.42071222716697,118.42071222716697,0.37805581698194146
E1_cec2022_paper_budget,cec2022,2,20,HHO,8,9151058759659689590,15000,15000,545.3013267717612,145.30132677176118,145.30132677176118,0.3588489310059231
E1_cec2022_paper_budget,cec2022,2,20,HHO,9,5890255418859858362,15000,15000,583.6080712566511,183.6080712566511,183.6080712566511,0.3556212880066596
E1_cec2022_paper_budget,cec2022,2,20,HHO,10,6025085005260087880,15000,15000,593.7674048317056,193.76740483170556,193.76740483170556,0.5546471739944536
E1_cec2022_paper_budget,cec2022,2,20,HHO,11,2673561087188606723,15000,15000,634.4753965692107,234.47539656921072,234.47539656921072,0.4724651919968892
E1_cec2022_paper_budget,cec2022,2,20,HHO,12,3768362381478347213,15000,15000,582.5495272121376,182.5495272121376,182.5495272121376,0.47706969900173135
E1_cec2022_paper_budget,cec2022,2,20,HHO,13,3505401095836796106,15000,15000,582.1559765391631,182.15597653916313,182.15597653916313,0.5070455420063809
E1_cec2022_paper_budget,cec2022,2,20,HHO,14,739100459224904518,15000,15000,595.722085456196,195.72208545619606,195.72208545619606,0.5405297440011054
E1_cec2022_paper_budget,cec2022,2,20,HHO,15,7401165102015803825,15000,15000,661.3140928718046,261.31409287180463,261.31409287180463,0.5646867040195502
E1_cec2022_paper_budget,cec2022,2,20,HHO,16,3069747381447771568,15000,15000,550.8387704841243,150.83877048412432,150.83877048412432,0.5584208520012908
E1_cec2022_paper_budget,cec2022,2,20,HHO,17,8914313923927369288,15000,15000,574.1801915972464,174.18019159724645,174.18019159724645,0.5688702109910082
E1_cec2022_paper_budget,cec2022,2,20,HHO,18,8544680453268123745,15000,15000,630.7790667698479,230.77906676984787,230.77906676984787,0.5733874930010643
E1_cec2022_paper_budget,cec2022,2,20,HHO,19,5058345226958937789,15000,15000,650.3191133229461,250.31911332294612,250.31911332294612,0.5912918839894701
E1_cec2022_paper_budget,cec2022,2,20,HHO,20,1384858234681799527,15000,15000,539.9566297903665,139.9566297903665,139.9566297903665,0.5833566310175229
E1_cec2022_paper_budget,cec2022,2,20,HHO,21,4984490601024285294,15000,15000,579.2594994700872,179.25949947008723,179.25949947008723,0.5894831619807519
E1_cec2022_paper_budget,cec2022,2,20,HHO,22,5906812250662889738,15000,15000,653.6717671933694,253.67176719336942,253.67176719336942,0.586390381999081
E1_cec2022_paper_budget,cec2022,2,20,HHO,23,7107430344933992769,15000,15000,565.0993359406428,165.09933594064285,165.09933594064285,0.580928937997669
E1_cec2022_paper_budget,cec2022,2,20,HHO,24,250373837902549936,15000,15000,614.3350977697316,214.33509776973165,214.33509776973165,0.5790539709851146
E1_cec2022_paper_budget,cec2022,2,20,HHO,25,3366078197323241076,15000,15000,603.2542370204148,203.25423702041485,203.25423702041485,0.5897488199989311
E1_cec2022_paper_budget,cec2022,2,20,HHO,26,1011434685572142596,15000,15000,613.7320705051028,213.7320705051028,213.7320705051028,0.5919751870096661
E1_cec2022_paper_budget,cec2022,2,20,HHO,27,5423770992612615510,15000,15000,655.3929938519952,255.39299385199524,255.39299385199524,0.5934372490155511
E1_cec2022_paper_budget,cec2022,2,20,HHO,28,7934024363254343482,15000,15000,621.4800146777765,221.48001467777647,221.48001467777647,0.5915914270153735
E1_cec2022_paper_budget,cec2022,2,20,HHO,29,1766190729803374518,15000,15000,529.4690414927381,129.46904149273814,129.46904149273814,0.5906666519877035
E1_cec2022_paper_budget,cec2022,9,20,SHADE,0,7563552561393487154,15000,15000,2480.8752652000917,180.8752652000917,180.8752652000917,0.13793417101260275
E1_cec2022_paper_budget,cec2022,9,20,SHADE,1,6407530381198942007,15000,15000,2480.83129550249,180.83129550248987,180.83129550248987,0.13064642300014384
E1_cec2022_paper_budget,cec2022,9,20,SHADE,2,3203145331690646516,15000,15000,2480.897065838115,180.89706583811494,180.89706583811494,0.12104360098601319
E1_cec2022_paper_budget,cec2022,9,20,SHADE,3,4971939011135351161,15000,15000,2480.8994314559486,180.89943145594862,180.89943145594862,0.12929857400013134
E1_cec2022_paper_budget,cec2022,9,20,SHADE,4,5030633964849130595,15000,15000,2480.864967283145,180.86496728314478,180.86496728314478,0.15801335201831535
E1_cec2022_paper_budget,cec2022,9,20,SHADE,5,7373845137981285751,15000,15000,2480.9454851515616,180.94548515156157,180.94548515156157,0.15674216698971577
E1_cec2022_paper_budget,cec2022,9,20,SHADE,6,2475125392244161926,15000,15000,2480.916072882338,180.91607288233809,180.91607288233809,0.15738996298750862
E1_cec2022_paper_budget,cec2022,9,20,SHADE,7,6340108035345530011,15000,15000,2480.9493537354533,180.94935373545331,180.94935373545331,0.1568271169962827
E1_cec2022_paper_budget,cec2022,9,20,SHADE,8,6786074590714229991,15000,15000,2480.968002041152,180.96800204115198,180.96800204115198,0.15647059798357077
E1_cec2022_paper_budget,cec2022,9,20,SHADE,9,3184980537585342268,15000,15000,2480.9176413734917,180.91764137349173,180.91764137349173,0.15554063400486484
E1_cec2022_paper_budget,cec2022,9,20,SHADE,10,1507609740254720499,15000,15000,2480.8923488270784,180.89234882707842,180.89234882707842,0.15644082200014964
E1_cec2022_paper_budget,cec2022,9,20,SHADE,11,8522862443619503156,15000,15000,2480.8675439212047,180.86754392120474,180.86754392120474,0.15697941300459206
E1_cec2022_paper_budget,cec2022,9,20,SHADE,12,5926264237325085149,15000,15000,2480.8671948492097,180.86719484920968,180.86719484920968,0.15588307598954998
E1_cec2022_paper_budget,cec2022,9,20,SHADE,13,2046911902560553614,15000,15000,2480.8869376433117,180.88693764331174,180.88693764331174,0.15658233800786547
E1_cec2022_paper_budget,cec2022,9,20,SHADE,14,6267803330314526287,15000,15000,2480.873924508701,180.87392450870084,180.87392450870084,0.15615613799309358
E1_cec2022_paper_budget,cec2022,9,20,SHADE,15,2511985141733729078,15000,15000,2480.8842646714716,180.88426467147156,180.88426467147156,0.15640525601338595
E1_cec2022_paper_budget,cec2022,9,20,SHADE,16,3854449254891331906,15000,15000,2480.9403508188566,180.9403508188566,180.9403508188566,0.1563276410161052
E1_cec2022_paper_budget,cec2022,9,20,SHADE,17,920062423240380857,15000,15000,2480.8348380470184,180.83483804701837,180.83483804701837,0.15748514101142064
E1_cec2022_paper_budget,cec2022,9,20,SHADE,18,9198112569014490546,15000,15000,2480.8491959774296,180.84919597742964,180.84919597742964,0.15980847901664674
E1_cec2022_paper_budget,cec2022,9,20,SHADE,19,470759862919189893,15000,15000,2480.917093995598,180.91709399559795,180.91709399559795,0.1615214119956363
E1_cec2022_paper_budget,cec2022,9,20,SHADE,20,8355206674087077484,15000,15000,2480.874154477347,180.87415447734702,180.87415447734702,0.15896631000214256
E1_cec2022_paper_budget,cec2022,9,20,SHADE,21,6344086966898459649,15000,15000,2480.8948953394565,180.89489533945653,180.89489533945653,0.15951991701149382
E1_cec2022_paper_budget,cec2022,9,20,SHADE,22,6883597904534578862,15000,15000,2480.8598165079234,180.85981650792337,180.85981650792337,0.15813949800212868
E1_cec2022_paper_budget,cec2022,9,20,SHADE,23,8810139868808072201,15000,15000,2480.8688757300456,180.8688757300456,180.8688757300456,0.15711027799989097
E1_cec2022_paper_budget,cec2022,9,20,SHADE,24,8190616528298389753,15000,15000,2480.8083665001577,180.80836650015772,180.80836650015772,0.16143361700233072
E1_cec2022_paper_budget,cec2022,9,20,SHADE,25,5359100826289348745,15000,15000,2480.8976261475996,180.89762614759957,180.89762614759957,0.15841287100920454
E1_cec2022_paper_budget,cec2022,9,20,SHADE,26,2891517142916126808,15000,15000,2480.971878824338,180.9718788243381,180.9718788243381,0.15800844298792072
E1_cec2022_paper_budget,cec2022,9,20,SHADE,27,1202500022807199443,15000,15000,2480.9190217637683,180.91902176376834,180.91902176376834,0.15724680398125201
E1_cec2022_paper_budget,cec2022,9,20,SHADE,28,2561618870877893258,15000,15000,2480.851528863549,180.851528863549,180.851528863549,0.15761068699066527
E1_cec2022_paper_budget,cec2022,9,20,SHADE,29,1263045694329756357,15000,15000,2480.972353226584,180.9723532265839,180.9723532265839,0.1692346289928537
E1_cec2022_paper_budget,cec2022,8,20,SHADE,0,4440080728428136251,15000,15000,2242.342754679495,42.3427546794951,42.3427546794951,0.2081914870068431
E1_cec2022_paper_budget,cec2022,8,20,SHADE,1,2879491594424047436,15000,15000,2242.1592605043984,42.15926050439839,42.15926050439839,0.2156135679979343
E1_cec2022_paper_budget,cec2022,8,20,SHADE,2,1579794993757666574,15000,15000,2236.7725004421995,36.772500442199544,36.772500442199544,0.21308844099985436
E1_cec2022_paper_budget,cec2022,8,20,SHADE,3,1830780509839392665,15000,15000,2240.2044885912296,40.20448859122962,40.20448859122962,0.24576950899790972
E1_cec2022_paper_budget,cec2022,8,20,SHADE,4,1787386469816053626,15000,15000,2239.297988216853,39.2979882168529,39.2979882168529,0.24528624198865145
E1_cec2022_paper_budget,cec2022,8,20,SHADE,5,1188876894516055185,15000,15000,2236.89466242416,36.89466242415983,36.89466242415983,0.24566812798730098
E1_cec2022_paper_budget,cec2022,8,20,SHADE,6,6298670679290340342,15000,15000,2240.659961632525,40.65996163252521,40.65996163252521,0.24750326099456288
E1_cec2022_paper_budget,cec2022,8,20,SHADE,7,4825816524771536780,15000,15000,2238.339798502159,38.33979850215883,38.33979850215883,0.24339782001334243
E1_cec2022_paper_budget,cec2022,8,20,SHADE,8,5174321728686544192,15000,15000,2241.5185218403967,41.518521840396716,41.518521840396716,0.24348545400425792
E1_cec2022_paper_budget,cec2022,8,20,SHADE,9,7865990447331100095,15000,15000,2237.723578068801,37.72357806880109,37.72357806880109,0.24211309099337086
E1_cec2022_paper_budget,cec2022,8,20,SHADE,10,7837914303249361085,15000,15000,2242.517852728351,42.517852728351045,42.517852728351045,0.24360846501076594
E1_cec2022_paper_budget,cec2022,8,20,SHADE,11,2828422811370299971,15000,15000,2238.493633486942,38.493633486942144,38.493633486942144,0.24257921500247903
E1_cec2022_paper_budget,cec2022,8,20,SHADE,12,6555252451539717505,15000,15000,2242.6124926495268,42.61249264952676,42.61249264952676,0.24451944400789216
E1_cec2022_paper_budget,cec2022,8,20,SHADE,13,3922205919919962093,15000,15000,2235.2991795088333,35.29917950883328,35.29917950883328,0.24148988199885935
E1_cec2022_paper_budget,cec2022,8,20,SHADE,14,4237805727210690766,15000,15000,2238.881585875533,38.88158587553289,38.88158587553289,0.24237293700571172
E1_cec2022_paper_budget,cec2022,8,20,SHADE,15,7221278165212627922,15000,15000,2244.3728352122034,44.37283521220343,44.37283521220343,0.24135903600836173
E1_cec2022_paper_budget,cec2022,8,20,SHADE,16,2829748503070375439,15000,15000,2233.941276398563,33.94127639856288,33.94127639856288,0.2448751009942498
E1_cec2022_paper_budget,cec2022,8,20,SHADE,17,1040226237767201100,15000,15000,2237.9160743309903,37.91607433099034,37.91607433099034,0.24200570900575258
E1_cec2022_paper_budget,cec2022,8,20,SHADE,18,2665040591733611049,15000,15000,2233.225462736299,33.22546273629905,33.22546273629905,0.24210071700508706
E1_cec2022_paper_budget,cec2022,8,20,SHADE,19,1424473775103980313,15000,15000,2239.3195803419258,39.31958034192576,39.31958034192576,0.24338291201274842
E1_cec2022_paper_budget,cec2022,8,20,SHADE,20,3105889884486130303,15000,15000,2239.6296422440514,39.62964224405141,39.62964224405141,0.24457385600544512
E1_cec2022_paper_budget,cec2022,8,20,SHADE,21,4949958889183339131,15000,15000,2233.402343358225,33.40234335822515,33.40234335822515,0.24358203500742093
E1_cec2022_paper_budget,cec2022,8,20,SHADE,22,383420239067678495,15000,15000,2238.188819948763,38.18881994876301,38.18881994876301,0.24242914401111193
E1_cec2022_paper_budget,cec2022,8,20,SHADE,23,2730067966069075550,15000,15000,2242.1118647040003,42.111864704000254,42.111864704000254,0.2415248879988212
E1_cec2022_paper_budget,cec2022,8,20,SHADE,24,7310285478367118036,15000,15000,2232.3427677904992,32.34276779049924,32.34276779049924,0.2426397280069068
E1_cec2022_paper_budget,cec2022,8,20,SHADE,25,4217633868401661164,15000,15000,2240.105459607341,40.10545960734089,40.10545960734089,0.24126560098375194
E1_cec2022_paper_budget,cec2022,8,20,SHADE,26,7620130864172548422,15000,15000,2235.7580312403866,35.75803124038657,35.75803124038657,0.2423894790117629
E1_cec2022_paper_budget,cec2022,8,20,SHADE,27,8515372326398709383,15000,15000,2238.781634890125,38.78163489012513,38.78163489012513,0.2429293719760608
E1_cec2022_paper_budget,cec2022,8,20,SHADE,28,3109205164402122216,15000,15000,2238.339675243693,38.33967524369291,38.33967524369291,0.24588953299098648
E1_cec2022_paper_budget,cec2022,8,20,SHADE,29,2663151774501825383,15000,15000,2236.4752807876343,36.47528078763435,36.47528078763435,0.24376848599058576
E1_cec2022_paper_budget,cec2022,9,20,LSHADE,0,9036062147809024799,15000,15000,2480.786499600089,180.78649960008897,180.78649960008897,0.16030376800335944
E1_cec2022_paper_budget,cec2022,9,20,LSHADE,1,8958368963106910110,15000,15000,2480.7843794029404,180.78437940294043,180.78437940294043,0.14302940797642805
E1_cec2022_paper_budget,cec2022,9,20,LSHADE,2,7838371149878041702,15000,15000,2480.783586770436,180.78358677043616,180.78358677043616,0.1371546890004538
E1_cec2022_paper_budget,cec2022,9,20,LSHADE,3,5933733344191029802,15000,15000,2480.7833822124644,180.7833822124644,180.7833822124644,0.1662057579960674
E1_cec2022_paper_budget,cec2022,9,20,LSHADE,4,5724402053017662327,15000,15000,2480.7861758866366,180.78617588663656,180.78617588663656,0.13930751700536348
E1_cec2022_paper_budget,cec2022,9,20,LSHADE,5,8038262723182360572,15000,15000,2480.797258733416,180.79725873341613,180.79725873341613,0.13888079699245282
E1_cec2022_paper_budget,cec2022,9,20,LSHADE,6,975312398660818600,15000,15000,2480.797366769171,180.79736676917082,180.79736676917082,0.15894661299535073
E1_cec2022_paper_budget,cec2022,9,20,LSHADE,7,7539577399070455731,15000,15000,2480.7834214113727,180.78342141137273,180.78342141137273,0.13459629999124445
E1_cec2022_paper_budget,cec2022,9,20,LSHADE,8,424460997812316570,15000,15000,2480.7825149765677,180.78251497656765,180.78251497656765,0.12835309098591097
E1_cec2022_paper_budget,cec2022,9,20,LSHADE,9,2360133711670388611,15000,15000,2480.785963026398,180.7859630263979,180.7859630263979,0.12775706298998557
E1_cec2022_paper_budget,cec2022,9,20,LSHADE,10,2577979662715198410,15000,15000,2480.78931166312,180.78931166311986,180.78931166311986,0.14490762999048457
E1_cec2022_paper_budget,cec2022,9,20,LSHADE,11,2436855200426336134,15000,15000,2480.7901621055034,180.79016210550344,180.79016210550344,0.14045090100262314
E1_cec2022_paper_budget,cec2022,9,20,LSHADE,12,2616442684559561259,15000,15000,2480.785371160769,180.78537116076905,180.78537116076905,0.1508220940013416
E1_cec2022_paper_budget,cec2022,9,20,LSHADE,13,1822123858734102399,15000,15000,2480.7906398534633,180.7906398534633,180.7906398534633,0.1451828370045405
E1_cec2022_paper_budget,cec2022,9,20,LSHADE,14,172299514543447340,15000,15000,2480.7947282709165,180.7947282709165,180.7947282709165,0.14846914997906424
E1_cec2022_paper_budget,cec2022,9,20,LSHADE,15,4351106623296030187,15000,15000,2480.788902041727,180.78890204172694,180.78890204172694,0.14492536397301592
E1_cec2022_paper_budget,cec2022,9,20,LSHADE,16,4143911823447127823,15000,15000,2480.7823987096062,180.78239870960624,180.78239870960624,0.15468904699082486
E1_cec2022_paper_budget,cec2022,9,20,LSHADE,17,3123637430600864360,15000,15000,2480.7869145410277,180.78691454102773,180.78691454102773,0.1727459550020285
E1_cec2022_paper_budget,cec2022,9,20,LSHADE,18,9217027219553251865,15000,15000,2480.7874164980894,180.78741649808944,180.78741649808944,0.17590618200483732
E1_cec2022_paper_budget,cec2022,9,20,LSHADE,19,224666811917913607,15000,15000,2480.7869008121997,180.78690081219975,180.78690081219975,0.15230079798493534
E1_cec2022_paper_budget,cec2022,9,20,LSHADE,20,1966542703882355590,15000,15000,2480.7878424093633,180.7878424093633,180.7878424093633,0.15232916100649163
E1_cec2022_paper_budget,cec2022,9,20,LSHADE,21,2610303083624713639,15000,15000,2480.784211136531,180.7842111365312,180.7842111365312,0.15003264299593866
E1_cec2022_paper_budget,cec2022,9,20,LSHADE,22,6069416886753094260,15000,15000,2480.784716211041,180.7847162110411,180.7847162110411,0.16150151399779133
E1_cec2022_paper_budget,cec2022,9,20,LSHADE,23,4195797156892574204,15000,15000,2480.7833006717183,180.78330067171828,180.78330067171828,0.1761941819859203
E1_cec2022_paper_budget,cec2022,9,20,LSHADE,24,1747987822770680600,15000,15000,2480.796331891843,180.79633189184278,180.79633189184278,0.17805810799472965
E1_cec2022_paper_budget,cec2022,9,20,LSHADE,25,4544651536840074896,15000,15000,2480.7872843210425,180.78728432104253,180.78728432104253,0.177991573989857
E1_cec2022_paper_budget,cec2022,9,20,LSHADE,26,6562368671018476319,15000,15000,2480.7891709329288,180.78917093292876,180.78917093292876,0.1746703140088357
E1_cec2022_paper_budget,cec2022,9,20,LSHADE,27,4260370429955164510,15000,15000,2480.7848790434236,180.78487904342364,180.78487904342364,0.17731866100803018
E1_cec2022_paper_budget,cec2022,9,20,LSHADE,28,1705981717767787944,15000,15000,2480.7866033096248,180.78660330962475,180.78660330962475,0.17879121302394196
E1_cec2022_paper_budget,cec2022,9,20,LSHADE,29,2130607966166723982,15000,15000,2480.7838845173633,180.78388451736328,180.78388451736328,0.1769263060123194
E1_cec2022_paper_budget,cec2022,10,20,DE,0,837306296095127146,15000,15000,2501.0726471419034,101.07264714190342,101.07264714190342,0.14452160699875094
E1_cec2022_paper_budget,cec2022,10,20,DE,1,880147303418363727,15000,15000,2501.463584295148,101.46358429514794,101.46358429514794,0.13942435599165037
E1_cec2022_paper_budget,cec2022,10,20,DE,2,8151789224711227605,15000,15000,6086.391689958653,3686.391689958653,3686.391689958653,0.1399494009965565
E1_cec2022_paper_budget,cec2022,10,20,DE,3,1494554400992336999,15000,15000,2501.30213372496,101.30213372496019,101.30213372496019,0.13928916299482808
E1_cec2022_paper_budget,cec2022,10,20,DE,4,4430717217772377722,15000,15000,2697.545408160843,297.5454081608432,297.5454081608432,0.13971735601080582
E1_cec2022_paper_budget,cec2022,10,20,DE,5,1616214481662879241,15000,15000,2501.187139943324,101.18713994332393,101.18713994332393,0.14269554099882953
E1_cec2022_paper_budget,cec2022,10,20,DE,6,7056514106321097922,15000,15000,2500.957729994179,100.95772999417886,100.95772999417886,0.13839978401665576
E1_cec2022_paper_budget,cec2022,10,20,DE,7,7397737342556402679,15000,15000,2501.244044322832,101.244044322832,101.244044322832,0.13644518802175298
E1_cec2022_paper_budget,cec2022,10,20,DE,8,7840040089316299132,15000,15000,2501.020001499571,101.02000149957121,101.02000149957121,0.13604941600351594
E1_cec2022_paper_budget,cec2022,10,20,DE,9,4938092123379449708,15000,15000,2508.361504045606,108.36150404560613,108.36150404560613,0.13645580800948665
E1_cec2022_paper_budget,cec2022,10,20,DE,10,918322882181353749,15000,15000,2501.0614603250324,101.06146032503239,101.06146032503239,0.13714956998592243
E1_cec2022_paper_budget,cec2022,10,20,DE,11,2593777248001065142,15000,15000,2501.04119749717,101.04119749716983,101.04119749716983,0.13602774500031956
E1_cec2022_paper_budget,cec2022,10,20,DE,12,3173914869345760275,15000,15000,2501.0749656916696,101.0749656916696,101.0749656916696,0.1390597519930452
E1_cec2022_paper_budget,cec2022,10,20,DE,13,7095403602028184336,15000,15000,2501.161340280797,101.16134028079705,101.16134028079705,0.13716534001287073
E1_cec2022_paper_budget,cec2022,10,20,DE,14,1876285139093992284,15000,15000,2500.9133031947918,100.91330319479175,100.91330319479175,0.13706295701558702
E1_cec2022_paper_budget,cec2022,10,20,DE,15,4966691834459203418,15000,15000,2501.017447444887,101.01744744488678,101.01744744488678,0.1362575470120646
E1_cec2022_paper_budget,cec2022,10,20,DE,16,8780932549555575771,15000,15000,2501.1212030323827,101.12120303238271,101.12120303238271,0.13452212198171765
E1_cec2022_paper_budget,cec2022,10,20,DE,17,6190970980998275260,15000,15000,2501.287389438215,101.28738943821509,101.28738943821509,0.13532685101381503
E1_cec2022_paper_budget,cec2022,10,20,DE,18,5108472624938588229,15000,15000,2501.1554286443584,101.15542864435838,101.15542864435838,0.13461228099185973
E1_cec2022_paper_budget,cec2022,10,20,DE,19,7868746070240822957,15000,15000,2500.999909958122,100.99990995812186,100.99990995812186,0.13542789098573849
E1_cec2022_paper_budget,cec2022,10,20,DE,20,7086390831994235670,15000,15000,2500.7584342246923,100.75843422469234,100.75843422469234,0.13991096802055836
E1_cec2022_paper_budget,cec2022,10,20,DE,21,6779923956608599199,15000,15000,2500.908096570105,100.90809657010504,100.90809657010504,0.1370884449861478
E1_cec2022_paper_budget,cec2022,10,20,DE,22,9002381503964847136,15000,15000,2782.643264258233,382.6432642582331,382.6432642582331,0.13682579298620112
E1_cec2022_paper_budget,cec2022,10,20,DE,23,551736379125978224,15000,15000,2791.5218575768045,391.52185757680445,391.52185757680445,0.137418844999047
E1_cec2022_paper_budget,cec2022,10,20,DE,24,5931368514897174192,15000,15000,2501.225696450464,101.22569645046406,101.22569645046406,0.13138696100213565
E1_cec2022_paper_budget,cec2022,10,20,DE,25,261276211111955527,15000,15000,2501.309220554644,101.30922055464407,101.30922055464407,0.10461787300300784
E1_cec2022_paper_budget,cec2022,10,20,DE,26,1843875569642096168,15000,15000,2500.902497306606,100.90249730660616,100.90249730660616,0.1093263240181841
E1_cec2022_paper_budget,cec2022,10,20,DE,27,8986960299371742315,15000,15000,5939.5868881997585,3539.5868881997585,3539.5868881997585,0.10689270898001269
E1_cec2022_paper_budget,cec2022,10,20,DE,28,7808503054276195180,15000,15000,2501.0642828577115,101.06428285771153,101.06428285771153,0.10709919699002057
E1_cec2022_paper_budget,cec2022,10,20,DE,29,8119497578278972386,15000,15000,2500.805564764219,100.80556476421907,100.80556476421907,0.10843748698243871
E1_cec2022_paper_budget,cec2022,8,20,LSHADE,0,2176355167798739713,15000,15000,2235.317783135441,35.317783135441005,35.317783135441005,0.242356757982634
E1_cec2022_paper_budget,cec2022,8,20,LSHADE,1,4361341128223837886,15000,15000,2235.1623176735725,35.16231767357249,35.16231767357249,0.23289231600938365
E1_cec2022_paper_budget,cec2022,8,20,LSHADE,2,5683866829064581999,15000,15000,2238.1471278901286,38.14712789012856,38.14712789012856,0.20969873300055042
E1_cec2022_paper_budget,cec2022,8,20,LSHADE,3,3825933512405944032,15000,15000,2229.1971013793554,29.197101379355445,29.197101379355445,0.21011571600683965
E1_cec2022_paper_budget,cec2022,8,20,LSHADE,4,2197467128501441148,15000,15000,2229.400656046207,29.400656046207132,29.400656046207132,0.21735906100366265
E1_cec2022_paper_budget,cec2022,8,20,LSHADE,5,5950928587460429813,15000,15000,2229.8740076190643,29.874007619064287,29.874007619064287,0.21231858700048178
E1_cec2022_paper_budget,cec2022,8,20,LSHADE,6,7162947278820450472,15000,15000,2233.4267894481827,33.42678944818272,33.42678944818272,0.21528120400034823
E1_cec2022_paper_budget,cec2022,8,20,LSHADE,7,6733180877654032401,15000,15000,2228.205072784634,28.205072784634012,28.205072784634012,0.22984941801405512
E1_cec2022_paper_budget,cec2022,8,20,LSHADE,8,705935084725478062,15000,15000,2232.409835190385,32.40983519038491,32.40983519038491,0.26436607900541276
E1_cec2022_paper_budget,cec2022,8,20,LSHADE,9,6668593306757720575,15000,15000,2232.250591373243,32.25059137324297,32.25059137324297,0.2620224019919988
E1_cec2022_paper_budget,cec2022,8,20,LSHADE,10,6670898157034782414,15000,15000,2234.680739007351,34.680739007350894,34.680739007350894,0.2601478270080406
E1_cec2022_paper_budget,cec2022,8,20,LSHADE,11,6961930285712445044,15000,15000,2232.662575719049,32.66257571904907,32.66257571904907,0.26360166500671767
E1_cec2022_paper_budget,cec2022,8,20,LSHADE,12,8878554784993735944,15000,15000,2228.9803735712244,28.98037357122439,28.98037357122439,0.2574836099811364
E1_cec2022_paper_budget,cec2022,8,20,LSHADE,13,3331021119888283165,15000,15000,2230.8959598687507,30.89595986875065,30.89595986875065,0.2592566249950323
E1_cec2022_paper_budget,cec2022,8,20,LSHADE,14,2904741693221912772,15000,15000,2230.8283403601704,30.828340360170387,30.828340360170387,0.2625233620055951
E1_cec2022_paper_budget,cec2022,8,20,LSHADE,15,2227401295921006001,15000,15000,2231.919374396552,31.91937439655203,31.91937439655203,0.26642888798960485
E1_cec2022_paper_budget,cec2022,8,20,LSHADE,16,8058940291375487873,15000,15000,2232.271122711522,32.27112271152191,32.27112271152191,0.2648375930148177
E1_cec2022_paper_budget,cec2022,8,20,LSHADE,17,5428155429750236200,15000,15000,2229.3583309855026,29.358330985502562,29.358330985502562,0.26209687200025655
E1_cec2022_paper_budget,cec2022,8,20,LSHADE,18,883836617415841502,15000,15000,2229.5271857700245,29.527185770024516,29.527185770024516,0.26041057900874875
E1_cec2022_paper_budget,cec2022,8,20,LSHADE,19,8855021256174911463,15000,15000,2234.145035358866,34.14503535886615,34.14503535886615,0.2633688790083397
E1_cec2022_paper_budget,cec2022,8,20,LSHADE,20,8028400524402484430,15000,15000,2229.3288233549288,29.328823354928772,29.328823354928772,0.25591225299285725
E1_cec2022_paper_budget,cec2022,8,20,LSHADE,21,4195925186811963131,15000,15000,2229.1429355505124,29.142935550512448,29.142935550512448,0.25579677600762807
E1_cec2022_paper_budget,cec2022,8,20,LSHADE,22,8913024888602720935,15000,15000,2228.412038675898,28.412038675898202,28.412038675898202,0.2585079509881325
E1_cec2022_paper_budget,cec2022,8,20,LSHADE,23,777918439102881107,15000,15000,2234.3667882040163,34.3667882040163,34.3667882040163,0.26149703800911084
E1_cec2022_paper_budget,cec2022,8,20,LSHADE,24,3484550345336469317,15000,15000,2235.3127185567005,35.312718556700474,35.312718556700474,0.26434257402434014
E1_cec2022_paper_budget,cec2022,8,20,LSHADE,25,8363536168048595524,15000,15000,2232.391350161717,32.39135016171713,32.39135016171713,0.26347920499392785
E1_cec2022_paper_budget,cec2022,8,20,LSHADE,26,3554865982515318561,15000,15000,2228.7825382949754,28.78253829497544,28.78253829497544,0.2609039249946363
E1_cec2022_paper_budget,cec2022,8,20,LSHADE,27,4758716905858687190,15000,15000,2234.8450945420173,34.84509454201725,34.84509454201725,0.2640781080117449
E1_cec2022_paper_budget,cec2022,8,20,LSHADE,28,1371599430405283861,15000,15000,2230.826179568609,30.82617956860895,30.82617956860895,0.26667962700594217
E1_cec2022_paper_budget,cec2022,8,20,LSHADE,29,5832865333132886247,15000,15000,2234.197261228104,34.1972612281038,34.1972612281038,0.2622614110005088
E1_cec2022_paper_budget,cec2022,8,20,jSO,0,3963689013563950966,15000,15000,2231.4897557366035,31.489755736603456,31.489755736603456,0.27626921399496496
E1_cec2022_paper_budget,cec2022,8,20,jSO,1,4885538003826164200,15000,15000,2235.134911504509,35.13491150450909,35.13491150450909,0.26300743999308906
E1_cec2022_paper_budget,cec2022,8,20,jSO,2,5273550849116551918,15000,15000,2234.4278870763765,34.427887076376464,34.427887076376464,0.2620455360156484
E1_cec2022_paper_budget,cec2022,8,20,jSO,3,4442134883724607673,15000,15000,2232.4670615301798,32.46706153017976,32.46706153017976,0.2659170480037574
E1_cec2022_paper_budget,cec2022,8,20,jSO,4,2254408368641215265,15000,15000,2234.28090728564,34.28090728563984,34.28090728563984,0.2608803109906148
E1_cec2022_paper_budget,cec2022,8,20,jSO,5,4033647519598885940,15000,15000,2231.520426834808,31.52042683480795,31.52042683480795,0.26363520801533014
E1_cec2022_paper_budget,cec2022,8,20,jSO,6,4166584339897905711,15000,15000,2236.5393473509484,36.53934735094845,36.53934735094845,0.2638330390036572
E1_cec2022_paper_budget,cec2022,8,20,jSO,7,3372819295942537577,15000,15000,2235.159416087942,35.15941608794219,35.15941608794219,0.26217142201494426
E1_cec2022_paper_budget,cec2022,8,20,jSO,8,5001919335872942020,15000,15000,2232.361630432983,32.36163043298302,32.36163043298302,0.24331070701009594
E1_cec2022_paper_budget,cec2022,8,20,jSO,9,4305637773898991400,15000,15000,2234.7932112353847,34.79321123538466,34.79321123538466,0.24845571600599214
E1_cec2022_paper_budget,cec2022,8,20,jSO,10,6111826916302284630,15000,15000,2232.1384802956786,32.13848029567862,32.13848029567862,0.251913082000101
E1_cec2022_paper_budget,cec2022,8,20,jSO,11,4055183072320456067,15000,15000,2238.2574074546465,38.257407454646454,38.257407454646454,0.24155638698721305
E1_cec2022_paper_budget,cec2022,8,20,jSO,12,3036150870414278069,15000,15000,2231.785316657246,31.785316657245858,31.785316657245858,0.22265397300361656
E1_cec2022_paper_budget,cec2022,8,20,jSO,13,3635456446135381242,15000,15000,2233.298942534733,33.298942534733214,33.298942534733214,0.21883486898150295
E1_cec2022_paper_budget,cec2022,8,20,jSO,14,2248685170207959914,15000,15000,2234.182421455096,34.18242145509612,34.18242145509612,0.23273853701539338
E1_cec2022_paper_budget,cec2022,8,20,jSO,15,8338113645059630282,15000,15000,2231.523858181138,31.523858181138166,31.523858181138166,0.2368322059919592
E1_cec2022_paper_budget,cec2022,8,20,jSO,16,5232137051362619625,15000,15000,2233.3244677477705,33.32446774777054,33.32446774777054,0.23149154800921679
E1_cec2022_paper_budget,cec2022,8,20,jSO,17,6738362574917889609,15000,15000,2233.914775565669,33.91477556566906,33.91477556566906,0.22268086302210577
E1_cec2022_paper_budget,cec2022,8,20,jSO,18,6993233716784046029,15000,15000,2235.6297091714277,35.62970917142775,35.62970917142775,0.21950864300015382
E1_cec2022_paper_budget,cec2022,8,20,jSO,19,2020119036425767393,15000,15000,2234.9919518298098,34.99195182980975,34.99195182980975,0.2187538979924284
E1_cec2022_paper_budget,cec2022,8,20,jSO,20,2077402157538676470,15000,15000,2229.19084720089,29.190847200889948,29.190847200889948,0.24517900100909173
E1_cec2022_paper_budget,cec2022,8,20,jSO,21,8297371516721720519,15000,15000,2232.492662947502,32.49266294750214,32.49266294750214,0.2560873909969814
E1_cec2022_paper_budget,cec2022,8,20,jSO,22,2047819896837299575,15000,15000,2231.7832798349305,31.783279834930454,31.783279834930454,0.2574228449957445
E1_cec2022_paper_budget,cec2022,8,20,jSO,23,4336683341802622930,15000,15000,2232.193596784354,32.19359678435421,32.19359678435421,0.25756501199794
E1_cec2022_paper_budget,cec2022,8,20,jSO,24,1560950825411784097,15000,15000,2229.855194811537,29.855194811536876,29.855194811536876,0.2574783200107049
E1_cec2022_paper_budget,cec2022,8,20,jSO,25,2678932322985456704,15000,15000,2241.875891848886,41.87589184888611,41.87589184888611,0.26294323898036964
E1_cec2022_paper_budget,cec2022,8,20,jSO,26,3823207586405445905,15000,15000,2232.4929568777966,32.49295687779659,32.49295687779659,0.2814377879840322
E1_cec2022_paper_budget,cec2022,8,20,jSO,27,3756235011629856731,15000,15000,2236.40391492106,36.40391492105982,36.40391492105982,0.27628834097413346
E1_cec2022_paper_budget,cec2022,8,20,jSO,28,992423125934590403,15000,15000,2230.2252711771653,30.22527117716527,30.22527117716527,0.2709117249760311
E1_cec2022_paper_budget,cec2022,8,20,jSO,29,7269695422895495843,15000,15000,2231.0456537043005,31.04565370430055,31.04565370430055,0.2704408819845412
E1_cec2022_paper_budget,cec2022,10,10,SEHHO-COBL,0,4734389691616395621,15000,15000,2500.441214753483,100.44121475348311,100.44121475348311,0.6000776440196205
E1_cec2022_paper_budget,cec2022,10,10,SEHHO-COBL,1,8891921810739926491,15000,15000,2500.3665550884284,100.36655508842841,100.36655508842841,0.6200762530206703
E1_cec2022_paper_budget,cec2022,10,10,SEHHO-COBL,2,4459932894415959215,15000,15000,2500.319932423408,100.31993242340786,100.31993242340786,0.6791192249802407
E1_cec2022_paper_budget,cec2022,10,10,SEHHO-COBL,3,3803392133796746783,15000,15000,2500.364587009297,100.36458700929688,100.36458700929688,0.8008713449817151
E1_cec2022_paper_budget,cec2022,10,10,SEHHO-COBL,4,5158229027366391786,15000,15000,2610.3092561472413,210.30925614724129,210.30925614724129,0.9058833270100877
E1_cec2022_paper_budget,cec2022,10,10,SEHHO-COBL,5,1685620266519393575,15000,15000,2500.4913491659554,100.4913491659554,100.4913491659554,0.8874466870038304
E1_cec2022_paper_budget,cec2022,10,10,SEHHO-COBL,6,767751129243195310,15000,15000,2500.3543957827137,100.35439578271371,100.35439578271371,0.8850679550087079
E1_cec2022_paper_budget,cec2022,10,10,SEHHO-COBL,7,1051150444034598687,15000,15000,2500.34795512969,100.34795512969004,100.34795512969004,0.8751153880148195
E1_cec2022_paper_budget,cec2022,10,10,SEHHO-COBL,8,4374298623728565362,15000,15000,2610.1297736270335,210.1297736270335,210.1297736270335,0.9116491509776097
E1_cec2022_paper_budget,cec2022,10,10,SEHHO-COBL,9,4808885075995852800,15000,15000,2500.579696397408,100.57969639740804,100.57969639740804,0.9021697310090531
E1_cec2022_paper_budget,cec2022,10,10,SEHHO-COBL,10,944687262968109424,15000,15000,2500.4510524054353,100.45105240543535,100.45105240543535,0.8925112260039896
E1_cec2022_paper_budget,cec2022,10,10,SEHHO-COBL,11,7388631899628525689,15000,15000,2500.478477076347,100.47847707634719,100.47847707634719,0.7145895629946608
E1_cec2022_paper_budget,cec2022,10,10,SEHHO-COBL,12,8053576430647791813,15000,15000,2500.3354017758074,100.33540177580744,100.33540177580744,0.652841217990499
E1_cec2022_paper_budget,cec2022,10,10,SEHHO-COBL,13,2677585238626965652,15000,15000,2500.431030765631,100.43103076563102,100.43103076563102,0.6801128290244378
E1_cec2022_paper_budget,cec2022,10,10,SEHHO-COBL,14,4720496203688396902,15000,15000,2500.545038628666,100.54503862866613,100.54503862866613,0.6687080779811367
E1_cec2022_paper_budget,cec2022,10,10,SEHHO-COBL,15,3900379808321123734,15000,15000,2500.50040108543,100.50040108542998,100.50040108542998,0.6557266099844128
E1_cec2022_paper_budget,cec2022,10,10,SEHHO-COBL,16,5938407875494705863,15000,15000,2500.3965126615612,100.39651266156125,100.39651266156125,0.5385636579885613
E1_cec2022_paper_budget,cec2022,10,10,SEHHO-COBL,17,8950205585154212727,15000,15000,2500.4484443190627,100.44844431906267,100.44844431906267,0.6957017270033248
E1_cec2022_paper_budget,cec2022,10,10,SEHHO-COBL,18,383199849098013306,15000,15000,2500.42097921389,100.42097921388995,100.42097921388995,0.7029047170071863
E1_cec2022_paper_budget,cec2022,10,10,SEHHO-COBL,19,2303076392325939697,15000,15000,2500.398031609197,100.398031609197,100.398031609197,0.8925401500018779
E1_cec2022_paper_budget,cec2022,10,10,SEHHO-COBL,20,6001458310214237789,15000,15000,2500.3788711913026,100.37887119130255,100.37887119130255,0.8817287420097273
E1_cec2022_paper_budget,cec2022,10,10,SEHHO-COBL,21,1720132853601929984,15000,15000,2605.140326497729,205.1403264977289,205.1403264977289,0.9160829670145176
E1_cec2022_paper_budget,cec2022,10,10,SEHHO-COBL,22,5427039878558883040,15000,15000,2500.3728179981235,100.37281799812354,100.37281799812354,0.8882971210114192
E1_cec2022_paper_budget,cec2022,10,10,SEHHO-COBL,23,3359579878703194497,15000,15000,2608.9223631810014,208.9223631810014,208.9223631810014,0.9179491380054969
E1_cec2022_paper_budget,cec2022,10,10,SEHHO-COBL,24,2057485132055821791,15000,15000,2601.9048123783036,201.90481237830363,201.90481237830363,0.9227492699865252
E1_cec2022_paper_budget,cec2022,10,10,SEHHO-COBL,25,1958882726010798200,15000,15000,2500.5498132413472,100.54981324134724,100.54981324134724,0.9032929180248175
E1_cec2022_paper_budget,cec2022,10,10,SEHHO-COBL,26,236060918405314740,15000,15000,2500.363519863054,100.36351986305408,100.36351986305408,0.8587719739880413
E1_cec2022_paper_budget,cec2022,10,10,SEHHO-COBL,27,2229139888378313586,15000,15000,2500.508878597756,100.50887859775594,100.50887859775594,0.8522993440274149
E1_cec2022_paper_budget,cec2022,10,10,SEHHO-COBL,28,385783707610406056,15000,15000,2500.3853270489913,100.38532704899126,100.38532704899126,0.8877697820134927
E1_cec2022_paper_budget,cec2022,10,10,SEHHO-COBL,29,4379517669925422951,15000,15000,2500.4619501318953,100.46195013189526,100.46195013189526,0.9259602529928088
E1_cec2022_paper_budget,cec2022,9,20,jSO,0,6853586359365430627,15000,15000,2480.782146438464,180.78214643846422,180.78214643846422,0.21345661199302413
E1_cec2022_paper_budget,cec2022,9,20,jSO,1,2977680742531515802,15000,15000,2480.7823765695844,180.78237656958436,180.78237656958436,0.19857105301343836
E1_cec2022_paper_budget,cec2022,9,20,jSO,2,2033076835912462334,15000,15000,2480.781622240539,180.78162224053904,180.78162224053904,0.19648135302122682
E1_cec2022_paper_budget,cec2022,9,20,jSO,3,2878182538724137744,15000,15000,2480.7816834045307,180.78168340453067,180.78168340453067,0.19683329298277386
E1_cec2022_paper_budget,cec2022,9,20,jSO,4,3669840904458134462,15000,15000,2480.7895722520348,180.78957225203476,180.78957225203476,0.19541095499880612
E1_cec2022_paper_budget,cec2022,9,20,jSO,5,2660494590042476840,15000,15000,2480.7841781159773,180.78417811597728,180.78417811597728,0.1954833710042294
E1_cec2022_paper_budget,cec2022,9,20,jSO,6,3778562947078156105,15000,15000,2480.7829886233267,180.78298862332667,180.78298862332667,0.196819407021394
E1_cec2022_paper_budget,cec2022,9,20,jSO,7,2217752088370889151,15000,15000,2480.781626065637,180.78162606563683,180.78162606563683,0.19560089099104516
E1_cec2022_paper_budget,cec2022,9,20,jSO,8,5456404827526594057,15000,15000,2480.7829413228287,180.78294132282872,180.78294132282872,0.2118658690014854
E1_cec2022_paper_budget,cec2022,9,20,jSO,9,7639839389332845135,15000,15000,2480.785468054869,180.78546805486894,180.78546805486894,0.20560490599018522
E1_cec2022_paper_budget,cec2022,9,20,jSO,10,3048431470720774664,15000,15000,2480.782246975792,180.78224697579208,180.78224697579208,0.20242078401497565
E1_cec2022_paper_budget,cec2022,9,20,jSO,11,5938216925726894869,15000,15000,2480.7823316399085,180.78233163990853,180.78233163990853,0.1835952039982658
E1_cec2022_paper_budget,cec2022,9,20,jSO,12,4743868689044274973,15000,15000,2480.7818402110547,180.7818402110547,180.7818402110547,0.18597062898334116
E1_cec2022_paper_budget,cec2022,9,20,jSO,13,1955096189638709276,15000,15000,2480.78263722503,180.78263722503016,180.78263722503016,0.18657122598960996
E1_cec2022_paper_budget,cec2022,9,20,jSO,14,2392592461231855249,15000,15000,2480.784460823176,180.78446082317578,180.78446082317578,0.18918512802338228
E1_cec2022_paper_budget,cec2022,9,20,jSO,15,229807369749762884,15000,15000,2480.783861743664,180.78386174366415,180.78386174366415,0.19393730099545792
E1_cec2022_paper_budget,cec2022,9,20,jSO,16,828081331862623355,15000,15000,2480.786249734421,180.78624973442084,180.78624973442084,0.20022870201501064
E1_cec2022_paper_budget,cec2022,9,20,jSO,17,39212302995591565,15000,15000,2480.7840340403186,180.7840340403186,180.7840340403186,0.19732004599063657
E1_cec2022_paper_budget,cec2022,9,20,jSO,18,2996310429891388980,15000,15000,2480.7820276567854,180.78202765678543,180.78202765678543,0.22208470501936972
E1_cec2022_paper_budget,cec2022,9,20,jSO,19,7037334794502217246,15000,15000,2480.7819370574293,180.78193705742933,180.78193705742933,0.19272228199406527
E1_cec2022_paper_budget,cec2022,9,20,jSO,20,3355072737540025872,15000,15000,2480.781689145864,180.78168914586422,180.78168914586422,0.16642671200679615
E1_cec2022_paper_budget,cec2022,9,20,jSO,21,7335214030513302157,15000,15000,2480.7819168537544,180.7819168537544,180.7819168537544,0.1917382169922348
E1_cec2022_paper_budget,cec2022,9,20,jSO,22,4806948733388920520,15000,15000,2480.781962865738,180.78196286573802,180.78196286573802,0.17188347701448947
E1_cec2022_paper_budget,cec2022,9,20,jSO,23,5595028313094141537,15000,15000,2480.7841102234784,180.78411022347836,180.78411022347836,0.1698239239922259
E1_cec2022_paper_budget,cec2022,9,20,jSO,24,2183288245486050553,15000,15000,2480.7821042948344,180.78210429483443,180.78210429483443,0.17534737300593406
E1_cec2022_paper_budget,cec2022,9,20,jSO,25,919873299553152868,15000,15000,2480.7816562700045,180.78165627000453,180.78165627000453,0.16195809101918712
E1_cec2022_paper_budget,cec2022,9,20,jSO,26,679436917909483331,15000,15000,2480.782463868311,180.78246386831097,180.78246386831097,0.17244323599152267
E1_cec2022_paper_budget,cec2022,9,20,jSO,27,4609282764566476327,15000,15000,2480.7819661780827,180.7819661780827,180.7819661780827,0.1353603730094619
E1_cec2022_paper_budget,cec2022,9,20,jSO,28,3239053802328189353,15000,15000,2480.7828693344677,180.7828693344677,180.7828693344677,0.12695291498675942
E1_cec2022_paper_budget,cec2022,9,20,jSO,29,3202813057758728426,15000,15000,2480.7829249771853,180.7829249771853,180.7829249771853,0.12958723597694188
E1_cec2022_paper_budget,cec2022,9,10,SEHHO-COBL,0,49077240937508197,15000,15000,2529.284382708487,229.2843827084871,229.2843827084871,0.8693694009853061
E1_cec2022_paper_budget,cec2022,9,10,SEHHO-COBL,1,3162136252782374865,15000,15000,2529.284382708487,229.2843827084871,229.2843827084871,0.8958595959993545
E1_cec2022_paper_budget,cec2022,9,10,SEHHO-COBL,2,7388524967997397653,15000,15000,2529.284382708487,229.2843827084871,229.2843827084871,0.9028604670020286
E1_cec2022_paper_budget,cec2022,9,10,SEHHO-COBL,3,609689455614647766,15000,15000,2529.284382708487,229.2843827084871,229.2843827084871,0.9159043229883537
E1_cec2022_paper_budget,cec2022,9,10,SEHHO-COBL,4,5855302059268117287,15000,15000,2529.284382708487,229.2843827084871,229.2843827084871,0.906940510001732
E1_cec2022_paper_budget,cec2022,9,10,SEHHO-COBL,5,1696777389076817257,15000,15000,2529.284382708487,229.2843827084871,229.2843827084871,0.9074564980110154
E1_cec2022_paper_budget,cec2022,9,10,SEHHO-COBL,6,9156600686494993724,15000,15000,2529.284382708487,229.2843827084871,229.2843827084871,0.9050781659898348
E1_cec2022_paper_budget,cec2022,9,10,SEHHO-COBL,7,4183275126879643107,15000,15000,2529.284382708487,229.2843827084871,229.2843827084871,0.8956266800232697
E1_cec2022_paper_budget,cec2022,9,10,SEHHO-COBL,8,341617948207469702,15000,15000,2529.284382708487,229.2843827084871,229.2843827084871,0.8951321410131641
E1_cec2022_paper_budget,cec2022,9,10,SEHHO-COBL,9,5805116748947724465,15000,15000,2529.284382708487,229.2843827084871,229.2843827084871,0.9176062439801171
E1_cec2022_paper_budget,cec2022,9,10,SEHHO-COBL,10,5978204763228738910,15000,15000,2529.284382708487,229.2843827084871,229.2843827084871,0.9087186740071047
E1_cec2022_paper_budget,cec2022,9,10,SEHHO-COBL,11,3040570498144807935,15000,15000,2529.284382708487,229.2843827084871,229.2843827084871,0.8985142960154917
E1_cec2022_paper_budget,cec2022,9,10,SEHHO-COBL,12,667091872397497324,15000,15000,2529.284382708487,229.2843827084871,229.2843827084871,0.9182047669892199
E1_cec2022_paper_budget,cec2022,9,10,SEHHO-COBL,13,8703029868239628688,15000,15000,2529.284382708487,229.2843827084871,229.2843827084871,0.7688911430013832
E1_cec2022_paper_budget,cec2022,9,10,SEHHO-COBL,14,3595539363282479332,15000,15000,2529.284382708487,229.2843827084871,229.2843827084871,0.6275512729771435
E1_cec2022_paper_budget,cec2022,9,10,SEHHO-COBL,15,8871312235718029825,15000,15000,2529.284382708487,229.2843827084871,229.2843827084871,0.8231711809930857
E1_cec2022_paper_budget,cec2022,9,10,SEHHO-COBL,16,6677894270288720628,15000,15000,2529.284382708487,229.2843827084871,229.2843827084871,0.8245069659897126
E1_cec2022_paper_budget,cec2022,9,10,SEHHO-COBL,17,6205425570204937549,15000,15000,2529.284382708487,229.2843827084871,229.2843827084871,0.633958830992924
E1_cec2022_paper_budget,cec2022,9,10,SEHHO-COBL,18,1182352421599031455,15000,15000,2529.284382708487,229.2843827084871,229.2843827084871,0.8911475180066191
E1_cec2022_paper_budget,cec2022,9,10,SEHHO-COBL,19,1930631902770214902,15000,15000,2529.284382708487,229.2843827084871,229.2843827084871,0.9014832839893643
E1_cec2022_paper_budget,cec2022,9,10,SEHHO-COBL,20,4346129843342015185,15000,15000,2529.284382708487,229.2843827084871,229.2843827084871,0.880980247980915
E1_cec2022_paper_budget,cec2022,9,10,SEHHO-COBL,21,5269243052351548970,15000,15000,2529.284382708487,229.2843827084871,229.2843827084871,0.8856316419842187
E1_cec2022_paper_budget,cec2022,9,10,SEHHO-COBL,22,3495384065744991857,15000,15000,2529.284382708487,229.2843827084871,229.2843827084871,0.8823019580158871
E1_cec2022_paper_budget,cec2022,9,10,SEHHO-COBL,23,798499591159528058,15000,15000,2529.284382708487,229.2843827084871,229.2843827084871,0.8832877759996336
E1_cec2022_paper_budget,cec2022,9,10,SEHHO-COBL,24,1304689708523893731,15000,15000,2529.284382708487,229.2843827084871,229.2843827084871,0.8827463909983635
E1_cec2022_paper_budget,cec2022,9,10,SEHHO-COBL,25,6339609652815914018,15000,15000,2529.284382708487,229.2843827084871,229.2843827084871,0.8818055969895795
E1_cec2022_paper_budget,cec2022,9,10,SEHHO-COBL,26,4533822454205780481,15000,15000,2529.284382708487,229.2843827084871,229.2843827084871,0.8795297779724933
E1_cec2022_paper_budget,cec2022,9,10,SEHHO-COBL,27,2795326447730858810,15000,15000,2529.284382708487,229.2843827084871,229.2843827084871,0.879756823007483
E1_cec2022_paper_budget,cec2022,9,10,SEHHO-COBL,28,8729589047106416673,15000,15000,2529.284382708487,229.2843827084871,229.2843827084871,0.8905149709898978
E1_cec2022_paper_budget,cec2022,9,10,SEHHO-COBL,29,7078918632269751406,15000,15000,2529.284382708487,229.2843827084871,229.2843827084871,0.8192169840040151
E1_cec2022_paper_budget,cec2022,10,20,SHADE,0,7098415155620043912,15000,15000,2722.0267235942174,322.0267235942174,322.0267235942174,0.1587140359915793
E1_cec2022_paper_budget,cec2022,10,20,SHADE,1,6759249557085449011,15000,15000,2500.6304511063568,100.63045110635676,100.63045110635676,0.155631595000159
E1_cec2022_paper_budget,cec2022,10,20,SHADE,2,9024271602403601371,15000,15000,2555.8214972550504,155.82149725505042,155.82149725505042,0.15833482501329854
E1_cec2022_paper_budget,cec2022,10,20,SHADE,3,2084019140885132515,15000,15000,2500.6434802840645,100.64348028406448,100.64348028406448,0.15570266798022203
E1_cec2022_paper_budget,cec2022,10,20,SHADE,4,1787138420154309119,15000,15000,2500.5627447415272,100.56274474152724,100.56274474152724,0.15490345901343971
E1_cec2022_paper_budget,cec2022,10,20,SHADE,5,6647107324923347336,15000,15000,2500.8487518822694,100.84875188226943,100.84875188226943,0.15558998699998483
E1_cec2022_paper_budget,cec2022,10,20,SHADE,6,2590622134699899430,15000,15000,2500.7293868011648,100.72938680116476,100.72938680116476,0.15086750901537016
E1_cec2022_paper_budget,cec2022,10,20,SHADE,7,1449909612188223689,15000,15000,2500.6667563655587,100.66675636555874,100.66675636555874,0.15887471701717004
E1_cec2022_paper_budget,cec2022,10,20,SHADE,8,3663531136202836862,15000,15000,2501.046477199942,101.04647719994182,101.04647719994182,0.15141443398897536
E1_cec2022_paper_budget,cec2022,10,20,SHADE,9,7031800836424714128,15000,15000,2500.6633724195112,100.66337241951123,100.66337241951123,0.15457533299922943
E1_cec2022_paper_budget,cec2022,10,20,SHADE,10,6611155866841904969,15000,15000,2606.3833633591144,206.38336335911436,206.38336335911436,0.15783472699695267
E1_cec2022_paper_budget,cec2022,10,20,SHADE,11,1480539704787351820,15000,15000,2500.6347536461603,100.63475364616033,100.63475364616033,0.15271708799991757
E1_cec2022_paper_budget,cec2022,10,20,SHADE,12,4878608447946691175,15000,15000,2500.975810553634,100.97581055363389,100.97581055363389,0.16031795399612747
E1_cec2022_paper_budget,cec2022,10,20,SHADE,13,8128633089768997917,15000,15000,2500.620542085887,100.62054208588688,100.62054208588688,0.1571237129974179
E1_cec2022_paper_budget,cec2022,10,20,SHADE,14,1240812642566311381,15000,15000,2706.4216192292656,306.4216192292656,306.4216192292656,0.1570064029947389
E1_cec2022_paper_budget,cec2022,10,20,SHADE,15,558346998971956636,15000,15000,2501.2737193624707,101.27371936247073,101.27371936247073,0.15315721402294002
E1_cec2022_paper_budget,cec2022,10,20,SHADE,16,3106624214447285098,15000,15000,2500.6123191918487,100.61231919184866,100.61231919184866,0.15588813601061702
E1_cec2022_paper_budget,cec2022,10,20,SHADE,17,5287988502530618953,15000,15000,2721.5198432264474,321.5198432264474,321.5198432264474,0.15854557999409735
E1_cec2022_paper_budget,cec2022,10,20,SHADE,18,4036006792865409001,15000,15000,2500.8564016894593,100.85640168945929,100.85640168945929,0.15217407001182437
E1_cec2022_paper_budget,cec2022,10,20,SHADE,19,7535804823528075336,15000,15000,2716.34211956956,316.34211956956005,316.34211956956005,0.15709475899348035
E1_cec2022_paper_budget,cec2022,10,20,SHADE,20,6373688973705839646,15000,15000,2500.8797978728326,100.87979787283257,100.87979787283257,0.1574809540179558
E1_cec2022_paper_budget,cec2022,10,20,SHADE,21,2801740542987651373,15000,15000,2500.83174335564,100.8317433556399,100.8317433556399,0.1518059789959807
E1_cec2022_paper_budget,cec2022,10,20,SHADE,22,8924803622460128234,15000,15000,2500.907145901814,100.90714590181415,100.90714590181415,0.15440907099400647
E1_cec2022_paper_budget,cec2022,10,20,SHADE,23,8920413487139946641,15000,15000,2500.56600123811,100.56600123810995,100.56600123810995,0.15724343800684437
E1_cec2022_paper_budget,cec2022,10,20,SHADE,24,8966740497230865934,15000,15000,2500.725261585777,100.72526158577693,100.72526158577693,0.14999849899322726
E1_cec2022_paper_budget,cec2022,10,20,SHADE,25,2901178412845291577,15000,15000,2500.8555460811094,100.85554608110942,100.85554608110942,0.1522418770182412
E1_cec2022_paper_budget,cec2022,10,20,SHADE,26,9153274316834979185,15000,15000,2500.821835658337,100.82183565833702,100.82183565833702,0.15519038701313548
E1_cec2022_paper_budget,cec2022,10,20,SHADE,27,795687285065900427,15000,15000,2500.8519938871227,100.85199388712272,100.85199388712272,0.15113726499839686
E1_cec2022_paper_budget,cec2022,10,20,SHADE,28,2911698286355888640,15000,15000,2500.9396641518806,100.9396641518806,100.9396641518806,0.15152540302369744
E1_cec2022_paper_budget,cec2022,10,20,SHADE,29,4605702343147510636,15000,15000,2500.833230531427,100.83323053142703,100.83323053142703,0.1540814480104018
E1_cec2022_paper_budget,cec2022,4,20,HHO,0,4542558203189766735,15000,15000,908.602995923336,108.60299592333604,108.60299592333604,0.49549661998753436
E1_cec2022_paper_budget,cec2022,4,20,HHO,1,3168573876172906725,15000,15000,887.246142954654,87.24614295465403,87.24614295465403,0.6473838319943752
E1_cec2022_paper_budget,cec2022,4,20,HHO,2,8596170773259870545,15000,15000,893.962626189739,93.96262618973901,93.96262618973901,0.6210837730031926
E1_cec2022_paper_budget,cec2022,4,20,HHO,3,8940927513862354371,15000,15000,914.486794874345,114.48679487434504,114.48679487434504,0.6339766550227068
E1_cec2022_paper_budget,cec2022,4,20,HHO,4,1014977904575249099,15000,15000,872.9764136750749,72.97641367507492,72.97641367507492,0.35623253500671126
E1_cec2022_paper_budget,cec2022,4,20,HHO,5,6530852066346264166,15000,15000,885.998055870589,85.99805587058904,85.99805587058904,0.3646171409927774
E1_cec2022_paper_budget,cec2022,4,20,HHO,6,6968822051230824156,15000,15000,879.9432839294077,79.9432839294077,79.9432839294077,0.567360709013883
E1_cec2022_paper_budget,cec2022,4,20,HHO,7,5302683348610752507,15000,15000,878.8972081632753,78.89720816327531,78.89720816327531,0.6251217269746121
E1_cec2022_paper_budget,cec2022,4,20,HHO,8,6997435243681764666,15000,15000,904.2035676510366,104.20356765103656,104.20356765103656,0.5937040889984928
E1_cec2022_paper_budget,cec2022,4,20,HHO,9,8745640252520613456,15000,15000,900.1602755648805,100.16027556488052,100.16027556488052,0.6030727209872566
E1_cec2022_paper_budget,cec2022,4,20,HHO,10,7772471185936284018,15000,15000,899.8108619699009,99.81086196990088,99.81086196990088,0.41029140798491426
E1_cec2022_paper_budget,cec2022,4,20,HHO,11,3388871646881097165,15000,15000,899.0964677479083,99.09646774790826,99.09646774790826,0.46666117597487755
E1_cec2022_paper_budget,cec2022,4,20,HHO,12,5933834298134033347,15000,15000,889.4904502026731,89.49045020267306,89.49045020267306,0.481098104006378
E1_cec2022_paper_budget,cec2022,4,20,HHO,13,4627242727620792345,15000,15000,897.1194633754943,97.11946337549432,97.11946337549432,0.4880985040217638
E1_cec2022_paper_budget,cec2022,4,20,HHO,14,3284869330643814507,15000,15000,903.3498516918731,103.34985169187314,103.34985169187314,0.48432400400633924
E1_cec2022_paper_budget,cec2022,4,20,HHO,15,236009636211625982,15000,15000,885.3017757312946,85.30177573129458,85.30177573129458,0.48425781101104803
E1_cec2022_paper_budget,cec2022,4,20,HHO,16,1263826937629673120,15000,15000,873.3454413388376,73.34544133883765,73.34544133883765,0.4856066399952397
E1_cec2022_paper_budget,cec2022,4,20,HHO,17,2521432591205972886,15000,15000,886.6690012612152,86.66900126121516,86.66900126121516,0.4834432429925073
E1_cec2022_paper_budget,cec2022,4,20,HHO,18,1893615660739070638,15000,15000,902.0324395429473,102.03243954294726,102.03243954294726,0.48365390801336616
E1_cec2022_paper_budget,cec2022,4,20,HHO,19,3736068297092917434,15000,15000,888.7542746836691,88.75427468366911,88.75427468366911,0.48636928098858334
E1_cec2022_paper_budget,cec2022,4,20,HHO,20,5243671746752011772,15000,15000,902.623505757251,102.623505757251,102.623505757251,0.4931202229927294
E1_cec2022_paper_budget,cec2022,4,20,HHO,21,8452688105757623658,15000,15000,894.7425924388162,94.74259243881625,94.74259243881625,0.47905414999695495
E1_cec2022_paper_budget,cec2022,4,20,HHO,22,2729173723202211256,15000,15000,913.9290964020229,113.92909640202288,113.92909640202288,0.4795026720094029
E1_cec2022_paper_budget,cec2022,4,20,HHO,23,5571779187026415346,15000,15000,898.0200585230358,98.0200585230358,98.0200585230358,0.4760008630109951
E1_cec2022_paper_budget,cec2022,4,20,HHO,24,6656423120270318598,15000,15000,884.5891269029095,84.58912690290947,84.58912690290947,0.4849564010219183
E1_cec2022_paper_budget,cec2022,4,20,HHO,25,8520074480122005813,15000,15000,868.7885609485246,68.7885609485246,68.7885609485246,0.4940059740038123
E1_cec2022_paper_budget,cec2022,4,20,HHO,26,115726591897062365,15000,15000,892.1023319598032,92.10233195980322,92.10233195980322,0.47363132002647035
E1_cec2022_paper_budget,cec2022,4,20,HHO,27,2135733618122474367,15000,15000,888.1275192025593,88.12751920255926,88.12751920255926,0.3890541860018857
E1_cec2022_paper_budget,cec2022,4,20,HHO,28,8935857565251060160,15000,15000,892.9810179295573,92.98101792955731,92.98101792955731,0.5132497680024244
E1_cec2022_paper_budget,cec2022,4,20,HHO,29,571210349921272649,15000,15000,893.1840513754623,93.18405137546233,93.18405137546233,0.5563803249970078
E1_cec2022_paper_budget,cec2022,5,20,HHO,0,4640212829970407610,15000,15000,2901.664518288846,2001.664518288846,2001.664518288846,0.6244646440027282
E1_cec2022_paper_budget,cec2022,5,20,HHO,1,2647431809524222447,15000,15000,2985.8194225642296,2085.8194225642296,2085.8194225642296,0.6193800070032012
E1_cec2022_paper_budget,cec2022,5,20,HHO,2,6457341561060284445,15000,15000,2354.2982684387907,1454.2982684387907,1454.2982684387907,0.6339666259882506
E1_cec2022_paper_budget,cec2022,5,20,HHO,3,362290893359406104,15000,15000,3173.7904317383395,2273.7904317383395,2273.7904317383395,0.6094063409836963
E1_cec2022_paper_budget,cec2022,5,20,HHO,4,2074418425913500281,15000,15000,3149.237666003138,2249.237666003138,2249.237666003138,0.6410108279960696
E1_cec2022_paper_budget,cec2022,5,20,HHO,5,6441228051581571973,15000,15000,3264.8876109531675,2364.8876109531675,2364.8876109531675,0.5995864830038045
E1_cec2022_paper_budget,cec2022,5,20,HHO,6,6058145498979379211,15000,15000,2375.0551736348016,1475.0551736348016,1475.0551736348016,0.5872580190189183
E1_cec2022_paper_budget,cec2022,5,20,HHO,7,8939524056058557102,15000,15000,2997.4716398800856,2097.4716398800856,2097.4716398800856,0.5880438929889351
E1_cec2022_paper_budget,cec2022,5,20,HHO,8,6438484210739053738,15000,15000,3252.7068768057984,2352.7068768057984,2352.7068768057984,0.4263964649871923
E1_cec2022_paper_budget,cec2022,5,20,HHO,9,6324827187575490195,15000,15000,3313.7906964745603,2413.7906964745603,2413.7906964745603,0.5922905180195812
E1_cec2022_paper_budget,cec2022,5,20,HHO,10,90477703592012830,15000,15000,2946.3565458887415,2046.3565458887415,2046.3565458887415,0.42045921899261884
E1_cec2022_paper_budget,cec2022,5,20,HHO,11,7189528677784760837,15000,15000,3073.2741014720973,2173.2741014720973,2173.2741014720973,0.3810851190064568
E1_cec2022_paper_budget,cec2022,5,20,HHO,12,6579423821684278226,15000,15000,3073.7417872814376,2173.7417872814376,2173.7417872814376,0.37594676099251956
E1_cec2022_paper_budget,cec2022,5,20,HHO,13,4539622229823358226,15000,15000,3056.790721993726,2156.790721993726,2156.790721993726,0.45912021200638264
E1_cec2022_paper_budget,cec2022,5,20,HHO,14,7332108559878068015,15000,15000,2421.1003609964137,1521.1003609964137,1521.1003609964137,0.42573608600650914
E1_cec2022_paper_budget,cec2022,5,20,HHO,15,147284382421595190,15000,15000,2927.1348600393676,2027.1348600393676,2027.1348600393676,0.3915740720112808
E1_cec2022_paper_budget,cec2022,5,20,HHO,16,470685449767059127,15000,15000,3038.5839371312263,2138.5839371312263,2138.5839371312263,0.38882761998684146
E1_cec2022_paper_budget,cec2022,5,20,HHO,17,9015138934227313610,15000,15000,3253.4368191753583,2353.4368191753583,2353.4368191753583,0.3962577859929297
E1_cec2022_paper_budget,cec2022,5,20,HHO,18,3385701015229015125,15000,15000,3182.0120168692756,2282.0120168692756,2282.0120168692756,0.3918603279744275
E1_cec2022_paper_budget,cec2022,5,20,HHO,19,1876317043545566633,15000,15000,3365.7470690897226,2465.7470690897226,2465.7470690897226,0.3800908130069729
E1_cec2022_paper_budget,cec2022,5,20,HHO,20,7136063008210339996,15000,15000,2908.465909533324,2008.465909533324,2008.465909533324,0.3622631450125482
E1_cec2022_paper_budget,cec2022,5,20,HHO,21,5535172543903928108,15000,15000,2653.917145291349,1753.9171452913488,1753.9171452913488,0.4156243300240021
E1_cec2022_paper_budget,cec2022,5,20,HHO,22,1864418731310413231,15000,15000,2807.287463468566,1907.2874634685659,1907.2874634685659,0.40067556299618445
E1_cec2022_paper_budget,cec2022,5,20,HHO,23,5026967962960764980,15000,15000,2840.1198711488273,1940.1198711488273,1940.1198711488273,0.4132652150001377
E1_cec2022_paper_budget,cec2022,5,20,HHO,24,4227506169164712698,15000,15000,2954.416609386589,2054.416609386589,2054.416609386589,0.5848514150129631
E1_cec2022_paper_budget,cec2022,5,20,HHO,25,3954657229467352612,15000,15000,2892.1585008236643,1992.1585008236643,1992.1585008236643,0.6037930520251393
E1_cec2022_paper_budget,cec2022,5,20,HHO,26,7865769530084949792,15000,15000,2970.068030497617,2070.068030497617,2070.068030497617,0.5758970309980214
E1_cec2022_paper_budget,cec2022,5,20,HHO,27,1132450131848090993,15000,15000,3039.6333342460257,2139.6333342460257,2139.6333342460257,0.6422268290189095
E1_cec2022_paper_budget,cec2022,5,20,HHO,28,3794277642452871427,15000,15000,3150.2052759798544,2250.2052759798544,2250.2052759798544,0.6040633890079334
E1_cec2022_paper_budget,cec2022,5,20,HHO,29,5736099817952841059,15000,15000,2283.3601696303026,1383.3601696303026,1383.3601696303026,0.5995977729908191
E1_cec2022_paper_budget,cec2022,10,20,LSHADE,0,7151115983450497289,15000,15000,2500.6543949949255,100.6543949949255,100.6543949949255,0.20308420699439012
E1_cec2022_paper_budget,cec2022,10,20,LSHADE,1,613047603144266685,15000,15000,2500.5946565795284,100.59465657952842,100.59465657952842,0.18917640100698918
E1_cec2022_paper_budget,cec2022,10,20,LSHADE,2,4991046446606952426,15000,15000,2500.7979809818266,100.79798098182664,100.79798098182664,0.18762889900244772
E1_cec2022_paper_budget,cec2022,10,20,LSHADE,3,1382081765624539742,15000,15000,2500.883878815246,100.88387881524613,100.88387881524613,0.18603265599813312
E1_cec2022_paper_budget,cec2022,10,20,LSHADE,4,8689151081430010537,15000,15000,2500.7329919216736,100.7329919216736,100.7329919216736,0.1847215259913355
E1_cec2022_paper_budget,cec2022,10,20,LSHADE,5,1070139744412479413,15000,15000,2500.721547422374,100.72154742237399,100.72154742237399,0.1871551710064523
E1_cec2022_paper_budget,cec2022,10,20,LSHADE,6,3739768617516834650,15000,15000,2500.8798619666286,100.8798619666286,100.8798619666286,0.18632926201098599
E1_cec2022_paper_budget,cec2022,10,20,LSHADE,7,7017480043381752621,15000,15000,2500.696374855091,100.69637485509111,100.69637485509111,0.18883018201449886
E1_cec2022_paper_budget,cec2022,10,20,LSHADE,8,2163943568864793008,15000,15000,2500.749183754263,100.74918375426296,100.74918375426296,0.18532997800502926
E1_cec2022_paper_budget,cec2022,10,20,LSHADE,9,3024633186995283149,15000,15000,2500.811096396713,100.81109639671286,100.81109639671286,0.18461891301558353
E1_cec2022_paper_budget,cec2022,10,20,LSHADE,10,819871306623193177,15000,15000,2500.81568155363,100.81568155362993,100.81568155362993,0.19114586498471908
E1_cec2022_paper_budget,cec2022,10,20,LSHADE,11,6155571531167030248,15000,15000,2501.044481741088,101.04448174108802,101.04448174108802,0.1847847840108443
E1_cec2022_paper_budget,cec2022,10,20,LSHADE,12,2465290263763034139,15000,15000,2500.637388336363,100.63738833636307,100.63738833636307,0.19552705300156958
E1_cec2022_paper_budget,cec2022,10,20,LSHADE,13,4958388812446412884,15000,15000,2500.545351582451,100.54535158245108,100.54535158245108,0.19126215399592184
E1_cec2022_paper_budget,cec2022,10,20,LSHADE,14,9211780034135312888,15000,15000,2500.6921216214605,100.6921216214605,100.6921216214605,0.19384476798586547
E1_cec2022_paper_budget,cec2022,10,20,LSHADE,15,3057287659290813244,15000,15000,2500.6040061845024,100.6040061845024,100.6040061845024,0.18593451101332903
E1_cec2022_paper_budget,cec2022,10,20,LSHADE,16,6805864072447947972,15000,15000,2500.8105338914297,100.81053389142971,100.81053389142971,0.18744988398975693
E1_cec2022_paper_budget,cec2022,10,20,LSHADE,17,4447731302534793392,15000,15000,2500.8556878922814,100.85568789228137,100.85568789228137,0.18880056700436398
E1_cec2022_paper_budget,cec2022,10,20,LSHADE,18,3255095452471502550,15000,15000,2500.5738249050755,100.57382490507553,100.57382490507553,0.1923829459992703
E1_cec2022_paper_budget,cec2022,10,20,LSHADE,19,5549085202376417672,15000,15000,2500.931339054757,100.93133905475679,100.93133905475679,0.18769097598851658
E1_cec2022_paper_budget,cec2022,10,20,LSHADE,20,381070351567839709,15000,15000,2500.553671574074,100.55367157407409,100.55367157407409,0.18467755400342867
E1_cec2022_paper_budget,cec2022,10,20,LSHADE,21,6372322043958905182,15000,15000,2500.5186739173632,100.51867391736323,100.51867391736323,0.18523837497923523
E1_cec2022_paper_budget,cec2022,10,20,LSHADE,22,8376769038279783056,15000,15000,2500.785533117354,100.78553311735413,100.78553311735413,0.18421330300043337
E1_cec2022_paper_budget,cec2022,10,20,LSHADE,23,2212333826896366829,15000,15000,2501.1269974205975,101.12699742059749,101.12699742059749,0.18338761501945555
E1_cec2022_paper_budget,cec2022,10,20,LSHADE,24,3083552474067464852,15000,15000,2500.7882086227874,100.78820862278735,100.78820862278735,0.1829946369980462
E1_cec2022_paper_budget,cec2022,10,20,LSHADE,25,4103543208103912391,15000,15000,2501.0025069342823,101.00250693428234,101.00250693428234,0.18295655501424335
E1_cec2022_paper_budget,cec2022,10,20,LSHADE,26,261286080394278768,15000,15000,2500.787610263027,100.78761026302709,100.78761026302709,0.18735501600895077
E1_cec2022_paper_budget,cec2022,10,20,LSHADE,27,5713861675368034558,15000,15000,2500.5080203517914,100.5080203517914,100.5080203517914,0.18183118500746787
E1_cec2022_paper_budget,cec2022,10,20,LSHADE,28,2923808597130320123,15000,15000,2500.4677723151653,100.46777231516535,100.46777231516535,0.1840702540066559
E1_cec2022_paper_budget,cec2022,10,20,LSHADE,29,693140460409622765,15000,15000,2500.5721147560816,100.57211475608165,100.57211475608165,0.18218647202593274
E1_cec2022_paper_budget,cec2022,10,20,jSO,0,7339922535947108039,15000,15000,2500.9645496160165,100.96454961601648,100.96454961601648,0.2040245109819807
E1_cec2022_paper_budget,cec2022,10,20,jSO,1,8656496596275683391,15000,15000,2500.749605318278,100.7496053182781,100.7496053182781,0.19235896100872196
E1_cec2022_paper_budget,cec2022,10,20,jSO,2,76032453680213480,15000,15000,2500.8352509157403,100.83525091574029,100.83525091574029,0.18990668197511695
E1_cec2022_paper_budget,cec2022,10,20,jSO,3,2161510522314595049,15000,15000,2500.9245411303714,100.92454113037138,100.92454113037138,0.18788136300281622
E1_cec2022_paper_budget,cec2022,10,20,jSO,4,7732645670270217050,15000,15000,2500.6117892043385,100.61178920433849,100.61178920433849,0.18966020998777822
E1_cec2022_paper_budget,cec2022,10,20,jSO,5,4620042077145400073,15000,15000,2500.654404624121,100.65440462412107,100.65440462412107,0.18854064898914658
E1_cec2022_paper_budget,cec2022,10,20,jSO,6,3053125989321820860,15000,15000,2500.9570091233686,100.95700912336861,100.95700912336861,0.1881293979822658
E1_cec2022_paper_budget,cec2022,10,20,jSO,7,2471722073810889639,15000,15000,2500.766517886971,100.76651788697109,100.76651788697109,0.18913610599702224
E1_cec2022_paper_budget,cec2022,10,20,jSO,8,7654747266954672563,15000,15000,2500.83821921338,100.83821921337994,100.83821921337994,0.18813620999571867
E1_cec2022_paper_budget,cec2022,10,20,jSO,9,5331753782596432029,15000,15000,2500.700042562612,100.700042562612,100.700042562612,0.19169142900500447
E1_cec2022_paper_budget,cec2022,10,20,jSO,10,1622814956421607461,15000,15000,2500.7549972959027,100.75499729590274,100.75499729590274,0.18872494497918524
E1_cec2022_paper_budget,cec2022,10,20,jSO,11,6362550793734218097,15000,15000,2500.5803239238126,100.58032392381256,100.58032392381256,0.1881863639864605
E1_cec2022_paper_budget,cec2022,10,20,jSO,12,2133730235120966544,15000,15000,2500.4922536608824,100.4922536608824,100.4922536608824,0.19382931900327094
E1_cec2022_paper_budget,cec2022,10,20,jSO,13,602204329741355655,15000,15000,2500.696783886943,100.6967838869432,100.6967838869432,0.1891361659800168
E1_cec2022_paper_budget,cec2022,10,20,jSO,14,5845324740900123930,15000,15000,2500.805237501313,100.80523750131306,100.80523750131306,0.18804265500511974
E1_cec2022_paper_budget,cec2022,10,20,jSO,15,1076929143225863424,15000,15000,2500.678155651024,100.6781556510241,100.6781556510241,0.1915891370153986
E1_cec2022_paper_budget,cec2022,10,20,jSO,16,2147734506784152055,15000,15000,2501.25792576307,101.25792576307003,101.25792576307003,0.19305336300749332
E1_cec2022_paper_budget,cec2022,10,20,jSO,17,2939518205279478841,15000,15000,2500.7701556995085,100.77015569950845,100.77015569950845,0.1885395970020909
E1_cec2022_paper_budget,cec2022,10,20,jSO,18,5833299663684360064,15000,15000,2500.5049310214313,100.50493102143128,100.50493102143128,0.18845348598551936
E1_cec2022_paper_budget,cec2022,10,20,jSO,19,3118472995292749786,15000,15000,2500.808272395213,100.80827239521295,100.80827239521295,0.18585080400225706
E1_cec2022_paper_budget,cec2022,10,20,jSO,20,6890653409159601171,15000,15000,2500.6105301858943,100.61053018589428,100.61053018589428,0.1889512299967464
E1_cec2022_paper_budget,cec2022,10,20,jSO,21,5879759498243726905,15000,15000,2500.9573158786325,100.95731587863247,100.95731587863247,0.18711685901507735
E1_cec2022_paper_budget,cec2022,10,20,jSO,22,4866536582272239237,15000,15000,2500.488231741484,100.48823174148401,100.48823174148401,0.17400964398984797
E1_cec2022_paper_budget,cec2022,10,20,jSO,23,1851376416842581467,15000,15000,2500.5659038866643,100.56590388666427,100.56590388666427,0.13941837500897236
E1_cec2022_paper_budget,cec2022,10,20,jSO,24,5894927837860858173,15000,15000,2500.789825549726,100.78982554972617,100.78982554972617,0.15707865901640616
E1_cec2022_paper_budget,cec2022,10,20,jSO,25,4829592789774120176,15000,15000,2500.8571920612058,100.85719206120575,100.85719206120575,0.15431428400916047
E1_cec2022_paper_budget,cec2022,10,20,jSO,26,4926055940971679274,15000,15000,2500.6433721077265,100.64337210772646,100.64337210772646,0.15311076698708348
E1_cec2022_paper_budget,cec2022,10,20,jSO,27,6897416616317171678,15000,15000,2500.8665551672334,100.8665551672334,100.8665551672334,0.15518728099414147
E1_cec2022_paper_budget,cec2022,10,20,jSO,28,4206365279607491400,15000,15000,2500.8362714550412,100.83627145504124,100.83627145504124,0.14169147799839266
E1_cec2022_paper_budget,cec2022,10,20,jSO,29,1881687005864184365,15000,15000,2500.769989443103,100.76998944310299,100.76998944310299,0.1218953589850571
E1_cec2022_paper_budget,cec2022,11,20,DE,0,116633354908566704,15000,15000,3317.3081906936404,717.3081906936404,717.3081906936404,0.1918560279882513
E1_cec2022_paper_budget,cec2022,11,20,DE,1,2732798372019437922,15000,15000,3192.543899624722,592.5438996247221,592.5438996247221,0.18936635801219381
E1_cec2022_paper_budget,cec2022,11,20,DE,2,1971140141272863470,15000,15000,3109.915925244433,509.91592524443286,509.91592524443286,0.19011556400801055
E1_cec2022_paper_budget,cec2022,11,20,DE,3,1724237279189518482,15000,15000,3159.877984808241,559.8779848082409,559.8779848082409,0.18930487299803644
E1_cec2022_paper_budget,cec2022,11,20,DE,4,3985461268956688744,15000,15000,3204.45916497854,604.4591649785398,604.4591649785398,0.18954848899738863
E1_cec2022_paper_budget,cec2022,11,20,DE,5,5923243519589645814,15000,15000,3153.367778364604,553.367778364604,553.367778364604,0.18826660499325953
E1_cec2022_paper_budget,cec2022,11,20,DE,6,6446408332379058297,15000,15000,3090.124457913931,490.1244579139311,490.1244579139311,0.19064785199589096
E1_cec2022_paper_budget,cec2022,11,20,DE,7,305266471591009695,15000,15000,3200.2672372002266,600.2672372002266,600.2672372002266,0.18983026800560765
E1_cec2022_paper_budget,cec2022,11,20,DE,8,4463578497982788300,15000,15000,3128.7791575826877,528.7791575826877,528.7791575826877,0.18993847101228312
E1_cec2022_paper_budget,cec2022,11,20,DE,9,1604068062589457555,15000,15000,3206.930344338501,606.9303443385011,606.9303443385011,0.18967241200152785
E1_cec2022_paper_budget,cec2022,11,20,DE,10,4281255099569851193,15000,15000,3343.74822465712,743.7482246571199,743.7482246571199,0.19233173000975512
E1_cec2022_paper_budget,cec2022,11,20,DE,11,947085236096884355,15000,15000,3302.133925484272,702.1339254842719,702.1339254842719,0.1903792480006814
E1_cec2022_paper_budget,cec2022,11,20,DE,12,2607827956839667999,15000,15000,3312.195265969505,712.1952659695048,712.1952659695048,0.19240391501807608
E1_cec2022_paper_budget,cec2022,11,20,DE,13,901718346972844789,15000,15000,3233.3131655458324,633.3131655458324,633.3131655458324,0.19222068099770695
E1_cec2022_paper_budget,cec2022,11,20,DE,14,3536472668464316380,15000,15000,3127.685819100554,527.685819100554,527.685819100554,0.1905832799966447
E1_cec2022_paper_budget,cec2022,11,20,DE,15,7272493584374996387,15000,15000,3169.6548937231078,569.6548937231078,569.6548937231078,0.1882401460024994
E1_cec2022_paper_budget,cec2022,11,20,DE,16,9165676656587359324,15000,15000,3143.4399342383917,543.4399342383917,543.4399342383917,0.18690416897879913
E1_cec2022_paper_budget,cec2022,11,20,DE,17,6869599501083621338,15000,15000,3302.7176750531416,702.7176750531416,702.7176750531416,0.1876127689902205
E1_cec2022_paper_budget,cec2022,11,20,DE,18,8528945900940175613,15000,15000,3205.6558869981086,605.6558869981086,605.6558869981086,0.18773353498545475
E1_cec2022_paper_budget,cec2022,11,20,DE,19,5626867802649300512,15000,15000,3280.2863862312875,680.2863862312875,680.2863862312875,0.1871709999977611
E1_cec2022_paper_budget,cec2022,11,20,DE,20,8038430272691591709,15000,15000,3300.872694965687,700.8726949656871,700.8726949656871,0.18696282000746578
E1_cec2022_paper_budget,cec2022,11,20,DE,21,3696876198324242062,15000,15000,3173.788142069,573.7881420690001,573.7881420690001,0.1855224690225441
E1_cec2022_paper_budget,cec2022,11,20,DE,22,4580168254483489858,15000,15000,3305.1281147777895,705.1281147777895,705.1281147777895,0.18594403899624012
E1_cec2022_paper_budget,cec2022,11,20,DE,23,3275365906007934706,15000,15000,3226.4413894282684,626.4413894282684,626.4413894282684,0.18625630499445833
E1_cec2022_paper_budget,cec2022,11,20,DE,24,3906089051260009195,15000,15000,3134.071783426626,534.0717834266261,534.0717834266261,0.18516562902368605
E1_cec2022_paper_budget,cec2022,11,20,DE,25,6351029490384150717,15000,15000,3131.088522979626,531.0885229796258,531.0885229796258,0.1838313770131208
E1_cec2022_paper_budget,cec2022,11,20,DE,26,6299638758663667848,15000,15000,3070.228490629353,470.228490629353,470.228490629353,0.1422072860004846
E1_cec2022_paper_budget,cec2022,11,20,DE,27,2433338047707077096,15000,15000,3226.682723099214,626.682723099214,626.682723099214,0.12985548900905997
E1_cec2022_paper_budget,cec2022,11,20,DE,28,954167551359717274,15000,15000,3302.794793537984,702.7947935379839,702.7947935379839,0.14001798900426365
E1_cec2022_paper_budget,cec2022,11,20,DE,29,1670803136549167834,15000,15000,3110.877406935897,510.87740693589694,510.87740693589694,0.13538426900049672
E1_cec2022_paper_budget,cec2022,11,20,SHADE,0,3859608786616017399,15000,15000,2902.3062121363464,302.3062121363464,302.3062121363464,0.21345852597733028
E1_cec2022_paper_budget,cec2022,11,20,SHADE,1,3505105924382547627,15000,15000,3004.9996053904692,404.99960539046924,404.99960539046924,0.23102725797798485
E1_cec2022_paper_budget,cec2022,11,20,SHADE,2,4358544666579278291,15000,15000,3012.416181128642,412.41618112864217,412.41618112864217,0.2036949530011043
E1_cec2022_paper_budget,cec2022,11,20,SHADE,3,8611291495515372482,15000,15000,2901.7637985272827,301.7637985272827,301.7637985272827,0.19922003999818116
E1_cec2022_paper_budget,cec2022,11,20,SHADE,4,7816101579312944668,15000,15000,3004.334202288472,404.33420228847217,404.33420228847217,0.21851661300752312
E1_cec2022_paper_budget,cec2022,11,20,SHADE,5,5785033472192990383,15000,15000,2902.360372780019,302.36037278001913,302.36037278001913,0.19710548300645314
E1_cec2022_paper_budget,cec2022,11,20,SHADE,6,7780658207224847502,15000,15000,2901.7196401179476,301.7196401179476,301.7196401179476,0.20070041599683464
E1_cec2022_paper_budget,cec2022,11,20,SHADE,7,4913626646537836491,15000,15000,2901.4111907177594,301.4111907177594,301.4111907177594,0.1996051419992
E1_cec2022_paper_budget,cec2022,11,20,SHADE,8,1503141450566677480,15000,15000,2902.290877584069,302.2908775840692,302.2908775840692,0.17565331800142303
E1_cec2022_paper_budget,cec2022,11,20,SHADE,9,7847954272538100767,15000,15000,2901.6151220941656,301.6151220941656,301.6151220941656,0.18291445699287578
E1_cec2022_paper_budget,cec2022,11,20,SHADE,10,5136449402451269945,15000,15000,2902.294886220183,302.2948862201829,302.2948862201829,0.20583060799981467
E1_cec2022_paper_budget,cec2022,11,20,SHADE,11,6711938403520902968,15000,15000,2901.924675735589,301.92467573558906,301.92467573558906,0.1940515660098754
E1_cec2022_paper_budget,cec2022,11,20,SHADE,12,7630817480885098281,15000,15000,2902.5851616946566,302.58516169465656,302.58516169465656,0.21165174699854106
E1_cec2022_paper_budget,cec2022,11,20,SHADE,13,1946982696446230142,15000,15000,2901.8890995370502,301.88909953705024,301.88909953705024,0.21285773898125626
E1_cec2022_paper_budget,cec2022,11,20,SHADE,14,6340118713714595444,15000,15000,2902.2328779788377,302.2328779788377,302.2328779788377,0.19377666999935172
E1_cec2022_paper_budget,cec2022,11,20,SHADE,15,986454348968089911,15000,15000,2902.6739401661393,302.67394016613935,302.67394016613935,0.16421408197493292
E1_cec2022_paper_budget,cec2022,11,20,SHADE,16,2128573027766461720,15000,15000,2901.998572065866,301.99857206586603,301.99857206586603,0.15385846901335754
E1_cec2022_paper_budget,cec2022,11,20,SHADE,17,2124333389172180882,15000,15000,2902.6335080116996,302.63350801169963,302.63350801169963,0.1598288870009128
E1_cec2022_paper_budget,cec2022,11,20,SHADE,18,630352774592895750,15000,15000,2901.8851876902568,301.88518769025677,301.88518769025677,0.17235200601862743
E1_cec2022_paper_budget,cec2022,11,20,SHADE,19,1917696521463456196,15000,15000,2901.6789859577566,301.6789859577566,301.6789859577566,0.16336862699245103
E1_cec2022_paper_budget,cec2022,11,20,SHADE,20,7198006932968327686,15000,15000,2901.5851058521353,301.58510585213526,301.58510585213526,0.16124028401100077
E1_cec2022_paper_budget,cec2022,11,20,SHADE,21,7035646775828886808,15000,15000,2902.6411391242277,302.6411391242277,302.6411391242277,0.16434478701557964
E1_cec2022_paper_budget,cec2022,11,20,SHADE,22,1639177498520851571,15000,15000,2903.4229215294554,303.4229215294554,303.4229215294554,0.1609523640072439
E1_cec2022_paper_budget,cec2022,11,20,SHADE,23,3325722840398295719,15000,15000,2902.041710391324,302.04171039132416,302.04171039132416,0.16191620199242607
E1_cec2022_paper_budget,cec2022,11,20,SHADE,24,5760490314098113602,15000,15000,2902.365498745699,302.3654987456989,302.3654987456989,0.17114532299456187
E1_cec2022_paper_budget,cec2022,11,20,SHADE,25,7231193089377910748,15000,15000,2901.764634880569,301.7646348805688,301.7646348805688,0.20489277999149635
E1_cec2022_paper_budget,cec2022,11,20,SHADE,26,3884798084269524132,15000,15000,2902.1994098169976,302.19940981699756,302.19940981699756,0.19825285600381903
E1_cec2022_paper_budget,cec2022,11,20,SHADE,27,6570965346855897171,15000,15000,2904.218059846323,304.21805984632283,304.21805984632283,0.152631087024929
E1_cec2022_paper_budget,cec2022,11,20,SHADE,28,4084960865825784378,15000,15000,2902.220031682154,302.22003168215406,302.22003168215406,0.15256733700516634
E1_cec2022_paper_budget,cec2022,11,20,SHADE,29,2843194254521676268,15000,15000,2902.1031309658297,302.1031309658297,302.1031309658297,0.15103771799476817
E1_cec2022_paper_budget,cec2022,11,20,LSHADE,0,2917035766100240887,15000,15000,2901.7109264033843,301.7109264033843,301.7109264033843,0.23060582799371332
E1_cec2022_paper_budget,cec2022,11,20,LSHADE,1,2592810901639707604,15000,15000,2901.6618764441328,301.66187644413276,301.66187644413276,0.22693753699422814
E1_cec2022_paper_budget,cec2022,11,20,LSHADE,2,7121933013630632583,15000,15000,2901.532492104029,301.5324921040292,301.5324921040292,0.22866670100484043
E1_cec2022_paper_budget,cec2022,11,20,LSHADE,3,4301222708208502377,15000,15000,2902.66609349758,302.6660934975798,302.6660934975798,0.22654266702011228
E1_cec2022_paper_budget,cec2022,11,20,LSHADE,4,6759768730755263351,15000,15000,2902.2099334664663,302.2099334664663,302.2099334664663,0.22625698099727742
E1_cec2022_paper_budget,cec2022,11,20,LSHADE,5,5097142217359183475,15000,15000,2901.614329523189,301.6143295231891,301.6143295231891,0.22713880400988273
E1_cec2022_paper_budget,cec2022,11,20,LSHADE,6,3404214568420800857,15000,15000,2901.49189890254,301.49189890254,301.49189890254,0.22633135999785736
E1_cec2022_paper_budget,cec2022,11,20,LSHADE,7,4444879060983244059,15000,15000,2900.890503231716,300.89050323171614,300.89050323171614,0.22633442500955425
E1_cec2022_paper_budget,cec2022,11,20,LSHADE,8,250157666985263056,15000,15000,2903.499710492881,303.49971049288115,303.49971049288115,0.22699399301200174
E1_cec2022_paper_budget,cec2022,11,20,LSHADE,9,3383603704435179730,15000,15000,2901.5369453898666,301.53694538986656,301.53694538986656,0.22629535300075077
E1_cec2022_paper_budget,cec2022,11,20,LSHADE,10,7175643725891838037,15000,15000,2902.830092300649,302.8300923006491,302.8300923006491,0.22722413501469418
E1_cec2022_paper_budget,cec2022,11,20,LSHADE,11,3119120721037180579,15000,15000,2903.1952665896233,303.1952665896233,303.1952665896233,0.22621051300666295
E1_cec2022_paper_budget,cec2022,11,20,LSHADE,12,6608499740013793871,15000,15000,2902.3952987361176,302.39529873611764,302.39529873611764,0.2247315590211656
E1_cec2022_paper_budget,cec2022,11,20,LSHADE,13,3000462514657200695,15000,15000,2901.9804060643505,301.9804060643505,301.9804060643505,0.22367539798142388
E1_cec2022_paper_budget,cec2022,11,20,LSHADE,14,3884179978977595440,15000,15000,2902.97921821916,302.97921821916,302.97921821916,0.22373945798608474
E1_cec2022_paper_budget,cec2022,11,20,LSHADE,15,2405861754780518734,15000,15000,2901.574229399875,301.5742293998751,301.5742293998751,0.2223485900030937
E1_cec2022_paper_budget,cec2022,11,20,LSHADE,16,151043936322100332,15000,15000,2901.846628665979,301.8466286659791,301.8466286659791,0.16587637999327853
E1_cec2022_paper_budget,cec2022,11,20,LSHADE,17,5537462998789490166,15000,15000,2901.20132483746,301.2013248374601,301.2013248374601,0.15574955599731766
E1_cec2022_paper_budget,cec2022,11,20,LSHADE,18,1307919321827028827,15000,15000,2900.3174558623373,300.3174558623373,300.3174558623373,0.15408131698495708
E1_cec2022_paper_budget,cec2022,11,20,LSHADE,19,3032752598896121277,15000,15000,2901.326524517226,301.32652451722606,301.32652451722606,0.15474749699933454
E1_cec2022_paper_budget,cec2022,11,20,LSHADE,20,5183580305012399740,15000,15000,2901.8013052353167,301.8013052353167,301.8013052353167,0.15482942000380717
E1_cec2022_paper_budget,cec2022,11,20,LSHADE,21,815864678675446422,15000,15000,2901.5520447514195,301.55204475141954,301.55204475141954,0.15532482901471667
E1_cec2022_paper_budget,cec2022,11,20,LSHADE,22,250098782223668111,15000,15000,2903.426777648286,303.42677764828613,303.42677764828613,0.1572072900016792
E1_cec2022_paper_budget,cec2022,11,20,LSHADE,23,1618826953871850619,15000,15000,2903.180018463043,303.18001846304287,303.18001846304287,0.1521580400003586
E1_cec2022_paper_budget,cec2022,11,20,LSHADE,24,5770506589122999530,15000,15000,2901.7471033226366,301.7471033226366,301.7471033226366,0.15420498899766244
E1_cec2022_paper_budget,cec2022,11,20,LSHADE,25,2680250748853200287,15000,15000,2902.8753752780367,302.8753752780367,302.8753752780367,0.1547936630086042
E1_cec2022_paper_budget,cec2022,11,20,LSHADE,26,5693873698071359224,15000,15000,2902.36683145137,302.3668314513702,302.3668314513702,0.15486075897933915
E1_cec2022_paper_budget,cec2022,11,20,LSHADE,27,945190055583622939,15000,15000,2902.6272032371644,302.6272032371644,302.6272032371644,0.15537772799143568
E1_cec2022_paper_budget,cec2022,11,20,LSHADE,28,7182121639858658353,15000,15000,2902.56652179301,302.56652179301,302.56652179301,0.15177436999510974
E1_cec2022_paper_budget,cec2022,11,20,LSHADE,29,7041959005324557589,15000,15000,2903.0427432509446,303.04274325094457,303.04274325094457,0.1519570029922761
E1_cec2022_paper_budget,cec2022,6,20,HHO,0,6135300263984031692,15000,15000,91347.66759426726,89547.66759426726,89547.66759426726,0.4678393359936308
E1_cec2022_paper_budget,cec2022,6,20,HHO,1,4946157267810001137,15000,15000,260981.24166055242,259181.24166055242,259181.24166055242,0.6171121830120683
E1_cec2022_paper_budget,cec2022,6,20,HHO,2,6358009628905991765,15000,15000,586991.1397196838,585191.1397196838,585191.1397196838,0.6140054170100484
E1_cec2022_paper_budget,cec2022,6,20,HHO,3,8359394289810007661,15000,15000,132538.64249515592,130738.64249515592,130738.64249515592,0.34161972600850277
E1_cec2022_paper_budget,cec2022,6,20,HHO,4,5324069384721797124,15000,15000,187370.07114659916,185570.07114659916,185570.07114659916,0.35272635900764726
E1_cec2022_paper_budget,cec2022,6,20,HHO,5,2623482299933832367,15000,15000,1998336.3851191765,1996536.3851191765,1996536.3851191765,0.38594889000523835
E1_cec2022_paper_budget,cec2022,6,20,HHO,6,5759654002141144845,15000,15000,351688.61506003217,349888.61506003217,349888.61506003217,0.4664944539836142
E1_cec2022_paper_budget,cec2022,6,20,HHO,7,8593202736363667609,15000,15000,265246.78429721174,263446.78429721174,263446.78429721174,0.601012486993568
E1_cec2022_paper_budget,cec2022,6,20,HHO,8,3389818476743577884,15000,15000,490665.2707548176,488865.2707548176,488865.2707548176,0.4260107720037922
E1_cec2022_paper_budget,cec2022,6,20,HHO,9,3182301246575005556,15000,15000,330534.7878918746,328734.7878918746,328734.7878918746,0.5505127089854795
E1_cec2022_paper_budget,cec2022,6,20,HHO,10,5915002073118043621,15000,15000,489266.54662429576,487466.54662429576,487466.54662429576,0.5884299569879659
E1_cec2022_paper_budget,cec2022,6,20,HHO,11,5645227861118899257,15000,15000,313855.92727518297,312055.92727518297,312055.92727518297,0.5921120730054099
E1_cec2022_paper_budget,cec2022,6,20,HHO,12,4043590638237895915,15000,15000,179109.80234557608,177309.80234557608,177309.80234557608,0.5913933449774049
E1_cec2022_paper_budget,cec2022,6,20,HHO,13,1373451857409000078,15000,15000,1538928.372252607,1537128.372252607,1537128.372252607,0.5928194000152871
E1_cec2022_paper_budget,cec2022,6,20,HHO,14,5654614279710945857,15000,15000,242542.83123262727,240742.83123262727,240742.83123262727,0.5876020439900458
E1_cec2022_paper_budget,cec2022,6,20,HHO,15,3785508223647162780,15000,15000,798224.3143797918,796424.3143797918,796424.3143797918,0.5925940269953571
E1_cec2022_paper_budget,cec2022,6,20,HHO,16,5884622410500051471,15000,15000,156730.41246163473,154930.41246163473,154930.41246163473,0.5851307889970485
E1_cec2022_paper_budget,cec2022,6,20,HHO,17,2137506245029318753,15000,15000,429485.39705089544,427685.39705089544,427685.39705089544,0.5943072609952651
E1_cec2022_paper_budget,cec2022,6,20,HHO,18,1115389746301732578,15000,15000,455863.0994725983,454063.0994725983,454063.0994725983,0.5973345579986926
E1_cec2022_paper_budget,cec2022,6,20,HHO,19,6217165277516556441,15000,15000,367663.300549692,365863.300549692,365863.300549692,0.6008058789884672
E1_cec2022_paper_budget,cec2022,6,20,HHO,20,8205051560538098875,15000,15000,243257.94030209293,241457.94030209293,241457.94030209293,0.5418133420171216
E1_cec2022_paper_budget,cec2022,6,20,HHO,21,4301570865186559639,15000,15000,280280.00251291064,278480.00251291064,278480.00251291064,0.31118100602179766
E1_cec2022_paper_budget,cec2022,6,20,HHO,22,7205241097136175981,15000,15000,429954.78470313846,428154.78470313846,428154.78470313846,0.4168657889822498
E1_cec2022_paper_budget,cec2022,6,20,HHO,23,6618388636033527511,15000,15000,136559.21958649173,134759.21958649173,134759.21958649173,0.41955285900621675
E1_cec2022_paper_budget,cec2022,6,20,HHO,24,1777095604287294021,15000,15000,259018.2993995427,257218.2993995427,257218.2993995427,0.4478609430079814
E1_cec2022_paper_budget,cec2022,6,20,HHO,25,6347055744307801830,15000,15000,516524.8243920853,514724.8243920853,514724.8243920853,0.39294207698549144
E1_cec2022_paper_budget,cec2022,6,20,HHO,26,4705690567397902703,15000,15000,644743.9152091343,642943.9152091343,642943.9152091343,0.311391058989102
E1_cec2022_paper_budget,cec2022,6,20,HHO,27,5709466461690939166,15000,15000,193965.23441324048,192165.23441324048,192165.23441324048,0.30349346599541605
E1_cec2022_paper_budget,cec2022,6,20,HHO,28,3869760249719525807,15000,15000,177386.13219938986,175586.13219938986,175586.13219938986,0.4071308299899101
E1_cec2022_paper_budget,cec2022,6,20,HHO,29,415097133894893811,15000,15000,109595.63252217956,107795.63252217956,107795.63252217956,0.4104556060046889
E1_cec2022_paper_budget,cec2022,12,20,DE,0,2473320419902680843,15000,15000,2949.977680417486,249.97768041748623,249.97768041748623,0.19821973299258389
E1_cec2022_paper_budget,cec2022,12,20,DE,1,5470643569591540456,15000,15000,2959.960661092059,259.9606610920591,259.9606610920591,0.19549070499488153
E1_cec2022_paper_budget,cec2022,12,20,DE,2,1299265930258935196,15000,15000,2955.1885876078113,255.18858760781131,255.18858760781131,0.1932820020010695
E1_cec2022_paper_budget,cec2022,12,20,DE,3,5198742792326036217,15000,15000,2951.8146816865783,251.8146816865783,251.8146816865783,0.19696825600112788
E1_cec2022_paper_budget,cec2022,12,20,DE,4,8778593032207257567,15000,15000,2956.0057016317264,256.0057016317264,256.0057016317264,0.1943134769971948
E1_cec2022_paper_budget,cec2022,12,20,DE,5,7331621647756229422,15000,15000,2948.6183614102674,248.61836141026743,248.61836141026743,0.1949512740247883
E1_cec2022_paper_budget,cec2022,12,20,DE,6,8595721433837951816,15000,15000,2946.4477868340664,246.4477868340664,246.4477868340664,0.17611124701215886
E1_cec2022_paper_budget,cec2022,12,20,DE,7,232957039037697081,15000,15000,2951.0095178182405,251.0095178182405,251.0095178182405,0.15743732199189253
E1_cec2022_paper_budget,cec2022,12,20,DE,8,8234298464189996812,15000,15000,2952.120846001047,252.12084600104708,252.12084600104708,0.14958341998863034
E1_cec2022_paper_budget,cec2022,12,20,DE,9,5078753202606263518,15000,15000,2948.10950136623,248.10950136622978,248.10950136622978,0.1521430010034237
E1_cec2022_paper_budget,cec2022,12,20,DE,10,783846653279819229,15000,15000,2947.4173304505503,247.41733045055025,247.41733045055025,0.16623865999281406
E1_cec2022_paper_budget,cec2022,12,20,DE,11,4140409640705186216,15000,15000,2959.0685684230148,259.06856842301477,259.06856842301477,0.16599751697503962
E1_cec2022_paper_budget,cec2022,12,20,DE,12,972981425618645483,15000,15000,2947.7053162832876,247.70531628328763,247.70531628328763,0.15922830998897552
E1_cec2022_paper_budget,cec2022,12,20,DE,13,1362651492752280375,15000,15000,2948.1438322924246,248.14383229242458,248.14383229242458,0.1582976559875533
E1_cec2022_paper_budget,cec2022,12,20,DE,14,5610981379850105272,15000,15000,2949.6374014396097,249.63740143960968,249.63740143960968,0.15877394800190814
E1_cec2022_paper_budget,cec2022,12,20,DE,15,2214176333199583322,15000,15000,2947.1785458050117,247.1785458050117,247.1785458050117,0.16207463998580351
E1_cec2022_paper_budget,cec2022,12,20,DE,16,1674173985696372912,15000,15000,2950.4010857226585,250.40108572265854,250.40108572265854,0.13458443799754605
E1_cec2022_paper_budget,cec2022,12,20,DE,17,6459241122263780167,15000,15000,2950.7676470602337,250.76764706023368,250.76764706023368,0.13677023799391463
E1_cec2022_paper_budget,cec2022,12,20,DE,18,9013513042178611076,15000,15000,2947.416281549326,247.41628154932596,247.41628154932596,0.13337941802456044
E1_cec2022_paper_budget,cec2022,12,20,DE,19,308299743883505959,15000,15000,2951.2638170314226,251.2638170314226,251.2638170314226,0.13526571600232273
E1_cec2022_paper_budget,cec2022,12,20,DE,20,4220856121820998159,15000,15000,2952.5987102559816,252.5987102559816,252.5987102559816,0.136445279000327
E1_cec2022_paper_budget,cec2022,12,20,DE,21,2868548131442627476,15000,15000,2957.61935219451,257.61935219451016,257.61935219451016,0.13397010701010004
E1_cec2022_paper_budget,cec2022,12,20,DE,22,5301978134240360339,15000,15000,2956.6518034647356,256.6518034647356,256.6518034647356,0.13218653100193478
E1_cec2022_paper_budget,cec2022,12,20,DE,23,4816060621226388345,15000,15000,2944.872809798416,244.8728097984158,244.8728097984158,0.13520396000239998
E1_cec2022_paper_budget,cec2022,12,20,DE,24,4138374057194920143,15000,15000,2946.989650086922,246.9896500869222,246.9896500869222,0.1429829310218338
E1_cec2022_paper_budget,cec2022,12,20,DE,25,1393733198995147419,15000,15000,2951.4749970553457,251.47499705534574,251.47499705534574,0.16679140599444509
E1_cec2022_paper_budget,cec2022,12,20,DE,26,3339797165668560566,15000,15000,2955.5204363733174,255.52043637331735,255.52043637331735,0.13462341099511832
E1_cec2022_paper_budget,cec2022,12,20,DE,27,2436719664030475451,15000,15000,2942.9598401172084,242.9598401172084,242.9598401172084,0.12760221300413832
E1_cec2022_paper_budget,cec2022,12,20,DE,28,9179972765067279842,15000,15000,2946.4167995092575,246.41679950925754,246.41679950925754,0.13143187601235695
E1_cec2022_paper_budget,cec2022,12,20,DE,29,8325845396917914795,15000,15000,2953.468815117078,253.46881511707807,253.46881511707807,0.13373520501772873
E1_cec2022_paper_budget,cec2022,11,10,SEHHO-COBL,0,6578324142269089330,15000,15000,2600.0,0.0,0.0,0.973895942006493
E1_cec2022_paper_budget,cec2022,11,10,SEHHO-COBL,1,6003935198561803473,15000,15000,2600.0000000000005,0.0,4.547473508864641e-13,0.9574873860110529
E1_cec2022_paper_budget,cec2022,11,10,SEHHO-COBL,2,6551355170486601027,15000,15000,2600.0000000000005,0.0,4.547473508864641e-13,0.948776147008175
E1_cec2022_paper_budget,cec2022,11,10,SEHHO-COBL,3,1962618853335030466,15000,15000,2750.4673760021356,150.46737600213555,150.46737600213555,0.9136260889936239
E1_cec2022_paper_budget,cec2022,11,10,SEHHO-COBL,4,1137484647610193661,15000,15000,2600.0000000000005,0.0,4.547473508864641e-13,0.9620663649984635
E1_cec2022_paper_budget,cec2022,11,10,SEHHO-COBL,5,4230612100897524506,15000,15000,2600.0000000000005,0.0,4.547473508864641e-13,0.999169876013184
E1_cec2022_paper_budget,cec2022,11,10,SEHHO-COBL,6,9064644832521956553,15000,15000,2600.0000000000005,0.0,4.547473508864641e-13,0.9941716119938064
E1_cec2022_paper_budget,cec2022,11,10,SEHHO-COBL,7,3260157837994142812,15000,15000,2600.0000000000005,0.0,4.547473508864641e-13,0.9790995320072398
E1_cec2022_paper_budget,cec2022,11,10,SEHHO-COBL,8,9202058681334190590,15000,15000,2600.0000000000005,0.0,4.547473508864641e-13,0.99947354599135
E1_cec2022_paper_budget,cec2022,11,10,SEHHO-COBL,9,8024771036761455735,15000,15000,2600.0000000000005,0.0,4.547473508864641e-13,0.9879522770061158
E1_cec2022_paper_budget,cec2022,11,10,SEHHO-COBL,10,5075897928716947053,15000,15000,2600.0000000000005,0.0,4.547473508864641e-13,0.9506033539946657
E1_cec2022_paper_budget,cec2022,11,10,SEHHO-COBL,11,1899867546987122734,15000,15000,2600.0000000000005,0.0,4.547473508864641e-13,0.6365731949917972
E1_cec2022_paper_budget,cec2022,11,10,SEHHO-COBL,12,6745211556324335814,15000,15000,2750.4673760021356,150.46737600213555,150.46737600213555,0.5624113759840839
E1_cec2022_paper_budget,cec2022,11,10,SEHHO-COBL,13,4705279362927757521,15000,15000,2600.0,0.0,0.0,0.7898102079925593
E1_cec2022_paper_budget,cec2022,11,10,SEHHO-COBL,14,2476014666742937668,15000,15000,2600.0000000000005,0.0,4.547473508864641e-13,0.627383598999586
E1_cec2022_paper_budget,cec2022,11,10,SEHHO-COBL,15,5239023781083256823,15000,15000,3000.0000000000005,400.00000000000045,400.00000000000045,0.9259438329900149
E1_cec2022_paper_budget,cec2022,11,10,SEHHO-COBL,16,4922467187777468746,15000,15000,2600.0000000000005,0.0,4.547473508864641e-13,0.9873585529858246
E1_cec2022_paper_budget,cec2022,11,10,SEHHO-COBL,17,8428616028566989501,15000,15000,2600.0000000000005,0.0,4.547473508864641e-13,0.9915726269828156
E1_cec2022_paper_budget,cec2022,11,10,SEHHO-COBL,18,2013020897156291640,15000,15000,2600.0,0.0,0.0,0.9887373990204651
E1_cec2022_paper_budget,cec2022,11,10,SEHHO-COBL,19,2004029416886319221,15000,15000,2600.0000000000005,0.0,4.547473508864641e-13,0.9820502160000615
E1_cec2022_paper_budget,cec2022,11,10,SEHHO-COBL,20,3313052238037092467,15000,15000,2600.0000000000005,0.0,4.547473508864641e-13,0.9575587289873511
E1_cec2022_paper_budget,cec2022,11,10,SEHHO-COBL,21,824100202721870820,15000,15000,3000.0000000000005,400.00000000000045,400.00000000000045,0.8462448280188255
E1_cec2022_paper_budget,cec2022,11,10,SEHHO-COBL,22,7239011414374298096,15000,15000,2600.0,0.0,0.0,0.8384283469931688
E1_cec2022_paper_budget,cec2022,11,10,SEHHO-COBL,23,2125207763317260767,15000,15000,2750.4271638095897,150.42716380958973,150.42716380958973,0.8205997170007322
E1_cec2022_paper_budget,cec2022,11,10,SEHHO-COBL,24,2409975849719152990,15000,15000,2600.0000000000005,0.0,4.547473508864641e-13,0.8463866539823357
E1_cec2022_paper_budget,cec2022,11,10,SEHHO-COBL,25,2456001149660018644,15000,15000,2600.0000000000005,0.0,4.547473508864641e-13,0.8371066990075633
E1_cec2022_paper_budget,cec2022,11,10,SEHHO-COBL,26,8905253824799803898,15000,15000,2600.0000000000005,0.0,4.547473508864641e-13,0.8246485010022298
E1_cec2022_paper_budget,cec2022,11,10,SEHHO-COBL,27,8172745523886119764,15000,15000,2600.0000000000005,0.0,4.547473508864641e-13,0.6953682719904464
E1_cec2022_paper_budget,cec2022,11,10,SEHHO-COBL,28,4229490433489789227,15000,15000,2600.0000000000005,0.0,4.547473508864641e-13,0.5539343860000372
E1_cec2022_paper_budget,cec2022,11,10,SEHHO-COBL,29,1773974790451851948,15000,15000,2600.0000000000005,0.0,4.547473508864641e-13,0.5429097590094898
E1_cec2022_paper_budget,cec2022,3,20,HHO,0,3221942724717774584,15000,15000,669.2365625404607,69.23656254046068,69.23656254046068,0.6781900629866868
E1_cec2022_paper_budget,cec2022,3,20,HHO,1,87773575897621751,15000,15000,672.5265688474423,72.52656884744226,72.52656884744226,0.6616579639958218
E1_cec2022_paper_budget,cec2022,3,20,HHO,2,9083078324202539363,15000,15000,650.254703327789,50.254703327789,50.254703327789,0.6674646050087176
E1_cec2022_paper_budget,cec2022,3,20,HHO,3,2633923939194657174,15000,15000,671.0344512885031,71.03445128850308,71.03445128850308,0.6902616740262602
E1_cec2022_paper_budget,cec2022,3,20,HHO,4,5163926894259583624,15000,15000,672.6987576149672,72.69875761496723,72.69875761496723,0.6700569879903924
E1_cec2022_paper_budget,cec2022,3,20,HHO,5,8276570281948371745,15000,15000,651.7702319858566,51.77023198585664,51.77023198585664,0.6824725049955305
E1_cec2022_paper_budget,cec2022,3,20,HHO,6,1645299919950695491,15000,15000,642.958332102574,42.95833210257399,42.95833210257399,0.6792115680000279
E1_cec2022_paper_budget,cec2022,3,20,HHO,7,4001167615224346004,15000,15000,668.1595838153027,68.15958381530265,68.15958381530265,0.6859967850032263
E1_cec2022_paper_budget,cec2022,3,20,HHO,8,3734775353873072473,15000,15000,665.1915875208158,65.1915875208158,65.1915875208158,0.6800981709966436
E1_cec2022_paper_budget,cec2022,3,20,HHO,9,1367298206348699205,15000,15000,668.9223205638373,68.92232056383727,68.92232056383727,0.6887388169998303
E1_cec2022_paper_budget,cec2022,3,20,HHO,10,1826676835908254937,15000,15000,668.0880799508743,68.08807995087432,68.08807995087432,0.6676217400236055
E1_cec2022_paper_budget,cec2022,3,20,HHO,11,798872608520730285,15000,15000,677.2734632535364,77.27346325353642,77.27346325353642,0.6787420870095957
E1_cec2022_paper_budget,cec2022,3,20,HHO,12,5367161739140713865,15000,15000,666.4904639444837,66.49046394448374,66.49046394448374,0.672936318005668
E1_cec2022_paper_budget,cec2022,3,20,HHO,13,6451703021493636319,15000,15000,662.8337202599214,62.83372025992139,62.83372025992139,0.6634553360054269
E1_cec2022_paper_budget,cec2022,3,20,HHO,14,899558801298648642,15000,15000,667.2762348231067,67.27623482310673,67.27623482310673,0.6550797570089344
E1_cec2022_paper_budget,cec2022,3,20,HHO,15,6929768142177441877,15000,15000,657.5633103248744,57.56331032487435,57.56331032487435,0.6514952730212826
E1_cec2022_paper_budget,cec2022,3,20,HHO,16,8157677666021520739,15000,15000,660.7346798551988,60.734679855198806,60.734679855198806,0.6510790119937155
E1_cec2022_paper_budget,cec2022,3,20,HHO,17,7080235060292508822,15000,15000,676.5122490350027,76.5122490350027,76.5122490350027,0.6518320350151043
E1_cec2022_paper_budget,cec2022,3,20,HHO,18,1603986766303538709,15000,15000,671.0737885289417,71.07378852894169,71.07378852894169,0.5771393809991423
E1_cec2022_paper_budget,cec2022,3,20,HHO,19,7571563760215658207,15000,15000,667.8367119857616,67.83671198576155,67.83671198576155,0.5743254930130206
E1_cec2022_paper_budget,cec2022,3,20,HHO,20,1633463280252225379,15000,15000,660.4715721131627,60.471572113162665,60.471572113162665,0.5717001980228815
E1_cec2022_paper_budget,cec2022,3,20,HHO,21,5286086522450594415,15000,15000,660.1878888434351,60.187888843435076,60.187888843435076,0.575905765988864
E1_cec2022_paper_budget,cec2022,3,20,HHO,22,279695945982883251,15000,15000,665.9161460045458,65.9161460045458,65.9161460045458,0.5789286659855861
E1_cec2022_paper_budget,cec2022,3,20,HHO,23,8103108722314944792,15000,15000,656.5330027523532,56.53300275235324,56.53300275235324,0.5796195919974707
E1_cec2022_paper_budget,cec2022,3,20,HHO,24,8394138554365768685,15000,15000,680.3247092885283,80.32470928852831,80.32470928852831,0.5650546850229148
E1_cec2022_paper_budget,cec2022,3,20,HHO,25,3426065974750587614,15000,15000,679.0205528161712,79.02055281617118,79.02055281617118,0.6210139120230451
E1_cec2022_paper_budget,cec2022,3,20,HHO,26,3427035415440291694,15000,15000,670.5718268668618,70.57182686686178,70.57182686686178,0.6635895470099058
E1_cec2022_paper_budget,cec2022,3,20,HHO,27,902596507301042682,15000,15000,676.2453528351637,76.24535283516366,76.24535283516366,0.6568382950208616
E1_cec2022_paper_budget,cec2022,3,20,HHO,28,5812029852788945533,15000,15000,657.8960320612114,57.89603206121137,57.89603206121137,0.4896666050190106
E1_cec2022_paper_budget,cec2022,3,20,HHO,29,2822980989849571578,15000,15000,667.6054831216671,67.60548312166713,67.60548312166713,0.33391836102236994
E1_cec2022_paper_budget,cec2022,11,20,jSO,0,8474887274298301217,15000,15000,2900.333656092304,300.33365609230395,300.33365609230395,0.23667294697952457
E1_cec2022_paper_budget,cec2022,11,20,jSO,1,1034785695044833949,15000,15000,2900.2545580406454,300.2545580406454,300.2545580406454,0.24731759299174882
E1_cec2022_paper_budget,cec2022,11,20,jSO,2,6718835137579710813,15000,15000,2900.307734685609,300.3077346856089,300.3077346856089,0.24047383599099703
E1_cec2022_paper_budget,cec2022,11,20,jSO,3,6331616450387323587,15000,15000,2900.2934472573857,300.29344725738565,300.29344725738565,0.23684269498335198
E1_cec2022_paper_budget,cec2022,11,20,jSO,4,5646107145621060418,15000,15000,2900.3004116005923,300.30041160059227,300.30041160059227,0.19270944799063727
E1_cec2022_paper_budget,cec2022,11,20,jSO,5,7686753707557611339,15000,15000,2900.2496553137903,300.2496553137903,300.2496553137903,0.23712071700720116
E1_cec2022_paper_budget,cec2022,11,20,jSO,6,6539494674282354843,15000,15000,2900.6646478286766,300.6646478286766,300.6646478286766,0.21027510400745086
E1_cec2022_paper_budget,cec2022,11,20,jSO,7,4447429712415890850,15000,15000,2900.5921119699024,300.59211196990236,300.59211196990236,0.2130467929819133
E1_cec2022_paper_budget,cec2022,11,20,jSO,8,5781967793908136556,15000,15000,2901.1227287426914,301.1227287426914,301.1227287426914,0.20438514699344523
E1_cec2022_paper_budget,cec2022,11,20,jSO,9,2488961461875465805,15000,15000,2900.588518571093,300.5885185710931,300.5885185710931,0.19068227600655518
E1_cec2022_paper_budget,cec2022,11,20,jSO,10,3037596066254505047,15000,15000,2900.999005884052,300.99900588405217,300.99900588405217,0.17914310400374234
E1_cec2022_paper_budget,cec2022,11,20,jSO,11,7568475494612184866,15000,15000,2900.2899326089255,300.2899326089255,300.2899326089255,0.18236968500423245
E1_cec2022_paper_budget,cec2022,11,20,jSO,12,2286118900468597678,15000,15000,2900.4431384087857,300.44313840878567,300.44313840878567,0.18667768602608703
E1_cec2022_paper_budget,cec2022,11,20,jSO,13,6114068327182434400,15000,15000,3002.3584584222363,402.35845842223625,402.35845842223625,0.1807862750138156
E1_cec2022_paper_budget,cec2022,11,20,jSO,14,8283048237271112924,15000,15000,2900.512250654982,300.5122506549819,300.5122506549819,0.17309861598187126
E1_cec2022_paper_budget,cec2022,11,20,jSO,15,4938733789558378256,15000,15000,3001.028288181279,401.0282881812791,401.0282881812791,0.18865496301441453
E1_cec2022_paper_budget,cec2022,11,20,jSO,16,6347290559802216528,15000,15000,2900.380481975847,300.38048197584703,300.38048197584703,0.17550884699448943
E1_cec2022_paper_budget,cec2022,11,20,jSO,17,9150421541219782190,15000,15000,2900.7329247784323,300.73292477843233,300.73292477843233,0.170703573996434
E1_cec2022_paper_budget,cec2022,11,20,jSO,18,6433830372976462795,15000,15000,2900.8192570476417,300.8192570476417,300.8192570476417,0.2523480469826609
E1_cec2022_paper_budget,cec2022,11,20,jSO,19,4976392548524109949,15000,15000,2900.1509642378946,300.15096423789464,300.15096423789464,0.2539445820148103
E1_cec2022_paper_budget,cec2022,11,20,jSO,20,6962973546731576160,15000,15000,2900.203934905411,300.2039349054112,300.2039349054112,0.24821570600033738
E1_cec2022_paper_budget,cec2022,11,20,jSO,21,4189738110056162523,15000,15000,2900.331585236766,300.33158523676593,300.33158523676593,0.24068201598129235
E1_cec2022_paper_budget,cec2022,11,20,jSO,22,7900313561142930599,15000,15000,2900.335011884507,300.3350118845069,300.3350118845069,0.24076904999674298
E1_cec2022_paper_budget,cec2022,11,20,jSO,23,1153362472030105307,15000,15000,2900.213869513879,300.2138695138792,300.2138695138792,0.24043791901203804
E1_cec2022_paper_budget,cec2022,11,20,jSO,24,6238825658482528913,15000,15000,2900.236709864248,300.23670986424804,300.23670986424804,0.23848818099941127
E1_cec2022_paper_budget,cec2022,11,20,jSO,25,5662951722125873705,15000,15000,2900.6519151131,300.65191511310013,300.65191511310013,0.23751889300183393
E1_cec2022_paper_budget,cec2022,11,20,jSO,26,5223445220903766292,15000,15000,2901.195031406364,301.1950314063638,301.1950314063638,0.23330275600892492
E1_cec2022_paper_budget,cec2022,11,20,jSO,27,1303082327149952043,15000,15000,2900.5945044667865,300.5945044667865,300.5945044667865,0.23278497499995865
E1_cec2022_paper_budget,cec2022,11,20,jSO,28,7308986299460772503,15000,15000,3000.3741142172253,400.37411421722527,400.37411421722527,0.23505269800079986
E1_cec2022_paper_budget,cec2022,11,20,jSO,29,6190005430526953735,15000,15000,2900.479112920909,300.47911292090885,300.47911292090885,0.23306160399806686
E1_cec2022_paper_budget,cec2022,12,10,SEHHO-COBL,0,5342034853125982636,15000,15000,2858.7172292742757,158.71722927427572,158.71722927427572,0.9612255380197894
E1_cec2022_paper_budget,cec2022,12,10,SEHHO-COBL,1,6368550559056612525,15000,15000,2865.2126055976614,165.21260559766142,165.21260559766142,0.9623150200059172
E1_cec2022_paper_budget,cec2022,12,10,SEHHO-COBL,2,8819985327351012141,15000,15000,2859.543776286797,159.54377628679686,159.54377628679686,0.952585110993823
E1_cec2022_paper_budget,cec2022,12,10,SEHHO-COBL,3,3121917246474679060,15000,15000,2863.4948352028796,163.49483520287959,163.49483520287959,0.941994757973589
E1_cec2022_paper_budget,cec2022,12,10,SEHHO-COBL,4,1852321278609058201,15000,15000,2861.404880758749,161.4048807587492,161.4048807587492,0.9595421200210694
E1_cec2022_paper_budget,cec2022,12,10,SEHHO-COBL,5,6021098325792331371,15000,15000,2864.9310079029074,164.93100790290737,164.93100790290737,0.9551027639827225
E1_cec2022_paper_budget,cec2022,12,10,SEHHO-COBL,6,2935615588013907005,15000,15000,2863.4948352028796,163.49483520287959,163.49483520287959,0.9654988620022777
E1_cec2022_paper_budget,cec2022,12,10,SEHHO-COBL,7,8066839154329584070,15000,15000,2861.404880758749,161.4048807587492,161.4048807587492,0.9929540080192965
E1_cec2022_paper_budget,cec2022,12,10,SEHHO-COBL,8,4689781970381614682,15000,15000,2863.4948352028796,163.49483520287959,163.49483520287959,0.9751583499892149
E1_cec2022_paper_budget,cec2022,12,10,SEHHO-COBL,9,1312481351007602950,15000,15000,2861.435267677411,161.43526767741105,161.43526767741105,0.8654524740122724
E1_cec2022_paper_budget,cec2022,12,10,SEHHO-COBL,10,5356631246260303276,15000,15000,2861.404880758749,161.4048807587492,161.4048807587492,0.5391453979827929
E1_cec2022_paper_budget,cec2022,12,10,SEHHO-COBL,11,1786689965880736494,15000,15000,2859.7898130686353,159.78981306863534,159.78981306863534,0.9140738990099635
E1_cec2022_paper_budget,cec2022,12,10,SEHHO-COBL,12,2680419609631681007,15000,15000,2861.4049529794793,161.40495297947928,161.40495297947928,0.9705009039898869
E1_cec2022_paper_budget,cec2022,12,10,SEHHO-COBL,13,784161384259489617,15000,15000,2862.628007978069,162.62800797806904,162.62800797806904,0.9970670219918247
E1_cec2022_paper_budget,cec2022,12,10,SEHHO-COBL,14,627630591245797390,15000,15000,2861.404880758749,161.4048807587492,161.4048807587492,0.9915971629961859
E1_cec2022_paper_budget,cec2022,12,10,SEHHO-COBL,15,35408287991466882,15000,15000,2861.4352676774106,161.4352676774106,161.4352676774106,0.9708567409834359
E1_cec2022_paper_budget,cec2022,12,10,SEHHO-COBL,16,2826080002962642522,15000,15000,2864.9310079029074,164.93100790290737,164.93100790290737,0.9636921029887162
E1_cec2022_paper_budget,cec2022,12,10,SEHHO-COBL,17,5652343880304413615,15000,15000,2859.374690266366,159.3746902663661,159.3746902663661,0.9539460439991672
E1_cec2022_paper_budget,cec2022,12,10,SEHHO-COBL,18,6487208646873838613,15000,15000,2863.49483520288,163.49483520288004,163.49483520288004,0.9418595239985734
E1_cec2022_paper_budget,cec2022,12,10,SEHHO-COBL,19,6277816792648360286,15000,15000,2858.641744268302,158.64174426830186,158.64174426830186,0.9611174740130082
E1_cec2022_paper_budget,cec2022,12,10,SEHHO-COBL,20,1133911605538401030,15000,15000,2861.4435272899223,161.44352728992226,161.44352728992226,0.9495740940037649
E1_cec2022_paper_budget,cec2022,12,10,SEHHO-COBL,21,7937502379515760667,15000,15000,2861.404880758749,161.4048807587492,161.4048807587492,0.9637345639930572
E1_cec2022_paper_budget,cec2022,12,10,SEHHO-COBL,22,5888128849091651152,15000,15000,2865.2126055976614,165.21260559766142,165.21260559766142,0.9236347010009922
E1_cec2022_paper_budget,cec2022,12,10,SEHHO-COBL,23,5380502956792881185,15000,15000,2861.8565554668003,161.85655546680027,161.85655546680027,0.7864185969810933
E1_cec2022_paper_budget,cec2022,12,10,SEHHO-COBL,24,8641509796424204015,15000,15000,2863.4785855466607,163.47858554666072,163.47858554666072,0.49821805401006714
E1_cec2022_paper_budget,cec2022,12,10,SEHHO-COBL,25,290483518491758039,15000,15000,2863.924512134289,163.92451213428922,163.92451213428922,0.5095955439901445
E1_cec2022_paper_budget,cec2022,12,10,SEHHO-COBL,26,4320669961858003088,15000,15000,2861.404880758749,161.4048807587492,161.4048807587492,0.7347418810240924
E1_cec2022_paper_budget,cec2022,12,10,SEHHO-COBL,27,1066342887488268430,15000,15000,2863.5160965018727,163.51609650187265,163.51609650187265,0.7582464969891589
E1_cec2022_paper_budget,cec2022,12,10,SEHHO-COBL,28,4905177696989193644,15000,15000,2861.404880758749,161.4048807587492,161.4048807587492,0.727366498002084
E1_cec2022_paper_budget,cec2022,12,10,SEHHO-COBL,29,2232171144468748373,15000,15000,2862.567376357956,162.56737635795616,162.56737635795616,0.5128967259952333
E1_cec2022_paper_budget,cec2022,1,20,SEHHO-COBL,0,5895094249894378651,15000,15000,39291.95185718852,38991.95185718852,38991.95185718852,0.8824921239865944
E1_cec2022_paper_budget,cec2022,1,20,SEHHO-COBL,1,6625723457644964412,15000,15000,300.0599417302314,0.059941730231400925,0.059941730231400925,0.9420402940013446
E1_cec2022_paper_budget,cec2022,1,20,SEHHO-COBL,2,7222526073208137037,15000,15000,300.03000567817327,0.030005678173267825,0.030005678173267825,0.9343601879954804
E1_cec2022_paper_budget,cec2022,1,20,SEHHO-COBL,3,7582632780982230897,15000,15000,300.0187616544387,0.018761654438719688,0.018761654438719688,0.9669364090077579
E1_cec2022_paper_budget,cec2022,1,20,SEHHO-COBL,4,6125145794377115817,15000,15000,300.0254475233864,0.025447523386390003,0.025447523386390003,0.9592704509850591
E1_cec2022_paper_budget,cec2022,1,20,SEHHO-COBL,5,4532016771689340612,15000,15000,338.92831436824974,38.928314368249744,38.928314368249744,0.9248204850009643
E1_cec2022_paper_budget,cec2022,1,20,SEHHO-COBL,6,573383987405504473,15000,15000,344.90909927601734,44.90909927601734,44.90909927601734,0.9382628180028405
E1_cec2022_paper_budget,cec2022,1,20,SEHHO-COBL,7,106015847471060963,15000,15000,301.94621878246926,1.9462187824692592,1.9462187824692592,0.9431582799879834
E1_cec2022_paper_budget,cec2022,1,20,SEHHO-COBL,8,6754059806695856282,15000,15000,348.38317902350934,48.38317902350934,48.38317902350934,0.8886605939769652
E1_cec2022_paper_budget,cec2022,1,20,SEHHO-COBL,9,896268024562535498,15000,15000,300.4550564901405,0.45505649014052096,0.45505649014052096,0.9291977460088674
E1_cec2022_paper_budget,cec2022,1,20,SEHHO-COBL,10,4095461860624904717,15000,15000,300.01722524093316,0.017225240933157693,0.017225240933157693,0.9275261200091336
E1_cec2022_paper_budget,cec2022,1,20,SEHHO-COBL,11,2595000669949503847,15000,15000,300.6388418468386,0.6388418468386021,0.6388418468386021,0.9390207100077532
E1_cec2022_paper_budget,cec2022,1,20,SEHHO-COBL,12,3766083385679005101,15000,15000,303.0713080051986,3.0713080051986026,3.0713080051986026,0.9057565590192098
E1_cec2022_paper_budget,cec2022,1,20,SEHHO-COBL,13,7403627428247611493,15000,15000,300.0661043354182,0.06610433541817429,0.06610433541817429,0.8911349140107632
E1_cec2022_paper_budget,cec2022,1,20,SEHHO-COBL,14,5718800814574542307,15000,15000,300.0436232657732,0.04362326577319209,0.04362326577319209,0.887772126996424
E1_cec2022_paper_budget,cec2022,1,20,SEHHO-COBL,15,778691387096368983,15000,15000,12821.24576648098,12521.24576648098,12521.24576648098,0.8202986230025999
E1_cec2022_paper_budget,cec2022,1,20,SEHHO-COBL,16,4729806846447023344,15000,15000,300.0381789357153,0.03817893571527975,0.03817893571527975,0.8909725599805824
E1_cec2022_paper_budget,cec2022,1,20,SEHHO-COBL,17,283850556473744290,15000,15000,300.17430485653773,0.17430485653773076,0.17430485653773076,0.8897294480120763
E1_cec2022_paper_budget,cec2022,1,20,SEHHO-COBL,18,8785778629553313950,15000,15000,300.10096211556527,0.10096211556526669,0.10096211556526669,0.889538410003297
E1_cec2022_paper_budget,cec2022,1,20,SEHHO-COBL,19,2646238207211642704,15000,15000,301.6004569962338,1.6004569962337882,1.6004569962337882,0.8912638259935193
E1_cec2022_paper_budget,cec2022,1,20,SEHHO-COBL,20,6263400058219225614,15000,15000,300.202985512538,0.20298551253802088,0.20298551253802088,0.6785936390224379
E1_cec2022_paper_budget,cec2022,1,20,SEHHO-COBL,21,726522936145833869,15000,15000,305.4586969960398,5.458696996039805,5.458696996039805,0.7701321500062477
E1_cec2022_paper_budget,cec2022,1,20,SEHHO-COBL,22,1493347517053055917,15000,15000,334.8089843535067,34.80898435350667,34.80898435350667,0.8782283969921991
E1_cec2022_paper_budget,cec2022,1,20,SEHHO-COBL,23,2432547296388826104,15000,15000,300.9879386531654,0.9879386531653722,0.9879386531653722,0.8937871189846192
E1_cec2022_paper_budget,cec2022,1,20,SEHHO-COBL,24,776649127811608514,15000,15000,300.04900618336825,0.04900618336824891,0.04900618336824891,0.6668578569951933
E1_cec2022_paper_budget,cec2022,1,20,SEHHO-COBL,25,27517329381347523,15000,15000,301.0252473288032,1.0252473288031752,1.0252473288031752,0.6645637940091547
E1_cec2022_paper_budget,cec2022,1,20,SEHHO-COBL,26,2587085660942635235,15000,15000,304.3135253790804,4.3135253790803745,4.3135253790803745,0.5993371449876577
E1_cec2022_paper_budget,cec2022,1,20,SEHHO-COBL,27,1706181716652072751,15000,15000,381.25241620546774,81.25241620546774,81.25241620546774,0.523355952987913
E1_cec2022_paper_budget,cec2022,1,20,SEHHO-COBL,28,2011180503163158934,15000,15000,312.55386694695625,12.553866946956248,12.553866946956248,0.4857801359903533
E1_cec2022_paper_budget,cec2022,1,20,SEHHO-COBL,29,6276909522472627188,15000,15000,300.3814398228451,0.3814398228450955,0.3814398228450955,0.4807232710008975
E1_cec2022_paper_budget,cec2022,2,20,SEHHO-COBL,0,2588370997978576842,15000,15000,467.080363346015,67.08036334601502,67.08036334601502,0.9505324809870217
E1_cec2022_paper_budget,cec2022,2,20,SEHHO-COBL,1,8336429467893254996,15000,15000,449.084478979483,49.08447897948298,49.08447897948298,0.9639281760028098
E1_cec2022_paper_budget,cec2022,2,20,SEHHO-COBL,2,3594343828772416142,15000,15000,449.0844789798388,49.08447897983882,49.08447897983882,0.9345545829855837
E1_cec2022_paper_budget,cec2022,2,20,SEHHO-COBL,3,7083005734121137358,15000,15000,449.0844789794848,49.0844789794848,49.0844789794848,0.9369157410110347
E1_cec2022_paper_budget,cec2022,2,20,SEHHO-COBL,4,8086611881247081013,15000,15000,449.0844789795443,49.084478979544315,49.084478979544315,0.9459845809906255
E1_cec2022_paper_budget,cec2022,2,20,SEHHO-COBL,5,1615327125899948163,15000,15000,449.08447897984036,49.084478979840355,49.084478979840355,0.9553282670094632
E1_cec2022_paper_budget,cec2022,2,20,SEHHO-COBL,6,7175335379688036997,15000,15000,444.89546931745144,44.89546931745144,44.89546931745144,1.0160959030035883
E1_cec2022_paper_budget,cec2022,2,20,SEHHO-COBL,7,800086265683343262,15000,15000,449.08447897948207,49.08447897948207,49.08447897948207,1.0086235780036077
E1_cec2022_paper_budget,cec2022,2,20,SEHHO-COBL,8,6384020143120064025,15000,15000,449.084478979602,49.08447897960201,49.08447897960201,1.0245976279838942
E1_cec2022_paper_budget,cec2022,2,20,SEHHO-COBL,9,5127839212517474036,15000,15000,449.0844789794814,49.08447897948139,49.08447897948139,0.7554749190167058
E1_cec2022_paper_budget,cec2022,2,20,SEHHO-COBL,10,2195045666574369717,15000,15000,449.0844789795316,49.08447897953158,49.08447897953158,0.6755301830125973
E1_cec2022_paper_budget,cec2022,2,20,SEHHO-COBL,11,797506664212416192,15000,15000,449.0844789794851,49.084478979485084,49.084478979485084,0.6051195400068536
E1_cec2022_paper_budget,cec2022,2,20,SEHHO-COBL,12,8171357990378469553,15000,15000,449.08447897954795,49.08447897954795,49.08447897954795,0.7749904030060861
E1_cec2022_paper_budget,cec2022,2,20,SEHHO-COBL,13,1875236797957830096,15000,15000,400.3492327280035,0.34923272800352834,0.34923272800352834,0.7622089189826511
E1_cec2022_paper_budget,cec2022,2,20,SEHHO-COBL,14,2818211912441601697,15000,15000,449.08447897949173,49.084478979491735,49.084478979491735,0.599719190999167
E1_cec2022_paper_budget,cec2022,2,20,SEHHO-COBL,15,7338945884785531624,15000,15000,449.08447917833234,49.084479178332344,49.084479178332344,0.613806442997884
E1_cec2022_paper_budget,cec2022,2,20,SEHHO-COBL,16,1130469105541575855,15000,15000,449.0844789794825,49.084478979482526,49.084478979482526,0.6423190019850153
E1_cec2022_paper_budget,cec2022,2,20,SEHHO-COBL,17,3487161599923850615,15000,15000,402.8188960205321,2.8188960205321223,2.8188960205321223,0.7218290220189374
E1_cec2022_paper_budget,cec2022,2,20,SEHHO-COBL,18,3295646445652988597,15000,15000,449.08447897948196,49.08447897948196,49.08447897948196,0.9282037609955296
E1_cec2022_paper_budget,cec2022,2,20,SEHHO-COBL,19,1242245287794268094,15000,15000,449.084478979485,49.08447897948503,49.08447897948503,0.9344821569975466
E1_cec2022_paper_budget,cec2022,2,20,SEHHO-COBL,20,4859775176605395171,15000,15000,449.08447897957484,49.08447897957484,49.08447897957484,0.7515029080095701
E1_cec2022_paper_budget,cec2022,2,20,SEHHO-COBL,21,7748908930917835697,15000,15000,449.0844789795407,49.08447897954068,49.08447897954068,0.6752440069976728
E1_cec2022_paper_budget,cec2022,2,20,SEHHO-COBL,22,4705724545299543424,15000,15000,449.084478979486,49.08447897948599,49.08447897948599,0.9042334019904956
E1_cec2022_paper_budget,cec2022,2,20,SEHHO-COBL,23,90472657768257941,15000,15000,449.08447897948383,49.08447897948383,49.08447897948383,0.7278052010224201
E1_cec2022_paper_budget,cec2022,2,20,SEHHO-COBL,24,7814147344824886954,15000,15000,449.08447897948236,49.084478979482355,49.084478979482355,0.5103225079947151
E1_cec2022_paper_budget,cec2022,2,20,SEHHO-COBL,25,218985699757835236,15000,15000,449.08447899380786,49.08447899380786,49.08447899380786,0.49502413399750367
E1_cec2022_paper_budget,cec2022,2,20,SEHHO-COBL,26,2709488638744656596,15000,15000,449.0844789794832,49.08447897948321,49.08447897948321,0.48430281499167904
E1_cec2022_paper_budget,cec2022,2,20,SEHHO-COBL,27,3993172976171920700,15000,15000,449.0844789794817,49.08447897948167,49.08447897948167,0.4647162979817949
E1_cec2022_paper_budget,cec2022,2,20,SEHHO-COBL,28,3045318936472425231,15000,15000,449.0844789794818,49.08447897948179,49.08447897948179,0.46516913699451834
E1_cec2022_paper_budget,cec2022,2,20,SEHHO-COBL,29,947966487816279203,15000,15000,449.08447897948577,49.084478979485766,49.084478979485766,0.4456504980043974
E1_cec2022_paper_budget,cec2022,12,20,LSHADE,0,2355109309738971889,15000,15000,2944.8729262637394,244.87292626373937,244.87292626373937,0.24718852000660263
E1_cec2022_paper_budget,cec2022,12,20,LSHADE,1,4750883933921589787,15000,15000,2932.595524984925,232.59552498492485,232.59552498492485,0.24183436701423489
E1_cec2022_paper_budget,cec2022,12,20,LSHADE,2,4256848936481172172,15000,15000,2936.8084544707117,236.8084544707117,236.8084544707117,0.23891130500123836
E1_cec2022_paper_budget,cec2022,12,20,LSHADE,3,3432660703200433291,15000,15000,2937.9178754591094,237.91787545910938,237.91787545910938,0.2403750600060448
E1_cec2022_paper_budget,cec2022,12,20,LSHADE,4,1444080715014439290,15000,15000,2946.841313444098,246.84131344409798,246.84131344409798,0.24059874002705328
E1_cec2022_paper_budget,cec2022,12,20,LSHADE,5,174856228570438824,15000,15000,2943.1197493891095,243.11974938910953,243.11974938910953,0.2390010929957498
E1_cec2022_paper_budget,cec2022,12,20,LSHADE,6,8898696547221389031,15000,15000,2936.5330767090945,236.53307670909453,236.53307670909453,0.23705085599794984
E1_cec2022_paper_budget,cec2022,12,20,LSHADE,7,6305308481159555112,15000,15000,2934.4422180958327,234.4422180958327,234.4422180958327,0.23511662799865007
E1_cec2022_paper_budget,cec2022,12,20,LSHADE,8,1206529524924558262,15000,15000,2937.199924372336,237.19992437233623,237.19992437233623,0.2064481870038435
E1_cec2022_paper_budget,cec2022,12,20,LSHADE,9,48401401598978105,15000,15000,2934.031341159226,234.03134115922603,234.03134115922603,0.1736637760186568
E1_cec2022_paper_budget,cec2022,12,20,LSHADE,10,4654217773326809045,15000,15000,2938.786880049792,238.78688004979222,238.78688004979222,0.17999503097962588
E1_cec2022_paper_budget,cec2022,12,20,LSHADE,11,7006830911881024515,15000,15000,2934.0326844779015,234.0326844779015,234.0326844779015,0.17781425098655745
E1_cec2022_paper_budget,cec2022,12,20,LSHADE,12,2542643689436483804,15000,15000,2937.747613552383,237.74761355238297,237.74761355238297,0.17167801200412214
E1_cec2022_paper_budget,cec2022,12,20,LSHADE,13,1624216982166985071,15000,15000,2934.6840305136034,234.68403051360337,234.68403051360337,0.17424800197477452
E1_cec2022_paper_budget,cec2022,12,20,LSHADE,14,8005606800709968116,15000,15000,2937.8351634474557,237.83516344745567,237.83516344745567,0.16165725700557232
E1_cec2022_paper_budget,cec2022,12,20,LSHADE,15,8938596338103710791,15000,15000,2943.1823776177694,243.18237761776936,243.18237761776936,0.16326827800367028
E1_cec2022_paper_budget,cec2022,12,20,LSHADE,16,8895923691246792933,15000,15000,2941.1012539725534,241.10125397255342,241.10125397255342,0.16272529898560606
E1_cec2022_paper_budget,cec2022,12,20,LSHADE,17,5769456928909983007,15000,15000,2937.9125708063057,237.91257080630567,237.91257080630567,0.1621108569961507
E1_cec2022_paper_budget,cec2022,12,20,LSHADE,18,396763826327176549,15000,15000,2937.738170368193,237.7381703681931,237.7381703681931,0.17118632901110686
E1_cec2022_paper_budget,cec2022,12,20,LSHADE,19,6663656109683694184,15000,15000,2934.362384914065,234.36238491406493,234.36238491406493,0.16331138901296072
E1_cec2022_paper_budget,cec2022,12,20,LSHADE,20,7374152430570299216,15000,15000,2936.6059319284864,236.60593192848637,236.60593192848637,0.16321534899179824
E1_cec2022_paper_budget,cec2022,12,20,LSHADE,21,1219723570346683068,15000,15000,2938.7213352806716,238.7213352806716,238.7213352806716,0.15352014402742498
E1_cec2022_paper_budget,cec2022,12,20,LSHADE,22,1764154817455271833,15000,15000,2939.9875039630824,239.98750396308242,239.98750396308242,0.17091035202611238
E1_cec2022_paper_budget,cec2022,12,20,LSHADE,23,5055480675277097853,15000,15000,2935.009611362603,235.0096113626032,235.0096113626032,0.16054715399513952
E1_cec2022_paper_budget,cec2022,12,20,LSHADE,24,539066261112343673,15000,15000,2938.7880580171754,238.78805801717544,238.78805801717544,0.15824273199541494
E1_cec2022_paper_budget,cec2022,12,20,LSHADE,25,4340666566600574810,15000,15000,2937.2796581940547,237.27965819405472,237.27965819405472,0.1654130209935829
E1_cec2022_paper_budget,cec2022,12,20,LSHADE,26,850672146604313582,15000,15000,2941.6390259535237,241.63902595352374,241.63902595352374,0.15300199200282805
E1_cec2022_paper_budget,cec2022,12,20,LSHADE,27,8898142003321624103,15000,15000,2937.308230217177,237.30823021717697,237.30823021717697,0.15032701499876566
E1_cec2022_paper_budget,cec2022,12,20,LSHADE,28,6599632633984197811,15000,15000,2935.2813383931216,235.2813383931216,235.2813383931216,0.14977493998594582
E1_cec2022_paper_budget,cec2022,12,20,LSHADE,29,8695731422717161915,15000,15000,2938.0109696472687,238.01096964726867,238.01096964726867,0.14998769899830222
E1_cec2022_paper_budget,cec2022,12,20,jSO,0,6465484614560412110,15000,15000,2937.1805445667032,237.18054456670325,237.18054456670325,0.2713151920179371
E1_cec2022_paper_budget,cec2022,12,20,jSO,1,3301119685550013245,15000,15000,2936.360523042745,236.36052304274517,236.36052304274517,0.2574462899938226
E1_cec2022_paper_budget,cec2022,12,20,jSO,2,741118474938241360,15000,15000,2934.9554976797062,234.95549767970624,234.95549767970624,0.252953331975732
E1_cec2022_paper_budget,cec2022,12,20,jSO,3,2531418950102731879,15000,15000,2944.402024508883,244.4020245088832,244.4020245088832,0.2506948569789529
E1_cec2022_paper_budget,cec2022,12,20,jSO,4,3937171218859898083,15000,15000,2937.4317995141714,237.43179951417142,237.43179951417142,0.18103810801403597
E1_cec2022_paper_budget,cec2022,12,20,jSO,5,3639591494996184019,15000,15000,2941.3765775775114,241.3765775775114,241.3765775775114,0.18832416302757338
E1_cec2022_paper_budget,cec2022,12,20,jSO,6,3883257593556229028,15000,15000,2940.7341894252427,240.73418942524268,240.73418942524268,0.184334851015592
E1_cec2022_paper_budget,cec2022,12,20,jSO,7,1086764143734490877,15000,15000,2939.714951685796,239.71495168579622,239.71495168579622,0.19580590599798597
E1_cec2022_paper_budget,cec2022,12,20,jSO,8,2693275008013510227,15000,15000,2950.409080824922,250.40908082492206,250.40908082492206,0.1919569669989869
E1_cec2022_paper_budget,cec2022,12,20,jSO,9,3663205676653312157,15000,15000,2934.397816417785,234.39781641778518,234.39781641778518,0.1951740009826608
E1_cec2022_paper_budget,cec2022,12,20,jSO,10,279641073704763223,15000,15000,2936.346820131008,236.34682013100792,236.34682013100792,0.17662287698476575
E1_cec2022_paper_budget,cec2022,12,20,jSO,11,5616495958684080644,15000,15000,2938.260848147179,238.26084814717888,238.26084814717888,0.16724393499316648
E1_cec2022_paper_budget,cec2022,12,20,jSO,12,2020464096898396183,15000,15000,2940.608695836408,240.60869583640806,240.60869583640806,0.16866264599957503
E1_cec2022_paper_budget,cec2022,12,20,jSO,13,4821670415780477411,15000,15000,2935.6069064998487,235.60690649984872,235.60690649984872,0.1750218529778067
E1_cec2022_paper_budget,cec2022,12,20,jSO,14,6159831527321238866,15000,15000,2939.6458807726576,239.64588077265762,239.64588077265762,0.16700995599967428
E1_cec2022_paper_budget,cec2022,12,20,jSO,15,6785616419252310771,15000,15000,2932.4864533545983,232.48645335459832,232.48645335459832,0.16368079200037755
E1_cec2022_paper_budget,cec2022,12,20,jSO,16,5768734762856513281,15000,15000,2945.0224220571704,245.0224220571704,245.0224220571704,0.16497294598957524
E1_cec2022_paper_budget,cec2022,12,20,jSO,17,3868663290017814226,15000,15000,2939.564371324133,239.56437132413294,239.56437132413294,0.1688100530009251
E1_cec2022_paper_budget,cec2022,12,20,jSO,18,5190082776779174599,15000,15000,2945.4418475711195,245.44184757111952,245.44184757111952,0.15985836301115341
E1_cec2022_paper_budget,cec2022,12,20,jSO,19,9067772228154742267,15000,15000,2937.787703466655,237.78770346665488,237.78770346665488,0.16045798698905855
E1_cec2022_paper_budget,cec2022,12,20,jSO,20,1130136660399884986,15000,15000,2938.625037808476,238.625037808476,238.625037808476,0.15956425099284388
E1_cec2022_paper_budget,cec2022,12,20,jSO,21,6426562060177721413,15000,15000,2935.0133998030556,235.01339980305556,235.01339980305556,0.16321010899264365
E1_cec2022_paper_budget,cec2022,12,20,jSO,22,1965222845787196821,15000,15000,2935.569546547708,235.5695465477079,235.5695465477079,0.15890394200687297
E1_cec2022_paper_budget,cec2022,12,20,jSO,23,5284306502077361408,15000,15000,2946.248319067032,246.24831906703184,246.24831906703184,0.1583678369934205
E1_cec2022_paper_budget,cec2022,12,20,jSO,24,6522957180959381668,15000,15000,2938.686662447197,238.6866624471968,238.6866624471968,0.15621503899456002
E1_cec2022_paper_budget,cec2022,12,20,jSO,25,1981051332362701533,15000,15000,2935.004009984448,235.0040099844482,235.0040099844482,0.15805882701533847
E1_cec2022_paper_budget,cec2022,12,20,jSO,26,4347991969583479420,15000,15000,2933.271483204598,233.2714832045981,233.2714832045981,0.15817024698480964
E1_cec2022_paper_budget,cec2022,12,20,jSO,27,8194314779343915295,15000,15000,2936.111761770108,236.11176177010793,236.11176177010793,0.15879497799323872
E1_cec2022_paper_budget,cec2022,12,20,jSO,28,5804482904135806844,15000,15000,2932.8441045352124,232.8441045352124,232.8441045352124,0.15693606200511567
E1_cec2022_paper_budget,cec2022,12,20,jSO,29,363073923492531733,15000,15000,2934.8045786517205,234.80457865172048,234.80457865172048,0.16142735499306582
E1_cec2022_paper_budget,cec2022,12,20,SHADE,0,8955851884808936212,15000,15000,2958.1152699279437,258.1152699279437,258.1152699279437,0.2252360660058912
E1_cec2022_paper_budget,cec2022,12,20,SHADE,1,408211855353152051,15000,15000,2946.321051613787,246.32105161378695,246.32105161378695,0.2223005299747456
E1_cec2022_paper_budget,cec2022,12,20,SHADE,2,5562519599068669020,15000,15000,2962.4437126711855,262.4437126711855,262.4437126711855,0.22186306901858188
E1_cec2022_paper_budget,cec2022,12,20,SHADE,3,6224379036347206830,15000,15000,2948.5826681970325,248.5826681970325,248.5826681970325,0.22208792102173902
E1_cec2022_paper_budget,cec2022,12,20,SHADE,4,155093705900769328,15000,15000,2944.7146660950953,244.71466609509525,244.71466609509525,0.2205043809954077
E1_cec2022_paper_budget,cec2022,12,20,SHADE,5,3484913934806553726,15000,15000,2948.796588102464,248.79658810246383,248.79658810246383,0.22099173502647318
E1_cec2022_paper_budget,cec2022,12,20,SHADE,6,1307244606299315932,15000,15000,2965.459644749051,265.4596447490512,265.4596447490512,0.2185604349942878
E1_cec2022_paper_budget,cec2022,12,20,SHADE,7,9000790248960047241,15000,15000,2955.7228193208434,255.72281932084343,255.72281932084343,0.21877304400550202
E1_cec2022_paper_budget,cec2022,12,20,SHADE,8,1636820818550952196,15000,15000,2948.937223088238,248.93722308823817,248.93722308823817,0.21781316300621256
E1_cec2022_paper_budget,cec2022,12,20,SHADE,9,6641775856117956931,15000,15000,2960.5459150300126,260.54591503001257,260.54591503001257,0.21912500401958823
E1_cec2022_paper_budget,cec2022,12,20,SHADE,10,6480619305787676285,15000,15000,2950.4780614476713,250.47806144767128,250.47806144767128,0.21793391002574936
E1_cec2022_paper_budget,cec2022,12,20,SHADE,11,4328562281000321351,15000,15000,2948.9831094832944,248.98310948329436,248.98310948329436,0.21800928100128658
E1_cec2022_paper_budget,cec2022,12,20,SHADE,12,917780753635258113,15000,15000,2950.807929840992,250.80792984099207,250.80792984099207,0.21670071699190885
E1_cec2022_paper_budget,cec2022,12,20,SHADE,13,4979576753066401914,15000,15000,2947.9820333386765,247.9820333386765,247.9820333386765,0.21505885699298233
E1_cec2022_paper_budget,cec2022,12,20,SHADE,14,1295718415919662984,15000,15000,2950.942316762952,250.94231676295203,250.94231676295203,0.2152931669843383
E1_cec2022_paper_budget,cec2022,12,20,SHADE,15,1683938128971056232,15000,15000,2947.231797431115,247.23179743111496,247.23179743111496,0.21565944299800321
E1_cec2022_paper_budget,cec2022,12,20,SHADE,16,7343163702119874288,15000,15000,2943.937152848523,243.93715284852306,243.93715284852306,0.21305720298551023
E1_cec2022_paper_budget,cec2022,12,20,SHADE,17,5571661741700010888,15000,15000,2953.8870690049735,253.88706900497345,253.88706900497345,0.21385396798723377
E1_cec2022_paper_budget,cec2022,12,20,SHADE,18,2701071845479802006,15000,15000,2946.6992666518,246.69926665179992,246.69926665179992,0.2094554069917649
E1_cec2022_paper_budget,cec2022,12,20,SHADE,19,3602338799937949171,15000,15000,2948.1929278933267,248.19292789332667,248.19292789332667,0.20797639299416915
E1_cec2022_paper_budget,cec2022,12,20,SHADE,20,8364388334264175880,15000,15000,2956.9694274675453,256.9694274675453,256.9694274675453,0.2082998099795077
E1_cec2022_paper_budget,cec2022,12,20,SHADE,21,4470810571359081792,15000,15000,2949.0297384389705,249.02973843897053,249.02973843897053,0.2087437529989984
E1_cec2022_paper_budget,cec2022,12,20,SHADE,22,4331531645536989185,15000,15000,2949.4930343180345,249.49303431803446,249.49303431803446,0.20683445100439712
E1_cec2022_paper_budget,cec2022,12,20,SHADE,23,5966303274624006327,15000,15000,2951.5225978362155,251.52259783621548,251.52259783621548,0.20550545799778774
E1_cec2022_paper_budget,cec2022,12,20,SHADE,24,1375859723747895262,15000,15000,2950.8939450386183,250.8939450386183,250.8939450386183,0.2044471740082372
E1_cec2022_paper_budget,cec2022,12,20,SHADE,25,6944774903992928932,15000,15000,2959.720524228139,259.72052422813886,259.72052422813886,0.2034208889817819
E1_cec2022_paper_budget,cec2022,12,20,SHADE,26,1421589056291166269,15000,15000,2951.0597785202353,251.05977852023534,251.05977852023534,0.18539407700882293
E1_cec2022_paper_budget,cec2022,12,20,SHADE,27,191667573760649825,15000,15000,2948.4901641551764,248.49016415517644,248.49016415517644,0.1337010519928299
E1_cec2022_paper_budget,cec2022,12,20,SHADE,28,2196421960410560359,15000,15000,2952.2592941575,252.25929415749988,252.25929415749988,0.13355493699782528
E1_cec2022_paper_budget,cec2022,12,20,SHADE,29,5424000658416723142,15000,15000,2950.2071228379014,250.20712283790135,250.20712283790135,0.13308304297970608
E1_cec2022_paper_budget,cec2022,7,20,HHO,0,6333999666388303948,15000,15000,2180.239077184365,180.23907718436521,180.23907718436521,0.7173852779960725
E1_cec2022_paper_budget,cec2022,7,20,HHO,1,4110403470488903443,15000,15000,2185.219935704982,185.21993570498216,185.21993570498216,0.7166684129915666
E1_cec2022_paper_budget,cec2022,7,20,HHO,2,8983394336214855847,15000,15000,2162.9024004648945,162.90240046489453,162.90240046489453,0.7310847520129755
E1_cec2022_paper_budget,cec2022,7,20,HHO,3,6935637512374916881,15000,15000,2229.314776212521,229.31477621252088,229.31477621252088,0.7475721959781367
E1_cec2022_paper_budget,cec2022,7,20,HHO,4,3340361747209976553,15000,15000,2140.411140904434,140.41114090443398,140.41114090443398,0.7206944840145297
E1_cec2022_paper_budget,cec2022,7,20,HHO,5,6405835763256948223,15000,15000,2146.4334732657617,146.43347326576168,146.43347326576168,0.5777304490038659
E1_cec2022_paper_budget,cec2022,7,20,HHO,6,6705686432776837202,15000,15000,2096.992786547265,96.99278654726504,96.99278654726504,0.5749380910128821
E1_cec2022_paper_budget,cec2022,7,20,HHO,7,6076451362049858408,15000,15000,2209.9654129028786,209.9654129028786,209.9654129028786,0.5788728409970645
E1_cec2022_paper_budget,cec2022,7,20,HHO,8,7358479672721283533,15000,15000,2202.9209598920856,202.92095989208565,202.92095989208565,0.5879734009795357
E1_cec2022_paper_budget,cec2022,7,20,HHO,9,7193196389641397796,15000,15000,2185.1740060582415,185.1740060582415,185.1740060582415,0.5768558180134278
E1_cec2022_paper_budget,cec2022,7,20,HHO,10,1126837804850483883,15000,15000,2144.0888172387754,144.0888172387754,144.0888172387754,0.5760463100159541
E1_cec2022_paper_budget,cec2022,7,20,HHO,11,4167639437004622996,15000,15000,2196.170328126249,196.17032812624893,196.17032812624893,0.5759137309796643
E1_cec2022_paper_budget,cec2022,7,20,HHO,12,5719448542268510073,15000,15000,2273.5845775337457,273.5845775337457,273.5845775337457,0.6194734020100441
E1_cec2022_paper_budget,cec2022,7,20,HHO,13,8815767357376541209,15000,15000,2135.1140272882067,135.11402728820667,135.11402728820667,0.5862704959872644
E1_cec2022_paper_budget,cec2022,7,20,HHO,14,7796368092599387360,15000,15000,2179.1674489695924,179.16744896959244,179.16744896959244,0.5577413770079147
E1_cec2022_paper_budget,cec2022,7,20,HHO,15,1568357367617717903,15000,15000,2218.823057868701,218.8230578687012,218.8230578687012,0.41620852597407065
E1_cec2022_paper_budget,cec2022,7,20,HHO,16,159750365208083838,15000,15000,2334.669018303956,334.6690183039559,334.6690183039559,0.41547324700513855
E1_cec2022_paper_budget,cec2022,7,20,HHO,17,5704909112810112582,15000,15000,2177.4841477692526,177.48414776925256,177.48414776925256,0.39441542100394145
E1_cec2022_paper_budget,cec2022,7,20,HHO,18,8371927330458588394,15000,15000,2165.4039716858333,165.4039716858333,165.4039716858333,0.4057343309978023
E1_cec2022_paper_budget,cec2022,7,20,HHO,19,7188429072146317272,15000,15000,2153.0458485276777,153.04584852767766,153.04584852767766,0.3853515310038347
E1_cec2022_paper_budget,cec2022,7,20,HHO,20,2024381381788313772,15000,15000,2205.2102888279983,205.21028882799828,205.21028882799828,0.3866485430044122
E1_cec2022_paper_budget,cec2022,7,20,HHO,21,1455288310246938677,15000,15000,2181.942849479612,181.94284947961205,181.94284947961205,0.3726694640063215
E1_cec2022_paper_budget,cec2022,7,20,HHO,22,4154388257656081869,15000,15000,2164.650162505658,164.65016250565805,164.65016250565805,0.36961836100090295
E1_cec2022_paper_budget,cec2022,7,20,HHO,23,1554215928342896469,15000,15000,2167.9488104262437,167.94881042624365,167.94881042624365,0.3632526019937359
E1_cec2022_paper_budget,cec2022,7,20,HHO,24,6640745081489464508,15000,15000,2173.3979171073656,173.39791710736563,173.39791710736563,0.3634008299850393
E1_cec2022_paper_budget,cec2022,7,20,HHO,25,5394850251387570064,15000,15000,2148.8016752825697,148.8016752825697,148.8016752825697,0.3530182259855792
E1_cec2022_paper_budget,cec2022,7,20,HHO,26,4240447493709912433,15000,15000,2183.9173543973193,183.9173543973193,183.9173543973193,0.3524562410020735
E1_cec2022_paper_budget,cec2022,7,20,HHO,27,3976826239616851344,15000,15000,2152.421509427073,152.42150942707303,152.42150942707303,0.3458007190201897
E1_cec2022_paper_budget,cec2022,7,20,HHO,28,7092818980276494201,15000,15000,2266.351234387073,266.35123438707296,266.35123438707296,0.34047763398848474
E1_cec2022_paper_budget,cec2022,7,20,HHO,29,8246292115891244338,15000,15000,2199.100560379116,199.1005603791159,199.1005603791159,0.33443363799597137
E1_cec2022_paper_budget,cec2022,4,20,SEHHO-COBL,0,1333980310778270030,15000,15000,835.6444644691978,35.64446446919783,35.64446446919783,0.8685733970196452
E1_cec2022_paper_budget,cec2022,4,20,SEHHO-COBL,1,2525982682097763010,15000,15000,830.522531107832,30.522531107832037,30.522531107832037,0.8347408810222987
E1_cec2022_paper_budget,cec2022,4,20,SEHHO-COBL,2,4835029322927096740,15000,15000,843.2632179485877,43.26321794858768,43.26321794858768,0.8595978629891761
E1_cec2022_paper_budget,cec2022,4,20,SEHHO-COBL,3,4064811227305890710,15000,15000,834.9103030975352,34.910303097535234,34.910303097535234,0.8751650709891692
E1_cec2022_paper_budget,cec2022,4,20,SEHHO-COBL,4,713300824416251033,15000,15000,826.9467665947567,26.946766594756696,26.946766594756696,0.8659620199759956
E1_cec2022_paper_budget,cec2022,4,20,SEHHO-COBL,5,7993661723252536117,15000,15000,840.6786513882596,40.678651388259595,40.678651388259595,0.9014699890103657
E1_cec2022_paper_budget,cec2022,4,20,SEHHO-COBL,6,8610016336262781734,15000,15000,822.8046604459863,22.804660445986315,22.804660445986315,0.7970191290078219
E1_cec2022_paper_budget,cec2022,4,20,SEHHO-COBL,7,1971689959590406666,15000,15000,836.2947016313142,36.29470163131418,36.29470163131418,0.8743737770128064
E1_cec2022_paper_budget,cec2022,4,20,SEHHO-COBL,8,2779689694165213762,15000,15000,825.6086803160491,25.608680316049117,25.608680316049117,0.722077818994876
E1_cec2022_paper_budget,cec2022,4,20,SEHHO-COBL,9,9179355471078581768,15000,15000,836.9236050072782,36.923605007278184,36.923605007278184,0.6926877039950341
E1_cec2022_paper_budget,cec2022,4,20,SEHHO-COBL,10,158073686224958305,15000,15000,824.7720480122364,24.772048012236382,24.772048012236382,0.8618251910083927
E1_cec2022_paper_budget,cec2022,4,20,SEHHO-COBL,11,1383288903470880141,15000,15000,832.2842338518424,32.28423385184237,32.28423385184237,0.8529202879872173
E1_cec2022_paper_budget,cec2022,4,20,SEHHO-COBL,12,565074588560606064,15000,15000,818.9879568070236,18.98795680702358,18.98795680702358,0.8541861429985147
E1_cec2022_paper_budget,cec2022,4,20,SEHHO-COBL,13,9118199381457121152,15000,15000,821.2767921095427,21.276792109542725,21.276792109542725,0.8753325750003569
E1_cec2022_paper_budget,cec2022,4,20,SEHHO-COBL,14,8375834681489731097,15000,15000,832.8496860388524,32.84968603885238,32.84968603885238,0.6968653289950453
E1_cec2022_paper_budget,cec2022,4,20,SEHHO-COBL,15,4013786077415526628,15000,15000,828.2737441818243,28.273744181824327,28.273744181824327,0.670591018977575
E1_cec2022_paper_budget,cec2022,4,20,SEHHO-COBL,16,5039075009642382131,15000,15000,840.5700779513262,40.5700779513262,40.5700779513262,0.6767330900183879
E1_cec2022_paper_budget,cec2022,4,20,SEHHO-COBL,17,5293487523433905438,15000,15000,838.6912286264376,38.69122862643758,38.69122862643758,0.6831452769984026
E1_cec2022_paper_budget,cec2022,4,20,SEHHO-COBL,18,8322467436596093701,15000,15000,828.4257718513544,28.425771851354398,28.425771851354398,0.6740154520084616
E1_cec2022_paper_budget,cec2022,4,20,SEHHO-COBL,19,7623105559983720441,15000,15000,828.1388257938535,28.13882579385347,28.13882579385347,0.6649368149810471
E1_cec2022_paper_budget,cec2022,4,20,SEHHO-COBL,20,2196347076403891342,15000,15000,842.895363676698,42.895363676698025,42.895363676698025,0.6575329379993491
E1_cec2022_paper_budget,cec2022,4,20,SEHHO-COBL,21,4994640564606733160,15000,15000,836.9736654116257,36.97366541162569,36.97366541162569,0.5483870120078791
E1_cec2022_paper_budget,cec2022,4,20,SEHHO-COBL,22,1549677591812716132,15000,15000,830.66325258917,30.663252589170042,30.663252589170042,0.47498841397464275
E1_cec2022_paper_budget,cec2022,4,20,SEHHO-COBL,23,2002612838914457422,15000,15000,825.8452516676101,25.845251667610114,25.845251667610114,0.44639299099799246
E1_cec2022_paper_budget,cec2022,4,20,SEHHO-COBL,24,8421223978766233760,15000,15000,823.758883286346,23.758883286345963,23.758883286345963,0.45421738698496483
E1_cec2022_paper_budget,cec2022,4,20,SEHHO-COBL,25,1511098934619957253,15000,15000,833.2671899171227,33.267189917122664,33.267189917122664,0.47558763800770976
E1_cec2022_paper_budget,cec2022,4,20,SEHHO-COBL,26,6587354714458254129,15000,15000,858.6453592067612,58.64535920676121,58.64535920676121,0.47479134501190856
E1_cec2022_paper_budget,cec2022,4,20,SEHHO-COBL,27,6469558036755763598,15000,15000,837.8790230111015,37.87902301110148,37.87902301110148,0.4648153540038038
E1_cec2022_paper_budget,cec2022,4,20,SEHHO-COBL,28,6349615140500255851,15000,15000,820.7269112077537,20.726911207753687,20.726911207753687,0.47710223897593096
E1_cec2022_paper_budget,cec2022,4,20,SEHHO-COBL,29,4868570931003678789,15000,15000,832.4162152762178,32.41621527621783,32.41621527621783,0.39827236501150765
E1_cec2022_paper_budget,cec2022,3,20,SEHHO-COBL,0,3747978217782532902,15000,15000,600.0010747023792,0.0010747023792418986,0.0010747023792418986,0.6084134780103341
E1_cec2022_paper_budget,cec2022,3,20,SEHHO-COBL,1,6183802102020842413,15000,15000,600.0218347462697,0.021834746269746574,0.021834746269746574,0.7440851060091518
E1_cec2022_paper_budget,cec2022,3,20,SEHHO-COBL,2,3499894665659547674,15000,15000,600.0026297885888,0.0026297885888197925,0.0026297885888197925,0.6814070760156028
E1_cec2022_paper_budget,cec2022,3,20,SEHHO-COBL,3,5097740833557461846,15000,15000,600.0003137990761,0.00031379907613882096,0.00031379907613882096,0.6173444390005898
E1_cec2022_paper_budget,cec2022,3,20,SEHHO-COBL,4,1520006394648081494,15000,15000,600.0251212309929,0.02512123099290875,0.02512123099290875,0.591080077982042
E1_cec2022_paper_budget,cec2022,3,20,SEHHO-COBL,5,2785358352470695217,15000,15000,600.0276848349301,0.027684834930141733,0.027684834930141733,0.6410477969911881
E1_cec2022_paper_budget,cec2022,3,20,SEHHO-COBL,6,8060825270050178467,15000,15000,600.0187293646462,0.018729364646219437,0.018729364646219437,0.567968629009556
E1_cec2022_paper_budget,cec2022,3,20,SEHHO-COBL,7,6552421649348641415,15000,15000,600.0038114610909,0.003811461090890589,0.003811461090890589,0.8100558020232711
E1_cec2022_paper_budget,cec2022,3,20,SEHHO-COBL,8,8035306496519486706,15000,15000,600.0017985723088,0.0017985723087576844,0.0017985723087576844,0.9498396220151335
E1_cec2022_paper_budget,cec2022,3,20,SEHHO-COBL,9,9067574851802811299,15000,15000,600.0023215878607,0.0023215878607061313,0.0023215878607061313,0.9579186949995346
E1_cec2022_paper_budget,cec2022,3,20,SEHHO-COBL,10,7371409073481228127,15000,15000,600.0113775774232,0.0113775774232181,0.0113775774232181,0.6573679079883732
E1_cec2022_paper_budget,cec2022,3,20,SEHHO-COBL,11,4779360667652754854,15000,15000,600.0083232663087,0.008323266308707389,0.008323266308707389,0.8865464289847296
E1_cec2022_paper_budget,cec2022,3,20,SEHHO-COBL,12,4023087923867575135,15000,15000,600.0277511619262,0.027751161926175882,0.027751161926175882,0.9595731779991183
E1_cec2022_paper_budget,cec2022,3,20,SEHHO-COBL,13,5977675349746696486,15000,15000,600.001267413407,0.0012674134070493892,0.0012674134070493892,0.9707561430113856
E1_cec2022_paper_budget,cec2022,3,20,SEHHO-COBL,14,2405772764649350266,15000,15000,600.0002987910635,0.0002987910635283697,0.0002987910635283697,0.9567611230013426
E1_cec2022_paper_budget,cec2022,3,20,SEHHO-COBL,15,7594131153787435382,15000,15000,600.013346012719,0.013346012719011924,0.013346012719011924,0.9644547940115444
E1_cec2022_paper_budget,cec2022,3,20,SEHHO-COBL,16,6946493907322366945,15000,15000,600.011913598522,0.011913598522028224,0.011913598522028224,0.9682135240000207
E1_cec2022_paper_budget,cec2022,3,20,SEHHO-COBL,17,7944749459653289330,15000,15000,600.0003841331804,0.00038413318043239997,0.00038413318043239997,0.9775290660036262
E1_cec2022_paper_budget,cec2022,3,20,SEHHO-COBL,18,733938617666780688,15000,15000,600.0003178966134,0.0003178966134100847,0.0003178966134100847,0.945046592009021
E1_cec2022_paper_budget,cec2022,3,20,SEHHO-COBL,19,6180583590617474736,15000,15000,600.011762509881,0.011762509881009464,0.011762509881009464,0.9353319210058544
E1_cec2022_paper_budget,cec2022,3,20,SEHHO-COBL,20,4220892591685109578,15000,15000,600.0006826629545,0.0006826629545457763,0.0006826629545457763,0.9198140949883964
E1_cec2022_paper_budget,cec2022,3,20,SEHHO-COBL,21,52584101495148801,15000,15000,600.0000570683774,5.706837737307069e-05,5.706837737307069e-05,0.909684226004174
E1_cec2022_paper_budget,cec2022,3,20,SEHHO-COBL,22,4151438278967685190,15000,15000,600.0001843787309,0.0001843787308644096,0.0001843787308644096,0.8964218109904323
E1_cec2022_paper_budget,cec2022,3,20,SEHHO-COBL,23,6559860213054663025,15000,15000,600.0005993117261,0.0005993117260914005,0.0005993117260914005,0.885592770006042
E1_cec2022_paper_budget,cec2022,3,20,SEHHO-COBL,24,2826715079793109826,15000,15000,600.001322903621,0.0013229036210304912,0.0013229036210304912,0.595211706997361
E1_cec2022_paper_budget,cec2022,3,20,SEHHO-COBL,25,8465819385942763768,15000,15000,600.0002817317937,0.0002817317937342523,0.0002817317937342523,0.49150809898856096
E1_cec2022_paper_budget,cec2022,3,20,SEHHO-COBL,26,1280502015792714581,15000,15000,600.0204278596995,0.02042785969945271,0.02042785969945271,0.5341193109925371
E1_cec2022_paper_budget,cec2022,3,20,SEHHO-COBL,27,8594954377703590418,15000,15000,600.0012529552175,0.0012529552175237768,0.0012529552175237768,0.5132154840102885
E1_cec2022_paper_budget,cec2022,3,20,SEHHO-COBL,28,3853642332537666613,15000,15000,600.0107925930283,0.010792593028327246,0.010792593028327246,0.4408286339894403
E1_cec2022_paper_budget,cec2022,3,20,SEHHO-COBL,29,3929364672523942344,15000,15000,600.0008366357563,0.0008366357562863413,0.0008366357562863413,0.446945687988773
E1_cec2022_paper_budget,cec2022,5,20,SEHHO-COBL,0,1190696057905948262,15000,15000,900.9981762876039,0.9981762876038829,0.9981762876038829,0.8859767389949411
E1_cec2022_paper_budget,cec2022,5,20,SEHHO-COBL,1,458590432717556612,15000,15000,903.6996345512439,3.6996345512438893,3.6996345512438893,0.8762777080119122
E1_cec2022_paper_budget,cec2022,5,20,SEHHO-COBL,2,4410252450043657261,15000,15000,900.7229087699743,0.7229087699743104,0.7229087699743104,0.884218082006555
E1_cec2022_paper_budget,cec2022,5,20,SEHHO-COBL,3,1119822877011947651,15000,15000,907.1509267859823,7.1509267859822785,7.1509267859822785,0.8690467059786897
E1_cec2022_paper_budget,cec2022,5,20,SEHHO-COBL,4,9218615603701582231,15000,15000,903.1802469933108,3.1802469933107886,3.1802469933107886,0.8748622229904868
E1_cec2022_paper_budget,cec2022,5,20,SEHHO-COBL,5,108815929145253396,15000,15000,900.9086480371983,0.9086480371983043,0.9086480371983043,0.7580829099752009
E1_cec2022_paper_budget,cec2022,5,20,SEHHO-COBL,6,4898668801019666798,15000,15000,902.7259229582947,2.7259229582947455,2.7259229582947455,0.7415929619746748
E1_cec2022_paper_budget,cec2022,5,20,SEHHO-COBL,7,8511287699189876320,15000,15000,900.5438522690929,0.5438522690928949,0.5438522690928949,0.7526951949985232
E1_cec2022_paper_budget,cec2022,5,20,SEHHO-COBL,8,3009944997975386480,15000,15000,903.8136275664499,3.8136275664498953,3.8136275664498953,0.7453560499998275
E1_cec2022_paper_budget,cec2022,5,20,SEHHO-COBL,9,7384166094351532738,15000,15000,902.3611273373047,2.3611273373046515,2.3611273373046515,0.7555939820013009
E1_cec2022_paper_budget,cec2022,5,20,SEHHO-COBL,10,2782202649226859495,15000,15000,901.3629720571449,1.3629720571449297,1.3629720571449297,0.7497202250233386
E1_cec2022_paper_budget,cec2022,5,20,SEHHO-COBL,11,3066922715277887544,15000,15000,902.8154512061285,2.8154512061285004,2.8154512061285004,0.758845641015796
E1_cec2022_paper_budget,cec2022,5,20,SEHHO-COBL,12,2683118283986992596,15000,15000,900.9086480589599,0.9086480589598978,0.9086480589598978,0.7592532550042961
E1_cec2022_paper_budget,cec2022,5,20,SEHHO-COBL,13,9010221505371798843,15000,15000,902.996968091383,2.996968091382996,2.996968091382996,0.7438985659973696
E1_cec2022_paper_budget,cec2022,5,20,SEHHO-COBL,14,3504604832771503278,15000,15000,905.4907983914163,5.49079839141632,5.49079839141632,0.8156293450156227
E1_cec2022_paper_budget,cec2022,5,20,SEHHO-COBL,15,3863374279209794111,15000,15000,900.9086480376686,0.9086480376686268,0.9086480376686268,0.635842785006389
E1_cec2022_paper_budget,cec2022,5,20,SEHHO-COBL,16,8952803401924458945,15000,15000,900.9981762876075,0.9981762876075209,0.9981762876075209,0.6957261330098845
E1_cec2022_paper_budget,cec2022,5,20,SEHHO-COBL,17,8302833440060911549,15000,15000,901.087704538064,1.0877045380640311,1.0877045380640311,0.7351122859981842
E1_cec2022_paper_budget,cec2022,5,20,SEHHO-COBL,18,7040846325553237571,15000,15000,900.4543240186189,0.45432401861887683,0.45432401861887683,0.9353679589985404
E1_cec2022_paper_budget,cec2022,5,20,SEHHO-COBL,19,8848048560276890483,15000,15000,900.4543240186001,0.4543240186001185,0.4543240186001185,0.7063391789852176
E1_cec2022_paper_budget,cec2022,5,20,SEHHO-COBL,20,6532773530298953473,15000,15000,900.000000000054,0.0,5.4001247917767614e-11,0.5382779809879139
E1_cec2022_paper_budget,cec2022,5,20,SEHHO-COBL,21,7730389440965036153,15000,15000,901.9068243248955,1.9068243248955241,1.9068243248955241,0.5254956069984473
E1_cec2022_paper_budget,cec2022,5,20,SEHHO-COBL,22,8409335790036875766,15000,15000,904.9975220092621,4.99752200926207,4.99752200926207,0.47937716598971747
E1_cec2022_paper_budget,cec2022,5,20,SEHHO-COBL,23,2434959590674778345,15000,15000,901.9068243311011,1.9068243311011202,1.9068243311011202,0.4778781339991838
E1_cec2022_paper_budget,cec2022,5,20,SEHHO-COBL,24,2345180837858647569,15000,15000,900.4476412520856,0.44764125208564565,0.44764125208564565,0.45406367801479064
E1_cec2022_paper_budget,cec2022,5,20,SEHHO-COBL,25,1129977559209453462,15000,15000,900.5438522690075,0.543852269007516,0.543852269007516,0.4379346159985289
E1_cec2022_paper_budget,cec2022,5,20,SEHHO-COBL,26,6707816731270194677,15000,15000,900.6333805194257,0.6333805194257138,0.6333805194257138,0.4412772959913127
E1_cec2022_paper_budget,cec2022,5,20,SEHHO-COBL,27,737143730987565299,15000,15000,922.156877976078,22.15687797607802,22.15687797607802,0.4250414929992985
E1_cec2022_paper_budget,cec2022,5,20,SEHHO-COBL,28,2892484490292848752,15000,15000,906.4637297508455,6.463729750845459,6.463729750845459,0.4253137439955026
E1_cec2022_paper_budget,cec2022,5,20,SEHHO-COBL,29,8205181972472750353,15000,15000,901.9718878831869,1.9718878831869233,1.9718878831869233,0.4200637670001015
E1_cec2022_paper_budget,cec2022,9,20,HHO,0,7702202375813313650,15000,15000,2516.456741063119,216.4567410631189,216.4567410631189,0.5288651060254779
E1_cec2022_paper_budget,cec2022,9,20,HHO,1,6620430378947170125,15000,15000,2505.2606292564083,205.26062925640827,205.26062925640827,0.5905963309924118
E1_cec2022_paper_budget,cec2022,9,20,HHO,2,128832270748570589,15000,15000,2523.496433207693,223.49643320769292,223.49643320769292,0.6629515509994235
E1_cec2022_paper_budget,cec2022,9,20,HHO,3,498471411974470039,15000,15000,2498.4493803213086,198.44938032130858,198.44938032130858,0.6582551719911862
E1_cec2022_paper_budget,cec2022,9,20,HHO,4,4811192139379227807,15000,15000,2511.7972280302797,211.7972280302797,211.7972280302797,0.6610490820021369
E1_cec2022_paper_budget,cec2022,9,20,HHO,5,3634121063136910169,15000,15000,2514.8194202551,214.81942025509989,214.81942025509989,0.6642474220134318
E1_cec2022_paper_budget,cec2022,9,20,HHO,6,193507832687288211,15000,15000,2554.732710679608,254.73271067960786,254.73271067960786,0.6605969949741848
E1_cec2022_paper_budget,cec2022,9,20,HHO,7,8202622745862572273,15000,15000,2508.1182290441734,208.1182290441734,208.1182290441734,0.6654735009942669
E1_cec2022_paper_budget,cec2022,9,20,HHO,8,7684176714439094975,15000,15000,2508.435661076924,208.43566107692413,208.43566107692413,0.6606559449865017
E1_cec2022_paper_budget,cec2022,9,20,HHO,9,1886204282328743851,15000,15000,2527.0970888953816,227.0970888953816,227.0970888953816,0.6646485439850949
E1_cec2022_paper_budget,cec2022,9,20,HHO,10,3814104467581830231,15000,15000,2506.012425025682,206.0124250256822,206.0124250256822,0.6562682149815373
E1_cec2022_paper_budget,cec2022,9,20,HHO,11,5310683156729925798,15000,15000,2635.7077127076004,335.7077127076004,335.7077127076004,0.3733045450062491
E1_cec2022_paper_budget,cec2022,9,20,HHO,12,2022806858170181023,15000,15000,2634.6644786805405,334.66447868054047,334.66447868054047,0.40478747501038015
E1_cec2022_paper_budget,cec2022,9,20,HHO,13,8119163510178197422,15000,15000,2506.70811749539,206.70811749539007,206.70811749539007,0.47077574298600666
E1_cec2022_paper_budget,cec2022,9,20,HHO,14,3303157507092999042,15000,15000,2510.5771191309714,210.57711913097137,210.57711913097137,0.34824298901367
E1_cec2022_paper_budget,cec2022,9,20,HHO,15,3662737657442133613,15000,15000,2512.7900652009293,212.79006520092935,212.79006520092935,0.35628012398956344
E1_cec2022_paper_budget,cec2022,9,20,HHO,16,7290601446046515210,15000,15000,2528.443264669822,228.44326466982193,228.44326466982193,0.32944470099755563
E1_cec2022_paper_budget,cec2022,9,20,HHO,17,1281111312950460560,15000,15000,2506.3826000864724,206.3826000864724,206.3826000864724,0.34690852600033395
E1_cec2022_paper_budget,cec2022,9,20,HHO,18,5053295370965103462,15000,15000,2516.2485509195812,216.24855091958125,216.24855091958125,0.3237823699892033
E1_cec2022_paper_budget,cec2022,9,20,HHO,19,942867930711499221,15000,15000,2511.465692048085,211.4656920480852,211.4656920480852,0.3314732250000816
E1_cec2022_paper_budget,cec2022,9,20,HHO,20,8147202887200289885,15000,15000,2539.2532656388585,239.25326563885847,239.25326563885847,0.329947254009312
E1_cec2022_paper_budget,cec2022,9,20,HHO,21,3263782327470514695,15000,15000,2511.263553571014,211.2635535710142,211.2635535710142,0.3246980879921466
E1_cec2022_paper_budget,cec2022,9,20,HHO,22,3913312562929866660,15000,15000,2493.9145756904168,193.91457569041677,193.91457569041677,0.3224389609822538
E1_cec2022_paper_budget,cec2022,9,20,HHO,23,5598184643247197156,15000,15000,2536.4595586866053,236.4595586866053,236.4595586866053,0.3187743070011493
E1_cec2022_paper_budget,cec2022,9,20,HHO,24,6029228687406699326,15000,15000,2511.3490735142273,211.34907351422726,211.34907351422726,0.3268641509930603
E1_cec2022_paper_budget,cec2022,9,20,HHO,25,5314715700950904181,15000,15000,2519.758398232413,219.75839823241313,219.75839823241313,0.3209099629893899
E1_cec2022_paper_budget,cec2022,9,20,HHO,26,801495206512578912,15000,15000,2497.6069514893625,197.60695148936247,197.60695148936247,0.30107826602761634
E1_cec2022_paper_budget,cec2022,9,20,HHO,27,1075803536505259630,15000,15000,2523.5588764422196,223.55887644221957,223.55887644221957,0.2978019510046579
E1_cec2022_paper_budget,cec2022,9,20,HHO,28,5272093733932696267,15000,15000,2502.1720728699047,202.1720728699047,202.1720728699047,0.31147660900023766
E1_cec2022_paper_budget,cec2022,9,20,HHO,29,4634214007248748446,15000,15000,2540.6793021107364,240.67930211073644,240.67930211073644,0.2995922489790246
E1_cec2022_paper_budget,cec2022,10,20,HHO,0,7048860071491167957,15000,15000,5370.0350577183635,2970.0350577183635,2970.0350577183635,0.5815105389920063
E1_cec2022_paper_budget,cec2022,10,20,HHO,1,3568673227144306545,15000,15000,4599.066404327277,2199.0664043272773,2199.0664043272773,0.5772441370063461
E1_cec2022_paper_budget,cec2022,10,20,HHO,2,3863706421402848605,15000,15000,5690.81163402914,3290.81163402914,3290.81163402914,0.5819065620016772
E1_cec2022_paper_budget,cec2022,10,20,HHO,3,6661592391388515062,15000,15000,5258.8492124718305,2858.8492124718305,2858.8492124718305,0.5931553700065706
E1_cec2022_paper_budget,cec2022,10,20,HHO,4,5548515367626777073,15000,15000,4143.830200147317,1743.8302001473166,1743.8302001473166,0.5841707079962362
E1_cec2022_paper_budget,cec2022,10,20,HHO,5,1138043434057373998,15000,15000,6278.281849876012,3878.2818498760116,3878.2818498760116,0.5707380940148141
E1_cec2022_paper_budget,cec2022,10,20,HHO,6,5357018984463631791,15000,15000,6235.658343167576,3835.6583431675763,3835.6583431675763,0.5303695980110206
E1_cec2022_paper_budget,cec2022,10,20,HHO,7,8164993352540041249,15000,15000,5085.3274123277915,2685.3274123277915,2685.3274123277915,0.5380387030018028
E1_cec2022_paper_budget,cec2022,10,20,HHO,8,3365091917505692385,15000,15000,4806.094426962431,2406.0944269624306,2406.0944269624306,0.6495977239974309
E1_cec2022_paper_budget,cec2022,10,20,HHO,9,419259038149891503,15000,15000,3367.9224523653393,967.9224523653393,967.9224523653393,0.4136936290015001
E1_cec2022_paper_budget,cec2022,10,20,HHO,10,1509256783004194909,15000,15000,5629.255202529281,3229.2552025292807,3229.2552025292807,0.36642576300073415
E1_cec2022_paper_budget,cec2022,10,20,HHO,11,8135937186752233917,15000,15000,4439.564648425633,2039.564648425633,2039.564648425633,0.4344542079779785
E1_cec2022_paper_budget,cec2022,10,20,HHO,12,5113049312173664464,15000,15000,6296.349022704071,3896.349022704071,3896.349022704071,0.48370706700370647
E1_cec2022_paper_budget,cec2022,10,20,HHO,13,7562089730620417773,15000,15000,5246.812421649668,2846.812421649668,2846.812421649668,0.34150425999541767
E1_cec2022_paper_budget,cec2022,10,20,HHO,14,4940082310817501383,15000,15000,5238.457538543319,2838.457538543319,2838.457538543319,0.35938703099964187
E1_cec2022_paper_budget,cec2022,10,20,HHO,15,4585261162647039539,15000,15000,2501.392691758313,101.39269175831305,101.39269175831305,0.37480550998589024
E1_cec2022_paper_budget,cec2022,10,20,HHO,16,8876748024224396090,15000,15000,4852.0778071322875,2452.0778071322875,2452.0778071322875,0.3361447069910355
E1_cec2022_paper_budget,cec2022,10,20,HHO,17,6838152841540635064,15000,15000,2866.6538515379298,466.65385153792977,466.65385153792977,0.3392899070167914
E1_cec2022_paper_budget,cec2022,10,20,HHO,18,1020532716959065857,15000,15000,5369.1698330784275,2969.1698330784275,2969.1698330784275,0.34174278800492175
E1_cec2022_paper_budget,cec2022,10,20,HHO,19,1036211399384613289,15000,15000,2501.308799822128,101.3087998221281,101.3087998221281,0.33709564100718126
E1_cec2022_paper_budget,cec2022,10,20,HHO,20,5213068696294072668,15000,15000,5052.202511277994,2652.202511277994,2652.202511277994,0.3220716310024727
E1_cec2022_paper_budget,cec2022,10,20,HHO,21,4293122554510552091,15000,15000,2501.523809282618,101.523809282618,101.523809282618,0.31321489001857117
E1_cec2022_paper_budget,cec2022,10,20,HHO,22,116486821285458043,15000,15000,2501.431605630369,101.43160563036918,101.43160563036918,0.30808664101641625
E1_cec2022_paper_budget,cec2022,10,20,HHO,23,2192049643522079457,15000,15000,2501.205665505828,101.20566550582816,101.20566550582816,0.3134954670094885
E1_cec2022_paper_budget,cec2022,10,20,HHO,24,1493994925841993159,15000,15000,2502.753414983417,102.75341498341686,102.75341498341686,0.30313028499949723
E1_cec2022_paper_budget,cec2022,10,20,HHO,25,3682299576700283052,15000,15000,4567.870735830491,2167.870735830491,2167.870735830491,0.3002823340066243
E1_cec2022_paper_budget,cec2022,10,20,HHO,26,134595678847620872,15000,15000,5280.8230505257325,2880.8230505257325,2880.8230505257325,0.30660292800166644
E1_cec2022_paper_budget,cec2022,10,20,HHO,27,8957781874137919557,15000,15000,5061.298175274565,2661.2981752745654,2661.2981752745654,0.3009909219981637
E1_cec2022_paper_budget,cec2022,10,20,HHO,28,1563302417148234060,15000,15000,4783.30666522534,2383.30666522534,2383.30666522534,0.2999534970149398
E1_cec2022_paper_budget,cec2022,10,20,HHO,29,3951595309263550071,15000,15000,4682.6708035530855,2282.6708035530855,2282.6708035530855,0.2984059840091504
E1_cec2022_paper_budget,cec2022,8,20,HHO,0,1594532981711108853,15000,15000,2263.266099065035,63.26609906503518,63.26609906503518,0.7357928730198182
E1_cec2022_paper_budget,cec2022,8,20,HHO,1,4433636137310839287,15000,15000,2233.941249331528,33.94124933152807,33.94124933152807,0.7210476059990469
E1_cec2022_paper_budget,cec2022,8,20,HHO,2,2399889543696195276,15000,15000,2255.851417820947,55.85141782094706,55.85141782094706,0.6681885439902544
E1_cec2022_paper_budget,cec2022,8,20,HHO,3,1266301965072672424,15000,15000,2244.4285450598727,44.428545059872704,44.428545059872704,0.6009500700165518
E1_cec2022_paper_budget,cec2022,8,20,HHO,4,5921488748476194357,15000,15000,2365.529581160338,165.52958116033778,165.52958116033778,0.598973992979154
E1_cec2022_paper_budget,cec2022,8,20,HHO,5,5202917048978006373,15000,15000,2464.1277272799393,264.12772727993934,264.12772727993934,0.5971472169912886
E1_cec2022_paper_budget,cec2022,8,20,HHO,6,610183952066113183,15000,15000,2596.565828941105,396.5658289411049,396.5658289411049,0.5968766399892047
E1_cec2022_paper_budget,cec2022,8,20,HHO,7,5724259065863824900,15000,15000,2285.135171054562,85.13517105456185,85.13517105456185,0.6016126520116813
E1_cec2022_paper_budget,cec2022,8,20,HHO,8,8098971852125206211,15000,15000,2464.175187262595,264.17518726259505,264.17518726259505,0.5986994279955979
E1_cec2022_paper_budget,cec2022,8,20,HHO,9,8324078774610311953,15000,15000,2249.61462827337,49.61462827336982,49.61462827336982,0.5924710769904777
E1_cec2022_paper_budget,cec2022,8,20,HHO,10,5429266885064682930,15000,15000,2461.5821614099114,261.58216140991135,261.58216140991135,0.5946817029907834
E1_cec2022_paper_budget,cec2022,8,20,HHO,11,9003664963973984414,15000,15000,2264.304147962645,64.30414796264495,64.30414796264495,0.6083157450193539
E1_cec2022_paper_budget,cec2022,8,20,HHO,12,1346382588963465393,15000,15000,2294.932489868604,94.93248986860408,94.93248986860408,0.6319753610005137
E1_cec2022_paper_budget,cec2022,8,20,HHO,13,750286313161254078,15000,15000,2262.9729025731444,62.97290257314444,62.97290257314444,0.7052923360024579
E1_cec2022_paper_budget,cec2022,8,20,HHO,14,6377801566269220624,15000,15000,2240.632130544587,40.6321305445872,40.6321305445872,0.7203571510035545
E1_cec2022_paper_budget,cec2022,8,20,HHO,15,5262643090693882241,15000,15000,2240.034880062044,40.03488006204407,40.03488006204407,0.5114701300044544
E1_cec2022_paper_budget,cec2022,8,20,HHO,16,4856141929516991442,15000,15000,2248.6855499700673,48.68554997006731,48.68554997006731,0.7524093890096992
E1_cec2022_paper_budget,cec2022,8,20,HHO,17,4902943307729365319,15000,15000,2247.034376926174,47.03437692617399,47.03437692617399,0.7423769420129247
E1_cec2022_paper_budget,cec2022,8,20,HHO,18,505644179623697802,15000,15000,2245.4852359263837,45.485235926383666,45.485235926383666,0.41716760498820804
E1_cec2022_paper_budget,cec2022,8,20,HHO,19,2318049100701082561,15000,15000,2248.6705478053223,48.67054780532226,48.67054780532226,0.37639218600816093
E1_cec2022_paper_budget,cec2022,8,20,HHO,20,754081097338836728,15000,15000,2269.4092078046992,69.40920780469924,69.40920780469924,0.4119495479972102
E1_cec2022_paper_budget,cec2022,8,20,HHO,21,7204481220055184242,15000,15000,2254.734939547234,54.73493954723381,54.73493954723381,0.3709593460080214
E1_cec2022_paper_budget,cec2022,8,20,HHO,22,3439403921028454556,15000,15000,2361.4367071735423,161.43670717354235,161.43670717354235,0.4354355490067974
E1_cec2022_paper_budget,cec2022,8,20,HHO,23,5573646195239693286,15000,15000,2231.5090359838787,31.509035983878675,31.509035983878675,0.3650871329882648
E1_cec2022_paper_budget,cec2022,8,20,HHO,24,2918482526927514151,15000,15000,2267.9402670689033,67.94026706890327,67.94026706890327,0.35342845498234965
E1_cec2022_paper_budget,cec2022,8,20,HHO,25,8648608966318881395,15000,15000,2255.7695989604836,55.76959896048356,55.76959896048356,0.3558560780074913
E1_cec2022_paper_budget,cec2022,8,20,HHO,26,4224099979738141143,15000,15000,2239.257880412974,39.25788041297392,39.25788041297392,0.35139964998234063
E1_cec2022_paper_budget,cec2022,8,20,HHO,27,13700701501187133,15000,15000,2253.440148148981,53.440148148980825,53.440148148980825,0.3457177529926412
E1_cec2022_paper_budget,cec2022,8,20,HHO,28,2417797737797076294,15000,15000,2244.238442622427,44.2384426224271,44.2384426224271,0.3499155959871132
E1_cec2022_paper_budget,cec2022,8,20,HHO,29,5264409743883932978,15000,15000,2360.19124403469,160.19124403469004,160.19124403469004,0.4157838899991475
E1_cec2022_paper_budget,cec2022,6,20,SEHHO-COBL,0,7994574422475257005,15000,15000,1839.5338427062152,39.53384270621518,39.53384270621518,0.9478694860008545
E1_cec2022_paper_budget,cec2022,6,20,SEHHO-COBL,1,4622086895589729566,15000,15000,2007.460944358066,207.46094435806594,207.46094435806594,0.9240780429972801
E1_cec2022_paper_budget,cec2022,6,20,SEHHO-COBL,2,8732416105845948082,15000,15000,3655.968543455667,1855.9685434556668,1855.9685434556668,0.931927967001684
E1_cec2022_paper_budget,cec2022,6,20,SEHHO-COBL,3,2532102583218283302,15000,15000,1856.9508800096205,56.950880009620505,56.950880009620505,0.9261333679896779
E1_cec2022_paper_budget,cec2022,6,20,SEHHO-COBL,4,241613200662034255,15000,15000,2052.95413396901,252.95413396900994,252.95413396900994,0.6443426379992161
E1_cec2022_paper_budget,cec2022,6,20,SEHHO-COBL,5,1207545296001286761,15000,15000,1851.5907254385568,51.590725438556774,51.590725438556774,0.6153509510040749
E1_cec2022_paper_budget,cec2022,6,20,SEHHO-COBL,6,8469909250604727081,15000,15000,1968.9971250080769,168.99712500807686,168.99712500807686,0.7204111520259175
E1_cec2022_paper_budget,cec2022,6,20,SEHHO-COBL,7,6947210945141241601,15000,15000,1892.1998934743083,92.19989347430828,92.19989347430828,0.905902612983482
E1_cec2022_paper_budget,cec2022,6,20,SEHHO-COBL,8,5019988428394079034,15000,15000,1970.0347588033846,170.03475880338465,170.03475880338465,0.8190590379817877
E1_cec2022_paper_budget,cec2022,6,20,SEHHO-COBL,9,3285175292054742153,15000,15000,4642.740585913371,2842.7405859133714,2842.7405859133714,0.8159378739946987
E1_cec2022_paper_budget,cec2022,6,20,SEHHO-COBL,10,9119064511681736093,15000,15000,1996.5755035902469,196.57550359024685,196.57550359024685,0.5838107629970182
E1_cec2022_paper_budget,cec2022,6,20,SEHHO-COBL,11,4265926575558838686,15000,15000,1895.3238280128292,95.32382801282915,95.32382801282915,0.66262085098424
E1_cec2022_paper_budget,cec2022,6,20,SEHHO-COBL,12,8902644886104772206,15000,15000,2391.9416884488146,591.9416884488146,591.9416884488146,0.5982523100101389
E1_cec2022_paper_budget,cec2022,6,20,SEHHO-COBL,13,6208846876964647562,15000,15000,1896.1561584044744,96.15615840447435,96.15615840447435,0.6297130089951679
E1_cec2022_paper_budget,cec2022,6,20,SEHHO-COBL,14,439206366185635011,15000,15000,2008.6391268161594,208.63912681615943,208.63912681615943,0.9117176989966538
E1_cec2022_paper_budget,cec2022,6,20,SEHHO-COBL,15,4356052974660268156,15000,15000,1837.9980566016002,37.99805660160018,37.99805660160018,0.6652098860067781
E1_cec2022_paper_budget,cec2022,6,20,SEHHO-COBL,16,4268856112082964615,15000,15000,1965.1011496959395,165.1011496959395,165.1011496959395,0.6563778610143345
E1_cec2022_paper_budget,cec2022,6,20,SEHHO-COBL,17,1414868632441266706,15000,15000,1900.1521004822953,100.15210048229528,100.15210048229528,0.8717831980029587
E1_cec2022_paper_budget,cec2022,6,20,SEHHO-COBL,18,5513332829227802305,15000,15000,1866.8783574801375,66.87835748013754,66.87835748013754,0.8701004519825801
E1_cec2022_paper_budget,cec2022,6,20,SEHHO-COBL,19,4289130383924875259,15000,15000,1881.1576487864952,81.1576487864952,81.1576487864952,0.47970931898453273
E1_cec2022_paper_budget,cec2022,6,20,SEHHO-COBL,20,8738329291138517514,15000,15000,2121.949566743704,321.94956674370405,321.94956674370405,0.45584702299674973
E1_cec2022_paper_budget,cec2022,6,20,SEHHO-COBL,21,5298510310480104226,15000,15000,1893.4288090535993,93.42880905359925,93.42880905359925,0.45026501300162636
E1_cec2022_paper_budget,cec2022,6,20,SEHHO-COBL,22,4032098331005448510,15000,15000,2024.9141983286468,224.91419832864676,224.91419832864676,0.46446364402072504
E1_cec2022_paper_budget,cec2022,6,20,SEHHO-COBL,23,6265586313572779928,15000,15000,2211.598796492739,411.598796492739,411.598796492739,0.4469791800074745
E1_cec2022_paper_budget,cec2022,6,20,SEHHO-COBL,24,495098835390772711,15000,15000,1971.8008030201054,171.80080302010538,171.80080302010538,0.43545880299643613
E1_cec2022_paper_budget,cec2022,6,20,SEHHO-COBL,25,212445956725962230,15000,15000,1976.3605597099436,176.36055970994357,176.36055970994357,0.42393727198941633
E1_cec2022_paper_budget,cec2022,6,20,SEHHO-COBL,26,3360528057363932192,15000,15000,4295.510338223405,2495.5103382234047,2495.5103382234047,0.4285319200134836
E1_cec2022_paper_budget,cec2022,6,20,SEHHO-COBL,27,7033978321712490750,15000,15000,1865.6660321287898,65.66603212878977,65.66603212878977,0.4203626179951243
E1_cec2022_paper_budget,cec2022,6,20,SEHHO-COBL,28,185154214011277977,15000,15000,1904.4658900131944,104.46589001319444,104.46589001319444,0.4198368619836401
E1_cec2022_paper_budget,cec2022,6,20,SEHHO-COBL,29,3320708834147603560,15000,15000,1976.2076941422147,176.20769414221468,176.20769414221468,0.423764208011562
E1_cec2022_paper_budget,cec2022,9,20,SEHHO-COBL,0,3905846751786481250,15000,15000,2480.781271677747,180.7812716777471,180.7812716777471,0.6820961889752652
E1_cec2022_paper_budget,cec2022,9,20,SEHHO-COBL,1,3770056725674278353,15000,15000,2480.781271677751,180.7812716777512,180.7812716777512,0.6676265799906105
E1_cec2022_paper_budget,cec2022,9,20,SEHHO-COBL,2,6297679570566143653,15000,15000,2480.781271677748,180.781271677748,180.781271677748,0.6971198380051646
E1_cec2022_paper_budget,cec2022,9,20,SEHHO-COBL,3,8823424690964390793,15000,15000,2480.781271677752,180.7812716777521,180.7812716777521,0.7130279850098304
E1_cec2022_paper_budget,cec2022,9,20,SEHHO-COBL,4,8869863332356500603,15000,15000,2480.781271677749,180.78127167774892,180.78127167774892,0.6103775920055341
E1_cec2022_paper_budget,cec2022,9,20,SEHHO-COBL,5,6326095148484864052,15000,15000,2480.781271677759,180.78127167775892,180.78127167775892,0.7506779209943488
E1_cec2022_paper_budget,cec2022,9,20,SEHHO-COBL,6,5692563203802807360,15000,15000,2480.781271677748,180.781271677748,180.781271677748,0.7300795970077161
E1_cec2022_paper_budget,cec2022,9,20,SEHHO-COBL,7,2365659121807939730,15000,15000,2480.7812716777603,180.7812716777603,180.7812716777603,0.8539615620102268
E1_cec2022_paper_budget,cec2022,9,20,SEHHO-COBL,8,7014922953020380495,15000,15000,2480.781271677748,180.781271677748,180.781271677748,0.980601728981128
E1_cec2022_paper_budget,cec2022,9,20,SEHHO-COBL,9,9090117703011943572,15000,15000,2480.7812716777485,180.78127167774846,180.78127167774846,0.7078431299887598
E1_cec2022_paper_budget,cec2022,9,20,SEHHO-COBL,10,1319167171716413073,15000,15000,2480.781271677748,180.781271677748,180.781271677748,0.5418634559900966
E1_cec2022_paper_budget,cec2022,9,20,SEHHO-COBL,11,8349414256735752351,15000,15000,2480.7812716777507,180.78127167775074,180.78127167775074,0.5773319419822656
E1_cec2022_paper_budget,cec2022,9,20,SEHHO-COBL,12,2827047794674863058,15000,15000,2480.7812716777494,180.78127167774937,180.78127167774937,0.5387924959941301
E1_cec2022_paper_budget,cec2022,9,20,SEHHO-COBL,13,493770529176428302,15000,15000,2480.7812716777503,180.78127167775028,180.78127167775028,0.5339068429893814
E1_cec2022_paper_budget,cec2022,9,20,SEHHO-COBL,14,8243791134113450436,15000,15000,2480.781271677749,180.78127167774892,180.78127167774892,0.5110928819922265
E1_cec2022_paper_budget,cec2022,9,20,SEHHO-COBL,15,3605823817866830849,15000,15000,2480.781271677752,180.7812716777521,180.7812716777521,0.4950039050017949
E1_cec2022_paper_budget,cec2022,9,20,SEHHO-COBL,16,8658143512200062495,15000,15000,2480.7812716777607,180.78127167776074,180.78127167776074,0.5103378759813495
E1_cec2022_paper_budget,cec2022,9,20,SEHHO-COBL,17,9189223499835808952,15000,15000,2480.781271677747,180.7812716777471,180.7812716777471,0.4847686889988836
E1_cec2022_paper_budget,cec2022,9,20,SEHHO-COBL,18,1676719949399621787,15000,15000,2480.781271677747,180.7812716777471,180.7812716777471,0.4722126679844223
E1_cec2022_paper_budget,cec2022,9,20,SEHHO-COBL,19,1424912338929186879,15000,15000,2480.781271677751,180.7812716777512,180.7812716777512,0.46719478600425646
E1_cec2022_paper_budget,cec2022,9,20,SEHHO-COBL,20,2857711827355455794,15000,15000,2480.7812716777485,180.78127167774846,180.78127167774846,0.45673770300345495
E1_cec2022_paper_budget,cec2022,9,20,SEHHO-COBL,21,5372208378609429419,15000,15000,2480.781271677748,180.781271677748,180.781271677748,0.453390093985945
E1_cec2022_paper_budget,cec2022,9,20,SEHHO-COBL,22,6337618182263050885,15000,15000,2480.7812716777485,180.78127167774846,180.78127167774846,0.44511958200018853
E1_cec2022_paper_budget,cec2022,9,20,SEHHO-COBL,23,5975627368022177304,15000,15000,2480.7812716777476,180.78127167774755,180.78127167774755,0.4363071830011904
E1_cec2022_paper_budget,cec2022,9,20,SEHHO-COBL,24,2246739346576209066,15000,15000,2480.781271677747,180.7812716777471,180.7812716777471,0.46819616499124095
E1_cec2022_paper_budget,cec2022,9,20,SEHHO-COBL,25,7518948673928846391,15000,15000,2480.781271677748,180.781271677748,180.781271677748,0.43335525700240396
E1_cec2022_paper_budget,cec2022,9,20,SEHHO-COBL,26,4157699221883101969,15000,15000,2480.781271677748,180.781271677748,180.781271677748,0.44543863099534065
E1_cec2022_paper_budget,cec2022,9,20,SEHHO-COBL,27,7514396285563087758,15000,15000,2480.7812716777476,180.78127167774755,180.78127167774755,0.46346110399463214
E1_cec2022_paper_budget,cec2022,9,20,SEHHO-COBL,28,3162206906651693384,15000,15000,2480.7812716777476,180.78127167774755,180.78127167774755,0.4590155159821734
E1_cec2022_paper_budget,cec2022,9,20,SEHHO-COBL,29,5283902992608055810,15000,15000,2480.7812716777476,180.78127167774755,180.78127167774755,0.4716638990212232
E1_cec2022_paper_budget,cec2022,7,20,SEHHO-COBL,0,4622198290330252933,15000,15000,2059.8687116071724,59.86871160717237,59.86871160717237,0.9493719839956611
E1_cec2022_paper_budget,cec2022,7,20,SEHHO-COBL,1,9128169966722573557,15000,15000,2054.6409771959893,54.64097719598931,54.64097719598931,0.9570795109902974
E1_cec2022_paper_budget,cec2022,7,20,SEHHO-COBL,2,6298693503512696282,15000,15000,2048.9762021748,48.976202174800164,48.976202174800164,0.9462459710193798
E1_cec2022_paper_budget,cec2022,7,20,SEHHO-COBL,3,7394996067771637690,15000,15000,2062.798778653798,62.798778653797854,62.798778653797854,0.8106042600120418
E1_cec2022_paper_budget,cec2022,7,20,SEHHO-COBL,4,7256463035958625594,15000,15000,2043.2985812179113,43.298581217911305,43.298581217911305,0.8102243979810737
E1_cec2022_paper_budget,cec2022,7,20,SEHHO-COBL,5,597173103649503521,15000,15000,2041.6859723274654,41.68597232746538,41.68597232746538,0.8088314749766141
E1_cec2022_paper_budget,cec2022,7,20,SEHHO-COBL,6,5123654465038555288,15000,15000,2035.498979707584,35.49897970758411,35.49897970758411,0.822118517011404
E1_cec2022_paper_budget,cec2022,7,20,SEHHO-COBL,7,6329947956424208282,15000,15000,2051.165198952042,51.16519895204192,51.16519895204192,0.8222785060061142
E1_cec2022_paper_budget,cec2022,7,20,SEHHO-COBL,8,6225307697773664192,15000,15000,2045.4053580445805,45.40535804458045,45.40535804458045,0.6756662589905318
E1_cec2022_paper_budget,cec2022,7,20,SEHHO-COBL,9,2002162645691753986,15000,15000,2038.1555701166799,38.15557011667988,38.15557011667988,0.728377374005504
E1_cec2022_paper_budget,cec2022,7,20,SEHHO-COBL,10,4189104445508767954,15000,15000,2047.2801819683566,47.2801819683566,47.2801819683566,1.016240013006609
E1_cec2022_paper_budget,cec2022,7,20,SEHHO-COBL,11,6912377871487111700,15000,15000,2034.910649948768,34.91064994876797,34.91064994876797,1.0171486079925671
E1_cec2022_paper_budget,cec2022,7,20,SEHHO-COBL,12,331059402165133343,15000,15000,2057.121467821916,57.12146782191621,57.12146782191621,0.8048346080176998
E1_cec2022_paper_budget,cec2022,7,20,SEHHO-COBL,13,5081644727656072889,15000,15000,2045.1678871318352,45.16788713183519,45.16788713183519,0.7314112749882042
E1_cec2022_paper_budget,cec2022,7,20,SEHHO-COBL,14,3359527066612958190,15000,15000,2055.3737448682855,55.373744868285485,55.373744868285485,0.546270512015326
E1_cec2022_paper_budget,cec2022,7,20,SEHHO-COBL,15,6120571730010600006,15000,15000,2042.7995528775023,42.799552877502265,42.799552877502265,0.5945644729945343
E1_cec2022_paper_budget,cec2022,7,20,SEHHO-COBL,16,6377524112173201061,15000,15000,2045.5918742452334,45.591874245233384,45.591874245233384,0.5337152130086906
E1_cec2022_paper_budget,cec2022,7,20,SEHHO-COBL,17,9028669554037893484,15000,15000,2043.314347111059,43.31434711105908,43.31434711105908,0.5461162730061915
E1_cec2022_paper_budget,cec2022,7,20,SEHHO-COBL,18,5296887020792158259,15000,15000,2044.8226173112555,44.8226173112555,44.8226173112555,0.5367319920042064
E1_cec2022_paper_budget,cec2022,7,20,SEHHO-COBL,19,6663192981696987183,15000,15000,2031.605353035157,31.605353035156895,31.605353035156895,0.48854461099836044
E1_cec2022_paper_budget,cec2022,7,20,SEHHO-COBL,20,4190877379829325478,15000,15000,2054.3016808201305,54.301680820130514,54.301680820130514,0.47096463799243793
E1_cec2022_paper_budget,cec2022,7,20,SEHHO-COBL,21,283939299777079456,15000,15000,2048.955474751951,48.95547475195099,48.95547475195099,0.477399235998746
E1_cec2022_paper_budget,cec2022,7,20,SEHHO-COBL,22,1222014381821304846,15000,15000,2054.2827984774995,54.282798477499455,54.282798477499455,0.4751714270096272
E1_cec2022_paper_budget,cec2022,7,20,SEHHO-COBL,23,6000163965213087718,15000,15000,2036.1179243172576,36.117924317257575,36.117924317257575,0.4676330490037799
E1_cec2022_paper_budget,cec2022,7,20,SEHHO-COBL,24,2262314586414307836,15000,15000,2039.8773256615082,39.877325661508166,39.877325661508166,0.47783091600285843
E1_cec2022_paper_budget,cec2022,7,20,SEHHO-COBL,25,1257757389345570180,15000,15000,2045.3097557963915,45.30975579639153,45.30975579639153,0.460381166980369
E1_cec2022_paper_budget,cec2022,7,20,SEHHO-COBL,26,7722043713417838220,15000,15000,2066.8659261800562,66.86592618005625,66.86592618005625,0.4677960839762818
E1_cec2022_paper_budget,cec2022,7,20,SEHHO-COBL,27,5216161868847633594,15000,15000,2037.5224048394643,37.52240483946434,37.52240483946434,0.4663232019811403
E1_cec2022_paper_budget,cec2022,7,20,SEHHO-COBL,28,4702393746674013523,15000,15000,2047.3943176125947,47.394317612594705,47.394317612594705,0.46049637300893664
E1_cec2022_paper_budget,cec2022,7,20,SEHHO-COBL,29,6144532083890177748,15000,15000,2090.5766543797135,90.57665437971355,90.57665437971355,0.46580229501705617
E1_cec2022_paper_budget,cec2022,11,20,HHO,0,509774751154643812,15000,15000,6742.089522370505,4142.089522370505,4142.089522370505,0.7443718139838893
E1_cec2022_paper_budget,cec2022,11,20,HHO,1,7294314244679532694,15000,15000,4810.735623969778,2210.7356239697783,2210.7356239697783,0.7410666740033776
E1_cec2022_paper_budget,cec2022,11,20,HHO,2,4919744931252586638,15000,15000,3171.0785828532635,571.0785828532635,571.0785828532635,0.7275886149727739
E1_cec2022_paper_budget,cec2022,11,20,HHO,3,1259119582387599570,15000,15000,3119.5810067256057,519.5810067256057,519.5810067256057,0.5750166279904079
E1_cec2022_paper_budget,cec2022,11,20,HHO,4,8676018685258744566,15000,15000,3279.5610069197537,679.5610069197537,679.5610069197537,0.5773390849935822
E1_cec2022_paper_budget,cec2022,11,20,HHO,5,6150984552351214421,15000,15000,3325.157564987279,725.1575649872789,725.1575649872789,0.5834972150041722
E1_cec2022_paper_budget,cec2022,11,20,HHO,6,1869196325241008714,15000,15000,3305.4281229185435,705.4281229185435,705.4281229185435,0.5811656619771384
E1_cec2022_paper_budget,cec2022,11,20,HHO,7,8258984889035283499,15000,15000,3147.0176278386516,547.0176278386516,547.0176278386516,0.5780191910162102
E1_cec2022_paper_budget,cec2022,11,20,HHO,8,7331240611976005784,15000,15000,3233.399088249986,633.3990882499861,633.3990882499861,0.5682157129922416
E1_cec2022_paper_budget,cec2022,11,20,HHO,9,5133941371043139329,15000,15000,3437.9456266167535,837.9456266167535,837.9456266167535,0.5648251030070242
E1_cec2022_paper_budget,cec2022,11,20,HHO,10,6560207364191624099,15000,15000,3186.798732961236,586.798732961236,586.798732961236,0.5517703270015772
E1_cec2022_paper_budget,cec2022,11,20,HHO,11,4061464878912517916,15000,15000,3574.1399307216457,974.1399307216457,974.1399307216457,0.5466249070013873
E1_cec2022_paper_budget,cec2022,11,20,HHO,12,1981748661345795921,15000,15000,3630.039595917353,1030.039595917353,1030.039595917353,0.5380370199854951
E1_cec2022_paper_budget,cec2022,11,20,HHO,13,1416956504382422339,15000,15000,3148.9184535962327,548.9184535962327,548.9184535962327,0.35476598399691284
E1_cec2022_paper_budget,cec2022,11,20,HHO,14,5570836245297742885,15000,15000,3207.24979455694,607.2497945569398,607.2497945569398,0.33656807101215236
E1_cec2022_paper_budget,cec2022,11,20,HHO,15,7503997005685097403,15000,15000,3298.041492930516,698.0414929305161,698.0414929305161,0.3360044950095471
E1_cec2022_paper_budget,cec2022,11,20,HHO,16,8779552474630086861,15000,15000,4719.605141377966,2119.605141377966,2119.605141377966,0.33565196400741115
E1_cec2022_paper_budget,cec2022,11,20,HHO,17,8545510683700781083,15000,15000,3121.0774703733623,521.0774703733623,521.0774703733623,0.35265402201912366
E1_cec2022_paper_budget,cec2022,11,20,HHO,18,5372356474965330230,15000,15000,3281.7886712213017,681.7886712213017,681.7886712213017,0.3467893630149774
E1_cec2022_paper_budget,cec2022,11,20,HHO,19,4641788773408228392,15000,15000,3573.1305597726405,973.1305597726405,973.1305597726405,0.33815073998994194
E1_cec2022_paper_budget,cec2022,11,20,HHO,20,796431696463909617,15000,15000,3504.3312630617893,904.3312630617893,904.3312630617893,0.34301655599847436
E1_cec2022_paper_budget,cec2022,11,20,HHO,21,7285646812429990080,15000,15000,3307.1085491816652,707.1085491816652,707.1085491816652,0.35763183899689466
E1_cec2022_paper_budget,cec2022,11,20,HHO,22,1351163561259950115,15000,15000,6399.451829327947,3799.451829327947,3799.451829327947,0.39330427601817064
E1_cec2022_paper_budget,cec2022,11,20,HHO,23,5581886108943471924,15000,15000,3202.803837899225,602.8038378992251,602.8038378992251,0.3632156519743148
E1_cec2022_paper_budget,cec2022,11,20,HHO,24,6078084567320471056,15000,15000,3206.531804470837,606.531804470837,606.531804470837,0.3420173120102845
E1_cec2022_paper_budget,cec2022,11,20,HHO,25,5689810644111642010,15000,15000,3114.916881854291,514.9168818542912,514.9168818542912,0.3331460129993502
E1_cec2022_paper_budget,cec2022,11,20,HHO,26,1414696068535765011,15000,15000,3420.608996748332,820.6089967483322,820.6089967483322,0.33815141100785695
E1_cec2022_paper_budget,cec2022,11,20,HHO,27,4891472605280654374,15000,15000,3543.88727461692,943.88727461692,943.88727461692,0.331481581000844
E1_cec2022_paper_budget,cec2022,11,20,HHO,28,3725779665365270521,15000,15000,3258.087960538116,658.087960538116,658.087960538116,0.3367116610170342
E1_cec2022_paper_budget,cec2022,11,20,HHO,29,65613608330244440,15000,15000,3642.311656293962,1042.3116562939622,1042.3116562939622,0.3294502420176286
E1_cec2022_paper_budget,cec2022,12,20,HHO,0,5725273159349407025,15000,15000,3092.198518076337,392.1985180763372,392.1985180763372,0.7580112160067074
E1_cec2022_paper_budget,cec2022,12,20,HHO,1,6426714657862902405,15000,15000,3218.3077204731767,518.3077204731767,518.3077204731767,0.7533689179981593
E1_cec2022_paper_budget,cec2022,12,20,HHO,2,6804973148041065656,15000,15000,3173.593846519132,473.59384651913206,473.59384651913206,0.742405194992898
E1_cec2022_paper_budget,cec2022,12,20,HHO,3,839496352117073579,15000,15000,3104.249494001623,404.24949400162313,404.24949400162313,0.7326217950030696
E1_cec2022_paper_budget,cec2022,12,20,HHO,4,2265980531652677583,15000,15000,3054.9078006871973,354.9078006871973,354.9078006871973,0.7249717760132626
E1_cec2022_paper_budget,cec2022,12,20,HHO,5,7372577756125553792,15000,15000,3237.3228985587048,537.3228985587048,537.3228985587048,0.7218426879844628
E1_cec2022_paper_budget,cec2022,12,20,HHO,6,1674594861569726636,15000,15000,3096.701062334014,396.70106233401384,396.70106233401384,0.7109486339904834
E1_cec2022_paper_budget,cec2022,12,20,HHO,7,1572128157763271895,15000,15000,3434.150988986998,734.1509889869981,734.1509889869981,0.4679770130023826
E1_cec2022_paper_budget,cec2022,12,20,HHO,8,1619451610695106975,15000,15000,3437.3354179086177,737.3354179086177,737.3354179086177,0.37135608098469675
E1_cec2022_paper_budget,cec2022,12,20,HHO,9,4410466966354161236,15000,15000,3583.412984543717,883.4129845437169,883.4129845437169,0.3715889769955538
E1_cec2022_paper_budget,cec2022,12,20,HHO,10,1916319990680175309,15000,15000,3179.3078441887433,479.3078441887433,479.3078441887433,0.3653500759974122
E1_cec2022_paper_budget,cec2022,12,20,HHO,11,1064352949321052028,15000,15000,3231.856161405919,531.856161405919,531.856161405919,0.3611461909895297
E1_cec2022_paper_budget,cec2022,12,20,HHO,12,2555708858743646850,15000,15000,3213.880801727612,513.8808017276119,513.8808017276119,0.3405941530072596
E1_cec2022_paper_budget,cec2022,12,20,HHO,13,1164469217005516336,15000,15000,3019.671280419075,319.6712804190752,319.6712804190752,0.3443470020138193
E1_cec2022_paper_budget,cec2022,12,20,HHO,14,8591874752083416329,15000,15000,3155.5244119302447,455.5244119302447,455.5244119302447,0.34888498298823833
E1_cec2022_paper_budget,cec2022,12,20,HHO,15,8833113645927738134,15000,15000,3172.136497717252,472.13649771725204,472.13649771725204,0.3518226630112622
E1_cec2022_paper_budget,cec2022,12,20,HHO,16,1716718356551417239,15000,15000,3192.5036585098683,492.5036585098683,492.5036585098683,0.35280768101802096
E1_cec2022_paper_budget,cec2022,12,20,HHO,17,3707127990548377961,15000,15000,3050.6412561702737,350.64125617027366,350.64125617027366,0.35251783701824024
E1_cec2022_paper_budget,cec2022,12,20,HHO,18,6924346468282255309,15000,15000,3089.645209563717,389.6452095637169,389.6452095637169,0.3459480449964758
E1_cec2022_paper_budget,cec2022,12,20,HHO,19,5304433901886927720,15000,15000,3194.8240406268646,494.82404062686464,494.82404062686464,0.33949015199323185
E1_cec2022_paper_budget,cec2022,12,20,HHO,20,5486180703435161756,15000,15000,3379.5469208950562,679.5469208950562,679.5469208950562,0.3455277059983928
E1_cec2022_paper_budget,cec2022,12,20,HHO,21,1776326263881446154,15000,15000,3457.761107868711,757.761107868711,757.761107868711,0.3454070499865338
E1_cec2022_paper_budget,cec2022,12,20,HHO,22,4504638519377472008,15000,15000,3254.1884676965888,554.1884676965888,554.1884676965888,0.3379268599965144
E1_cec2022_paper_budget,cec2022,12,20,HHO,23,5257380524613944666,15000,15000,3061.7538813945694,361.75388139456936,361.75388139456936,0.3357291579886805
E1_cec2022_paper_budget,cec2022,12,20,HHO,24,2116504708157209483,15000,15000,3202.8265179249092,502.82651792490924,502.82651792490924,0.33827944099903107
E1_cec2022_paper_budget,cec2022,12,20,HHO,25,2666721340737298957,15000,15000,3154.99937557512,454.9993755751202,454.9993755751202,0.3441698000242468
E1_cec2022_paper_budget,cec2022,12,20,HHO,26,4128486183384632321,15000,15000,3288.641888295521,588.6418882955209,588.6418882955209,0.3383370389929041
E1_cec2022_paper_budget,cec2022,12,20,HHO,27,7680950482003438341,15000,15000,3609.538746394159,909.5387463941588,909.5387463941588,0.35159147999365814
E1_cec2022_paper_budget,cec2022,12,20,HHO,28,2488854960591117788,15000,15000,3165.6282279366324,465.62822793663236,465.62822793663236,0.34348811098607257
E1_cec2022_paper_budget,cec2022,12,20,HHO,29,2640206148262029769,15000,15000,3109.2819204150687,409.2819204150687,409.2819204150687,0.35994796399609186
E1_cec2022_paper_budget,cec2022,10,20,SEHHO-COBL,0,7194074336679551744,15000,15000,2500.720542671718,100.7205426717178,100.7205426717178,0.7525341429864056
E1_cec2022_paper_budget,cec2022,10,20,SEHHO-COBL,1,3722382464871549754,15000,15000,2441.3478687615307,41.34786876153066,41.34786876153066,0.8505819429992698
E1_cec2022_paper_budget,cec2022,10,20,SEHHO-COBL,2,7044549157859403722,15000,15000,2448.451403532807,48.451403532807035,48.451403532807035,0.8648906599846669
E1_cec2022_paper_budget,cec2022,10,20,SEHHO-COBL,3,7465300297665928968,15000,15000,2500.537769684661,100.53776968466082,100.53776968466082,0.8665746580227278
E1_cec2022_paper_budget,cec2022,10,20,SEHHO-COBL,4,254529174672740198,15000,15000,2501.0070559893975,101.00705598939749,101.00705598939749,0.8560167959949467
E1_cec2022_paper_budget,cec2022,10,20,SEHHO-COBL,5,1055066820175102547,15000,15000,2500.539507660081,100.5395076600812,100.5395076600812,0.7284825410170015
E1_cec2022_paper_budget,cec2022,10,20,SEHHO-COBL,6,4204644393603562351,15000,15000,2501.3750194708896,101.37501947088958,101.37501947088958,0.6175572380016092
E1_cec2022_paper_budget,cec2022,10,20,SEHHO-COBL,7,6793490384254357954,15000,15000,2500.9064668157316,100.90646681573162,100.90646681573162,0.5499194959993474
E1_cec2022_paper_budget,cec2022,10,20,SEHHO-COBL,8,7391802544144951270,15000,15000,2626.152532069487,226.15253206948682,226.15253206948682,0.663398528995458
E1_cec2022_paper_budget,cec2022,10,20,SEHHO-COBL,9,3445129945468766878,15000,15000,2500.849289260718,100.8492892607178,100.8492892607178,0.8725781990215182
E1_cec2022_paper_budget,cec2022,10,20,SEHHO-COBL,10,242953424251220353,15000,15000,2437.1481003588547,37.14810035885466,37.14810035885466,0.502398855984211
E1_cec2022_paper_budget,cec2022,10,20,SEHHO-COBL,11,6326178113009699025,15000,15000,2426.707410566321,26.70741056632096,26.70741056632096,0.5266778139921371
E1_cec2022_paper_budget,cec2022,10,20,SEHHO-COBL,12,6049598374087180356,15000,15000,2500.6816312814567,100.6816312814567,100.6816312814567,0.5208910100045614
E1_cec2022_paper_budget,cec2022,10,20,SEHHO-COBL,13,3384732408555341067,15000,15000,2500.6559687213976,100.65596872139758,100.65596872139758,0.5215191580064129
E1_cec2022_paper_budget,cec2022,10,20,SEHHO-COBL,14,1294823847617731455,15000,15000,2500.685759502968,100.68575950296781,100.68575950296781,0.4333311709924601
E1_cec2022_paper_budget,cec2022,10,20,SEHHO-COBL,15,1421076174673917535,15000,15000,2500.4727634149663,100.47276341496627,100.47276341496627,0.4798549319966696
E1_cec2022_paper_budget,cec2022,10,20,SEHHO-COBL,16,3829234858368827020,15000,15000,2500.489253864509,100.48925386450901,100.48925386450901,0.4621164120035246
E1_cec2022_paper_budget,cec2022,10,20,SEHHO-COBL,17,8240919023581069976,15000,15000,2500.671501526752,100.67150152675185,100.67150152675185,0.46389990698662587
E1_cec2022_paper_budget,cec2022,10,20,SEHHO-COBL,18,4187706438920813807,15000,15000,2501.046064018025,101.04606401802494,101.04606401802494,0.43863936699926853
E1_cec2022_paper_budget,cec2022,10,20,SEHHO-COBL,19,3959198630046055145,15000,15000,2500.870444510358,100.87044451035808,100.87044451035808,0.4169803940167185
E1_cec2022_paper_budget,cec2022,10,20,SEHHO-COBL,20,6223454176795433941,15000,15000,2433.3355450370077,33.335545037007705,33.335545037007705,0.4220287530042697
E1_cec2022_paper_budget,cec2022,10,20,SEHHO-COBL,21,7221723710879621043,15000,15000,2500.5292647386577,100.52926473865773,100.52926473865773,0.408051546983188
E1_cec2022_paper_budget,cec2022,10,20,SEHHO-COBL,22,8564831403788452464,15000,15000,2500.650389878036,100.6503898780361,100.6503898780361,0.4025781910168007
E1_cec2022_paper_budget,cec2022,10,20,SEHHO-COBL,23,8514378620126496062,15000,15000,2500.6208854155293,100.6208854155293,100.6208854155293,0.4028962280135602
E1_cec2022_paper_budget,cec2022,10,20,SEHHO-COBL,24,6760641933526012766,15000,15000,2500.781438611453,100.78143861145281,100.78143861145281,0.40975796699058264
E1_cec2022_paper_budget,cec2022,10,20,SEHHO-COBL,25,2261026564969304795,15000,15000,2500.69824122266,100.69824122265982,100.69824122265982,0.4065430680057034
E1_cec2022_paper_budget,cec2022,10,20,SEHHO-COBL,26,9155185068543829899,15000,15000,2500.731981877872,100.73198187787193,100.73198187787193,0.40559446800034493
E1_cec2022_paper_budget,cec2022,10,20,SEHHO-COBL,27,4258235657899881846,15000,15000,2501.2207987596744,101.22079875967438,101.22079875967438,0.4208937739895191
E1_cec2022_paper_budget,cec2022,10,20,SEHHO-COBL,28,6092179139829346443,15000,15000,2500.7257143614856,100.72571436148564,100.72571436148564,0.43280608698842116
E1_cec2022_paper_budget,cec2022,10,20,SEHHO-COBL,29,2985914839191687603,15000,15000,2501.2040385666883,101.20403856668827,101.20403856668827,0.4409028730005957
E1_cec2022_paper_budget,cec2022,8,20,SEHHO-COBL,0,5547296082472928145,15000,15000,2225.917894092874,25.91789409287412,25.91789409287412,1.0401881900033914
E1_cec2022_paper_budget,cec2022,8,20,SEHHO-COBL,1,2769561487362548740,15000,15000,2225.2996341183684,25.29963411836843,25.29963411836843,1.0270067569799721
E1_cec2022_paper_budget,cec2022,8,20,SEHHO-COBL,2,4927451328124448853,15000,15000,2224.7639002232268,24.763900223226756,24.763900223226756,1.0360184099990875
E1_cec2022_paper_budget,cec2022,8,20,SEHHO-COBL,3,4435624033757514992,15000,15000,2224.484744332138,24.48474433213778,24.48474433213778,1.0348933789937291
E1_cec2022_paper_budget,cec2022,8,20,SEHHO-COBL,4,2773894922087867501,15000,15000,2225.789799680552,25.789799680551823,25.789799680551823,1.0332985380082391
E1_cec2022_paper_budget,cec2022,8,20,SEHHO-COBL,5,6801606950700891724,15000,15000,2224.67029316388,24.67029316388016,24.67029316388016,1.0313031160039827
E1_cec2022_paper_budget,cec2022,8,20,SEHHO-COBL,6,5219525529635721917,15000,15000,2225.2303748379054,25.2303748379054,25.2303748379054,0.961619025998516
E1_cec2022_paper_budget,cec2022,8,20,SEHHO-COBL,7,5470839602772141670,15000,15000,2225.131694398932,25.131694398931813,25.131694398931813,0.9071938139968552
E1_cec2022_paper_budget,cec2022,8,20,SEHHO-COBL,8,7990812449379312526,15000,15000,2225.6040172049134,25.60401720491336,25.60401720491336,0.8481451919942629
E1_cec2022_paper_budget,cec2022,8,20,SEHHO-COBL,9,2624261123321121050,15000,15000,2224.3737175867363,24.373717586736348,24.373717586736348,0.8481594590120949
E1_cec2022_paper_budget,cec2022,8,20,SEHHO-COBL,10,9148742035927815299,15000,15000,2225.501698678973,25.501698678972843,25.501698678972843,0.7030397409980651
E1_cec2022_paper_budget,cec2022,8,20,SEHHO-COBL,11,6484558434984941844,15000,15000,2224.2657831194842,24.26578311948424,24.26578311948424,0.6872771560156252
E1_cec2022_paper_budget,cec2022,8,20,SEHHO-COBL,12,8627323051405203519,15000,15000,2226.0834735884428,26.083473588442757,26.083473588442757,0.5894796650100034
E1_cec2022_paper_budget,cec2022,8,20,SEHHO-COBL,13,2203975742262480526,15000,15000,2225.3734377250494,25.37343772504937,25.37343772504937,0.5374965549854096
E1_cec2022_paper_budget,cec2022,8,20,SEHHO-COBL,14,2163138143680489790,15000,15000,2225.5840450835967,25.58404508359672,25.58404508359672,0.5735038310231175
E1_cec2022_paper_budget,cec2022,8,20,SEHHO-COBL,15,8003492443089439656,15000,15000,2226.398837934032,26.398837934032144,26.398837934032144,0.5412688909855206
E1_cec2022_paper_budget,cec2022,8,20,SEHHO-COBL,16,6814007177507862866,15000,15000,2223.930232140716,23.930232140715816,23.930232140715816,0.5205834630178288
E1_cec2022_paper_budget,cec2022,8,20,SEHHO-COBL,17,4769293591059040913,15000,15000,2225.0869670687766,25.08696706877663,25.08696706877663,0.5169193309848197
E1_cec2022_paper_budget,cec2022,8,20,SEHHO-COBL,18,5180290434801157127,15000,15000,2225.923100791328,25.923100791328125,25.923100791328125,0.5039081459981389
E1_cec2022_paper_budget,cec2022,8,20,SEHHO-COBL,19,8584959041096414520,15000,15000,2226.349184428916,26.349184428916033,26.349184428916033,0.5067870670172852
E1_cec2022_paper_budget,cec2022,8,20,SEHHO-COBL,20,971871256136946561,15000,15000,2224.9694992206896,24.969499220689613,24.969499220689613,0.485987024003407
E1_cec2022_paper_budget,cec2022,8,20,SEHHO-COBL,21,428177212065911285,15000,15000,2224.3159535706154,24.31595357061542,24.31595357061542,0.48739119700621814
E1_cec2022_paper_budget,cec2022,8,20,SEHHO-COBL,22,8070489811864842936,15000,15000,2225.6108152128227,25.610815212822672,25.610815212822672,0.48519487798330374
E1_cec2022_paper_budget,cec2022,8,20,SEHHO-COBL,23,8328547383983894616,15000,15000,2223.5661508573376,23.56615085733756,23.56615085733756,0.47584049199940637
E1_cec2022_paper_budget,cec2022,8,20,SEHHO-COBL,24,7190211887257694041,15000,15000,2224.273206922649,24.273206922649024,24.273206922649024,0.49009934699279256
E1_cec2022_paper_budget,cec2022,8,20,SEHHO-COBL,25,5266179310101671542,15000,15000,2225.4940593832234,25.49405938322343,25.49405938322343,0.48111564698047005
E1_cec2022_paper_budget,cec2022,8,20,SEHHO-COBL,26,8359734437552605793,15000,15000,2225.770790491449,25.770790491449134,25.770790491449134,0.47662225901149213
E1_cec2022_paper_budget,cec2022,8,20,SEHHO-COBL,27,4263151423542427148,15000,15000,2225.058283152702,25.058283152702188,25.058283152702188,0.47514566901372746
E1_cec2022_paper_budget,cec2022,8,20,SEHHO-COBL,28,4054448871781105675,15000,15000,2224.5095269717467,24.50952697174671,24.50952697174671,0.4732970120094251
E1_cec2022_paper_budget,cec2022,8,20,SEHHO-COBL,29,8490313395053757087,15000,15000,2225.1573223189084,25.157322318908427,25.157322318908427,0.4699616860016249
E1_cec2022_paper_budget,cec2022,11,20,SEHHO-COBL,0,5961176739449431562,15000,15000,2900.00000019255,300.00000019255003,300.00000019255003,1.1132871859881561
E1_cec2022_paper_budget,cec2022,11,20,SEHHO-COBL,1,8995590576611530928,15000,15000,2900.0000000328773,300.0000000328773,300.0000000328773,1.125210550002521
E1_cec2022_paper_budget,cec2022,11,20,SEHHO-COBL,2,8574572673247255328,15000,15000,2900.0000000024675,300.00000000246746,300.00000000246746,0.9676629820023663
E1_cec2022_paper_budget,cec2022,11,20,SEHHO-COBL,3,6365335876157672022,15000,15000,2900.00000001794,300.0000000179398,300.0000000179398,0.7775102480081841
E1_cec2022_paper_budget,cec2022,11,20,SEHHO-COBL,4,1582512366645129702,15000,15000,2900.000000011171,300.00000001117087,300.00000001117087,0.6299077529984061
E1_cec2022_paper_budget,cec2022,11,20,SEHHO-COBL,5,2289300838256376440,15000,15000,2900.000000097121,300.00000009712085,300.00000009712085,0.7828316590166651
E1_cec2022_paper_budget,cec2022,11,20,SEHHO-COBL,6,3599523208550207100,15000,15000,2900.000000085017,300.00000008501684,300.00000008501684,0.7329664019925985
E1_cec2022_paper_budget,cec2022,11,20,SEHHO-COBL,7,3552117725016931335,15000,15000,2900.0000000116233,300.00000001162334,300.00000001162334,0.6110593809862621
E1_cec2022_paper_budget,cec2022,11,20,SEHHO-COBL,8,2890157644530354929,15000,15000,2900.000000012591,300.00000001259104,300.00000001259104,0.5755635339883156
E1_cec2022_paper_budget,cec2022,11,20,SEHHO-COBL,9,3365066613681680003,15000,15000,3000.0000064071914,400.00000640719145,400.00000640719145,0.5302731080155354
E1_cec2022_paper_budget,cec2022,11,20,SEHHO-COBL,10,8613164709433425386,15000,15000,2900.000000010003,300.0000000100031,300.0000000100031,0.5024439909902867
E1_cec2022_paper_budget,cec2022,11,20,SEHHO-COBL,11,937135707705296087,15000,15000,2900.0000000262557,300.00000002625575,300.00000002625575,0.4969000419951044
E1_cec2022_paper_budget,cec2022,11,20,SEHHO-COBL,12,4781164819509809758,15000,15000,3000.000000586695,400.000000586695,400.000000586695,0.49283110999385826
E1_cec2022_paper_budget,cec2022,11,20,SEHHO-COBL,13,2634751759225402634,15000,15000,2900.000000054356,300.00000005435595,300.00000005435595,0.4930318469996564
E1_cec2022_paper_budget,cec2022,11,20,SEHHO-COBL,14,6061317433440528653,15000,15000,2900.0000000103782,300.00000001037824,300.00000001037824,0.4891748529917095
E1_cec2022_paper_budget,cec2022,11,20,SEHHO-COBL,15,4498908022567366597,15000,15000,2900.0000000496366,300.0000000496366,300.0000000496366,0.4890989600098692
E1_cec2022_paper_budget,cec2022,11,20,SEHHO-COBL,16,6602839106802284275,15000,15000,2900.00000035189,300.00000035188987,300.00000035188987,0.48153243798878975
E1_cec2022_paper_budget,cec2022,11,20,SEHHO-COBL,17,2037281098766052882,15000,15000,3000.0000000114765,400.00000001147646,400.00000001147646,0.48771925299661234
E1_cec2022_paper_budget,cec2022,11,20,SEHHO-COBL,18,3838170799332544762,15000,15000,2900.0000000651085,300.00000006510845,300.00000006510845,0.4908313000050839
E1_cec2022_paper_budget,cec2022,11,20,SEHHO-COBL,19,3998180673021765432,15000,15000,2900.0000000520345,300.00000005203447,300.00000005203447,0.49807698899530806
E1_cec2022_paper_budget,cec2022,11,20,SEHHO-COBL,20,1137258247836173847,15000,15000,2900.000000023857,300.00000002385696,300.00000002385696,0.4943373150017578
E1_cec2022_paper_budget,cec2022,11,20,SEHHO-COBL,21,6902040732689782413,15000,15000,2900.0000001470044,300.00000014700436,300.00000014700436,0.4876545009901747
E1_cec2022_paper_budget,cec2022,11,20,SEHHO-COBL,22,6968841196376910395,15000,15000,2900.000000030046,300.00000003004607,300.00000003004607,0.5021239200141281
E1_cec2022_paper_budget,cec2022,11,20,SEHHO-COBL,23,2217059639252390728,15000,15000,2900.0000000166892,300.0000000166892,300.0000000166892,0.505688706994988
E1_cec2022_paper_budget,cec2022,11,20,SEHHO-COBL,24,7455189371483392775,15000,15000,2900.00000000462,300.0000000046198,300.0000000046198,0.5034730010083877
E1_cec2022_paper_budget,cec2022,11,20,SEHHO-COBL,25,6011675880233615696,15000,15000,2900.000000016214,300.000000016214,300.000000016214,0.4876628069905564
E1_cec2022_paper_budget,cec2022,11,20,SEHHO-COBL,26,5294096762057356826,15000,15000,2900.00000017878,300.0000001787798,300.0000001787798,0.4898057670216076
E1_cec2022_paper_budget,cec2022,11,20,SEHHO-COBL,27,1022699100120055340,15000,15000,2900.0000000110635,300.00000001106355,300.00000001106355,0.48735313600627705
E1_cec2022_paper_budget,cec2022,11,20,SEHHO-COBL,28,9122445238110100358,15000,15000,2900.000000016872,300.00000001687204,300.00000001687204,0.48839398799464107
E1_cec2022_paper_budget,cec2022,11,20,SEHHO-COBL,29,676020487619959528,15000,15000,3000.000014651441,400.0000146514408,400.0000146514408,0.4837644149956759
E1_cec2022_paper_budget,cec2022,12,20,SEHHO-COBL,0,4913970249307637277,15000,15000,2939.675162987398,239.67516298739793,239.67516298739793,1.1259312010079157
E1_cec2022_paper_budget,cec2022,12,20,SEHHO-COBL,1,1054761848525784877,15000,15000,2945.0003566242563,245.00035662425626,245.00035662425626,1.1388186730036978
E1_cec2022_paper_budget,cec2022,12,20,SEHHO-COBL,2,78407944405957540,15000,15000,2944.432980180866,244.4329801808658,244.4329801808658,1.0876783939893357
E1_cec2022_paper_budget,cec2022,12,20,SEHHO-COBL,3,1687087108173898951,15000,15000,2944.775825334307,244.77582533430677,244.77582533430677,1.0211473379749805
E1_cec2022_paper_budget,cec2022,12,20,SEHHO-COBL,4,8373448815366138233,15000,15000,2939.517184129348,239.51718412934815,239.51718412934815,0.9655132100160699
E1_cec2022_paper_budget,cec2022,12,20,SEHHO-COBL,5,938519707771844459,15000,15000,2938.1095582679022,238.10955826790223,238.10955826790223,0.6312563929823227
E1_cec2022_paper_budget,cec2022,12,20,SEHHO-COBL,6,7905585901443131376,15000,15000,2939.621810110013,239.62181011001303,239.62181011001303,0.5462588999944273
E1_cec2022_paper_budget,cec2022,12,20,SEHHO-COBL,7,3718906901206899775,15000,15000,2937.407404448714,237.4074044487138,237.4074044487138,0.5133310300006997
E1_cec2022_paper_budget,cec2022,12,20,SEHHO-COBL,8,2868970800402863752,15000,15000,2945.632479831797,245.6324798317969,245.6324798317969,0.5239190099819098
E1_cec2022_paper_budget,cec2022,12,20,SEHHO-COBL,9,7845550702403845561,15000,15000,2942.823994329704,242.82399432970396,242.82399432970396,0.5127464739780407
E1_cec2022_paper_budget,cec2022,12,20,SEHHO-COBL,10,7560644304802084020,15000,15000,2978.3524345306196,278.3524345306196,278.3524345306196,0.5024139340093825
E1_cec2022_paper_budget,cec2022,12,20,SEHHO-COBL,11,8241137627966077111,15000,15000,2936.6696708492723,236.66967084927228,236.66967084927228,0.4998089380096644
E1_cec2022_paper_budget,cec2022,12,20,SEHHO-COBL,12,2865370674235354146,15000,15000,2940.8301388269506,240.8301388269506,240.8301388269506,0.4842979350069072
E1_cec2022_paper_budget,cec2022,12,20,SEHHO-COBL,13,2790670815295710419,15000,15000,2941.4525327202464,241.45253272024638,241.45253272024638,0.4831934940011706
E1_cec2022_paper_budget,cec2022,12,20,SEHHO-COBL,14,6308549361809902408,15000,15000,2944.4195651353602,244.41956513536024,244.41956513536024,0.475471279991325
E1_cec2022_paper_budget,cec2022,12,20,SEHHO-COBL,15,6413093122558179944,15000,15000,2950.9924885804694,250.9924885804694,250.9924885804694,0.48663190301158465
E1_cec2022_paper_budget,cec2022,12,20,SEHHO-COBL,16,6389002501347118043,15000,15000,2953.2656520905543,253.26565209055434,253.26565209055434,0.5118828139966354
E1_cec2022_paper_budget,cec2022,12,20,SEHHO-COBL,17,6191600663170190598,15000,15000,2940.5692092037552,240.56920920375524,240.56920920375524,0.5456704469979741
E1_cec2022_paper_budget,cec2022,12,20,SEHHO-COBL,18,8748671148401632192,15000,15000,2950.443398778094,250.44339877809398,250.44339877809398,0.5352733659965452
E1_cec2022_paper_budget,cec2022,12,20,SEHHO-COBL,19,5974136283256527927,15000,15000,2945.4483983676027,245.44839836760275,245.44839836760275,0.5064470689976588
E1_cec2022_paper_budget,cec2022,12,20,SEHHO-COBL,20,9058724147984993034,15000,15000,2942.114593028244,242.11459302824414,242.11459302824414,0.5192743169900496
E1_cec2022_paper_budget,cec2022,12,20,SEHHO-COBL,21,6228528830072020921,15000,15000,2949.3981144798036,249.39811447980355,249.39811447980355,0.501018025999656
E1_cec2022_paper_budget,cec2022,12,20,SEHHO-COBL,22,7159152506218339981,15000,15000,2937.0580891095947,237.05808910959468,237.05808910959468,0.4827860599907581
E1_cec2022_paper_budget,cec2022,12,20,SEHHO-COBL,23,5713727241933178076,15000,15000,2943.468930144528,243.4689301445278,243.4689301445278,0.49237056597485207
E1_cec2022_paper_budget,cec2022,12,20,SEHHO-COBL,24,3889063346720227820,15000,15000,2936.830403296775,236.83040329677488,236.83040329677488,0.49910955599625595
E1_cec2022_paper_budget,cec2022,12,20,SEHHO-COBL,25,3832869150492675462,15000,15000,2943.7638607154986,243.7638607154986,243.7638607154986,0.4894952139875386
E1_cec2022_paper_budget,cec2022,12,20,SEHHO-COBL,26,5943658909360060515,15000,15000,2939.9500781330676,239.95007813306756,239.95007813306756,0.48486384699936025
E1_cec2022_paper_budget,cec2022,12,20,SEHHO-COBL,27,173759440351684804,15000,15000,2940.5939449913135,240.5939449913135,240.5939449913135,0.48586978399544023
E1_cec2022_paper_budget,cec2022,12,20,SEHHO-COBL,28,4364246055765375877,15000,15000,2948.646570075379,248.6465700753788,248.6465700753788,0.4893257860094309
E1_cec2022_paper_budget,cec2022,12,20,SEHHO-COBL,29,4652849458209459256,15000,15000,2935.788642179232,235.78864217923183,235.78864217923183,0.4734688839816954
