tag,suite,func,dim,algo,run,seed,max_fes,fes_used,best_f,error,raw_error,seconds
E2_cec2022_competition,cec2022,4,10,DE,0,7575027683552835238,200000,200000,818.3719159727649,18.371915972764896,18.371915972764896,0.9940024239767808
E2_cec2022_competition,cec2022,4,10,DE,1,3646949050417081098,200000,200000,817.3408887736343,17.340888773634333,17.340888773634333,0.9634737940214109
E2_cec2022_competition,cec2022,4,10,DE,2,6127628306349149954,200000,200000,805.1556634881169,5.155663488116943,5.155663488116943,0.9635389970208053
E2_cec2022_competition,cec2022,4,10,DE,3,5125437451609972696,200000,200000,824.5608333254497,24.56083332544972,24.56083332544972,0.9814713509986177
E2_cec2022_competition,cec2022,4,10,DE,4,517019368213018839,200000,200000,821.051958087194,21.051958087193952,21.051958087193952,0.9723486099974252
E2_cec2022_competition,cec2022,4,10,DE,5,7839943915415521616,200000,200000,828.1601775044321,28.160177504432113,28.160177504432113,0.9900454030139372
E2_cec2022_competition,cec2022,4,10,DE,6,121551299352830084,200000,200000,824.3054280653118,24.305428065311844,24.305428065311844,0.6557537699991371
E2_cec2022_competition,cec2022,4,10,DE,7,482925656982860385,200000,200000,826.6779884200594,26.677988420059364,26.677988420059364,0.5390831819968298
E2_cec2022_competition,cec2022,4,10,DE,8,3710683898627638325,200000,200000,816.8469058890707,16.84690588907074,16.84690588907074,0.5436300300061703
E2_cec2022_competition,cec2022,4,10,DE,9,8563028319834666967,200000,200000,822.4027902335662,22.40279023356618,22.40279023356618,0.5407090809894726
E2_cec2022_competition,cec2022,4,10,DE,10,5824414754738631966,200000,200000,815.055064968929,15.055064968928946,15.055064968928946,0.6403297110227868
E2_cec2022_competition,cec2022,4,10,DE,11,3151291208323179662,200000,200000,825.6747940885872,25.67479408858719,25.67479408858719,0.5422768220014405
E2_cec2022_competition,cec2022,4,10,DE,12,3303708132498041591,200000,200000,820.8377215900077,20.83772159000773,20.83772159000773,0.5484300630050711
E2_cec2022_competition,cec2022,4,10,DE,13,8770210645160692461,200000,200000,826.3238899885419,26.32388998854185,26.32388998854185,0.5523855020001065
E2_cec2022_competition,cec2022,4,10,DE,14,504234259449759593,200000,200000,812.9344374747044,12.934437474704396,12.934437474704396,0.5460542460205033
E2_cec2022_competition,cec2022,4,10,DE,15,2012998275037029998,200000,200000,823.9234493311715,23.92344933117147,23.92344933117147,0.548147411987884
E2_cec2022_competition,cec2022,4,10,DE,16,1763353641528325546,200000,200000,813.7791364150123,13.779136415012317,13.779136415012317,0.7466320030216593
E2_cec2022_competition,cec2022,4,10,DE,17,8276853631634126864,200000,200000,803.9798362283733,3.9798362283733013,3.9798362283733013,0.9437184100097511
E2_cec2022_competition,cec2022,4,10,DE,18,3973146754797690039,200000,200000,825.2045269897736,25.204526989773626,25.204526989773626,0.9441864079853985
E2_cec2022_competition,cec2022,4,10,DE,19,2945083170604413687,200000,200000,802.9848772226592,2.984877222659179,2.984877222659179,0.938756724994164
E2_cec2022_competition,cec2022,4,10,DE,20,2162653270094683604,200000,200000,823.8478594308342,23.847859430834205,23.847859430834205,0.7212363409926184
E2_cec2022_competition,cec2022,4,10,DE,21,3258930612946072152,200000,200000,825.7653912259557,25.765391225955682,25.765391225955682,0.5484748070011847
E2_cec2022_competition,cec2022,4,10,DE,22,1414007344119353054,200000,200000,805.9697543425598,5.969754342559781,5.969754342559781,0.5469964339863509
E2_cec2022_competition,cec2022,4,10,DE,23,5145490577513165804,200000,200000,819.3920180229937,19.39201802299374,19.39201802299374,0.5458780560002197
E2_cec2022_competition,cec2022,4,10,DE,24,7766998055721574960,200000,200000,814.3580254603273,14.358025460327326,14.358025460327326,0.5529241820040625
E2_cec2022_competition,cec2022,4,10,DE,25,3175373003773369018,200000,200000,810.9613944017203,10.961394401720327,10.961394401720327,0.5507661139999982
E2_cec2022_competition,cec2022,4,10,DE,26,4367622327434965259,200000,200000,803.9816856879276,3.981685687927552,3.981685687927552,0.5565501130186021
E2_cec2022_competition,cec2022,4,10,DE,27,234337915792936593,200000,200000,812.5046264725158,12.504626472515838,12.504626472515838,0.5478902700124308
E2_cec2022_competition,cec2022,4,10,DE,28,7275834396514608551,200000,200000,814.2529974779596,14.252997477959639,14.252997477959639,0.5371519290201832
E2_cec2022_competition,cec2022,4,10,DE,29,2373085217013266439,200000,200000,803.9798362283732,3.9798362283731876,3.9798362283731876,0.5459657209867146
E2_cec2022_competition,cec2022,2,10,DE,0,2505259284753565767,200000,200000,408.9161019277813,8.916101927781312,8.916101927781312,0.6423127710004337
E2_cec2022_competition,cec2022,2,10,DE,1,6079683399157999985,200000,200000,408.9161019277813,8.916101927781312,8.916101927781312,0.4730383070127573
E2_cec2022_competition,cec2022,2,10,DE,2,6531049755787166750,200000,200000,400.0,0.0,0.0,0.4805137680086773
E2_cec2022_competition,cec2022,2,10,DE,3,7726036548051387449,200000,200000,403.98657911234716,3.986579112347158,3.986579112347158,0.47705109301023185
E2_cec2022_competition,cec2022,2,10,DE,4,5269915788225658896,200000,200000,403.98657911234716,3.986579112347158,3.986579112347158,0.4873866790148895
E2_cec2022_competition,cec2022,2,10,DE,5,5380703472960439191,200000,200000,403.98657911234716,3.986579112347158,3.986579112347158,0.5012313270126469
E2_cec2022_competition,cec2022,2,10,DE,6,433080976830321277,200000,200000,403.98657911234716,3.986579112347158,3.986579112347158,0.508773542009294
E2_cec2022_competition,cec2022,2,10,DE,7,2356338797668775820,200000,200000,408.9161019277813,8.916101927781312,8.916101927781312,0.4956129780039191
E2_cec2022_competition,cec2022,2,10,DE,8,931701397658128,200000,200000,403.98657911234716,3.986579112347158,3.986579112347158,0.48333458899287507
E2_cec2022_competition,cec2022,2,10,DE,9,7075268501467721658,200000,200000,403.98657911234716,3.986579112347158,3.986579112347158,0.4990908819891047
E2_cec2022_competition,cec2022,2,10,DE,10,3407336219913457872,200000,200000,403.98657911234716,3.986579112347158,3.986579112347158,0.5152490169857629
E2_cec2022_competition,cec2022,2,10,DE,11,8246893798539630035,200000,200000,408.9161019277813,8.916101927781312,8.916101927781312,0.7614056919992436
E2_cec2022_competition,cec2022,2,10,DE,12,5583662687980610631,200000,200000,403.98657911234716,3.986579112347158,3.986579112347158,0.8830320870038122
E2_cec2022_competition,cec2022,2,10,DE,13,2640481789805875682,200000,200000,408.9161019277813,8.916101927781312,8.916101927781312,0.8804816330084577
E2_cec2022_competition,cec2022,2,10,DE,14,7124614937320346328,200000,200000,403.98657911234716,3.986579112347158,3.986579112347158,0.8880146919982508
E2_cec2022_competition,cec2022,2,10,DE,15,5500986261820946468,200000,200000,403.98657911234716,3.986579112347158,3.986579112347158,0.8828064340050332
E2_cec2022_competition,cec2022,2,10,DE,16,8712470354402984375,200000,200000,400.0,0.0,0.0,0.8958227169932798
E2_cec2022_competition,cec2022,2,10,DE,17,3760661430954326183,200000,200000,403.98657911234716,3.986579112347158,3.986579112347158,0.887452877999749
E2_cec2022_competition,cec2022,2,10,DE,18,8111631471837571511,200000,200000,403.98657911234716,3.986579112347158,3.986579112347158,0.8844992379890755
E2_cec2022_competition,cec2022,2,10,DE,19,1916369392999910821,200000,200000,403.98657911234716,3.986579112347158,3.986579112347158,0.8814572130213492
E2_cec2022_competition,cec2022,2,10,DE,20,6245167310460847100,200000,200000,403.98657911234716,3.986579112347158,3.986579112347158,0.8817927719792351
E2_cec2022_competition,cec2022,2,10,DE,21,5514360549523328521,200000,200000,408.9161019277813,8.916101927781312,8.916101927781312,0.8713545139762573
E2_cec2022_competition,cec2022,2,10,DE,22,8575407168757106971,200000,200000,403.98657911234716,3.986579112347158,3.986579112347158,0.8874270499800332
E2_cec2022_competition,cec2022,2,10,DE,23,2652119224458646253,200000,200000,408.9161019277813,8.916101927781312,8.916101927781312,0.8781407119822688
E2_cec2022_competition,cec2022,2,10,DE,24,7865578462446441214,200000,200000,403.98657911234716,3.986579112347158,3.986579112347158,0.8848596439929679
E2_cec2022_competition,cec2022,2,10,DE,25,3376123209248194225,200000,200000,403.98657911234716,3.986579112347158,3.986579112347158,0.890334083000198
E2_cec2022_competition,cec2022,2,10,DE,26,8178119786725577593,200000,200000,403.98657911234716,3.986579112347158,3.986579112347158,0.8882756709936075
E2_cec2022_competition,cec2022,2,10,DE,27,7886181125926976708,200000,200000,400.0,0.0,0.0,0.8829277410113718
E2_cec2022_competition,cec2022,2,10,DE,28,6558844827268107443,200000,200000,408.9161019277813,8.916101927781312,8.916101927781312,0.8851585859956685
E2_cec2022_competition,cec2022,2,10,DE,29,1451016659319429269,200000,200000,408.9161019277813,8.916101927781312,8.916101927781312,0.878418333013542
E2_cec2022_competition,cec2022,5,10,DE,0,30886840942272240,200000,200000,900.0,0.0,0.0,0.9578754729882348
E2_cec2022_competition,cec2022,5,10,DE,1,5185680294950101797,200000,200000,900.0,0.0,0.0,0.949454909976339
E2_cec2022_competition,cec2022,5,10,DE,2,8251102694168488467,200000,200000,900.0,0.0,0.0,0.9535869999963325
E2_cec2022_competition,cec2022,5,10,DE,3,2195534385313607757,200000,200000,900.0,0.0,0.0,0.9588897670037113
E2_cec2022_competition,cec2022,5,10,DE,4,2935196003098752628,200000,200000,900.0,0.0,0.0,0.9515204849885777
E2_cec2022_competition,cec2022,5,10,DE,5,4563325544985950441,200000,200000,900.0,0.0,0.0,0.9443979950156063
E2_cec2022_competition,cec2022,5,10,DE,6,3334750681157096482,200000,200000,900.0,0.0,0.0,0.9553878380102105
E2_cec2022_competition,cec2022,5,10,DE,7,7959491116529679613,200000,200000,900.0,0.0,0.0,0.941429277008865
E2_cec2022_competition,cec2022,5,10,DE,8,1057100098001231493,200000,200000,900.0,0.0,0.0,0.9610281979839783
E2_cec2022_competition,cec2022,5,10,DE,9,646303820689333648,200000,200000,900.0,0.0,0.0,0.6548033180006314
E2_cec2022_competition,cec2022,5,10,DE,10,1884252947305104044,200000,200000,900.0,0.0,0.0,0.5195293959986884
E2_cec2022_competition,cec2022,5,10,DE,11,4425871548838714459,200000,200000,900.0,0.0,0.0,0.6558420860092156
E2_cec2022_competition,cec2022,5,10,DE,12,7426230141321798733,200000,200000,900.0,0.0,0.0,0.9624135649937671
E2_cec2022_competition,cec2022,5,10,DE,13,6528816658136060656,200000,200000,900.0,0.0,0.0,0.9404012089944445
E2_cec2022_competition,cec2022,5,10,DE,14,7385345446377230522,200000,200000,900.0,0.0,0.0,0.9648942479980178
E2_cec2022_competition,cec2022,5,10,DE,15,3776042550645961007,200000,200000,900.0,0.0,0.0,0.9621715219982434
E2_cec2022_competition,cec2022,5,10,DE,16,390540847331082158,200000,200000,900.0,0.0,0.0,0.9725327559863217
E2_cec2022_competition,cec2022,5,10,DE,17,8957984448448400116,200000,200000,900.0,0.0,0.0,0.8465130509866867
E2_cec2022_competition,cec2022,5,10,DE,18,9009636858944759471,200000,200000,900.0,0.0,0.0,0.5219778080063406
E2_cec2022_competition,cec2022,5,10,DE,19,2399318688693027752,200000,200000,900.0,0.0,0.0,0.518711823009653
E2_cec2022_competition,cec2022,5,10,DE,20,4135030453073553134,200000,200000,900.0,0.0,0.0,0.5344403340131976
E2_cec2022_competition,cec2022,5,10,DE,21,7064249024302984191,200000,200000,900.0,0.0,0.0,0.5299986930040177
E2_cec2022_competition,cec2022,5,10,DE,22,6788167215778872363,200000,200000,900.0,0.0,0.0,0.5601062220230233
E2_cec2022_competition,cec2022,5,10,DE,23,4258402897090357206,200000,200000,900.0,0.0,0.0,0.5690205020073336
E2_cec2022_competition,cec2022,5,10,DE,24,6265859475562599376,200000,200000,900.0,0.0,0.0,0.5566815090132877
E2_cec2022_competition,cec2022,5,10,DE,25,6826220550904153700,200000,200000,900.0,0.0,0.0,0.5673845339915715
E2_cec2022_competition,cec2022,5,10,DE,26,4886439106742158048,200000,200000,900.0,0.0,0.0,0.5465496059914585
E2_cec2022_competition,cec2022,5,10,DE,27,7985069511076940429,200000,200000,900.0,0.0,0.0,0.754802578012459
E2_cec2022_competition,cec2022,5,10,DE,28,2739658226392556987,200000,200000,900.0,0.0,0.0,0.9684406600135844
E2_cec2022_competition,cec2022,5,10,DE,29,1886683913111082334,200000,200000,900.0,0.0,0.0,0.9474995429918636
E2_cec2022_competition,cec2022,6,10,DE,0,7012707735654512032,200000,200000,1800.289695049851,0.2896950498509341,0.2896950498509341,0.6797988600155804
E2_cec2022_competition,cec2022,6,10,DE,1,1014024841279141060,200000,200000,1800.3598030672197,0.3598030672196728,0.3598030672196728,0.7570430699852295
E2_cec2022_competition,cec2022,6,10,DE,2,3804199018777890871,200000,200000,1800.4877585917302,0.48775859173019853,0.48775859173019853,0.5037670520250686
E2_cec2022_competition,cec2022,6,10,DE,3,1552840150588229235,200000,200000,1800.498851306934,0.498851306934057,0.498851306934057,0.5180734760069754
E2_cec2022_competition,cec2022,6,10,DE,4,5494213868643063659,200000,200000,1800.043446841755,0.043446841754985144,0.043446841754985144,0.5311964790162165
E2_cec2022_competition,cec2022,6,10,DE,5,8834454860278709828,200000,200000,1800.4977960674548,0.4977960674548285,0.4977960674548285,0.537500693986658
E2_cec2022_competition,cec2022,6,10,DE,6,6053629262368188589,200000,200000,1800.4410077867476,0.44100778674760477,0.44100778674760477,0.9306386079988442
E2_cec2022_competition,cec2022,6,10,DE,7,156614747316601071,200000,200000,1800.3206111648517,0.32061116485169805,0.32061116485169805,0.9281747069908306
E2_cec2022_competition,cec2022,6,10,DE,8,5901329692601684025,200000,200000,1800.175411972661,0.1754119726610952,0.1754119726610952,0.9341173720022198
E2_cec2022_competition,cec2022,6,10,DE,9,2543378134524436422,200000,200000,1800.4228295246414,0.4228295246414291,0.4228295246414291,0.9315425130189396
E2_cec2022_competition,cec2022,6,10,DE,10,1015831165207387648,200000,200000,1800.1548482673215,0.15484826732154033,0.15484826732154033,0.9264847669983283
E2_cec2022_competition,cec2022,6,10,DE,11,5405923685439529892,200000,200000,1800.2381377913314,0.2381377913313827,0.2381377913313827,0.9360254319908563
E2_cec2022_competition,cec2022,6,10,DE,12,84272408653443627,200000,200000,1800.4746928930383,0.4746928930383092,0.4746928930383092,0.9318228890188038
E2_cec2022_competition,cec2022,6,10,DE,13,3535139067062179839,200000,200000,1800.2344681033303,0.23446810333030044,0.23446810333030044,0.9375393409864046
E2_cec2022_competition,cec2022,6,10,DE,14,7151197094982818905,200000,200000,1800.1175753345024,0.11757533450236224,0.11757533450236224,0.9361425809911452
E2_cec2022_competition,cec2022,6,10,DE,15,2714038303817461552,200000,200000,1800.1743799750548,0.17437997505476233,0.17437997505476233,0.9272864509839565
E2_cec2022_competition,cec2022,6,10,DE,16,2864900704149720569,200000,200000,1800.4670828656997,0.4670828656996946,0.4670828656996946,0.9462958050135057
E2_cec2022_competition,cec2022,6,10,DE,17,4808165785555597875,200000,200000,1800.4977840061363,0.4977840061362713,0.4977840061362713,0.9402196790033486
E2_cec2022_competition,cec2022,6,10,DE,18,3137477000400532657,200000,200000,1800.319440320921,0.3194403209211032,0.3194403209211032,0.9350026840111241
E2_cec2022_competition,cec2022,6,10,DE,19,6009146993195485001,200000,200000,1800.0663768960376,0.0663768960375819,0.0663768960375819,0.9157849490002263
E2_cec2022_competition,cec2022,6,10,DE,20,7618846328568149237,200000,200000,1800.4605746315135,0.4605746315135093,0.4605746315135093,0.9260052669851575
E2_cec2022_competition,cec2022,6,10,DE,21,959046725135797363,200000,200000,1800.300167287062,0.30016728706209506,0.30016728706209506,0.9236056969966739
E2_cec2022_competition,cec2022,6,10,DE,22,1117126738405381860,200000,200000,1800.406668795437,0.4066687954370991,0.4066687954370991,0.9103175029740669
E2_cec2022_competition,cec2022,6,10,DE,23,85012342023654841,200000,200000,1800.1809333887636,0.18093338876360576,0.18093338876360576,0.9068903660227079
E2_cec2022_competition,cec2022,6,10,DE,24,3494274618854262311,200000,200000,1800.3220427664767,0.3220427664766703,0.3220427664766703,0.9154138129961211
E2_cec2022_competition,cec2022,6,10,DE,25,7194174947814924360,200000,200000,1800.353832128389,0.3538321283890582,0.3538321283890582,0.9099679279897828
E2_cec2022_competition,cec2022,6,10,DE,26,3942117348984704051,200000,200000,1800.0168017110573,0.01680171105726913,0.01680171105726913,0.9198511750146281
E2_cec2022_competition,cec2022,6,10,DE,27,4280078778945376999,200000,200000,1800.0412370978233,0.04123709782334117,0.04123709782334117,0.9176699240051676
E2_cec2022_competition,cec2022,6,10,DE,28,22580701303235367,200000,200000,1800.487902736002,0.48790273600207,0.48790273600207,0.9284566959831864
E2_cec2022_competition,cec2022,6,10,DE,29,3065946638324461128,200000,200000,1800.14174277751,0.14174277750998954,0.14174277750998954,0.9337763029907364
E2_cec2022_competition,cec2022,1,10,DE,0,38397308173672074,200000,200000,300.0,0.0,0.0,0.9580314269987866
E2_cec2022_competition,cec2022,1,10,DE,1,1562499723947729114,200000,200000,300.0,0.0,0.0,0.8978555100038648
E2_cec2022_competition,cec2022,1,10,DE,2,3174491828902793498,200000,200000,300.0,0.0,0.0,0.8644847190007567
E2_cec2022_competition,cec2022,1,10,DE,3,1756321102616091934,200000,200000,300.0,0.0,0.0,0.8751242340076715
E2_cec2022_competition,cec2022,1,10,DE,4,1324508921859111417,200000,200000,300.0,0.0,0.0,0.872279620001791
E2_cec2022_competition,cec2022,1,10,DE,5,2950670132356169363,200000,200000,300.0,0.0,0.0,0.832734949013684
E2_cec2022_competition,cec2022,1,10,DE,6,6130332544735927593,200000,200000,300.0,0.0,0.0,0.4893412239907775
E2_cec2022_competition,cec2022,1,10,DE,7,9218787559159876131,200000,200000,300.0,0.0,0.0,0.6212017039943021
E2_cec2022_competition,cec2022,1,10,DE,8,1652922755915731603,200000,200000,300.0,0.0,0.0,0.9031045250012539
E2_cec2022_competition,cec2022,1,10,DE,9,3297940256335022876,200000,200000,300.0,0.0,0.0,0.8961443410080392
E2_cec2022_competition,cec2022,1,10,DE,10,6956828328368637472,200000,200000,300.0,0.0,0.0,0.8974513720022514
E2_cec2022_competition,cec2022,1,10,DE,11,1124268964579600602,200000,200000,300.0,0.0,0.0,0.8944731059891637
E2_cec2022_competition,cec2022,1,10,DE,12,8139611716011980959,200000,200000,300.0,0.0,0.0,0.902466217026813
E2_cec2022_competition,cec2022,1,10,DE,13,1786102813049881760,200000,200000,300.0,0.0,0.0,0.8964974019909278
E2_cec2022_competition,cec2022,1,10,DE,14,9098916080877339789,200000,200000,300.0,0.0,0.0,0.8990407629753463
E2_cec2022_competition,cec2022,1,10,DE,15,9131021230000282543,200000,200000,300.0,0.0,0.0,0.9055111180059612
E2_cec2022_competition,cec2022,1,10,DE,16,7046806129019651109,200000,200000,300.0,0.0,0.0,0.8934751029883046
E2_cec2022_competition,cec2022,1,10,DE,17,7612490621782128120,200000,200000,300.0,0.0,0.0,0.8979856339865364
E2_cec2022_competition,cec2022,1,10,DE,18,7506877556896008197,200000,200000,300.0,0.0,0.0,0.8998528259980958
E2_cec2022_competition,cec2022,1,10,DE,19,6184661826122403329,200000,200000,300.0,0.0,0.0,0.8987317029968835
E2_cec2022_competition,cec2022,1,10,DE,20,6967918321479250096,200000,200000,300.0,0.0,0.0,0.9000795309839305
E2_cec2022_competition,cec2022,1,10,DE,21,2629435087152465709,200000,200000,300.0,0.0,0.0,0.9106000039901119
E2_cec2022_competition,cec2022,1,10,DE,22,3243502535998154599,200000,200000,300.0,0.0,0.0,0.8936456530063879
E2_cec2022_competition,cec2022,1,10,DE,23,5803562509315381052,200000,200000,300.0,0.0,0.0,0.8953042640059721
E2_cec2022_competition,cec2022,1,10,DE,24,1409104896198838487,200000,200000,300.0,0.0,0.0,0.8992069849919062
E2_cec2022_competition,cec2022,1,10,DE,25,1000372222211514432,200000,200000,300.0,0.0,0.0,0.8400855359795969
E2_cec2022_competition,cec2022,1,10,DE,26,2413451968000213430,200000,200000,300.0,0.0,0.0,0.7839816259802319
E2_cec2022_competition,cec2022,1,10,DE,27,7088663450052516965,200000,200000,300.0,0.0,0.0,0.8185091270133853
E2_cec2022_competition,cec2022,1,10,DE,28,2400887414887841253,200000,200000,300.0,0.0,0.0,0.8766568890132476
E2_cec2022_competition,cec2022,1,10,DE,29,7102845100971980359,200000,200000,300.0,0.0,0.0,0.7977665119979065
E2_cec2022_competition,cec2022,1,10,SHADE,0,5531389214701812769,200000,200000,300.0,0.0,0.0,1.1333873859839514
E2_cec2022_competition,cec2022,1,10,SHADE,1,617211530931132893,200000,200000,300.0,0.0,0.0,0.8318931100075133
E2_cec2022_competition,cec2022,1,10,SHADE,2,2330565419429012216,200000,200000,300.0,0.0,0.0,0.6915267769945785
E2_cec2022_competition,cec2022,1,10,SHADE,3,9220155648087474235,200000,200000,300.0,0.0,0.0,0.6889232940156944
E2_cec2022_competition,cec2022,1,10,SHADE,4,4160367738795245172,200000,200000,300.0,0.0,0.0,0.7080462510057259
E2_cec2022_competition,cec2022,1,10,SHADE,5,8080722515596238989,200000,200000,300.0,0.0,0.0,0.6859660869813524
E2_cec2022_competition,cec2022,1,10,SHADE,6,8923454768725917824,200000,200000,300.0,0.0,0.0,0.7464924909872934
E2_cec2022_competition,cec2022,1,10,SHADE,7,8811937679773265902,200000,200000,300.0,0.0,0.0,1.097050913987914
E2_cec2022_competition,cec2022,1,10,SHADE,8,3524274567951242493,200000,200000,300.0,0.0,0.0,1.1509093710046727
E2_cec2022_competition,cec2022,1,10,SHADE,9,8674995974052729137,200000,200000,300.0,0.0,0.0,1.1514654939819593
E2_cec2022_competition,cec2022,1,10,SHADE,10,1919164465792113910,200000,200000,300.0,0.0,0.0,1.1433608929801267
E2_cec2022_competition,cec2022,1,10,SHADE,11,2246297527276663080,200000,200000,300.0,0.0,0.0,1.1455610500124749
E2_cec2022_competition,cec2022,1,10,SHADE,12,8732210323313277507,200000,200000,300.0,0.0,0.0,1.1551092079898808
E2_cec2022_competition,cec2022,1,10,SHADE,13,8772812744589767920,200000,200000,300.0,0.0,0.0,0.8931096680171322
E2_cec2022_competition,cec2022,1,10,SHADE,14,1561562660906859629,200000,200000,300.0,0.0,0.0,0.6813041440036613
E2_cec2022_competition,cec2022,1,10,SHADE,15,8433754232152783728,200000,200000,300.0,0.0,0.0,0.6851596150081605
E2_cec2022_competition,cec2022,1,10,SHADE,16,400710946750524773,200000,200000,300.0,0.0,0.0,0.9661619959806558
E2_cec2022_competition,cec2022,1,10,SHADE,17,3507342540786169137,200000,200000,300.0,0.0,0.0,1.1162145670095924
E2_cec2022_competition,cec2022,1,10,SHADE,18,3945043098048863634,200000,200000,300.0,0.0,0.0,1.1104060930083506
E2_cec2022_competition,cec2022,1,10,SHADE,19,6678659614486112800,200000,200000,300.0,0.0,0.0,1.1487749280058779
E2_cec2022_competition,cec2022,1,10,SHADE,20,6447715412471654000,200000,200000,300.0,0.0,0.0,0.8707403920125216
E2_cec2022_competition,cec2022,1,10,SHADE,21,1638994847708600368,200000,200000,300.0,0.0,0.0,0.9267870339972433
E2_cec2022_competition,cec2022,1,10,SHADE,22,6579109343277939367,200000,200000,300.0,0.0,0.0,1.1596056319831405
E2_cec2022_competition,cec2022,1,10,SHADE,23,934199151131302744,200000,200000,300.0,0.0,0.0,1.0844861769874115
E2_cec2022_competition,cec2022,1,10,SHADE,24,7764433949933347844,200000,200000,300.0,0.0,0.0,1.1366407589812297
E2_cec2022_competition,cec2022,1,10,SHADE,25,3849762439900878689,200000,200000,300.0,0.0,0.0,1.1049186199961696
E2_cec2022_competition,cec2022,1,10,SHADE,26,833364850121158449,200000,200000,300.0,0.0,0.0,1.1255685609939974
E2_cec2022_competition,cec2022,1,10,SHADE,27,6242557072996761838,200000,200000,300.0,0.0,0.0,1.1436239260074217
E2_cec2022_competition,cec2022,1,10,SHADE,28,8268849151280344876,200000,200000,300.0,0.0,0.0,1.1604339650075417
E2_cec2022_competition,cec2022,1,10,SHADE,29,1892080714378690938,200000,200000,300.0,0.0,0.0,1.0116403459978756
E2_cec2022_competition,cec2022,5,10,SHADE,0,7435480654529691959,200000,200000,900.0,0.0,0.0,1.2087165749981068
E2_cec2022_competition,cec2022,5,10,SHADE,1,1032555193228494733,200000,200000,900.0,0.0,0.0,1.2116881579859182
E2_cec2022_competition,cec2022,5,10,SHADE,2,6813482146391425893,200000,200000,900.0,0.0,0.0,1.1938909069867805
E2_cec2022_competition,cec2022,5,10,SHADE,3,4698535283019682254,200000,200000,900.0,0.0,0.0,1.2222728510096204
E2_cec2022_competition,cec2022,5,10,SHADE,4,3786144402770899564,200000,200000,900.0,0.0,0.0,1.1980685529997572
E2_cec2022_competition,cec2022,5,10,SHADE,5,1739765886315153531,200000,200000,900.0,0.0,0.0,1.2217992930090986
E2_cec2022_competition,cec2022,5,10,SHADE,6,6095871578484220525,200000,200000,900.0,0.0,0.0,1.2085403439996298
E2_cec2022_competition,cec2022,5,10,SHADE,7,6448557303670617057,200000,200000,900.0,0.0,0.0,1.2218405400053598
E2_cec2022_competition,cec2022,5,10,SHADE,8,8747010830112322911,200000,200000,900.0,0.0,0.0,1.197259895998286
E2_cec2022_competition,cec2022,5,10,SHADE,9,8547556770477236952,200000,200000,900.0,0.0,0.0,1.2128779900085647
E2_cec2022_competition,cec2022,5,10,SHADE,10,6457128203108162714,200000,200000,900.0,0.0,0.0,1.1890486750053242
E2_cec2022_competition,cec2022,5,10,SHADE,11,780312374873300937,200000,200000,900.0,0.0,0.0,1.1696215780102648
E2_cec2022_competition,cec2022,5,10,SHADE,12,3897833658915641499,200000,200000,900.0,0.0,0.0,1.1777492010151036
E2_cec2022_competition,cec2022,5,10,SHADE,13,1932653428678359698,200000,200000,900.0,0.0,0.0,1.2023987649881747
E2_cec2022_competition,cec2022,5,10,SHADE,14,2865696285270783437,200000,200000,900.0,0.0,0.0,1.1710852629912551
E2_cec2022_competition,cec2022,5,10,SHADE,15,9036711908097574812,200000,200000,900.0,0.0,0.0,0.9428716920083389
E2_cec2022_competition,cec2022,5,10,SHADE,16,6556929451344333937,200000,200000,900.0,0.0,0.0,0.7149824509979226
E2_cec2022_competition,cec2022,5,10,SHADE,17,3458313566300189847,200000,200000,900.0,0.0,0.0,0.7257899109972641
E2_cec2022_competition,cec2022,5,10,SHADE,18,2460526406908719166,200000,200000,900.0,0.0,0.0,0.7401127649936825
E2_cec2022_competition,cec2022,5,10,SHADE,19,3030909333055498396,200000,200000,900.0,0.0,0.0,0.7371535149868578
E2_cec2022_competition,cec2022,5,10,SHADE,20,3180940078381079861,200000,200000,900.0,0.0,0.0,0.7342248820059467
E2_cec2022_competition,cec2022,5,10,SHADE,21,875427592825696919,200000,200000,900.0,0.0,0.0,0.7296419870108366
E2_cec2022_competition,cec2022,5,10,SHADE,22,2470715355960513181,200000,200000,900.0,0.0,0.0,0.7203142910148017
E2_cec2022_competition,cec2022,5,10,SHADE,23,3108690441405464350,200000,200000,900.0,0.0,0.0,0.876799777004635
E2_cec2022_competition,cec2022,5,10,SHADE,24,5127126593323648515,200000,200000,900.0,0.0,0.0,1.1951618820021395
E2_cec2022_competition,cec2022,5,10,SHADE,25,8694952356350773559,200000,200000,900.0,0.0,0.0,1.1785924629948568
E2_cec2022_competition,cec2022,5,10,SHADE,26,4926419898043608194,200000,200000,900.0,0.0,0.0,1.1850429120240733
E2_cec2022_competition,cec2022,5,10,SHADE,27,4130664312589415820,200000,200000,900.0,0.0,0.0,1.191962400014745
E2_cec2022_competition,cec2022,5,10,SHADE,28,4154264209881152626,200000,200000,900.0,0.0,0.0,1.2033468129811808
E2_cec2022_competition,cec2022,5,10,SHADE,29,6313591033483568783,200000,200000,900.0,0.0,0.0,1.2025516620196868
E2_cec2022_competition,cec2022,3,10,DE,0,4319793383754049136,200000,200000,600.0,0.0,0.0,0.7585113539826125
E2_cec2022_competition,cec2022,3,10,DE,1,5392493193644961207,200000,200000,600.0,0.0,0.0,1.0094031000044197
E2_cec2022_competition,cec2022,3,10,DE,2,774722430607797616,200000,200000,600.0,0.0,0.0,1.196054546016967
E2_cec2022_competition,cec2022,3,10,DE,3,8633186632540783494,200000,200000,600.0,0.0,0.0,1.219797177996952
E2_cec2022_competition,cec2022,3,10,DE,4,1157256556454859251,200000,200000,600.0,0.0,0.0,1.1894923280051444
E2_cec2022_competition,cec2022,3,10,DE,5,9174499929597223048,200000,200000,600.0,0.0,0.0,1.206766087008873
E2_cec2022_competition,cec2022,3,10,DE,6,3103744086267294657,200000,200000,600.0,0.0,0.0,1.1944545450096484
E2_cec2022_competition,cec2022,3,10,DE,7,4853816936820916020,200000,200000,600.0,0.0,0.0,1.2022040800075047
E2_cec2022_competition,cec2022,3,10,DE,8,6106951322639597584,200000,200000,600.0,0.0,0.0,1.2031008320045657
E2_cec2022_competition,cec2022,3,10,DE,9,5418857226441879977,200000,200000,600.0,0.0,0.0,1.0982768519897945
E2_cec2022_competition,cec2022,3,10,DE,10,4197254008279844006,200000,200000,600.0,0.0,0.0,0.720006483985344
E2_cec2022_competition,cec2022,3,10,DE,11,5038686430522062188,200000,200000,600.0,0.0,0.0,0.7244507599971257
E2_cec2022_competition,cec2022,3,10,DE,12,5087850391301464498,200000,200000,600.0,0.0,0.0,0.7426566469948739
E2_cec2022_competition,cec2022,3,10,DE,13,8651691274579172106,200000,200000,600.0,0.0,0.0,0.7361628969956655
E2_cec2022_competition,cec2022,3,10,DE,14,4175701901718513319,200000,200000,600.0,0.0,0.0,0.7365229120186996
E2_cec2022_competition,cec2022,3,10,DE,15,1984027969427458010,200000,200000,600.0,0.0,0.0,1.0587942379934248
E2_cec2022_competition,cec2022,3,10,DE,16,8376259509644588199,200000,200000,600.0,0.0,0.0,1.203546186996391
E2_cec2022_competition,cec2022,3,10,DE,17,3197807912488221621,200000,200000,600.0,0.0,0.0,1.2206121960189193
E2_cec2022_competition,cec2022,3,10,DE,18,5294429314187187008,200000,200000,600.0,0.0,0.0,1.2119251519907266
E2_cec2022_competition,cec2022,3,10,DE,19,4839323986878971900,200000,200000,600.0,0.0,0.0,1.2214557680126745
E2_cec2022_competition,cec2022,3,10,DE,20,2337687678824717560,200000,200000,600.0,0.0,0.0,0.9745787830033805
E2_cec2022_competition,cec2022,3,10,DE,21,6933410829078476062,200000,200000,600.0,0.0,0.0,1.1895113830105402
E2_cec2022_competition,cec2022,3,10,DE,22,6507052652287983699,200000,200000,600.0,0.0,0.0,1.2016396810067818
E2_cec2022_competition,cec2022,3,10,DE,23,2030130559464828517,200000,200000,600.0,0.0,0.0,1.199468089005677
E2_cec2022_competition,cec2022,3,10,DE,24,4649698250921126387,200000,200000,600.0,0.0,0.0,1.187056478986051
E2_cec2022_competition,cec2022,3,10,DE,25,8617509893472121556,200000,200000,600.0,0.0,0.0,1.1722299600078259
E2_cec2022_competition,cec2022,3,10,DE,26,2839696670718927950,200000,200000,600.0,0.0,0.0,1.1767601770116016
E2_cec2022_competition,cec2022,3,10,DE,27,3650846023722202303,200000,200000,600.0,0.0,0.0,1.1819474459916819
E2_cec2022_competition,cec2022,3,10,DE,28,3428635706872806035,200000,200000,600.0,0.0,0.0,1.1939764579874463
E2_cec2022_competition,cec2022,3,10,DE,29,1794961589196586913,200000,200000,600.0,0.0,0.0,1.1908065419993363
E2_cec2022_competition,cec2022,2,10,SHADE,0,3645780520498583578,200000,200000,400.0,0.0,0.0,1.0713789729925338
E2_cec2022_competition,cec2022,2,10,SHADE,1,2359379969621540257,200000,200000,408.9161019277813,8.916101927781312,8.916101927781312,1.1157878569792956
E2_cec2022_competition,cec2022,2,10,SHADE,2,8999386008160884282,200000,200000,408.9161019277813,8.916101927781312,8.916101927781312,1.0893727319780737
E2_cec2022_competition,cec2022,2,10,SHADE,3,7181376137793750984,200000,200000,408.9161019277813,8.916101927781312,8.916101927781312,1.112643158994615
E2_cec2022_competition,cec2022,2,10,SHADE,4,3985966629709031654,200000,200000,403.98657911234716,3.986579112347158,3.986579112347158,1.1524204449960962
E2_cec2022_competition,cec2022,2,10,SHADE,5,1090838067736044848,200000,200000,403.98657911234716,3.986579112347158,3.986579112347158,1.1639775520015974
E2_cec2022_competition,cec2022,2,10,SHADE,6,9221225962466449025,200000,200000,408.9161019277813,8.916101927781312,8.916101927781312,1.139795505994698
E2_cec2022_competition,cec2022,2,10,SHADE,7,1190093959254631658,200000,200000,403.98657911234716,3.986579112347158,3.986579112347158,1.157209638011409
E2_cec2022_competition,cec2022,2,10,SHADE,8,3444244677834556253,200000,200000,408.9161019277813,8.916101927781312,8.916101927781312,1.1358792800165247
E2_cec2022_competition,cec2022,2,10,SHADE,9,1397044451869226250,200000,200000,403.98657911234716,3.986579112347158,3.986579112347158,1.1568640600016806
E2_cec2022_competition,cec2022,2,10,SHADE,10,7911141543828225029,200000,200000,403.98657911234716,3.986579112347158,3.986579112347158,0.8745892510050908
E2_cec2022_competition,cec2022,2,10,SHADE,11,8809586454068734738,200000,200000,403.98657911234716,3.986579112347158,3.986579112347158,1.1573329480015673
E2_cec2022_competition,cec2022,2,10,SHADE,12,2936789582722305488,200000,200000,400.0,0.0,0.0,1.1461498140124604
E2_cec2022_competition,cec2022,2,10,SHADE,13,396645428472831344,200000,200000,400.0,0.0,0.0,1.1575447359937243
E2_cec2022_competition,cec2022,2,10,SHADE,14,1271904042850985202,200000,200000,403.98657911234716,3.986579112347158,3.986579112347158,1.145106626994675
E2_cec2022_competition,cec2022,2,10,SHADE,15,1303578336106700367,200000,200000,403.98657911234716,3.986579112347158,3.986579112347158,1.1860565439856146
E2_cec2022_competition,cec2022,2,10,SHADE,16,8888281995385325036,200000,200000,408.9161019277813,8.916101927781312,8.916101927781312,1.1536230809870176
E2_cec2022_competition,cec2022,2,10,SHADE,17,4559696444920348911,200000,200000,403.98657911234716,3.986579112347158,3.986579112347158,1.1026357480150182
E2_cec2022_competition,cec2022,2,10,SHADE,18,1260829406479885202,200000,200000,403.98657911234716,3.986579112347158,3.986579112347158,1.1430404519778676
E2_cec2022_competition,cec2022,2,10,SHADE,19,3214421019649417586,200000,200000,400.0,0.0,0.0,1.113948206009809
E2_cec2022_competition,cec2022,2,10,SHADE,20,2587753409844085949,200000,200000,400.0,0.0,0.0,1.125198267021915
E2_cec2022_competition,cec2022,2,10,SHADE,21,8240169297972952355,200000,200000,408.9161019277813,8.916101927781312,8.916101927781312,1.1192816590191796
E2_cec2022_competition,cec2022,2,10,SHADE,22,4049317372284430887,200000,200000,403.98657911234716,3.986579112347158,3.986579112347158,1.1212473969790153
E2_cec2022_competition,cec2022,2,10,SHADE,23,427522201137044356,200000,200000,400.0,0.0,0.0,1.1458255650068168
E2_cec2022_competition,cec2022,2,10,SHADE,24,5814783511405175131,200000,200000,403.98657911234716,3.986579112347158,3.986579112347158,1.0852767500036862
E2_cec2022_competition,cec2022,2,10,SHADE,25,1785425434207218266,200000,200000,403.98657911234716,3.986579112347158,3.986579112347158,1.1576542920083739
E2_cec2022_competition,cec2022,2,10,SHADE,26,8899225877937235990,200000,200000,408.9161019277813,8.916101927781312,8.916101927781312,1.0703043770045042
E2_cec2022_competition,cec2022,2,10,SHADE,27,1748709123523024418,200000,200000,400.0,0.0,0.0,1.1520561010111123
E2_cec2022_competition,cec2022,2,10,SHADE,28,1943369002632143639,200000,200000,403.98657911234716,3.986579112347158,3.986579112347158,1.0925473559764214
E2_cec2022_competition,cec2022,2,10,SHADE,29,8432801732642891837,200000,200000,408.9161019277813,8.916101927781312,8.916101927781312,1.0697170459898189
E2_cec2022_competition,cec2022,4,10,SHADE,0,4737343575058819843,200000,200000,803.9809513623351,3.9809513623350767,3.9809513623350767,1.5252964659885038
E2_cec2022_competition,cec2022,4,10,SHADE,1,918609448528913848,200000,200000,801.996113231425,1.9961132314250563,1.9961132314250563,1.4974623300076928
E2_cec2022_competition,cec2022,4,10,SHADE,2,517808900698413799,200000,200000,802.9868644523245,2.9868644523245393,2.9868644523245393,1.3071703359892126
E2_cec2022_competition,cec2022,4,10,SHADE,3,6561433558320184324,200000,200000,801.9920269236507,1.9920269236506556,1.9920269236506556,1.300827309023589
E2_cec2022_competition,cec2022,4,10,SHADE,4,2521258840055727996,200000,200000,803.9826185087804,3.9826185087804333,3.9826185087804333,1.2995389020070434
E2_cec2022_competition,cec2022,4,10,SHADE,5,2551550409384432901,200000,200000,801.9937546808012,1.993754680801203,1.993754680801203,1.2928587330097798
E2_cec2022_competition,cec2022,4,10,SHADE,6,6030896151776374825,200000,200000,802.9875780978821,2.9875780978820785,2.9875780978820785,1.3183240859943908
E2_cec2022_competition,cec2022,4,10,SHADE,7,8502520079849272002,200000,200000,801.9924830542325,1.9924830542324798,1.9924830542324798,1.3008695380121935
E2_cec2022_competition,cec2022,4,10,SHADE,8,8972848484441687307,200000,200000,803.9876140824,3.9876140824000004,3.9876140824000004,1.299373732006643
E2_cec2022_competition,cec2022,4,10,SHADE,9,8042006412296774746,200000,200000,802.9906703837526,2.9906703837525583,2.9906703837525583,1.3023999879951589
E2_cec2022_competition,cec2022,4,10,SHADE,10,6732940987227301193,200000,200000,802.9881564759667,2.9881564759666617,2.9881564759666617,1.2944276850030292
E2_cec2022_competition,cec2022,4,10,SHADE,11,3967726224082233123,200000,200000,802.9901887206778,2.990188720677793,2.990188720677793,1.2965051629871596
E2_cec2022_competition,cec2022,4,10,SHADE,12,2177347911802323368,200000,200000,801.9992904713363,1.9992904713362805,1.9992904713362805,1.313200735981809
E2_cec2022_competition,cec2022,4,10,SHADE,13,4073975359301530030,200000,200000,801.9947740818154,1.9947740818154216,1.9947740818154216,1.3080140879901592
E2_cec2022_competition,cec2022,4,10,SHADE,14,4890416744136987423,200000,200000,800.0058205743857,0.005820574385666077,0.005820574385666077,1.3012648000149056
E2_cec2022_competition,cec2022,4,10,SHADE,15,3521638050522872692,200000,200000,802.986607679079,2.986607679079043,2.986607679079043,1.3012263480050024
E2_cec2022_competition,cec2022,4,10,SHADE,16,3282628405731334049,200000,200000,802.9860664127646,2.9860664127645578,2.9860664127645578,1.2975426689954475
E2_cec2022_competition,cec2022,4,10,SHADE,17,3207668508995953617,200000,200000,804.976006502787,4.976006502786959,4.976006502786959,1.3108168460021261
E2_cec2022_competition,cec2022,4,10,SHADE,18,8658551961929021546,200000,200000,801.9931379698207,1.9931379698207365,1.9931379698207365,1.3020387809956446
E2_cec2022_competition,cec2022,4,10,SHADE,19,4873911739983184048,200000,200000,801.9918107670992,1.9918107670991958,1.9918107670991958,1.302753071009647
E2_cec2022_competition,cec2022,4,10,SHADE,20,3783679130054854666,200000,200000,803.9803984458508,3.980398445850824,3.980398445850824,1.2978940370085184
E2_cec2022_competition,cec2022,4,10,SHADE,21,6177599985338769944,200000,200000,802.0016881506673,2.0016881506672917,2.0016881506672917,1.3037354340194725
E2_cec2022_competition,cec2022,4,10,SHADE,22,6067521475705624457,200000,200000,800.9991233632371,0.9991233632371177,0.9991233632371177,1.3006286159798037
E2_cec2022_competition,cec2022,4,10,SHADE,23,5313166187173155064,200000,200000,803.9821274887373,3.9821274887373193,3.9821274887373193,1.2922983519965783
E2_cec2022_competition,cec2022,4,10,SHADE,24,8693534529055771697,200000,200000,803.9829094136097,3.9829094136097183,3.9829094136097183,1.294684877997497
E2_cec2022_competition,cec2022,4,10,SHADE,25,2770248497310223041,200000,200000,802.9922762764702,2.992276276470193,2.992276276470193,1.2968952039955184
E2_cec2022_competition,cec2022,4,10,SHADE,26,2909861616388624561,200000,200000,802.9854097168704,2.9854097168704357,2.9854097168704357,1.2888129049970303
E2_cec2022_competition,cec2022,4,10,SHADE,27,859996916814841150,200000,200000,802.9871544594675,2.987154459467547,2.987154459467547,1.293893082998693
E2_cec2022_competition,cec2022,4,10,SHADE,28,545898747434397276,200000,200000,803.9855992972839,3.9855992972838976,3.9855992972838976,1.2994072360161226
E2_cec2022_competition,cec2022,4,10,SHADE,29,396540305493840243,200000,200000,803.9809251134909,3.980925113490912,3.980925113490912,1.2952933300111908
E2_cec2022_competition,cec2022,6,10,SHADE,0,8227355756317671617,200000,200000,1800.1209101827994,0.12091018279943455,0.12091018279943455,1.1100016029959079
E2_cec2022_competition,cec2022,6,10,SHADE,1,2631945320095282123,200000,200000,1800.4927581598558,0.49275815985583904,0.49275815985583904,1.387511776003521
E2_cec2022_competition,cec2022,6,10,SHADE,2,4016309673190361951,200000,200000,1800.1197194939966,0.11971949399662662,0.11971949399662662,1.4097852919949219
E2_cec2022_competition,cec2022,6,10,SHADE,3,795033966145449306,200000,200000,1800.2327907357846,0.23279073578464704,0.23279073578464704,1.381892956997035
E2_cec2022_competition,cec2022,6,10,SHADE,4,4444159797955360634,200000,200000,1800.1764088334771,0.17640883347712588,0.17640883347712588,1.427269055013312
E2_cec2022_competition,cec2022,6,10,SHADE,5,7899140515548566372,200000,200000,1800.1841810237775,0.18418102377745527,0.18418102377745527,1.3787602309894282
E2_cec2022_competition,cec2022,6,10,SHADE,6,4705263627442281891,200000,200000,1800.3018273254165,0.3018273254165251,0.3018273254165251,1.4094820330210496
E2_cec2022_competition,cec2022,6,10,SHADE,7,7285034156874485062,200000,200000,1800.0802991051708,0.08029910517075223,0.08029910517075223,1.382904824014986
E2_cec2022_competition,cec2022,6,10,SHADE,8,1549903649118178809,200000,200000,1800.400753527612,0.40075352761209615,0.40075352761209615,1.414066601981176
E2_cec2022_competition,cec2022,6,10,SHADE,9,5055382488331753673,200000,200000,1800.0232336671115,0.0232336671115263,0.0232336671115263,1.4339688910113182
E2_cec2022_competition,cec2022,6,10,SHADE,10,6860093978169492616,200000,200000,1800.1605550909326,0.1605550909325757,0.1605550909325757,1.3973860650148708
E2_cec2022_competition,cec2022,6,10,SHADE,11,8421687121088928352,200000,200000,1800.029062099681,0.02906209968091389,0.02906209968091389,1.4183186670124996
E2_cec2022_competition,cec2022,6,10,SHADE,12,3153157447239182999,200000,200000,1800.03561906031,0.035619060309954875,0.035619060309954875,1.3992533879936673
E2_cec2022_competition,cec2022,6,10,SHADE,13,6811397642111702253,200000,200000,1800.1361851121421,0.13618511214212958,0.13618511214212958,1.3995541619951837
E2_cec2022_competition,cec2022,6,10,SHADE,14,3435649439166380238,200000,200000,1800.020015637601,0.02001563760109093,0.02001563760109093,1.3758649899973534
E2_cec2022_competition,cec2022,6,10,SHADE,15,8078771172928481099,200000,200000,1800.1939131504582,0.1939131504582292,0.1939131504582292,1.4211724899942055
E2_cec2022_competition,cec2022,6,10,SHADE,16,6847065469060748934,200000,200000,1800.2963074603156,0.29630746031557464,0.29630746031557464,1.3751246919855475
E2_cec2022_competition,cec2022,6,10,SHADE,17,8663861849314091577,200000,200000,1800.4190664020944,0.41906640209435864,0.41906640209435864,1.4043373430031352
E2_cec2022_competition,cec2022,6,10,SHADE,18,867089390067493792,200000,200000,1800.4932587915869,0.49325879158686803,0.49325879158686803,1.3677322769945022
E2_cec2022_competition,cec2022,6,10,SHADE,19,3856529956318307602,200000,200000,1800.3207170900776,0.3207170900775509,0.3207170900775509,1.3659922530059703
E2_cec2022_competition,cec2022,6,10,SHADE,20,8731417378424288658,200000,200000,1800.4665418955985,0.46654189559853876,0.46654189559853876,1.3792136919801123
E2_cec2022_competition,cec2022,6,10,SHADE,21,7505602642637693932,200000,200000,1800.065171798886,0.06517179888601277,0.06517179888601277,1.3869301640079357
E2_cec2022_competition,cec2022,6,10,SHADE,22,3065689023657405635,200000,200000,1800.4355397798288,0.4355397798287868,0.4355397798287868,1.4004776850051712
E2_cec2022_competition,cec2022,6,10,SHADE,23,3378858850554675309,200000,200000,1800.0155349860347,0.015534986034708709,0.015534986034708709,1.3938962999964133
E2_cec2022_competition,cec2022,6,10,SHADE,24,3626920056255902550,200000,200000,1800.0722106581727,0.07221065817270755,0.07221065817270755,1.4187844109837897
E2_cec2022_competition,cec2022,6,10,SHADE,25,5721780231570323801,200000,200000,1800.1765082636114,0.1765082636113675,0.1765082636113675,1.384457776992349
E2_cec2022_competition,cec2022,6,10,SHADE,26,2506259315847294902,200000,200000,1800.236810597087,0.23681059708701468,0.23681059708701468,1.39818220899906
E2_cec2022_competition,cec2022,6,10,SHADE,27,2405397799172305925,200000,200000,1800.3472786772538,0.34727867725382566,0.34727867725382566,1.3558466940012295
E2_cec2022_competition,cec2022,6,10,SHADE,28,7520360922413638246,200000,200000,1800.4459388748814,0.445938874881449,0.445938874881449,1.3980085930088535
E2_cec2022_competition,cec2022,6,10,SHADE,29,2189740793955630151,200000,200000,1800.1057669772135,0.10576697721353412,0.10576697721353412,1.4033459939819295
E2_cec2022_competition,cec2022,1,10,LSHADE,0,6419348313220557783,200000,200000,300.0,0.0,0.0,1.2370987989997957
E2_cec2022_competition,cec2022,1,10,LSHADE,1,5451851738536249925,200000,200000,300.0,0.0,0.0,1.8566238879866432
E2_cec2022_competition,cec2022,1,10,LSHADE,2,7154325824038422212,200000,200000,300.0,0.0,0.0,1.481650884001283
E2_cec2022_competition,cec2022,1,10,LSHADE,3,6840393181064011898,200000,200000,300.0,0.0,0.0,2.0218899530009367
E2_cec2022_competition,cec2022,1,10,LSHADE,4,5046698176315250940,200000,200000,300.0,0.0,0.0,2.0291972190025263
E2_cec2022_competition,cec2022,1,10,LSHADE,5,6510539086854057275,200000,200000,300.0,0.0,0.0,2.0354978760005906
E2_cec2022_competition,cec2022,1,10,LSHADE,6,6706502079869817464,200000,200000,300.0,0.0,0.0,1.6581432959937956
E2_cec2022_competition,cec2022,1,10,LSHADE,7,7078492971395398819,200000,200000,300.0,0.0,0.0,1.8042634809971787
E2_cec2022_competition,cec2022,1,10,LSHADE,8,1203105135425997433,200000,200000,300.0,0.0,0.0,1.4841738859831821
E2_cec2022_competition,cec2022,1,10,LSHADE,9,7019918536747866230,200000,200000,300.0,0.0,0.0,1.2463270770094823
E2_cec2022_competition,cec2022,1,10,LSHADE,10,2621048353158390066,200000,200000,300.0,0.0,0.0,1.2060712029924616
E2_cec2022_competition,cec2022,1,10,LSHADE,11,6801472428625650694,200000,200000,300.0,0.0,0.0,1.1924399160197936
E2_cec2022_competition,cec2022,1,10,LSHADE,12,2477045810328453353,200000,200000,300.0,0.0,0.0,1.2366567600111011
E2_cec2022_competition,cec2022,1,10,LSHADE,13,7571203708422347310,200000,200000,300.0,0.0,0.0,1.2008821300114505
E2_cec2022_competition,cec2022,1,10,LSHADE,14,5257523611573590232,200000,200000,300.0,0.0,0.0,1.1906968670082279
E2_cec2022_competition,cec2022,1,10,LSHADE,15,1963461153279488089,200000,200000,300.0,0.0,0.0,1.2393638580106199
E2_cec2022_competition,cec2022,1,10,LSHADE,16,6298585543377130111,200000,200000,300.0,0.0,0.0,1.2095446279854514
E2_cec2022_competition,cec2022,1,10,LSHADE,17,5305493146473110127,200000,200000,300.0,0.0,0.0,1.174399278999772
E2_cec2022_competition,cec2022,1,10,LSHADE,18,5803696123772112437,200000,200000,300.0,0.0,0.0,1.1884964700147975
E2_cec2022_competition,cec2022,1,10,LSHADE,19,2862268960670877227,200000,200000,300.0,0.0,0.0,1.1730539859854616
E2_cec2022_competition,cec2022,1,10,LSHADE,20,7040850992872005005,200000,200000,300.0,0.0,0.0,1.1772075860062614
E2_cec2022_competition,cec2022,1,10,LSHADE,21,3212787503750830341,200000,200000,300.0,0.0,0.0,1.1733981110155582
E2_cec2022_competition,cec2022,1,10,LSHADE,22,6418128357325284084,200000,200000,300.0,0.0,0.0,1.1740591709967703
E2_cec2022_competition,cec2022,1,10,LSHADE,23,4286377107110352345,200000,200000,300.0,0.0,0.0,1.177241489989683
E2_cec2022_competition,cec2022,1,10,LSHADE,24,7156744495275054796,200000,200000,300.0,0.0,0.0,1.1657909230270889
E2_cec2022_competition,cec2022,1,10,LSHADE,25,4604800265155287227,200000,200000,300.0,0.0,0.0,1.1989171050081495
E2_cec2022_competition,cec2022,1,10,LSHADE,26,3131598116867545605,200000,200000,300.0,0.0,0.0,1.1865794440091122
E2_cec2022_competition,cec2022,1,10,LSHADE,27,3083019715003712968,200000,200000,300.0,0.0,0.0,1.2309211120009422
E2_cec2022_competition,cec2022,1,10,LSHADE,28,3979905305012753952,200000,200000,300.0,0.0,0.0,1.565778855001554
E2_cec2022_competition,cec2022,1,10,LSHADE,29,7577324315763357535,200000,200000,300.0,0.0,0.0,1.9637753029819578
E2_cec2022_competition,cec2022,3,10,SHADE,0,3876021742656048076,200000,200000,600.0,0.0,0.0,1.4987057920079678
E2_cec2022_competition,cec2022,3,10,SHADE,1,6440203192118738891,200000,200000,600.0,0.0,0.0,1.4769241879985202
E2_cec2022_competition,cec2022,3,10,SHADE,2,8253536611246238548,200000,200000,600.0,0.0,0.0,1.4909358290024102
E2_cec2022_competition,cec2022,3,10,SHADE,3,6932138684745547774,200000,200000,600.0,0.0,0.0,1.4910354250168893
E2_cec2022_competition,cec2022,3,10,SHADE,4,3105534388792868279,200000,200000,600.0,0.0,0.0,1.4783817220013589
E2_cec2022_competition,cec2022,3,10,SHADE,5,3701292091716776492,200000,200000,600.0,0.0,0.0,1.4913654440024402
E2_cec2022_competition,cec2022,3,10,SHADE,6,8677887595425487687,200000,200000,600.0,0.0,0.0,1.4789393479877617
E2_cec2022_competition,cec2022,3,10,SHADE,7,5534795887806527316,200000,200000,600.0,0.0,0.0,1.4804064199852291
E2_cec2022_competition,cec2022,3,10,SHADE,8,6053353547984533566,200000,200000,600.0,0.0,0.0,1.4787440419895574
E2_cec2022_competition,cec2022,3,10,SHADE,9,3042850526772422304,200000,200000,600.0,0.0,0.0,1.480677437997656
E2_cec2022_competition,cec2022,3,10,SHADE,10,3670612745544266520,200000,200000,600.0,0.0,0.0,1.473849801986944
E2_cec2022_competition,cec2022,3,10,SHADE,11,6393181433495943826,200000,200000,600.0,0.0,0.0,1.4847329850017559
E2_cec2022_competition,cec2022,3,10,SHADE,12,6791203509027686818,200000,200000,600.0,0.0,0.0,1.4824997360119596
E2_cec2022_competition,cec2022,3,10,SHADE,13,3696861388670910982,200000,200000,600.0,0.0,0.0,1.4756485959806014
E2_cec2022_competition,cec2022,3,10,SHADE,14,1450226956102032190,200000,200000,600.0,0.0,0.0,1.4795110500126611
E2_cec2022_competition,cec2022,3,10,SHADE,15,5630669584636685399,200000,200000,600.0,0.0,0.0,1.5006328569725156
E2_cec2022_competition,cec2022,3,10,SHADE,16,438747830535569145,200000,200000,600.0,0.0,0.0,1.4777995810145512
E2_cec2022_competition,cec2022,3,10,SHADE,17,781190413327601134,200000,200000,600.0,0.0,0.0,1.4723376859910786
E2_cec2022_competition,cec2022,3,10,SHADE,18,5871713507474065864,200000,200000,600.0,0.0,0.0,1.4767578759929165
E2_cec2022_competition,cec2022,3,10,SHADE,19,5011487951597277187,200000,200000,600.0,0.0,0.0,1.4876148200128227
E2_cec2022_competition,cec2022,3,10,SHADE,20,1291226328086601262,200000,200000,600.0,0.0,0.0,1.4770290050073527
E2_cec2022_competition,cec2022,3,10,SHADE,21,5317939643420658359,200000,200000,600.0,0.0,0.0,1.4789526329841465
E2_cec2022_competition,cec2022,3,10,SHADE,22,6777781029073220635,200000,200000,600.0,0.0,0.0,1.4893991870048922
E2_cec2022_competition,cec2022,3,10,SHADE,23,4534811878112708885,200000,200000,600.0,0.0,0.0,1.5006323760026135
E2_cec2022_competition,cec2022,3,10,SHADE,24,3154166324308226756,200000,200000,600.0,0.0,0.0,1.480736227997113
E2_cec2022_competition,cec2022,3,10,SHADE,25,1069558101915611973,200000,200000,600.0,0.0,0.0,1.4784694370173384
E2_cec2022_competition,cec2022,3,10,SHADE,26,980296500601681370,200000,200000,600.0,0.0,0.0,1.49020319498959
E2_cec2022_competition,cec2022,3,10,SHADE,27,4209435884272144730,200000,200000,600.0,0.0,0.0,1.495966214017244
E2_cec2022_competition,cec2022,3,10,SHADE,28,1762803400388266064,200000,200000,600.0,0.0,0.0,1.480384377995506
E2_cec2022_competition,cec2022,3,10,SHADE,29,3853066286821961710,200000,200000,600.0,0.0,0.0,1.4817440990009345
E2_cec2022_competition,cec2022,7,10,DE,0,3833663344953131295,200000,200000,2000.0,0.0,0.0,1.5737664570042398
E2_cec2022_competition,cec2022,7,10,DE,1,1271154609114047138,200000,200000,2000.0,0.0,0.0,1.2780705970071722
E2_cec2022_competition,cec2022,7,10,DE,2,9162954700598568455,200000,200000,2000.0,0.0,0.0,1.5004461070057005
E2_cec2022_competition,cec2022,7,10,DE,3,6822732260493951517,200000,200000,2000.0,0.0,0.0,1.5473312539979815
E2_cec2022_competition,cec2022,7,10,DE,4,6094793242901677950,200000,200000,2000.0,0.0,0.0,1.5423901879985351
E2_cec2022_competition,cec2022,7,10,DE,5,3790350033609714937,200000,200000,2000.0,0.0,0.0,1.5377940170001239
E2_cec2022_competition,cec2022,7,10,DE,6,471747109927440932,200000,200000,2000.0000000000002,0.0,2.2737367544323206e-13,1.5570137859904207
E2_cec2022_competition,cec2022,7,10,DE,7,8120969830211245486,200000,200000,2000.0,0.0,0.0,1.5424541470129043
E2_cec2022_competition,cec2022,7,10,DE,8,9094380114579418550,200000,200000,2000.6240993205097,0.6240993205096856,0.6240993205096856,1.5520123149908613
E2_cec2022_competition,cec2022,7,10,DE,9,8076052375904143677,200000,200000,2000.0,0.0,0.0,1.545759005995933
E2_cec2022_competition,cec2022,7,10,DE,10,8629852685965696388,200000,200000,2000.6240993205097,0.6240993205096856,0.6240993205096856,1.559734609007137
E2_cec2022_competition,cec2022,7,10,DE,11,1533480033622195408,200000,200000,2000.0,0.0,0.0,1.5486020279931836
E2_cec2022_competition,cec2022,7,10,DE,12,3478085054479903904,200000,200000,2000.0,0.0,0.0,1.5585644739912823
E2_cec2022_competition,cec2022,7,10,DE,13,5574124675590724637,200000,200000,2000.0,0.0,0.0,1.5537978039938025
E2_cec2022_competition,cec2022,7,10,DE,14,7403799498342045607,200000,200000,2000.0,0.0,0.0,1.5556951529870275
E2_cec2022_competition,cec2022,7,10,DE,15,1029291988973514967,200000,200000,2000.0,0.0,0.0,1.5503974260063842
E2_cec2022_competition,cec2022,7,10,DE,16,7287394831681557159,200000,200000,2000.0000000000166,0.0,1.659827830735594e-11,1.5511970949883107
E2_cec2022_competition,cec2022,7,10,DE,17,8648185073294453191,200000,200000,2000.0,0.0,0.0,1.5486613099928945
E2_cec2022_competition,cec2022,7,10,DE,18,3032600872117948850,200000,200000,2000.6240993205097,0.6240993205096856,0.6240993205096856,1.5585251699958462
E2_cec2022_competition,cec2022,7,10,DE,19,1770945357841136954,200000,200000,2000.0,0.0,0.0,1.549753398023313
E2_cec2022_competition,cec2022,7,10,DE,20,6704762726095205266,200000,200000,2000.0,0.0,0.0,1.5431465659930836
E2_cec2022_competition,cec2022,7,10,DE,21,9112551622343843903,200000,200000,2000.0,0.0,0.0,1.5453231090214103
E2_cec2022_competition,cec2022,7,10,DE,22,4965839059383226576,200000,200000,2000.0000000000002,0.0,2.2737367544323206e-13,1.5514932920050342
E2_cec2022_competition,cec2022,7,10,DE,23,7861122645035987128,200000,200000,2000.0,0.0,0.0,1.5494290689821355
E2_cec2022_competition,cec2022,7,10,DE,24,2375948945887214279,200000,200000,2000.0000000000007,0.0,6.821210263296962e-13,1.5539325760037173
E2_cec2022_competition,cec2022,7,10,DE,25,4846769995769572608,200000,200000,2000.0,0.0,0.0,1.5465025599987712
E2_cec2022_competition,cec2022,7,10,DE,26,8698072344354247283,200000,200000,2000.6240993205097,0.6240993205096856,0.6240993205096856,1.5501427479903214
E2_cec2022_competition,cec2022,7,10,DE,27,1122791913506870994,200000,200000,2000.0,0.0,0.0,1.5348398659843951
E2_cec2022_competition,cec2022,7,10,DE,28,2256606788306452757,200000,200000,2000.0,0.0,0.0,1.5423047369986307
E2_cec2022_competition,cec2022,7,10,DE,29,7880285281103082972,200000,200000,2000.0,0.0,0.0,1.5395847259787843
E2_cec2022_competition,cec2022,7,10,SHADE,0,826114902433040062,200000,200000,2000.0000132283528,1.3228352827354684e-05,1.3228352827354684e-05,1.3654927870084066
E2_cec2022_competition,cec2022,7,10,SHADE,1,3279680223009420020,200000,200000,2000.0000116082977,1.160829765467497e-05,1.160829765467497e-05,1.2991900980123319
E2_cec2022_competition,cec2022,7,10,SHADE,2,6252995979558759599,200000,200000,2000.0000132390142,1.3239014151622541e-05,1.3239014151622541e-05,1.3047794419981074
E2_cec2022_competition,cec2022,7,10,SHADE,3,4869886558285649922,200000,200000,2000.0000053101958,5.310195774654858e-06,5.310195774654858e-06,1.2673825600068085
E2_cec2022_competition,cec2022,7,10,SHADE,4,1871741289129444302,200000,200000,2000.0000153358608,1.5335860780396615e-05,1.5335860780396615e-05,1.2607663800008595
E2_cec2022_competition,cec2022,7,10,SHADE,5,3165164204829376776,200000,200000,2000.0000279866183,2.7986618306385935e-05,2.7986618306385935e-05,1.2696001190051902
E2_cec2022_competition,cec2022,7,10,SHADE,6,1939373699359937658,200000,200000,2000.0000097747586,9.774758609637502e-06,9.774758609637502e-06,1.3816335099982098
E2_cec2022_competition,cec2022,7,10,SHADE,7,7926675557426777222,200000,200000,2000.0000106104883,1.0610488288875786e-05,1.0610488288875786e-05,1.6735827039810829
E2_cec2022_competition,cec2022,7,10,SHADE,8,3243746137563539593,200000,200000,2000.000006151272,6.151271918497514e-06,6.151271918497514e-06,1.7772044480079785
E2_cec2022_competition,cec2022,7,10,SHADE,9,8788945608250989855,200000,200000,2000.0000080669013,8.066901273195981e-06,8.066901273195981e-06,1.9458999760099687
E2_cec2022_competition,cec2022,7,10,SHADE,10,4910223991857297163,200000,200000,2000.000013876586,1.387658608109632e-05,1.387658608109632e-05,1.5441911059897393
E2_cec2022_competition,cec2022,7,10,SHADE,11,8898025193647682560,200000,200000,2000.0000339467488,3.394674877199577e-05,3.394674877199577e-05,1.9387692820164375
E2_cec2022_competition,cec2022,7,10,SHADE,12,3157950543779640609,200000,200000,2000.0000271257547,2.7125754741064156e-05,2.7125754741064156e-05,1.9555764050164726
E2_cec2022_competition,cec2022,7,10,SHADE,13,2510759675383184029,200000,200000,2000.0000096769697,9.676969739302876e-06,9.676969739302876e-06,1.696260358003201
E2_cec2022_competition,cec2022,7,10,SHADE,14,4216442444118288040,200000,200000,2000.0000038158657,3.815865738943103e-06,3.815865738943103e-06,1.290521108021494
E2_cec2022_competition,cec2022,7,10,SHADE,15,5789493326157021053,200000,200000,2000.00000691242,6.912420076332637e-06,6.912420076332637e-06,1.3013321160105988
E2_cec2022_competition,cec2022,7,10,SHADE,16,7751406151500234238,200000,200000,2000.0000214104527,2.1410452745840303e-05,2.1410452745840303e-05,1.3028408550017048
E2_cec2022_competition,cec2022,7,10,SHADE,17,5573533033367327085,200000,200000,2000.0000142036367,1.4203636737875058e-05,1.4203636737875058e-05,1.9138311869755853
E2_cec2022_competition,cec2022,7,10,SHADE,18,2407137520499554408,200000,200000,2000.000013352035,1.3352035011848784e-05,1.3352035011848784e-05,1.9126268990221433
E2_cec2022_competition,cec2022,7,10,SHADE,19,8470630332238669240,200000,200000,2000.0000036507984,3.650798362286878e-06,3.650798362286878e-06,1.5643574200221337
E2_cec2022_competition,cec2022,7,10,SHADE,20,6752888012247393033,200000,200000,2000.0000181536445,1.8153644532503677e-05,1.8153644532503677e-05,1.2869280290033203
E2_cec2022_competition,cec2022,7,10,SHADE,21,602134086173766250,200000,200000,2000.0000178680593,1.7868059330794495e-05,1.7868059330794495e-05,1.325999321998097
E2_cec2022_competition,cec2022,7,10,SHADE,22,2551950584387746439,200000,200000,2000.0000090467358,9.046735840456677e-06,9.046735840456677e-06,1.4615372990083415
E2_cec2022_competition,cec2022,7,10,SHADE,23,3813950036180303867,200000,200000,2000.0000021431947,2.1431947061500978e-06,2.1431947061500978e-06,1.96341143999598
E2_cec2022_competition,cec2022,7,10,SHADE,24,4483136114299956457,200000,200000,2000.000009525256,9.525256018605432e-06,9.525256018605432e-06,1.9578197630180512
E2_cec2022_competition,cec2022,7,10,SHADE,25,7528341658543469232,200000,200000,2000.000007430644,7.430644018313615e-06,7.430644018313615e-06,1.9483344919863157
E2_cec2022_competition,cec2022,7,10,SHADE,26,397918908745582873,200000,200000,2000.0000100634913,1.0063491345135844e-05,1.0063491345135844e-05,1.9510132059804164
E2_cec2022_competition,cec2022,7,10,SHADE,27,2485105706449394858,200000,200000,2000.0000070364758,7.036475835775491e-06,7.036475835775491e-06,1.9440377430000808
E2_cec2022_competition,cec2022,7,10,SHADE,28,5327400954942095699,200000,200000,2000.0000147114677,1.4711467656525201e-05,1.4711467656525201e-05,1.9400647510192357
E2_cec2022_competition,cec2022,7,10,SHADE,29,5558043847584708709,200000,200000,2000.0000080106029,8.01060286903521e-06,8.01060286903521e-06,1.9738961959956214
E2_cec2022_competition,cec2022,5,10,LSHADE,0,3923878259193687406,200000,200000,900.0,0.0,0.0,2.002472432999639
E2_cec2022_competition,cec2022,5,10,LSHADE,1,8344748816296737234,200000,200000,900.0,0.0,0.0,1.970728134008823
E2_cec2022_competition,cec2022,5,10,LSHADE,2,1645237855596053138,200000,200000,900.0,0.0,0.0,1.9685706270101946
E2_cec2022_competition,cec2022,5,10,LSHADE,3,991643743400257245,200000,200000,900.0,0.0,0.0,1.9721373970096465
E2_cec2022_competition,cec2022,5,10,LSHADE,4,2779111191692303824,200000,200000,900.0,0.0,0.0,1.9847939460014459
E2_cec2022_competition,cec2022,5,10,LSHADE,5,7182429503065841857,200000,200000,900.0,0.0,0.0,1.9715435029938817
E2_cec2022_competition,cec2022,5,10,LSHADE,6,9077224690594606452,200000,200000,900.0,0.0,0.0,1.9846272230206523
E2_cec2022_competition,cec2022,5,10,LSHADE,7,8546091022562162977,200000,200000,900.0,0.0,0.0,1.97994421000476
E2_cec2022_competition,cec2022,5,10,LSHADE,8,957800328124091887,200000,200000,900.0,0.0,0.0,1.9676580259983893
E2_cec2022_competition,cec2022,5,10,LSHADE,9,3468996076983483808,200000,200000,900.0,0.0,0.0,1.9840516439871863
E2_cec2022_competition,cec2022,5,10,LSHADE,10,2092000674586536096,200000,200000,900.0,0.0,0.0,1.9744343849888537
E2_cec2022_competition,cec2022,5,10,LSHADE,11,808666791747388086,200000,200000,900.0,0.0,0.0,1.9980447389825713
E2_cec2022_competition,cec2022,5,10,LSHADE,12,6241706116045771216,200000,200000,900.0,0.0,0.0,1.9893183120002504
E2_cec2022_competition,cec2022,5,10,LSHADE,13,7835275044603902811,200000,200000,900.0,0.0,0.0,1.9822575389989652
E2_cec2022_competition,cec2022,5,10,LSHADE,14,1929458996954276358,200000,200000,900.0,0.0,0.0,1.9696462240244728
E2_cec2022_competition,cec2022,5,10,LSHADE,15,2602359067446710478,200000,200000,900.0,0.0,0.0,1.973005915991962
E2_cec2022_competition,cec2022,5,10,LSHADE,16,6102656172286147490,200000,200000,900.0,0.0,0.0,1.9745112289965618
E2_cec2022_competition,cec2022,5,10,LSHADE,17,4214360670392762440,200000,200000,900.0,0.0,0.0,1.9622998359845951
E2_cec2022_competition,cec2022,5,10,LSHADE,18,6393533700038917192,200000,200000,900.0,0.0,0.0,1.998598407022655
E2_cec2022_competition,cec2022,5,10,LSHADE,19,664972034936538052,200000,200000,900.0,0.0,0.0,2.011694831016939
E2_cec2022_competition,cec2022,5,10,LSHADE,20,6853330238118209895,200000,200000,900.0,0.0,0.0,1.9637268719961867
E2_cec2022_competition,cec2022,5,10,LSHADE,21,4433345351552008956,200000,200000,900.0,0.0,0.0,2.002100155019434
E2_cec2022_competition,cec2022,5,10,LSHADE,22,6260783490361498300,200000,200000,900.0,0.0,0.0,1.9998033180017956
E2_cec2022_competition,cec2022,5,10,LSHADE,23,5314343521394610510,200000,200000,900.0,0.0,0.0,2.1116240700066555
E2_cec2022_competition,cec2022,5,10,LSHADE,24,7307267713331991374,200000,200000,900.0,0.0,0.0,1.2951349130016752
E2_cec2022_competition,cec2022,5,10,LSHADE,25,5116779194610546751,200000,200000,900.0,0.0,0.0,1.2698543959995732
E2_cec2022_competition,cec2022,5,10,LSHADE,26,5180292508943807467,200000,200000,900.0,0.0,0.0,1.2713557019887958
E2_cec2022_competition,cec2022,5,10,LSHADE,27,4297499802871519664,200000,200000,900.0,0.0,0.0,1.5801357440068386
E2_cec2022_competition,cec2022,5,10,LSHADE,28,8596207515210219917,200000,200000,900.0,0.0,0.0,1.970765805017436
E2_cec2022_competition,cec2022,5,10,LSHADE,29,8182395360521153359,200000,200000,900.0,0.0,0.0,1.8651762389927171
E2_cec2022_competition,cec2022,2,10,LSHADE,0,6310686009533859117,200000,200000,403.98657911234716,3.986579112347158,3.986579112347158,2.019890072988346
E2_cec2022_competition,cec2022,2,10,LSHADE,1,7343352636464889147,200000,200000,403.98657911234716,3.986579112347158,3.986579112347158,1.1606967080151662
E2_cec2022_competition,cec2022,2,10,LSHADE,2,7886898119639011358,200000,200000,403.98657911234716,3.986579112347158,3.986579112347158,1.2530749129946344
E2_cec2022_competition,cec2022,2,10,LSHADE,3,5946890486755240108,200000,200000,403.98657911234716,3.986579112347158,3.986579112347158,1.5246409969986416
E2_cec2022_competition,cec2022,2,10,LSHADE,4,5541129500169066306,200000,200000,403.98657911234716,3.986579112347158,3.986579112347158,2.017445206991397
E2_cec2022_competition,cec2022,2,10,LSHADE,5,7779299853087900501,200000,200000,403.98657911234716,3.986579112347158,3.986579112347158,2.0273824559990317
E2_cec2022_competition,cec2022,2,10,LSHADE,6,456875443108638997,200000,200000,403.98657911234716,3.986579112347158,3.986579112347158,1.9871184560179245
E2_cec2022_competition,cec2022,2,10,LSHADE,7,774695126848352948,200000,200000,403.98657911234716,3.986579112347158,3.986579112347158,1.9779924390022643
E2_cec2022_competition,cec2022,2,10,LSHADE,8,4393699933439080774,200000,200000,403.98657911234716,3.986579112347158,3.986579112347158,2.082651919015916
E2_cec2022_competition,cec2022,2,10,LSHADE,9,8650351543286741690,200000,200000,403.98657911234716,3.986579112347158,3.986579112347158,2.079995035979664
E2_cec2022_competition,cec2022,2,10,LSHADE,10,4709562672916894065,200000,200000,403.98657911234716,3.986579112347158,3.986579112347158,2.0595450900145806
E2_cec2022_competition,cec2022,2,10,LSHADE,11,3103475418537766934,200000,200000,403.98657911234716,3.986579112347158,3.986579112347158,2.0664399419911206
E2_cec2022_competition,cec2022,2,10,LSHADE,12,4270561709823367713,200000,200000,403.98657911234716,3.986579112347158,3.986579112347158,2.0507441029767506
E2_cec2022_competition,cec2022,2,10,LSHADE,13,2052918571582264594,200000,200000,403.98657911234716,3.986579112347158,3.986579112347158,2.039789186004782
E2_cec2022_competition,cec2022,2,10,LSHADE,14,9077561912290369602,200000,200000,403.98657911234716,3.986579112347158,3.986579112347158,2.035565192985814
E2_cec2022_competition,cec2022,2,10,LSHADE,15,2295270565748169037,200000,200000,403.98657911234716,3.986579112347158,3.986579112347158,2.0582850869977847
E2_cec2022_competition,cec2022,2,10,LSHADE,16,4998751189266339666,200000,200000,403.98657911234716,3.986579112347158,3.986579112347158,2.0739216640067752
E2_cec2022_competition,cec2022,2,10,LSHADE,17,4763569685285042241,200000,200000,403.98657911234716,3.986579112347158,3.986579112347158,2.052718316001119
E2_cec2022_competition,cec2022,2,10,LSHADE,18,2053551326552582450,200000,200000,403.98657911234716,3.986579112347158,3.986579112347158,1.6000711039814632
E2_cec2022_competition,cec2022,2,10,LSHADE,19,6408734449207056088,200000,200000,403.98657911234716,3.986579112347158,3.986579112347158,1.8831715710111894
E2_cec2022_competition,cec2022,2,10,LSHADE,20,7589852603693667730,200000,200000,408.9161019277813,8.916101927781312,8.916101927781312,1.8645637609879486
E2_cec2022_competition,cec2022,2,10,LSHADE,21,2079530019646679114,200000,200000,408.9161019277813,8.916101927781312,8.916101927781312,1.9542757759918459
E2_cec2022_competition,cec2022,2,10,LSHADE,22,3975657736513854827,200000,200000,403.98657911234716,3.986579112347158,3.986579112347158,1.8872467150213197
E2_cec2022_competition,cec2022,2,10,LSHADE,23,4118745736579524622,200000,200000,403.98657911234716,3.986579112347158,3.986579112347158,2.0013718389964197
E2_cec2022_competition,cec2022,2,10,LSHADE,24,6454726744974531227,200000,200000,403.98657911234716,3.986579112347158,3.986579112347158,1.9901294230076019
E2_cec2022_competition,cec2022,2,10,LSHADE,25,4958398482978025840,200000,200000,403.98657911234716,3.986579112347158,3.986579112347158,2.0236000010045245
E2_cec2022_competition,cec2022,2,10,LSHADE,26,4530624413829241314,200000,200000,403.98657911234716,3.986579112347158,3.986579112347158,2.0239694339979906
E2_cec2022_competition,cec2022,2,10,LSHADE,27,1959089069525905148,200000,200000,403.98657911234716,3.986579112347158,3.986579112347158,1.982198267010972
E2_cec2022_competition,cec2022,2,10,LSHADE,28,5915671869218276895,200000,200000,403.98657911234716,3.986579112347158,3.986579112347158,2.016297284018947
E2_cec2022_competition,cec2022,2,10,LSHADE,29,6397899471451440319,200000,200000,403.98657911234716,3.986579112347158,3.986579112347158,1.9817564190016128
E2_cec2022_competition,cec2022,2,10,jSO,0,6029269818193390030,200000,200000,403.98657911234716,3.986579112347158,3.986579112347158,2.2106272319797426
E2_cec2022_competition,cec2022,2,10,jSO,1,9152281716890353283,200000,200000,403.98657911234716,3.986579112347158,3.986579112347158,2.2129942110041156
E2_cec2022_competition,cec2022,2,10,jSO,2,5848118383361960505,200000,200000,403.98657911234716,3.986579112347158,3.986579112347158,2.25588396601961
E2_cec2022_competition,cec2022,2,10,jSO,3,3342491971899571075,200000,200000,403.98657911234716,3.986579112347158,3.986579112347158,2.229754125990439
E2_cec2022_competition,cec2022,2,10,jSO,4,2658908303555473886,200000,200000,408.9161019277813,8.916101927781312,8.916101927781312,2.2277160939993337
E2_cec2022_competition,cec2022,2,10,jSO,5,5227229764364715839,200000,200000,408.9161019277813,8.916101927781312,8.916101927781312,2.2354289409995545
E2_cec2022_competition,cec2022,2,10,jSO,6,5119771204473044455,200000,200000,408.9161019277813,8.916101927781312,8.916101927781312,2.197228131000884
E2_cec2022_competition,cec2022,2,10,jSO,7,5728462124794529676,200000,200000,403.98657911234716,3.986579112347158,3.986579112347158,1.8283927680167835
E2_cec2022_competition,cec2022,2,10,jSO,8,4604599874757131145,200000,200000,403.98657911234716,3.986579112347158,3.986579112347158,2.186995558004128
E2_cec2022_competition,cec2022,2,10,jSO,9,2805320650398027897,200000,200000,403.98657911234716,3.986579112347158,3.986579112347158,2.187011969013838
E2_cec2022_competition,cec2022,2,10,jSO,10,9046364750241700412,200000,200000,408.9161019277813,8.916101927781312,8.916101927781312,1.9247969140124042
E2_cec2022_competition,cec2022,2,10,jSO,11,3156005945743072267,200000,200000,403.98657911234716,3.986579112347158,3.986579112347158,1.7869962230033707
E2_cec2022_competition,cec2022,2,10,jSO,12,4001063606059439761,200000,200000,403.98657911234716,3.986579112347158,3.986579112347158,2.1481797540036496
E2_cec2022_competition,cec2022,2,10,jSO,13,7006251647393419953,200000,200000,403.98657911234716,3.986579112347158,3.986579112347158,2.170417863992043
E2_cec2022_competition,cec2022,2,10,jSO,14,2186596096346746501,200000,200000,408.9161019277813,8.916101927781312,8.916101927781312,2.1567424749955535
E2_cec2022_competition,cec2022,2,10,jSO,15,3642027935040221415,200000,200000,400.0,0.0,0.0,2.1561843669915106
E2_cec2022_competition,cec2022,2,10,jSO,16,324150535846513910,200000,200000,408.9161019277813,8.916101927781312,8.916101927781312,2.1685046259954106
E2_cec2022_competition,cec2022,2,10,jSO,17,8821063788497465144,200000,200000,403.98657911234716,3.986579112347158,3.986579112347158,2.1599911479861476
E2_cec2022_competition,cec2022,2,10,jSO,18,4708725508716378224,200000,200000,403.98657911234716,3.986579112347158,3.986579112347158,2.1513902360165957
E2_cec2022_competition,cec2022,2,10,jSO,19,784046821497122903,200000,200000,408.9161019277813,8.916101927781312,8.916101927781312,2.1362470329913776
E2_cec2022_competition,cec2022,2,10,jSO,20,5187161151753737026,200000,200000,403.98657911234716,3.986579112347158,3.986579112347158,2.1580898519896436
E2_cec2022_competition,cec2022,2,10,jSO,21,35153563409156212,200000,200000,403.98657911234716,3.986579112347158,3.986579112347158,1.3345326769922394
E2_cec2022_competition,cec2022,2,10,jSO,22,1663569632311798840,200000,200000,408.9161019277813,8.916101927781312,8.916101927781312,1.337896045006346
E2_cec2022_competition,cec2022,2,10,jSO,23,5681471268199346682,200000,200000,403.98657911234716,3.986579112347158,3.986579112347158,1.669124882988399
E2_cec2022_competition,cec2022,2,10,jSO,24,4908647357796779078,200000,200000,403.98657911234716,3.986579112347158,3.986579112347158,1.9039286439947318
E2_cec2022_competition,cec2022,2,10,jSO,25,3656762572104593089,200000,200000,403.98657911234716,3.986579112347158,3.986579112347158,2.0194758050201926
E2_cec2022_competition,cec2022,2,10,jSO,26,5345715907450953951,200000,200000,408.9161019277813,8.916101927781312,8.916101927781312,1.9318102289980743
E2_cec2022_competition,cec2022,2,10,jSO,27,1064736055457079719,200000,200000,403.98657911234716,3.986579112347158,3.986579112347158,1.2869588069734164
E2_cec2022_competition,cec2022,2,10,jSO,28,8095009716485599521,200000,200000,408.9161019277813,8.916101927781312,8.916101927781312,1.3004391909926198
E2_cec2022_competition,cec2022,2,10,jSO,29,8708697535979761371,200000,200000,403.98657911234716,3.986579112347158,3.986579112347158,1.2920272330229636
E2_cec2022_competition,cec2022,6,10,jSO,0,2243519032923640435,200000,200000,1800.2255108948068,0.22551089480680275,0.22551089480680275,2.4913662089966238
E2_cec2022_competition,cec2022,6,10,jSO,1,4409498439154625714,200000,200000,1800.0125918186018,0.01259181860177705,0.01259181860177705,1.9007015009992756
E2_cec2022_competition,cec2022,6,10,jSO,2,201880437252364986,200000,200000,1800.1419472867906,0.14194728679058244,0.14194728679058244,1.6192175149917603
E2_cec2022_competition,cec2022,6,10,jSO,3,938252002225918755,200000,200000,1800.4077697397697,0.4077697397697193,0.4077697397697193,1.4266647110052872
E2_cec2022_competition,cec2022,6,10,jSO,4,3043511465545610679,200000,200000,1800.4956794179645,0.4956794179645385,0.4956794179645385,1.4132693959982134
E2_cec2022_competition,cec2022,6,10,jSO,5,1348825489735352275,200000,200000,1800.3430944026252,0.34309440262518365,0.34309440262518365,1.3820471859944519
E2_cec2022_competition,cec2022,6,10,jSO,6,8040988283969189320,200000,200000,1800.0130397182631,0.013039718263144096,0.013039718263144096,1.3558614809880964
E2_cec2022_competition,cec2022,6,10,jSO,7,2346316506310368206,200000,200000,1800.1916403608889,0.1916403608888686,0.1916403608888686,1.7201097600045614
E2_cec2022_competition,cec2022,6,10,jSO,8,2891013695076113827,200000,200000,1800.1110207959173,0.11102079591728398,0.11102079591728398,2.398839183995733
E2_cec2022_competition,cec2022,6,10,jSO,9,985185857092584984,200000,200000,1800.4512853720596,0.4512853720596013,0.4512853720596013,2.2278959609975573
E2_cec2022_competition,cec2022,6,10,jSO,10,2553829252052367869,200000,200000,1800.1777330309874,0.17773303098738324,0.17773303098738324,2.254169179999735
E2_cec2022_competition,cec2022,6,10,jSO,11,3205898067948021255,200000,200000,1800.3649597783963,0.36495977839626903,0.36495977839626903,2.42504013798316
E2_cec2022_competition,cec2022,6,10,jSO,12,4459288829940984741,200000,200000,1800.1305915812245,0.13059158122450754,0.13059158122450754,2.3501253860013094
E2_cec2022_competition,cec2022,6,10,jSO,13,2297122673841977761,200000,200000,1800.322994700078,0.32299470007797026,0.32299470007797026,2.34689550800249
E2_cec2022_competition,cec2022,6,10,jSO,14,8638057460411649125,200000,200000,1800.0325256603944,0.032525660394412625,0.032525660394412625,2.4223278000135906
E2_cec2022_competition,cec2022,6,10,jSO,15,7709411945685248497,200000,200000,1800.366879453612,0.36687945361200036,0.36687945361200036,2.4229534439800773
E2_cec2022_competition,cec2022,6,10,jSO,16,6813397564643272040,200000,200000,1800.0472721397164,0.047272139716369566,0.047272139716369566,2.415894764009863
E2_cec2022_competition,cec2022,6,10,jSO,17,5380125528688834954,200000,200000,1800.3078536227938,0.30785362279380024,0.30785362279380024,2.3436623939778656
E2_cec2022_competition,cec2022,6,10,jSO,18,2189986661214264290,200000,200000,1800.1382800472234,0.13828004722336118,0.13828004722336118,2.277335260005202
E2_cec2022_competition,cec2022,6,10,jSO,19,3648608063950343471,200000,200000,1800.3863650245357,0.38636502453573485,0.38636502453573485,1.3946949380042497
E2_cec2022_competition,cec2022,6,10,jSO,20,6282162397583966328,200000,200000,1800.1607331827522,0.16073318275221027,0.16073318275221027,1.4455483499914408
E2_cec2022_competition,cec2022,6,10,jSO,21,1511209014078838501,200000,200000,1800.113123068039,0.1131230680389308,0.1131230680389308,1.8828747649968136
E2_cec2022_competition,cec2022,6,10,jSO,22,7870500639766640642,200000,200000,1800.2617093384338,0.261709338433775,0.261709338433775,1.408015092019923
E2_cec2022_competition,cec2022,6,10,jSO,23,1574012890591796132,200000,200000,1800.4834791372405,0.4834791372404652,0.4834791372404652,1.370428153022658
E2_cec2022_competition,cec2022,6,10,jSO,24,6526728582047212520,200000,200000,1800.0607650987893,0.060765098789261174,0.060765098789261174,1.9058111649937928
E2_cec2022_competition,cec2022,6,10,jSO,25,6904938413627455346,200000,200000,1800.0214299544832,0.021429954483210167,0.021429954483210167,2.433313344983617
E2_cec2022_competition,cec2022,6,10,jSO,26,8523822933527162118,200000,200000,1800.1182673097348,0.118267309734847,0.118267309734847,2.39622897899244
E2_cec2022_competition,cec2022,6,10,jSO,27,4867439588099236748,200000,200000,1800.1107263674978,0.1107263674978185,0.1107263674978185,2.3930549760116264
E2_cec2022_competition,cec2022,6,10,jSO,28,6666612065835926043,200000,200000,1800.3311207964991,0.3311207964991354,0.3311207964991354,2.3423689079936594
E2_cec2022_competition,cec2022,6,10,jSO,29,7022172733507758902,200000,200000,1800.2479578889822,0.24795788898222781,0.24795788898222781,2.4436757109942846
E2_cec2022_competition,cec2022,1,10,jSO,0,3900341451751008787,200000,200000,300.0,0.0,0.0,2.1990523120039143
E2_cec2022_competition,cec2022,1,10,jSO,1,4788186982222829646,200000,200000,300.0,0.0,0.0,2.172883227991406
E2_cec2022_competition,cec2022,1,10,jSO,2,5890816199739751678,200000,200000,300.0,0.0,0.0,2.174280188017292
E2_cec2022_competition,cec2022,1,10,jSO,3,6178045327601385968,200000,200000,300.0,0.0,0.0,2.1804115189879667
E2_cec2022_competition,cec2022,1,10,jSO,4,8672125790325370578,200000,200000,300.0,0.0,0.0,2.1762377099948935
E2_cec2022_competition,cec2022,1,10,jSO,5,3345509516997041101,200000,200000,300.0,0.0,0.0,1.8601634270162322
E2_cec2022_competition,cec2022,1,10,jSO,6,6379008774600179228,200000,200000,300.0,0.0,0.0,1.6176105419872329
E2_cec2022_competition,cec2022,1,10,jSO,7,5605640449775802360,200000,200000,300.0,0.0,0.0,1.2738407319993712
E2_cec2022_competition,cec2022,1,10,jSO,8,1142454487656525583,200000,200000,300.0,0.0,0.0,1.971457231004024
E2_cec2022_competition,cec2022,1,10,jSO,9,5524716762495260409,200000,200000,300.0,0.0,0.0,2.208827526017558
E2_cec2022_competition,cec2022,1,10,jSO,10,9040559967003281496,200000,200000,300.0,0.0,0.0,2.1905530699878
E2_cec2022_competition,cec2022,1,10,jSO,11,5825741754434844584,200000,200000,300.0,0.0,0.0,1.888955750997411
E2_cec2022_competition,cec2022,1,10,jSO,12,8873948698570093296,200000,200000,300.0,0.0,0.0,1.6441278280108236
E2_cec2022_competition,cec2022,1,10,jSO,13,7043582192051678304,200000,200000,300.0,0.0,0.0,2.148376583994832
E2_cec2022_competition,cec2022,1,10,jSO,14,5942964058595904463,200000,200000,300.0,0.0,0.0,2.1471143259841483
E2_cec2022_competition,cec2022,1,10,jSO,15,8176287026162176926,200000,200000,300.0,0.0,0.0,2.1417265009949915
E2_cec2022_competition,cec2022,1,10,jSO,16,3176703978536263922,200000,200000,300.0,0.0,0.0,2.1927157469908707
E2_cec2022_competition,cec2022,1,10,jSO,17,4143625604379649525,200000,200000,300.0,0.0,0.0,2.159439963987097
E2_cec2022_competition,cec2022,1,10,jSO,18,5524768052440679134,200000,200000,300.0,0.0,0.0,2.154180399986217
E2_cec2022_competition,cec2022,1,10,jSO,19,5730694990075394976,200000,200000,300.0,0.0,0.0,2.1650975059892517
E2_cec2022_competition,cec2022,1,10,jSO,20,6647565373250507086,200000,200000,300.0,0.0,0.0,2.0302669249940664
E2_cec2022_competition,cec2022,1,10,jSO,21,2971031966337364350,200000,200000,300.0,0.0,0.0,2.1217969299759716
E2_cec2022_competition,cec2022,1,10,jSO,22,3089933909535146940,200000,200000,300.0,0.0,0.0,2.160637669992866
E2_cec2022_competition,cec2022,1,10,jSO,23,5472163887271865784,200000,200000,300.0,0.0,0.0,2.1444786329811905
E2_cec2022_competition,cec2022,1,10,jSO,24,348071749597530482,200000,200000,300.0,0.0,0.0,2.1767411649925634
E2_cec2022_competition,cec2022,1,10,jSO,25,4274618187397954168,200000,200000,300.0,0.0,0.0,2.1446202380175237
E2_cec2022_competition,cec2022,1,10,jSO,26,1909219925841518311,200000,200000,300.0,0.0,0.0,2.121565756009659
E2_cec2022_competition,cec2022,1,10,jSO,27,2049842147803408343,200000,200000,300.0,0.0,0.0,2.1065386710106395
E2_cec2022_competition,cec2022,1,10,jSO,28,774913238715183827,200000,200000,300.0,0.0,0.0,2.0949971239897422
E2_cec2022_competition,cec2022,1,10,jSO,29,2516525523035783620,200000,200000,300.0,0.0,0.0,2.1175508760206867
E2_cec2022_competition,cec2022,3,10,jSO,0,6646051928364161073,200000,200000,600.0,0.0,0.0,2.5374803009908646
E2_cec2022_competition,cec2022,3,10,jSO,1,7472757312320257679,200000,200000,600.0,0.0,0.0,2.5586160639941227
E2_cec2022_competition,cec2022,3,10,jSO,2,4137648359268823668,200000,200000,600.0,0.0,0.0,1.6865816639910918
E2_cec2022_competition,cec2022,3,10,jSO,3,17987406893715260,200000,200000,600.0,0.0,0.0,1.5746800810156856
E2_cec2022_competition,cec2022,3,10,jSO,4,4022172615068765267,200000,200000,600.0,0.0,0.0,1.584799150004983
E2_cec2022_competition,cec2022,3,10,jSO,5,6135588742062124821,200000,200000,600.0,0.0,0.0,1.596000310004456
E2_cec2022_competition,cec2022,3,10,jSO,6,3738082131403579341,200000,200000,600.0,0.0,0.0,1.935243277985137
E2_cec2022_competition,cec2022,3,10,jSO,7,818133939243347836,200000,200000,600.0,0.0,0.0,1.6443548329989426
E2_cec2022_competition,cec2022,3,10,jSO,8,4322875336306304515,200000,200000,600.0,0.0,0.0,2.1989968770067208
E2_cec2022_competition,cec2022,3,10,jSO,9,6387612476070648092,200000,200000,600.0,0.0,0.0,2.057784096978139
E2_cec2022_competition,cec2022,3,10,jSO,10,810187297476066449,200000,200000,600.0,0.0,0.0,2.577107746998081
E2_cec2022_competition,cec2022,3,10,jSO,11,6315520817395996312,200000,200000,600.0,0.0,0.0,2.573094299994409
E2_cec2022_competition,cec2022,3,10,jSO,12,4989133177727097159,200000,200000,600.0,0.0,0.0,2.4452685580181424
E2_cec2022_competition,cec2022,3,10,jSO,13,5749575897417036459,200000,200000,600.0,0.0,0.0,1.5263730059959926
E2_cec2022_competition,cec2022,3,10,jSO,14,6548699659468756310,200000,200000,600.0,0.0,0.0,1.9801273030170705
E2_cec2022_competition,cec2022,3,10,jSO,15,5327812395873002378,200000,200000,600.0,0.0,0.0,2.5553054049960338
E2_cec2022_competition,cec2022,3,10,jSO,16,46874842329035765,200000,200000,600.0,0.0,0.0,1.5827877070114482
E2_cec2022_competition,cec2022,3,10,jSO,17,7878479105884439989,200000,200000,600.0,0.0,0.0,1.5882136450090911
E2_cec2022_competition,cec2022,3,10,jSO,18,8895946217128103979,200000,200000,600.0,0.0,0.0,1.5987791609950364
E2_cec2022_competition,cec2022,3,10,jSO,19,4374814452948488401,200000,200000,600.0,0.0,0.0,1.5960115100024268
E2_cec2022_competition,cec2022,3,10,jSO,20,2905087812135192871,200000,200000,600.0,0.0,0.0,1.593738196999766
E2_cec2022_competition,cec2022,3,10,jSO,21,7924325120490920732,200000,200000,600.0,0.0,0.0,2.0950978030159604
E2_cec2022_competition,cec2022,3,10,jSO,22,1493024259262520675,200000,200000,600.0,0.0,0.0,2.5185319920128677
E2_cec2022_competition,cec2022,3,10,jSO,23,2452607770671638885,200000,200000,600.0,0.0,0.0,2.5688308329845313
E2_cec2022_competition,cec2022,3,10,jSO,24,3054459846176931942,200000,200000,600.0,0.0,0.0,2.5698823150014505
E2_cec2022_competition,cec2022,3,10,jSO,25,7800357357167571639,200000,200000,600.0,0.0,0.0,2.5445708309998736
E2_cec2022_competition,cec2022,3,10,jSO,26,6638881325952377377,200000,200000,600.0,0.0,0.0,2.5769525560026523
E2_cec2022_competition,cec2022,3,10,jSO,27,1874354400261561800,200000,200000,600.0,0.0,0.0,2.539303370984271
E2_cec2022_competition,cec2022,3,10,jSO,28,8021452900415587646,200000,200000,600.0,0.0,0.0,2.5313583689858206
E2_cec2022_competition,cec2022,3,10,jSO,29,5047128843330166271,200000,200000,600.0,0.0,0.0,2.5433682650036644
E2_cec2022_competition,cec2022,6,10,LSHADE,0,1327198688164193583,200000,200000,1800.4901723736978,0.4901723736977601,0.4901723736977601,2.298288820980815
E2_cec2022_competition,cec2022,6,10,LSHADE,1,7246031498010085920,200000,200000,1800.1233200647996,0.1233200647996,0.1233200647996,1.6039219770173077
E2_cec2022_competition,cec2022,6,10,LSHADE,2,6772113269702874549,200000,200000,1800.4787059299326,0.47870592993263017,0.47870592993263017,1.5813643769943155
E2_cec2022_competition,cec2022,6,10,LSHADE,3,8559703831896373427,200000,200000,1800.0553237256663,0.055323725666312384,0.055323725666312384,1.3638765650102869
E2_cec2022_competition,cec2022,6,10,LSHADE,4,3573077582762586169,200000,200000,1800.3439852828917,0.34398528289170827,0.34398528289170827,1.3498018069949467
E2_cec2022_competition,cec2022,6,10,LSHADE,5,4750653867935115131,200000,200000,1800.1091367186725,0.10913671867251651,0.10913671867251651,1.4128245429892559
E2_cec2022_competition,cec2022,6,10,LSHADE,6,7809417947390080866,200000,200000,1800.0376915357556,0.03769153575558448,0.03769153575558448,1.3810429719742388
E2_cec2022_competition,cec2022,6,10,LSHADE,7,6142854915237601787,200000,200000,1800.3780262820449,0.378026282044857,0.378026282044857,1.6155754750070628
E2_cec2022_competition,cec2022,6,10,LSHADE,8,271974667331263667,200000,200000,1800.4341077012014,0.43410770120135567,0.43410770120135567,1.7460396150127053
E2_cec2022_competition,cec2022,6,10,LSHADE,9,258636322093960339,200000,200000,1800.1988415204064,0.19884152040640402,0.19884152040640402,2.0848047680046875
E2_cec2022_competition,cec2022,6,10,LSHADE,10,2728416599782322190,200000,200000,1800.479060545271,0.4790605452710679,0.4790605452710679,2.267061089980416
E2_cec2022_competition,cec2022,6,10,LSHADE,11,3149669493558407730,200000,200000,1800.3718782763538,0.3718782763537547,0.3718782763537547,2.372116733022267
E2_cec2022_competition,cec2022,6,10,LSHADE,12,207847792496680985,200000,200000,1800.3639552596003,0.3639552596002886,0.3639552596002886,2.382760346023133
E2_cec2022_competition,cec2022,6,10,LSHADE,13,4724807399471192864,200000,200000,1800.0885625362932,0.08856253629323874,0.08856253629323874,2.3664323919801973
E2_cec2022_competition,cec2022,6,10,LSHADE,14,7807527779327511953,200000,200000,1800.2562775566046,0.25627755660457296,0.25627755660457296,2.420011856011115
E2_cec2022_competition,cec2022,6,10,LSHADE,15,2305963612484580984,200000,200000,1800.0907173402554,0.09071734025542355,0.09071734025542355,2.41508722997969
E2_cec2022_competition,cec2022,6,10,LSHADE,16,1583041184324700289,200000,200000,1800.3041053837314,0.30410538373143936,0.30410538373143936,2.3740868589957245
E2_cec2022_competition,cec2022,6,10,LSHADE,17,4910933433465416414,200000,200000,1800.4980823643737,0.4980823643736585,0.4980823643736585,2.341369573987322
E2_cec2022_competition,cec2022,6,10,LSHADE,18,8011472645335843965,200000,200000,1800.2651160658966,0.26511606589656367,0.26511606589656367,2.3874649299832527
E2_cec2022_competition,cec2022,6,10,LSHADE,19,7719436411483617952,200000,200000,1800.0575643301695,0.057564330169498135,0.057564330169498135,2.3894575590093154
E2_cec2022_competition,cec2022,6,10,LSHADE,20,8063815477683545043,200000,200000,1800.0566627479348,0.05666274793475168,0.05666274793475168,2.4166597189905588
E2_cec2022_competition,cec2022,6,10,LSHADE,21,401102391973579966,200000,200000,1800.4602513297616,0.4602513297616042,0.4602513297616042,2.3796844870084897
E2_cec2022_competition,cec2022,6,10,LSHADE,22,9104627872129205092,200000,200000,1800.3491149712543,0.3491149712542665,0.3491149712542665,2.398836790001951
E2_cec2022_competition,cec2022,6,10,LSHADE,23,4491617071606722060,200000,200000,1800.3688443675492,0.3688443675491726,0.3688443675491726,2.399852534988895
E2_cec2022_competition,cec2022,6,10,LSHADE,24,6129573879506637596,200000,200000,1800.2447961663568,0.24479616635676393,0.24479616635676393,2.391866826976184
E2_cec2022_competition,cec2022,6,10,LSHADE,25,2512416685476669479,200000,200000,1800.4747490708316,0.4747490708316491,0.4747490708316491,2.354114098008722
E2_cec2022_competition,cec2022,6,10,LSHADE,26,4650444663748221499,200000,200000,1800.4723427997499,0.4723427997498675,0.4723427997498675,2.371884909021901
E2_cec2022_competition,cec2022,6,10,LSHADE,27,3670395677832853744,200000,200000,1800.4967790754151,0.4967790754151338,0.4967790754151338,2.345002657995792
E2_cec2022_competition,cec2022,6,10,LSHADE,28,4531220837766965175,200000,200000,1800.4997796368182,0.4997796368181753,0.4997796368181753,2.3330418940167874
E2_cec2022_competition,cec2022,6,10,LSHADE,29,8351760091642998730,200000,200000,1800.289068462145,0.2890684621449964,0.2890684621449964,2.3989355659869034
E2_cec2022_competition,cec2022,5,10,jSO,0,2588728371904620588,200000,200000,900.0,0.0,0.0,2.1870473150047474
E2_cec2022_competition,cec2022,5,10,jSO,1,6011344306898318963,200000,200000,900.0,0.0,0.0,2.082855331012979
E2_cec2022_competition,cec2022,5,10,jSO,2,7314459962799864130,200000,200000,900.0,0.0,0.0,2.0706336880102754
E2_cec2022_competition,cec2022,5,10,jSO,3,9097144665971724195,200000,200000,900.0,0.0,0.0,2.06546416200581
E2_cec2022_competition,cec2022,5,10,jSO,4,4299034575849827180,200000,200000,900.0,0.0,0.0,2.076519597991137
E2_cec2022_competition,cec2022,5,10,jSO,5,8934254948476114424,200000,200000,900.0,0.0,0.0,2.0098537589947227
E2_cec2022_competition,cec2022,5,10,jSO,6,5026486538658667683,200000,200000,900.0,0.0,0.0,2.0073446219903417
E2_cec2022_competition,cec2022,5,10,jSO,7,1475762066740157370,200000,200000,900.0,0.0,0.0,2.0731917660159525
E2_cec2022_competition,cec2022,5,10,jSO,8,5963670197716922129,200000,200000,900.0,0.0,0.0,2.1036002500040922
E2_cec2022_competition,cec2022,5,10,jSO,9,1561063682340948907,200000,200000,900.0,0.0,0.0,2.090558288997272
E2_cec2022_competition,cec2022,5,10,jSO,10,6929294573387558274,200000,200000,900.0,0.0,0.0,2.1711113849887624
E2_cec2022_competition,cec2022,5,10,jSO,11,8175278580541701618,200000,200000,900.0,0.0,0.0,2.22668591098045
E2_cec2022_competition,cec2022,5,10,jSO,12,6615401344439330278,200000,200000,900.0,0.0,0.0,2.240190871001687
E2_cec2022_competition,cec2022,5,10,jSO,13,7669880503373035809,200000,200000,900.0,0.0,0.0,2.2453001139801927
E2_cec2022_competition,cec2022,5,10,jSO,14,8704972279676444101,200000,200000,900.0,0.0,0.0,2.2222699590201955
E2_cec2022_competition,cec2022,5,10,jSO,15,3216236679855500572,200000,200000,900.0,0.0,0.0,2.223035834991606
E2_cec2022_competition,cec2022,5,10,jSO,16,158078250193384603,200000,200000,900.0,0.0,0.0,2.219219577003969
E2_cec2022_competition,cec2022,5,10,jSO,17,4694870962214834187,200000,200000,900.0,0.0,0.0,2.2142561280052178
E2_cec2022_competition,cec2022,5,10,jSO,18,447316950405408862,200000,200000,900.0,0.0,0.0,2.223653854976874
E2_cec2022_competition,cec2022,5,10,jSO,19,5730919835944110133,200000,200000,900.0,0.0,0.0,2.23975554498611
E2_cec2022_competition,cec2022,5,10,jSO,20,3905553157526898504,200000,200000,900.0,0.0,0.0,2.114720818004571
E2_cec2022_competition,cec2022,5,10,jSO,21,4920977878074166746,200000,200000,900.0,0.0,0.0,2.1081451950012706
E2_cec2022_competition,cec2022,5,10,jSO,22,8630063958480166070,200000,200000,900.0,0.0,0.0,2.2616717719938606
E2_cec2022_competition,cec2022,5,10,jSO,23,2325265185087499827,200000,200000,900.0,0.0,0.0,2.2564376440132037
E2_cec2022_competition,cec2022,5,10,jSO,24,1414575281495372546,200000,200000,900.0,0.0,0.0,2.2377251269936096
E2_cec2022_competition,cec2022,5,10,jSO,25,6474579478596160101,200000,200000,900.0,0.0,0.0,2.248688008985482
E2_cec2022_competition,cec2022,5,10,jSO,26,3115113060113313747,200000,200000,900.0,0.0,0.0,2.255825756001286
E2_cec2022_competition,cec2022,5,10,jSO,27,8988894847658389740,200000,200000,900.0,0.0,0.0,2.244302633975167
E2_cec2022_competition,cec2022,5,10,jSO,28,7513361875850666761,200000,200000,900.0,0.0,0.0,2.164912257983815
E2_cec2022_competition,cec2022,5,10,jSO,29,3351693270206665485,200000,200000,900.0,0.0,0.0,2.165114027011441
E2_cec2022_competition,cec2022,4,10,LSHADE,0,6273392783774712962,200000,200000,800.9951148415787,0.9951148415786975,0.9951148415786975,2.5401775909995195
E2_cec2022_competition,cec2022,4,10,LSHADE,1,6332392124279119861,200000,200000,801.9899266863841,1.9899266863841376,1.9899266863841376,2.5168009549961425
E2_cec2022_competition,cec2022,4,10,LSHADE,2,7008256253893506268,200000,200000,802.9848771712799,2.9848771712798907,2.9848771712798907,2.140775717998622
E2_cec2022_competition,cec2022,4,10,LSHADE,3,2940201614661355352,200000,200000,801.9899470291317,1.989947029131713,1.989947029131713,2.497289559978526
E2_cec2022_competition,cec2022,4,10,LSHADE,4,6442102830042910203,200000,200000,802.9848899434347,2.984889943434723,2.984889943434723,2.3429640649992507
E2_cec2022_competition,cec2022,4,10,LSHADE,5,4320630431326884243,200000,200000,801.9901655202539,1.9901655202538677,1.9901655202538677,1.4958959520154167
E2_cec2022_competition,cec2022,4,10,LSHADE,6,513903087479571078,200000,200000,801.9899431883657,1.9899431883657144,1.9899431883657144,1.4964881429914385
E2_cec2022_competition,cec2022,4,10,LSHADE,7,3556780387184711994,200000,200000,800.9949680185489,0.9949680185488887,0.9949680185488887,2.3267572470067535
E2_cec2022_competition,cec2022,4,10,LSHADE,8,3951842233466622645,200000,200000,802.9850159948071,2.9850159948070996,2.9850159948070996,2.5997391150158364
E2_cec2022_competition,cec2022,4,10,LSHADE,9,2232725238249346819,200000,200000,804.9748705826356,4.974870582635617,4.974870582635617,2.5729410130006727
E2_cec2022_competition,cec2022,4,10,LSHADE,10,8167599425757194100,200000,200000,801.9902095578869,1.990209557886942,1.990209557886942,2.5265721020114142
E2_cec2022_competition,cec2022,4,10,LSHADE,11,101475474641036754,200000,200000,802.9849124481113,2.984912448111345,2.984912448111345,2.4683677529974375
E2_cec2022_competition,cec2022,4,10,LSHADE,12,6812656106368655718,200000,200000,800.9950254506857,0.9950254506857164,0.9950254506857164,2.564698762987973
E2_cec2022_competition,cec2022,4,10,LSHADE,13,3893140833001997712,200000,200000,803.9798776122013,3.979877612201335,3.979877612201335,2.5669131860195193
E2_cec2022_competition,cec2022,4,10,LSHADE,14,8781661658922488503,200000,200000,802.9849464849947,2.98494648499468,2.98494648499468,2.5183181609900203
E2_cec2022_competition,cec2022,4,10,LSHADE,15,5191659580650540608,200000,200000,803.9799733815737,3.9799733815737,3.9799733815737,1.540398290992016
E2_cec2022_competition,cec2022,4,10,LSHADE,16,3961584449042110981,200000,200000,801.9899636035545,1.9899636035545427,1.9899636035545427,1.5098423500021454
E2_cec2022_competition,cec2022,4,10,LSHADE,17,1283806748424421385,200000,200000,803.9798362283732,3.9798362283731876,3.9798362283731876,1.3796938520099502
E2_cec2022_competition,cec2022,4,10,LSHADE,18,6718453526402375851,200000,200000,802.9850385467087,2.9850385467086653,2.9850385467086653,1.498363029997563
E2_cec2022_competition,cec2022,4,10,LSHADE,19,5467563488945582190,200000,200000,802.9849187709925,2.984918770992522,2.984918770992522,1.5199399589910172
E2_cec2022_competition,cec2022,4,10,LSHADE,20,2624688546315621401,200000,200000,801.9900488679535,1.9900488679535329,1.9900488679535329,2.2193548810028005
E2_cec2022_competition,cec2022,4,10,LSHADE,21,3524117896818934657,200000,200000,802.9848771712802,2.9848771712802318,2.9848771712802318,2.2412803250190336
E2_cec2022_competition,cec2022,4,10,LSHADE,22,4578605721437702235,200000,200000,802.9849109575147,2.9849109575146713,2.9849109575146713,2.392877932987176
E2_cec2022_competition,cec2022,4,10,LSHADE,23,9033595314311335087,200000,200000,802.9849214451543,2.9849214451543276,2.9849214451543276,2.4569602270203177
E2_cec2022_competition,cec2022,4,10,LSHADE,24,3174631537230088606,200000,200000,805.9697493047407,5.969749304740731,5.969749304740731,1.7458041739882901
E2_cec2022_competition,cec2022,4,10,LSHADE,25,7544494441967598614,200000,200000,802.9849355881298,2.984935588129815,2.984935588129815,2.573328568978468
E2_cec2022_competition,cec2022,4,10,LSHADE,26,5966077303325275298,200000,200000,801.9899359814242,1.9899359814241961,1.9899359814241961,2.567159979022108
E2_cec2022_competition,cec2022,4,10,LSHADE,27,687918755829527796,200000,200000,800.995014965836,0.9950149658360488,0.9950149658360488,2.5263754629995674
E2_cec2022_competition,cec2022,4,10,LSHADE,28,2939022315491547453,200000,200000,801.9899615580247,1.9899615580246746,1.9899615580246746,2.586158753023483
E2_cec2022_competition,cec2022,4,10,LSHADE,29,4291754677605786451,200000,200000,801.9899801942216,1.98998019422163,1.98998019422163,2.540919642022345
E2_cec2022_competition,cec2022,9,10,DE,0,6929540289225514106,200000,200000,2529.284382708487,229.2843827084871,229.2843827084871,0.9282427139987703
E2_cec2022_competition,cec2022,9,10,DE,1,1526713749689529646,200000,200000,2529.284382708487,229.2843827084871,229.2843827084871,0.7416764989902731
E2_cec2022_competition,cec2022,9,10,DE,2,991618177409369480,200000,200000,2529.284382708487,229.2843827084871,229.2843827084871,0.717069876001915
E2_cec2022_competition,cec2022,9,10,DE,3,7448222831716488915,200000,200000,2529.284382708487,229.2843827084871,229.2843827084871,0.7170209540054202
E2_cec2022_competition,cec2022,9,10,DE,4,2957379742539071104,200000,200000,2529.284382708487,229.2843827084871,229.2843827084871,0.7239554609986953
E2_cec2022_competition,cec2022,9,10,DE,5,5395994337838395438,200000,200000,2529.284382708487,229.2843827084871,229.2843827084871,0.7178460409922991
E2_cec2022_competition,cec2022,9,10,DE,6,8911189055513030228,200000,200000,2529.284382708487,229.2843827084871,229.2843827084871,0.712534129008418
E2_cec2022_competition,cec2022,9,10,DE,7,4050959990183902584,200000,200000,2529.284382708487,229.2843827084871,229.2843827084871,0.7132204260269646
E2_cec2022_competition,cec2022,9,10,DE,8,7264271892686228091,200000,200000,2529.284382708487,229.2843827084871,229.2843827084871,0.7026581449899822
E2_cec2022_competition,cec2022,9,10,DE,9,2272622317451550088,200000,200000,2529.284382708487,229.2843827084871,229.2843827084871,0.7808969100005925
E2_cec2022_competition,cec2022,9,10,DE,10,4903356196432347668,200000,200000,2529.284382708487,229.2843827084871,229.2843827084871,0.7063416940218303
E2_cec2022_competition,cec2022,9,10,DE,11,3757923570494334783,200000,200000,2529.284382708487,229.2843827084871,229.2843827084871,0.7107603109907359
E2_cec2022_competition,cec2022,9,10,DE,12,9068808552226195651,200000,200000,2529.284382708487,229.2843827084871,229.2843827084871,0.6909722159907687
E2_cec2022_competition,cec2022,9,10,DE,13,2163296082678205626,200000,200000,2529.284382708487,229.2843827084871,229.2843827084871,0.7822554789891001
E2_cec2022_competition,cec2022,9,10,DE,14,1312393697852249738,200000,200000,2529.284382708487,229.2843827084871,229.2843827084871,1.0404758109943941
E2_cec2022_competition,cec2022,9,10,DE,15,1188890085037493195,200000,200000,2529.284382708487,229.2843827084871,229.2843827084871,1.043612673995085
E2_cec2022_competition,cec2022,9,10,DE,16,1573149374871472025,200000,200000,2529.284382708487,229.2843827084871,229.2843827084871,1.0458166470052674
E2_cec2022_competition,cec2022,9,10,DE,17,6644769518111383528,200000,200000,2529.284382708487,229.2843827084871,229.2843827084871,1.048670289979782
E2_cec2022_competition,cec2022,9,10,DE,18,6791043012196281487,200000,200000,2529.284382708487,229.2843827084871,229.2843827084871,1.0473298660072032
E2_cec2022_competition,cec2022,9,10,DE,19,572244523492276774,200000,200000,2529.284382708487,229.2843827084871,229.2843827084871,1.04391510100686
E2_cec2022_competition,cec2022,9,10,DE,20,1984080926590993501,200000,200000,2529.284382708487,229.2843827084871,229.2843827084871,1.0413250729907304
E2_cec2022_competition,cec2022,9,10,DE,21,4724134041634887571,200000,200000,2529.284382708487,229.2843827084871,229.2843827084871,1.0497494640003424
E2_cec2022_competition,cec2022,9,10,DE,22,4571522013271989656,200000,200000,2529.284382708487,229.2843827084871,229.2843827084871,1.0420056600123644
E2_cec2022_competition,cec2022,9,10,DE,23,6404187276122970092,200000,200000,2529.284382708487,229.2843827084871,229.2843827084871,1.04246065299958
E2_cec2022_competition,cec2022,9,10,DE,24,4138643911677752533,200000,200000,2529.284382708487,229.2843827084871,229.2843827084871,1.0413021899876185
E2_cec2022_competition,cec2022,9,10,DE,25,2313535734634942728,200000,200000,2529.284382708487,229.2843827084871,229.2843827084871,1.0489707429951522
E2_cec2022_competition,cec2022,9,10,DE,26,5477179947330866077,200000,200000,2529.284382708487,229.2843827084871,229.2843827084871,1.0457008199882694
E2_cec2022_competition,cec2022,9,10,DE,27,8129834983182383605,200000,200000,2529.284382708487,229.2843827084871,229.2843827084871,1.0426338179968297
E2_cec2022_competition,cec2022,9,10,DE,28,8065167802333919084,200000,200000,2529.284382708487,229.2843827084871,229.2843827084871,1.0433275890245568
E2_cec2022_competition,cec2022,9,10,DE,29,8775676255037139286,200000,200000,2529.284382708487,229.2843827084871,229.2843827084871,1.0456516979902517
E2_cec2022_competition,cec2022,3,10,LSHADE,0,2680566432557060855,200000,200000,600.0,0.0,0.0,2.4090271329914685
E2_cec2022_competition,cec2022,3,10,LSHADE,1,6803409560662200425,200000,200000,600.0,0.0,0.0,2.4328045500151347
E2_cec2022_competition,cec2022,3,10,LSHADE,2,9115969202409648613,200000,200000,600.0,0.0,0.0,2.4783236569783185
E2_cec2022_competition,cec2022,3,10,LSHADE,3,343873000057777674,200000,200000,600.0000000000001,0.0,1.1368683772161603e-13,2.503026951017091
E2_cec2022_competition,cec2022,3,10,LSHADE,4,7678700523897990530,200000,200000,600.0,0.0,0.0,2.553502283000853
E2_cec2022_competition,cec2022,3,10,LSHADE,5,7136417242262808866,200000,200000,600.0,0.0,0.0,2.4301777229993604
E2_cec2022_competition,cec2022,3,10,LSHADE,6,7079105848422085698,200000,200000,600.0000000000001,0.0,1.1368683772161603e-13,2.4161409459775314
E2_cec2022_competition,cec2022,3,10,LSHADE,7,5259272446617298491,200000,200000,600.0,0.0,0.0,2.267263529007323
E2_cec2022_competition,cec2022,3,10,LSHADE,8,7582102111682037994,200000,200000,600.0,0.0,0.0,2.421659285988426
E2_cec2022_competition,cec2022,3,10,LSHADE,9,6879151652371584259,200000,200000,600.0,0.0,0.0,2.40431326199905
E2_cec2022_competition,cec2022,3,10,LSHADE,10,4119093642558581298,200000,200000,600.0,0.0,0.0,2.535342030983884
E2_cec2022_competition,cec2022,3,10,LSHADE,11,4958725901799794584,200000,200000,600.0,0.0,0.0,2.4042438420001417
E2_cec2022_competition,cec2022,3,10,LSHADE,12,4719913892386266018,200000,200000,600.0,0.0,0.0,2.3841350250004325
E2_cec2022_competition,cec2022,3,10,LSHADE,13,786673273364615741,200000,200000,600.0,0.0,0.0,2.3922117440088186
E2_cec2022_competition,cec2022,3,10,LSHADE,14,4004542420333357057,200000,200000,600.0,0.0,0.0,2.4044623310037423
E2_cec2022_competition,cec2022,3,10,LSHADE,15,1289874251781687971,200000,200000,600.0,0.0,0.0,2.4185709139856044
E2_cec2022_competition,cec2022,3,10,LSHADE,16,6776565391485130835,200000,200000,600.0000000000001,0.0,1.1368683772161603e-13,2.411285909009166
E2_cec2022_competition,cec2022,3,10,LSHADE,17,2561310083786684474,200000,200000,600.0,0.0,0.0,2.475178156979382
E2_cec2022_competition,cec2022,3,10,LSHADE,18,6744689433316019977,200000,200000,600.0,0.0,0.0,2.4996341070218477
E2_cec2022_competition,cec2022,3,10,LSHADE,19,8841699941849738249,200000,200000,600.0,0.0,0.0,2.461987376009347
E2_cec2022_competition,cec2022,3,10,LSHADE,20,6329850501774943387,200000,200000,600.0,0.0,0.0,2.463627592980629
E2_cec2022_competition,cec2022,3,10,LSHADE,21,2008724872254633894,200000,200000,600.0000000000001,0.0,1.1368683772161603e-13,2.48221577599179
E2_cec2022_competition,cec2022,3,10,LSHADE,22,4598757614003728439,200000,200000,600.0,0.0,0.0,2.483197648980422
E2_cec2022_competition,cec2022,3,10,LSHADE,23,2969751408322430553,200000,200000,600.0,0.0,0.0,2.407098314986797
E2_cec2022_competition,cec2022,3,10,LSHADE,24,4966087984981607480,200000,200000,600.0000000000001,0.0,1.1368683772161603e-13,2.419618077983614
E2_cec2022_competition,cec2022,3,10,LSHADE,25,8028323251048318471,200000,200000,600.0,0.0,0.0,2.2508278030145448
E2_cec2022_competition,cec2022,3,10,LSHADE,26,4608176808026634493,200000,200000,600.0,0.0,0.0,1.4653219869942404
E2_cec2022_competition,cec2022,3,10,LSHADE,27,1238789946026424400,200000,200000,600.0,0.0,0.0,1.4857715329853818
E2_cec2022_competition,cec2022,3,10,LSHADE,28,2025902892509012125,200000,200000,600.0,0.0,0.0,1.5283601630071644
E2_cec2022_competition,cec2022,3,10,LSHADE,29,1455735431823968691,200000,200000,600.0,0.0,0.0,1.945428561011795
E2_cec2022_competition,cec2022,4,10,jSO,0,1734494612890552084,200000,200000,801.9899181141866,1.9899181141865938,1.9899181141865938,1.7353815349924844
E2_cec2022_competition,cec2022,4,10,jSO,1,8202671230232830958,200000,200000,801.9899181141866,1.9899181141865938,1.9899181141865938,2.560975029016845
E2_cec2022_competition,cec2022,4,10,jSO,2,3241163093292907361,200000,200000,802.9848771712799,2.9848771712798907,2.9848771712798907,2.5028391880041454
E2_cec2022_competition,cec2022,4,10,jSO,3,5337675111540469740,200000,200000,801.9899181141866,1.9899181141865938,1.9899181141865938,2.5080671140167397
E2_cec2022_competition,cec2022,4,10,jSO,4,8488002480440000539,200000,200000,802.9848771712799,2.9848771712798907,2.9848771712798907,2.5619377740076743
E2_cec2022_competition,cec2022,4,10,jSO,5,8887301036602177567,200000,200000,801.9899181141866,1.9899181141865938,1.9899181141865938,2.541394403000595
E2_cec2022_competition,cec2022,4,10,jSO,6,6108967634752342842,200000,200000,802.9848771712799,2.9848771712798907,2.9848771712798907,2.6010296149761416
E2_cec2022_competition,cec2022,4,10,jSO,7,1617126843760969880,200000,200000,801.9899181141866,1.9899181141865938,1.9899181141865938,2.4976816449780017
E2_cec2022_competition,cec2022,4,10,jSO,8,2696837699115079008,200000,200000,802.9848771712799,2.9848771712798907,2.9848771712798907,2.5427482319937553
E2_cec2022_competition,cec2022,4,10,jSO,9,1786460897144395065,200000,200000,803.9798362283732,3.9798362283731876,3.9798362283731876,2.562248597998405
E2_cec2022_competition,cec2022,4,10,jSO,10,5319006869781357190,200000,200000,801.9899181141866,1.9899181141865938,1.9899181141865938,2.4743243150005583
E2_cec2022_competition,cec2022,4,10,jSO,11,3178141970600512188,200000,200000,802.9848771712799,2.9848771712798907,2.9848771712798907,2.493688556016423
E2_cec2022_competition,cec2022,4,10,jSO,12,2352030456267876516,200000,200000,802.9848771712799,2.9848771712798907,2.9848771712798907,2.5245103950146586
E2_cec2022_competition,cec2022,4,10,jSO,13,4690952374898207688,200000,200000,801.9899181141866,1.9899181141865938,1.9899181141865938,2.523454824986402
E2_cec2022_competition,cec2022,4,10,jSO,14,4191607194699711761,200000,200000,801.9899181141866,1.9899181141865938,1.9899181141865938,2.5210039879893884
E2_cec2022_competition,cec2022,4,10,jSO,15,298809282689450659,200000,200000,801.9899181141866,1.9899181141865938,1.9899181141865938,2.5107282149838284
E2_cec2022_competition,cec2022,4,10,jSO,16,8682006553275823053,200000,200000,800.9949590570933,0.9949590570932969,0.9949590570932969,2.459273355983896
E2_cec2022_competition,cec2022,4,10,jSO,17,595307549657155246,200000,200000,800.9949590570933,0.9949590570932969,0.9949590570932969,2.0091330260038376
E2_cec2022_competition,cec2022,4,10,jSO,18,4689403202990319310,200000,200000,802.9848771712799,2.9848771712798907,2.9848771712798907,2.1466726569924504
E2_cec2022_competition,cec2022,4,10,jSO,19,3430814649116053507,200000,200000,803.9798362318577,3.979836231857689,3.979836231857689,2.168376566027291
E2_cec2022_competition,cec2022,4,10,jSO,20,5405817428435367853,200000,200000,801.9899181141866,1.9899181141865938,1.9899181141865938,2.1487554640043527
E2_cec2022_competition,cec2022,4,10,jSO,21,8970368875766081019,200000,200000,801.9899181141866,1.9899181141865938,1.9899181141865938,1.763944056991022
E2_cec2022_competition,cec2022,4,10,jSO,22,5624934404073567378,200000,200000,802.9848771712799,2.9848771712798907,2.9848771712798907,1.4511289870133623
E2_cec2022_competition,cec2022,4,10,jSO,23,4047713608140762788,200000,200000,801.9899181141866,1.9899181141865938,1.9899181141865938,2.2858275280159432
E2_cec2022_competition,cec2022,4,10,jSO,24,4246879478966273699,200000,200000,802.9848771712799,2.9848771712798907,2.9848771712798907,2.5359350229846314
E2_cec2022_competition,cec2022,4,10,jSO,25,3832700696673893646,200000,200000,802.9848771712799,2.9848771712798907,2.9848771712798907,2.520657928980654
E2_cec2022_competition,cec2022,4,10,jSO,26,310422407995087536,200000,200000,802.9848771712799,2.9848771712798907,2.9848771712798907,2.533391592995031
E2_cec2022_competition,cec2022,4,10,jSO,27,2139273828199915193,200000,200000,802.9848771712799,2.9848771712798907,2.9848771712798907,2.5299872670148034
E2_cec2022_competition,cec2022,4,10,jSO,28,3252400046600203300,200000,200000,800.9949590570933,0.9949590570932969,0.9949590570932969,2.5047950869775377
E2_cec2022_competition,cec2022,4,10,jSO,29,4738545009497288207,200000,200000,802.9848771712799,2.9848771712798907,2.9848771712798907,2.5262469830049668
E2_cec2022_competition,cec2022,8,10,DE,0,680842431196825396,200000,200000,2200.1041939718257,0.10419397182567991,0.10419397182567991,1.7535887350095436
E2_cec2022_competition,cec2022,8,10,DE,1,7570012667731481020,200000,200000,2200.6305911109407,0.6305911109407134,0.6305911109407134,1.751295193011174
E2_cec2022_competition,cec2022,8,10,DE,2,5851623807779773796,200000,200000,2200.6604059054175,0.6604059054175195,0.6604059054175195,1.7727984340162948
E2_cec2022_competition,cec2022,8,10,DE,3,225733574707458326,200000,200000,2201.0296823142544,1.0296823142543872,1.0296823142543872,1.7647891720116604
E2_cec2022_competition,cec2022,8,10,DE,4,2237262475672905928,200000,200000,2200.384015000789,0.384015000789077,0.384015000789077,1.7472569280071184
E2_cec2022_competition,cec2022,8,10,DE,5,4948680572792102180,200000,200000,2200.708296797784,0.7082967977839871,0.7082967977839871,1.7762114250217564
E2_cec2022_competition,cec2022,8,10,DE,6,8718795082438004943,200000,200000,2200.79577327848,0.7957732784798282,0.7957732784798282,1.7502317179751117
E2_cec2022_competition,cec2022,8,10,DE,7,3367333475316614864,200000,200000,2200.8163840392385,0.8163840392385282,0.8163840392385282,1.7609070610196795
E2_cec2022_competition,cec2022,8,10,DE,8,6071475395961581576,200000,200000,2200.5355330647812,0.535533064781248,0.535533064781248,1.7774514020129573
E2_cec2022_competition,cec2022,8,10,DE,9,2698755421535509412,200000,200000,2200.6273496683048,0.6273496683047597,0.6273496683047597,1.7893452789867297
E2_cec2022_competition,cec2022,8,10,DE,10,1411501249152558036,200000,200000,2201.3717425121217,1.3717425121217275,1.3717425121217275,1.810282239021035
E2_cec2022_competition,cec2022,8,10,DE,11,4751972213256089070,200000,200000,2200.074579803692,0.07457980369190409,0.07457980369190409,1.8024224469845649
E2_cec2022_competition,cec2022,8,10,DE,12,5571744454034185552,200000,200000,2200.7595136334257,0.7595136334257404,0.7595136334257404,1.8139561709831469
E2_cec2022_competition,cec2022,8,10,DE,13,1961236651779458032,200000,200000,2201.018438826854,1.0184388268539806,1.0184388268539806,1.8143519329896662
E2_cec2022_competition,cec2022,8,10,DE,14,4270554722979961721,200000,200000,2201.31822265057,1.3182226505700783,1.3182226505700783,1.7817615059902892
E2_cec2022_competition,cec2022,8,10,DE,15,9149088201444151860,200000,200000,2200.519083729189,0.5190837291888784,0.5190837291888784,1.769349295005668
E2_cec2022_competition,cec2022,8,10,DE,16,194144647243586803,200000,200000,2200.323649388046,0.3236493880458511,0.3236493880458511,1.7536896239907946
E2_cec2022_competition,cec2022,8,10,DE,17,6181340317085819039,200000,200000,2200.743698757966,0.7436987579658307,0.7436987579658307,1.7653127440134995
E2_cec2022_competition,cec2022,8,10,DE,18,4838248690146373964,200000,200000,2200.7489336081444,0.748933608144398,0.748933608144398,1.7429808269953355
E2_cec2022_competition,cec2022,8,10,DE,19,9196164193892377596,200000,200000,2200.582856353531,0.5828563535310423,0.5828563535310423,1.7559775249974336
E2_cec2022_competition,cec2022,8,10,DE,20,516328465770194875,200000,200000,2200.132608839052,0.13260883905195442,0.13260883905195442,1.7498203459836077
E2_cec2022_competition,cec2022,8,10,DE,21,365771509559695586,200000,200000,2200.840729001764,0.8407290017639752,0.8407290017639752,1.755477055994561
E2_cec2022_competition,cec2022,8,10,DE,22,7231443503210217907,200000,200000,2200.695191428213,0.6951914282130929,0.6951914282130929,1.7488372820080258
E2_cec2022_competition,cec2022,8,10,DE,23,5805275601235695231,200000,200000,2200.18605505287,0.1860550528699605,0.1860550528699605,1.75420082200435
E2_cec2022_competition,cec2022,8,10,DE,24,7936295051431652371,200000,200000,2200.74460366709,0.7446036670899048,0.7446036670899048,1.7783833089924883
E2_cec2022_competition,cec2022,8,10,DE,25,6371068020259757557,200000,200000,2200.399624537813,0.399624537812997,0.399624537812997,1.794187110994244
E2_cec2022_competition,cec2022,8,10,DE,26,4789624554118382240,200000,200000,2200.8137917852373,0.8137917852372993,0.8137917852372993,1.7780359479947947
E2_cec2022_competition,cec2022,8,10,DE,27,4432589696372525322,200000,200000,2201.1619671572084,1.1619671572084371,1.1619671572084371,1.816424630000256
E2_cec2022_competition,cec2022,8,10,DE,28,1062589765867992893,200000,200000,2200.260989905351,0.26098990535092526,0.26098990535092526,1.4512373599864077
E2_cec2022_competition,cec2022,8,10,DE,29,6768524600368300170,200000,200000,2200.212231239142,0.21223123914205644,0.21223123914205644,1.376072129001841
E2_cec2022_competition,cec2022,9,10,SHADE,0,942289189368102459,200000,200000,2529.284382708487,229.2843827084871,229.2843827084871,1.0201136590039823
E2_cec2022_competition,cec2022,9,10,SHADE,1,5508030578985629378,200000,200000,2529.284382708487,229.2843827084871,229.2843827084871,1.4807517679873854
E2_cec2022_competition,cec2022,9,10,SHADE,2,4292393256016409809,200000,200000,2529.284382708487,229.2843827084871,229.2843827084871,1.4519214130123146
E2_cec2022_competition,cec2022,9,10,SHADE,3,6297089410558691921,200000,200000,2529.284382708487,229.2843827084871,229.2843827084871,1.4583338999946136
E2_cec2022_competition,cec2022,9,10,SHADE,4,9014460005104625168,200000,200000,2529.284382708487,229.2843827084871,229.2843827084871,1.4627866819791961
E2_cec2022_competition,cec2022,9,10,SHADE,5,309896409744433369,200000,200000,2529.284382708487,229.2843827084871,229.2843827084871,1.458070485998178
E2_cec2022_competition,cec2022,9,10,SHADE,6,2448536754552848123,200000,200000,2529.284382708487,229.2843827084871,229.2843827084871,1.4537071529775858
E2_cec2022_competition,cec2022,9,10,SHADE,7,7819371813640805194,200000,200000,2529.284382708487,229.2843827084871,229.2843827084871,1.4794411990151275
E2_cec2022_competition,cec2022,9,10,SHADE,8,5054612979384014886,200000,200000,2529.284382708487,229.2843827084871,229.2843827084871,1.4756531850143801
E2_cec2022_competition,cec2022,9,10,SHADE,9,8224640406760722516,200000,200000,2529.284382708487,229.2843827084871,229.2843827084871,1.2447255339939147
E2_cec2022_competition,cec2022,9,10,SHADE,10,7109767893309721509,200000,200000,2529.284382708487,229.2843827084871,229.2843827084871,1.4243385089794174
E2_cec2022_competition,cec2022,9,10,SHADE,11,45114867949929254,200000,200000,2529.284382708487,229.2843827084871,229.2843827084871,1.4231837920087855
E2_cec2022_competition,cec2022,9,10,SHADE,12,550252021222951195,200000,200000,2529.284382708487,229.2843827084871,229.2843827084871,1.4232567290018778
E2_cec2022_competition,cec2022,9,10,SHADE,13,820976972289472851,200000,200000,2529.284382708487,229.2843827084871,229.2843827084871,1.4287982329842634
E2_cec2022_competition,cec2022,9,10,SHADE,14,3029782513662631255,200000,200000,2529.284382708487,229.2843827084871,229.2843827084871,1.420483637979487
E2_cec2022_competition,cec2022,9,10,SHADE,15,8176448028772147188,200000,200000,2529.284382708487,229.2843827084871,229.2843827084871,1.438309652992757
E2_cec2022_competition,cec2022,9,10,SHADE,16,7745835078933608059,200000,200000,2529.284382708487,229.2843827084871,229.2843827084871,1.424358446005499
E2_cec2022_competition,cec2022,9,10,SHADE,17,9216765087945392002,200000,200000,2529.284382708487,229.2843827084871,229.2843827084871,1.3221293429960497
E2_cec2022_competition,cec2022,9,10,SHADE,18,5592500185435677804,200000,200000,2529.284382708487,229.2843827084871,229.2843827084871,0.8866106790082995
E2_cec2022_competition,cec2022,9,10,SHADE,19,6281693825877404654,200000,200000,2529.284382708487,229.2843827084871,229.2843827084871,0.9196822280064225
E2_cec2022_competition,cec2022,9,10,SHADE,20,2660235825826979693,200000,200000,2529.284382708487,229.2843827084871,229.2843827084871,0.9065547159989364
E2_cec2022_competition,cec2022,9,10,SHADE,21,8070674251490755811,200000,200000,2529.284382708487,229.2843827084871,229.2843827084871,0.9231545910006389
E2_cec2022_competition,cec2022,9,10,SHADE,22,3026997603152431429,200000,200000,2529.284382708487,229.2843827084871,229.2843827084871,0.9215582059987355
E2_cec2022_competition,cec2022,9,10,SHADE,23,2979124996425486401,200000,200000,2529.284382708487,229.2843827084871,229.2843827084871,0.9218927740002982
E2_cec2022_competition,cec2022,9,10,SHADE,24,7549531863318269201,200000,200000,2529.284382708487,229.2843827084871,229.2843827084871,0.9323074580170214
E2_cec2022_competition,cec2022,9,10,SHADE,25,4371498510092233286,200000,200000,2529.284382708487,229.2843827084871,229.2843827084871,0.9220826900273096
E2_cec2022_competition,cec2022,9,10,SHADE,26,8774595820247337097,200000,200000,2529.284382708487,229.2843827084871,229.2843827084871,1.021032041986473
E2_cec2022_competition,cec2022,9,10,SHADE,27,5255205094942698721,200000,200000,2529.284382708487,229.2843827084871,229.2843827084871,0.9483250210178085
E2_cec2022_competition,cec2022,9,10,SHADE,28,8754315836292780480,200000,200000,2529.284382708487,229.2843827084871,229.2843827084871,0.9201435940049123
E2_cec2022_competition,cec2022,9,10,SHADE,29,2849547371659488513,200000,200000,2529.284382708487,229.2843827084871,229.2843827084871,0.9803054340009112
E2_cec2022_competition,cec2022,8,10,SHADE,0,7830240024138990852,200000,200000,2201.30103622827,1.3010362282698225,1.3010362282698225,1.5250145979807712
E2_cec2022_competition,cec2022,8,10,SHADE,1,6340249754517145553,200000,200000,2201.814187219559,1.8141872195587894,1.8141872195587894,1.5108720520220231
E2_cec2022_competition,cec2022,8,10,SHADE,2,2463393415439934654,200000,200000,2209.056960294447,9.05696029444698,9.05696029444698,2.0051214930135757
E2_cec2022_competition,cec2022,8,10,SHADE,3,1833548000278876871,200000,200000,2201.1569088544566,1.1569088544565602,1.1569088544565602,2.142540567991091
E2_cec2022_competition,cec2022,8,10,SHADE,4,8962364248572581702,200000,200000,2201.8357218601654,1.8357218601654495,1.8357218601654495,2.2655200499866623
E2_cec2022_competition,cec2022,8,10,SHADE,5,1117515555090000753,200000,200000,2202.8323625261664,2.8323625261664347,2.8323625261664347,2.272260432015173
E2_cec2022_competition,cec2022,8,10,SHADE,6,8828309362199644619,200000,200000,2200.809768929705,0.8097689297051147,0.8097689297051147,2.0367994380067103
E2_cec2022_competition,cec2022,8,10,SHADE,7,7918237050363382186,200000,200000,2201.2741594105096,1.2741594105095828,1.2741594105095828,1.6841886369802523
E2_cec2022_competition,cec2022,8,10,SHADE,8,3743984196869718891,200000,200000,2202.5896868949903,2.5896868949903364,2.5896868949903364,2.277382259024307
E2_cec2022_competition,cec2022,8,10,SHADE,9,3292595748103543694,200000,200000,2203.774545161314,3.7745451613141086,3.7745451613141086,2.2672539220075123
E2_cec2022_competition,cec2022,8,10,SHADE,10,1346769224332758056,200000,200000,2201.821043626521,1.8210436265208045,1.8210436265208045,2.27882503400906
E2_cec2022_competition,cec2022,8,10,SHADE,11,3430308775249885900,200000,200000,2201.6528491930076,1.6528491930075688,1.6528491930075688,2.2664144869777374
E2_cec2022_competition,cec2022,8,10,SHADE,12,333129694683812064,200000,200000,2204.536658900939,4.536658900939074,4.536658900939074,2.243799821007997
E2_cec2022_competition,cec2022,8,10,SHADE,13,4379693186638403116,200000,200000,2220.3852816825715,20.38528168257153,20.38528168257153,2.097906501003308
E2_cec2022_competition,cec2022,8,10,SHADE,14,8738922214026845313,200000,200000,2203.5769544774444,3.5769544774443602,3.5769544774443602,1.541693139995914
E2_cec2022_competition,cec2022,8,10,SHADE,15,4574061388503362816,200000,200000,2206.750848250573,6.750848250573199,6.750848250573199,1.5566597119905055
E2_cec2022_competition,cec2022,8,10,SHADE,16,9046348110098563183,200000,200000,2202.7441057276483,2.744105727648275,2.744105727648275,1.6134298509859946
E2_cec2022_competition,cec2022,8,10,SHADE,17,5599422439069237352,200000,200000,2204.337315414036,4.3373154140358565,4.3373154140358565,1.5370374369958881
E2_cec2022_competition,cec2022,8,10,SHADE,18,5030806336250598359,200000,200000,2201.324117432988,1.324117432987805,1.324117432987805,1.5220594240236096
E2_cec2022_competition,cec2022,8,10,SHADE,19,6955044226062445224,200000,200000,2217.247080767322,17.24708076732213,17.24708076732213,1.5491690319904592
E2_cec2022_competition,cec2022,8,10,SHADE,20,5646539180145891304,200000,200000,2200.8539414775228,0.853941477522767,0.853941477522767,1.5599918109946884
E2_cec2022_competition,cec2022,8,10,SHADE,21,56493231933590146,200000,200000,2211.891152708246,11.891152708245954,11.891152708245954,1.5847096729849
E2_cec2022_competition,cec2022,8,10,SHADE,22,1555051003947990243,200000,200000,2203.9601469014506,3.960146901450571,3.960146901450571,1.5404960350133479
E2_cec2022_competition,cec2022,8,10,SHADE,23,184504899073502439,200000,200000,2201.447518784416,1.4475187844159336,1.4475187844159336,1.8818274099903647
E2_cec2022_competition,cec2022,8,10,SHADE,24,8981829665007454995,200000,200000,2210.0580191689082,10.058019168908231,10.058019168908231,2.2546435600088444
E2_cec2022_competition,cec2022,8,10,SHADE,25,815274605803211794,200000,200000,2206.791914431867,6.791914431867099,6.791914431867099,2.1393178529979195
E2_cec2022_competition,cec2022,8,10,SHADE,26,3329693972113912205,200000,200000,2201.056164479649,1.0561644796489418,1.0561644796489418,1.7323336279951036
E2_cec2022_competition,cec2022,8,10,SHADE,27,1615270065155613815,200000,200000,2201.7367515071387,1.736751507138706,1.736751507138706,2.225925615988672
E2_cec2022_competition,cec2022,8,10,SHADE,28,3294463126804793484,200000,200000,2201.4455362740287,1.4455362740286546,1.4455362740286546,2.2456077320093755
E2_cec2022_competition,cec2022,8,10,SHADE,29,4806794393822454931,200000,200000,2203.699467663918,3.699467663917858,3.699467663917858,2.2296357350132894
E2_cec2022_competition,cec2022,7,10,jSO,0,2177728724321966466,200000,200000,2000.000079813683,7.981368298715097e-05,7.981368298715097e-05,3.0861417790001724
E2_cec2022_competition,cec2022,7,10,jSO,1,2079706500748337715,200000,200000,2000.0000027982153,2.7982152914773906e-06,2.7982152914773906e-06,2.739048546005506
E2_cec2022_competition,cec2022,7,10,jSO,2,5305107564613370969,200000,200000,2000.000060767895,6.076789509279479e-05,6.076789509279479e-05,2.707574792992091
E2_cec2022_competition,cec2022,7,10,jSO,3,832386158774874518,200000,200000,2000.0000000044165,0.0,4.4165062718093395e-09,2.7290680359874386
E2_cec2022_competition,cec2022,7,10,jSO,4,2087788046429753792,200000,200000,2000.0000000057723,0.0,5.772335498477332e-09,2.7134617550182156
E2_cec2022_competition,cec2022,7,10,jSO,5,5150343116916816710,200000,200000,2000.0001066101759,0.0001066101758624427,0.0001066101758624427,2.7029929290001746
E2_cec2022_competition,cec2022,7,10,jSO,6,5465161487132120611,200000,200000,2000.6240993205097,0.6240993205096856,0.6240993205096856,2.649554759991588
E2_cec2022_competition,cec2022,7,10,jSO,7,8967603344329148137,200000,200000,2000.0000000019534,0.0,1.9533672457328066e-09,3.0472390520153567
E2_cec2022_competition,cec2022,7,10,jSO,8,5370597215488283171,200000,200000,2000.0000964073517,9.640735174798465e-05,9.640735174798465e-05,2.939497390005272
E2_cec2022_competition,cec2022,7,10,jSO,9,876109186525951110,200000,200000,2000.0000022862582,2.2862582227389794e-06,2.2862582227389794e-06,1.9395275739952922
E2_cec2022_competition,cec2022,7,10,jSO,10,5097959926081962772,200000,200000,2000.000013384165,1.3384164958551992e-05,1.3384164958551992e-05,1.909510452998802
E2_cec2022_competition,cec2022,7,10,jSO,11,7196723442057690989,200000,200000,2000.0003069003762,0.0003069003762448119,0.0003069003762448119,1.9382921869982965
E2_cec2022_competition,cec2022,7,10,jSO,12,4669758118038767716,200000,200000,2000.0000065464994,6.546499434989528e-06,6.546499434989528e-06,1.9435772490105592
E2_cec2022_competition,cec2022,7,10,jSO,13,2832378931053968911,200000,200000,2000.0000722827253,7.228272534121061e-05,7.228272534121061e-05,1.8799224869871978
E2_cec2022_competition,cec2022,7,10,jSO,14,1600031143023877584,200000,200000,2000.0,0.0,0.0,1.8643712390039582
E2_cec2022_competition,cec2022,7,10,jSO,15,1163321295815698237,200000,200000,2000.0000807670235,8.076702351900167e-05,8.076702351900167e-05,1.9501894309942145
E2_cec2022_competition,cec2022,7,10,jSO,16,9118304833819545260,200000,200000,2000.0000000825403,8.254028216470033e-08,8.254028216470033e-08,1.9423496270028409
E2_cec2022_competition,cec2022,7,10,jSO,17,904248327827623792,200000,200000,2000.0,0.0,0.0,2.029501089011319
E2_cec2022_competition,cec2022,7,10,jSO,18,6837319192741637288,200000,200000,2000.0000001503968,1.5039677236927673e-07,1.5039677236927673e-07,2.0321071170037612
E2_cec2022_competition,cec2022,7,10,jSO,19,8968805113194212619,200000,200000,2000.0,0.0,0.0,2.5390209809993394
E2_cec2022_competition,cec2022,7,10,jSO,20,2482432243099946395,200000,200000,2000.0000099988124,9.998812402045587e-06,9.998812402045587e-06,3.0218649599992204
E2_cec2022_competition,cec2022,7,10,jSO,21,53386794277262773,200000,200000,2000.0002924971268,0.0002924971267930232,0.0002924971267930232,3.023167081992142
E2_cec2022_competition,cec2022,7,10,jSO,22,5381918370431571182,200000,200000,2000.000000001322,0.0,1.3219505490269512e-09,2.392806188989198
E2_cec2022_competition,cec2022,7,10,jSO,23,888908533693465397,200000,200000,2000.0000000000002,0.0,2.2737367544323206e-13,1.97035179802333
E2_cec2022_competition,cec2022,7,10,jSO,24,4758565920208148653,200000,200000,2000.0,0.0,0.0,1.9523560850066133
E2_cec2022_competition,cec2022,7,10,jSO,25,4213476806381069827,200000,200000,2000.0,0.0,0.0,1.9466566549963318
E2_cec2022_competition,cec2022,7,10,jSO,26,5656553130591609115,200000,200000,2000.0000348510819,3.485108186396246e-05,3.485108186396246e-05,1.9596292169881053
E2_cec2022_competition,cec2022,7,10,jSO,27,5278831449656253900,200000,200000,2000.0000000298305,2.983051672345027e-08,2.983051672345027e-08,1.9444874360051472
E2_cec2022_competition,cec2022,7,10,jSO,28,6262186306458424293,200000,200000,2000.000000000001,0.0,9.094947017729282e-13,1.963026347977575
E2_cec2022_competition,cec2022,7,10,jSO,29,5089978773670637381,200000,200000,2000.0000000000005,0.0,4.547473508864641e-13,2.450241484999424
E2_cec2022_competition,cec2022,7,10,LSHADE,0,1753694223138336039,200000,200000,2000.0000008867805,8.867805263435002e-07,8.867805263435002e-07,1.8622362650057767
E2_cec2022_competition,cec2022,7,10,LSHADE,1,4883204156435643567,200000,200000,2000.0000074147167,7.414716719722492e-06,7.414716719722492e-06,1.8527870620018803
E2_cec2022_competition,cec2022,7,10,LSHADE,2,9154806044295622182,200000,200000,2000.0000006869532,6.869531716802157e-07,6.869531716802157e-07,1.8367536189907696
E2_cec2022_competition,cec2022,7,10,LSHADE,3,5396836882891070417,200000,200000,2000.0000015675053,1.5675052509322995e-06,1.5675052509322995e-06,2.1721832059847657
E2_cec2022_competition,cec2022,7,10,LSHADE,4,5512112263213613955,200000,200000,2000.0000018250553,1.825055278459331e-06,1.825055278459331e-06,1.9445517870190088
E2_cec2022_competition,cec2022,7,10,LSHADE,5,7206369284708803689,200000,200000,2000.0000005695285,5.695285381079884e-07,5.695285381079884e-07,1.8993705050088465
E2_cec2022_competition,cec2022,7,10,LSHADE,6,1942610197731574666,200000,200000,2000.0000027918193,2.7918192699871724e-06,2.7918192699871724e-06,1.9118056780134793
E2_cec2022_competition,cec2022,7,10,LSHADE,7,2005136720892640658,200000,200000,2000.0001365730889,0.00013657308886649844,0.00013657308886649844,2.742847742018057
E2_cec2022_competition,cec2022,7,10,LSHADE,8,7616167350986741974,200000,200000,2000.000852623286,0.0008526232859367155,0.0008526232859367155,1.9120711360010318
E2_cec2022_competition,cec2022,7,10,LSHADE,9,2939546214147897308,200000,200000,2000.0,0.0,0.0,1.8602023900020868
E2_cec2022_competition,cec2022,7,10,LSHADE,10,3627120030772709430,200000,200000,2000.0000004984588,4.984588031220483e-07,4.984588031220483e-07,2.250734586996259
E2_cec2022_competition,cec2022,7,10,LSHADE,11,802413778827841198,200000,200000,2000.0000010065946,1.0065946298709605e-06,1.0065946298709605e-06,2.9334990300121717
E2_cec2022_competition,cec2022,7,10,LSHADE,12,7982741114761614148,200000,200000,2000.000002882655,2.8826550533267437e-06,2.8826550533267437e-06,2.9010649060073774
E2_cec2022_competition,cec2022,7,10,LSHADE,13,479561229577079969,200000,200000,2000.0000018864926,1.886492555058794e-06,1.886492555058794e-06,2.8903164049843326
E2_cec2022_competition,cec2022,7,10,LSHADE,14,8393558181968558847,200000,200000,2000.000075634535,7.56345350509946e-05,7.56345350509946e-05,2.7556163310073316
E2_cec2022_competition,cec2022,7,10,LSHADE,15,3712258053228933537,200000,200000,2000.0000015235762,1.5235762020893162e-06,1.5235762020893162e-06,2.915065364999464
E2_cec2022_competition,cec2022,7,10,LSHADE,16,3000345167229830680,200000,200000,2000.000000105709,1.0570897757133935e-07,1.0570897757133935e-07,2.7838872050051577
E2_cec2022_competition,cec2022,7,10,LSHADE,17,6829032607904073620,200000,200000,2000.0000044515027,4.45150271843886e-06,4.45150271843886e-06,2.9384589919936843
E2_cec2022_competition,cec2022,7,10,LSHADE,18,915854424553997101,200000,200000,2000.000000345402,3.4540198612376116e-07,3.4540198612376116e-07,2.6326434709772
E2_cec2022_competition,cec2022,7,10,LSHADE,19,762557519536712492,200000,200000,2000.0,0.0,0.0,2.8517577449965756
E2_cec2022_competition,cec2022,7,10,LSHADE,20,7836363362425909140,200000,200000,2000.0000016916206,1.6916205822781194e-06,1.6916205822781194e-06,2.1728727190056816
E2_cec2022_competition,cec2022,7,10,LSHADE,21,3987146345676259052,200000,200000,2000.000048462177,4.84621768919169e-05,4.84621768919169e-05,1.8278468440112192
E2_cec2022_competition,cec2022,7,10,LSHADE,22,7043801805659012004,200000,200000,2000.000021797708,2.1797708086523926e-05,2.1797708086523926e-05,2.544033832993591
E2_cec2022_competition,cec2022,7,10,LSHADE,23,4055393969062881018,200000,200000,2000.0000045523998,4.552399786916794e-06,4.552399786916794e-06,2.709957953018602
E2_cec2022_competition,cec2022,7,10,LSHADE,24,7814981972479198762,200000,200000,2000.000767873722,0.0007678737219976028,0.0007678737219976028,2.750039309990825
E2_cec2022_competition,cec2022,7,10,LSHADE,25,2631305155098311473,200000,200000,2000.000001680978,1.680977902651648e-06,1.680977902651648e-06,2.7307707800064236
E2_cec2022_competition,cec2022,7,10,LSHADE,26,3775200361067042940,200000,200000,2000.0056683173466,0.005668317346589902,0.005668317346589902,2.794983037019847
E2_cec2022_competition,cec2022,7,10,LSHADE,27,7807074701245836158,200000,200000,2000.0,0.0,0.0,2.6244893269904424
E2_cec2022_competition,cec2022,7,10,LSHADE,28,5166720597761318439,200000,200000,2000.0000000684934,6.84933638694929e-08,6.84933638694929e-08,2.7057903360109776
E2_cec2022_competition,cec2022,7,10,LSHADE,29,3891596300835953579,200000,200000,2000.0000002101463,2.101462541759247e-07,2.101462541759247e-07,2.7145378130080644
E2_cec2022_competition,cec2022,10,10,DE,0,8531552341205403812,200000,200000,2500.2626096621802,100.26260966218024,100.26260966218024,1.2635329390177503
E2_cec2022_competition,cec2022,10,10,DE,1,202269759812804993,200000,200000,2500.2311564399156,100.2311564399156,100.2311564399156,1.243575126020005
E2_cec2022_competition,cec2022,10,10,DE,2,8322773606048457197,200000,200000,2500.235282204941,100.23528220494109,100.23528220494109,1.2486724970221985
E2_cec2022_competition,cec2022,10,10,DE,3,8747323517081102454,200000,200000,2500.2046783486376,100.20467834863757,100.20467834863757,1.2666516389872413
E2_cec2022_competition,cec2022,10,10,DE,4,7581331396668012874,200000,200000,2500.2427419494957,100.24274194949567,100.24274194949567,1.2338304089789744
E2_cec2022_competition,cec2022,10,10,DE,5,5921674571923516412,200000,200000,2500.2311107781607,100.23111077816066,100.23111077816066,1.282136672991328
E2_cec2022_competition,cec2022,10,10,DE,6,4714130767102450120,200000,200000,2500.203000168455,100.20300016845522,100.20300016845522,1.2166759340034332
E2_cec2022_competition,cec2022,10,10,DE,7,7005623855312763218,200000,200000,2500.208260559186,100.20826055918587,100.20826055918587,1.267525607981952
E2_cec2022_competition,cec2022,10,10,DE,8,188001644392051910,200000,200000,2500.1545041196446,100.15450411964457,100.15450411964457,1.2263228579831775
E2_cec2022_competition,cec2022,10,10,DE,9,1858603224216327267,200000,200000,2500.221252247291,100.22125224729098,100.22125224729098,1.2439982899813913
E2_cec2022_competition,cec2022,10,10,DE,10,931227429313171196,200000,200000,2500.177878512092,100.17787851209187,100.17787851209187,1.2524792670155875
E2_cec2022_competition,cec2022,10,10,DE,11,8162867314555221036,200000,200000,2500.223614097035,100.2236140970349,100.2236140970349,1.0607629010046367
E2_cec2022_competition,cec2022,10,10,DE,12,5422273906562212347,200000,200000,2500.2296638343037,100.22966383430366,100.22966383430366,1.1749248649866786
E2_cec2022_competition,cec2022,10,10,DE,13,1645793269997175499,200000,200000,2500.24595001782,100.24595001782018,100.24595001782018,1.2180922100087628
E2_cec2022_competition,cec2022,10,10,DE,14,763046901529130660,200000,200000,2500.189968129281,100.18996812928117,100.18996812928117,1.2541576250223443
E2_cec2022_competition,cec2022,10,10,DE,15,7626996040341077274,200000,200000,2500.2627045037007,100.26270450370066,100.26270450370066,1.2352005380089395
E2_cec2022_competition,cec2022,10,10,DE,16,8258919901332761601,200000,200000,2500.2114683119585,100.21146831195847,100.21146831195847,1.2356884139881004
E2_cec2022_competition,cec2022,10,10,DE,17,4634276505567603697,200000,200000,2500.200962845422,100.20096284542205,100.20096284542205,1.2549148950201925
E2_cec2022_competition,cec2022,10,10,DE,18,8076579073445278315,200000,200000,2500.2077105790536,100.20771057905358,100.20771057905358,1.2214792929880787
E2_cec2022_competition,cec2022,10,10,DE,19,2994774721460143273,200000,200000,2500.1984954984796,100.19849549847959,100.19849549847959,1.2838508980057668
E2_cec2022_competition,cec2022,10,10,DE,20,5142855531406626133,200000,200000,2500.2519733342833,100.25197333428332,100.25197333428332,1.2241419170168228
E2_cec2022_competition,cec2022,10,10,DE,21,7085901115743363740,200000,200000,2500.1987338698905,100.19873386989048,100.19873386989048,1.267177214002004
E2_cec2022_competition,cec2022,10,10,DE,22,4235220867419404590,200000,200000,2500.2617739792327,100.26177397923266,100.26177397923266,1.2394204729935154
E2_cec2022_competition,cec2022,10,10,DE,23,2038862763848046712,200000,200000,2500.2523127126174,100.25231271261737,100.25231271261737,1.2512895049876533
E2_cec2022_competition,cec2022,10,10,DE,24,5748113705658786402,200000,200000,2500.246873346776,100.24687334677583,100.24687334677583,1.2550099630025215
E2_cec2022_competition,cec2022,10,10,DE,25,1954027195395687613,200000,200000,2500.1810564409775,100.1810564409775,100.1810564409775,1.2303229499957524
E2_cec2022_competition,cec2022,10,10,DE,26,4265266730391612544,200000,200000,2500.1817926010526,100.18179260105262,100.18179260105262,1.2763553689874243
E2_cec2022_competition,cec2022,10,10,DE,27,4083246758687539061,200000,200000,2500.2662250004546,100.2662250004546,100.2662250004546,1.2156450700131245
E2_cec2022_competition,cec2022,10,10,DE,28,7664227218044415695,200000,200000,2500.2639387669037,100.26393876690372,100.26393876690372,1.2704658820002805
E2_cec2022_competition,cec2022,10,10,DE,29,8974351645810987855,200000,200000,2500.1884665899697,100.18846658996972,100.18846658996972,1.2304581240168773
E2_cec2022_competition,cec2022,8,10,LSHADE,0,8979648178193308603,200000,200000,2200.1338716892897,0.13387168928966275,0.13387168928966275,3.258196195005439
E2_cec2022_competition,cec2022,8,10,LSHADE,1,7984702316533828505,200000,200000,2200.702802074311,0.7028020743109664,0.7028020743109664,3.1388972369895782
E2_cec2022_competition,cec2022,8,10,LSHADE,2,8559406943154774074,200000,200000,2200.225502959519,0.2255029595189626,0.2255029595189626,3.151282156992238
E2_cec2022_competition,cec2022,8,10,LSHADE,3,6262079153506638850,200000,200000,2200.2817562330606,0.28175623306060515,0.28175623306060515,2.481764540018048
E2_cec2022_competition,cec2022,8,10,LSHADE,4,273277657487238811,200000,200000,2200.343933063625,0.3439330636251725,0.3439330636251725,2.2345545800053515
E2_cec2022_competition,cec2022,8,10,LSHADE,5,8257472586449643768,200000,200000,2200.307903564278,0.30790356427814913,0.30790356427814913,2.0841167570033576
E2_cec2022_competition,cec2022,8,10,LSHADE,6,893445056350377677,200000,200000,2200.293068943314,0.29306894331421063,0.29306894331421063,2.094474715006072
E2_cec2022_competition,cec2022,8,10,LSHADE,7,2618736165930558090,200000,200000,2200.8768036844435,0.8768036844435301,0.8768036844435301,2.3492649419931695
E2_cec2022_competition,cec2022,8,10,LSHADE,8,5064186519189044839,200000,200000,2200.6459211450147,0.645921145014654,0.645921145014654,2.1181004169920925
E2_cec2022_competition,cec2022,8,10,LSHADE,9,3059586471945843454,200000,200000,2202.8395485658857,2.839548565885707,2.839548565885707,2.1050755270116497
E2_cec2022_competition,cec2022,8,10,LSHADE,10,1492193760099071034,200000,200000,2200.218279158486,0.21827915848598423,0.21827915848598423,2.053237459011143
E2_cec2022_competition,cec2022,8,10,LSHADE,11,2209706991594163862,200000,200000,2200.8183110137775,0.8183110137774747,0.8183110137774747,2.13628433298436
E2_cec2022_competition,cec2022,8,10,LSHADE,12,5898071174606912343,200000,200000,2200.4028472932046,0.4028472932045588,0.4028472932045588,2.0935985810065176
E2_cec2022_competition,cec2022,8,10,LSHADE,13,4940300723865852009,200000,200000,2202.7752687744237,2.7752687744236937,2.7752687744236937,2.096252157993149
E2_cec2022_competition,cec2022,8,10,LSHADE,14,5697966018071490819,200000,200000,2201.269413611287,1.2694136112868364,1.2694136112868364,2.071990903990809
E2_cec2022_competition,cec2022,8,10,LSHADE,15,5374970118567531966,200000,200000,2202.7300747961294,2.730074796129429,2.730074796129429,2.0654352779965848
E2_cec2022_competition,cec2022,8,10,LSHADE,16,6396409197329902538,200000,200000,2200.4465556507535,0.44655565075345294,0.44655565075345294,2.0470573480124585
E2_cec2022_competition,cec2022,8,10,LSHADE,17,8587208006985621115,200000,200000,2200.6661482436875,0.6661482436875303,0.6661482436875303,2.4107644720061217
E2_cec2022_competition,cec2022,8,10,LSHADE,18,2841280381830043817,200000,200000,2200.1850522917725,0.18505229177253568,0.18505229177253568,2.1141153720091097
E2_cec2022_competition,cec2022,8,10,LSHADE,19,7953463247882842486,200000,200000,2200.8697409569227,0.8697409569226693,0.8697409569226693,2.8005393689963967
E2_cec2022_competition,cec2022,8,10,LSHADE,20,7263726059728139683,200000,200000,2200.8021863431536,0.8021863431536076,0.8021863431536076,3.207113123004092
E2_cec2022_competition,cec2022,8,10,LSHADE,21,4110388673002599033,200000,200000,2200.2850595311093,0.28505953110925475,0.28505953110925475,3.2108965299848933
E2_cec2022_competition,cec2022,8,10,LSHADE,22,6763128191424130844,200000,200000,2206.416514888027,6.416514888026995,6.416514888026995,2.489187191997189
E2_cec2022_competition,cec2022,8,10,LSHADE,23,1986397148591454381,200000,200000,2200.852422279923,0.8524222799228482,0.8524222799228482,2.028943162993528
E2_cec2022_competition,cec2022,8,10,LSHADE,24,241369156786580162,200000,200000,2200.3694849549233,0.3694849549233368,0.3694849549233368,2.152658414997859
E2_cec2022_competition,cec2022,8,10,LSHADE,25,2748926215668424945,200000,200000,2200.3542316545504,0.3542316545504036,0.3542316545504036,2.365703885006951
E2_cec2022_competition,cec2022,8,10,LSHADE,26,7006524729494873265,200000,200000,2200.3033011540388,0.30330115403876334,0.30330115403876334,3.153485949995229
E2_cec2022_competition,cec2022,8,10,LSHADE,27,8521324998373984310,200000,200000,2200.2204731885217,0.22047318852173703,0.22047318852173703,2.890073640999617
E2_cec2022_competition,cec2022,8,10,LSHADE,28,1235862214213876881,200000,200000,2200.4871051800114,0.4871051800114401,0.4871051800114401,2.730530007975176
E2_cec2022_competition,cec2022,8,10,LSHADE,29,1913247997490790985,200000,200000,2200.4986840706233,0.49868407062331244,0.49868407062331244,2.9770456360129174
E2_cec2022_competition,cec2022,11,10,DE,0,1219118906771590307,200000,200000,2600.0,0.0,0.0,1.4362101440201513
E2_cec2022_competition,cec2022,11,10,DE,1,5227770121606097211,200000,200000,2600.0,0.0,0.0,1.4174730110098608
E2_cec2022_competition,cec2022,11,10,DE,2,8211067213877577343,200000,200000,2600.0,0.0,0.0,1.446404034999432
E2_cec2022_competition,cec2022,11,10,DE,3,8778729430631799783,200000,200000,2600.0,0.0,0.0,1.4403000849997625
E2_cec2022_competition,cec2022,11,10,DE,4,2831718929744244111,200000,200000,2600.0,0.0,0.0,1.4375150119885802
E2_cec2022_competition,cec2022,11,10,DE,5,398555363507859938,200000,200000,2600.0,0.0,0.0,1.4199653060059063
E2_cec2022_competition,cec2022,11,10,DE,6,9081382628627617900,200000,200000,2600.0,0.0,0.0,1.425164868007414
E2_cec2022_competition,cec2022,11,10,DE,7,46911332410998223,200000,200000,2600.0,0.0,0.0,1.3396615069941618
E2_cec2022_competition,cec2022,11,10,DE,8,4476076392388802703,200000,200000,2600.0,0.0,0.0,1.4264723910018802
E2_cec2022_competition,cec2022,11,10,DE,9,1321527801363834479,200000,200000,2600.0,0.0,0.0,1.335876647994155
E2_cec2022_competition,cec2022,11,10,DE,10,7226089263599006317,200000,200000,2600.0,0.0,0.0,1.427519463992212
E2_cec2022_competition,cec2022,11,10,DE,11,141656643378823403,200000,200000,2600.0,0.0,0.0,1.3369655100104865
E2_cec2022_competition,cec2022,11,10,DE,12,3606346307204319991,200000,200000,2600.0,0.0,0.0,1.4275787549850065
E2_cec2022_competition,cec2022,11,10,DE,13,351022546095815275,200000,200000,2600.0,0.0,0.0,1.3395964840019587
E2_cec2022_competition,cec2022,11,10,DE,14,4631914583865734171,200000,200000,2600.0,0.0,0.0,1.432678350014612
E2_cec2022_competition,cec2022,11,10,DE,15,7204688311557560219,200000,200000,2600.0,0.0,0.0,1.3366286080272403
E2_cec2022_competition,cec2022,11,10,DE,16,7080900750440251524,200000,200000,2600.0,0.0,0.0,1.4098552629875485
E2_cec2022_competition,cec2022,11,10,DE,17,1391547063713463792,200000,200000,2600.0,0.0,0.0,1.345941406005295
E2_cec2022_competition,cec2022,11,10,DE,18,9086323398459584139,200000,200000,2600.0,0.0,0.0,1.4192778360156808
E2_cec2022_competition,cec2022,11,10,DE,19,1790097723719919805,200000,200000,2600.0,0.0,0.0,1.3499519280157983
E2_cec2022_competition,cec2022,11,10,DE,20,5429987727055412106,200000,200000,2600.0,0.0,0.0,1.339697162999073
E2_cec2022_competition,cec2022,11,10,DE,21,5448575810131668108,200000,200000,2600.0,0.0,0.0,1.141818860982312
E2_cec2022_competition,cec2022,11,10,DE,22,6143809079218530405,200000,200000,2600.0,0.0,0.0,1.4296425769862253
E2_cec2022_competition,cec2022,11,10,DE,23,1823045069355884100,200000,200000,2600.0,0.0,0.0,1.3678186690085568
E2_cec2022_competition,cec2022,11,10,DE,24,6821515647318333069,200000,200000,2600.0,0.0,0.0,1.4190384070097934
E2_cec2022_competition,cec2022,11,10,DE,25,1264209396426036650,200000,200000,2600.0,0.0,0.0,1.3824483579955995
E2_cec2022_competition,cec2022,11,10,DE,26,1074269516475451997,200000,200000,2600.0,0.0,0.0,1.4350533149845432
E2_cec2022_competition,cec2022,11,10,DE,27,3298911279718242420,200000,200000,2600.0,0.0,0.0,1.4343274040147662
E2_cec2022_competition,cec2022,11,10,DE,28,7434265542255161919,200000,200000,2600.0,0.0,0.0,1.4321612300118431
E2_cec2022_competition,cec2022,11,10,DE,29,5325051147099478907,200000,200000,2600.0,0.0,0.0,1.4304189319955185
E2_cec2022_competition,cec2022,10,10,SHADE,0,94275885474563134,200000,200000,2500.195603619197,100.19560361919685,100.19560361919685,1.102023339975858
E2_cec2022_competition,cec2022,10,10,SHADE,1,3830540824472946196,200000,200000,2500.237718174171,100.23771817417082,100.23771817417082,1.114474844012875
E2_cec2022_competition,cec2022,10,10,SHADE,2,1290977622556193695,200000,200000,2500.238568530915,100.23856853091502,100.23856853091502,1.0973916620132513
E2_cec2022_competition,cec2022,10,10,SHADE,3,6053765639145008025,200000,200000,2500.285914959523,100.28591495952287,100.28591495952287,1.111582259007264
E2_cec2022_competition,cec2022,10,10,SHADE,4,3686625824112993773,200000,200000,2500.219463291109,100.21946329110915,100.21946329110915,1.1145174940174911
E2_cec2022_competition,cec2022,10,10,SHADE,5,717713001180489370,200000,200000,2500.2018768607195,100.2018768607195,100.2018768607195,1.1049957649956923
E2_cec2022_competition,cec2022,10,10,SHADE,6,7751303594402027154,200000,200000,2500.2024492873866,100.20244928738657,100.20244928738657,1.1244547629903536
E2_cec2022_competition,cec2022,10,10,SHADE,7,9064908650318505566,200000,200000,2500.221373158087,100.22137315808686,100.22137315808686,1.6107244059967343
E2_cec2022_competition,cec2022,10,10,SHADE,8,2807881953830434309,200000,200000,2500.236023376042,100.23602337604189,100.23602337604189,1.748954261012841
E2_cec2022_competition,cec2022,10,10,SHADE,9,2190295887501169131,200000,200000,2604.3569744884676,204.35697448846759,204.35697448846759,1.7801739480055403
E2_cec2022_competition,cec2022,10,10,SHADE,10,3662611537666439933,200000,200000,2500.2337171220015,100.23371712200151,100.23371712200151,1.7918936390196905
E2_cec2022_competition,cec2022,10,10,SHADE,11,4635669702487662059,200000,200000,2500.265228542083,100.26522854208315,100.26522854208315,1.7694488519919105
E2_cec2022_competition,cec2022,10,10,SHADE,12,9049453332335927189,200000,200000,2500.239780810461,100.23978081046107,100.23978081046107,1.759112584986724
E2_cec2022_competition,cec2022,10,10,SHADE,13,7926591154141777622,200000,200000,2500.2532142304276,100.2532142304276,100.2532142304276,1.7679906869889237
E2_cec2022_competition,cec2022,10,10,SHADE,14,7664333505667735079,200000,200000,2500.199997243857,100.19999724385707,100.19999724385707,1.7628041589923669
E2_cec2022_competition,cec2022,10,10,SHADE,15,8041805468629537412,200000,200000,2500.243736386109,100.24373638610905,100.24373638610905,1.7791597449977417
E2_cec2022_competition,cec2022,10,10,SHADE,16,1960261615090383352,200000,200000,2500.255665304764,100.25566530476408,100.25566530476408,1.7846556830045301
E2_cec2022_competition,cec2022,10,10,SHADE,17,4177432741038366462,200000,200000,2500.2366797170457,100.23667971704572,100.23667971704572,1.7677472200011835
E2_cec2022_competition,cec2022,10,10,SHADE,18,7224723300562488577,200000,200000,2500.2637021175924,100.2637021175924,100.2637021175924,1.7651472139987163
E2_cec2022_competition,cec2022,10,10,SHADE,19,4802955628857710689,200000,200000,2500.2276539001496,100.22765390014956,100.22765390014956,1.763105703983456
E2_cec2022_competition,cec2022,10,10,SHADE,20,1850581990229988901,200000,200000,2500.2585359347127,100.25853593471265,100.25853593471265,1.7716683050093707
E2_cec2022_competition,cec2022,10,10,SHADE,21,2110292718100646224,200000,200000,2500.244044225895,100.24404422589487,100.24404422589487,1.7541563890117686
E2_cec2022_competition,cec2022,10,10,SHADE,22,5124757375140697606,200000,200000,2500.273955776498,100.27395577649804,100.27395577649804,1.7476482120109722
E2_cec2022_competition,cec2022,10,10,SHADE,23,5880108813733954431,200000,200000,2500.224161389779,100.22416138977906,100.22416138977906,1.7434846230025869
E2_cec2022_competition,cec2022,10,10,SHADE,24,4270527680953119344,200000,200000,2500.2662061231667,100.26620612316674,100.26620612316674,1.736355711997021
E2_cec2022_competition,cec2022,10,10,SHADE,25,7416555543103077485,200000,200000,2500.226955290202,100.22695529020211,100.22695529020211,1.7667754979920574
E2_cec2022_competition,cec2022,10,10,SHADE,26,5584237918777118318,200000,200000,2500.200072393283,100.20007239328288,100.20007239328288,1.7435055320092943
E2_cec2022_competition,cec2022,10,10,SHADE,27,7510918817238910910,200000,200000,2500.2238820020157,100.22388200201567,100.22388200201567,1.7556949249992613
E2_cec2022_competition,cec2022,10,10,SHADE,28,4926065891689269941,200000,200000,2500.2774381287336,100.27743812873359,100.27743812873359,1.7401290190173313
E2_cec2022_competition,cec2022,10,10,SHADE,29,3322420729844173784,200000,200000,2500.2454697860226,100.24546978602257,100.24546978602257,1.7501547229767311
E2_cec2022_competition,cec2022,9,10,LSHADE,0,4465325594082581298,200000,200000,2529.284382708487,229.2843827084871,229.2843827084871,2.3319154609926045
E2_cec2022_competition,cec2022,9,10,LSHADE,1,8729845949043432284,200000,200000,2529.284382708487,229.2843827084871,229.2843827084871,2.42821499198908
E2_cec2022_competition,cec2022,9,10,LSHADE,2,8491744559918366193,200000,200000,2529.284382708487,229.2843827084871,229.2843827084871,2.3928952160058543
E2_cec2022_competition,cec2022,9,10,LSHADE,3,2572830102744928670,200000,200000,2529.284382708487,229.2843827084871,229.2843827084871,2.373529573000269
E2_cec2022_competition,cec2022,9,10,LSHADE,4,7471126206399209731,200000,200000,2529.284382708487,229.2843827084871,229.2843827084871,2.367999070993392
E2_cec2022_competition,cec2022,9,10,LSHADE,5,6737103848224266788,200000,200000,2529.284382708487,229.2843827084871,229.2843827084871,2.3172253179945983
E2_cec2022_competition,cec2022,9,10,LSHADE,6,2679203437496479759,200000,200000,2529.284382708487,229.2843827084871,229.2843827084871,2.209865152981365
E2_cec2022_competition,cec2022,9,10,LSHADE,7,4370450636222568337,200000,200000,2529.284382708487,229.2843827084871,229.2843827084871,2.2101301689981483
E2_cec2022_competition,cec2022,9,10,LSHADE,8,2814539922043300608,200000,200000,2529.284382708487,229.2843827084871,229.2843827084871,2.202143310016254
E2_cec2022_competition,cec2022,9,10,LSHADE,9,4015718658100378590,200000,200000,2529.284382708487,229.2843827084871,229.2843827084871,2.206508286006283
E2_cec2022_competition,cec2022,9,10,LSHADE,10,4445872020889712176,200000,200000,2529.284382708487,229.2843827084871,229.2843827084871,2.171768397995038
E2_cec2022_competition,cec2022,9,10,LSHADE,11,4557905895888031713,200000,200000,2529.284382708487,229.2843827084871,229.2843827084871,2.1827627579914406
E2_cec2022_competition,cec2022,9,10,LSHADE,12,8558846805214217907,200000,200000,2529.284382708487,229.2843827084871,229.2843827084871,1.7469569759850856
E2_cec2022_competition,cec2022,9,10,LSHADE,13,7263393726683585456,200000,200000,2529.284382708487,229.2843827084871,229.2843827084871,2.2066703499876894
E2_cec2022_competition,cec2022,9,10,LSHADE,14,1933168468155628225,200000,200000,2529.284382708487,229.2843827084871,229.2843827084871,2.199370478017954
E2_cec2022_competition,cec2022,9,10,LSHADE,15,4764061485018587376,200000,200000,2529.284382708487,229.2843827084871,229.2843827084871,2.209671218995936
E2_cec2022_competition,cec2022,9,10,LSHADE,16,7183773555008771609,200000,200000,2529.284382708487,229.2843827084871,229.2843827084871,2.18489631000557
E2_cec2022_competition,cec2022,9,10,LSHADE,17,2134222576232768882,200000,200000,2529.284382708487,229.2843827084871,229.2843827084871,2.2056063639756758
E2_cec2022_competition,cec2022,9,10,LSHADE,18,569393051990654330,200000,200000,2529.284382708487,229.2843827084871,229.2843827084871,2.2220997889817227
E2_cec2022_competition,cec2022,9,10,LSHADE,19,7746963220722952236,200000,200000,2529.284382708487,229.2843827084871,229.2843827084871,2.1992464850191027
E2_cec2022_competition,cec2022,9,10,LSHADE,20,3962795170979535005,200000,200000,2529.284382708487,229.2843827084871,229.2843827084871,2.199596672988264
E2_cec2022_competition,cec2022,9,10,LSHADE,21,321464019138129273,200000,200000,2529.284382708487,229.2843827084871,229.2843827084871,2.189525453024544
E2_cec2022_competition,cec2022,9,10,LSHADE,22,9007645129136957486,200000,200000,2529.284382708487,229.2843827084871,229.2843827084871,2.268597401009174
E2_cec2022_competition,cec2022,9,10,LSHADE,23,7943418785009565921,200000,200000,2529.284382708487,229.2843827084871,229.2843827084871,2.3427244549966417
E2_cec2022_competition,cec2022,9,10,LSHADE,24,3274018158576616417,200000,200000,2529.284382708487,229.2843827084871,229.2843827084871,2.4591706630017143
E2_cec2022_competition,cec2022,9,10,LSHADE,25,5553047394612503958,200000,200000,2529.284382708487,229.2843827084871,229.2843827084871,1.920332370995311
E2_cec2022_competition,cec2022,9,10,LSHADE,26,9173374951637748984,200000,200000,2529.284382708487,229.2843827084871,229.2843827084871,1.61562597999
E2_cec2022_competition,cec2022,9,10,LSHADE,27,3488057683248116401,200000,200000,2529.284382708487,229.2843827084871,229.2843827084871,2.2062059990130365
E2_cec2022_competition,cec2022,9,10,LSHADE,28,3425539458574827734,200000,200000,2529.284382708487,229.2843827084871,229.2843827084871,2.227251051022904
E2_cec2022_competition,cec2022,9,10,LSHADE,29,6548133024428839402,200000,200000,2529.284382708487,229.2843827084871,229.2843827084871,2.2432775210181717
E2_cec2022_competition,cec2022,12,10,DE,0,4954393250729682435,200000,200000,2863.4948352028796,163.49483520287959,163.49483520287959,0.9698117619846016
E2_cec2022_competition,cec2022,12,10,DE,1,6006485436379796544,200000,200000,2861.404880758749,161.4048807587492,161.4048807587492,0.9727931439992972
E2_cec2022_competition,cec2022,12,10,DE,2,3743388767226693829,200000,200000,2863.4948352028796,163.49483520287959,163.49483520287959,0.9643244400213007
E2_cec2022_competition,cec2022,12,10,DE,3,8275131373108011095,200000,200000,2861.4352676774106,161.4352676774106,161.4352676774106,1.000473100983072
E2_cec2022_competition,cec2022,12,10,DE,4,5196942257740063988,200000,200000,2863.4777054684273,163.4777054684273,163.4777054684273,0.9950134000100661
E2_cec2022_competition,cec2022,12,10,DE,5,5011392456841197110,200000,200000,2862.8458529176314,162.84585291763142,162.84585291763142,0.9931774960132316
E2_cec2022_competition,cec2022,12,10,DE,6,8884232728902708806,200000,200000,2859.3687336370376,159.36873363703762,159.36873363703762,0.9673117329948582
E2_cec2022_competition,cec2022,12,10,DE,7,1914678341000874586,200000,200000,2861.404880758749,161.4048807587492,161.4048807587492,0.9860168560117017
E2_cec2022_competition,cec2022,12,10,DE,8,2708629897872735357,200000,200000,2859.543776286797,159.54377628679686,159.54377628679686,0.9929729329887778
E2_cec2022_competition,cec2022,12,10,DE,9,157050545579142149,200000,200000,2859.543776286797,159.54377628679686,159.54377628679686,1.047682767995866
E2_cec2022_competition,cec2022,12,10,DE,10,152475971137953533,200000,200000,2861.4352676774106,161.4352676774106,161.4352676774106,0.9868046639894601
E2_cec2022_competition,cec2022,12,10,DE,11,5072958823819946537,200000,200000,2862.7001305353288,162.70013053532875,162.70013053532875,0.9622780510107987
E2_cec2022_competition,cec2022,12,10,DE,12,2524545941142249495,200000,200000,2863.4948352028796,163.49483520287959,163.49483520287959,0.9731142760138027
E2_cec2022_competition,cec2022,12,10,DE,13,8629927340358817390,200000,200000,2862.567376357956,162.56737635795616,162.56737635795616,0.9800376119965222
E2_cec2022_competition,cec2022,12,10,DE,14,5530786253712693440,200000,200000,2861.404880758749,161.4048807587492,161.4048807587492,0.9724607300013304
E2_cec2022_competition,cec2022,12,10,DE,15,3137293868659434966,200000,200000,2860.6801761305433,160.68017613054326,160.68017613054326,1.0269837139931042
E2_cec2022_competition,cec2022,12,10,DE,16,3863704145172975368,200000,200000,2862.567376357956,162.56737635795616,162.56737635795616,0.9943860939820297
E2_cec2022_competition,cec2022,12,10,DE,17,7921913731886001667,200000,200000,2862.567376357956,162.56737635795616,162.56737635795616,0.9621819609892555
E2_cec2022_competition,cec2022,12,10,DE,18,4364309945817568740,200000,200000,2863.4948352028796,163.49483520287959,163.49483520287959,0.9552925390016753
E2_cec2022_competition,cec2022,12,10,DE,19,1312655876510591926,200000,200000,2862.7001305353288,162.70013053532875,162.70013053532875,0.961304755997844
E2_cec2022_competition,cec2022,12,10,DE,20,3463064608168487964,200000,200000,2863.4777054684273,163.4777054684273,163.4777054684273,0.9959356299950741
E2_cec2022_competition,cec2022,12,10,DE,21,7545824686038680976,200000,200000,2858.618354557668,158.61835455766823,158.61835455766823,0.9701149600150529
E2_cec2022_competition,cec2022,12,10,DE,22,2006459090322343001,200000,200000,2861.4352676774106,161.4352676774106,161.4352676774106,0.9787317120062653
E2_cec2022_competition,cec2022,12,10,DE,23,2416172833939435864,200000,200000,2863.4777054684273,163.4777054684273,163.4777054684273,1.3682046930189244
E2_cec2022_competition,cec2022,12,10,DE,24,2893124026552285064,200000,200000,2861.4352676774106,161.4352676774106,161.4352676774106,1.4668797190242913
E2_cec2022_competition,cec2022,12,10,DE,25,6262341741378043313,200000,200000,2863.4777054684273,163.4777054684273,163.4777054684273,1.4374047650198918
E2_cec2022_competition,cec2022,12,10,DE,26,6458715192971149147,200000,200000,2860.6801761305433,160.68017613054326,160.68017613054326,1.520973838021746
E2_cec2022_competition,cec2022,12,10,DE,27,1818532028845798870,200000,200000,2861.404880758749,161.4048807587492,161.4048807587492,1.4624992730095983
E2_cec2022_competition,cec2022,12,10,DE,28,8812258303403429675,200000,200000,2859.543776286797,159.54377628679686,159.54377628679686,1.5397396659827791
E2_cec2022_competition,cec2022,12,10,DE,29,3057324229356984991,200000,200000,2863.4777054684273,163.4777054684273,163.4777054684273,1.5374162880179938
E2_cec2022_competition,cec2022,11,10,SHADE,0,8437075839554985619,200000,200000,2600.0,0.0,0.0,1.7256852879945654
E2_cec2022_competition,cec2022,11,10,SHADE,1,4212729082298385007,200000,200000,2600.0,0.0,0.0,1.7114522219926585
E2_cec2022_competition,cec2022,11,10,SHADE,2,991258969128683849,200000,200000,2600.0,0.0,0.0,1.7149804299988318
E2_cec2022_competition,cec2022,11,10,SHADE,3,1199577939710157364,200000,200000,2600.0,0.0,0.0,1.7097529550082982
E2_cec2022_competition,cec2022,11,10,SHADE,4,8796894305308063940,200000,200000,2600.0,0.0,0.0,1.714372108981479
E2_cec2022_competition,cec2022,11,10,SHADE,5,8797182341604723052,200000,200000,2600.0,0.0,0.0,1.709967607021099
E2_cec2022_competition,cec2022,11,10,SHADE,6,7966226673821408935,200000,200000,2600.0,0.0,0.0,1.1257640779949725
E2_cec2022_competition,cec2022,11,10,SHADE,7,7407910850080274441,200000,200000,2600.0,0.0,0.0,1.0848500400024932
E2_cec2022_competition,cec2022,11,10,SHADE,8,1694091380676899558,200000,200000,2600.0,0.0,0.0,1.0738591340195853
E2_cec2022_competition,cec2022,11,10,SHADE,9,673414310915619301,200000,200000,2600.0,0.0,0.0,1.0993867139914073
E2_cec2022_competition,cec2022,11,10,SHADE,10,5262843038207876103,200000,200000,2600.0,0.0,0.0,1.107599528011633
E2_cec2022_competition,cec2022,11,10,SHADE,11,6293820532225799079,200000,200000,2600.0,0.0,0.0,1.1169455779890995
E2_cec2022_competition,cec2022,11,10,SHADE,12,2068651485518076740,200000,200000,2600.0,0.0,0.0,1.1217992609890644
E2_cec2022_competition,cec2022,11,10,SHADE,13,2882349407429581586,200000,200000,2600.0,0.0,0.0,1.1220852279802784
E2_cec2022_competition,cec2022,11,10,SHADE,14,2287278736566301888,200000,200000,2600.0,0.0,0.0,1.073893959983252
E2_cec2022_competition,cec2022,11,10,SHADE,15,824075688204174176,200000,200000,2600.0,0.0,0.0,1.4906975220073946
E2_cec2022_competition,cec2022,11,10,SHADE,16,3060979972624953232,200000,200000,2600.0,0.0,0.0,1.7107370410230942
E2_cec2022_competition,cec2022,11,10,SHADE,17,1649025655816379466,200000,200000,2600.0,0.0,0.0,1.7101969179930165
E2_cec2022_competition,cec2022,11,10,SHADE,18,5773974094970157619,200000,200000,2600.0,0.0,0.0,1.670234443998197
E2_cec2022_competition,cec2022,11,10,SHADE,19,886880003867230277,200000,200000,2600.0,0.0,0.0,1.7020704960159492
E2_cec2022_competition,cec2022,11,10,SHADE,20,3217648624832831864,200000,200000,2600.0,0.0,0.0,1.6701414290000685
E2_cec2022_competition,cec2022,11,10,SHADE,21,4385589867352381202,200000,200000,2600.0,0.0,0.0,1.6608166600053664
E2_cec2022_competition,cec2022,11,10,SHADE,22,4719004966311562681,200000,200000,2600.0,0.0,0.0,1.6843706079816911
E2_cec2022_competition,cec2022,11,10,SHADE,23,5558392339190603393,200000,200000,2600.0,0.0,0.0,1.736277666001115
E2_cec2022_competition,cec2022,11,10,SHADE,24,8316159337927211657,200000,200000,2600.0,0.0,0.0,1.7226153999799863
E2_cec2022_competition,cec2022,11,10,SHADE,25,1104080393714306248,200000,200000,2600.0,0.0,0.0,1.7082878079963848
E2_cec2022_competition,cec2022,11,10,SHADE,26,5273805758736606882,200000,200000,2600.0,0.0,0.0,1.71787297501578
E2_cec2022_competition,cec2022,11,10,SHADE,27,7269621089883902047,200000,200000,2600.0,0.0,0.0,1.7384455510182306
E2_cec2022_competition,cec2022,11,10,SHADE,28,1930644062957629002,200000,200000,2600.0,0.0,0.0,1.730557797010988
E2_cec2022_competition,cec2022,11,10,SHADE,29,6308530415963831810,200000,200000,2600.0,0.0,0.0,1.7126260740042198
E2_cec2022_competition,cec2022,9,10,jSO,0,2181926817068838029,200000,200000,2529.284382708487,229.2843827084871,229.2843827084871,2.4717066950106528
E2_cec2022_competition,cec2022,9,10,jSO,1,6375414962780313759,200000,200000,2529.284382708487,229.2843827084871,229.2843827084871,2.476064699003473
E2_cec2022_competition,cec2022,9,10,jSO,2,4463086121634502027,200000,200000,2529.284382708487,229.2843827084871,229.2843827084871,2.4685892190027516
E2_cec2022_competition,cec2022,9,10,jSO,3,5716463205259422229,200000,200000,2529.284382708487,229.2843827084871,229.2843827084871,2.4570345569809433
E2_cec2022_competition,cec2022,9,10,jSO,4,2101208569455109809,200000,200000,2529.284382708487,229.2843827084871,229.2843827084871,2.4453280690067913
E2_cec2022_competition,cec2022,9,10,jSO,5,6000621789906262566,200000,200000,2529.284382708487,229.2843827084871,229.2843827084871,2.4443176350032445
E2_cec2022_competition,cec2022,9,10,jSO,6,3984589557381502513,200000,200000,2529.284382708487,229.2843827084871,229.2843827084871,2.450379955000244
E2_cec2022_competition,cec2022,9,10,jSO,7,2569614532638261149,200000,200000,2529.284382708487,229.2843827084871,229.2843827084871,2.4512055329978466
E2_cec2022_competition,cec2022,9,10,jSO,8,4722490352255516851,200000,200000,2529.284382708487,229.2843827084871,229.2843827084871,2.450405192008475
E2_cec2022_competition,cec2022,9,10,jSO,9,3842244920572112120,200000,200000,2529.284382708487,229.2843827084871,229.2843827084871,2.4452565649989992
E2_cec2022_competition,cec2022,9,10,jSO,10,8104200842788566021,200000,200000,2529.284382708487,229.2843827084871,229.2843827084871,2.453656330006197
E2_cec2022_competition,cec2022,9,10,jSO,11,4803311484995459277,200000,200000,2529.284382708487,229.2843827084871,229.2843827084871,2.4580052770033944
E2_cec2022_competition,cec2022,9,10,jSO,12,2836019836448549655,200000,200000,2529.284382708487,229.2843827084871,229.2843827084871,2.4499647759948857
E2_cec2022_competition,cec2022,9,10,jSO,13,1551915113670520540,200000,200000,2529.284382708487,229.2843827084871,229.2843827084871,2.4464597319893073
E2_cec2022_competition,cec2022,9,10,jSO,14,6575635350261914003,200000,200000,2529.284382708487,229.2843827084871,229.2843827084871,2.4462591860210523
E2_cec2022_competition,cec2022,9,10,jSO,15,4111699200198005444,200000,200000,2529.284382708487,229.2843827084871,229.2843827084871,2.451352930016583
E2_cec2022_competition,cec2022,9,10,jSO,16,3291667030272387763,200000,200000,2529.284382708487,229.2843827084871,229.2843827084871,2.450713761005318
E2_cec2022_competition,cec2022,9,10,jSO,17,6735607499859252553,200000,200000,2529.284382708487,229.2843827084871,229.2843827084871,2.4556084210053086
E2_cec2022_competition,cec2022,9,10,jSO,18,3164709212823600681,200000,200000,2529.284382708487,229.2843827084871,229.2843827084871,2.4463755640026648
E2_cec2022_competition,cec2022,9,10,jSO,19,1186953214607128007,200000,200000,2529.284382708487,229.2843827084871,229.2843827084871,2.4566178749955725
E2_cec2022_competition,cec2022,9,10,jSO,20,2324120280851378240,200000,200000,2529.284382708487,229.2843827084871,229.2843827084871,2.4539866500126664
E2_cec2022_competition,cec2022,9,10,jSO,21,3832153091214432608,200000,200000,2529.284382708487,229.2843827084871,229.2843827084871,2.4560824999934994
E2_cec2022_competition,cec2022,9,10,jSO,22,8949163149835860373,200000,200000,2529.284382708487,229.2843827084871,229.2843827084871,1.9514293969841674
E2_cec2022_competition,cec2022,9,10,jSO,23,6759512577948156228,200000,200000,2529.284382708487,229.2843827084871,229.2843827084871,1.525765826983843
E2_cec2022_competition,cec2022,9,10,jSO,24,9056251063882120117,200000,200000,2529.284382708487,229.2843827084871,229.2843827084871,1.4758543620118871
E2_cec2022_competition,cec2022,9,10,jSO,25,1208962601792244234,200000,200000,2529.284382708487,229.2843827084871,229.2843827084871,1.5286659160046838
E2_cec2022_competition,cec2022,9,10,jSO,26,314284945480596574,200000,200000,2529.284382708487,229.2843827084871,229.2843827084871,1.7324097300006542
E2_cec2022_competition,cec2022,9,10,jSO,27,4966732486301407523,200000,200000,2529.284382708487,229.2843827084871,229.2843827084871,1.5403325880179182
E2_cec2022_competition,cec2022,9,10,jSO,28,2799866816687638805,200000,200000,2529.284382708487,229.2843827084871,229.2843827084871,1.5379569419892505
E2_cec2022_competition,cec2022,9,10,jSO,29,3043078811058739972,200000,200000,2529.284382708487,229.2843827084871,229.2843827084871,1.5456873009970877
E2_cec2022_competition,cec2022,8,10,jSO,0,3169716970915238759,200000,200000,2200.343539907584,0.3435399075838177,0.3435399075838177,3.377116665011272
E2_cec2022_competition,cec2022,8,10,jSO,1,5891118232189673976,200000,200000,2200.1667241433584,0.16672414335835128,0.16672414335835128,3.3272509460221045
E2_cec2022_competition,cec2022,8,10,jSO,2,4488311487046210249,200000,200000,2200.324184553784,0.32418455378410727,0.32418455378410727,3.337703330005752
E2_cec2022_competition,cec2022,8,10,jSO,3,1388504764832125276,200000,200000,2200.252426669191,0.25242666919120893,0.25242666919120893,3.3676275670004543
E2_cec2022_competition,cec2022,8,10,jSO,4,7550969567264478159,200000,200000,2200.260947276998,0.26094727699819487,0.26094727699819487,3.331980957009364
E2_cec2022_competition,cec2022,8,10,jSO,5,4409720700558742432,200000,200000,2200.2044623548604,0.20446235486042497,0.20446235486042497,3.3706644129997585
E2_cec2022_competition,cec2022,8,10,jSO,6,9075715083829487208,200000,200000,2200.2417216878166,0.2417216878166073,0.2417216878166073,3.3986248260189313
E2_cec2022_competition,cec2022,8,10,jSO,7,797110413989911826,200000,200000,2200.1311228448685,0.13112284486851422,0.13112284486851422,3.3141205289866775
E2_cec2022_competition,cec2022,8,10,jSO,8,2189157448366798023,200000,200000,2200.278906371788,0.278906371787798,0.278906371787798,3.2876819700177293
E2_cec2022_competition,cec2022,8,10,jSO,9,2625131522859629331,200000,200000,2200.2387249058165,0.23872490581652528,0.23872490581652528,3.326365024986444
E2_cec2022_competition,cec2022,8,10,jSO,10,8370523984815489214,200000,200000,2200.21050606819,0.21050606819017048,0.21050606819017048,3.256944298016606
E2_cec2022_competition,cec2022,8,10,jSO,11,4624449715641244448,200000,200000,2200.096585045672,0.09658504567187265,0.09658504567187265,3.3090020179806743
E2_cec2022_competition,cec2022,8,10,jSO,12,8798553562917956483,200000,200000,2200.2325958074925,0.23259580749254383,0.23259580749254383,3.2685647839971352
E2_cec2022_competition,cec2022,8,10,jSO,13,2060948246142269594,200000,200000,2200.241048638035,0.2410486380349539,0.2410486380349539,3.2520687830110546
E2_cec2022_competition,cec2022,8,10,jSO,14,9073014895115972524,200000,200000,2200.2310674133673,0.2310674133673274,0.2310674133673274,3.2488635609915946
E2_cec2022_competition,cec2022,8,10,jSO,15,8937843716754141909,200000,200000,2200.1877661238623,0.18776612386227498,0.18776612386227498,3.2861225349770393
E2_cec2022_competition,cec2022,8,10,jSO,16,7600372817329035806,200000,200000,2200.153313049301,0.1533130493007775,0.1533130493007775,3.2509167719981633
E2_cec2022_competition,cec2022,8,10,jSO,17,6086177880382059146,200000,200000,2200.2390810546317,0.23908105463169704,0.23908105463169704,3.241961726016598
E2_cec2022_competition,cec2022,8,10,jSO,18,6181980481525857126,200000,200000,2200.2652292771436,0.26522927714358957,0.26522927714358957,2.9391318949928973
E2_cec2022_competition,cec2022,8,10,jSO,19,5779395644416508288,200000,200000,2200.890480609693,0.890480609692986,0.890480609692986,2.125408003979828
E2_cec2022_competition,cec2022,8,10,jSO,20,3854147939749570569,200000,200000,2200.197906834194,0.19790683419387278,0.19790683419387278,2.1902648899995256
E2_cec2022_competition,cec2022,8,10,jSO,21,8747229842738115243,200000,200000,2200.1110276930053,0.111027693005326,0.111027693005326,2.2243920489854645
E2_cec2022_competition,cec2022,8,10,jSO,22,902388720848988464,200000,200000,2200.170424216959,0.17042421695896337,0.17042421695896337,2.6623650670226198
E2_cec2022_competition,cec2022,8,10,jSO,23,4106562856156787500,200000,200000,2200.220223552379,0.2202235523791387,0.2202235523791387,2.7280733500083443
E2_cec2022_competition,cec2022,8,10,jSO,24,5909715825076189048,200000,200000,2200.132890917044,0.13289091704382372,0.13289091704382372,3.1592073209758382
E2_cec2022_competition,cec2022,8,10,jSO,25,45169000404944393,200000,200000,2200.2565160353665,0.25651603536653056,0.25651603536653056,3.364273475977825
E2_cec2022_competition,cec2022,8,10,jSO,26,1827722893049436588,200000,200000,2200.071944478359,0.07194447835900064,0.07194447835900064,3.356676797993714
E2_cec2022_competition,cec2022,8,10,jSO,27,1468400112504663542,200000,200000,2200.159478126125,0.1594781261251228,0.1594781261251228,3.2850198459927924
E2_cec2022_competition,cec2022,8,10,jSO,28,3811713861407876059,200000,200000,2200.1852457740624,0.18524577406242315,0.18524577406242315,3.2974268769903574
E2_cec2022_competition,cec2022,8,10,jSO,29,7611889632454904712,200000,200000,2200.2379529629357,0.23795296293565116,0.23795296293565116,3.277283365983749
E2_cec2022_competition,cec2022,10,10,jSO,0,5293048286074925410,200000,200000,2500.1261300494543,100.12613004945433,100.12613004945433,2.799333165981807
E2_cec2022_competition,cec2022,10,10,jSO,1,3512577996277264660,200000,200000,2500.1883271897623,100.18832718976228,100.18832718976228,2.7034482330200262
E2_cec2022_competition,cec2022,10,10,jSO,2,8286621407265793441,200000,200000,2500.144947148638,100.14494714863804,100.14494714863804,2.0610247050062753
E2_cec2022_competition,cec2022,10,10,jSO,3,3398204537631640771,200000,200000,2500.2129868523384,100.21298685233842,100.21298685233842,1.7240370460203849
E2_cec2022_competition,cec2022,10,10,jSO,4,3395595438694747922,200000,200000,2500.137604491298,100.13760449129813,100.13760449129813,1.6379959369951393
E2_cec2022_competition,cec2022,10,10,jSO,5,4117418238394719800,200000,200000,2500.1716922897663,100.17169228976627,100.17169228976627,1.7604258180072065
E2_cec2022_competition,cec2022,10,10,jSO,6,3968861987350172721,200000,200000,2500.1056628262213,100.1056628262213,100.1056628262213,1.6619143490097485
E2_cec2022_competition,cec2022,10,10,jSO,7,1575320453977059277,200000,200000,2500.1559297860817,100.15592978608174,100.15592978608174,1.753566712985048
E2_cec2022_competition,cec2022,10,10,jSO,8,4002301160279139074,200000,200000,2500.1217926079735,100.12179260797348,100.12179260797348,1.7569039030058775
E2_cec2022_competition,cec2022,10,10,jSO,9,6718307427623410199,200000,200000,2500.120642273889,100.12064227388919,100.12064227388919,1.705353112978628
E2_cec2022_competition,cec2022,10,10,jSO,10,2500526615280820343,200000,200000,2500.1419231761292,100.14192317612924,100.14192317612924,1.8166080939990934
E2_cec2022_competition,cec2022,10,10,jSO,11,3134397863232787682,200000,200000,2500.1534194225605,100.15341942256055,100.15341942256055,1.6840791209833696
E2_cec2022_competition,cec2022,10,10,jSO,12,3116086368745117543,200000,200000,2500.1759962252727,100.17599622527268,100.17599622527268,1.6805658010125626
E2_cec2022_competition,cec2022,10,10,jSO,13,4389182588842643195,200000,200000,2500.118598322769,100.11859832276878,100.11859832276878,2.331721157010179
E2_cec2022_competition,cec2022,10,10,jSO,14,6711669821251522794,200000,200000,2500.1591014822116,100.15910148221155,100.15910148221155,2.716304986999603
E2_cec2022_competition,cec2022,10,10,jSO,15,8999212322333108329,200000,200000,2500.1900723591575,100.19007235915751,100.19007235915751,2.8371190679899883
E2_cec2022_competition,cec2022,10,10,jSO,16,3912792040563935092,200000,200000,2500.097515961811,100.09751596181104,100.09751596181104,2.738574646995403
E2_cec2022_competition,cec2022,10,10,jSO,17,3298089762636087481,200000,200000,2500.1646028282034,100.16460282820344,100.16460282820344,2.8014731500006747
E2_cec2022_competition,cec2022,10,10,jSO,18,6852165569750602201,200000,200000,2500.1429121396304,100.14291213963043,100.14291213963043,2.837804843991762
E2_cec2022_competition,cec2022,10,10,jSO,19,7913562461696637691,200000,200000,2500.1693932447874,100.16939324478744,100.16939324478744,2.8489911560027394
E2_cec2022_competition,cec2022,10,10,jSO,20,1704471235332739163,200000,200000,2500.140352826581,100.14035282658097,100.14035282658097,2.764211111003533
E2_cec2022_competition,cec2022,10,10,jSO,21,6074942035456253411,200000,200000,2500.1271158775075,100.12711587750755,100.12711587750755,2.7799550609779544
E2_cec2022_competition,cec2022,10,10,jSO,22,5754663714510615657,200000,200000,2500.1616784017147,100.16167840171465,100.16167840171465,2.5203406840155367
E2_cec2022_competition,cec2022,10,10,jSO,23,8667782403733242641,200000,200000,2500.1584121489836,100.15841214898364,100.15841214898364,1.7223184529866558
E2_cec2022_competition,cec2022,10,10,jSO,24,6163978514940290540,200000,200000,2500.184543639502,100.18454363950195,100.18454363950195,1.9511566159781069
E2_cec2022_competition,cec2022,10,10,jSO,25,5912123404859337778,200000,200000,2500.1787793308554,100.17877933085538,100.17877933085538,2.872843703982653
E2_cec2022_competition,cec2022,10,10,jSO,26,7167331557465898229,200000,200000,2500.1555508773017,100.15555087730172,100.15555087730172,2.6642182930081617
E2_cec2022_competition,cec2022,10,10,jSO,27,6474980813971731817,200000,200000,2500.1765464095593,100.17654640955925,100.17654640955925,2.464638738980284
E2_cec2022_competition,cec2022,10,10,jSO,28,5227383397914539647,200000,200000,2500.1660606526534,100.16606065265341,100.16606065265341,2.4818464139825664
E2_cec2022_competition,cec2022,10,10,jSO,29,6587801262718223757,200000,200000,2500.148581798027,100.14858179802695,100.14858179802695,2.503618761023972
E2_cec2022_competition,cec2022,10,10,LSHADE,0,6369063618670173888,200000,200000,2500.2062057080784,100.20620570807841,100.20620570807841,2.8271825610136148
E2_cec2022_competition,cec2022,10,10,LSHADE,1,5387291118652881412,200000,200000,2500.19228755255,100.19228755255017,100.19228755255017,2.730741514998954
E2_cec2022_competition,cec2022,10,10,LSHADE,2,3603354383434962839,200000,200000,2500.182091520735,100.18209152073496,100.18209152073496,2.515295872988645
E2_cec2022_competition,cec2022,10,10,LSHADE,3,8262120757904820403,200000,200000,2500.199610994088,100.19961099408783,100.19961099408783,1.8181126459967345
E2_cec2022_competition,cec2022,10,10,LSHADE,4,6138990246513604922,200000,200000,2500.155122538723,100.15512253872294,100.15512253872294,1.7689703440119047
E2_cec2022_competition,cec2022,10,10,LSHADE,5,4850621624806418487,200000,200000,2500.2328716367642,100.23287163676423,100.23287163676423,1.9052674749982543
E2_cec2022_competition,cec2022,10,10,LSHADE,6,6420338624411585949,200000,200000,2500.2428803198914,100.24288031989136,100.24288031989136,1.7441991429950576
E2_cec2022_competition,cec2022,10,10,LSHADE,7,3496521975407671984,200000,200000,2500.187920303257,100.18792030325721,100.18792030325721,2.1710752679791767
E2_cec2022_competition,cec2022,10,10,LSHADE,8,3941832873900473433,200000,200000,2500.1620242009103,100.16202420091031,100.16202420091031,2.827992459991947
E2_cec2022_competition,cec2022,10,10,LSHADE,9,2217110246394403264,200000,200000,2500.267063040393,100.26706304039317,100.26706304039317,2.8343341650033835
E2_cec2022_competition,cec2022,10,10,LSHADE,10,8441702942285937992,200000,200000,2500.202175911767,100.20217591176697,100.20217591176697,2.8314934259979054
E2_cec2022_competition,cec2022,10,10,LSHADE,11,1270813658912534043,200000,200000,2500.196396128821,100.1963961288211,100.1963961288211,2.837794916005805
E2_cec2022_competition,cec2022,10,10,LSHADE,12,7857118934334972679,200000,200000,2500.23201519089,100.2320151908898,100.2320151908898,2.838868980004918
E2_cec2022_competition,cec2022,10,10,LSHADE,13,8577576703105281136,200000,200000,2500.2147778369836,100.21477783698356,100.21477783698356,2.7977390569867566
E2_cec2022_competition,cec2022,10,10,LSHADE,14,8948673976465224292,200000,200000,2500.1784836337006,100.17848363370058,100.17848363370058,2.8554186309920624
E2_cec2022_competition,cec2022,10,10,LSHADE,15,5374041345719607559,200000,200000,2500.186952118071,100.18695211807108,100.18695211807108,2.840818936994765
E2_cec2022_competition,cec2022,10,10,LSHADE,16,3978458493113516929,200000,200000,2500.236527222247,100.23652722224688,100.23652722224688,2.582090192998294
E2_cec2022_competition,cec2022,10,10,LSHADE,17,322965012967406114,200000,200000,2500.2376603479183,100.23766034791834,100.23766034791834,1.6903256879886612
E2_cec2022_competition,cec2022,10,10,LSHADE,18,5581312594519252424,200000,200000,2500.1852189507636,100.18521895076356,100.18521895076356,1.7296604839793872
E2_cec2022_competition,cec2022,10,10,LSHADE,19,3433830588565618703,200000,200000,2500.162553351562,100.16255335156211,100.16255335156211,1.6996670679945964
E2_cec2022_competition,cec2022,10,10,LSHADE,20,7449803698655040162,200000,200000,2500.1899792864306,100.18997928643057,100.18997928643057,2.444892532977974
E2_cec2022_competition,cec2022,10,10,LSHADE,21,2019601250079332084,200000,200000,2500.222800766306,100.22280076630614,100.22280076630614,2.914365962991724
E2_cec2022_competition,cec2022,10,10,LSHADE,22,2458000598294566462,200000,200000,2500.2097254090254,100.2097254090254,100.2097254090254,2.7664015690097585
E2_cec2022_competition,cec2022,10,10,LSHADE,23,7422906675249384712,200000,200000,2500.2069172182105,100.20691721821049,100.20691721821049,2.7588364699913654
E2_cec2022_competition,cec2022,10,10,LSHADE,24,2560054219650110946,200000,200000,2500.1922458497934,100.19224584979338,100.19224584979338,2.8277369310089853
E2_cec2022_competition,cec2022,10,10,LSHADE,25,5152032122778788343,200000,200000,2500.202218684789,100.20221868478893,100.20221868478893,2.7767015779973008
E2_cec2022_competition,cec2022,10,10,LSHADE,26,8319565059565806883,200000,200000,2500.206294048476,100.20629404847614,100.20629404847614,2.216478215996176
E2_cec2022_competition,cec2022,10,10,LSHADE,27,1098979513401041189,200000,200000,2500.1917446458556,100.19174464585558,100.19174464585558,2.160329633014044
E2_cec2022_competition,cec2022,10,10,LSHADE,28,1342980458173808021,200000,200000,2500.208520042173,100.20852004217295,100.20852004217295,1.7842143859888893
E2_cec2022_competition,cec2022,10,10,LSHADE,29,2888337594582144570,200000,200000,2500.209549107544,100.20954910754381,100.20954910754381,1.7465552120120265
E2_cec2022_competition,cec2022,11,10,jSO,0,5694053255223011069,200000,200000,2600.0,0.0,0.0,2.7876546920160763
E2_cec2022_competition,cec2022,11,10,jSO,1,6646202842852330910,200000,200000,2600.0,0.0,0.0,2.767430649982998
E2_cec2022_competition,cec2022,11,10,jSO,2,1735751079775486524,200000,200000,2600.0,0.0,0.0,2.7940461199905258
E2_cec2022_competition,cec2022,11,10,jSO,3,3162027052788456088,200000,200000,2600.0,0.0,0.0,2.8143570850079414
E2_cec2022_competition,cec2022,11,10,jSO,4,7631005833896383124,200000,200000,2600.0,0.0,0.0,2.809479617018951
E2_cec2022_competition,cec2022,11,10,jSO,5,258379193992484922,200000,200000,2600.0,0.0,0.0,2.77108701801626
E2_cec2022_competition,cec2022,11,10,jSO,6,5773389073521153434,200000,200000,2600.0,0.0,0.0,2.1268179579928983
E2_cec2022_competition,cec2022,11,10,jSO,7,6691279239399880363,200000,200000,2600.0,0.0,0.0,1.7036161050200462
E2_cec2022_competition,cec2022,11,10,jSO,8,5414647782631419340,200000,200000,2600.0,0.0,0.0,1.6788671250105835
E2_cec2022_competition,cec2022,11,10,jSO,9,6317391064656531769,200000,200000,2600.0,0.0,0.0,1.7169125129876193
E2_cec2022_competition,cec2022,11,10,jSO,10,6414546975681882320,200000,200000,2600.0,0.0,0.0,1.6831951329950243
E2_cec2022_competition,cec2022,11,10,jSO,11,7815596224669184019,200000,200000,2600.0,0.0,0.0,1.6809050579904579
E2_cec2022_competition,cec2022,11,10,jSO,12,139337889040308906,200000,200000,2600.0,0.0,0.0,1.701998681994155
E2_cec2022_competition,cec2022,11,10,jSO,13,5481481270796629074,200000,200000,2600.0,0.0,0.0,1.6935665360069834
E2_cec2022_competition,cec2022,11,10,jSO,14,4548572854219557098,200000,200000,2600.0,0.0,0.0,1.701001792011084
E2_cec2022_competition,cec2022,11,10,jSO,15,3813879255896938639,200000,200000,2600.0,0.0,0.0,2.5564054980059154
E2_cec2022_competition,cec2022,11,10,jSO,16,5290915885483845077,200000,200000,2600.0,0.0,0.0,2.791006699000718
E2_cec2022_competition,cec2022,11,10,jSO,17,3524073604192992264,200000,200000,2600.0,0.0,0.0,2.391833804984344
E2_cec2022_competition,cec2022,11,10,jSO,18,9171907749679368934,200000,200000,2600.0,0.0,0.0,1.6633980520127807
E2_cec2022_competition,cec2022,11,10,jSO,19,7054478774314473786,200000,200000,2600.0,0.0,0.0,1.6860837409913074
E2_cec2022_competition,cec2022,11,10,jSO,20,8637450399086987398,200000,200000,2600.0,0.0,0.0,1.6792107700021006
E2_cec2022_competition,cec2022,11,10,jSO,21,7517997037256654407,200000,200000,2600.0,0.0,0.0,2.4598272439907305
E2_cec2022_competition,cec2022,11,10,jSO,22,58492725985402990,200000,200000,2600.0,0.0,0.0,2.6032557009893935
E2_cec2022_competition,cec2022,11,10,jSO,23,1902899334416737674,200000,200000,2600.0,0.0,0.0,1.7647451490047388
E2_cec2022_competition,cec2022,11,10,jSO,24,7476788570543636562,200000,200000,2600.0,0.0,0.0,2.3184236160013825
E2_cec2022_competition,cec2022,11,10,jSO,25,461440528595176145,200000,200000,2600.0,0.0,0.0,2.7962807409930974
E2_cec2022_competition,cec2022,11,10,jSO,26,5214596569278742334,200000,200000,2600.0,0.0,0.0,2.7763379359967075
E2_cec2022_competition,cec2022,11,10,jSO,27,5335370733695619646,200000,200000,2600.0,0.0,0.0,2.777193571004318
E2_cec2022_competition,cec2022,11,10,jSO,28,5908338701652358302,200000,200000,2600.0,0.0,0.0,2.753453785000602
E2_cec2022_competition,cec2022,11,10,jSO,29,3164264733493570996,200000,200000,2600.0,0.0,0.0,2.7789408980170265
E2_cec2022_competition,cec2022,12,10,SHADE,0,2877920940766846849,200000,200000,2864.931007902907,164.9310079029069,164.9310079029069,1.7536879809922539
E2_cec2022_competition,cec2022,12,10,SHADE,1,8104802155417156082,200000,200000,2862.7001305353288,162.70013053532875,162.70013053532875,1.7725726909993682
E2_cec2022_competition,cec2022,12,10,SHADE,2,1254081986465673408,200000,200000,2864.9219415680004,164.92194156800042,164.92194156800042,1.7399259080120828
E2_cec2022_competition,cec2022,12,10,SHADE,3,9102854740197454703,200000,200000,2862.7001305353288,162.70013053532875,162.70013053532875,1.7787285960221197
E2_cec2022_competition,cec2022,12,10,SHADE,4,2612728115721372957,200000,200000,2862.7001305353288,162.70013053532875,162.70013053532875,1.7667194629902951
E2_cec2022_competition,cec2022,12,10,SHADE,5,5742095032688782767,200000,200000,2862.7001305353288,162.70013053532875,162.70013053532875,1.7874565979873296
E2_cec2022_competition,cec2022,12,10,SHADE,6,8151358344681360210,200000,200000,2864.931007902907,164.9310079029069,164.9310079029069,1.7659798050008249
E2_cec2022_competition,cec2022,12,10,SHADE,7,4450512429646178199,200000,200000,2863.4777054684273,163.4777054684273,163.4777054684273,1.7856151029991452
E2_cec2022_competition,cec2022,12,10,SHADE,8,8233680505308654600,200000,200000,2863.5160965018727,163.51609650187265,163.51609650187265,1.7955022969981655
E2_cec2022_competition,cec2022,12,10,SHADE,9,3237876875083033258,200000,200000,2862.7001305353288,162.70013053532875,162.70013053532875,1.7647951430117246
E2_cec2022_competition,cec2022,12,10,SHADE,10,1288150903426601605,200000,200000,2864.9310079029074,164.93100790290737,164.93100790290737,1.7639161339902785
E2_cec2022_competition,cec2022,12,10,SHADE,11,3709323793043669914,200000,200000,2863.4777054684273,163.4777054684273,163.4777054684273,1.817866483994294
E2_cec2022_competition,cec2022,12,10,SHADE,12,314448935079789585,200000,200000,2864.9219415680004,164.92194156800042,164.92194156800042,1.7564432880026288
E2_cec2022_competition,cec2022,12,10,SHADE,13,3063287284277715350,200000,200000,2863.4948352028796,163.49483520287959,163.49483520287959,1.7732383089896757
E2_cec2022_competition,cec2022,12,10,SHADE,14,7447058342458331932,200000,200000,2864.9310079029074,164.93100790290737,164.93100790290737,1.7936844280047808
E2_cec2022_competition,cec2022,12,10,SHADE,15,8625631713108042685,200000,200000,2859.3687336370376,159.36873363703762,159.36873363703762,1.8116124740045052
E2_cec2022_competition,cec2022,12,10,SHADE,16,6050670170538635317,200000,200000,2860.6801761305433,160.68017613054326,160.68017613054326,1.7876101250003558
E2_cec2022_competition,cec2022,12,10,SHADE,17,4310705421090299851,200000,200000,2862.7001305353288,162.70013053532875,162.70013053532875,1.7820448169950396
E2_cec2022_competition,cec2022,12,10,SHADE,18,1488865625648383227,200000,200000,2863.5160965018727,163.51609650187265,163.51609650187265,1.7917333389923442
E2_cec2022_competition,cec2022,12,10,SHADE,19,6819719779935531284,200000,200000,2862.1833873192572,162.18338731925724,162.18338731925724,1.7795068270061165
E2_cec2022_competition,cec2022,12,10,SHADE,20,3523334009640772418,200000,200000,2865.2126055976614,165.21260559766142,165.21260559766142,1.739851838996401
E2_cec2022_competition,cec2022,12,10,SHADE,21,6825846686009143422,200000,200000,2862.7001305353288,162.70013053532875,162.70013053532875,1.7477835659810808
E2_cec2022_competition,cec2022,12,10,SHADE,22,523528080307440871,200000,200000,2863.714849549329,163.71484954932885,163.71484954932885,1.786524177994579
E2_cec2022_competition,cec2022,12,10,SHADE,23,1056903791612946211,200000,200000,2864.9310079029074,164.93100790290737,164.93100790290737,1.7480506869906094
E2_cec2022_competition,cec2022,12,10,SHADE,24,3719696529560387529,200000,200000,2864.9310079029074,164.93100790290737,164.93100790290737,1.772808553010691
E2_cec2022_competition,cec2022,12,10,SHADE,25,4583208489832178343,200000,200000,2860.6801761305433,160.68017613054326,160.68017613054326,1.7820272030076012
E2_cec2022_competition,cec2022,12,10,SHADE,26,2347198616152076658,200000,200000,2864.9310079029074,164.93100790290737,164.93100790290737,1.7559365679917391
E2_cec2022_competition,cec2022,12,10,SHADE,27,6539830864713655744,200000,200000,2863.714849549329,163.71484954932885,163.71484954932885,1.6668206909962464
E2_cec2022_competition,cec2022,12,10,SHADE,28,4356962846701169953,200000,200000,2863.714849549329,163.71484954932885,163.71484954932885,1.1408950979821384
E2_cec2022_competition,cec2022,12,10,SHADE,29,4802137636873795230,200000,200000,2864.9219415680004,164.92194156800042,164.92194156800042,1.140122169017559
E2_cec2022_competition,cec2022,11,10,LSHADE,0,3995961046967622807,200000,200000,2600.0,0.0,0.0,2.2795917519833893
E2_cec2022_competition,cec2022,11,10,LSHADE,1,7003889282686349990,200000,200000,2600.0,0.0,0.0,2.2636604020080995
E2_cec2022_competition,cec2022,11,10,LSHADE,2,6313740774292700429,200000,200000,2600.0,0.0,0.0,1.6811746429884806
E2_cec2022_competition,cec2022,11,10,LSHADE,3,7360387730091538513,200000,200000,2600.0,0.0,0.0,1.7668018669937737
E2_cec2022_competition,cec2022,11,10,LSHADE,4,259304134329533001,200000,200000,2600.0000000000005,0.0,4.547473508864641e-13,2.6293673960026354
E2_cec2022_competition,cec2022,11,10,LSHADE,5,5158613853204096212,200000,200000,2600.0,0.0,0.0,2.5637234640016686
E2_cec2022_competition,cec2022,11,10,LSHADE,6,8310475921486409540,200000,200000,2600.0,0.0,0.0,2.6285600420087576
E2_cec2022_competition,cec2022,11,10,LSHADE,7,1081881831929604587,200000,200000,2600.0,0.0,0.0,2.5878298569878098
E2_cec2022_competition,cec2022,11,10,LSHADE,8,1389595312053960078,200000,200000,2600.0,0.0,0.0,2.6118272980093025
E2_cec2022_competition,cec2022,11,10,LSHADE,9,5652956153178149137,200000,200000,2600.0,0.0,0.0,2.5859828329994343
E2_cec2022_competition,cec2022,11,10,LSHADE,10,7340661678541299723,200000,200000,2600.0,0.0,0.0,2.637664408015553
E2_cec2022_competition,cec2022,11,10,LSHADE,11,5314197037530361438,200000,200000,2600.0,0.0,0.0,2.6153277329867706
E2_cec2022_competition,cec2022,11,10,LSHADE,12,8521269205321695545,200000,200000,2600.0,0.0,0.0,2.5989038179977797
E2_cec2022_competition,cec2022,11,10,LSHADE,13,2410748168279764031,200000,200000,2600.0,0.0,0.0,2.630322287004674
E2_cec2022_competition,cec2022,11,10,LSHADE,14,3031360643278857046,200000,200000,2600.0000000000005,0.0,4.547473508864641e-13,2.5673014349886216
E2_cec2022_competition,cec2022,11,10,LSHADE,15,7444684925587061191,200000,200000,2600.0000000000005,0.0,4.547473508864641e-13,1.645189710019622
E2_cec2022_competition,cec2022,11,10,LSHADE,16,6857833799621646783,200000,200000,2600.0,0.0,0.0,1.9391333039966412
E2_cec2022_competition,cec2022,11,10,LSHADE,17,4119259815532816119,200000,200000,2600.0,0.0,0.0,2.6541396590182558
E2_cec2022_competition,cec2022,11,10,LSHADE,18,2752823382609783154,200000,200000,2600.0,0.0,0.0,2.6562244099914096
E2_cec2022_competition,cec2022,11,10,LSHADE,19,5508494629849296487,200000,200000,2600.0,0.0,0.0,2.636162360984599
E2_cec2022_competition,cec2022,11,10,LSHADE,20,8079311167661073606,200000,200000,2600.0000000000005,0.0,4.547473508864641e-13,2.648450528999092
E2_cec2022_competition,cec2022,11,10,LSHADE,21,2981309453862411200,200000,200000,2600.0,0.0,0.0,2.6615595659823157
E2_cec2022_competition,cec2022,11,10,LSHADE,22,5134483326541562555,200000,200000,2600.0,0.0,0.0,2.5855914790008683
E2_cec2022_competition,cec2022,11,10,LSHADE,23,6397788398170464795,200000,200000,2600.0,0.0,0.0,2.621516581013566
E2_cec2022_competition,cec2022,11,10,LSHADE,24,5461087845554412716,200000,200000,2600.0,0.0,0.0,2.629384117986774
E2_cec2022_competition,cec2022,11,10,LSHADE,25,7353390854236728188,200000,200000,2600.0,0.0,0.0,2.6168545370164793
E2_cec2022_competition,cec2022,11,10,LSHADE,26,6402460613283050156,200000,200000,2600.0,0.0,0.0,2.6228595299762674
E2_cec2022_competition,cec2022,11,10,LSHADE,27,70078608092542070,200000,200000,2600.0,0.0,0.0,2.6296897610009182
E2_cec2022_competition,cec2022,11,10,LSHADE,28,8993055514999386540,200000,200000,2600.0,0.0,0.0,2.652145569009008
E2_cec2022_competition,cec2022,11,10,LSHADE,29,4941186318833345628,200000,200000,2600.0,0.0,0.0,2.6585960980155505
E2_cec2022_competition,cec2022,12,10,LSHADE,0,2670875974500749825,200000,200000,2861.404880758749,161.4048807587492,161.4048807587492,2.505552226997679
E2_cec2022_competition,cec2022,12,10,LSHADE,1,5282783682141729989,200000,200000,2861.4352676774106,161.4352676774106,161.4352676774106,2.51320367801236
E2_cec2022_competition,cec2022,12,10,LSHADE,2,3211716829134597905,200000,200000,2859.543776286797,159.54377628679686,159.54377628679686,2.101642128021922
E2_cec2022_competition,cec2022,12,10,LSHADE,3,7628039147557376413,200000,200000,2861.404880758749,161.4048807587492,161.4048807587492,1.6755803609848954
E2_cec2022_competition,cec2022,12,10,LSHADE,4,8997551117747579598,200000,200000,2861.404880758749,161.4048807587492,161.4048807587492,1.6611769949959125
E2_cec2022_competition,cec2022,12,10,LSHADE,5,4554349567807232799,200000,200000,2861.404880758749,161.4048807587492,161.4048807587492,1.8072269390104339
E2_cec2022_competition,cec2022,12,10,LSHADE,6,7955924763822622283,200000,200000,2859.3687336370376,159.36873363703762,159.36873363703762,2.3587306660192553
E2_cec2022_competition,cec2022,12,10,LSHADE,7,2584520970939473149,200000,200000,2861.4352676774106,161.4352676774106,161.4352676774106,2.5855544799997006
E2_cec2022_competition,cec2022,12,10,LSHADE,8,8921868363581165208,200000,200000,2861.404880758749,161.4048807587492,161.4048807587492,2.700527826003963
E2_cec2022_competition,cec2022,12,10,LSHADE,9,6898353932270582731,200000,200000,2862.7001305353288,162.70013053532875,162.70013053532875,2.472123467014171
E2_cec2022_competition,cec2022,12,10,LSHADE,10,2061402577825330824,200000,200000,2861.4352676774106,161.4352676774106,161.4352676774106,2.726259358023526
E2_cec2022_competition,cec2022,12,10,LSHADE,11,531361471226069784,200000,200000,2861.404880758749,161.4048807587492,161.4048807587492,2.6957579989975784
E2_cec2022_competition,cec2022,12,10,LSHADE,12,5750338138891132981,200000,200000,2859.3687336370376,159.36873363703762,159.36873363703762,2.70129695898504
E2_cec2022_competition,cec2022,12,10,LSHADE,13,4578517695060374621,200000,200000,2861.404880758749,161.4048807587492,161.4048807587492,1.7813062820059713
E2_cec2022_competition,cec2022,12,10,LSHADE,14,7781781447284796205,200000,200000,2861.404880758749,161.4048807587492,161.4048807587492,2.586029972007964
E2_cec2022_competition,cec2022,12,10,LSHADE,15,4898471918314082405,200000,200000,2861.404880758749,161.4048807587492,161.4048807587492,2.701854894985445
E2_cec2022_competition,cec2022,12,10,LSHADE,16,6072305435253271160,200000,200000,2859.3687336370376,159.36873363703762,159.36873363703762,2.7171518559916876
E2_cec2022_competition,cec2022,12,10,LSHADE,17,1941477226363376627,200000,200000,2859.543776286797,159.54377628679686,159.54377628679686,2.724856026005
E2_cec2022_competition,cec2022,12,10,LSHADE,18,1008410949364076562,200000,200000,2859.543776286797,159.54377628679686,159.54377628679686,2.707715135999024
E2_cec2022_competition,cec2022,12,10,LSHADE,19,4345415631228432112,200000,200000,2861.404880758749,161.4048807587492,161.4048807587492,2.764415213983739
E2_cec2022_competition,cec2022,12,10,LSHADE,20,8203217621733987675,200000,200000,2861.404880758749,161.4048807587492,161.4048807587492,2.711204300983809
E2_cec2022_competition,cec2022,12,10,LSHADE,21,4811337892570563809,200000,200000,2859.3687336370376,159.36873363703762,159.36873363703762,2.752979313983815
E2_cec2022_competition,cec2022,12,10,LSHADE,22,7662663901130060225,200000,200000,2859.543776286797,159.54377628679686,159.54377628679686,2.7351802900084294
E2_cec2022_competition,cec2022,12,10,LSHADE,23,8927554896049567104,200000,200000,2861.404880758749,161.4048807587492,161.4048807587492,2.736310379987117
E2_cec2022_competition,cec2022,12,10,LSHADE,24,5434680367217631583,200000,200000,2861.4352676774106,161.4352676774106,161.4352676774106,2.754111948015634
E2_cec2022_competition,cec2022,12,10,LSHADE,25,7285485610561610994,200000,200000,2859.543776286797,159.54377628679686,159.54377628679686,2.7244857710029464
E2_cec2022_competition,cec2022,12,10,LSHADE,26,6078002637185081376,200000,200000,2861.404880758749,161.4048807587492,161.4048807587492,2.7361243609921075
E2_cec2022_competition,cec2022,12,10,LSHADE,27,1743160801302710146,200000,200000,2861.404880758749,161.4048807587492,161.4048807587492,2.7472963060135953
E2_cec2022_competition,cec2022,12,10,LSHADE,28,7217882803805916527,200000,200000,2861.404880758749,161.4048807587492,161.4048807587492,2.7135300530062523
E2_cec2022_competition,cec2022,12,10,LSHADE,29,8947933001946960828,200000,200000,2859.543776286797,159.54377628679686,159.54377628679686,2.666627010999946
E2_cec2022_competition,cec2022,3,10,HHO,0,2417849595573033703,200000,200000,629.6927112270204,29.692711227020368,29.692711227020368,8.008002855989616
E2_cec2022_competition,cec2022,3,10,HHO,1,5842910629440029968,200000,200000,617.2139805216325,17.213980521632493,17.213980521632493,7.99921142598032
E2_cec2022_competition,cec2022,3,10,HHO,2,5813207916019278907,200000,200000,621.0450302935355,21.045030293535547,21.045030293535547,5.659598697995534
E2_cec2022_competition,cec2022,3,10,HHO,3,5175888525210549816,200000,200000,639.1990783669613,39.19907836696132,39.19907836696132,5.597198349016253
E2_cec2022_competition,cec2022,3,10,HHO,4,6420257371946311524,200000,200000,628.4197719590613,28.419771959061336,28.419771959061336,4.215973105019657
E2_cec2022_competition,cec2022,3,10,HHO,5,1886587881630656814,200000,200000,620.5133781956566,20.513378195656628,20.513378195656628,4.043388353020418
E2_cec2022_competition,cec2022,3,10,HHO,6,8791431737845534066,200000,200000,619.4555081897191,19.455508189719126,19.455508189719126,4.024867494998034
E2_cec2022_competition,cec2022,3,10,HHO,7,8548517234431483084,200000,200000,621.6764496403969,21.676449640396868,21.676449640396868,4.368676537997089
E2_cec2022_competition,cec2022,3,10,HHO,8,4758116481148886645,200000,200000,627.2735578907926,27.27355789079263,27.27355789079263,7.146791285980726
E2_cec2022_competition,cec2022,3,10,HHO,9,8941538199517557700,200000,200000,647.1795294972613,47.17952949726134,47.17952949726134,5.182890277006663
E2_cec2022_competition,cec2022,3,10,HHO,10,7285534036241784638,200000,200000,621.3582263326381,21.358226332638083,21.358226332638083,4.098761811997974
E2_cec2022_competition,cec2022,3,10,HHO,11,7622826011976786787,200000,200000,611.1434087549544,11.143408754954407,11.143408754954407,4.090396312007215
E2_cec2022_competition,cec2022,3,10,HHO,12,5693072075980622119,200000,200000,626.3321359179001,26.332135917900132,26.332135917900132,4.351920670014806
E2_cec2022_competition,cec2022,3,10,HHO,13,2204911099612020624,200000,200000,617.2764946028624,17.276494602862385,17.276494602862385,5.542891259974567
E2_cec2022_competition,cec2022,3,10,HHO,14,4607876613333961607,200000,200000,641.0890590044552,41.08905900445518,41.08905900445518,4.072875518992078
E2_cec2022_competition,cec2022,3,10,HHO,15,2772493547190309078,200000,200000,629.186846584825,29.186846584825048,29.186846584825048,4.007956466986798
E2_cec2022_competition,cec2022,3,10,HHO,16,300873882514642146,200000,200000,623.2770230032887,23.27702300328872,23.27702300328872,4.087224713002797
E2_cec2022_competition,cec2022,3,10,HHO,17,8669235161571581663,200000,200000,602.6205870129652,2.6205870129651885,2.6205870129651885,4.026592340000207
E2_cec2022_competition,cec2022,3,10,HHO,18,373098055362674381,200000,200000,621.4433514720878,21.443351472087784,21.443351472087784,4.1481307779904455
E2_cec2022_competition,cec2022,3,10,HHO,19,5761367637126300200,200000,200000,633.0365882300824,33.03658823008243,33.03658823008243,4.092114083003253
E2_cec2022_competition,cec2022,3,10,HHO,20,8841938723540849374,200000,200000,623.9681621991991,23.968162199199128,23.968162199199128,5.705169221007964
E2_cec2022_competition,cec2022,3,10,HHO,21,6277869197350195421,200000,200000,622.0581597462784,22.05815974627842,22.05815974627842,6.867250094976043
E2_cec2022_competition,cec2022,3,10,HHO,22,7099437470996505466,200000,200000,638.5760092786267,38.57600927862666,38.57600927862666,7.863771253003506
E2_cec2022_competition,cec2022,3,10,HHO,23,6330959599164901844,200000,200000,640.9064281890179,40.9064281890179,40.9064281890179,6.121962192992214
E2_cec2022_competition,cec2022,3,10,HHO,24,4112216931494408265,200000,200000,650.3728410016746,50.3728410016746,50.3728410016746,4.961618317000102
E2_cec2022_competition,cec2022,3,10,HHO,25,5880308788570078479,200000,200000,630.4123471097136,30.41234710971355,30.41234710971355,6.673164855979849
E2_cec2022_competition,cec2022,3,10,HHO,26,5688905227929974174,200000,200000,616.6499954342208,16.64999543422084,16.64999543422084,8.20701273099985
E2_cec2022_competition,cec2022,3,10,HHO,27,3415957001908728477,200000,200000,636.3537966745411,36.35379667454106,36.35379667454106,6.770207080000546
E2_cec2022_competition,cec2022,3,10,HHO,28,4816691772757858660,200000,200000,624.2757917514966,24.275791751496627,24.275791751496627,7.956433492014185
E2_cec2022_competition,cec2022,3,10,HHO,29,4872726868852744900,200000,200000,652.4901621205248,52.490162120524815,52.490162120524815,8.048152361006942
E2_cec2022_competition,cec2022,1,10,HHO,0,7181734000477448166,200000,200000,300.8317591063578,0.831759106357822,0.831759106357822,6.680369951005559
E2_cec2022_competition,cec2022,1,10,HHO,1,5915008042821330550,200000,200000,300.8350430761434,0.8350430761433927,0.8350430761433927,7.04702591500245
E2_cec2022_competition,cec2022,1,10,HHO,2,982951715292637086,200000,200000,300.86015251401005,0.8601525140100534,0.8601525140100534,6.666798143996857
E2_cec2022_competition,cec2022,1,10,HHO,3,4311150245953695259,200000,200000,300.8737111443454,0.8737111443454069,0.8737111443454069,6.663144121004734
E2_cec2022_competition,cec2022,1,10,HHO,4,3791056603565459521,200000,200000,300.85624816397177,0.8562481639717703,0.8562481639717703,6.485952007991727
E2_cec2022_competition,cec2022,1,10,HHO,5,7694586269020082761,200000,200000,300.7240970732054,0.7240970732054279,0.7240970732054279,6.6423834419983905
E2_cec2022_competition,cec2022,1,10,HHO,6,8792930681144805238,200000,200000,302.00049516089746,2.000495160897458,2.000495160897458,5.716985092993127
E2_cec2022_competition,cec2022,1,10,HHO,7,2725283248404238636,200000,200000,301.33334996470717,1.3333499647071676,1.3333499647071676,7.768245725019369
E2_cec2022_competition,cec2022,1,10,HHO,8,3425352721964950761,200000,200000,301.28305185492803,1.2830518549280328,1.2830518549280328,6.148899055988295
E2_cec2022_competition,cec2022,1,10,HHO,9,1888794374009939699,200000,200000,301.1949984814192,1.1949984814191907,1.1949984814191907,4.3192065809853375
E2_cec2022_competition,cec2022,1,10,HHO,10,1273845988097887820,200000,200000,303.046087267747,3.046087267746998,3.046087267746998,6.988848706998397
E2_cec2022_competition,cec2022,1,10,HHO,11,8258643840593960332,200000,200000,301.05390802694393,1.0539080269439296,1.0539080269439296,7.1560215080098715
E2_cec2022_competition,cec2022,1,10,HHO,12,2668568307833060271,200000,200000,301.1556857583098,1.1556857583098008,1.1556857583098008,7.0164702150214
E2_cec2022_competition,cec2022,1,10,HHO,13,8788183862624010802,200000,200000,300.7294352415645,0.729435241564488,0.729435241564488,7.048335160012357
E2_cec2022_competition,cec2022,1,10,HHO,14,462924903363959224,200000,200000,300.40282352780383,0.40282352780383235,0.40282352780383235,7.289766592992237
E2_cec2022_competition,cec2022,1,10,HHO,15,6650329679416202606,200000,200000,300.5965720773505,0.5965720773505154,0.5965720773505154,7.204434131999733
E2_cec2022_competition,cec2022,1,10,HHO,16,7053838338976834217,200000,200000,300.75865040455415,0.758650404554146,0.758650404554146,4.476306219003163
E2_cec2022_competition,cec2022,1,10,HHO,17,8034839029770562606,200000,200000,300.3667832564417,0.36678325644169263,0.36678325644169263,5.328310348995728
E2_cec2022_competition,cec2022,1,10,HHO,18,4938714831000058699,200000,200000,300.3500110872183,0.35001108721831997,0.35001108721831997,3.830860322981607
E2_cec2022_competition,cec2022,1,10,HHO,19,6198734078886363736,200000,200000,300.6188264107672,0.6188264107672126,0.6188264107672126,3.8539300429983996
E2_cec2022_competition,cec2022,1,10,HHO,20,6222530878476406505,200000,200000,300.6178063291081,0.6178063291080775,0.6178063291080775,3.7423380090040155
E2_cec2022_competition,cec2022,1,10,HHO,21,672469948505931879,200000,200000,301.17454298673204,1.1745429867320354,1.1745429867320354,3.711116179008968
E2_cec2022_competition,cec2022,1,10,HHO,22,6657912768291514157,200000,200000,300.8845625969681,0.8845625969681237,0.8845625969681237,5.693375389993889
E2_cec2022_competition,cec2022,1,10,HHO,23,4590127400580030297,200000,200000,300.406200206818,0.4062002068180277,0.4062002068180277,5.276024981983937
E2_cec2022_competition,cec2022,1,10,HHO,24,1889960501829491157,200000,200000,300.345763287196,0.34576328719600724,0.34576328719600724,3.800887884979602
E2_cec2022_competition,cec2022,1,10,HHO,25,5308628975768330297,200000,200000,301.5506226174604,1.5506226174604194,1.5506226174604194,3.8108871900185477
E2_cec2022_competition,cec2022,1,10,HHO,26,4320524611145259053,200000,200000,300.6939141015208,0.6939141015208179,0.6939141015208179,3.7759830740105826
E2_cec2022_competition,cec2022,1,10,HHO,27,6316218035612280840,200000,200000,301.7619760383158,1.7619760383158223,1.7619760383158223,3.8466790720121935
E2_cec2022_competition,cec2022,1,10,HHO,28,5504786642162325252,200000,200000,300.63482001004695,0.6348200100469512,0.6348200100469512,3.918684095988283
E2_cec2022_competition,cec2022,1,10,HHO,29,3148010005791667552,200000,200000,300.6066612403539,0.6066612403539011,0.6066612403539011,6.900868710014038
E2_cec2022_competition,cec2022,12,10,jSO,0,9199412725377738445,200000,200000,2862.7001305353288,162.70013053532875,162.70013053532875,2.6253210169961676
E2_cec2022_competition,cec2022,12,10,jSO,1,493725348373083701,200000,200000,2862.7001305353288,162.70013053532875,162.70013053532875,2.5852475649735425
E2_cec2022_competition,cec2022,12,10,jSO,2,8343958169321731303,200000,200000,2862.7001305353288,162.70013053532875,162.70013053532875,2.3903171209967695
E2_cec2022_competition,cec2022,12,10,jSO,3,7892951667772505935,200000,200000,2862.7001305353288,162.70013053532875,162.70013053532875,2.698768966976786
E2_cec2022_competition,cec2022,12,10,jSO,4,6464770195044149968,200000,200000,2862.7001305353288,162.70013053532875,162.70013053532875,2.7467003170168027
E2_cec2022_competition,cec2022,12,10,jSO,5,5642140684811344448,200000,200000,2864.9219415680004,164.92194156800042,164.92194156800042,2.820326451997971
E2_cec2022_competition,cec2022,12,10,jSO,6,5268781887573534966,200000,200000,2864.9310079029074,164.93100790290737,164.93100790290737,2.7305030669958796
E2_cec2022_competition,cec2022,12,10,jSO,7,8532228409026079429,200000,200000,2862.7001305353288,162.70013053532875,162.70013053532875,2.837642019003397
E2_cec2022_competition,cec2022,12,10,jSO,8,4572207155548542122,200000,200000,2862.7001305353288,162.70013053532875,162.70013053532875,2.782003772997996
E2_cec2022_competition,cec2022,12,10,jSO,9,5631620154523726460,200000,200000,2864.931007902907,164.9310079029069,164.9310079029069,2.7879550350189675
E2_cec2022_competition,cec2022,12,10,jSO,10,7597799806998901686,200000,200000,2862.7001305353288,162.70013053532875,162.70013053532875,2.8492229810217395
E2_cec2022_competition,cec2022,12,10,jSO,11,807170860136614413,200000,200000,2862.7001305353288,162.70013053532875,162.70013053532875,2.729352229012875
E2_cec2022_competition,cec2022,12,10,jSO,12,7694642653058234980,200000,200000,2863.714849549329,163.71484954932885,163.71484954932885,2.849701458006166
E2_cec2022_competition,cec2022,12,10,jSO,13,1428742070090834931,200000,200000,2862.7001305353288,162.70013053532875,162.70013053532875,2.7462660029996186
E2_cec2022_competition,cec2022,12,10,jSO,14,6730743407800800537,200000,200000,2862.7001305353288,162.70013053532875,162.70013053532875,2.796340944012627
E2_cec2022_competition,cec2022,12,10,jSO,15,7996852982770734975,200000,200000,2862.7001305353288,162.70013053532875,162.70013053532875,2.8365721119917
E2_cec2022_competition,cec2022,12,10,jSO,16,1962896330753049849,200000,200000,2862.7001305353288,162.70013053532875,162.70013053532875,2.745730729016941
E2_cec2022_competition,cec2022,12,10,jSO,17,239697711331512691,200000,200000,2859.3687336370376,159.36873363703762,159.36873363703762,2.8921924340247642
E2_cec2022_competition,cec2022,12,10,jSO,18,8823632021622806321,200000,200000,2862.7001305353288,162.70013053532875,162.70013053532875,2.7389704800152685
E2_cec2022_competition,cec2022,12,10,jSO,19,460821382493338130,200000,200000,2864.9219415680004,164.92194156800042,164.92194156800042,2.8352807399933226
E2_cec2022_competition,cec2022,12,10,jSO,20,1196816498720003614,200000,200000,2862.7001305353288,162.70013053532875,162.70013053532875,2.779500819015084
E2_cec2022_competition,cec2022,12,10,jSO,21,2644551417667020329,200000,200000,2862.7001305353288,162.70013053532875,162.70013053532875,2.765681549004512
E2_cec2022_competition,cec2022,12,10,jSO,22,30679795953459620,200000,200000,2864.931007902907,164.9310079029069,164.9310079029069,2.8904714770033024
E2_cec2022_competition,cec2022,12,10,jSO,23,6563094302054877976,200000,200000,2862.7001305353288,162.70013053532875,162.70013053532875,2.736406721000094
E2_cec2022_competition,cec2022,12,10,jSO,24,2304348600877606225,200000,200000,2863.8777099646395,163.8777099646395,163.8777099646395,2.9050904760078993
E2_cec2022_competition,cec2022,12,10,jSO,25,7588685291224626186,200000,200000,2862.7001305353288,162.70013053532875,162.70013053532875,2.758884759998182
E2_cec2022_competition,cec2022,12,10,jSO,26,2835508550575955593,200000,200000,2863.8777099646395,163.8777099646395,163.8777099646395,2.874060094996821
E2_cec2022_competition,cec2022,12,10,jSO,27,3702364508753201188,200000,200000,2862.7001305353288,162.70013053532875,162.70013053532875,2.834159045974957
E2_cec2022_competition,cec2022,12,10,jSO,28,2621051829947456243,200000,200000,2862.7001305353288,162.70013053532875,162.70013053532875,2.7417875730025116
E2_cec2022_competition,cec2022,12,10,jSO,29,1781986205633538932,200000,200000,2862.7001305353288,162.70013053532875,162.70013053532875,2.8769518789777067
E2_cec2022_competition,cec2022,5,10,HHO,0,674057753933709477,200000,200000,1443.6320997149228,543.6320997149228,543.6320997149228,6.363190884992946
E2_cec2022_competition,cec2022,5,10,HHO,1,8201972105185683013,200000,200000,1354.905269396546,454.9052693965459,454.9052693965459,7.892209152021678
E2_cec2022_competition,cec2022,5,10,HHO,2,6080609304882180000,200000,200000,1414.9161647705555,514.9161647705555,514.9161647705555,4.908176611003
E2_cec2022_competition,cec2022,5,10,HHO,3,862068044370864683,200000,200000,1336.3575590010716,436.35755900107165,436.35755900107165,7.655129191989545
E2_cec2022_competition,cec2022,5,10,HHO,4,631722753431090487,200000,200000,1188.6651931573692,288.66519315736923,288.66519315736923,7.662938919005683
E2_cec2022_competition,cec2022,5,10,HHO,5,6388394756006575526,200000,200000,1419.1299013965977,519.1299013965977,519.1299013965977,7.596165658003883
E2_cec2022_competition,cec2022,5,10,HHO,6,5548630499703828194,200000,200000,1160.7318073828812,260.73180738288124,260.73180738288124,6.540914436016465
E2_cec2022_competition,cec2022,5,10,HHO,7,209973605275307402,200000,200000,1159.9074003630153,259.9074003630153,259.9074003630153,6.4575308700150345
E2_cec2022_competition,cec2022,5,10,HHO,8,1280237177054932344,200000,200000,1110.5726045380309,210.57260453803087,210.57260453803087,7.670637700008228
E2_cec2022_competition,cec2022,5,10,HHO,9,7086142849371845393,200000,200000,1327.336289626828,427.3362896268279,427.3362896268279,6.193657855998026
E2_cec2022_competition,cec2022,5,10,HHO,10,5657994864259644543,200000,200000,1409.6663233530176,509.66632335301756,509.66632335301756,6.632018831995083
E2_cec2022_competition,cec2022,5,10,HHO,11,3701751912378989618,200000,200000,1169.5804641010377,269.5804641010377,269.5804641010377,6.6204145069932565
E2_cec2022_competition,cec2022,5,10,HHO,12,4170050907008815136,200000,200000,1073.511733194366,173.5117331943659,173.5117331943659,6.676854096003808
E2_cec2022_competition,cec2022,5,10,HHO,13,6492370214579792866,200000,200000,1462.6786255173547,562.6786255173547,562.6786255173547,4.579943352000555
E2_cec2022_competition,cec2022,5,10,HHO,14,7789389434563308774,200000,200000,1185.7677791004196,285.7677791004196,285.7677791004196,3.9720627829956356
E2_cec2022_competition,cec2022,5,10,HHO,15,7699067742462873271,200000,200000,1392.4536614008794,492.45366140087935,492.45366140087935,5.732178831007332
E2_cec2022_competition,cec2022,5,10,HHO,16,2827742484183308960,200000,200000,1479.0173333102734,579.0173333102734,579.0173333102734,7.220124790997943
E2_cec2022_competition,cec2022,5,10,HHO,17,1775135088985777418,200000,200000,1157.0610354870607,257.06103548706074,257.06103548706074,6.131664049986284
E2_cec2022_competition,cec2022,5,10,HHO,18,1610262797731161903,200000,200000,1496.6998897115368,596.6998897115368,596.6998897115368,4.505510254006367
E2_cec2022_competition,cec2022,5,10,HHO,19,8528770519923818505,200000,200000,1401.8307378795084,501.83073787950843,501.83073787950843,7.341620049002813
E2_cec2022_competition,cec2022,5,10,HHO,20,3622960835020682259,200000,200000,1216.3552502979874,316.35525029798737,316.35525029798737,7.789870734006399
E2_cec2022_competition,cec2022,5,10,HHO,21,2175996931861106674,200000,200000,1623.5882233492557,723.5882233492557,723.5882233492557,6.393409813987091
E2_cec2022_competition,cec2022,5,10,HHO,22,158251653538837300,200000,200000,1342.3272163113188,442.3272163113188,442.3272163113188,7.118450820998987
E2_cec2022_competition,cec2022,5,10,HHO,23,673005982874364575,200000,200000,1361.8575948340606,461.8575948340606,461.8575948340606,3.9671834820182994
E2_cec2022_competition,cec2022,5,10,HHO,24,4472174220894616626,200000,200000,1346.691308868918,446.691308868918,446.691308868918,4.035387787007494
E2_cec2022_competition,cec2022,5,10,HHO,25,4748846117088533087,200000,200000,1183.9101337193406,283.9101337193406,283.9101337193406,4.731948685017414
E2_cec2022_competition,cec2022,5,10,HHO,26,7812863325090927140,200000,200000,1380.4295787978353,480.42957879783535,480.42957879783535,6.637458986020647
E2_cec2022_competition,cec2022,5,10,HHO,27,7639587207156090704,200000,200000,1123.9956029546088,223.99560295460878,223.99560295460878,6.369929002976278
E2_cec2022_competition,cec2022,5,10,HHO,28,3634994862946277326,200000,200000,1147.1831567814606,247.18315678146064,247.18315678146064,5.498748234997038
E2_cec2022_competition,cec2022,5,10,HHO,29,1415609405664750046,200000,200000,1138.9796719171716,238.97967191717157,238.97967191717157,3.8561471900029574
E2_cec2022_competition,cec2022,6,10,HHO,0,918994165553252772,200000,200000,4634.603182328867,2834.6031823288668,2834.6031823288668,7.62561232902226
E2_cec2022_competition,cec2022,6,10,HHO,1,8375329134326037201,200000,200000,2103.881794892849,303.88179489284903,303.88179489284903,7.543246643006569
E2_cec2022_competition,cec2022,6,10,HHO,2,1500728818283502005,200000,200000,2083.9897158367007,283.9897158367007,283.9897158367007,5.73130322797806
E2_cec2022_competition,cec2022,6,10,HHO,3,5509859402521069025,200000,200000,2050.658848742062,250.65884874206222,250.65884874206222,6.698508952016709
E2_cec2022_competition,cec2022,6,10,HHO,4,8485490832518268757,200000,200000,1997.6232157254565,197.62321572545648,197.62321572545648,7.112193754990585
E2_cec2022_competition,cec2022,6,10,HHO,5,6443352069496561847,200000,200000,1905.0010459401856,105.00104594018558,105.00104594018558,5.772944450989598
E2_cec2022_competition,cec2022,6,10,HHO,6,5998604421367555360,200000,200000,5750.066003650849,3950.066003650849,3950.066003650849,6.374431157018989
E2_cec2022_competition,cec2022,6,10,HHO,7,5813586166802514088,200000,200000,7893.934034234068,6093.934034234068,6093.934034234068,6.672094829002162
E2_cec2022_competition,cec2022,6,10,HHO,8,8323621536780466258,200000,200000,2012.326208465533,212.326208465533,212.326208465533,6.627454542001942
E2_cec2022_competition,cec2022,6,10,HHO,9,8315957035479663857,200000,200000,3157.6825411435793,1357.6825411435793,1357.6825411435793,7.436528632009868
E2_cec2022_competition,cec2022,6,10,HHO,10,1470599849199264919,200000,200000,2555.373724438292,755.3737244382919,755.3737244382919,6.6939609209948685
E2_cec2022_competition,cec2022,6,10,HHO,11,4213997552853290316,200000,200000,2056.8514445523815,256.8514445523815,256.8514445523815,4.820566158014117
E2_cec2022_competition,cec2022,6,10,HHO,12,6203785879735812137,200000,200000,2494.87836760347,694.87836760347,694.87836760347,7.730800181016093
E2_cec2022_competition,cec2022,6,10,HHO,13,3282282591949509041,200000,200000,2046.5001024700337,246.50010247003365,246.50010247003365,7.669009725999786
E2_cec2022_competition,cec2022,6,10,HHO,14,3818810399869627927,200000,200000,3023.378569410024,1223.3785694100238,1223.3785694100238,7.674055850977311
E2_cec2022_competition,cec2022,6,10,HHO,15,4761163117011229211,200000,200000,2083.345064935888,283.3450649358879,283.3450649358879,7.239011184981791
E2_cec2022_competition,cec2022,6,10,HHO,16,8240391202538673110,200000,200000,2005.9008681468713,205.9008681468713,205.9008681468713,6.353710883995518
E2_cec2022_competition,cec2022,6,10,HHO,17,1996082919249896511,200000,200000,3206.435337365435,1406.4353373654349,1406.4353373654349,3.7757140989997424
E2_cec2022_competition,cec2022,6,10,HHO,18,780466977854504058,200000,200000,1866.5133324052642,66.51333240526424,66.51333240526424,5.245201970014023
E2_cec2022_competition,cec2022,6,10,HHO,19,6602209591611546300,200000,200000,1915.658477851689,115.65847785168899,115.65847785168899,4.473263392021181
E2_cec2022_competition,cec2022,6,10,HHO,20,641246627326042492,200000,200000,2072.4634792177667,272.4634792177667,272.4634792177667,4.281191879999824
E2_cec2022_competition,cec2022,6,10,HHO,21,7827146161511356427,200000,200000,2325.984336902754,525.984336902754,525.984336902754,6.055055963021005
E2_cec2022_competition,cec2022,6,10,HHO,22,8675755842884563004,200000,200000,5007.739501341358,3207.739501341358,3207.739501341358,5.033952147990931
E2_cec2022_competition,cec2022,6,10,HHO,23,6389770618550666508,200000,200000,6234.861968371334,4434.861968371334,4434.861968371334,5.554981747001875
E2_cec2022_competition,cec2022,6,10,HHO,24,8818965392856084369,200000,200000,1906.3751788493732,106.37517884937324,106.37517884937324,3.9024666479963344
E2_cec2022_competition,cec2022,6,10,HHO,25,4516028317955895987,200000,200000,2023.127112707879,223.12711270787895,223.12711270787895,4.654661284002941
E2_cec2022_competition,cec2022,6,10,HHO,26,858162363241384733,200000,200000,8167.253952981087,6367.253952981087,6367.253952981087,7.7927576190268155
E2_cec2022_competition,cec2022,6,10,HHO,27,6219639725458578349,200000,200000,1918.5446656916456,118.5446656916456,118.5446656916456,7.80400137801189
E2_cec2022_competition,cec2022,6,10,HHO,28,8463539768667910594,200000,200000,1924.6391784988755,124.63917849887548,124.63917849887548,7.786283897003159
E2_cec2022_competition,cec2022,6,10,HHO,29,3118389978402413418,200000,200000,1964.3656521499777,164.36565214997768,164.36565214997768,7.705721142992843
E2_cec2022_competition,cec2022,1,20,DE,0,2286250901280145877,1000000,1000000,300.0,0.0,0.0,4.916741836001165
E2_cec2022_competition,cec2022,1,20,DE,1,2755464591689869985,1000000,1000000,300.0,0.0,0.0,4.908498434000649
E2_cec2022_competition,cec2022,1,20,DE,2,3963730368166618270,1000000,1000000,300.0,0.0,0.0,4.889014379994478
E2_cec2022_competition,cec2022,1,20,DE,3,114199197436846629,1000000,1000000,300.0,0.0,0.0,4.918768086005002
E2_cec2022_competition,cec2022,1,20,DE,4,3863756935629172208,1000000,1000000,300.0,0.0,0.0,3.201824994990602
E2_cec2022_competition,cec2022,1,20,DE,5,4227189717036176162,1000000,1000000,300.0,0.0,0.0,3.239954842021689
E2_cec2022_competition,cec2022,1,20,DE,6,3313380603656860684,1000000,1000000,300.0,0.0,0.0,2.9685880430042744
E2_cec2022_competition,cec2022,1,20,DE,7,157789651071774244,1000000,1000000,300.0,0.0,0.0,2.9230121909931768
E2_cec2022_competition,cec2022,1,20,DE,8,6667146184570769493,1000000,1000000,300.0,0.0,0.0,2.93332082501729
E2_cec2022_competition,cec2022,1,20,DE,9,8142865174859641802,1000000,1000000,300.0,0.0,0.0,2.9628671730170026
E2_cec2022_competition,cec2022,1,20,DE,10,2791286614590093034,1000000,1000000,300.0,0.0,0.0,2.9492057299939916
E2_cec2022_competition,cec2022,1,20,DE,11,1546971011361984758,1000000,1000000,300.0,0.0,0.0,3.3219628980150446
E2_cec2022_competition,cec2022,1,20,DE,12,8583060079674885077,1000000,1000000,300.0,0.0,0.0,2.8947611630137544
E2_cec2022_competition,cec2022,1,20,DE,13,6568813374009502199,1000000,1000000,300.0,0.0,0.0,2.9135713030118495
E2_cec2022_competition,cec2022,1,20,DE,14,3014422762875581630,1000000,1000000,300.0,0.0,0.0,2.9122000809875317
E2_cec2022_competition,cec2022,1,20,DE,15,8446124332397981767,1000000,1000000,300.0,0.0,0.0,2.977110627980437
E2_cec2022_competition,cec2022,1,20,DE,16,7903055275431319279,1000000,1000000,300.0,0.0,0.0,3.033836153015727
E2_cec2022_competition,cec2022,1,20,DE,17,4860757290364278148,1000000,1000000,300.0,0.0,0.0,2.886943068006076
E2_cec2022_competition,cec2022,1,20,DE,18,9139934140176745320,1000000,1000000,300.0,0.0,0.0,3.001110642013373
E2_cec2022_competition,cec2022,1,20,DE,19,8968746695173099816,1000000,1000000,300.0,0.0,0.0,2.9974893709877506
E2_cec2022_competition,cec2022,1,20,DE,20,5188415152981987614,1000000,1000000,300.0,0.0,0.0,3.031496043986408
E2_cec2022_competition,cec2022,1,20,DE,21,205165795877564178,1000000,1000000,300.0,0.0,0.0,2.89191613602452
E2_cec2022_competition,cec2022,1,20,DE,22,2490138757436917666,1000000,1000000,300.0,0.0,0.0,2.901393902982818
E2_cec2022_competition,cec2022,1,20,DE,23,380645602181190504,1000000,1000000,300.0,0.0,0.0,2.868760936020408
E2_cec2022_competition,cec2022,1,20,DE,24,1477962083316451299,1000000,1000000,300.0,0.0,0.0,2.86636830799398
E2_cec2022_competition,cec2022,1,20,DE,25,5538637457393237929,1000000,1000000,300.0,0.0,0.0,2.8951855479972437
E2_cec2022_competition,cec2022,1,20,DE,26,536187809349811307,1000000,1000000,300.0,0.0,0.0,2.924248819006607
E2_cec2022_competition,cec2022,1,20,DE,27,4419835485868116663,1000000,1000000,300.0,0.0,0.0,3.8513146660116035
E2_cec2022_competition,cec2022,1,20,DE,28,353037568217933960,1000000,1000000,300.0,0.0,0.0,4.512960007006768
E2_cec2022_competition,cec2022,1,20,DE,29,4718640770997258170,1000000,1000000,300.0,0.0,0.0,4.483004954003263
E2_cec2022_competition,cec2022,7,10,HHO,0,6327024133997898100,200000,200000,2042.4239688212047,42.42396882120465,42.42396882120465,8.60217999201268
E2_cec2022_competition,cec2022,7,10,HHO,1,3088050305727827137,200000,200000,2028.9597191323433,28.959719132343253,28.959719132343253,4.50782775200787
E2_cec2022_competition,cec2022,7,10,HHO,2,241326009159740847,200000,200000,2063.958357005572,63.958357005572,63.958357005572,4.465653719002148
E2_cec2022_competition,cec2022,7,10,HHO,3,1782974458783770194,200000,200000,2031.4092340422546,31.40923404225464,31.40923404225464,7.712796182982856
E2_cec2022_competition,cec2022,7,10,HHO,4,8002074985982518004,200000,200000,2051.804472150342,51.80447215034201,51.80447215034201,4.411673222988611
E2_cec2022_competition,cec2022,7,10,HHO,5,4587128725499323789,200000,200000,2028.9776705664183,28.977670566418283,28.977670566418283,4.446907898993231
E2_cec2022_competition,cec2022,7,10,HHO,6,8736389142176636004,200000,200000,2043.090107956239,43.09010795623908,43.09010795623908,4.404647295014001
E2_cec2022_competition,cec2022,7,10,HHO,7,4575411025193999753,200000,200000,2039.0991108618205,39.09911086182046,39.09911086182046,4.4161224480194505
E2_cec2022_competition,cec2022,7,10,HHO,8,7155555559334356714,200000,200000,2023.967580960468,23.967580960468013,23.967580960468013,5.548321284004487
E2_cec2022_competition,cec2022,7,10,HHO,9,4103447833797392197,200000,200000,2032.8940187980154,32.894018798015395,32.894018798015395,4.409760025009746
E2_cec2022_competition,cec2022,7,10,HHO,10,4504982926891824427,200000,200000,2043.8899816465782,43.889981646578235,43.889981646578235,6.529628747986862
E2_cec2022_competition,cec2022,7,10,HHO,11,1384041481991864687,200000,200000,2062.978071139885,62.97807113988483,62.97807113988483,7.5000934039999265
E2_cec2022_competition,cec2022,7,10,HHO,12,6428324196405293727,200000,200000,2059.571865334068,59.57186533406821,59.57186533406821,7.746811330987839
E2_cec2022_competition,cec2022,7,10,HHO,13,375037145971919836,200000,200000,2034.6456756956086,34.64567569560859,34.64567569560859,7.389699879015097
E2_cec2022_competition,cec2022,7,10,HHO,14,16163805676843508,200000,200000,2043.6059826952783,43.60598269527827,43.60598269527827,7.640047454013256
E2_cec2022_competition,cec2022,7,10,HHO,15,962337189388354595,200000,200000,2098.91698352411,98.91698352411004,98.91698352411004,7.688448236003751
E2_cec2022_competition,cec2022,7,10,HHO,16,6043241981465028760,200000,200000,2076.5567110912725,76.55671109127252,76.55671109127252,7.77868521498749
E2_cec2022_competition,cec2022,7,10,HHO,17,8988698825380376488,200000,200000,2052.145470774744,52.1454707747439,52.1454707747439,8.046504309982993
E2_cec2022_competition,cec2022,7,10,HHO,18,2798091630020137201,200000,200000,2047.5179924943632,47.51799249436317,47.51799249436317,8.137858153990237
E2_cec2022_competition,cec2022,7,10,HHO,19,3541667972747313550,200000,200000,2053.9532791394236,53.95327913942356,53.95327913942356,5.162768486014102
E2_cec2022_competition,cec2022,7,10,HHO,20,9177003169502995617,200000,200000,2070.0671048307536,70.06710483075358,70.06710483075358,8.03704225202091
E2_cec2022_competition,cec2022,7,10,HHO,21,1343490461511176090,200000,200000,2064.230949695976,64.23094969597605,64.23094969597605,8.540188861021306
E2_cec2022_competition,cec2022,7,10,HHO,22,6504514541616811283,200000,200000,2073.2051953962364,73.20519539623638,73.20519539623638,8.535409858013736
E2_cec2022_competition,cec2022,7,10,HHO,23,3316406150253834289,200000,200000,2031.4415161173854,31.44151611738539,31.44151611738539,8.471026869985508
E2_cec2022_competition,cec2022,7,10,HHO,24,4609565294095326891,200000,200000,2082.51377633729,82.51377633728998,82.51377633728998,8.555307588016149
E2_cec2022_competition,cec2022,7,10,HHO,25,1689800036804669769,200000,200000,2051.9376971936535,51.93769719365355,51.93769719365355,8.517064939980628
E2_cec2022_competition,cec2022,7,10,HHO,26,2620127996290649573,200000,200000,2072.282358988483,72.28235898848288,72.28235898848288,8.536619757011067
E2_cec2022_competition,cec2022,7,10,HHO,27,480185114247376477,200000,200000,2043.6870858414147,43.68708584141473,43.68708584141473,8.518886787001975
E2_cec2022_competition,cec2022,7,10,HHO,28,4582513144337518117,200000,200000,2052.4988741300945,52.498874130094464,52.498874130094464,8.5494684560108
E2_cec2022_competition,cec2022,7,10,HHO,29,7770099828382892476,200000,200000,2044.3699069003517,44.36990690035168,44.36990690035168,8.461749568989035
E2_cec2022_competition,cec2022,4,10,HHO,0,1153378208913317225,200000,200000,822.9289685467992,22.928968546799183,22.928968546799183,6.211826393002411
E2_cec2022_competition,cec2022,4,10,HHO,1,4729221901822963950,200000,200000,820.9117091053424,20.911709105342425,20.911709105342425,7.286083535000216
E2_cec2022_competition,cec2022,4,10,HHO,2,2325412293793128911,200000,200000,826.8812043851881,26.881204385188084,26.881204385188084,6.727939613017952
E2_cec2022_competition,cec2022,4,10,HHO,3,6256530806660342852,200000,200000,817.9585761818494,17.958576181849367,17.958576181849367,7.7182643879787065
E2_cec2022_competition,cec2022,4,10,HHO,4,3284425318080949073,200000,200000,832.9103220017719,32.910322001771874,32.910322001771874,7.681915643013781
E2_cec2022_competition,cec2022,4,10,HHO,5,7404511353017763012,200000,200000,810.9549911877846,10.954991187784572,10.954991187784572,7.638180962996557
E2_cec2022_competition,cec2022,4,10,HHO,6,2293548350408548441,200000,200000,826.8989813035662,26.898981303566188,26.898981303566188,6.449468027014518
E2_cec2022_competition,cec2022,4,10,HHO,7,7284231805096607349,200000,200000,821.8999431416888,21.899943141688823,21.899943141688823,4.031007550976938
E2_cec2022_competition,cec2022,4,10,HHO,8,990656088136577721,200000,200000,813.9545749570646,13.954574957064551,13.954574957064551,3.9154896440159064
E2_cec2022_competition,cec2022,4,10,HHO,9,6979743281371739916,200000,200000,826.8861304720438,26.88613047204376,26.88613047204376,6.859618961985689
E2_cec2022_competition,cec2022,4,10,HHO,10,231715660203102114,200000,200000,821.9235193349856,21.9235193349856,21.9235193349856,7.503859788004775
E2_cec2022_competition,cec2022,4,10,HHO,11,513749930070967495,200000,200000,817.940857280679,17.940857280678983,17.940857280678983,7.5478946510120295
E2_cec2022_competition,cec2022,4,10,HHO,12,4735735803180463616,200000,200000,834.8389643720342,34.838964372034184,34.838964372034184,7.778561081999214
E2_cec2022_competition,cec2022,4,10,HHO,13,8008094447616967814,200000,200000,813.9341820958541,13.934182095854112,13.934182095854112,6.723397925001336
E2_cec2022_competition,cec2022,4,10,HHO,14,4730463954704716633,200000,200000,828.9805290125064,28.980529012506395,28.980529012506395,7.716227597993566
E2_cec2022_competition,cec2022,4,10,HHO,15,393853797744981244,200000,200000,818.9503242682077,18.950324268207737,18.950324268207737,7.7389372030156665
E2_cec2022_competition,cec2022,4,10,HHO,16,1713492231816246522,200000,200000,823.8800005872198,23.880000587219797,23.880000587219797,7.794824156007962
E2_cec2022_competition,cec2022,4,10,HHO,17,1107135938591219377,200000,200000,840.9339386131835,40.9339386131835,40.9339386131835,7.76972150299116
E2_cec2022_competition,cec2022,4,10,HHO,18,8169512898366195794,200000,200000,821.0386869564031,21.038686956403126,21.038686956403126,7.800572356005432
E2_cec2022_competition,cec2022,4,10,HHO,19,1120110403764309127,200000,200000,823.9170033015436,23.91700330154356,23.91700330154356,7.782556224992732
E2_cec2022_competition,cec2022,4,10,HHO,20,1460929144394319369,200000,200000,824.0007693070363,24.000769307036308,24.000769307036308,7.791235324024456
E2_cec2022_competition,cec2022,4,10,HHO,21,6910520198447047585,200000,200000,829.8558329483346,29.855832948334637,29.855832948334637,7.761984981014393
E2_cec2022_competition,cec2022,4,10,HHO,22,182249944245572002,200000,200000,835.8288045867105,35.828804586710476,35.828804586710476,7.669649675983237
E2_cec2022_competition,cec2022,4,10,HHO,23,783901534737432140,200000,200000,828.8886282259983,28.888628225998332,28.888628225998332,7.787914404994808
E2_cec2022_competition,cec2022,4,10,HHO,24,2696185164818713823,200000,200000,832.8634703921634,32.863470392163435,32.863470392163435,7.792340746993432
E2_cec2022_competition,cec2022,4,10,HHO,25,8259256901477704577,200000,200000,825.9060093708111,25.906009370811148,25.906009370811148,7.7166313150082715
E2_cec2022_competition,cec2022,4,10,HHO,26,5051138708711961761,200000,200000,820.942186436348,20.942186436348038,20.942186436348038,7.850210909993621
E2_cec2022_competition,cec2022,4,10,HHO,27,6595914523327100930,200000,200000,831.862932590669,31.862932590668947,31.862932590668947,7.608262467983877
E2_cec2022_competition,cec2022,4,10,HHO,28,5724524692654315953,200000,200000,812.9712821206405,12.971282120640467,12.971282120640467,4.594695010979194
E2_cec2022_competition,cec2022,4,10,HHO,29,6830840233346652022,200000,200000,821.908277704835,21.908277704834973,21.908277704834973,6.30304724900634
E2_cec2022_competition,cec2022,2,10,HHO,0,1384705559847200347,200000,200000,408.9268091821201,8.92680918212011,8.92680918212011,5.528232626005774
E2_cec2022_competition,cec2022,2,10,HHO,1,1400632124422741451,200000,200000,408.92737993976823,8.92737993976823,8.92737993976823,3.800044092000462
E2_cec2022_competition,cec2022,2,10,HHO,2,4643905318853336426,200000,200000,408.9161095660614,8.91610956606138,8.91610956606138,5.8971911190019455
E2_cec2022_competition,cec2022,2,10,HHO,3,5391920880416712897,200000,200000,400.635737235064,0.6357372350640276,0.6357372350640276,7.377132216002792
E2_cec2022_competition,cec2022,2,10,HHO,4,7938365291657345255,200000,200000,408.9291591676724,8.929159167672424,8.929159167672424,7.462499822984682
E2_cec2022_competition,cec2022,2,10,HHO,5,3570788477367658150,200000,200000,408.1036066304498,8.103606630449804,8.103606630449804,7.350043749000179
E2_cec2022_competition,cec2022,2,10,HHO,6,4412651113913085224,200000,200000,408.9169428272547,8.916942827254672,8.916942827254672,7.416509634000249
E2_cec2022_competition,cec2022,2,10,HHO,7,6513833395016708669,200000,200000,487.22188656684,87.22188656684,87.22188656684,7.364885265997145
E2_cec2022_competition,cec2022,2,10,HHO,8,3162177713232269971,200000,200000,408.9749156323246,8.97491563232461,8.97491563232461,7.41967416901025
E2_cec2022_competition,cec2022,2,10,HHO,9,1122871041280237624,200000,200000,478.3062938530179,78.3062938530179,78.3062938530179,7.39422574697528
E2_cec2022_competition,cec2022,2,10,HHO,10,9120357091298459865,200000,200000,400.49101079469614,0.4910107946961375,0.4910107946961375,7.415460586023983
E2_cec2022_competition,cec2022,2,10,HHO,11,4915662923524323490,200000,200000,469.18241276100264,69.18241276100264,69.18241276100264,7.3924880379927345
E2_cec2022_competition,cec2022,2,10,HHO,12,6737028640757598019,200000,200000,468.14983309174625,68.14983309174625,68.14983309174625,7.427824976010015
E2_cec2022_competition,cec2022,2,10,HHO,13,2852431622288058012,200000,200000,404.19518317861093,4.195183178610932,4.195183178610932,7.467782741994597
E2_cec2022_competition,cec2022,2,10,HHO,14,5844027846572681592,200000,200000,408.91868458345624,8.91868458345624,8.91868458345624,7.444269028987037
E2_cec2022_competition,cec2022,2,10,HHO,15,263948035538726345,200000,200000,400.51340248248255,0.5134024824825474,0.5134024824825474,7.468998722004471
E2_cec2022_competition,cec2022,2,10,HHO,16,5440830130975843863,200000,200000,404.3769804600967,4.376980460096718,4.376980460096718,7.480715849000262
E2_cec2022_competition,cec2022,2,10,HHO,17,56674076184691918,200000,200000,400.44916336858574,0.4491633685857437,0.4491633685857437,7.440289254998788
E2_cec2022_competition,cec2022,2,10,HHO,18,3396593676347847878,200000,200000,400.5796580589567,0.5796580589566815,0.5796580589566815,7.544082712003728
E2_cec2022_competition,cec2022,2,10,HHO,19,8700041083190862262,200000,200000,467.93176831865554,67.93176831865554,67.93176831865554,7.492673397006001
E2_cec2022_competition,cec2022,2,10,HHO,20,4760654476472237640,200000,200000,408.9179802933886,8.91798029338861,8.91798029338861,7.511165011004778
E2_cec2022_competition,cec2022,2,10,HHO,21,5516229673538072575,200000,200000,400.1645487315645,0.16454873156448002,0.16454873156448002,7.4440467419917695
E2_cec2022_competition,cec2022,2,10,HHO,22,3812956705492078234,200000,200000,400.51653406687444,0.516534066874442,0.516534066874442,7.492928555991966
E2_cec2022_competition,cec2022,2,10,HHO,23,2247475009872631701,200000,200000,407.1709614915697,7.170961491569699,7.170961491569699,7.425225471000886
E2_cec2022_competition,cec2022,2,10,HHO,24,2129657331272986150,200000,200000,408.9218009182327,8.921800918232691,8.921800918232691,7.452321582997683
E2_cec2022_competition,cec2022,2,10,HHO,25,536487216466487297,200000,200000,405.7409614875358,5.740961487535799,5.740961487535799,7.362439940014156
E2_cec2022_competition,cec2022,2,10,HHO,26,1281432251004887704,200000,200000,400.2210473849266,0.22104738492657816,0.22104738492657816,7.389601134025725
E2_cec2022_competition,cec2022,2,10,HHO,27,6648923883831657497,200000,200000,404.5134065327319,4.513406532731892,4.513406532731892,7.335850637988187
E2_cec2022_competition,cec2022,2,10,HHO,28,8787834152859801333,200000,200000,404.11934055713397,4.119340557133967,4.119340557133967,7.414644103992032
E2_cec2022_competition,cec2022,2,10,HHO,29,5601730787111268692,200000,200000,474.09091021187464,74.09091021187464,74.09091021187464,7.391982530010864
E2_cec2022_competition,cec2022,2,20,DE,0,5542104414006673241,1000000,1000000,444.8954693174513,44.89546931745127,44.89546931745127,3.6205888749973383
E2_cec2022_competition,cec2022,2,20,DE,1,7339048247127924702,1000000,1000000,449.08447897948116,49.08447897948116,49.08447897948116,2.950711863988545
E2_cec2022_competition,cec2022,2,20,DE,2,5129694080424738787,1000000,1000000,444.8954693174513,44.89546931745127,44.89546931745127,2.9095369259885047
E2_cec2022_competition,cec2022,2,20,DE,3,3097863644012654950,1000000,1000000,449.08447897948116,49.08447897948116,49.08447897948116,2.8867185970011633
E2_cec2022_competition,cec2022,2,20,DE,4,1378104449813073314,1000000,1000000,444.8954693174513,44.89546931745127,44.89546931745127,2.901504030014621
E2_cec2022_competition,cec2022,2,20,DE,5,3475060025809836911,1000000,1000000,449.08447897948116,49.08447897948116,49.08447897948116,2.9348754009988625
E2_cec2022_competition,cec2022,2,20,DE,6,4073938792365413118,1000000,1000000,449.08447897948116,49.08447897948116,49.08447897948116,2.995725733024301
E2_cec2022_competition,cec2022,2,20,DE,7,2650286320527118089,1000000,1000000,449.08447897948116,49.08447897948116,49.08447897948116,4.114356751990272
E2_cec2022_competition,cec2022,2,20,DE,8,329839721568606087,1000000,1000000,444.8954693174513,44.89546931745127,44.89546931745127,4.956210033007665
E2_cec2022_competition,cec2022,2,20,DE,9,1953619448819118762,1000000,1000000,444.8954693174513,44.89546931745127,44.89546931745127,4.976138582016574
E2_cec2022_competition,cec2022,2,20,DE,10,2036880694593822772,1000000,1000000,449.08447897948116,49.08447897948116,49.08447897948116,4.930756362009561
E2_cec2022_competition,cec2022,2,20,DE,11,8346930415767378221,1000000,1000000,449.08447897948116,49.08447897948116,49.08447897948116,4.92856564198155
E2_cec2022_competition,cec2022,2,20,DE,12,1341845185449404780,1000000,1000000,449.08447897948116,49.08447897948116,49.08447897948116,5.018598608992761
E2_cec2022_competition,cec2022,2,20,DE,13,9196230934503098685,1000000,1000000,449.08447897948116,49.08447897948116,49.08447897948116,5.0485513000166975
E2_cec2022_competition,cec2022,2,20,DE,14,1926000643505953584,1000000,1000000,449.08447897948116,49.08447897948116,49.08447897948116,5.060237979021622
E2_cec2022_competition,cec2022,2,20,DE,15,6063412971367549183,1000000,1000000,444.8954693174513,44.89546931745127,44.89546931745127,5.100402522017248
E2_cec2022_competition,cec2022,2,20,DE,16,5095820272550805993,1000000,1000000,449.08447897948116,49.08447897948116,49.08447897948116,3.3458023109997157
E2_cec2022_competition,cec2022,2,20,DE,17,7294589221091729251,1000000,1000000,444.8954693174513,44.89546931745127,44.89546931745127,3.057831398997223
E2_cec2022_competition,cec2022,2,20,DE,18,1153133091887532098,1000000,1000000,449.08447897948116,49.08447897948116,49.08447897948116,4.994695607019821
E2_cec2022_competition,cec2022,2,20,DE,19,1641958458033542768,1000000,1000000,449.08447897948116,49.08447897948116,49.08447897948116,4.580956693011103
E2_cec2022_competition,cec2022,2,20,DE,20,8504614586625054130,1000000,1000000,449.08447897948116,49.08447897948116,49.08447897948116,2.956092376000015
E2_cec2022_competition,cec2022,2,20,DE,21,2348144147892716198,1000000,1000000,449.08447897948116,49.08447897948116,49.08447897948116,3.009074519999558
E2_cec2022_competition,cec2022,2,20,DE,22,5270589174927791289,1000000,1000000,444.8954693174513,44.89546931745127,44.89546931745127,4.097589773999061
E2_cec2022_competition,cec2022,2,20,DE,23,9029346244681044538,1000000,1000000,444.8954693174513,44.89546931745127,44.89546931745127,4.719877032999648
E2_cec2022_competition,cec2022,2,20,DE,24,8433613108015430255,1000000,1000000,449.08447897948116,49.08447897948116,49.08447897948116,2.9405574279953726
E2_cec2022_competition,cec2022,2,20,DE,25,4585765560260189427,1000000,1000000,444.8954693174513,44.89546931745127,44.89546931745127,3.1667775499809068
E2_cec2022_competition,cec2022,2,20,DE,26,6562691549050940006,1000000,1000000,449.08447897948116,49.08447897948116,49.08447897948116,4.859573701018235
E2_cec2022_competition,cec2022,2,20,DE,27,7759598401554814181,1000000,1000000,444.8954693174513,44.89546931745127,44.89546931745127,4.876285556005314
E2_cec2022_competition,cec2022,2,20,DE,28,4868412798273906395,1000000,1000000,449.08447897948116,49.08447897948116,49.08447897948116,4.669477915012976
E2_cec2022_competition,cec2022,2,20,DE,29,205756707009413847,1000000,1000000,444.8954693174513,44.89546931745127,44.89546931745127,2.8473736209853087
E2_cec2022_competition,cec2022,1,10,SEHHO-COBL,0,9149280247569707524,200000,200000,300.0,0.0,0.0,10.66728692498873
E2_cec2022_competition,cec2022,1,10,SEHHO-COBL,1,3471207983637884352,200000,200000,300.0,0.0,0.0,10.726869619014906
E2_cec2022_competition,cec2022,1,10,SEHHO-COBL,2,5887412496681933686,200000,200000,300.0,0.0,0.0,7.234781771985581
E2_cec2022_competition,cec2022,1,10,SEHHO-COBL,3,2354732055594915166,200000,200000,300.0,0.0,0.0,5.651023976010038
E2_cec2022_competition,cec2022,1,10,SEHHO-COBL,4,4457409430855990005,200000,200000,300.0,0.0,0.0,8.05730919499183
E2_cec2022_competition,cec2022,1,10,SEHHO-COBL,5,1446367982446351946,200000,200000,300.0,0.0,0.0,9.125180047994945
E2_cec2022_competition,cec2022,1,10,SEHHO-COBL,6,3943258509497671728,200000,200000,300.0,0.0,0.0,6.107591519015841
E2_cec2022_competition,cec2022,1,10,SEHHO-COBL,7,8804590284625835897,200000,200000,300.0,0.0,0.0,5.410311292012921
E2_cec2022_competition,cec2022,1,10,SEHHO-COBL,8,3992725060487157785,200000,200000,300.0,0.0,0.0,6.577418672997737
E2_cec2022_competition,cec2022,1,10,SEHHO-COBL,9,6537489731225329737,200000,200000,300.0,0.0,0.0,8.166622444987297
E2_cec2022_competition,cec2022,1,10,SEHHO-COBL,10,6851213679042404754,200000,200000,300.0,0.0,0.0,9.50668112700805
E2_cec2022_competition,cec2022,1,10,SEHHO-COBL,11,8549506223343776635,200000,200000,300.0,0.0,0.0,10.714255018014228
E2_cec2022_competition,cec2022,1,10,SEHHO-COBL,12,8407323146973642066,200000,200000,300.0,0.0,0.0,6.598405074997572
E2_cec2022_competition,cec2022,1,10,SEHHO-COBL,13,6030623655640324517,200000,200000,300.0,0.0,0.0,9.503794932999881
E2_cec2022_competition,cec2022,1,10,SEHHO-COBL,14,3420220136927335910,200000,200000,300.0,0.0,0.0,5.590296483976999
E2_cec2022_competition,cec2022,1,10,SEHHO-COBL,15,6243683404381246643,200000,200000,300.0,0.0,0.0,7.039221005979925
E2_cec2022_competition,cec2022,1,10,SEHHO-COBL,16,958148835763593979,200000,200000,300.0,0.0,0.0,10.715153783996357
E2_cec2022_competition,cec2022,1,10,SEHHO-COBL,17,4189762807596775208,200000,200000,300.0,0.0,0.0,10.846677331021056
E2_cec2022_competition,cec2022,1,10,SEHHO-COBL,18,1600802539542956726,200000,200000,300.0,0.0,0.0,10.488835828989977
E2_cec2022_competition,cec2022,1,10,SEHHO-COBL,19,1792971776461886295,200000,200000,300.0,0.0,0.0,10.421365020010853
E2_cec2022_competition,cec2022,1,10,SEHHO-COBL,20,4155077430892357901,200000,200000,300.0,0.0,0.0,8.873098570998991
E2_cec2022_competition,cec2022,1,10,SEHHO-COBL,21,1514219177909298712,200000,200000,300.0,0.0,0.0,10.18466183601413
E2_cec2022_competition,cec2022,1,10,SEHHO-COBL,22,2783571731947090044,200000,200000,300.0,0.0,0.0,10.152398882986745
E2_cec2022_competition,cec2022,1,10,SEHHO-COBL,23,1448010238132789826,200000,200000,300.0,0.0,0.0,10.744442338997032
E2_cec2022_competition,cec2022,1,10,SEHHO-COBL,24,5820129570790357165,200000,200000,300.0,0.0,0.0,10.876613410015125
E2_cec2022_competition,cec2022,1,10,SEHHO-COBL,25,6568709286901516902,200000,200000,300.0,0.0,0.0,8.216259695996996
E2_cec2022_competition,cec2022,1,10,SEHHO-COBL,26,284772441443667133,200000,200000,300.0,0.0,0.0,5.65215241201804
E2_cec2022_competition,cec2022,1,10,SEHHO-COBL,27,4740010332978558569,200000,200000,300.0,0.0,0.0,5.637067869014572
E2_cec2022_competition,cec2022,1,10,SEHHO-COBL,28,2751416381714563666,200000,200000,300.0,0.0,0.0,5.673122193024028
E2_cec2022_competition,cec2022,1,10,SEHHO-COBL,29,951716121818325095,200000,200000,300.0,0.0,0.0,5.772453209996456
E2_cec2022_competition,cec2022,10,10,HHO,0,4608458294773039900,200000,200000,2501.1248061022934,101.1248061022934,101.1248061022934,7.141349690005882
E2_cec2022_competition,cec2022,10,10,HHO,1,3792626678638112152,200000,200000,2500.4971860481924,100.49718604819236,100.49718604819236,6.612364148022607
E2_cec2022_competition,cec2022,10,10,HHO,2,1644682539017933814,200000,200000,2634.456648546181,234.456648546181,234.456648546181,6.8429840019962285
E2_cec2022_competition,cec2022,10,10,HHO,3,5308342337541155460,200000,200000,2500.7250973817204,100.72509738172039,100.72509738172039,7.754936611017911
E2_cec2022_competition,cec2022,10,10,HHO,4,8324196153967459110,200000,200000,2500.771417270969,100.77141727096887,100.77141727096887,8.365921182004968
E2_cec2022_competition,cec2022,10,10,HHO,5,1954529781310972428,200000,200000,2500.6547694450283,100.65476944502825,100.65476944502825,8.376482941996073
E2_cec2022_competition,cec2022,10,10,HHO,6,3668445738153052884,200000,200000,2500.8976783248013,100.89767832480129,100.89767832480129,4.601816548005445
E2_cec2022_competition,cec2022,10,10,HHO,7,5897735345726537264,200000,200000,2634.898141790028,234.89814179002815,234.89814179002815,6.862509343976853
E2_cec2022_competition,cec2022,10,10,HHO,8,2728702702880010642,200000,200000,2501.0184282558625,101.01842825586255,101.01842825586255,5.1072942379978485
E2_cec2022_competition,cec2022,10,10,HHO,9,4569448793227101215,200000,200000,2623.8115543963804,223.81155439638042,223.81155439638042,7.289047623984516
E2_cec2022_competition,cec2022,10,10,HHO,10,1048007948941107739,200000,200000,2623.5392051155945,223.53920511559454,223.53920511559454,7.996867751004174
E2_cec2022_competition,cec2022,10,10,HHO,11,5311393301629615516,200000,200000,2500.477607153175,100.47760715317509,100.47760715317509,8.261284154024906
E2_cec2022_competition,cec2022,10,10,HHO,12,4956821175540762733,200000,200000,2500.834462804739,100.8344628047389,100.8344628047389,8.170734366984107
E2_cec2022_competition,cec2022,10,10,HHO,13,2679372649543500441,200000,200000,2500.581069890673,100.581069890673,100.581069890673,8.311935325997183
E2_cec2022_competition,cec2022,10,10,HHO,14,3609396017027782855,200000,200000,2500.8517589331127,100.8517589331127,100.8517589331127,8.287646529002814
E2_cec2022_competition,cec2022,10,10,HHO,15,2690835475624535197,200000,200000,2500.934920330008,100.93492033000803,100.93492033000803,8.348771966993809
E2_cec2022_competition,cec2022,10,10,HHO,16,6578178210371214103,200000,200000,2500.868184592668,100.86818459266806,100.86818459266806,8.351775340008317
E2_cec2022_competition,cec2022,10,10,HHO,17,2886913130880342750,200000,200000,2500.47629434499,100.47629434499004,100.47629434499004,8.411541318026138
E2_cec2022_competition,cec2022,10,10,HHO,18,7358474374674032410,200000,200000,2500.7478390145493,100.7478390145493,100.7478390145493,8.308047202997841
E2_cec2022_competition,cec2022,10,10,HHO,19,7386915442796164454,200000,200000,2653.5097609802788,253.50976098027877,253.50976098027877,8.35366135800723
E2_cec2022_competition,cec2022,10,10,HHO,20,6666900606613806458,200000,200000,2500.8282530655924,100.82825306559243,100.82825306559243,8.251666124007897
E2_cec2022_competition,cec2022,10,10,HHO,21,3639297561358994498,200000,200000,2646.0900251343337,246.0900251343337,246.0900251343337,5.075990163983079
E2_cec2022_competition,cec2022,10,10,HHO,22,2490898097170819944,200000,200000,2500.5174796670053,100.51747966700532,100.51747966700532,4.206283190025715
E2_cec2022_competition,cec2022,10,10,HHO,23,6495823066395560682,200000,200000,2500.6756424734076,100.6756424734076,100.6756424734076,6.513402454002062
E2_cec2022_competition,cec2022,10,10,HHO,24,421496671728877478,200000,200000,2545.6721136656033,145.67211366560332,145.67211366560332,4.288301855005557
E2_cec2022_competition,cec2022,10,10,HHO,25,321538670043204294,200000,200000,2500.6978849536326,100.69788495363264,100.69788495363264,4.202581517980434
E2_cec2022_competition,cec2022,10,10,HHO,26,4515340100212907083,200000,200000,2639.0582926632997,239.05829266329965,239.05829266329965,4.21827926998958
E2_cec2022_competition,cec2022,10,10,HHO,27,2646309776861826403,200000,200000,2636.271655517689,236.27165551768894,236.27165551768894,4.242191871977411
E2_cec2022_competition,cec2022,10,10,HHO,28,287300517468918653,200000,200000,2500.5616313158207,100.5616313158207,100.5616313158207,7.0828819570015185
E2_cec2022_competition,cec2022,10,10,HHO,29,3682940023738436405,200000,200000,2635.809914791359,235.809914791359,235.809914791359,5.828319142980035
E2_cec2022_competition,cec2022,4,10,SEHHO-COBL,0,741184090546406562,200000,200000,805.9709889134245,5.970988913424549,5.970988913424549,10.730689822987188
E2_cec2022_competition,cec2022,4,10,SEHHO-COBL,1,341017491628609476,200000,200000,806.9660568415601,6.966056841560089,6.966056841560089,8.919099341001129
E2_cec2022_competition,cec2022,4,10,SEHHO-COBL,2,4855845802314821687,200000,200000,805.9713742151472,5.971374215147193,5.971374215147193,5.979141136020189
E2_cec2022_competition,cec2022,4,10,SEHHO-COBL,3,4559822842375733368,200000,200000,804.9783158420591,4.978315842059146,4.978315842059146,8.887140607985202
E2_cec2022_competition,cec2022,4,10,SEHHO-COBL,4,6486822439342160580,200000,200000,807.9604538800177,7.960453880017667,7.960453880017667,9.61902007102617
E2_cec2022_competition,cec2022,4,10,SEHHO-COBL,5,2570932078844164817,200000,200000,807.9662559770665,7.966255977066453,7.966255977066453,5.782593698997516
E2_cec2022_competition,cec2022,4,10,SEHHO-COBL,6,3658473277284780327,200000,200000,805.9725676245871,5.9725676245871,5.9725676245871,7.39630316401599
E2_cec2022_competition,cec2022,4,10,SEHHO-COBL,7,9019705531518082378,200000,200000,804.9752417038594,4.97524170385941,4.97524170385941,9.892261846980546
E2_cec2022_competition,cec2022,4,10,SEHHO-COBL,8,839610705430994798,200000,200000,804.9756110311934,4.975611031193353,4.975611031193353,10.931440243992256
E2_cec2022_competition,cec2022,4,10,SEHHO-COBL,9,6266110164681666170,200000,200000,804.9771867988105,4.977186798810521,4.977186798810521,11.040407313994365
E2_cec2022_competition,cec2022,4,10,SEHHO-COBL,10,6770803633030613661,200000,200000,805.9703069175423,5.9703069175423025,5.9703069175423025,10.953450266009895
E2_cec2022_competition,cec2022,4,10,SEHHO-COBL,11,8487365180278918919,200000,200000,803.9803579175584,3.980357917558422,3.980357917558422,9.20243938700878
E2_cec2022_competition,cec2022,4,10,SEHHO-COBL,12,7644920728238738499,200000,200000,803.9814096808074,3.98140968080736,3.98140968080736,5.863235202006763
E2_cec2022_competition,cec2022,4,10,SEHHO-COBL,13,6366376637770828213,200000,200000,806.9677739487835,6.967773948783474,6.967773948783474,10.320348552020732
E2_cec2022_competition,cec2022,4,10,SEHHO-COBL,14,7363193048150976846,200000,200000,802.9861708479251,2.9861708479251092,2.9861708479251092,10.427251771005103
E2_cec2022_competition,cec2022,4,10,SEHHO-COBL,15,3925815102366969479,200000,200000,803.0000395683633,3.0000395683632632,3.0000395683632632,10.342402576992754
E2_cec2022_competition,cec2022,4,10,SEHHO-COBL,16,3044841799181256395,200000,200000,804.9771548929725,4.977154892972521,4.977154892972521,11.005607131985016
E2_cec2022_competition,cec2022,4,10,SEHHO-COBL,17,6135203974595861697,200000,200000,803.9811354531498,3.981135453149818,3.981135453149818,11.046674809011165
E2_cec2022_competition,cec2022,4,10,SEHHO-COBL,18,9048601936574073283,200000,200000,804.9760801070421,4.976080107042094,4.976080107042094,8.235149224026827
E2_cec2022_competition,cec2022,4,10,SEHHO-COBL,19,565515340697852529,200000,200000,808.9561949769032,8.956194976903248,8.956194976903248,9.884315803006757
E2_cec2022_competition,cec2022,4,10,SEHHO-COBL,20,7128586249430600881,200000,200000,807.9603797883937,7.960379788393652,7.960379788393652,9.761291987990262
E2_cec2022_competition,cec2022,4,10,SEHHO-COBL,21,7289483730022889654,200000,200000,803.9842119187424,3.984211918742403,3.984211918742403,8.753578586998628
E2_cec2022_competition,cec2022,4,10,SEHHO-COBL,22,5328914873779891873,200000,200000,808.9561337611196,8.956133761119645,8.956133761119645,8.37409251902136
E2_cec2022_competition,cec2022,4,10,SEHHO-COBL,23,8499928494905984865,200000,200000,807.9601044289051,7.960104428905083,7.960104428905083,6.287267260981025
E2_cec2022_competition,cec2022,4,10,SEHHO-COBL,24,8139439451937450638,200000,200000,807.9604491719272,7.960449171927166,7.960449171927166,9.002611636999063
E2_cec2022_competition,cec2022,4,10,SEHHO-COBL,25,1887622962821452256,200000,200000,808.95524445439,8.955244454390026,8.955244454390026,5.633450224006083
E2_cec2022_competition,cec2022,4,10,SEHHO-COBL,26,5421649809738688831,200000,200000,807.9617099039729,7.96170990397286,7.96170990397286,5.534965344006196
E2_cec2022_competition,cec2022,4,10,SEHHO-COBL,27,118890906669068197,200000,200000,806.9652513241523,6.965251324152291,6.965251324152291,7.7972097099991515
E2_cec2022_competition,cec2022,4,10,SEHHO-COBL,28,3938230030753937355,200000,200000,807.960383971567,7.960383971567012,7.960383971567012,7.098607952997554
E2_cec2022_competition,cec2022,4,10,SEHHO-COBL,29,4897940091323567796,200000,200000,803.9838850532724,3.983885053272388,3.983885053272388,8.839155777997803
E2_cec2022_competition,cec2022,8,10,HHO,0,5543190438333506915,200000,200000,2226.5173416920916,26.517341692091577,26.517341692091577,8.868793736008229
E2_cec2022_competition,cec2022,8,10,HHO,1,6663779691223753788,200000,200000,2227.147429027098,27.147429027098042,27.147429027098042,8.845520033995854
E2_cec2022_competition,cec2022,8,10,HHO,2,3648816185814148685,200000,200000,2222.9854464545438,22.985446454543762,22.985446454543762,6.332117554004071
E2_cec2022_competition,cec2022,8,10,HHO,3,8514676975951382473,200000,200000,2227.8564161196487,27.856416119648657,27.856416119648657,8.847749887005193
E2_cec2022_competition,cec2022,8,10,HHO,4,7713883721467711351,200000,200000,2211.2120056571407,11.212005657140708,11.212005657140708,8.797256520978408
E2_cec2022_competition,cec2022,8,10,HHO,5,4883165617626209844,200000,200000,2232.2699610175196,32.26996101751956,32.26996101751956,8.953686091990676
E2_cec2022_competition,cec2022,8,10,HHO,6,499958293005205680,200000,200000,2224.9806433833396,24.98064338333961,24.98064338333961,8.892741393006872
E2_cec2022_competition,cec2022,8,10,HHO,7,8388675330902168571,200000,200000,2225.0355472783504,25.03554727835035,25.03554727835035,8.909127706981963
E2_cec2022_competition,cec2022,8,10,HHO,8,8423793837790402052,200000,200000,2234.525966043408,34.52596604340806,34.52596604340806,8.876884241006337
E2_cec2022_competition,cec2022,8,10,HHO,9,3393096741144260869,200000,200000,2235.6547676450514,35.65476764505138,35.65476764505138,8.849141807993874
E2_cec2022_competition,cec2022,8,10,HHO,10,36476718151179281,200000,200000,2233.3161271533086,33.31612715330857,33.31612715330857,8.788896390004084
E2_cec2022_competition,cec2022,8,10,HHO,11,3426806901517383395,200000,200000,2228.4285311679114,28.428531167911387,28.428531167911387,8.709081076987786
E2_cec2022_competition,cec2022,8,10,HHO,12,4377084315653881339,200000,200000,2229.446245514412,29.446245514412112,29.446245514412112,8.71361681399867
E2_cec2022_competition,cec2022,8,10,HHO,13,529436766350440319,200000,200000,2233.60266177148,33.60266177148014,33.60266177148014,8.890967134997481
E2_cec2022_competition,cec2022,8,10,HHO,14,7938567332508818061,200000,200000,2230.022951799843,30.022951799843213,30.022951799843213,8.760131830000319
E2_cec2022_competition,cec2022,8,10,HHO,15,7431166463631570174,200000,200000,2231.590334494736,31.590334494736,31.590334494736,8.074406453000847
E2_cec2022_competition,cec2022,8,10,HHO,16,1271306262647761313,200000,200000,2234.200000954746,34.200000954745974,34.200000954745974,5.47143258099095
E2_cec2022_competition,cec2022,8,10,HHO,17,7243051270517693376,200000,200000,2230.593098321307,30.593098321307025,30.593098321307025,5.920782497996697
E2_cec2022_competition,cec2022,8,10,HHO,18,8540485043745198615,200000,200000,2225.9236132101587,25.923613210158692,25.923613210158692,4.58699681100552
E2_cec2022_competition,cec2022,8,10,HHO,19,4438403197443390325,200000,200000,2227.284764641453,27.284764641452966,27.284764641452966,4.770124547998421
E2_cec2022_competition,cec2022,8,10,HHO,20,4646725982278795713,200000,200000,2227.1833314679625,27.18333146796249,27.18333146796249,4.669912609009771
E2_cec2022_competition,cec2022,8,10,HHO,21,880336054258919425,200000,200000,2225.938858377149,25.93885837714879,25.93885837714879,6.555931953014806
E2_cec2022_competition,cec2022,8,10,HHO,22,8752135806971725906,200000,200000,2227.081904118861,27.081904118861075,27.081904118861075,7.418981310009258
E2_cec2022_competition,cec2022,8,10,HHO,23,4886521233610437843,200000,200000,2230.029038338099,30.02903833809887,30.02903833809887,7.987642488005804
E2_cec2022_competition,cec2022,8,10,HHO,24,1145271395643243126,200000,200000,2229.9184658725644,29.91846587256441,29.91846587256441,8.765402605000418
E2_cec2022_competition,cec2022,8,10,HHO,25,5471600805736719901,200000,200000,2223.58827985661,23.588279856609915,23.588279856609915,8.865785734000383
E2_cec2022_competition,cec2022,8,10,HHO,26,6575838929364031400,200000,200000,2226.378151726774,26.378151726773922,26.378151726773922,8.816631941008382
E2_cec2022_competition,cec2022,8,10,HHO,27,5643648285758447425,200000,200000,2231.549570880615,31.549570880615192,31.549570880615192,8.79823787100031
E2_cec2022_competition,cec2022,8,10,HHO,28,4033888080833668829,200000,200000,2225.4278801732476,25.42788017324756,25.42788017324756,8.87097231298685
E2_cec2022_competition,cec2022,8,10,HHO,29,5240126949789669689,200000,200000,2223.4878904915677,23.48789049156767,23.48789049156767,8.899277571996208
E2_cec2022_competition,cec2022,9,10,HHO,0,5675769166397993686,200000,200000,2529.316378356699,229.3163783566988,229.3163783566988,6.431183412991231
E2_cec2022_competition,cec2022,9,10,HHO,1,8235126995928662661,200000,200000,2529.2851532497057,229.28515324970567,229.28515324970567,7.486940424016211
E2_cec2022_competition,cec2022,9,10,HHO,2,6556811496029930885,200000,200000,2529.286485391096,229.286485391096,229.286485391096,7.4769851219898555
E2_cec2022_competition,cec2022,9,10,HHO,3,698902535961122474,200000,200000,2529.2850669258796,229.28506692587962,229.28506692587962,7.519983970996691
E2_cec2022_competition,cec2022,9,10,HHO,4,1855508037832896670,200000,200000,2529.286388422271,229.2863884222711,229.2863884222711,7.468148598010885
E2_cec2022_competition,cec2022,9,10,HHO,5,4815013558289086926,200000,200000,2529.2999979179413,229.29999791794125,229.29999791794125,7.506111032009358
E2_cec2022_competition,cec2022,9,10,HHO,6,3759562095467455094,200000,200000,2529.285051983251,229.28505198325092,229.28505198325092,7.47179877499002
E2_cec2022_competition,cec2022,9,10,HHO,7,7987910945397440522,200000,200000,2676.227529656835,376.22752965683503,376.22752965683503,7.506176032999065
E2_cec2022_competition,cec2022,9,10,HHO,8,3333723433268128511,200000,200000,2529.2903609432124,229.29036094321236,229.29036094321236,6.919575457024621
E2_cec2022_competition,cec2022,9,10,HHO,9,8013085197212534470,200000,200000,2529.2926975542077,229.29269755420773,229.29269755420773,7.411573374993168
E2_cec2022_competition,cec2022,9,10,HHO,10,8323681135279413288,200000,200000,2529.2859875214235,229.28598752142352,229.28598752142352,7.52496600500308
E2_cec2022_competition,cec2022,9,10,HHO,11,8193562906264147613,200000,200000,2529.289739186261,229.28973918626116,229.28973918626116,7.497756010008743
E2_cec2022_competition,cec2022,9,10,HHO,12,4437748920320916393,200000,200000,2529.2919574256866,229.29195742568663,229.29195742568663,7.939181613997789
E2_cec2022_competition,cec2022,9,10,HHO,13,8974428767802999136,200000,200000,2529.2852183677765,229.28521836777645,229.28521836777645,7.993892971979221
E2_cec2022_competition,cec2022,9,10,HHO,14,8824068489905515482,200000,200000,2529.2929543814726,229.29295438147255,229.29295438147255,7.928010069997981
E2_cec2022_competition,cec2022,9,10,HHO,15,3025453158675912369,200000,200000,2529.2935128334593,229.29351283345932,229.29351283345932,7.964944175007986
E2_cec2022_competition,cec2022,9,10,HHO,16,875559985343043832,200000,200000,2529.2919943692523,229.29199436925228,229.29199436925228,7.969415180996293
E2_cec2022_competition,cec2022,9,10,HHO,17,1529099984365810438,200000,200000,2529.2910557101213,229.29105571012133,229.29105571012133,8.009475838014623
E2_cec2022_competition,cec2022,9,10,HHO,18,3850664867030616563,200000,200000,2529.292242563388,229.29224256338784,229.29224256338784,7.923273506981786
E2_cec2022_competition,cec2022,9,10,HHO,19,4178034529373783293,200000,200000,2529.297166508154,229.29716650815408,229.29716650815408,7.991116153018083
E2_cec2022_competition,cec2022,9,10,HHO,20,8667594614060894437,200000,200000,2529.2883104503894,229.28831045038942,229.28831045038942,7.9542835089960136
E2_cec2022_competition,cec2022,9,10,HHO,21,1902682273196746580,200000,200000,2529.3138057682954,229.31380576829542,229.31380576829542,7.952689299010672
E2_cec2022_competition,cec2022,9,10,HHO,22,7146125079319311125,200000,200000,2529.287138396393,229.28713839639295,229.28713839639295,7.668392298015533
E2_cec2022_competition,cec2022,9,10,HHO,23,4045171931834884856,200000,200000,2529.2850566356938,229.28505663569376,229.28505663569376,7.427222016005544
E2_cec2022_competition,cec2022,9,10,HHO,24,2265595030656381121,200000,200000,2529.28487124239,229.28487124239018,229.28487124239018,7.365835609001806
E2_cec2022_competition,cec2022,9,10,HHO,25,7947507058196998265,200000,200000,2529.284489047604,229.28448904760398,229.28448904760398,7.432751997985179
E2_cec2022_competition,cec2022,9,10,HHO,26,7400881083540974057,200000,200000,2529.2851621038167,229.28516210381667,229.28516210381667,7.425159336999059
E2_cec2022_competition,cec2022,9,10,HHO,27,6898416230581821658,200000,200000,2529.284464015453,229.28446401545307,229.28446401545307,7.442016354994848
E2_cec2022_competition,cec2022,9,10,HHO,28,7887265809487218688,200000,200000,2529.2872207393016,229.28722073930157,229.28722073930157,7.409714048000751
E2_cec2022_competition,cec2022,9,10,HHO,29,7859720930095649149,200000,200000,2676.2325019959444,376.2325019959444,376.2325019959444,7.4502191100036725
E2_cec2022_competition,cec2022,1,20,SHADE,0,5046927968100677942,1000000,1000000,300.0,0.0,0.0,6.0485628040041775
E2_cec2022_competition,cec2022,1,20,SHADE,1,1927694905924457214,1000000,1000000,300.0,0.0,0.0,6.050253083987627
E2_cec2022_competition,cec2022,1,20,SHADE,2,4625280554843744027,1000000,1000000,300.0,0.0,0.0,4.695070165995276
E2_cec2022_competition,cec2022,1,20,SHADE,3,8532578272385273393,1000000,1000000,300.0,0.0,0.0,4.306930155988084
E2_cec2022_competition,cec2022,1,20,SHADE,4,8515897045117155188,1000000,1000000,300.0,0.0,0.0,6.109228971006814
E2_cec2022_competition,cec2022,1,20,SHADE,5,7953888181402892237,1000000,1000000,300.0,0.0,0.0,6.139003385993419
E2_cec2022_competition,cec2022,1,20,SHADE,6,919555755276011764,1000000,1000000,300.0,0.0,0.0,6.1500753319996875
E2_cec2022_competition,cec2022,1,20,SHADE,7,8097335887439710983,1000000,1000000,300.0,0.0,0.0,6.147025853017112
E2_cec2022_competition,cec2022,1,20,SHADE,8,6893892687587778470,1000000,1000000,300.0,0.0,0.0,6.126740837004036
E2_cec2022_competition,cec2022,1,20,SHADE,9,5617492125838560690,1000000,1000000,300.0,0.0,0.0,6.175692941003945
E2_cec2022_competition,cec2022,1,20,SHADE,10,2187932585562097510,1000000,1000000,300.0,0.0,0.0,6.1416232389747165
E2_cec2022_competition,cec2022,1,20,SHADE,11,5303931223997506689,1000000,1000000,300.0,0.0,0.0,6.147965284995735
E2_cec2022_competition,cec2022,1,20,SHADE,12,7219044859313635159,1000000,1000000,300.0,0.0,0.0,6.116392146010185
E2_cec2022_competition,cec2022,1,20,SHADE,13,7754414808235905154,1000000,1000000,300.0,0.0,0.0,6.143073849991197
E2_cec2022_competition,cec2022,1,20,SHADE,14,5523374496675332944,1000000,1000000,300.0,0.0,0.0,4.700369645986939
E2_cec2022_competition,cec2022,1,20,SHADE,15,4294874097939025208,1000000,1000000,300.0,0.0,0.0,3.7685216190002393
E2_cec2022_competition,cec2022,1,20,SHADE,16,6938776572183199808,1000000,1000000,300.0,0.0,0.0,4.287455578014487
E2_cec2022_competition,cec2022,1,20,SHADE,17,2286551164675348610,1000000,1000000,300.0,0.0,0.0,3.863856579991989
E2_cec2022_competition,cec2022,1,20,SHADE,18,2660477822593605655,1000000,1000000,300.0,0.0,0.0,4.749410746997455
E2_cec2022_competition,cec2022,1,20,SHADE,19,4129263062486305173,1000000,1000000,300.0,0.0,0.0,5.2122060430119745
E2_cec2022_competition,cec2022,1,20,SHADE,20,1663862420803134247,1000000,1000000,300.0,0.0,0.0,3.8688277050096076
E2_cec2022_competition,cec2022,1,20,SHADE,21,3273187842708453683,1000000,1000000,300.0,0.0,0.0,3.881735164002748
E2_cec2022_competition,cec2022,1,20,SHADE,22,2680521595815749149,1000000,1000000,300.0,0.0,0.0,5.300098575011361
E2_cec2022_competition,cec2022,1,20,SHADE,23,521151580936268317,1000000,1000000,300.0,0.0,0.0,5.395001636003144
E2_cec2022_competition,cec2022,1,20,SHADE,24,2031020602572147804,1000000,1000000,300.0,0.0,0.0,6.0989521160081495
E2_cec2022_competition,cec2022,1,20,SHADE,25,1991126419842429616,1000000,1000000,300.0,0.0,0.0,6.130461193999508
E2_cec2022_competition,cec2022,1,20,SHADE,26,6454675509605059636,1000000,1000000,300.0,0.0,0.0,5.122406934009632
E2_cec2022_competition,cec2022,1,20,SHADE,27,545881114747031141,1000000,1000000,300.0,0.0,0.0,6.187682258023415
E2_cec2022_competition,cec2022,1,20,SHADE,28,1226647456281880773,1000000,1000000,300.0,0.0,0.0,6.184303322021151
E2_cec2022_competition,cec2022,1,20,SHADE,29,4523108225095350713,1000000,1000000,300.0,0.0,0.0,6.198060713999439
E2_cec2022_competition,cec2022,6,10,SEHHO-COBL,0,6980955669990623915,200000,200000,1801.2817790707882,1.2817790707881613,1.2817790707881613,6.05844887701096
E2_cec2022_competition,cec2022,6,10,SEHHO-COBL,1,3848956410343359449,200000,200000,1833.8889325927848,33.88893259278484,33.88893259278484,9.128839101991616
E2_cec2022_competition,cec2022,6,10,SEHHO-COBL,2,1849363887614576400,200000,200000,1830.402414861646,30.402414861646093,30.402414861646093,7.580624259018805
E2_cec2022_competition,cec2022,6,10,SEHHO-COBL,3,2749759748339052807,200000,200000,1802.1778196808925,2.177819680892526,2.177819680892526,7.130428075004602
E2_cec2022_competition,cec2022,6,10,SEHHO-COBL,4,2561417152007025609,200000,200000,1802.4730293200432,2.4730293200432243,2.4730293200432243,10.978036109998357
E2_cec2022_competition,cec2022,6,10,SEHHO-COBL,5,2791909532196076405,200000,200000,1809.0004874936226,9.000487493622586,9.000487493622586,9.937919894000515
E2_cec2022_competition,cec2022,6,10,SEHHO-COBL,6,8232875577951707578,200000,200000,1800.2341646374034,0.23416463740340987,0.23416463740340987,10.768103567010257
E2_cec2022_competition,cec2022,6,10,SEHHO-COBL,7,2263895978440156821,200000,200000,1801.2037216750332,1.2037216750331936,1.2037216750331936,11.57264205001411
E2_cec2022_competition,cec2022,6,10,SEHHO-COBL,8,4138555086031910844,200000,200000,1804.0676467562303,4.0676467562302605,4.0676467562302605,11.413796868990175
E2_cec2022_competition,cec2022,6,10,SEHHO-COBL,9,2481053797443434096,200000,200000,1830.5905670447764,30.590567044776435,30.590567044776435,10.922916405979777
E2_cec2022_competition,cec2022,6,10,SEHHO-COBL,10,5095383161353964676,200000,200000,1801.3049310058343,1.3049310058343053,1.3049310058343053,11.298323755007004
E2_cec2022_competition,cec2022,6,10,SEHHO-COBL,11,3550660533235309522,200000,200000,1804.1833309003382,4.1833309003382055,4.1833309003382055,11.61329164300696
E2_cec2022_competition,cec2022,6,10,SEHHO-COBL,12,6223724318738888226,200000,200000,1802.3985161352728,2.3985161352727573,2.3985161352727573,10.47603602198069
E2_cec2022_competition,cec2022,6,10,SEHHO-COBL,13,1421000269291559740,200000,200000,1865.8578696187312,65.85786961873123,65.85786961873123,10.32482328498736
E2_cec2022_competition,cec2022,6,10,SEHHO-COBL,14,6681856900286041279,200000,200000,1800.4794048058493,0.479404805849299,0.479404805849299,9.52952441200614
E2_cec2022_competition,cec2022,6,10,SEHHO-COBL,15,1893582125189136227,200000,200000,1800.2006590007977,0.20065900079771382,0.20065900079771382,10.649080786999548
E2_cec2022_competition,cec2022,6,10,SEHHO-COBL,16,6578643630080021285,200000,200000,1801.466226115424,1.4662261154239786,1.4662261154239786,7.27942627799348
E2_cec2022_competition,cec2022,6,10,SEHHO-COBL,17,3768730890339344002,200000,200000,1850.8317897072432,50.83178970724316,50.83178970724316,5.86659584500012
E2_cec2022_competition,cec2022,6,10,SEHHO-COBL,18,3270416982302971940,200000,200000,1800.1950566276728,0.1950566276727841,0.1950566276727841,7.355446893023327
E2_cec2022_competition,cec2022,6,10,SEHHO-COBL,19,6606448864862570651,200000,200000,1802.249712897669,2.249712897669042,2.249712897669042,5.94057237598463
E2_cec2022_competition,cec2022,6,10,SEHHO-COBL,20,482639039538351407,200000,200000,1804.0856492761002,4.085649276100185,4.085649276100185,5.984352750994731
E2_cec2022_competition,cec2022,6,10,SEHHO-COBL,21,115577067559447605,200000,200000,1865.8578696187312,65.85786961873123,65.85786961873123,5.79632927197963
E2_cec2022_competition,cec2022,6,10,SEHHO-COBL,22,4585975348722879796,200000,200000,1808.1068578851907,8.10685788519072,8.10685788519072,6.379400058009196
E2_cec2022_competition,cec2022,6,10,SEHHO-COBL,23,8268400575578885531,200000,200000,1802.2469176422287,2.246917642228709,2.246917642228709,10.70463549598935
E2_cec2022_competition,cec2022,6,10,SEHHO-COBL,24,6372836825765277674,200000,200000,1805.1666694757655,5.166669475765502,5.166669475765502,7.172643644997152
E2_cec2022_competition,cec2022,6,10,SEHHO-COBL,25,3463033161572929136,200000,200000,1802.1026422333534,2.1026422333534356,2.1026422333534356,8.66022608501953
E2_cec2022_competition,cec2022,6,10,SEHHO-COBL,26,7371276936626942544,200000,200000,1805.9387703787363,5.938770378736308,5.938770378736308,9.224800307012629
E2_cec2022_competition,cec2022,6,10,SEHHO-COBL,27,5390816073115611455,200000,200000,1803.2411316126813,3.241131612681329,3.241131612681329,11.242751453013625
E2_cec2022_competition,cec2022,6,10,SEHHO-COBL,28,7122892708574380723,200000,200000,1808.1502571133724,8.15025711337239,8.15025711337239,9.454765753995162
E2_cec2022_competition,cec2022,6,10,SEHHO-COBL,29,6037789951260033097,200000,200000,1800.102947857583,0.10294785758310354,0.10294785758310354,10.52068748002057
E2_cec2022_competition,cec2022,5,10,SEHHO-COBL,0,7861973557359704219,200000,200000,900.0,0.0,0.0,10.691644809994614
E2_cec2022_competition,cec2022,5,10,SEHHO-COBL,1,6163625971860611285,200000,200000,900.0895282504165,0.08952825041649248,0.08952825041649248,10.977989582024748
E2_cec2022_competition,cec2022,5,10,SEHHO-COBL,2,2714080337494700223,200000,200000,900.0,0.0,0.0,10.990288589993725
E2_cec2022_competition,cec2022,5,10,SEHHO-COBL,3,7762731910668918787,200000,200000,900.0,0.0,0.0,11.037469594011782
E2_cec2022_competition,cec2022,5,10,SEHHO-COBL,4,8410176138439832907,200000,200000,900.0,0.0,0.0,10.955395855999086
E2_cec2022_competition,cec2022,5,10,SEHHO-COBL,5,8895876483873655623,200000,200000,900.0,0.0,0.0,10.694164025015198
E2_cec2022_competition,cec2022,5,10,SEHHO-COBL,6,3856967892857758404,200000,200000,900.0,0.0,0.0,9.486603369005024
E2_cec2022_competition,cec2022,5,10,SEHHO-COBL,7,7635976985895146650,200000,200000,900.0,0.0,0.0,9.993932432000292
E2_cec2022_competition,cec2022,5,10,SEHHO-COBL,8,7394905975398861000,200000,200000,900.0,0.0,0.0,10.24224263499491
E2_cec2022_competition,cec2022,5,10,SEHHO-COBL,9,4186804208578968802,200000,200000,900.0,0.0,0.0,10.252483703981852
E2_cec2022_competition,cec2022,5,10,SEHHO-COBL,10,9074619533181436348,200000,200000,900.0,0.0,0.0,8.571447641006671
E2_cec2022_competition,cec2022,5,10,SEHHO-COBL,11,1674300402171712142,200000,200000,900.0,0.0,0.0,9.8862374080054
E2_cec2022_competition,cec2022,5,10,SEHHO-COBL,12,4930674604239219716,200000,200000,900.0,0.0,0.0,9.865013980015647
E2_cec2022_competition,cec2022,5,10,SEHHO-COBL,13,3427287060058800565,200000,200000,900.0,0.0,0.0,10.049552693992155
E2_cec2022_competition,cec2022,5,10,SEHHO-COBL,14,2110842902624794902,200000,200000,900.0,0.0,0.0,10.718846160016255
E2_cec2022_competition,cec2022,5,10,SEHHO-COBL,15,8186029523446814629,200000,200000,900.0895282504165,0.08952825041649248,0.08952825041649248,9.39758777897805
E2_cec2022_competition,cec2022,5,10,SEHHO-COBL,16,3934104542221156476,200000,200000,900.0,0.0,0.0,9.7595604910166
E2_cec2022_competition,cec2022,5,10,SEHHO-COBL,17,4731776871203131478,200000,200000,900.0,0.0,0.0,10.045311729016248
E2_cec2022_competition,cec2022,5,10,SEHHO-COBL,18,6956682930670280963,200000,200000,900.0,0.0,0.0,5.608657000993844
E2_cec2022_competition,cec2022,5,10,SEHHO-COBL,19,6645366711745244040,200000,200000,900.0,0.0,0.0,6.00802961998852
E2_cec2022_competition,cec2022,5,10,SEHHO-COBL,20,109253793389790879,200000,200000,900.0,0.0,0.0,8.022794880002039
E2_cec2022_competition,cec2022,5,10,SEHHO-COBL,21,1871892907343876070,200000,200000,900.0,0.0,0.0,8.870935985003598
E2_cec2022_competition,cec2022,5,10,SEHHO-COBL,22,7757002750432183726,200000,200000,900.0,0.0,0.0,10.595175841997843
E2_cec2022_competition,cec2022,5,10,SEHHO-COBL,23,2022548483268654537,200000,200000,900.0,0.0,0.0,10.796475321985781
E2_cec2022_competition,cec2022,5,10,SEHHO-COBL,24,25267386039708514,200000,200000,900.0,0.0,0.0,10.140035384014482
E2_cec2022_competition,cec2022,5,10,SEHHO-COBL,25,6412608125072534202,200000,200000,900.0,0.0,0.0,5.698218995006755
E2_cec2022_competition,cec2022,5,10,SEHHO-COBL,26,4180926118911100320,200000,200000,900.0,0.0,0.0,5.65945997700328
E2_cec2022_competition,cec2022,5,10,SEHHO-COBL,27,1038216776799789414,200000,200000,900.0,0.0,0.0,5.886994144006167
E2_cec2022_competition,cec2022,5,10,SEHHO-COBL,28,6918148042738349175,200000,200000,900.0,0.0,0.0,5.7990141680056695
E2_cec2022_competition,cec2022,5,10,SEHHO-COBL,29,26127537217267523,200000,200000,900.0,0.0,0.0,5.598908667016076
E2_cec2022_competition,cec2022,7,10,SEHHO-COBL,0,8193262529240138397,200000,200000,2000.0,0.0,0.0,8.483129950996954
E2_cec2022_competition,cec2022,7,10,SEHHO-COBL,1,8663551762368606207,200000,200000,2000.0,0.0,0.0,6.407234523998341
E2_cec2022_competition,cec2022,7,10,SEHHO-COBL,2,7763390272726733092,200000,200000,2000.9949590570934,0.9949590570934106,0.9949590570934106,10.26407708899933
E2_cec2022_competition,cec2022,7,10,SEHHO-COBL,3,5808889835780636699,200000,200000,2000.0,0.0,0.0,6.046338242013007
E2_cec2022_competition,cec2022,7,10,SEHHO-COBL,4,3928079167166948517,200000,200000,2000.0,0.0,0.0,8.316318657016382
E2_cec2022_competition,cec2022,7,10,SEHHO-COBL,5,5870310996517812323,200000,200000,2020.0415262416716,20.04152624167159,20.04152624167159,11.930594481003936
E2_cec2022_competition,cec2022,7,10,SEHHO-COBL,6,4796956054749079456,200000,200000,2000.0,0.0,0.0,7.316813812998589
E2_cec2022_competition,cec2022,7,10,SEHHO-COBL,7,2848174199036820891,200000,200000,2000.9949590570934,0.9949590570934106,0.9949590570934106,6.263022937986534
E2_cec2022_competition,cec2022,7,10,SEHHO-COBL,8,3622061874878473056,200000,200000,2000.0,0.0,0.0,6.451875152008142
E2_cec2022_competition,cec2022,7,10,SEHHO-COBL,9,6757774536541312324,200000,200000,2000.0,0.0,0.0,10.674010625021765
E2_cec2022_competition,cec2022,7,10,SEHHO-COBL,10,2898366478934825365,200000,200000,2000.0,0.0,0.0,10.899789238988888
E2_cec2022_competition,cec2022,7,10,SEHHO-COBL,11,1394339478083819899,200000,200000,2020.002582839558,20.002582839558045,20.002582839558045,10.916523324995069
E2_cec2022_competition,cec2022,7,10,SEHHO-COBL,12,2058876361673403419,200000,200000,2000.0,0.0,0.0,10.507797564001521
E2_cec2022_competition,cec2022,7,10,SEHHO-COBL,13,2584682230313472364,200000,200000,2000.0,0.0,0.0,11.384628078987589
E2_cec2022_competition,cec2022,7,10,SEHHO-COBL,14,723928716190096798,200000,200000,2000.0,0.0,0.0,6.802040766982827
E2_cec2022_competition,cec2022,7,10,SEHHO-COBL,15,8665601334192594747,200000,200000,2000.0,0.0,0.0,7.020778284990229
E2_cec2022_competition,cec2022,7,10,SEHHO-COBL,16,20362083292740421,200000,200000,2000.0,0.0,0.0,11.49517437099712
E2_cec2022_competition,cec2022,7,10,SEHHO-COBL,17,852467469670387393,200000,200000,2000.0104419962836,0.010441996283589106,0.010441996283589106,8.890037942997878
E2_cec2022_competition,cec2022,7,10,SEHHO-COBL,18,5853791499173068510,200000,200000,2000.0000000000002,0.0,2.2737367544323206e-13,9.681797667988576
E2_cec2022_competition,cec2022,7,10,SEHHO-COBL,19,4168564055308737741,200000,200000,2000.9949590570932,0.9949590570931832,0.9949590570931832,9.188679329003207
E2_cec2022_competition,cec2022,7,10,SEHHO-COBL,20,17483390639700953,200000,200000,2000.0,0.0,0.0,11.791647150006611
E2_cec2022_competition,cec2022,7,10,SEHHO-COBL,21,5563351195342148406,200000,200000,2000.0,0.0,0.0,10.398985345003894
E2_cec2022_competition,cec2022,7,10,SEHHO-COBL,22,774913605800461347,200000,200000,2000.0,0.0,0.0,6.200161233980907
E2_cec2022_competition,cec2022,7,10,SEHHO-COBL,23,1352319401625215329,200000,200000,2000.9949590570934,0.9949590570934106,0.9949590570934106,6.2698120920103975
E2_cec2022_competition,cec2022,7,10,SEHHO-COBL,24,7671888079392911316,200000,200000,2000.0,0.0,0.0,9.117612315021688
E2_cec2022_competition,cec2022,7,10,SEHHO-COBL,25,925115735296054116,200000,200000,2000.0,0.0,0.0,11.792008498014184
E2_cec2022_competition,cec2022,7,10,SEHHO-COBL,26,3774515654714334691,200000,200000,2000.0,0.0,0.0,11.925287958001718
E2_cec2022_competition,cec2022,7,10,SEHHO-COBL,27,614305596158227364,200000,200000,2000.0,0.0,0.0,11.497744130989304
E2_cec2022_competition,cec2022,7,10,SEHHO-COBL,28,2210153878057552066,200000,200000,2000.0,0.0,0.0,11.390969012019923
E2_cec2022_competition,cec2022,7,10,SEHHO-COBL,29,7429043317997374395,200000,200000,2000.0000000000007,0.0,6.821210263296962e-13,11.993963746994268
E2_cec2022_competition,cec2022,2,10,SEHHO-COBL,0,1261417225907990307,200000,200000,408.9161019277813,8.916101927781312,8.916101927781312,8.897573485999601
E2_cec2022_competition,cec2022,2,10,SEHHO-COBL,1,7211290519887113932,200000,200000,403.98657911234716,3.986579112347158,3.986579112347158,6.50543621199904
E2_cec2022_competition,cec2022,2,10,SEHHO-COBL,2,236722375734329985,200000,200000,403.98657911234716,3.986579112347158,3.986579112347158,5.541889240004821
E2_cec2022_competition,cec2022,2,10,SEHHO-COBL,3,3821396772825157580,200000,200000,400.0,0.0,0.0,8.037205900007393
E2_cec2022_competition,cec2022,2,10,SEHHO-COBL,4,1606149270441872587,200000,200000,408.9161019277813,8.916101927781312,8.916101927781312,8.472955989011098
E2_cec2022_competition,cec2022,2,10,SEHHO-COBL,5,9159545962944735435,200000,200000,403.98657911234716,3.986579112347158,3.986579112347158,10.688304676004918
E2_cec2022_competition,cec2022,2,10,SEHHO-COBL,6,2983143704523669960,200000,200000,408.9161019277813,8.916101927781312,8.916101927781312,10.620666692004306
E2_cec2022_competition,cec2022,2,10,SEHHO-COBL,7,8347817530723725871,200000,200000,408.9161019277813,8.916101927781312,8.916101927781312,10.430886589019792
E2_cec2022_competition,cec2022,2,10,SEHHO-COBL,8,4852974032842413022,200000,200000,408.9161019277813,8.916101927781312,8.916101927781312,8.748217072017724
E2_cec2022_competition,cec2022,2,10,SEHHO-COBL,9,3351308253056884995,200000,200000,408.9161019277813,8.916101927781312,8.916101927781312,5.6059952689975034
E2_cec2022_competition,cec2022,2,10,SEHHO-COBL,10,3731621826415397022,200000,200000,403.98657911234716,3.986579112347158,3.986579112347158,5.520695017999969
E2_cec2022_competition,cec2022,2,10,SEHHO-COBL,11,1546376817600388048,200000,200000,400.0,0.0,0.0,6.99309600298875
E2_cec2022_competition,cec2022,2,10,SEHHO-COBL,12,2416950684863041549,200000,200000,408.9161019277813,8.916101927781312,8.916101927781312,10.694305640994571
E2_cec2022_competition,cec2022,2,10,SEHHO-COBL,13,4308090763258864004,200000,200000,403.98657911234716,3.986579112347158,3.986579112347158,10.795196463004686
E2_cec2022_competition,cec2022,2,10,SEHHO-COBL,14,5543328707760070643,200000,200000,408.9161019277813,8.916101927781312,8.916101927781312,10.787842059013201
E2_cec2022_competition,cec2022,2,10,SEHHO-COBL,15,4170726222222561991,200000,200000,403.98657911234716,3.986579112347158,3.986579112347158,10.807917501981137
E2_cec2022_competition,cec2022,2,10,SEHHO-COBL,16,1839215719027238726,200000,200000,403.98657911234716,3.986579112347158,3.986579112347158,10.758141533005983
E2_cec2022_competition,cec2022,2,10,SEHHO-COBL,17,1350144417251037227,200000,200000,408.9161019277813,8.916101927781312,8.916101927781312,10.661945336003555
E2_cec2022_competition,cec2022,2,10,SEHHO-COBL,18,6393535524216448248,200000,200000,400.0,0.0,0.0,10.763051652000286
E2_cec2022_competition,cec2022,2,10,SEHHO-COBL,19,4579192893877792938,200000,200000,400.0,0.0,0.0,10.74206206400413
E2_cec2022_competition,cec2022,2,10,SEHHO-COBL,20,4104458754337275525,200000,200000,403.98657911234716,3.986579112347158,3.986579112347158,10.805339126993204
E2_cec2022_competition,cec2022,2,10,SEHHO-COBL,21,4820246491351289001,200000,200000,408.9161019277813,8.916101927781312,8.916101927781312,7.935320792981656
E2_cec2022_competition,cec2022,2,10,SEHHO-COBL,22,1056995551628645700,200000,200000,403.98657911234716,3.986579112347158,3.986579112347158,8.659780037996825
E2_cec2022_competition,cec2022,2,10,SEHHO-COBL,23,3404916923500255386,200000,200000,408.9161019277813,8.916101927781312,8.916101927781312,10.790645396977197
E2_cec2022_competition,cec2022,2,10,SEHHO-COBL,24,2843986758709693134,200000,200000,403.98657911234716,3.986579112347158,3.986579112347158,10.255659199989168
E2_cec2022_competition,cec2022,2,10,SEHHO-COBL,25,684505830237542218,200000,200000,408.9161019277813,8.916101927781312,8.916101927781312,10.335029257985298
E2_cec2022_competition,cec2022,2,10,SEHHO-COBL,26,4827856538580177205,200000,200000,403.98657911234716,3.986579112347158,3.986579112347158,10.334496467985446
E2_cec2022_competition,cec2022,2,10,SEHHO-COBL,27,9074060313022767806,200000,200000,408.9161019277813,8.916101927781312,8.916101927781312,10.187607771978946
E2_cec2022_competition,cec2022,2,10,SEHHO-COBL,28,2995668574754847694,200000,200000,403.98657911234716,3.986579112347158,3.986579112347158,10.410067088989308
E2_cec2022_competition,cec2022,2,10,SEHHO-COBL,29,7340962076271070814,200000,200000,403.98657911234716,3.986579112347158,3.986579112347158,10.423969524999848
E2_cec2022_competition,cec2022,10,10,SEHHO-COBL,0,6607913459105857489,200000,200000,2500.432116644956,100.43211664495584,100.43211664495584,10.760796733025927
E2_cec2022_competition,cec2022,10,10,SEHHO-COBL,1,28636724754053320,200000,200000,2500.2949543888103,100.29495438881031,100.29495438881031,10.181802142004017
E2_cec2022_competition,cec2022,10,10,SEHHO-COBL,2,7594833314541299030,200000,200000,2604.9973019773015,204.9973019773015,204.9973019773015,6.068781706999289
E2_cec2022_competition,cec2022,10,10,SEHHO-COBL,3,1923103123177599900,200000,200000,2500.435867220635,100.43586722063492,100.43586722063492,7.690113929013023
E2_cec2022_competition,cec2022,10,10,SEHHO-COBL,4,9053600671504496559,200000,200000,2500.329406892575,100.32940689257521,100.32940689257521,5.84780341698206
E2_cec2022_competition,cec2022,10,10,SEHHO-COBL,5,6455341491622291841,200000,200000,2500.246612849051,100.24661284905096,100.24661284905096,6.053313354990678
E2_cec2022_competition,cec2022,10,10,SEHHO-COBL,6,4884784942379250570,200000,200000,2500.346065551736,100.34606555173605,100.34606555173605,7.69128368399106
E2_cec2022_competition,cec2022,10,10,SEHHO-COBL,7,2464129155388478356,200000,200000,2500.377233609996,100.37723360999598,100.37723360999598,10.368743151979288
E2_cec2022_competition,cec2022,10,10,SEHHO-COBL,8,7472101194807666585,200000,200000,2500.407761778899,100.40776177889893,100.40776177889893,8.403716981993057
E2_cec2022_competition,cec2022,10,10,SEHHO-COBL,9,574930667120880717,200000,200000,2500.335672931755,100.3356729317552,100.3356729317552,11.38414251798531
E2_cec2022_competition,cec2022,10,10,SEHHO-COBL,10,3507392124540746826,200000,200000,2500.2772252074265,100.27722520742645,100.27722520742645,8.361475904996041
E2_cec2022_competition,cec2022,10,10,SEHHO-COBL,11,7593539141343151201,200000,200000,2500.293760953789,100.29376095378893,100.29376095378893,6.431011359993136
E2_cec2022_competition,cec2022,10,10,SEHHO-COBL,12,7807759611398109283,200000,200000,2500.3600301178944,100.36003011789444,100.36003011789444,5.927499526995234
E2_cec2022_competition,cec2022,10,10,SEHHO-COBL,13,3299217492381410273,200000,200000,2500.2477745371393,100.24777453713932,100.24777453713932,7.648210454994114
E2_cec2022_competition,cec2022,10,10,SEHHO-COBL,14,1481689114783636410,200000,200000,2500.2734636183923,100.27346361839227,100.27346361839227,11.56405917200027
E2_cec2022_competition,cec2022,10,10,SEHHO-COBL,15,2033677190746760977,200000,200000,2500.298654629073,100.2986546290731,100.2986546290731,11.582300986017799
E2_cec2022_competition,cec2022,10,10,SEHHO-COBL,16,2478148967085831951,200000,200000,2500.3776553049547,100.37765530495471,100.37765530495471,11.468141097022453
E2_cec2022_competition,cec2022,10,10,SEHHO-COBL,17,4542267318155048258,200000,200000,2500.283892012025,100.28389201202481,100.28389201202481,11.40992919402197
E2_cec2022_competition,cec2022,10,10,SEHHO-COBL,18,2229788063770831250,200000,200000,2500.316175027133,100.31617502713289,100.31617502713289,11.354433494998375
E2_cec2022_competition,cec2022,10,10,SEHHO-COBL,19,727095217927541084,200000,200000,2500.398484622017,100.3984846220169,100.3984846220169,5.982497521006735
E2_cec2022_competition,cec2022,10,10,SEHHO-COBL,20,6220712288970675417,200000,200000,2500.2688581171124,100.26885811711236,100.26885811711236,8.427593706001062
E2_cec2022_competition,cec2022,10,10,SEHHO-COBL,21,8714727272908158040,200000,200000,2500.371197132146,100.37119713214588,100.37119713214588,6.059785173012642
E2_cec2022_competition,cec2022,10,10,SEHHO-COBL,22,5326357516975248581,200000,200000,2500.2963972727666,100.29639727276663,100.29639727276663,5.7979270789946895
E2_cec2022_competition,cec2022,10,10,SEHHO-COBL,23,7910160579923716724,200000,200000,2500.2488979185005,100.24889791850046,100.24889791850046,5.800305600016145
E2_cec2022_competition,cec2022,10,10,SEHHO-COBL,24,4516927664959301563,200000,200000,2500.266175143293,100.26617514329291,100.26617514329291,6.872998597013066
E2_cec2022_competition,cec2022,10,10,SEHHO-COBL,25,8357203499424915800,200000,200000,2606.789193073641,206.78919307364094,206.78919307364094,6.0309333489858545
E2_cec2022_competition,cec2022,10,10,SEHHO-COBL,26,8509032749257536404,200000,200000,2500.3401163418002,100.34011634180024,100.34011634180024,5.807712172012543
E2_cec2022_competition,cec2022,10,10,SEHHO-COBL,27,1532022113041574363,200000,200000,2500.4492428410435,100.44924284104354,100.44924284104354,5.94257036401541
E2_cec2022_competition,cec2022,10,10,SEHHO-COBL,28,3265282260560312462,200000,200000,2500.3614207569512,100.36142075695125,100.36142075695125,5.846073972992599
E2_cec2022_competition,cec2022,10,10,SEHHO-COBL,29,9000486716143255395,200000,200000,2500.3555583695693,100.35555836956928,100.35555836956928,7.3748653450165875
E2_cec2022_competition,cec2022,11,10,HHO,0,7013388182034913209,200000,200000,2604.937299824491,4.93729982449122,4.93729982449122,8.59628733000136
E2_cec2022_competition,cec2022,11,10,HHO,1,431332878504105400,200000,200000,2751.1197772935193,151.1197772935193,151.1197772935193,8.745571419014595
E2_cec2022_competition,cec2022,11,10,HHO,2,984532948656608324,200000,200000,2603.199522601691,3.1995226016911147,3.1995226016911147,8.676694252993912
E2_cec2022_competition,cec2022,11,10,HHO,3,2811048265888123030,200000,200000,2602.8435619925745,2.8435619925744504,2.8435619925744504,8.825243833998684
E2_cec2022_competition,cec2022,11,10,HHO,4,4857643397543816384,200000,200000,2602.0951032494036,2.0951032494035644,2.0951032494035644,8.663909071998205
E2_cec2022_competition,cec2022,11,10,HHO,5,1093230604688541664,200000,200000,2750.5695928865534,150.56959288655344,150.56959288655344,8.814747516997159
E2_cec2022_competition,cec2022,11,10,HHO,6,5500599325489736534,200000,200000,2906.826292094535,306.8262920945349,306.8262920945349,8.743419984006323
E2_cec2022_competition,cec2022,11,10,HHO,7,6746321079648411669,200000,200000,2750.603376346295,150.60337634629514,150.60337634629514,8.84630565799307
E2_cec2022_competition,cec2022,11,10,HHO,8,6558538255608880161,200000,200000,2603.2378989105323,3.2378989105322944,3.2378989105322944,8.754148567008087
E2_cec2022_competition,cec2022,11,10,HHO,9,5896265003629144724,200000,200000,2909.279305825442,309.27930582544195,309.27930582544195,8.846473854006035
E2_cec2022_competition,cec2022,11,10,HHO,10,7742749608955545307,200000,200000,2915.9389765840424,315.9389765840424,315.9389765840424,8.724951795011293
E2_cec2022_competition,cec2022,11,10,HHO,11,3119314163557493088,200000,200000,2750.545581723511,150.54558172351108,150.54558172351108,8.79715350799961
E2_cec2022_competition,cec2022,11,10,HHO,12,7754272005439144494,200000,200000,2750.494986648332,150.4949866483321,150.4949866483321,8.730998156010173
E2_cec2022_competition,cec2022,11,10,HHO,13,1290865074995606184,200000,200000,3001.013557464597,401.01355746459694,401.01355746459694,8.7531844189798
E2_cec2022_competition,cec2022,11,10,HHO,14,5170446443936281645,200000,200000,2751.15005667801,151.15005667801006,151.15005667801006,8.597333201993024
E2_cec2022_competition,cec2022,11,10,HHO,15,6682058459171462045,200000,200000,2751.148969692781,151.14896969278107,151.14896969278107,7.8726814149995334
E2_cec2022_competition,cec2022,11,10,HHO,16,4930291059604767771,200000,200000,2604.7098106314284,4.709810631428354,4.709810631428354,8.483338511985494
E2_cec2022_competition,cec2022,11,10,HHO,17,1752750936385877528,200000,200000,2920.214852233306,320.2148522333059,320.2148522333059,7.507858547993237
E2_cec2022_competition,cec2022,11,10,HHO,18,6810997374451541839,200000,200000,2750.497738761215,150.4977387612148,150.4977387612148,4.727609035995556
E2_cec2022_competition,cec2022,11,10,HHO,19,5341801200261304399,200000,200000,2602.5222829989693,2.522282998969331,2.522282998969331,8.115462479006965
E2_cec2022_competition,cec2022,11,10,HHO,20,8752392301952687858,200000,200000,2908.2479800274555,308.24798002745547,308.24798002745547,8.150000429013744
E2_cec2022_competition,cec2022,11,10,HHO,21,1373607942930221537,200000,200000,2750.486164703282,150.48616470328216,150.48616470328216,8.642921336984728
E2_cec2022_competition,cec2022,11,10,HHO,22,451907465054523633,200000,200000,2751.121967138386,151.12196713838603,151.12196713838603,6.612049947987543
E2_cec2022_competition,cec2022,11,10,HHO,23,7694899585765480830,200000,200000,2750.548364761705,150.54836476170522,150.54836476170522,4.7399362880096305
E2_cec2022_competition,cec2022,11,10,HHO,24,7926762598553966331,200000,200000,2601.7883432064177,1.7883432064177214,1.7883432064177214,4.460239584004739
E2_cec2022_competition,cec2022,11,10,HHO,25,6142087449149260710,200000,200000,2916.643699211632,316.6436992116319,316.6436992116319,4.462355663999915
E2_cec2022_competition,cec2022,11,10,HHO,26,7829242656561235049,200000,200000,3001.6189542558373,401.61895425583725,401.61895425583725,4.421995002980111
E2_cec2022_competition,cec2022,11,10,HHO,27,3609694619995741164,200000,200000,2603.973368751606,3.9733687516059035,3.9733687516059035,5.290839427994797
E2_cec2022_competition,cec2022,11,10,HHO,28,6837419679848285400,200000,200000,2750.54014628878,150.54014628877985,150.54014628877985,8.134100116003538
E2_cec2022_competition,cec2022,11,10,HHO,29,1378528904238767758,200000,200000,2603.910375837299,3.9103758372989432,3.9103758372989432,8.203382983017946
E2_cec2022_competition,cec2022,2,20,SHADE,0,5279361727236353032,1000000,1000000,449.08447897948116,49.08447897948116,49.08447897948116,5.647692275990266
E2_cec2022_competition,cec2022,2,20,SHADE,1,2032431564925822480,1000000,1000000,449.08447897948116,49.08447897948116,49.08447897948116,3.926917777978815
E2_cec2022_competition,cec2022,2,20,SHADE,2,6301728183181301069,1000000,1000000,449.08447897948116,49.08447897948116,49.08447897948116,6.178570599004161
E2_cec2022_competition,cec2022,2,20,SHADE,3,5018458962712365385,1000000,1000000,449.08447897948116,49.08447897948116,49.08447897948116,6.426160001021344
E2_cec2022_competition,cec2022,2,20,SHADE,4,3730655338700654473,1000000,1000000,449.08447897948116,49.08447897948116,49.08447897948116,6.476431029004743
E2_cec2022_competition,cec2022,2,20,SHADE,5,3024906404795843949,1000000,1000000,449.08447897948116,49.08447897948116,49.08447897948116,6.11370330300997
E2_cec2022_competition,cec2022,2,20,SHADE,6,1247181619031703631,1000000,1000000,449.08447897948116,49.08447897948116,49.08447897948116,3.855154999997467
E2_cec2022_competition,cec2022,2,20,SHADE,7,1045713690365329899,1000000,1000000,449.08447897948116,49.08447897948116,49.08447897948116,3.848220724001294
E2_cec2022_competition,cec2022,2,20,SHADE,8,9059059468238583792,1000000,1000000,449.08447897948116,49.08447897948116,49.08447897948116,6.141945765004493
E2_cec2022_competition,cec2022,2,20,SHADE,9,3316716917391611746,1000000,1000000,449.08447897948116,49.08447897948116,49.08447897948116,5.762173107999843
E2_cec2022_competition,cec2022,2,20,SHADE,10,5518480936730995947,1000000,1000000,449.08447897948116,49.08447897948116,49.08447897948116,5.664009410975268
E2_cec2022_competition,cec2022,2,20,SHADE,11,6894307901972643883,1000000,1000000,449.08447897948116,49.08447897948116,49.08447897948116,5.514227839012165
E2_cec2022_competition,cec2022,2,20,SHADE,12,7233879782104850817,1000000,1000000,449.08447897948116,49.08447897948116,49.08447897948116,4.4921105219982564
E2_cec2022_competition,cec2022,2,20,SHADE,13,3234693020079357747,1000000,1000000,449.08447897948116,49.08447897948116,49.08447897948116,6.354352137015667
E2_cec2022_competition,cec2022,2,20,SHADE,14,5469922112778032686,1000000,1000000,449.08447897948116,49.08447897948116,49.08447897948116,6.305481544986833
E2_cec2022_competition,cec2022,2,20,SHADE,15,6410676203954845337,1000000,1000000,449.08447897948116,49.08447897948116,49.08447897948116,6.048402423009975
E2_cec2022_competition,cec2022,2,20,SHADE,16,7330497137139974236,1000000,1000000,449.08447897948116,49.08447897948116,49.08447897948116,5.64139669801807
E2_cec2022_competition,cec2022,2,20,SHADE,17,7821652190169261101,1000000,1000000,449.08447897948116,49.08447897948116,49.08447897948116,3.8723551300063264
E2_cec2022_competition,cec2022,2,20,SHADE,18,1773643432036294566,1000000,1000000,444.8954693174513,44.89546931745127,44.89546931745127,6.129051800991874
E2_cec2022_competition,cec2022,2,20,SHADE,19,8734198785795943615,1000000,1000000,449.08447897948116,49.08447897948116,49.08447897948116,6.243997463985579
E2_cec2022_competition,cec2022,2,20,SHADE,20,6854088055953252490,1000000,1000000,449.08447897948116,49.08447897948116,49.08447897948116,6.229365801002132
E2_cec2022_competition,cec2022,2,20,SHADE,21,3542315379131115923,1000000,1000000,449.08447897948116,49.08447897948116,49.08447897948116,6.268413820012938
E2_cec2022_competition,cec2022,2,20,SHADE,22,9212948038564112641,1000000,1000000,449.08447897948116,49.08447897948116,49.08447897948116,6.402689309004927
E2_cec2022_competition,cec2022,2,20,SHADE,23,5897066013432263725,1000000,1000000,449.08447897948116,49.08447897948116,49.08447897948116,6.485625153989531
E2_cec2022_competition,cec2022,2,20,SHADE,24,8245047890220112422,1000000,1000000,449.08447897948116,49.08447897948116,49.08447897948116,6.441219435975654
E2_cec2022_competition,cec2022,2,20,SHADE,25,66961057530875612,1000000,1000000,449.08447897948116,49.08447897948116,49.08447897948116,6.56221900501987
E2_cec2022_competition,cec2022,2,20,SHADE,26,7925092964902197659,1000000,1000000,449.08447897948116,49.08447897948116,49.08447897948116,6.431971159996465
E2_cec2022_competition,cec2022,2,20,SHADE,27,2563958203363780872,1000000,1000000,449.08447897948116,49.08447897948116,49.08447897948116,6.350483732006978
E2_cec2022_competition,cec2022,2,20,SHADE,28,4006896619997999484,1000000,1000000,449.08447897948116,49.08447897948116,49.08447897948116,3.9238456460007
E2_cec2022_competition,cec2022,2,20,SHADE,29,1543732656816762192,1000000,1000000,449.08447897948116,49.08447897948116,49.08447897948116,3.8050150259805378
E2_cec2022_competition,cec2022,12,10,HHO,0,49430937341740136,200000,200000,2949.635194984303,249.63519498430287,249.63519498430287,8.978768316010246
E2_cec2022_competition,cec2022,12,10,HHO,1,2075131041663097626,200000,200000,2953.0460333006035,253.04603330060354,253.04603330060354,7.894237726985011
E2_cec2022_competition,cec2022,12,10,HHO,2,1306048606001808599,200000,200000,2875.9609258759915,175.9609258759915,175.9609258759915,4.566686297010165
E2_cec2022_competition,cec2022,12,10,HHO,3,100081965564388013,200000,200000,2942.150410359357,242.150410359357,242.150410359357,4.610687846987275
E2_cec2022_competition,cec2022,12,10,HHO,4,3662215429180618117,200000,200000,2886.65838083481,186.65838083481003,186.65838083481003,5.065578025009017
E2_cec2022_competition,cec2022,12,10,HHO,5,1615537426304270219,200000,200000,2913.888919012196,213.88891901219586,213.88891901219586,5.582054074009648
E2_cec2022_competition,cec2022,12,10,HHO,6,113210566469070665,200000,200000,2876.6124833960776,176.61248339607755,176.61248339607755,5.550860927993199
E2_cec2022_competition,cec2022,12,10,HHO,7,1812574786463895873,200000,200000,2918.760778505398,218.76077850539787,218.76077850539787,4.418008715991164
E2_cec2022_competition,cec2022,12,10,HHO,8,1893299045478201945,200000,200000,2869.557215163843,169.557215163843,169.557215163843,5.306424749986036
E2_cec2022_competition,cec2022,12,10,HHO,9,5067954727670029915,200000,200000,2895.125643658553,195.12564365855314,195.12564365855314,8.867748586984817
E2_cec2022_competition,cec2022,12,10,HHO,10,7570514746812968546,200000,200000,2979.0908364046804,279.09083640468043,279.09083640468043,8.780479203007417
E2_cec2022_competition,cec2022,12,10,HHO,11,7886975803754451488,200000,200000,2908.833927250825,208.83392725082513,208.83392725082513,8.825822329003131
E2_cec2022_competition,cec2022,12,10,HHO,12,3729355380584153591,200000,200000,2868.322511810866,168.32251181086622,168.32251181086622,8.82238244698965
E2_cec2022_competition,cec2022,12,10,HHO,13,1905234891626989669,200000,200000,2868.450542656592,168.450542656592,168.450542656592,8.845241751987487
E2_cec2022_competition,cec2022,12,10,HHO,14,2233021311075105009,200000,200000,2952.8240035821864,252.82400358218638,252.82400358218638,8.903248560993234
E2_cec2022_competition,cec2022,12,10,HHO,15,441282253788953651,200000,200000,2886.581707220073,186.58170722007299,186.58170722007299,8.94944739199127
E2_cec2022_competition,cec2022,12,10,HHO,16,2182315494849698453,200000,200000,2915.6625028708445,215.6625028708445,215.6625028708445,8.849156454991316
E2_cec2022_competition,cec2022,12,10,HHO,17,3764505941249639661,200000,200000,2879.3177420646543,179.31774206465434,179.31774206465434,8.849379613006022
E2_cec2022_competition,cec2022,12,10,HHO,18,4660359421202776106,200000,200000,2928.6723555966896,228.6723555966896,228.6723555966896,8.862565585004631
E2_cec2022_competition,cec2022,12,10,HHO,19,7950109819164793885,200000,200000,2876.304282327998,176.30428232799795,176.30428232799795,8.825207596004475
E2_cec2022_competition,cec2022,12,10,HHO,20,4136259381528554033,200000,200000,2870.090406597763,170.09040659776292,170.09040659776292,5.184791132982355
E2_cec2022_competition,cec2022,12,10,HHO,21,4849610667052058689,200000,200000,2871.9845721333872,171.98457213338725,171.98457213338725,7.880010451015551
E2_cec2022_competition,cec2022,12,10,HHO,22,7745962899207575132,200000,200000,2897.7795106200338,197.77951062003376,197.77951062003376,8.59737711501657
E2_cec2022_competition,cec2022,12,10,HHO,23,6430956962563911124,200000,200000,2864.364105952196,164.36410595219604,164.36410595219604,8.76932894901256
E2_cec2022_competition,cec2022,12,10,HHO,24,6747498298431977153,200000,200000,3024.2326347180037,324.23263471800374,324.23263471800374,5.312484235008014
E2_cec2022_competition,cec2022,12,10,HHO,25,3092650578892679266,200000,200000,2892.530876766337,192.53087676633686,192.53087676633686,8.233454016008181
E2_cec2022_competition,cec2022,12,10,HHO,26,1185263790613025057,200000,200000,2871.275984204194,171.27598420419417,171.27598420419417,8.295520677987952
E2_cec2022_competition,cec2022,12,10,HHO,27,6074889620137004143,200000,200000,2869.819695448136,169.81969544813592,169.81969544813592,8.433938286005286
E2_cec2022_competition,cec2022,12,10,HHO,28,8639592457007524076,200000,200000,2873.550228365824,173.55022836582384,173.55022836582384,8.876426463015378
E2_cec2022_competition,cec2022,12,10,HHO,29,348098880266291751,200000,200000,2865.2310771234866,165.23107712348656,165.23107712348656,8.929638778994558
E2_cec2022_competition,cec2022,1,20,LSHADE,0,5778264641434758258,1000000,1000000,300.0,0.0,0.0,6.630234857002506
E2_cec2022_competition,cec2022,1,20,LSHADE,1,6574918249041158344,1000000,1000000,300.0,0.0,0.0,6.816051776986569
E2_cec2022_competition,cec2022,1,20,LSHADE,2,254214624689120372,1000000,1000000,300.0,0.0,0.0,6.553375677991426
E2_cec2022_competition,cec2022,1,20,LSHADE,3,6218551070938483375,1000000,1000000,300.0,0.0,0.0,6.81049479401554
E2_cec2022_competition,cec2022,1,20,LSHADE,4,4767061644076214927,1000000,1000000,300.0,0.0,0.0,6.763636555988342
E2_cec2022_competition,cec2022,1,20,LSHADE,5,5499270510494698314,1000000,1000000,300.0,0.0,0.0,6.797746883996297
E2_cec2022_competition,cec2022,1,20,LSHADE,6,1861970112907970541,1000000,1000000,300.0,0.0,0.0,6.67427151199081
E2_cec2022_competition,cec2022,1,20,LSHADE,7,1448140284249810513,1000000,1000000,300.0,0.0,0.0,6.631781848001992
E2_cec2022_competition,cec2022,1,20,LSHADE,8,9137802391102056857,1000000,1000000,300.0,0.0,0.0,6.754680127021857
E2_cec2022_competition,cec2022,1,20,LSHADE,9,1690891255420298796,1000000,1000000,300.0,0.0,0.0,6.648285492992727
E2_cec2022_competition,cec2022,1,20,LSHADE,10,5416435098344722986,1000000,1000000,300.0,0.0,0.0,6.205552605999401
E2_cec2022_competition,cec2022,1,20,LSHADE,11,1115916493726626513,1000000,1000000,300.0,0.0,0.0,6.429003143013688
E2_cec2022_competition,cec2022,1,20,LSHADE,12,1656157305167908983,1000000,1000000,300.0,0.0,0.0,6.513711393985432
E2_cec2022_competition,cec2022,1,20,LSHADE,13,4804014386975341029,1000000,1000000,300.0,0.0,0.0,6.2067131439980585
E2_cec2022_competition,cec2022,1,20,LSHADE,14,7185827899145355661,1000000,1000000,300.0,0.0,0.0,6.722141246980755
E2_cec2022_competition,cec2022,1,20,LSHADE,15,119023661290598464,1000000,1000000,300.0,0.0,0.0,6.067398723011138
E2_cec2022_competition,cec2022,1,20,LSHADE,16,4762945165121590725,1000000,1000000,300.0,0.0,0.0,6.447471393010346
E2_cec2022_competition,cec2022,1,20,LSHADE,17,205091697371316773,1000000,1000000,300.0,0.0,0.0,6.210549287992762
E2_cec2022_competition,cec2022,1,20,LSHADE,18,4760360046408296350,1000000,1000000,300.0,0.0,0.0,6.30174020701088
E2_cec2022_competition,cec2022,1,20,LSHADE,19,9208277454897457479,1000000,1000000,300.0,0.0,0.0,6.743730901012896
E2_cec2022_competition,cec2022,1,20,LSHADE,20,2668809360133443466,1000000,1000000,300.0,0.0,0.0,6.117242490989156
E2_cec2022_competition,cec2022,1,20,LSHADE,21,287749810800151306,1000000,1000000,300.0,0.0,0.0,6.5783272279950324
E2_cec2022_competition,cec2022,1,20,LSHADE,22,588355717154962024,1000000,1000000,300.0,0.0,0.0,6.34832773800008
E2_cec2022_competition,cec2022,1,20,LSHADE,23,402514912687840701,1000000,1000000,300.0,0.0,0.0,6.3161772649909835
E2_cec2022_competition,cec2022,1,20,LSHADE,24,6363567312414650342,1000000,1000000,300.0,0.0,0.0,6.728735684999265
E2_cec2022_competition,cec2022,1,20,LSHADE,25,6988526729719778107,1000000,1000000,300.0,0.0,0.0,5.790114634990459
E2_cec2022_competition,cec2022,1,20,LSHADE,26,5004024884823949721,1000000,1000000,300.0,0.0,0.0,7.052574892994016
E2_cec2022_competition,cec2022,1,20,LSHADE,27,4276594423864166472,1000000,1000000,300.0,0.0,0.0,7.029522946017096
E2_cec2022_competition,cec2022,1,20,LSHADE,28,7917601830865423399,1000000,1000000,300.0,0.0,0.0,6.892201664013555
E2_cec2022_competition,cec2022,1,20,LSHADE,29,8216607620287213486,1000000,1000000,300.0,0.0,0.0,6.890436384011991
E2_cec2022_competition,cec2022,1,20,jSO,0,7348919940669196018,1000000,1000000,300.0,0.0,0.0,6.439084401994478
E2_cec2022_competition,cec2022,1,20,jSO,1,2487329790109605060,1000000,1000000,300.0,0.0,0.0,6.926508731005015
E2_cec2022_competition,cec2022,1,20,jSO,2,2217961824659513561,1000000,1000000,300.0,0.0,0.0,7.626788696012227
E2_cec2022_competition,cec2022,1,20,jSO,3,1024225498895528155,1000000,1000000,300.0,0.0,0.0,6.588589115010109
E2_cec2022_competition,cec2022,1,20,jSO,4,316019807587041569,1000000,1000000,300.0,0.0,0.0,7.254141162993619
E2_cec2022_competition,cec2022,1,20,jSO,5,5920093444993996103,1000000,1000000,300.0,0.0,0.0,7.8227601219841745
E2_cec2022_competition,cec2022,1,20,jSO,6,3721321665802257243,1000000,1000000,300.0,0.0,0.0,6.251803644991014
E2_cec2022_competition,cec2022,1,20,jSO,7,527821614012674457,1000000,1000000,300.0,0.0,0.0,4.623388749023434
E2_cec2022_competition,cec2022,1,20,jSO,8,2755138822741345286,1000000,1000000,300.0,0.0,0.0,4.7376506500004325
E2_cec2022_competition,cec2022,1,20,jSO,9,312108540449522805,1000000,1000000,300.0,0.0,0.0,4.683017730014399
E2_cec2022_competition,cec2022,1,20,jSO,10,2286417698845776580,1000000,1000000,300.0,0.0,0.0,7.067809887987096
E2_cec2022_competition,cec2022,1,20,jSO,11,597121313784383435,1000000,1000000,300.0,0.0,0.0,7.887476153991884
E2_cec2022_competition,cec2022,1,20,jSO,12,2672829942884497136,1000000,1000000,300.0,0.0,0.0,7.672447252989514
E2_cec2022_competition,cec2022,1,20,jSO,13,6441209130294162169,1000000,1000000,300.0,0.0,0.0,7.922549798997352
E2_cec2022_competition,cec2022,1,20,jSO,14,8722702568443366377,1000000,1000000,300.0,0.0,0.0,7.340912802988896
E2_cec2022_competition,cec2022,1,20,jSO,15,5786179280417206968,1000000,1000000,300.0,0.0,0.0,6.654045566014247
E2_cec2022_competition,cec2022,1,20,jSO,16,7306245701888304392,1000000,1000000,300.0,0.0,0.0,7.869498365005711
E2_cec2022_competition,cec2022,1,20,jSO,17,1942345528379005633,1000000,1000000,300.0,0.0,0.0,7.913012590986909
E2_cec2022_competition,cec2022,1,20,jSO,18,1525807731064403000,1000000,1000000,300.0,0.0,0.0,7.861488581984304
E2_cec2022_competition,cec2022,1,20,jSO,19,1157567150886110611,1000000,1000000,300.0,0.0,0.0,7.886675232992275
E2_cec2022_competition,cec2022,1,20,jSO,20,8957187009188958089,1000000,1000000,300.0,0.0,0.0,7.901775124017149
E2_cec2022_competition,cec2022,1,20,jSO,21,8456006411119954317,1000000,1000000,300.0,0.0,0.0,7.953618401981657
E2_cec2022_competition,cec2022,1,20,jSO,22,1500199164763361270,1000000,1000000,300.0,0.0,0.0,7.933950422011549
E2_cec2022_competition,cec2022,1,20,jSO,23,3286402798645816094,1000000,1000000,300.0,0.0,0.0,5.9065664839872625
E2_cec2022_competition,cec2022,1,20,jSO,24,8621938249739266324,1000000,1000000,300.0,0.0,0.0,4.8482755290169735
E2_cec2022_competition,cec2022,1,20,jSO,25,3180818196590986695,1000000,1000000,300.0,0.0,0.0,4.680353972973535
E2_cec2022_competition,cec2022,1,20,jSO,26,5974624987943176907,1000000,1000000,300.0,0.0,0.0,4.762625313014723
E2_cec2022_competition,cec2022,1,20,jSO,27,8861565767176395715,1000000,1000000,300.0,0.0,0.0,4.7686619959713425
E2_cec2022_competition,cec2022,1,20,jSO,28,6146325981950127294,1000000,1000000,300.0,0.0,0.0,4.9789500439947005
E2_cec2022_competition,cec2022,1,20,jSO,29,2783401043261071925,1000000,1000000,300.0,0.0,0.0,4.739968628011411
E2_cec2022_competition,cec2022,8,10,SEHHO-COBL,0,7278948306925581713,200000,200000,2200.283772140094,0.28377214009378804,0.28377214009378804,7.942857518006349
E2_cec2022_competition,cec2022,8,10,SEHHO-COBL,1,4517104396198708053,200000,200000,2200.681464086899,0.6814640868988135,0.6814640868988135,8.414101580012357
E2_cec2022_competition,cec2022,8,10,SEHHO-COBL,2,7079748964463732741,200000,200000,2200.167006774892,0.1670067748918882,0.1670067748918882,6.718566331983311
E2_cec2022_competition,cec2022,8,10,SEHHO-COBL,3,8404058321753802893,200000,200000,2200.630372630677,0.6303726306769022,0.6303726306769022,7.222631793003529
E2_cec2022_competition,cec2022,8,10,SEHHO-COBL,4,7732496114399573293,200000,200000,2220.1306022552512,20.130602255251233,20.130602255251233,9.769649863999803
E2_cec2022_competition,cec2022,8,10,SEHHO-COBL,5,8501087047062094277,200000,200000,2220.16991063176,20.169910631760104,20.169910631760104,11.560827551002149
E2_cec2022_competition,cec2022,8,10,SEHHO-COBL,6,7204073204587543873,200000,200000,2200.199882219735,0.19988221973517284,0.19988221973517284,10.558571445988491
E2_cec2022_competition,cec2022,8,10,SEHHO-COBL,7,2571658272252798986,200000,200000,2200.187794200625,0.18779420062492136,0.18779420062492136,10.370891892001964
E2_cec2022_competition,cec2022,8,10,SEHHO-COBL,8,4101337405043032315,200000,200000,2220.15402341088,20.1540234108802,20.1540234108802,10.49724418000551
E2_cec2022_competition,cec2022,8,10,SEHHO-COBL,9,3367190750473918149,200000,200000,2200.2773190748917,0.27731907489169316,0.27731907489169316,10.264704494999023
E2_cec2022_competition,cec2022,8,10,SEHHO-COBL,10,3671462298143578682,200000,200000,2220.063107961892,20.063107961892,20.063107961892,8.712191742000869
E2_cec2022_competition,cec2022,8,10,SEHHO-COBL,11,1872078198337778675,200000,200000,2220.0610322685334,20.06103226853338,20.06103226853338,8.121775349020027
E2_cec2022_competition,cec2022,8,10,SEHHO-COBL,12,4675193491060429459,200000,200000,2200.6980673860853,0.698067386085313,0.698067386085313,11.304654740000842
E2_cec2022_competition,cec2022,8,10,SEHHO-COBL,13,2490700763820818188,200000,200000,2200.077065065841,0.0770650658409977,0.0770650658409977,11.258977416990092
E2_cec2022_competition,cec2022,8,10,SEHHO-COBL,14,1453972483009628163,200000,200000,2201.007455949989,1.0074559499889801,1.0074559499889801,11.430931145005161
E2_cec2022_competition,cec2022,8,10,SEHHO-COBL,15,7936103117225705385,200000,200000,2200.173794390441,0.1737943904408894,0.1737943904408894,8.95806488499511
E2_cec2022_competition,cec2022,8,10,SEHHO-COBL,16,6344521065770845734,200000,200000,2200.4515465582017,0.45154655820169864,0.45154655820169864,8.550644301983994
E2_cec2022_competition,cec2022,8,10,SEHHO-COBL,17,6608879330527200501,200000,200000,2201.7871091483175,1.7871091483175405,1.7871091483175405,6.3965683080023155
E2_cec2022_competition,cec2022,8,10,SEHHO-COBL,18,5054999857879434028,200000,200000,2220.1355841579802,20.135584157980247,20.135584157980247,7.7897283170023
E2_cec2022_competition,cec2022,8,10,SEHHO-COBL,19,5290026054084784259,200000,200000,2200.54378427324,0.5437842732399076,0.5437842732399076,8.35264227600419
E2_cec2022_competition,cec2022,8,10,SEHHO-COBL,20,4623885697596412525,200000,200000,2220.1183433212877,20.11834332128774,20.11834332128774,11.553698559000622
E2_cec2022_competition,cec2022,8,10,SEHHO-COBL,21,3848736699214097620,200000,200000,2200.825288724054,0.8252887240541895,0.8252887240541895,11.653106801008107
E2_cec2022_competition,cec2022,8,10,SEHHO-COBL,22,7478741682634962242,200000,200000,2200.7478864989225,0.7478864989225258,0.7478864989225258,10.05803815901163
E2_cec2022_competition,cec2022,8,10,SEHHO-COBL,23,1597888124315418142,200000,200000,2200.191431736048,0.191431736047889,0.191431736047889,9.924060969991842
E2_cec2022_competition,cec2022,8,10,SEHHO-COBL,24,8460856220531986623,200000,200000,2220.11743740562,20.117437405619967,20.117437405619967,9.922032114991453
E2_cec2022_competition,cec2022,8,10,SEHHO-COBL,25,4745390081031601151,200000,200000,2201.632027463901,1.6320274639010677,1.6320274639010677,9.922779315995285
E2_cec2022_competition,cec2022,8,10,SEHHO-COBL,26,8164009610348197548,200000,200000,2220.13982836461,20.13982836460991,20.13982836460991,9.89112672797637
E2_cec2022_competition,cec2022,8,10,SEHHO-COBL,27,4614772033126233761,200000,200000,2200.1881089964836,0.18810899648360646,0.18810899648360646,9.943961574987043
E2_cec2022_competition,cec2022,8,10,SEHHO-COBL,28,4862058341830212764,200000,200000,2220.112250993509,20.11225099350895,20.11225099350895,9.903926565981237
E2_cec2022_competition,cec2022,8,10,SEHHO-COBL,29,8613797284499064853,200000,200000,2200.418887265352,0.41888726535216847,0.41888726535216847,10.054761793988291
E2_cec2022_competition,cec2022,3,10,SEHHO-COBL,0,1139973045496726037,200000,200000,600.0,0.0,0.0,10.798483207996469
E2_cec2022_competition,cec2022,3,10,SEHHO-COBL,1,7051202249284146754,200000,200000,600.0,0.0,0.0,11.381415464013116
E2_cec2022_competition,cec2022,3,10,SEHHO-COBL,2,6405958258482977480,200000,200000,600.0,0.0,0.0,11.431924117991002
E2_cec2022_competition,cec2022,3,10,SEHHO-COBL,3,3875102153014800432,200000,200000,600.0,0.0,0.0,11.46825553200324
E2_cec2022_competition,cec2022,3,10,SEHHO-COBL,4,12540674756846732,200000,200000,600.0,0.0,0.0,10.067244527017465
E2_cec2022_competition,cec2022,3,10,SEHHO-COBL,5,6719798142394462130,200000,200000,600.0,0.0,0.0,10.926336901989998
E2_cec2022_competition,cec2022,3,10,SEHHO-COBL,6,3428695841583188029,200000,200000,600.0,0.0,0.0,11.11939677799819
E2_cec2022_competition,cec2022,3,10,SEHHO-COBL,7,17020603110248190,200000,200000,600.0,0.0,0.0,11.052657880994957
E2_cec2022_competition,cec2022,3,10,SEHHO-COBL,8,2951475049460142159,200000,200000,600.0,0.0,0.0,11.08712812399608
E2_cec2022_competition,cec2022,3,10,SEHHO-COBL,9,1037196998632971817,200000,200000,600.0,0.0,0.0,11.044154131988762
E2_cec2022_competition,cec2022,3,10,SEHHO-COBL,10,5971600008866871309,200000,200000,600.0,0.0,0.0,10.921398930018768
E2_cec2022_competition,cec2022,3,10,SEHHO-COBL,11,1039164611215042177,200000,200000,600.0,0.0,0.0,10.820016625977587
E2_cec2022_competition,cec2022,3,10,SEHHO-COBL,12,3516407343481071601,200000,200000,600.0,0.0,0.0,10.95921215301496
E2_cec2022_competition,cec2022,3,10,SEHHO-COBL,13,6168403774212554933,200000,200000,600.0,0.0,0.0,10.945418782008346
E2_cec2022_competition,cec2022,3,10,SEHHO-COBL,14,9171903842829954510,200000,200000,600.0,0.0,0.0,10.180534145009005
E2_cec2022_competition,cec2022,3,10,SEHHO-COBL,15,73227093702220836,200000,200000,600.0,0.0,0.0,7.44777722901199
E2_cec2022_competition,cec2022,3,10,SEHHO-COBL,16,3883911048964130807,200000,200000,600.0,0.0,0.0,11.178426403988851
E2_cec2022_competition,cec2022,3,10,SEHHO-COBL,17,2995048251596870061,200000,200000,600.0,0.0,0.0,9.395691543002613
E2_cec2022_competition,cec2022,3,10,SEHHO-COBL,18,3124146843286910417,200000,200000,600.0,0.0,0.0,9.294928682007594
E2_cec2022_competition,cec2022,3,10,SEHHO-COBL,19,9002345395560783050,200000,200000,600.0,0.0,0.0,9.629318716994021
E2_cec2022_competition,cec2022,3,10,SEHHO-COBL,20,7152440755212714194,200000,200000,600.0,0.0,0.0,11.405823503009742
E2_cec2022_competition,cec2022,3,10,SEHHO-COBL,21,8530280779827933396,200000,200000,600.0,0.0,0.0,11.36488070100313
E2_cec2022_competition,cec2022,3,10,SEHHO-COBL,22,6342128069490912073,200000,200000,600.0,0.0,0.0,8.266132888005814
E2_cec2022_competition,cec2022,3,10,SEHHO-COBL,23,8282964577373862911,200000,200000,600.0,0.0,0.0,9.981538085005013
E2_cec2022_competition,cec2022,3,10,SEHHO-COBL,24,608026247830095602,200000,200000,600.0,0.0,0.0,10.72991977998754
E2_cec2022_competition,cec2022,3,10,SEHHO-COBL,25,8384644599381988156,200000,200000,600.0,0.0,0.0,10.754977899021469
E2_cec2022_competition,cec2022,3,10,SEHHO-COBL,26,891838355264468490,200000,200000,600.0,0.0,0.0,10.63923715299461
E2_cec2022_competition,cec2022,3,10,SEHHO-COBL,27,922674362280258323,200000,200000,600.0,0.0,0.0,10.859462029999122
E2_cec2022_competition,cec2022,3,10,SEHHO-COBL,28,7435825014491051955,200000,200000,600.0,0.0,0.0,10.114856458007125
E2_cec2022_competition,cec2022,3,10,SEHHO-COBL,29,1980708705439635672,200000,200000,600.0,0.0,0.0,7.051681587006897
E2_cec2022_competition,cec2022,9,10,SEHHO-COBL,0,7819069168813596819,200000,200000,2529.284382708487,229.2843827084871,229.2843827084871,6.55443628699868
E2_cec2022_competition,cec2022,9,10,SEHHO-COBL,1,3852387821273935078,200000,200000,2529.284382708487,229.2843827084871,229.2843827084871,6.280115797999315
E2_cec2022_competition,cec2022,9,10,SEHHO-COBL,2,6261150796793085065,200000,200000,2529.284382708487,229.2843827084871,229.2843827084871,9.254046902991831
E2_cec2022_competition,cec2022,9,10,SEHHO-COBL,3,7587030702965576198,200000,200000,2529.284382708487,229.2843827084871,229.2843827084871,10.787714911013609
E2_cec2022_competition,cec2022,9,10,SEHHO-COBL,4,8182100130262097064,200000,200000,2529.284382708487,229.2843827084871,229.2843827084871,9.994241070991848
E2_cec2022_competition,cec2022,9,10,SEHHO-COBL,5,8381418305509992926,200000,200000,2529.284382708487,229.2843827084871,229.2843827084871,9.819868805992883
E2_cec2022_competition,cec2022,9,10,SEHHO-COBL,6,5039040161329023443,200000,200000,2529.284382708487,229.2843827084871,229.2843827084871,8.782368305983255
E2_cec2022_competition,cec2022,9,10,SEHHO-COBL,7,1762291335905774683,200000,200000,2529.284382708487,229.2843827084871,229.2843827084871,10.881707544001983
E2_cec2022_competition,cec2022,9,10,SEHHO-COBL,8,4782989732376287303,200000,200000,2529.284382708487,229.2843827084871,229.2843827084871,11.098080155992648
E2_cec2022_competition,cec2022,9,10,SEHHO-COBL,9,6047413443950895587,200000,200000,2529.284382708487,229.2843827084871,229.2843827084871,11.283635416009929
E2_cec2022_competition,cec2022,9,10,SEHHO-COBL,10,6202183555049395993,200000,200000,2529.284382708487,229.2843827084871,229.2843827084871,10.691641152981902
E2_cec2022_competition,cec2022,9,10,SEHHO-COBL,11,3597971458868487117,200000,200000,2529.284382708487,229.2843827084871,229.2843827084871,10.765676414972404
E2_cec2022_competition,cec2022,9,10,SEHHO-COBL,12,6188619113303790949,200000,200000,2529.284382708487,229.2843827084871,229.2843827084871,11.048638302017935
E2_cec2022_competition,cec2022,9,10,SEHHO-COBL,13,7073395885078102609,200000,200000,2529.284382708487,229.2843827084871,229.2843827084871,10.785750064998865
E2_cec2022_competition,cec2022,9,10,SEHHO-COBL,14,4010616455380422499,200000,200000,2529.284382708487,229.2843827084871,229.2843827084871,6.723645227990346
E2_cec2022_competition,cec2022,9,10,SEHHO-COBL,15,2190289255010182760,200000,200000,2529.284382708487,229.2843827084871,229.2843827084871,5.942292152001755
E2_cec2022_competition,cec2022,9,10,SEHHO-COBL,16,6152840393740651025,200000,200000,2529.284382708487,229.2843827084871,229.2843827084871,5.822061935992679
E2_cec2022_competition,cec2022,9,10,SEHHO-COBL,17,8790531638982484379,200000,200000,2529.284382708487,229.2843827084871,229.2843827084871,7.4333763080067
E2_cec2022_competition,cec2022,9,10,SEHHO-COBL,18,4651008555253419862,200000,200000,2529.284382708487,229.2843827084871,229.2843827084871,11.269816896994598
E2_cec2022_competition,cec2022,9,10,SEHHO-COBL,19,270214239275288103,200000,200000,2529.284382708487,229.2843827084871,229.2843827084871,11.299129225983052
E2_cec2022_competition,cec2022,9,10,SEHHO-COBL,20,2689601624114633256,200000,200000,2529.284382708487,229.2843827084871,229.2843827084871,11.266622314986307
E2_cec2022_competition,cec2022,9,10,SEHHO-COBL,21,8915670189032642304,200000,200000,2529.284382708487,229.2843827084871,229.2843827084871,11.409557365986984
E2_cec2022_competition,cec2022,9,10,SEHHO-COBL,22,7897846043048529719,200000,200000,2529.284382708487,229.2843827084871,229.2843827084871,11.341588743991451
E2_cec2022_competition,cec2022,9,10,SEHHO-COBL,23,7512409404135342022,200000,200000,2529.284382708487,229.2843827084871,229.2843827084871,9.036012494994793
E2_cec2022_competition,cec2022,9,10,SEHHO-COBL,24,2023940939478041050,200000,200000,2529.284382708487,229.2843827084871,229.2843827084871,5.731132366985548
E2_cec2022_competition,cec2022,9,10,SEHHO-COBL,25,7746781290712021003,200000,200000,2529.284382708487,229.2843827084871,229.2843827084871,5.757722640992142
E2_cec2022_competition,cec2022,9,10,SEHHO-COBL,26,9101888607459963816,200000,200000,2529.284382708487,229.2843827084871,229.2843827084871,8.752907799003879
E2_cec2022_competition,cec2022,9,10,SEHHO-COBL,27,5200816255969446795,200000,200000,2529.284382708487,229.2843827084871,229.2843827084871,10.049684190016706
E2_cec2022_competition,cec2022,9,10,SEHHO-COBL,28,4369081909274657299,200000,200000,2529.284382708487,229.2843827084871,229.2843827084871,10.006928668008186
E2_cec2022_competition,cec2022,9,10,SEHHO-COBL,29,3470346404036290097,200000,200000,2529.284382708487,229.2843827084871,229.2843827084871,10.02043632301502
E2_cec2022_competition,cec2022,2,20,LSHADE,0,7621669586086273622,1000000,1000000,449.08447897948116,49.08447897948116,49.08447897948116,5.0174934469978325
E2_cec2022_competition,cec2022,2,20,LSHADE,1,7656763124685206943,1000000,1000000,449.08447897948116,49.08447897948116,49.08447897948116,5.5878802920051385
E2_cec2022_competition,cec2022,2,20,LSHADE,2,8770427235266516523,1000000,1000000,449.08447897948116,49.08447897948116,49.08447897948116,5.09947657599696
E2_cec2022_competition,cec2022,2,20,LSHADE,3,3714797661639581867,1000000,1000000,449.08447897948116,49.08447897948116,49.08447897948116,6.313490086002275
E2_cec2022_competition,cec2022,2,20,LSHADE,4,4920065181571315390,1000000,1000000,449.08447897948116,49.08447897948116,49.08447897948116,7.297856866993243
E2_cec2022_competition,cec2022,2,20,LSHADE,5,1026917310508319645,1000000,1000000,444.8954693174513,44.89546931745127,44.89546931745127,6.620003205985995
E2_cec2022_competition,cec2022,2,20,LSHADE,6,3593034947804677606,1000000,1000000,449.08447897948116,49.08447897948116,49.08447897948116,7.090090937999776
E2_cec2022_competition,cec2022,2,20,LSHADE,7,7826513802303058197,1000000,1000000,444.8954693174513,44.89546931745127,44.89546931745127,5.336582593998173
E2_cec2022_competition,cec2022,2,20,LSHADE,8,4318989954346330312,1000000,1000000,449.08447897948116,49.08447897948116,49.08447897948116,7.675894729996799
E2_cec2022_competition,cec2022,2,20,LSHADE,9,1288088010521500861,1000000,1000000,449.08447897948116,49.08447897948116,49.08447897948116,7.196143793000374
E2_cec2022_competition,cec2022,2,20,LSHADE,10,6813014001092536258,1000000,1000000,449.08447897948116,49.08447897948116,49.08447897948116,6.487856910011033
E2_cec2022_competition,cec2022,2,20,LSHADE,11,2724238715425095927,1000000,1000000,449.08447897948116,49.08447897948116,49.08447897948116,6.829553390009096
E2_cec2022_competition,cec2022,2,20,LSHADE,12,4828778178111145313,1000000,1000000,449.08447897948116,49.08447897948116,49.08447897948116,5.164664432988502
E2_cec2022_competition,cec2022,2,20,LSHADE,13,4218955357691581241,1000000,1000000,449.08447897948116,49.08447897948116,49.08447897948116,4.365259557991521
E2_cec2022_competition,cec2022,2,20,LSHADE,14,7290133246886920485,1000000,1000000,444.8954693174513,44.89546931745127,44.89546931745127,4.442243611003505
E2_cec2022_competition,cec2022,2,20,LSHADE,15,8174091226320435278,1000000,1000000,449.08447897948116,49.08447897948116,49.08447897948116,4.250090656016255
E2_cec2022_competition,cec2022,2,20,LSHADE,16,1916106887843215280,1000000,1000000,449.08447897948116,49.08447897948116,49.08447897948116,4.5577649240149185
E2_cec2022_competition,cec2022,2,20,LSHADE,17,7948413976789960961,1000000,1000000,449.08447897948116,49.08447897948116,49.08447897948116,4.562790610012598
E2_cec2022_competition,cec2022,2,20,LSHADE,18,3165929156377603443,1000000,1000000,449.08447897948116,49.08447897948116,49.08447897948116,6.232476275006775
E2_cec2022_competition,cec2022,2,20,LSHADE,19,1454539586833089780,1000000,1000000,449.08447897948116,49.08447897948116,49.08447897948116,7.438440006983001
E2_cec2022_competition,cec2022,2,20,LSHADE,20,144033850363848780,1000000,1000000,449.08447897948116,49.08447897948116,49.08447897948116,7.286532727011945
E2_cec2022_competition,cec2022,2,20,LSHADE,21,2515418776720604452,1000000,1000000,449.08447897948116,49.08447897948116,49.08447897948116,7.541740558022866
E2_cec2022_competition,cec2022,2,20,LSHADE,22,6340463230585321787,1000000,1000000,449.08447897948116,49.08447897948116,49.08447897948116,7.422811623022426
E2_cec2022_competition,cec2022,2,20,LSHADE,23,2915124526464536183,1000000,1000000,449.08447897948116,49.08447897948116,49.08447897948116,7.747163532010745
E2_cec2022_competition,cec2022,2,20,LSHADE,24,7357002830008680674,1000000,1000000,449.08447897948116,49.08447897948116,49.08447897948116,7.474134254996898
E2_cec2022_competition,cec2022,2,20,LSHADE,25,193629768788155384,1000000,1000000,449.08447897948116,49.08447897948116,49.08447897948116,7.408862461015815
E2_cec2022_competition,cec2022,2,20,LSHADE,26,8708252400532859531,1000000,1000000,449.08447897948116,49.08447897948116,49.08447897948116,6.989364343986381
E2_cec2022_competition,cec2022,2,20,LSHADE,27,3799918922483581658,1000000,1000000,444.8954693174513,44.89546931745127,44.89546931745127,7.2091605569876265
E2_cec2022_competition,cec2022,2,20,LSHADE,28,4074308713914284361,1000000,1000000,449.08447897948116,49.08447897948116,49.08447897948116,6.902701889019227
E2_cec2022_competition,cec2022,2,20,LSHADE,29,7011374884931784504,1000000,1000000,449.08447897948116,49.08447897948116,49.08447897948116,7.311254225001903
E2_cec2022_competition,cec2022,4,20,DE,0,8964302350899840079,1000000,1000000,828.3646198539562,28.364619853956242,28.364619853956242,3.545500748004997
E2_cec2022_competition,cec2022,4,20,DE,1,8267461464209933070,1000000,1000000,862.4115831259276,62.411583125927564,62.411583125927564,3.890573360986309
E2_cec2022_competition,cec2022,4,20,DE,2,2078118610832314653,1000000,1000000,879.4209673556971,79.42096735569714,79.42096735569714,5.729272930009756
E2_cec2022_competition,cec2022,4,20,DE,3,8745094564246919652,1000000,1000000,813.9591291134125,13.959129113412473,13.959129113412473,5.390722280018963
E2_cec2022_competition,cec2022,4,20,DE,4,7370308293768289836,1000000,1000000,829.5059927408031,29.505992740803094,29.505992740803094,4.5212938580079935
E2_cec2022_competition,cec2022,4,20,DE,5,6901464020348672738,1000000,1000000,827.8199805718782,27.819980571878205,27.819980571878205,3.5184111290145665
E2_cec2022_competition,cec2022,4,20,DE,6,2508058065912099534,1000000,1000000,810.9445496280263,10.944549628026266,10.944549628026266,3.432143354002619
E2_cec2022_competition,cec2022,4,20,DE,7,2827653486338663024,1000000,1000000,823.962798007845,23.96279800784498,23.96279800784498,3.428308550006477
E2_cec2022_competition,cec2022,4,20,DE,8,4059627762404455620,1000000,1000000,823.866990616114,23.86699061611398,23.86699061611398,3.2614841230097227
E2_cec2022_competition,cec2022,4,20,DE,9,2053867796381527594,1000000,1000000,809.949590570933,9.949590570932969,9.949590570932969,3.425754500000039
E2_cec2022_competition,cec2022,4,20,DE,10,862122078974244242,1000000,1000000,809.949590570933,9.949590570932969,9.949590570932969,3.347068286006106
E2_cec2022_competition,cec2022,4,20,DE,11,6623327042429387796,1000000,1000000,840.0354497016889,40.03544970168889,40.03544970168889,3.463206637010444
E2_cec2022_competition,cec2022,4,20,DE,12,999388521502679198,1000000,1000000,816.9142938949478,16.914293894947832,16.914293894947832,3.4869949340063613
E2_cec2022_competition,cec2022,4,20,DE,13,17751683179385998,1000000,1000000,890.7869862778413,90.78698627784127,90.78698627784127,3.4951634249882773
E2_cec2022_competition,cec2022,4,20,DE,14,4629571353424255205,1000000,1000000,815.9193348378545,15.919334837854535,15.919334837854535,3.404295351996552
E2_cec2022_competition,cec2022,4,20,DE,15,7591261789868321602,1000000,1000000,815.9193398756736,15.919339875673586,15.919339875673586,3.4321501860104036
E2_cec2022_competition,cec2022,4,20,DE,16,7588440536963572170,1000000,1000000,809.2042022112537,9.204202211253687,9.204202211253687,3.5191372400149703
E2_cec2022_competition,cec2022,4,20,DE,17,2096498045854437757,1000000,1000000,823.824951654413,23.824951654412985,23.824951654412985,3.5027048689953517
E2_cec2022_competition,cec2022,4,20,DE,18,3394011989858676115,1000000,1000000,880.971011625272,80.97101162527201,80.97101162527201,3.6183655640052166
E2_cec2022_competition,cec2022,4,20,DE,19,6312898642702973393,1000000,1000000,887.5822169447972,87.58221694479721,87.58221694479721,3.5733239940018393
E2_cec2022_competition,cec2022,4,20,DE,20,6212594485562954120,1000000,1000000,892.4431755507612,92.44317555076123,92.44317555076123,3.5608078890072647
E2_cec2022_competition,cec2022,4,20,DE,21,2300611674667414903,1000000,1000000,836.0739834589556,36.07398345895558,36.07398345895558,3.341615217999788
E2_cec2022_competition,cec2022,4,20,DE,22,3548807126711830006,1000000,1000000,831.8386596000709,31.838659600070855,31.838659600070855,3.492040026001632
E2_cec2022_competition,cec2022,4,20,DE,23,5728771387379113152,1000000,1000000,809.9495855331139,9.949585533113918,9.949585533113918,4.7381719069962855
E2_cec2022_competition,cec2022,4,20,DE,24,6167507228862295604,1000000,1000000,816.124956085532,16.12495608553195,16.12495608553195,4.808036746981088
E2_cec2022_competition,cec2022,4,20,DE,25,4865233491885890896,1000000,1000000,878.773948686608,78.77394868660804,78.77394868660804,4.898111301998142
E2_cec2022_competition,cec2022,4,20,DE,26,4058307728661347495,1000000,1000000,884.2244140450736,84.22441404507356,84.22441404507356,4.837236564984778
E2_cec2022_competition,cec2022,4,20,DE,27,3864571177150201769,1000000,1000000,820.894130123321,20.89413012332102,20.89413012332102,4.73775997600751
E2_cec2022_competition,cec2022,4,20,DE,28,335308843519248543,1000000,1000000,882.9537902096673,82.95379020966732,82.95379020966732,5.101488679996692
E2_cec2022_competition,cec2022,4,20,DE,29,128570212214445683,1000000,1000000,872.2174810605295,72.21748106052951,72.21748106052951,5.277700033999281
E2_cec2022_competition,cec2022,11,10,SEHHO-COBL,0,4019104731595701291,200000,200000,2600.0000000000005,0.0,4.547473508864641e-13,11.922209734009812
E2_cec2022_competition,cec2022,11,10,SEHHO-COBL,1,8848060139956080226,200000,200000,2600.0,0.0,0.0,11.831760034983745
E2_cec2022_competition,cec2022,11,10,SEHHO-COBL,2,334226066200977859,200000,200000,2600.0,0.0,0.0,11.858589537994703
E2_cec2022_competition,cec2022,11,10,SEHHO-COBL,3,5918835853890966777,200000,200000,2600.0,0.0,0.0,11.91537005500868
E2_cec2022_competition,cec2022,11,10,SEHHO-COBL,4,4450770239401794763,200000,200000,2600.0,0.0,0.0,10.026589223009069
E2_cec2022_competition,cec2022,11,10,SEHHO-COBL,5,8422840555693580388,200000,200000,2600.0,0.0,0.0,8.656368449999718
E2_cec2022_competition,cec2022,11,10,SEHHO-COBL,6,7844436449993960014,200000,200000,2600.0,0.0,0.0,7.90531898100744
E2_cec2022_competition,cec2022,11,10,SEHHO-COBL,7,6695662012412929027,200000,200000,2600.0,0.0,0.0,6.624792859016452
E2_cec2022_competition,cec2022,11,10,SEHHO-COBL,8,8554418904107975304,200000,200000,2600.0,0.0,0.0,7.374575772002572
E2_cec2022_competition,cec2022,11,10,SEHHO-COBL,9,98914540702958334,200000,200000,2600.0,0.0,0.0,6.03135396700236
E2_cec2022_competition,cec2022,11,10,SEHHO-COBL,10,8701567266687971263,200000,200000,2600.0,0.0,0.0,6.278227096016053
E2_cec2022_competition,cec2022,11,10,SEHHO-COBL,11,6562537838456874780,200000,200000,2600.0000000000005,0.0,4.547473508864641e-13,6.116396483994322
E2_cec2022_competition,cec2022,11,10,SEHHO-COBL,12,7693347413323644557,200000,200000,2600.0,0.0,0.0,6.163432254979853
E2_cec2022_competition,cec2022,11,10,SEHHO-COBL,13,4193606722203319776,200000,200000,2600.0,0.0,0.0,6.301172832987504
E2_cec2022_competition,cec2022,11,10,SEHHO-COBL,14,7088462110792447038,200000,200000,2750.427163809589,150.42716380958882,150.42716380958882,6.243236315989634
E2_cec2022_competition,cec2022,11,10,SEHHO-COBL,15,5556386015026403785,200000,200000,2600.0,0.0,0.0,9.483865293004783
E2_cec2022_competition,cec2022,11,10,SEHHO-COBL,16,2368411334114498367,200000,200000,2600.0,0.0,0.0,10.697072651004419
E2_cec2022_competition,cec2022,11,10,SEHHO-COBL,17,7887478265616158047,200000,200000,2600.0,0.0,0.0,11.593090092996135
E2_cec2022_competition,cec2022,11,10,SEHHO-COBL,18,4371131082743663670,200000,200000,2600.0,0.0,0.0,10.085362198995426
E2_cec2022_competition,cec2022,11,10,SEHHO-COBL,19,4289363319730086997,200000,200000,2600.0,0.0,0.0,11.599883615999715
E2_cec2022_competition,cec2022,11,10,SEHHO-COBL,20,8257528754086555857,200000,200000,2600.0,0.0,0.0,11.553269826021278
E2_cec2022_competition,cec2022,11,10,SEHHO-COBL,21,9136032013388270535,200000,200000,2750.427163809589,150.42716380958882,150.42716380958882,11.708738785004243
E2_cec2022_competition,cec2022,11,10,SEHHO-COBL,22,8354940137018686479,200000,200000,2600.0,0.0,0.0,11.694854663976002
E2_cec2022_competition,cec2022,11,10,SEHHO-COBL,23,3515656961211855165,200000,200000,2600.0,0.0,0.0,11.492474456987111
E2_cec2022_competition,cec2022,11,10,SEHHO-COBL,24,6053354894061552432,200000,200000,2600.0,0.0,0.0,11.169066108006518
E2_cec2022_competition,cec2022,11,10,SEHHO-COBL,25,3522810590555523139,200000,200000,2750.4673760021356,150.46737600213555,150.46737600213555,11.300725099019473
E2_cec2022_competition,cec2022,11,10,SEHHO-COBL,26,8878599359366445048,200000,200000,2600.0,0.0,0.0,11.307324225985212
E2_cec2022_competition,cec2022,11,10,SEHHO-COBL,27,1431218639034553431,200000,200000,2600.0000000000005,0.0,4.547473508864641e-13,11.18292771698907
E2_cec2022_competition,cec2022,11,10,SEHHO-COBL,28,8098916510442570870,200000,200000,2600.0,0.0,0.0,8.128859154996462
E2_cec2022_competition,cec2022,11,10,SEHHO-COBL,29,5654592251537738733,200000,200000,2600.0,0.0,0.0,7.249433633987792
E2_cec2022_competition,cec2022,12,10,SEHHO-COBL,0,1218762184014792701,200000,200000,2859.3687336370376,159.36873363703762,159.36873363703762,9.174648551997961
E2_cec2022_competition,cec2022,12,10,SEHHO-COBL,1,4969896301412592847,200000,200000,2863.4948352028796,163.49483520287959,163.49483520287959,6.334297562018037
E2_cec2022_competition,cec2022,12,10,SEHHO-COBL,2,5894840750349739018,200000,200000,2863.4948352028796,163.49483520287959,163.49483520287959,6.152787428989541
E2_cec2022_competition,cec2022,12,10,SEHHO-COBL,3,6516469892577460907,200000,200000,2862.567376357956,162.56737635795616,162.56737635795616,6.1260676629899535
E2_cec2022_competition,cec2022,12,10,SEHHO-COBL,4,8603943984153557696,200000,200000,2862.946240277262,162.94624027726195,162.94624027726195,6.252300648018718
E2_cec2022_competition,cec2022,12,10,SEHHO-COBL,5,7877985987336186826,200000,200000,2860.6801761305433,160.68017613054326,160.68017613054326,6.314608362998115
E2_cec2022_competition,cec2022,12,10,SEHHO-COBL,6,883317182128016756,200000,200000,2861.404880758749,161.4048807587492,161.4048807587492,6.3606583350047
E2_cec2022_competition,cec2022,12,10,SEHHO-COBL,7,9036366632120918551,200000,200000,2862.7001305353288,162.70013053532875,162.70013053532875,7.209699356986675
E2_cec2022_competition,cec2022,12,10,SEHHO-COBL,8,2896958089464826704,200000,200000,2861.4352676774106,161.4352676774106,161.4352676774106,8.442227833991637
E2_cec2022_competition,cec2022,12,10,SEHHO-COBL,9,919853175759240001,200000,200000,2859.543776286797,159.54377628679686,159.54377628679686,6.158208597014891
E2_cec2022_competition,cec2022,12,10,SEHHO-COBL,10,2316974095693989489,200000,200000,2859.543776286797,159.54377628679686,159.54377628679686,6.4096310079912655
E2_cec2022_competition,cec2022,12,10,SEHHO-COBL,11,7603121775959940672,200000,200000,2859.368733637038,159.36873363703808,159.36873363703808,6.300734101008857
E2_cec2022_competition,cec2022,12,10,SEHHO-COBL,12,3507626647730925097,200000,200000,2860.1830976594483,160.18309765944832,160.18309765944832,6.292086770990863
E2_cec2022_competition,cec2022,12,10,SEHHO-COBL,13,2885426120662801673,200000,200000,2861.435267677411,161.43526767741105,161.43526767741105,8.093194342975039
E2_cec2022_competition,cec2022,12,10,SEHHO-COBL,14,5388427534734803176,200000,200000,2863.4948352028796,163.49483520287959,163.49483520287959,11.448381124995649
E2_cec2022_competition,cec2022,12,10,SEHHO-COBL,15,248213834059543648,200000,200000,2861.404880758749,161.4048807587492,161.4048807587492,11.835719682014314
E2_cec2022_competition,cec2022,12,10,SEHHO-COBL,16,3040465033331871427,200000,200000,2861.404880758749,161.4048807587492,161.4048807587492,10.898609587020474
E2_cec2022_competition,cec2022,12,10,SEHHO-COBL,17,5374898506053442688,200000,200000,2862.567376357956,162.56737635795616,162.56737635795616,11.819380495988298
E2_cec2022_competition,cec2022,12,10,SEHHO-COBL,18,6055653697597128474,200000,200000,2862.628007978069,162.62800797806904,162.62800797806904,11.074157526018098
E2_cec2022_competition,cec2022,12,10,SEHHO-COBL,19,3621169572861876539,200000,200000,2862.815036801228,162.81503680122796,162.81503680122796,11.057275061990367
E2_cec2022_competition,cec2022,12,10,SEHHO-COBL,20,735277333263193258,200000,200000,2864.9310079029074,164.93100790290737,164.93100790290737,10.834198967000702
E2_cec2022_competition,cec2022,12,10,SEHHO-COBL,21,6753763965021851341,200000,200000,2861.404880758749,161.4048807587492,161.4048807587492,11.488820803991985
E2_cec2022_competition,cec2022,12,10,SEHHO-COBL,22,6601812839545483941,200000,200000,2862.567376357956,162.56737635795616,162.56737635795616,11.730844746984076
E2_cec2022_competition,cec2022,12,10,SEHHO-COBL,23,2820675813382148408,200000,200000,2863.4948352028796,163.49483520287959,163.49483520287959,11.792529364000075
E2_cec2022_competition,cec2022,12,10,SEHHO-COBL,24,6834430614101681290,200000,200000,2861.4352676774106,161.4352676774106,161.4352676774106,11.740934722009115
E2_cec2022_competition,cec2022,12,10,SEHHO-COBL,25,937069276463376654,200000,200000,2858.6506114144768,158.65061141447677,158.65061141447677,12.032906107022427
E2_cec2022_competition,cec2022,12,10,SEHHO-COBL,26,6981692533249201809,200000,200000,2863.714849549329,163.71484954932885,163.71484954932885,11.692826529993908
E2_cec2022_competition,cec2022,12,10,SEHHO-COBL,27,5437410349008712260,200000,200000,2861.4352676774106,161.4352676774106,161.4352676774106,11.776791957003297
E2_cec2022_competition,cec2022,12,10,SEHHO-COBL,28,6575559139680915076,200000,200000,2863.5160965018727,163.51609650187265,163.51609650187265,11.707732398004737
E2_cec2022_competition,cec2022,12,10,SEHHO-COBL,29,4673019200230162056,200000,200000,2863.4948352028796,163.49483520287959,163.49483520287959,11.846504912013188
E2_cec2022_competition,cec2022,2,20,jSO,0,424704944668096908,1000000,1000000,444.8954693174513,44.89546931745127,44.89546931745127,7.7908832029788755
E2_cec2022_competition,cec2022,2,20,jSO,1,4856985628126599356,1000000,1000000,449.08447897948116,49.08447897948116,49.08447897948116,7.888948135019746
E2_cec2022_competition,cec2022,2,20,jSO,2,4386430336623269650,1000000,1000000,449.08447897948116,49.08447897948116,49.08447897948116,7.916079754009843
E2_cec2022_competition,cec2022,2,20,jSO,3,2837930251871709483,1000000,1000000,449.08447897948116,49.08447897948116,49.08447897948116,7.706922857003519
E2_cec2022_competition,cec2022,2,20,jSO,4,1352193713992094898,1000000,1000000,444.8954693174513,44.89546931745127,44.89546931745127,7.7032895919983275
E2_cec2022_competition,cec2022,2,20,jSO,5,5783901354378295452,1000000,1000000,449.08447897948116,49.08447897948116,49.08447897948116,7.188787474995479
E2_cec2022_competition,cec2022,2,20,jSO,6,266687746155245975,1000000,1000000,449.08447897948116,49.08447897948116,49.08447897948116,7.729986093996558
E2_cec2022_competition,cec2022,2,20,jSO,7,3887183748272934689,1000000,1000000,444.8954693174513,44.89546931745127,44.89546931745127,6.749584078992484
E2_cec2022_competition,cec2022,2,20,jSO,8,389772225046831223,1000000,1000000,444.8954693174513,44.89546931745127,44.89546931745127,6.55257190100383
E2_cec2022_competition,cec2022,2,20,jSO,9,5322511712610252022,1000000,1000000,444.8954693174513,44.89546931745127,44.89546931745127,7.585448197001824
E2_cec2022_competition,cec2022,2,20,jSO,10,7842992287548583703,1000000,1000000,449.08447897948116,49.08447897948116,49.08447897948116,5.305012291006278
E2_cec2022_competition,cec2022,2,20,jSO,11,6215968027771260657,1000000,1000000,444.8954693174513,44.89546931745127,44.89546931745127,5.166011149005499
E2_cec2022_competition,cec2022,2,20,jSO,12,8355580258642538593,1000000,1000000,449.08447897948116,49.08447897948116,49.08447897948116,7.686172205983894
E2_cec2022_competition,cec2022,2,20,jSO,13,8930395709334111390,1000000,1000000,444.8954693174513,44.89546931745127,44.89546931745127,7.610717562987702
E2_cec2022_competition,cec2022,2,20,jSO,14,1996626560305978333,1000000,1000000,449.08447897948116,49.08447897948116,49.08447897948116,7.637437679019058
E2_cec2022_competition,cec2022,2,20,jSO,15,8970221453098677079,1000000,1000000,449.08447897948116,49.08447897948116,49.08447897948116,7.639018223999301
E2_cec2022_competition,cec2022,2,20,jSO,16,1084730648251445712,1000000,1000000,449.08447897948116,49.08447897948116,49.08447897948116,7.644606335001299
E2_cec2022_competition,cec2022,2,20,jSO,17,2950863281725093728,1000000,1000000,449.08447897948116,49.08447897948116,49.08447897948116,7.6558540519909
E2_cec2022_competition,cec2022,2,20,jSO,18,1860080542582835757,1000000,1000000,449.08447897948116,49.08447897948116,49.08447897948116,7.73492586001521
E2_cec2022_competition,cec2022,2,20,jSO,19,4932342049337021771,1000000,1000000,449.08447897948116,49.08447897948116,49.08447897948116,7.660661909001647
E2_cec2022_competition,cec2022,2,20,jSO,20,9127958595211336830,1000000,1000000,444.8954693174513,44.89546931745127,44.89546931745127,6.437507144000847
E2_cec2022_competition,cec2022,2,20,jSO,21,5034033257761727468,1000000,1000000,444.8954693174513,44.89546931745127,44.89546931745127,7.5564814469835255
E2_cec2022_competition,cec2022,2,20,jSO,22,300522862425466325,1000000,1000000,444.8954693174513,44.89546931745127,44.89546931745127,7.670565273001557
E2_cec2022_competition,cec2022,2,20,jSO,23,3381822046907603676,1000000,1000000,444.8954693174513,44.89546931745127,44.89546931745127,7.730767990986351
E2_cec2022_competition,cec2022,2,20,jSO,24,8163889759979489279,1000000,1000000,449.08447897948116,49.08447897948116,49.08447897948116,5.188690326001961
E2_cec2022_competition,cec2022,2,20,jSO,25,3066863554142263095,1000000,1000000,449.08447897948116,49.08447897948116,49.08447897948116,7.312356542999623
E2_cec2022_competition,cec2022,2,20,jSO,26,2288503123329198276,1000000,1000000,449.08447897948116,49.08447897948116,49.08447897948116,6.538382125989301
E2_cec2022_competition,cec2022,2,20,jSO,27,8499936373806396839,1000000,1000000,444.8954693174513,44.89546931745127,44.89546931745127,6.556356579007115
E2_cec2022_competition,cec2022,2,20,jSO,28,1581190860748178636,1000000,1000000,449.08447897948116,49.08447897948116,49.08447897948116,6.426363662001677
E2_cec2022_competition,cec2022,2,20,jSO,29,4730267536243181552,1000000,1000000,444.8954693174513,44.89546931745127,44.89546931745127,6.3351145640190225
E2_cec2022_competition,cec2022,6,20,DE,0,3010232364812919690,1000000,1000000,1800.2959995893486,0.29599958934863935,0.29599958934863935,2.940712067997083
E2_cec2022_competition,cec2022,6,20,DE,1,5438215327990815751,1000000,1000000,1801.4444579635165,1.44445796351647,1.44445796351647,2.945666801009793
E2_cec2022_competition,cec2022,6,20,DE,2,1104806488843919200,1000000,1000000,1800.4277034608622,0.42770346086217614,0.42770346086217614,3.0343062350002583
E2_cec2022_competition,cec2022,6,20,DE,3,5935871977228547567,1000000,1000000,1801.3017263103902,1.3017263103902224,1.3017263103902224,2.978662659006659
E2_cec2022_competition,cec2022,6,20,DE,4,1843683626101765666,1000000,1000000,1800.416870972433,0.4168709724328892,0.4168709724328892,2.9458101600175723
E2_cec2022_competition,cec2022,6,20,DE,5,3381165690527103850,1000000,1000000,1800.475004720863,0.47500472086289847,0.47500472086289847,2.988464163005119
E2_cec2022_competition,cec2022,6,20,DE,6,2610728768991217364,1000000,1000000,1801.1928328624754,1.1928328624753703,1.1928328624753703,2.9014290290069766
E2_cec2022_competition,cec2022,6,20,DE,7,5671263286090813771,1000000,1000000,1801.1840581897586,1.1840581897586162,1.1840581897586162,3.0279803200101014
E2_cec2022_competition,cec2022,6,20,DE,8,5963225831493094105,1000000,1000000,1800.4165621109062,0.41656211090617035,0.41656211090617035,2.9834508600179106
E2_cec2022_competition,cec2022,6,20,DE,9,6010283633465726740,1000000,1000000,1800.236722226452,0.23672222645200236,0.23672222645200236,3.0143692810088396
E2_cec2022_competition,cec2022,6,20,DE,10,2596590976375069303,1000000,1000000,1800.2804281066767,0.2804281066767089,0.2804281066767089,2.9244457590102684
E2_cec2022_competition,cec2022,6,20,DE,11,7553416092787638966,1000000,1000000,1800.4322929001482,0.43229290014824073,0.43229290014824073,3.6731541769986507
E2_cec2022_competition,cec2022,6,20,DE,12,4826812932311598151,1000000,1000000,1800.4723057935607,0.47230579356073576,0.47230579356073576,3.0830960659950506
E2_cec2022_competition,cec2022,6,20,DE,13,7396328834817463127,1000000,1000000,1801.3210480689156,1.3210480689156157,1.3210480689156157,3.7536557459970936
E2_cec2022_competition,cec2022,6,20,DE,14,1612491574267153686,1000000,1000000,1800.4236925044959,0.42369250449587526,0.42369250449587526,3.7518541569879744
E2_cec2022_competition,cec2022,6,20,DE,15,3169056062063489386,1000000,1000000,1800.6342002983918,0.634200298391761,0.634200298391761,3.0605989590112586
E2_cec2022_competition,cec2022,6,20,DE,16,5619256435557100236,1000000,1000000,1800.4288128529856,0.42881285298562943,0.42881285298562943,3.0302424429974053
E2_cec2022_competition,cec2022,6,20,DE,17,6941632270041638562,1000000,1000000,1800.2209962859615,0.22099628596151888,0.22099628596151888,3.04177110598539
E2_cec2022_competition,cec2022,6,20,DE,18,8554221618696432457,1000000,1000000,1800.947178516436,0.9471785164359972,0.9471785164359972,3.1269241900008637
E2_cec2022_competition,cec2022,6,20,DE,19,5789715085040685709,1000000,1000000,1800.3317684707708,0.3317684707708395,0.3317684707708395,3.0404939010040835
E2_cec2022_competition,cec2022,6,20,DE,20,6461065962706255261,1000000,1000000,1800.281057325454,0.2810573254539577,0.2810573254539577,2.9321298009890597
E2_cec2022_competition,cec2022,6,20,DE,21,2544052616697245888,1000000,1000000,1800.3881827256394,0.3881827256393535,0.3881827256393535,2.9563142620027065
E2_cec2022_competition,cec2022,6,20,DE,22,4295337924120291549,1000000,1000000,1800.2558470250585,0.25584702505852874,0.25584702505852874,3.3320647749933414
E2_cec2022_competition,cec2022,6,20,DE,23,3983648392576693866,1000000,1000000,1800.4287793687897,0.42877936878971923,0.42877936878971923,4.729907617002027
E2_cec2022_competition,cec2022,6,20,DE,24,6966625840494956555,1000000,1000000,1800.4138788290627,0.41387882906269624,0.41387882906269624,4.505647031008266
E2_cec2022_competition,cec2022,6,20,DE,25,2936305414371039467,1000000,1000000,1800.1198502127445,0.11985021274449537,0.11985021274449537,4.526204969995888
E2_cec2022_competition,cec2022,6,20,DE,26,1740432830625351109,1000000,1000000,1800.3462039444703,0.34620394447028957,0.34620394447028957,4.533268719009357
E2_cec2022_competition,cec2022,6,20,DE,27,2799141283572229457,1000000,1000000,1801.413474465008,1.4134744650079938,1.4134744650079938,4.5041381909977645
E2_cec2022_competition,cec2022,6,20,DE,28,2276407771897739748,1000000,1000000,1800.2944634527942,0.29446345279416164,0.29446345279416164,4.036743839998962
E2_cec2022_competition,cec2022,6,20,DE,29,4893079003364162448,1000000,1000000,1800.4104154556342,0.4104154556341655,0.4104154556341655,4.475329637993127
E2_cec2022_competition,cec2022,3,20,DE,0,2651627966024976161,1000000,1000000,600.0,0.0,0.0,7.210462018003454
E2_cec2022_competition,cec2022,3,20,DE,1,1096187122733517923,1000000,1000000,600.0000000000001,0.0,1.1368683772161603e-13,7.715507639019052
E2_cec2022_competition,cec2022,3,20,DE,2,4214928293282842552,1000000,1000000,600.0,0.0,0.0,7.295637474016985
E2_cec2022_competition,cec2022,3,20,DE,3,9063648505134049822,1000000,1000000,600.0000000000001,0.0,1.1368683772161603e-13,7.893890945997555
E2_cec2022_competition,cec2022,3,20,DE,4,3278498940023526621,1000000,1000000,600.0,0.0,0.0,7.832279556983849
E2_cec2022_competition,cec2022,3,20,DE,5,7720162006400242846,1000000,1000000,600.0000000000001,0.0,1.1368683772161603e-13,5.415939568018075
E2_cec2022_competition,cec2022,3,20,DE,6,3510998513954217347,1000000,1000000,600.0000000000001,0.0,1.1368683772161603e-13,7.704333148984006
E2_cec2022_competition,cec2022,3,20,DE,7,1393827745515472145,1000000,1000000,600.0000000000001,0.0,1.1368683772161603e-13,6.275225435994798
E2_cec2022_competition,cec2022,3,20,DE,8,8693172819645914072,1000000,1000000,600.0000000000001,0.0,1.1368683772161603e-13,7.375437768991105
E2_cec2022_competition,cec2022,3,20,DE,9,7122099504755083080,1000000,1000000,600.0000000000001,0.0,1.1368683772161603e-13,8.040998983982718
E2_cec2022_competition,cec2022,3,20,DE,10,1207826071968627866,1000000,1000000,600.0000000000001,0.0,1.1368683772161603e-13,8.018566779996036
E2_cec2022_competition,cec2022,3,20,DE,11,4048028620177830459,1000000,1000000,600.0000000000001,0.0,1.1368683772161603e-13,8.056727835006313
E2_cec2022_competition,cec2022,3,20,DE,12,2128450387206142749,1000000,1000000,600.0000000000001,0.0,1.1368683772161603e-13,8.050584291981068
E2_cec2022_competition,cec2022,3,20,DE,13,3944627637018441739,1000000,1000000,600.0000000000001,0.0,1.1368683772161603e-13,8.030063422978856
E2_cec2022_competition,cec2022,3,20,DE,14,3266509519658781828,1000000,1000000,600.0000000000001,0.0,1.1368683772161603e-13,8.061324948008405
E2_cec2022_competition,cec2022,3,20,DE,15,4326379537012274724,1000000,1000000,600.0,0.0,0.0,8.067787619016599
E2_cec2022_competition,cec2022,3,20,DE,16,3127258423690006886,1000000,1000000,600.0000000000001,0.0,1.1368683772161603e-13,8.043794937984785
E2_cec2022_competition,cec2022,3,20,DE,17,5062129684087570381,1000000,1000000,600.0,0.0,0.0,8.050381200999254
E2_cec2022_competition,cec2022,3,20,DE,18,8299115932393978072,1000000,1000000,600.0000000000001,0.0,1.1368683772161603e-13,6.754121219011722
E2_cec2022_competition,cec2022,3,20,DE,19,9182180828129813784,1000000,1000000,600.0000000000001,0.0,1.1368683772161603e-13,5.549290483002551
E2_cec2022_competition,cec2022,3,20,DE,20,4298387135521612235,1000000,1000000,600.0000000000001,0.0,1.1368683772161603e-13,7.728739385987865
E2_cec2022_competition,cec2022,3,20,DE,21,6829482863197166577,1000000,1000000,600.0,0.0,0.0,7.936068145005265
E2_cec2022_competition,cec2022,3,20,DE,22,2552150956916684022,1000000,1000000,600.0,0.0,0.0,7.940314208011841
E2_cec2022_competition,cec2022,3,20,DE,23,6047533606683938083,1000000,1000000,600.0000000000001,0.0,1.1368683772161603e-13,7.657371287001297
E2_cec2022_competition,cec2022,3,20,DE,24,3701081520140881111,1000000,1000000,600.0000000000001,0.0,1.1368683772161603e-13,7.93758825500845
E2_cec2022_competition,cec2022,3,20,DE,25,1532290906442027836,1000000,1000000,600.0,0.0,0.0,7.958311122987652
E2_cec2022_competition,cec2022,3,20,DE,26,6328433694169220163,1000000,1000000,600.0000000000001,0.0,1.1368683772161603e-13,7.954226211993955
E2_cec2022_competition,cec2022,3,20,DE,27,8922042257583034550,1000000,1000000,600.0,0.0,0.0,7.8979986810008995
E2_cec2022_competition,cec2022,3,20,DE,28,3660736005083244295,1000000,1000000,600.0000000000001,0.0,1.1368683772161603e-13,7.897184314002516
E2_cec2022_competition,cec2022,3,20,DE,29,1736934141898712917,1000000,1000000,600.0000000000001,0.0,1.1368683772161603e-13,7.95324527201592
E2_cec2022_competition,cec2022,5,20,DE,0,134506907948979389,1000000,1000000,900.0,0.0,0.0,3.2046973120013718
E2_cec2022_competition,cec2022,5,20,DE,1,2231451660068773528,1000000,1000000,900.0,0.0,0.0,3.3116096289886627
E2_cec2022_competition,cec2022,5,20,DE,2,285914106113376409,1000000,1000000,900.0,0.0,0.0,3.330211048014462
E2_cec2022_competition,cec2022,5,20,DE,3,5422933529549251841,1000000,1000000,900.0,0.0,0.0,3.370964184985496
E2_cec2022_competition,cec2022,5,20,DE,4,4028713687319878384,1000000,1000000,900.0,0.0,0.0,5.260540629009483
E2_cec2022_competition,cec2022,5,20,DE,5,7451281999508552557,1000000,1000000,900.0,0.0,0.0,5.641817538009491
E2_cec2022_competition,cec2022,5,20,DE,6,8499807062735830264,1000000,1000000,900.0,0.0,0.0,5.617962294985773
E2_cec2022_competition,cec2022,5,20,DE,7,4320277007612646598,1000000,1000000,900.0,0.0,0.0,5.612661051010946
E2_cec2022_competition,cec2022,5,20,DE,8,3881235764247587818,1000000,1000000,900.0,0.0,0.0,5.581838100013556
E2_cec2022_competition,cec2022,5,20,DE,9,9017329838426267418,1000000,1000000,900.0,0.0,0.0,5.60866250199615
E2_cec2022_competition,cec2022,5,20,DE,10,3550506379261003332,1000000,1000000,900.0,0.0,0.0,5.490481951012043
E2_cec2022_competition,cec2022,5,20,DE,11,1839584741907974168,1000000,1000000,900.0,0.0,0.0,5.327123653987655
E2_cec2022_competition,cec2022,5,20,DE,12,1720958016977206046,1000000,1000000,900.0,0.0,0.0,5.303158835013164
E2_cec2022_competition,cec2022,5,20,DE,13,7980642335998042562,1000000,1000000,900.0,0.0,0.0,5.3130391970044
E2_cec2022_competition,cec2022,5,20,DE,14,2815963896581564936,1000000,1000000,900.0,0.0,0.0,5.311092244985048
E2_cec2022_competition,cec2022,5,20,DE,15,4425108537718493668,1000000,1000000,900.0,0.0,0.0,5.31336389601347
E2_cec2022_competition,cec2022,5,20,DE,16,2948941881284981728,1000000,1000000,900.0,0.0,0.0,5.278132475010352
E2_cec2022_competition,cec2022,5,20,DE,17,8378994190117203707,1000000,1000000,900.0,0.0,0.0,5.316189053992275
E2_cec2022_competition,cec2022,5,20,DE,18,4669544515557366662,1000000,1000000,900.0,0.0,0.0,5.299187314987648
E2_cec2022_competition,cec2022,5,20,DE,19,2682602610169533062,1000000,1000000,900.0,0.0,0.0,5.305002783017699
E2_cec2022_competition,cec2022,5,20,DE,20,6717190830764719875,1000000,1000000,900.0,0.0,0.0,5.303463896998437
E2_cec2022_competition,cec2022,5,20,DE,21,3207228546602900938,1000000,1000000,900.0,0.0,0.0,5.307645069988212
E2_cec2022_competition,cec2022,5,20,DE,22,4695926277245603585,1000000,1000000,900.0,0.0,0.0,5.291612187982537
E2_cec2022_competition,cec2022,5,20,DE,23,2578163737602528556,1000000,1000000,900.0,0.0,0.0,5.318423404998612
E2_cec2022_competition,cec2022,5,20,DE,24,1719881588885125701,1000000,1000000,900.0,0.0,0.0,5.250099996977951
E2_cec2022_competition,cec2022,5,20,DE,25,1961568377764085807,1000000,1000000,900.0,0.0,0.0,5.31320542897447
E2_cec2022_competition,cec2022,5,20,DE,26,7728120238731860159,1000000,1000000,900.0,0.0,0.0,5.276194720005151
E2_cec2022_competition,cec2022,5,20,DE,27,3416438879255101759,1000000,1000000,900.0,0.0,0.0,5.314062355988426
E2_cec2022_competition,cec2022,5,20,DE,28,4115760989930356237,1000000,1000000,900.0,0.0,0.0,5.41075009398628
E2_cec2022_competition,cec2022,5,20,DE,29,7099834794682872229,1000000,1000000,900.0,0.0,0.0,5.4320382620207965
E2_cec2022_competition,cec2022,3,20,SHADE,0,6999470049012902845,1000000,1000000,600.0000000000001,0.0,1.1368683772161603e-13,8.619460624002386
E2_cec2022_competition,cec2022,3,20,SHADE,1,2142003560760302858,1000000,1000000,600.0000000000001,0.0,1.1368683772161603e-13,6.82130847699591
E2_cec2022_competition,cec2022,3,20,SHADE,2,6267545064097648880,1000000,1000000,600.0000000000001,0.0,1.1368683772161603e-13,9.347446805011714
E2_cec2022_competition,cec2022,3,20,SHADE,3,4773709080441438242,1000000,1000000,600.0000000000001,0.0,1.1368683772161603e-13,9.322898641985375
E2_cec2022_competition,cec2022,3,20,SHADE,4,5981846942263906983,1000000,1000000,600.0000000000001,0.0,1.1368683772161603e-13,8.67591285702656
E2_cec2022_competition,cec2022,3,20,SHADE,5,2641295325030926664,1000000,1000000,600.0000000000001,0.0,1.1368683772161603e-13,9.090662406000774
E2_cec2022_competition,cec2022,3,20,SHADE,6,2522140867835795912,1000000,1000000,600.0000000000001,0.0,1.1368683772161603e-13,9.269100157020148
E2_cec2022_competition,cec2022,3,20,SHADE,7,315152186785719521,1000000,1000000,600.0000000000001,0.0,1.1368683772161603e-13,9.230830467975466
E2_cec2022_competition,cec2022,3,20,SHADE,8,6920332455856573013,1000000,1000000,600.0,0.0,0.0,9.161251243989682
E2_cec2022_competition,cec2022,3,20,SHADE,9,3250126043461093854,1000000,1000000,600.0000000000001,0.0,1.1368683772161603e-13,9.202515319018858
E2_cec2022_competition,cec2022,3,20,SHADE,10,8324404951368005958,1000000,1000000,600.0000000000001,0.0,1.1368683772161603e-13,9.22471218201099
E2_cec2022_competition,cec2022,3,20,SHADE,11,3371581943699053309,1000000,1000000,600.0000000000001,0.0,1.1368683772161603e-13,9.27869301001192
E2_cec2022_competition,cec2022,3,20,SHADE,12,6482912968345333686,1000000,1000000,600.0,0.0,0.0,8.548175621021073
E2_cec2022_competition,cec2022,3,20,SHADE,13,955003216661258954,1000000,1000000,600.0000000000001,0.0,1.1368683772161603e-13,6.7033998550032265
E2_cec2022_competition,cec2022,3,20,SHADE,14,752838358343240909,1000000,1000000,600.0000000000001,0.0,1.1368683772161603e-13,7.670957308990182
E2_cec2022_competition,cec2022,3,20,SHADE,15,606673561678600182,1000000,1000000,600.0000000000001,0.0,1.1368683772161603e-13,9.114395710988902
E2_cec2022_competition,cec2022,3,20,SHADE,16,7069353787554161696,1000000,1000000,600.0000000000001,0.0,1.1368683772161603e-13,8.518324351985939
E2_cec2022_competition,cec2022,3,20,SHADE,17,7671882596248994687,1000000,1000000,600.0000000000001,0.0,1.1368683772161603e-13,8.515164305019425
E2_cec2022_competition,cec2022,3,20,SHADE,18,3832646524441140788,1000000,1000000,600.0,0.0,0.0,8.53883056298946
E2_cec2022_competition,cec2022,3,20,SHADE,19,7473621786556653643,1000000,1000000,600.0,0.0,0.0,8.537533090013312
E2_cec2022_competition,cec2022,3,20,SHADE,20,7728727338890215572,1000000,1000000,600.0000000000001,0.0,1.1368683772161603e-13,8.516997864004225
E2_cec2022_competition,cec2022,3,20,SHADE,21,5390904980177783691,1000000,1000000,600.0000000000001,0.0,1.1368683772161603e-13,8.516228220018093
E2_cec2022_competition,cec2022,3,20,SHADE,22,7441202228693316318,1000000,1000000,600.0,0.0,0.0,8.53618173499126
E2_cec2022_competition,cec2022,3,20,SHADE,23,970050984027994689,1000000,1000000,600.0,0.0,0.0,8.568074845010415
E2_cec2022_competition,cec2022,3,20,SHADE,24,455063093789629314,1000000,1000000,600.0000000000001,0.0,1.1368683772161603e-13,8.5034352960065
E2_cec2022_competition,cec2022,3,20,SHADE,25,2749489050920279234,1000000,1000000,600.0000000000001,0.0,1.1368683772161603e-13,8.513560716994107
E2_cec2022_competition,cec2022,3,20,SHADE,26,725873264463924422,1000000,1000000,600.0000000000001,0.0,1.1368683772161603e-13,8.529029550001724
E2_cec2022_competition,cec2022,3,20,SHADE,27,6429025859993370418,1000000,1000000,600.0000000000001,0.0,1.1368683772161603e-13,8.544462927005952
E2_cec2022_competition,cec2022,3,20,SHADE,28,6660129849919713166,1000000,1000000,600.0,0.0,0.0,8.737271891994169
E2_cec2022_competition,cec2022,3,20,SHADE,29,7250203083352862698,1000000,1000000,600.0000000000001,0.0,1.1368683772161603e-13,9.024960836017272
E2_cec2022_competition,cec2022,5,20,SHADE,0,2080481473452318130,1000000,1000000,900.0,0.0,0.0,6.713855846988736
E2_cec2022_competition,cec2022,5,20,SHADE,1,6976321665616853520,1000000,1000000,900.0,0.0,0.0,6.793981370981783
E2_cec2022_competition,cec2022,5,20,SHADE,2,8795489989573328567,1000000,1000000,900.0,0.0,0.0,6.785496297001373
E2_cec2022_competition,cec2022,5,20,SHADE,3,1531356268693737326,1000000,1000000,900.0,0.0,0.0,6.795631054992555
E2_cec2022_competition,cec2022,5,20,SHADE,4,7927717984330761480,1000000,1000000,900.0,0.0,0.0,5.62925838198862
E2_cec2022_competition,cec2022,5,20,SHADE,5,9108045113270775863,1000000,1000000,900.0,0.0,0.0,4.004922346008243
E2_cec2022_competition,cec2022,5,20,SHADE,6,6818675460006565395,1000000,1000000,900.0,0.0,0.0,4.052806346997386
E2_cec2022_competition,cec2022,5,20,SHADE,7,4281570901601416626,1000000,1000000,900.0,0.0,0.0,5.907881330000237
E2_cec2022_competition,cec2022,5,20,SHADE,8,926543256037225620,1000000,1000000,900.0,0.0,0.0,6.594524287007516
E2_cec2022_competition,cec2022,5,20,SHADE,9,8509999742437951012,1000000,1000000,900.0,0.0,0.0,6.275312468991615
E2_cec2022_competition,cec2022,5,20,SHADE,10,215560255255561966,1000000,1000000,900.0,0.0,0.0,4.660881200019503
E2_cec2022_competition,cec2022,5,20,SHADE,11,8457839122537973798,1000000,1000000,900.0,0.0,0.0,4.121979107992956
E2_cec2022_competition,cec2022,5,20,SHADE,12,249492533869127117,1000000,1000000,900.0,0.0,0.0,4.170733573002508
E2_cec2022_competition,cec2022,5,20,SHADE,13,6408682692091415739,1000000,1000000,900.0,0.0,0.0,4.784124236000935
E2_cec2022_competition,cec2022,5,20,SHADE,14,8727810757502308341,1000000,1000000,900.0,0.0,0.0,4.057464122975944
E2_cec2022_competition,cec2022,5,20,SHADE,15,5501045787499965539,1000000,1000000,900.0,0.0,0.0,5.1400255099870265
E2_cec2022_competition,cec2022,5,20,SHADE,16,1152810679504662291,1000000,1000000,900.0,0.0,0.0,4.469556869997177
E2_cec2022_competition,cec2022,5,20,SHADE,17,5878447849947278602,1000000,1000000,900.0,0.0,0.0,4.503831145004369
E2_cec2022_competition,cec2022,5,20,SHADE,18,2758359638128736028,1000000,1000000,900.0,0.0,0.0,6.548408671020297
E2_cec2022_competition,cec2022,5,20,SHADE,19,7798681428550713582,1000000,1000000,900.0,0.0,0.0,6.624489860987524
E2_cec2022_competition,cec2022,5,20,SHADE,20,7045097467551900388,1000000,1000000,900.0,0.0,0.0,6.6526661190146115
E2_cec2022_competition,cec2022,5,20,SHADE,21,5188174491134968183,1000000,1000000,900.0,0.0,0.0,6.721918369003106
E2_cec2022_competition,cec2022,5,20,SHADE,22,5098350857894309562,1000000,1000000,900.0,0.0,0.0,6.507072953012539
E2_cec2022_competition,cec2022,5,20,SHADE,23,7139951304005892617,1000000,1000000,900.0,0.0,0.0,6.62789621000411
E2_cec2022_competition,cec2022,5,20,SHADE,24,6056154111175252217,1000000,1000000,900.0,0.0,0.0,6.644372502982151
E2_cec2022_competition,cec2022,5,20,SHADE,25,3975538612539723894,1000000,1000000,900.0,0.0,0.0,6.741897471976699
E2_cec2022_competition,cec2022,5,20,SHADE,26,1514286499249780189,1000000,1000000,900.0,0.0,0.0,6.524622658995213
E2_cec2022_competition,cec2022,5,20,SHADE,27,4039141923938532378,1000000,1000000,900.0,0.0,0.0,6.61863809498027
E2_cec2022_competition,cec2022,5,20,SHADE,28,5644189486013801596,1000000,1000000,900.0,0.0,0.0,6.67838612900232
E2_cec2022_competition,cec2022,5,20,SHADE,29,5006948134617660115,1000000,1000000,900.0,0.0,0.0,6.7324348030088
E2_cec2022_competition,cec2022,3,20,LSHADE,0,8407514928386993211,1000000,1000000,600.0,0.0,0.0,8.320066036016215
E2_cec2022_competition,cec2022,3,20,LSHADE,1,4506142717500084374,1000000,1000000,600.0000000000001,0.0,1.1368683772161603e-13,9.932533050014172
E2_cec2022_competition,cec2022,3,20,LSHADE,2,5964655277146029461,1000000,1000000,600.0000000000001,0.0,1.1368683772161603e-13,8.931198344012955
E2_cec2022_competition,cec2022,3,20,LSHADE,3,2938204791527765244,1000000,1000000,600.0000000000001,0.0,1.1368683772161603e-13,9.550757917982992
E2_cec2022_competition,cec2022,3,20,LSHADE,4,7288909247267886008,1000000,1000000,600.0,0.0,0.0,9.430369476001943
E2_cec2022_competition,cec2022,3,20,LSHADE,5,6176280394526911893,1000000,1000000,600.0000000000001,0.0,1.1368683772161603e-13,9.965833990019746
E2_cec2022_competition,cec2022,3,20,LSHADE,6,7656231040835186278,1000000,1000000,600.0000000000001,0.0,1.1368683772161603e-13,9.996476262982469
E2_cec2022_competition,cec2022,3,20,LSHADE,7,4991061360609326443,1000000,1000000,600.0000000000001,0.0,1.1368683772161603e-13,10.03392693598289
E2_cec2022_competition,cec2022,3,20,LSHADE,8,7396010282341904891,1000000,1000000,600.0000000000001,0.0,1.1368683772161603e-13,10.001145721005742
E2_cec2022_competition,cec2022,3,20,LSHADE,9,4549404947092759256,1000000,1000000,600.0000000000001,0.0,1.1368683772161603e-13,10.145941350987414
E2_cec2022_competition,cec2022,3,20,LSHADE,10,3559290491887870846,1000000,1000000,600.0000000000001,0.0,1.1368683772161603e-13,10.202826045016991
E2_cec2022_competition,cec2022,3,20,LSHADE,11,3197422594484516005,1000000,1000000,600.0000000000001,0.0,1.1368683772161603e-13,9.984838734992081
E2_cec2022_competition,cec2022,3,20,LSHADE,12,2348503392392011546,1000000,1000000,600.0000000000001,0.0,1.1368683772161603e-13,10.013606672990136
E2_cec2022_competition,cec2022,3,20,LSHADE,13,470630217456153338,1000000,1000000,600.0000000000001,0.0,1.1368683772161603e-13,10.173893909988692
E2_cec2022_competition,cec2022,3,20,LSHADE,14,8584088137694743972,1000000,1000000,600.0000000000001,0.0,1.1368683772161603e-13,8.072379151009955
E2_cec2022_competition,cec2022,3,20,LSHADE,15,9132856079622126963,1000000,1000000,600.0000000000001,0.0,1.1368683772161603e-13,8.802733493008418
E2_cec2022_competition,cec2022,3,20,LSHADE,16,2418947328318083845,1000000,1000000,600.0000000000001,0.0,1.1368683772161603e-13,9.718039352999767
E2_cec2022_competition,cec2022,3,20,LSHADE,17,3601567743539895011,1000000,1000000,600.0000000000001,0.0,1.1368683772161603e-13,9.965114741004072
E2_cec2022_competition,cec2022,3,20,LSHADE,18,6975759027883080038,1000000,1000000,600.0000000000001,0.0,1.1368683772161603e-13,9.901466982002603
E2_cec2022_competition,cec2022,3,20,LSHADE,19,8703351210551915386,1000000,1000000,600.0000000000001,0.0,1.1368683772161603e-13,9.799327196989907
E2_cec2022_competition,cec2022,3,20,LSHADE,20,3856226905498168947,1000000,1000000,600.0000000000001,0.0,1.1368683772161603e-13,7.8110470329993404
E2_cec2022_competition,cec2022,3,20,LSHADE,21,6085469854269033592,1000000,1000000,600.0000000000001,0.0,1.1368683772161603e-13,6.674869673996
E2_cec2022_competition,cec2022,3,20,LSHADE,22,8120248956264899076,1000000,1000000,600.0000000000001,0.0,1.1368683772161603e-13,6.681417204992613
E2_cec2022_competition,cec2022,3,20,LSHADE,23,6466910822724922719,1000000,1000000,600.0000000000001,0.0,1.1368683772161603e-13,6.658080934983445
E2_cec2022_competition,cec2022,3,20,LSHADE,24,6423243941868554963,1000000,1000000,600.0000000000001,0.0,1.1368683772161603e-13,7.478262318007182
E2_cec2022_competition,cec2022,3,20,LSHADE,25,2007108311680896631,1000000,1000000,600.0000000000001,0.0,1.1368683772161603e-13,9.509102028008783
E2_cec2022_competition,cec2022,3,20,LSHADE,26,3251353885068679035,1000000,1000000,600.0000000000001,0.0,1.1368683772161603e-13,9.26110717598931
E2_cec2022_competition,cec2022,3,20,LSHADE,27,4772647750619082986,1000000,1000000,600.0000000000001,0.0,1.1368683772161603e-13,9.059493786015082
E2_cec2022_competition,cec2022,3,20,LSHADE,28,8228397878480026708,1000000,1000000,600.0000000000001,0.0,1.1368683772161603e-13,9.507929096987937
E2_cec2022_competition,cec2022,3,20,LSHADE,29,6669233379984827162,1000000,1000000,600.0000000000001,0.0,1.1368683772161603e-13,9.214531206991524
E2_cec2022_competition,cec2022,5,20,LSHADE,0,2109908697855497410,1000000,1000000,900.0,0.0,0.0,7.690146942011779
E2_cec2022_competition,cec2022,5,20,LSHADE,1,1321900493665105826,1000000,1000000,900.0,0.0,0.0,7.1493288060009945
E2_cec2022_competition,cec2022,5,20,LSHADE,2,1985587056532899589,1000000,1000000,900.0,0.0,0.0,5.704209731018636
E2_cec2022_competition,cec2022,5,20,LSHADE,3,1638633333268959981,1000000,1000000,900.0,0.0,0.0,6.895548400992993
E2_cec2022_competition,cec2022,5,20,LSHADE,4,1248559809447205380,1000000,1000000,900.0,0.0,0.0,5.618702092004241
E2_cec2022_competition,cec2022,5,20,LSHADE,5,7878945546289658432,1000000,1000000,900.0,0.0,0.0,4.869199505017605
E2_cec2022_competition,cec2022,5,20,LSHADE,6,3447198727230746409,1000000,1000000,900.0,0.0,0.0,5.596125466981903
E2_cec2022_competition,cec2022,5,20,LSHADE,7,5383949055558325230,1000000,1000000,900.0,0.0,0.0,7.285689345007995
E2_cec2022_competition,cec2022,5,20,LSHADE,8,7867470949925210780,1000000,1000000,900.0,0.0,0.0,6.133858896995662
E2_cec2022_competition,cec2022,5,20,LSHADE,9,4361146531312728541,1000000,1000000,900.0,0.0,0.0,6.615794721990824
E2_cec2022_competition,cec2022,5,20,LSHADE,10,1206460082434638628,1000000,1000000,900.0,0.0,0.0,6.86405935100629
E2_cec2022_competition,cec2022,5,20,LSHADE,11,24216129394551205,1000000,1000000,900.0,0.0,0.0,7.0493002610164694
E2_cec2022_competition,cec2022,5,20,LSHADE,12,7014543985505951867,1000000,1000000,900.0,0.0,0.0,7.345076833007624
E2_cec2022_competition,cec2022,5,20,LSHADE,13,2250209899591710942,1000000,1000000,900.0,0.0,0.0,7.687355005007703
E2_cec2022_competition,cec2022,5,20,LSHADE,14,8858872547908812917,1000000,1000000,900.0,0.0,0.0,7.020665983989602
E2_cec2022_competition,cec2022,5,20,LSHADE,15,1737365682678102026,1000000,1000000,900.0,0.0,0.0,4.450126456009457
E2_cec2022_competition,cec2022,5,20,LSHADE,16,8894529459984940385,1000000,1000000,900.0,0.0,0.0,4.534007965994533
E2_cec2022_competition,cec2022,5,20,LSHADE,17,3205094635382235317,1000000,1000000,900.0,0.0,0.0,4.57341694200295
E2_cec2022_competition,cec2022,5,20,LSHADE,18,6111619784749659617,1000000,1000000,900.0,0.0,0.0,4.575338314985856
E2_cec2022_competition,cec2022,5,20,LSHADE,19,1172770831005879792,1000000,1000000,900.0,0.0,0.0,4.52971614501439
E2_cec2022_competition,cec2022,5,20,LSHADE,20,2210288008317529950,1000000,1000000,900.0,0.0,0.0,4.458517504011979
E2_cec2022_competition,cec2022,5,20,LSHADE,21,3315137162517708409,1000000,1000000,900.0,0.0,0.0,4.472998375014868
E2_cec2022_competition,cec2022,5,20,LSHADE,22,2451216830965565867,1000000,1000000,900.0,0.0,0.0,4.77076412900351
E2_cec2022_competition,cec2022,5,20,LSHADE,23,5488478239374624670,1000000,1000000,900.0,0.0,0.0,4.526189541007625
E2_cec2022_competition,cec2022,5,20,LSHADE,24,4341846529340299127,1000000,1000000,900.0,0.0,0.0,5.972575210995274
E2_cec2022_competition,cec2022,5,20,LSHADE,25,6833678462605500607,1000000,1000000,900.0,0.0,0.0,5.869322659011232
E2_cec2022_competition,cec2022,5,20,LSHADE,26,406672238983494378,1000000,1000000,900.0,0.0,0.0,6.948635362001369
E2_cec2022_competition,cec2022,5,20,LSHADE,27,4648202170320198069,1000000,1000000,900.0,0.0,0.0,6.668609501997707
E2_cec2022_competition,cec2022,5,20,LSHADE,28,341240253639836070,1000000,1000000,900.0,0.0,0.0,7.429933332023211
E2_cec2022_competition,cec2022,5,20,LSHADE,29,1356731643976527864,1000000,1000000,900.0,0.0,0.0,7.200230818009004
E2_cec2022_competition,cec2022,4,20,SHADE,0,2542161715545310888,1000000,1000000,811.9398999059617,11.939899905961738,11.939899905961738,8.406782613019459
E2_cec2022_competition,cec2022,4,20,SHADE,1,925256103469466100,1000000,1000000,806.9649000455064,6.964900045506397,6.964900045506397,8.409074110008078
E2_cec2022_competition,cec2022,4,20,SHADE,2,2073686338089308609,1000000,1000000,806.9652602225894,6.96526022258945,6.96526022258945,8.425430769013474
E2_cec2022_competition,cec2022,4,20,SHADE,3,4576625085529843333,1000000,1000000,809.9501609347636,9.95016093476363,9.95016093476363,8.443831471988233
E2_cec2022_competition,cec2022,4,20,SHADE,4,2756660367403936620,1000000,1000000,813.929607745549,13.929607745548992,13.929607745548992,8.452812476985855
E2_cec2022_competition,cec2022,4,20,SHADE,5,6790860136059395952,1000000,1000000,813.9296378989094,13.929637898909391,13.929637898909391,8.443192383012502
E2_cec2022_competition,cec2022,4,20,SHADE,6,2216307960601052025,1000000,1000000,806.9649620342431,6.964962034243058,6.964962034243058,8.21241827000631
E2_cec2022_competition,cec2022,4,20,SHADE,7,2695529559377062101,1000000,1000000,807.959952441492,7.959952441491964,7.959952441491964,8.25041218198021
E2_cec2022_competition,cec2022,4,20,SHADE,8,7537898606455423266,1000000,1000000,809.9497825758117,9.949782575811696,9.949782575811696,8.21608189100516
E2_cec2022_competition,cec2022,4,20,SHADE,9,5708796213087365936,1000000,1000000,809.9497741837547,9.949774183754698,9.949774183754698,8.250069989997428
E2_cec2022_competition,cec2022,4,20,SHADE,10,3226651750185549945,1000000,1000000,812.9346015021024,12.934601502102396,12.934601502102396,8.129290394019336
E2_cec2022_competition,cec2022,4,20,SHADE,11,3611986872764434765,1000000,1000000,810.9446857756667,10.944685775666699,10.944685775666699,8.479201893002028
E2_cec2022_competition,cec2022,4,20,SHADE,12,579768455765427984,1000000,1000000,806.9650349128015,6.965034912801457,6.965034912801457,8.421483826008625
E2_cec2022_competition,cec2022,4,20,SHADE,13,7539348294086806642,1000000,1000000,807.9597790909112,7.959779090911184,7.959779090911184,8.244760061003035
E2_cec2022_competition,cec2022,4,20,SHADE,14,7034992775499633473,1000000,1000000,809.949725724592,9.949725724591985,9.949725724591985,8.245517711999128
E2_cec2022_competition,cec2022,4,20,SHADE,15,4594542849922285614,1000000,1000000,813.9298434953599,13.929843495359933,13.929843495359933,8.262646869989112
E2_cec2022_competition,cec2022,4,20,SHADE,16,4545816945563067578,1000000,1000000,810.9448337359562,10.944833735956195,10.944833735956195,8.235790848004399
E2_cec2022_competition,cec2022,4,20,SHADE,17,454913678212587044,1000000,1000000,807.9600177612642,7.9600177612642256,7.9600177612642256,8.258348838018719
E2_cec2022_competition,cec2022,4,20,SHADE,18,6327027984112766007,1000000,1000000,807.959760179489,7.959760179488967,7.959760179488967,8.241594452993013
E2_cec2022_competition,cec2022,4,20,SHADE,19,967051081591336644,1000000,1000000,810.9448273256696,10.944827325669621,10.944827325669621,8.254748734994791
E2_cec2022_competition,cec2022,4,20,SHADE,20,4212100744707714479,1000000,1000000,810.9447153715386,10.944715371538564,10.944715371538564,8.229680927994195
E2_cec2022_competition,cec2022,4,20,SHADE,21,5726506517535439231,1000000,1000000,807.9598512711982,7.959851271198204,7.959851271198204,8.244203176000156
E2_cec2022_competition,cec2022,4,20,SHADE,22,4565949898495796050,1000000,1000000,809.9497561421952,9.949756142195156,9.949756142195156,8.21978852400207
E2_cec2022_competition,cec2022,4,20,SHADE,23,2797837997579800517,1000000,1000000,807.9600432785833,7.960043278583271,7.960043278583271,8.24045249100891
E2_cec2022_competition,cec2022,4,20,SHADE,24,1703804640028121674,1000000,1000000,811.9396873795456,11.939687379545603,11.939687379545603,8.241466253006365
E2_cec2022_competition,cec2022,4,20,SHADE,25,1248201723779477685,1000000,1000000,810.944771007643,10.944771007642998,10.944771007642998,8.260939306986984
E2_cec2022_competition,cec2022,4,20,SHADE,26,2321893208132079744,1000000,1000000,805.9701867132993,5.970186713299313,5.970186713299313,7.43592991901096
E2_cec2022_competition,cec2022,4,20,SHADE,27,361595414681955752,1000000,1000000,808.9548265178973,8.954826517897345,8.954826517897345,5.423425268003484
E2_cec2022_competition,cec2022,4,20,SHADE,28,3393753984935218189,1000000,1000000,813.9296840677958,13.929684067795847,13.929684067795847,5.915961114980746
E2_cec2022_competition,cec2022,4,20,SHADE,29,2715331448809358138,1000000,1000000,809.9501824085484,9.950182408548358,9.950182408548358,7.82788364199223
E2_cec2022_competition,cec2022,6,20,SHADE,0,9022118141009722165,1000000,1000000,1823.1022342023539,23.102234202353884,23.102234202353884,6.756053132005036
E2_cec2022_competition,cec2022,6,20,SHADE,1,3727538994565199569,1000000,1000000,1818.7817186312607,18.781718631260674,18.781718631260674,6.280265759007307
E2_cec2022_competition,cec2022,6,20,SHADE,2,6506626733511774658,1000000,1000000,1821.0396288691416,21.039628869141552,21.039628869141552,7.623237115010852
E2_cec2022_competition,cec2022,6,20,SHADE,3,6195028563519190750,1000000,1000000,1801.2390231825998,1.2390231825997944,1.2390231825997944,6.985770222992869
E2_cec2022_competition,cec2022,6,20,SHADE,4,7514305213476504151,1000000,1000000,1811.2823067477693,11.282306747769326,11.282306747769326,6.144422581011895
E2_cec2022_competition,cec2022,6,20,SHADE,5,2317034504270481612,1000000,1000000,1872.675013090931,72.67501309093109,72.67501309093109,4.717222976003541
E2_cec2022_competition,cec2022,6,20,SHADE,6,2256056619613016634,1000000,1000000,1827.0934696682407,27.093469668240687,27.093469668240687,4.415758684976026
E2_cec2022_competition,cec2022,6,20,SHADE,7,7095202268802101952,1000000,1000000,1814.1973131277498,14.197313127749794,14.197313127749794,4.61121964501217
E2_cec2022_competition,cec2022,6,20,SHADE,8,7106548844095525683,1000000,1000000,1846.0910055301947,46.09100553019471,46.09100553019471,4.541762018983718
E2_cec2022_competition,cec2022,6,20,SHADE,9,5368867831589231747,1000000,1000000,1853.9691725311259,53.96917253112588,53.96917253112588,4.706236308993539
E2_cec2022_competition,cec2022,6,20,SHADE,10,9125939278538333265,1000000,1000000,1810.0552694064565,10.055269406456546,10.055269406456546,6.34509986298508
E2_cec2022_competition,cec2022,6,20,SHADE,11,8623752068228879046,1000000,1000000,1825.9712540433925,25.97125404339249,25.97125404339249,5.751589037012309
E2_cec2022_competition,cec2022,6,20,SHADE,12,6009261416012424912,1000000,1000000,1834.9524847883229,34.95248478832286,34.95248478832286,7.170437246997608
E2_cec2022_competition,cec2022,6,20,SHADE,13,7173207387129978799,1000000,1000000,1805.155663467878,5.155663467877957,5.155663467877957,6.856160474999342
E2_cec2022_competition,cec2022,6,20,SHADE,14,2204630996090617030,1000000,1000000,1815.0401106040742,15.040110604074243,15.040110604074243,6.401528401009273
E2_cec2022_competition,cec2022,6,20,SHADE,15,1238892010655713725,1000000,1000000,1861.0222765189308,61.02227651893077,61.02227651893077,7.060028804000467
E2_cec2022_competition,cec2022,6,20,SHADE,16,203632919629141351,1000000,1000000,1823.917134964778,23.917134964777915,23.917134964777915,7.010629077994963
E2_cec2022_competition,cec2022,6,20,SHADE,17,3806300667997429580,1000000,1000000,1843.7802521891088,43.78025218910875,43.78025218910875,5.800731828989228
E2_cec2022_competition,cec2022,6,20,SHADE,18,1692052254048366267,1000000,1000000,1820.2138323031122,20.213832303112213,20.213832303112213,5.773452023015125
E2_cec2022_competition,cec2022,6,20,SHADE,19,5486131236837351708,1000000,1000000,1857.9441980809443,57.94419808094426,57.94419808094426,5.324044729000889
E2_cec2022_competition,cec2022,6,20,SHADE,20,9083444740239582296,1000000,1000000,1821.0200824018727,21.02008240187274,21.02008240187274,6.626524858002085
E2_cec2022_competition,cec2022,6,20,SHADE,21,5983360687581570706,1000000,1000000,1845.7882591176194,45.78825911761942,45.78825911761942,5.267146118014352
E2_cec2022_competition,cec2022,6,20,SHADE,22,2913628926284087453,1000000,1000000,1838.4010875827373,38.40108758273732,38.40108758273732,4.183269275003113
E2_cec2022_competition,cec2022,6,20,SHADE,23,9203307084056759839,1000000,1000000,1807.2282530395494,7.228253039549372,7.228253039549372,5.927035276021343
E2_cec2022_competition,cec2022,6,20,SHADE,24,3820873759191448858,1000000,1000000,1826.6954169953158,26.69541699531578,26.69541699531578,7.188866603013594
E2_cec2022_competition,cec2022,6,20,SHADE,25,8685736008413005210,1000000,1000000,1814.069752140183,14.069752140183027,14.069752140183027,7.609315914014587
E2_cec2022_competition,cec2022,6,20,SHADE,26,2894589876930657108,1000000,1000000,1841.9411536702228,41.941153670222775,41.941153670222775,7.666146665986162
E2_cec2022_competition,cec2022,6,20,SHADE,27,5401349043463183427,1000000,1000000,1820.1990991239902,20.19909912399021,20.19909912399021,6.57941433598171
E2_cec2022_competition,cec2022,6,20,SHADE,28,4191603042420736142,1000000,1000000,1840.8972511099828,40.89725110998279,40.89725110998279,6.2126389569893945
E2_cec2022_competition,cec2022,6,20,SHADE,29,636186101164944150,1000000,1000000,1841.0164328441272,41.016432844127166,41.016432844127166,5.068223256996134
E2_cec2022_competition,cec2022,3,20,jSO,0,5655921778176624856,1000000,1000000,600.0000000000001,0.0,1.1368683772161603e-13,10.88118281000061
E2_cec2022_competition,cec2022,3,20,jSO,1,4370325467530052551,1000000,1000000,600.0000000000001,0.0,1.1368683772161603e-13,10.870906836993527
E2_cec2022_competition,cec2022,3,20,jSO,2,1109016745058884110,1000000,1000000,600.0,0.0,0.0,10.94268268000451
E2_cec2022_competition,cec2022,3,20,jSO,3,5897294067565900297,1000000,1000000,600.0000000000001,0.0,1.1368683772161603e-13,10.904003532981733
E2_cec2022_competition,cec2022,3,20,jSO,4,5194617121653210782,1000000,1000000,600.0000000000001,0.0,1.1368683772161603e-13,10.804250525019597
E2_cec2022_competition,cec2022,3,20,jSO,5,2650604744776785272,1000000,1000000,600.0,0.0,0.0,10.862556545005646
E2_cec2022_competition,cec2022,3,20,jSO,6,5652442221960420078,1000000,1000000,600.0,0.0,0.0,10.83666230700328
E2_cec2022_competition,cec2022,3,20,jSO,7,2401128331314189035,1000000,1000000,600.0,0.0,0.0,10.810336531023495
E2_cec2022_competition,cec2022,3,20,jSO,8,6101463410048572863,1000000,1000000,600.0000000000001,0.0,1.1368683772161603e-13,10.943361622979864
E2_cec2022_competition,cec2022,3,20,jSO,9,4342923700258468741,1000000,1000000,600.0000000000001,0.0,1.1368683772161603e-13,10.118268829013687
E2_cec2022_competition,cec2022,3,20,jSO,10,7795104679605288901,1000000,1000000,600.0,0.0,0.0,9.721356183988973
E2_cec2022_competition,cec2022,3,20,jSO,11,1281577997799557605,1000000,1000000,600.0,0.0,0.0,7.126893606007798
E2_cec2022_competition,cec2022,3,20,jSO,12,7234265666152888191,1000000,1000000,600.0000000000001,0.0,1.1368683772161603e-13,7.577584106998984
E2_cec2022_competition,cec2022,3,20,jSO,13,8754446856614147373,1000000,1000000,600.0,0.0,0.0,7.66315785999177
E2_cec2022_competition,cec2022,3,20,jSO,14,5881070151367939559,1000000,1000000,600.0000000000001,0.0,1.1368683772161603e-13,8.935990862984909
E2_cec2022_competition,cec2022,3,20,jSO,15,7280340569638745054,1000000,1000000,600.0000000000001,0.0,1.1368683772161603e-13,10.601727310015121
E2_cec2022_competition,cec2022,3,20,jSO,16,7862232047723495062,1000000,1000000,600.0000000000001,0.0,1.1368683772161603e-13,9.950386445998447
E2_cec2022_competition,cec2022,3,20,jSO,17,3318547919197576055,1000000,1000000,600.0000000000001,0.0,1.1368683772161603e-13,8.745403944980353
E2_cec2022_competition,cec2022,3,20,jSO,18,4166096573769111524,1000000,1000000,600.0,0.0,0.0,10.745159534009872
E2_cec2022_competition,cec2022,3,20,jSO,19,7285657823654430961,1000000,1000000,600.0000000000001,0.0,1.1368683772161603e-13,10.717019492993131
E2_cec2022_competition,cec2022,3,20,jSO,20,5790956098073982971,1000000,1000000,600.0000000000001,0.0,1.1368683772161603e-13,7.394037163001485
E2_cec2022_competition,cec2022,3,20,jSO,21,7636568394056456636,1000000,1000000,600.0,0.0,0.0,9.210830205003731
E2_cec2022_competition,cec2022,3,20,jSO,22,4535998198160770936,1000000,1000000,600.0000000000001,0.0,1.1368683772161603e-13,8.451852977013914
E2_cec2022_competition,cec2022,3,20,jSO,23,5039336690650706539,1000000,1000000,600.0,0.0,0.0,7.621730358019704
E2_cec2022_competition,cec2022,3,20,jSO,24,4900228598527768213,1000000,1000000,600.0,0.0,0.0,8.568669950996991
E2_cec2022_competition,cec2022,3,20,jSO,25,3760212895516340203,1000000,1000000,600.0,0.0,0.0,11.016801377991214
E2_cec2022_competition,cec2022,3,20,jSO,26,4102257256140763175,1000000,1000000,600.0000000000001,0.0,1.1368683772161603e-13,9.92166060800082
E2_cec2022_competition,cec2022,3,20,jSO,27,3882353121881233049,1000000,1000000,600.0000000000001,0.0,1.1368683772161603e-13,8.569584206008585
E2_cec2022_competition,cec2022,3,20,jSO,28,1740448686093041198,1000000,1000000,600.0,0.0,0.0,10.616495309019228
E2_cec2022_competition,cec2022,3,20,jSO,29,236901599321488107,1000000,1000000,600.0000000000001,0.0,1.1368683772161603e-13,10.178818988002604
E2_cec2022_competition,cec2022,4,20,LSHADE,0,2003933638980545745,1000000,1000000,803.9798756360582,3.979875636058182,3.979875636058182,8.262159074976807
E2_cec2022_competition,cec2022,4,20,LSHADE,1,4578827500927298535,1000000,1000000,804.9748586131084,4.974858613108381,4.974858613108381,8.220042631000979
E2_cec2022_competition,cec2022,4,20,LSHADE,2,1483326877172499371,1000000,1000000,805.9698258959168,5.969825895916756,5.969825895916756,8.188597361004213
E2_cec2022_competition,cec2022,4,20,LSHADE,3,3620949441535501404,1000000,1000000,806.9647791224284,6.964779122428354,6.964779122428354,8.198151110991603
E2_cec2022_competition,cec2022,4,20,LSHADE,4,8278456397744013945,1000000,1000000,802.9849703003821,2.9849703003820878,2.9849703003820878,8.248538447980536
E2_cec2022_competition,cec2022,4,20,LSHADE,5,678609523551886470,1000000,1000000,803.9798599158107,3.979859915810721,3.979859915810721,8.223711692000506
E2_cec2022_competition,cec2022,4,20,LSHADE,6,7208663465600827181,1000000,1000000,805.9698142726941,5.969814272694066,5.969814272694066,8.22915620400454
E2_cec2022_competition,cec2022,4,20,LSHADE,7,6326189181451739579,1000000,1000000,806.9647479847932,6.9647479847932345,6.9647479847932345,7.906899315014016
E2_cec2022_competition,cec2022,4,20,LSHADE,8,9048057413131408528,1000000,1000000,803.979890541829,3.979890541829036,3.979890541829036,9.06484664598247
E2_cec2022_competition,cec2022,4,20,LSHADE,9,6358820210215502328,1000000,1000000,804.9750357304048,4.975035730404784,4.975035730404784,8.980497800017474
E2_cec2022_competition,cec2022,4,20,LSHADE,10,1503156099226832825,1000000,1000000,806.9647401872656,6.964740187265647,6.964740187265647,8.894944635016145
E2_cec2022_competition,cec2022,4,20,LSHADE,11,7276664395703010234,1000000,1000000,804.9749087848395,4.974908784839499,4.974908784839499,8.881424897001125
E2_cec2022_competition,cec2022,4,20,LSHADE,12,7235614731951660942,1000000,1000000,805.9697931376954,5.969793137695433,5.969793137695433,8.879297998995753
E2_cec2022_competition,cec2022,4,20,LSHADE,13,6640849932494687574,1000000,1000000,805.9698278160567,5.96982781605675,5.96982781605675,8.914659833011683
E2_cec2022_competition,cec2022,4,20,LSHADE,14,4692480646608319082,1000000,1000000,802.9849407117592,2.9849407117592364,2.9849407117592364,8.886144419986522
E2_cec2022_competition,cec2022,4,20,LSHADE,15,3882078935601577474,1000000,1000000,804.974830383759,4.974830383759013,4.974830383759013,8.87556736098486
E2_cec2022_competition,cec2022,4,20,LSHADE,16,3790706533617737169,1000000,1000000,804.9748337663339,4.974833766333859,4.974833766333859,8.900810447987169
E2_cec2022_competition,cec2022,4,20,LSHADE,17,8209679812939769571,1000000,1000000,804.9748376387572,4.974837638757208,4.974837638757208,8.884448919998249
E2_cec2022_competition,cec2022,4,20,LSHADE,18,4941149069185672949,1000000,1000000,803.979945934519,3.979945934519037,3.979945934519037,8.882784398010699
E2_cec2022_competition,cec2022,4,20,LSHADE,19,933717945698232907,1000000,1000000,802.9849943556421,2.9849943556421294,2.9849943556421294,8.925268771999981
E2_cec2022_competition,cec2022,4,20,LSHADE,20,4319675467824615278,1000000,1000000,804.9748900759431,4.974890075943108,4.974890075943108,8.896931792987743
E2_cec2022_competition,cec2022,4,20,LSHADE,21,2719702655213731718,1000000,1000000,804.9748070781335,4.9748070781334945,4.9748070781334945,8.914629477018025
E2_cec2022_competition,cec2022,4,20,LSHADE,22,6648497028795296183,1000000,1000000,803.9799047089516,3.979904708951608,3.979904708951608,8.716766762983752
E2_cec2022_competition,cec2022,4,20,LSHADE,23,4770128071623363663,1000000,1000000,801.9899605375415,1.9899605375414922,1.9899605375414922,8.613027018000139
E2_cec2022_competition,cec2022,4,20,LSHADE,24,971775562397797425,1000000,1000000,804.9748834789317,4.974883478931702,4.974883478931702,8.660020679002628
E2_cec2022_competition,cec2022,4,20,LSHADE,25,3134391038249930185,1000000,1000000,804.9749662907179,4.97496629071793,4.97496629071793,8.715607688995078
E2_cec2022_competition,cec2022,4,20,LSHADE,26,7344668510866309538,1000000,1000000,804.9748410359442,4.974841035944223,4.974841035944223,8.565552463987842
E2_cec2022_competition,cec2022,4,20,LSHADE,27,218792346103462326,1000000,1000000,803.9798854401093,3.979885440109342,3.979885440109342,8.620588089019293
E2_cec2022_competition,cec2022,4,20,LSHADE,28,6742138142388861675,1000000,1000000,806.9647414730533,6.964741473053323,6.964741473053323,8.66728751899791
E2_cec2022_competition,cec2022,4,20,LSHADE,29,5982360339663969751,1000000,1000000,803.979862165435,3.9798621654349517,3.9798621654349517,8.66773921600543
E2_cec2022_competition,cec2022,6,20,jSO,0,8112968269342560552,1000000,1000000,1800.4969986340432,0.496998634043166,0.496998634043166,7.029397500999039
E2_cec2022_competition,cec2022,6,20,jSO,1,8945712769314393052,1000000,1000000,1800.4339189796751,0.43391897967512705,0.43391897967512705,8.579302803002065
E2_cec2022_competition,cec2022,6,20,jSO,2,3703546965741688726,1000000,1000000,1800.4924362372626,0.4924362372626092,0.4924362372626092,8.587452619016403
E2_cec2022_competition,cec2022,6,20,jSO,3,3308963980663845639,1000000,1000000,1800.4999999480754,0.49999994807535586,0.49999994807535586,5.204838795005344
E2_cec2022_competition,cec2022,6,20,jSO,4,3073865697608657079,1000000,1000000,1800.4999892733108,0.4999892733108027,0.4999892733108027,5.375922040984733
E2_cec2022_competition,cec2022,6,20,jSO,5,599531734878668851,1000000,1000000,1800.4992204433606,0.49922044336062754,0.49922044336062754,5.102038641984109
E2_cec2022_competition,cec2022,6,20,jSO,6,4986628598087683068,1000000,1000000,1800.499349358628,0.49934935862802377,0.49934935862802377,5.184588792995783
E2_cec2022_competition,cec2022,6,20,jSO,7,1775755979378054200,1000000,1000000,1800.4891820742646,0.4891820742645905,0.4891820742645905,5.0821467519854195
E2_cec2022_competition,cec2022,6,20,jSO,8,7227898349182054118,1000000,1000000,1800.4827153499596,0.48271534995956245,0.48271534995956245,5.239455061004264
E2_cec2022_competition,cec2022,6,20,jSO,9,6873986736414590619,1000000,1000000,1800.4962765614582,0.49627656145821675,0.49627656145821675,5.185787952999817
E2_cec2022_competition,cec2022,6,20,jSO,10,243909799482296618,1000000,1000000,1800.4760887827267,0.47608878272671973,0.47608878272671973,5.3313280590227805
E2_cec2022_competition,cec2022,6,20,jSO,11,411062954016175060,1000000,1000000,1800.4752831924845,0.47528319248453954,0.47528319248453954,5.336326324002584
E2_cec2022_competition,cec2022,6,20,jSO,12,2118734282980438441,1000000,1000000,1800.4999983228602,0.499998322860165,0.499998322860165,5.238794492004672
E2_cec2022_competition,cec2022,6,20,jSO,13,5307272735221400074,1000000,1000000,1800.499410874866,0.49941087486604374,0.49941087486604374,8.211310913000489
E2_cec2022_competition,cec2022,6,20,jSO,14,4754566713128502401,1000000,1000000,1800.4997735758473,0.49977357584725723,0.49977357584725723,8.599071722012013
E2_cec2022_competition,cec2022,6,20,jSO,15,3086935803517681269,1000000,1000000,1800.4878343060086,0.4878343060086081,0.4878343060086081,8.436013077996904
E2_cec2022_competition,cec2022,6,20,jSO,16,2222992420537868149,1000000,1000000,1800.4507170294146,0.4507170294145908,0.4507170294145908,7.808640259027015
E2_cec2022_competition,cec2022,6,20,jSO,17,6570888818744853520,1000000,1000000,1800.4998743914093,0.4998743914093211,0.4998743914093211,7.970323904999532
E2_cec2022_competition,cec2022,6,20,jSO,18,3018052553755525487,1000000,1000000,1800.4417168346486,0.4417168346485596,0.4417168346485596,8.49700487399241
E2_cec2022_competition,cec2022,6,20,jSO,19,2465221189018215621,1000000,1000000,1800.499846351713,0.4998463517129039,0.4998463517129039,7.156017561006593
E2_cec2022_competition,cec2022,6,20,jSO,20,7137926416589385785,1000000,1000000,1800.4869128201187,0.48691282011873227,0.48691282011873227,5.179236244002823
E2_cec2022_competition,cec2022,6,20,jSO,21,1187975358802679426,1000000,1000000,1800.4795918753011,0.4795918753011392,0.4795918753011392,5.342369568999857
E2_cec2022_competition,cec2022,6,20,jSO,22,5815519453132266277,1000000,1000000,1800.486271411914,0.4862714119140037,0.4862714119140037,5.279024207004113
E2_cec2022_competition,cec2022,6,20,jSO,23,7584244921513096541,1000000,1000000,1800.4999997325867,0.4999997325867298,0.4999997325867298,5.301743849995546
E2_cec2022_competition,cec2022,6,20,jSO,24,3389931645487458170,1000000,1000000,1800.4808419358146,0.48084193581462387,0.48084193581462387,5.913195658009499
E2_cec2022_competition,cec2022,6,20,jSO,25,8281984495799618360,1000000,1000000,1800.4817249477037,0.48172494770369667,0.48172494770369667,5.304705486021703
E2_cec2022_competition,cec2022,6,20,jSO,26,7217983673438624682,1000000,1000000,1800.491839008245,0.49183900824505145,0.49183900824505145,5.6603701049753
E2_cec2022_competition,cec2022,6,20,jSO,27,9147390860877075873,1000000,1000000,1800.4949201421664,0.4949201421663929,0.4949201421663929,5.374547772982623
E2_cec2022_competition,cec2022,6,20,jSO,28,6780112844329979610,1000000,1000000,1800.499981786692,0.49998178669193294,0.49998178669193294,6.900183404999552
E2_cec2022_competition,cec2022,6,20,jSO,29,1765498929309772822,1000000,1000000,1800.4974353332057,0.497435333205658,0.497435333205658,5.3278896500123665
E2_cec2022_competition,cec2022,4,20,jSO,0,1069007765294653154,1000000,1000000,807.9596724567464,7.959672456746375,7.959672456746375,9.310919843992451
E2_cec2022_competition,cec2022,4,20,jSO,1,8379740192875408544,1000000,1000000,806.9647133996531,6.964713399653078,6.964713399653078,9.305763151991414
E2_cec2022_competition,cec2022,4,20,jSO,2,8737344862081081872,1000000,1000000,805.9697543425598,5.969754342559781,5.969754342559781,9.183765772992047
E2_cec2022_competition,cec2022,4,20,jSO,3,284959481325759939,1000000,1000000,804.9747952854665,4.9747952854664845,4.9747952854664845,8.446930454025278
E2_cec2022_competition,cec2022,4,20,jSO,4,3007974706562464280,1000000,1000000,808.9546315138397,8.954631513839672,8.954631513839672,9.29681530999369
E2_cec2022_competition,cec2022,4,20,jSO,5,3055706753654768178,1000000,1000000,805.9697543425598,5.969754342559781,5.969754342559781,9.431168353999965
E2_cec2022_competition,cec2022,4,20,jSO,6,8650486390567231948,1000000,1000000,808.9546315138397,8.954631513839672,8.954631513839672,9.398036652011797
E2_cec2022_competition,cec2022,4,20,jSO,7,4282878732777471657,1000000,1000000,805.9697543425598,5.969754342559781,5.969754342559781,9.579183844005456
E2_cec2022_competition,cec2022,4,20,jSO,8,8565296822492058390,1000000,1000000,805.9697543425598,5.969754342559781,5.969754342559781,9.420824102009647
E2_cec2022_competition,cec2022,4,20,jSO,9,3488660411503757391,1000000,1000000,806.9647133996531,6.964713399653078,6.964713399653078,9.406338773987954
E2_cec2022_competition,cec2022,4,20,jSO,10,3559395841244371330,1000000,1000000,807.9596724567464,7.959672456746375,7.959672456746375,9.344242986000609
E2_cec2022_competition,cec2022,4,20,jSO,11,9222085060844072837,1000000,1000000,805.9697543425598,5.969754342559781,5.969754342559781,9.497510425979272
E2_cec2022_competition,cec2022,4,20,jSO,12,3188003141930124869,1000000,1000000,804.9747952854665,4.9747952854664845,4.9747952854664845,9.477028088993393
E2_cec2022_competition,cec2022,4,20,jSO,13,7177590925657579999,1000000,1000000,805.9697543425598,5.969754342559781,5.969754342559781,8.443341684003826
E2_cec2022_competition,cec2022,4,20,jSO,14,8020137215008303096,1000000,1000000,806.9647133996531,6.964713399653078,6.964713399653078,7.31859946201439
E2_cec2022_competition,cec2022,4,20,jSO,15,2378421507075828354,1000000,1000000,807.9596724567464,7.959672456746375,7.959672456746375,6.041535313997883
E2_cec2022_competition,cec2022,4,20,jSO,16,4859054713747004463,1000000,1000000,805.9697543425598,5.969754342559781,5.969754342559781,8.979701757984003
E2_cec2022_competition,cec2022,4,20,jSO,17,6462900968205343336,1000000,1000000,805.9697543425598,5.969754342559781,5.969754342559781,8.925942956004292
E2_cec2022_competition,cec2022,4,20,jSO,18,5439819014626816185,1000000,1000000,805.9697543425598,5.969754342559781,5.969754342559781,8.865324779995717
E2_cec2022_competition,cec2022,4,20,jSO,19,2148004818522646817,1000000,1000000,807.9596674189273,7.959667418927324,7.959667418927324,8.903645284997765
E2_cec2022_competition,cec2022,4,20,jSO,20,6907231876417332715,1000000,1000000,802.9848771712799,2.9848771712798907,2.9848771712798907,8.895868888997938
E2_cec2022_competition,cec2022,4,20,jSO,21,6532445981918155575,1000000,1000000,807.9596724567464,7.959672456746375,7.959672456746375,9.030184874020051
E2_cec2022_competition,cec2022,4,20,jSO,22,4657587655416002927,1000000,1000000,806.9647133996531,6.964713399653078,6.964713399653078,8.927861194999423
E2_cec2022_competition,cec2022,4,20,jSO,23,5970344754517092244,1000000,1000000,805.9697543425598,5.969754342559781,5.969754342559781,8.913731482985895
E2_cec2022_competition,cec2022,4,20,jSO,24,6635613569145742005,1000000,1000000,807.9596724567464,7.959672456746375,7.959672456746375,8.883733188005863
E2_cec2022_competition,cec2022,4,20,jSO,25,7345781024104237468,1000000,1000000,804.9747952854665,4.9747952854664845,4.9747952854664845,8.430515296000522
E2_cec2022_competition,cec2022,4,20,jSO,26,2504607153846208985,1000000,1000000,804.9747952854665,4.9747952854664845,4.9747952854664845,8.368012866005301
E2_cec2022_competition,cec2022,4,20,jSO,27,1408846259371692855,1000000,1000000,807.9596724567464,7.959672456746375,7.959672456746375,8.618870698002866
E2_cec2022_competition,cec2022,4,20,jSO,28,2383074938750649,1000000,1000000,804.9747952854665,4.9747952854664845,4.9747952854664845,7.971938052010955
E2_cec2022_competition,cec2022,4,20,jSO,29,4768937465536694508,1000000,1000000,807.9596724567464,7.959672456746375,7.959672456746375,8.418121519993292
E2_cec2022_competition,cec2022,5,20,jSO,0,1798664015576216484,1000000,1000000,900.0,0.0,0.0,8.119264890992781
E2_cec2022_competition,cec2022,5,20,jSO,1,7731704214085700943,1000000,1000000,900.0,0.0,0.0,8.089687394996872
E2_cec2022_competition,cec2022,5,20,jSO,2,1640729394580979775,1000000,1000000,900.0,0.0,0.0,8.149422504997347
E2_cec2022_competition,cec2022,5,20,jSO,3,5299894206357601723,1000000,1000000,900.0,0.0,0.0,7.774787964997813
E2_cec2022_competition,cec2022,5,20,jSO,4,838318400634761544,1000000,1000000,900.0,0.0,0.0,5.246237982995808
E2_cec2022_competition,cec2022,5,20,jSO,5,5316459223962036821,1000000,1000000,900.0,0.0,0.0,5.147650191007415
E2_cec2022_competition,cec2022,5,20,jSO,6,1079990852563420506,1000000,1000000,900.0,0.0,0.0,5.193389208987355
E2_cec2022_competition,cec2022,5,20,jSO,7,7479833447037581901,1000000,1000000,900.0,0.0,0.0,5.1747509019915015
E2_cec2022_competition,cec2022,5,20,jSO,8,6254184584450470327,1000000,1000000,900.0,0.0,0.0,7.606697732990142
E2_cec2022_competition,cec2022,5,20,jSO,9,9119291050716762085,1000000,1000000,900.0,0.0,0.0,7.570376858988311
E2_cec2022_competition,cec2022,5,20,jSO,10,330421831563991348,1000000,1000000,900.0,0.0,0.0,7.792216403991915
E2_cec2022_competition,cec2022,5,20,jSO,11,7173728814449422230,1000000,1000000,900.0,0.0,0.0,7.51738196099177
E2_cec2022_competition,cec2022,5,20,jSO,12,1102158039107215876,1000000,1000000,900.0,0.0,0.0,7.458583517989609
E2_cec2022_competition,cec2022,5,20,jSO,13,5704394209634920574,1000000,1000000,900.0,0.0,0.0,7.5098226130066905
E2_cec2022_competition,cec2022,5,20,jSO,14,5674532330901488652,1000000,1000000,900.0,0.0,0.0,8.088680395012489
E2_cec2022_competition,cec2022,5,20,jSO,15,8384909439823153693,1000000,1000000,900.0,0.0,0.0,8.314179735985817
E2_cec2022_competition,cec2022,5,20,jSO,16,1545647022702159036,1000000,1000000,900.0,0.0,0.0,7.941880525992019
E2_cec2022_competition,cec2022,5,20,jSO,17,8318401153525709151,1000000,1000000,900.0,0.0,0.0,6.93783679898479
E2_cec2022_competition,cec2022,5,20,jSO,18,255030336777962553,1000000,1000000,900.0,0.0,0.0,5.129138229996897
E2_cec2022_competition,cec2022,5,20,jSO,19,2641697662945445798,1000000,1000000,900.0,0.0,0.0,6.593456244008848
E2_cec2022_competition,cec2022,5,20,jSO,20,2332998599397422525,1000000,1000000,900.0,0.0,0.0,8.14572328599752
E2_cec2022_competition,cec2022,5,20,jSO,21,2744535567204141520,1000000,1000000,900.0,0.0,0.0,8.48664173699217
E2_cec2022_competition,cec2022,5,20,jSO,22,7528457788054832680,1000000,1000000,900.0,0.0,0.0,8.420250914001372
E2_cec2022_competition,cec2022,5,20,jSO,23,2390673903388742353,1000000,1000000,900.0,0.0,0.0,8.45717763400171
E2_cec2022_competition,cec2022,5,20,jSO,24,2457829150890759426,1000000,1000000,900.0,0.0,0.0,8.4074038270046
E2_cec2022_competition,cec2022,5,20,jSO,25,1540711712475434062,1000000,1000000,900.0,0.0,0.0,8.481344122003065
E2_cec2022_competition,cec2022,5,20,jSO,26,3879051010210818153,1000000,1000000,900.0,0.0,0.0,8.427237358002458
E2_cec2022_competition,cec2022,5,20,jSO,27,901694067346674628,1000000,1000000,900.0,0.0,0.0,5.424222222995013
E2_cec2022_competition,cec2022,5,20,jSO,28,8393810999944270409,1000000,1000000,900.0,0.0,0.0,7.942678583000088
E2_cec2022_competition,cec2022,5,20,jSO,29,856327999227256270,1000000,1000000,900.0,0.0,0.0,6.846440163993975
E2_cec2022_competition,cec2022,6,20,LSHADE,0,3988265862358213763,1000000,1000000,1800.3735920687275,0.37359206872747563,0.37359206872747563,8.348243896994973
E2_cec2022_competition,cec2022,6,20,LSHADE,1,3750010607711750152,1000000,1000000,1800.5,0.5,0.5,7.215526576997945
E2_cec2022_competition,cec2022,6,20,LSHADE,2,6945396916435664781,1000000,1000000,1800.2147775156707,0.2147775156706757,0.2147775156706757,8.259186399984173
E2_cec2022_competition,cec2022,6,20,LSHADE,3,3486521012150019846,1000000,1000000,1800.3270765655652,0.32707656556522124,0.32707656556522124,8.297927903011441
E2_cec2022_competition,cec2022,6,20,LSHADE,4,4719921597669531982,1000000,1000000,1800.4999978723263,0.4999978723262757,0.4999978723262757,7.738930902007269
E2_cec2022_competition,cec2022,6,20,LSHADE,5,6843884363588498790,1000000,1000000,1800.499881364081,0.4998813640809203,0.4998813640809203,7.884811938012717
E2_cec2022_competition,cec2022,6,20,LSHADE,6,2047013535657571269,1000000,1000000,1800.2201125082217,0.22011250822174588,0.22011250822174588,8.194224525999743
E2_cec2022_competition,cec2022,6,20,LSHADE,7,2132409650148622364,1000000,1000000,1800.3120500299246,0.3120500299246487,0.3120500299246487,6.466979181976058
E2_cec2022_competition,cec2022,6,20,LSHADE,8,6495914037238661941,1000000,1000000,1800.4408725435057,0.44087254350574767,0.44087254350574767,6.31051348199253
E2_cec2022_competition,cec2022,6,20,LSHADE,9,4028537119042454859,1000000,1000000,1800.491390948752,0.49139094875204137,0.49139094875204137,6.563522950018523
E2_cec2022_competition,cec2022,6,20,LSHADE,10,7129006482780522181,1000000,1000000,1800.4977471896098,0.49774718960975406,0.49774718960975406,6.5539254790055566
E2_cec2022_competition,cec2022,6,20,LSHADE,11,3419420611297429659,1000000,1000000,1800.3113501822245,0.31135018222448707,0.31135018222448707,6.868272583000362
E2_cec2022_competition,cec2022,6,20,LSHADE,12,888955897449402435,1000000,1000000,1800.495768235841,0.4957682358410693,0.4957682358410693,6.682063927000854
E2_cec2022_competition,cec2022,6,20,LSHADE,13,5735207559912297225,1000000,1000000,1800.4573136213962,0.45731362139622433,0.45731362139622433,6.71497679001186
E2_cec2022_competition,cec2022,6,20,LSHADE,14,1734163551349203673,1000000,1000000,1801.3249660275476,1.324966027547589,1.324966027547589,6.913379996985896
E2_cec2022_competition,cec2022,6,20,LSHADE,15,7976833938504413650,1000000,1000000,1800.4081158283898,0.4081158283897821,0.4081158283897821,6.92287799101905
E2_cec2022_competition,cec2022,6,20,LSHADE,16,4770875327511937679,1000000,1000000,1800.2647856577164,0.26478565771640206,0.26478565771640206,6.978665207017912
E2_cec2022_competition,cec2022,6,20,LSHADE,17,3956408964162290424,1000000,1000000,1800.228547761501,0.22854776150097678,0.22854776150097678,6.99097659799736
E2_cec2022_competition,cec2022,6,20,LSHADE,18,231073122785288144,1000000,1000000,1800.4997907762454,0.4997907762453906,0.4997907762453906,6.556442810979206
E2_cec2022_competition,cec2022,6,20,LSHADE,19,8384770227284533368,1000000,1000000,1800.4999775574945,0.49997755749450334,0.49997755749450334,6.4367187850002665
E2_cec2022_competition,cec2022,6,20,LSHADE,20,1231778383261646739,1000000,1000000,1800.497625265841,0.4976252658409521,0.4976252658409521,6.697474271000829
E2_cec2022_competition,cec2022,6,20,LSHADE,21,6789398306284475175,1000000,1000000,1800.4133022766434,0.4133022766434351,0.4133022766434351,6.785473133000778
E2_cec2022_competition,cec2022,6,20,LSHADE,22,7468720700057592408,1000000,1000000,1800.4999999999927,0.49999999999272404,0.49999999999272404,6.356328263995238
E2_cec2022_competition,cec2022,6,20,LSHADE,23,4449646441035398409,1000000,1000000,1800.4999999998793,0.4999999998792646,0.4999999998792646,6.032372698013205
E2_cec2022_competition,cec2022,6,20,LSHADE,24,3950066957705863272,1000000,1000000,1800.4999999997842,0.4999999997842224,0.4999999997842224,5.395795344986254
E2_cec2022_competition,cec2022,6,20,LSHADE,25,7017144560202024964,1000000,1000000,1800.409992419612,0.409992419612081,0.409992419612081,7.69493223700556
E2_cec2022_competition,cec2022,6,20,LSHADE,26,1975987101687125888,1000000,1000000,1800.4998643287238,0.4998643287237883,0.4998643287237883,7.782966715982184
E2_cec2022_competition,cec2022,6,20,LSHADE,27,7842254154963568568,1000000,1000000,1800.5,0.5,0.5,4.978646535018925
E2_cec2022_competition,cec2022,6,20,LSHADE,28,6187767905964828174,1000000,1000000,1800.3366637820498,0.33666378204975445,0.33666378204975445,5.048242460004985
E2_cec2022_competition,cec2022,6,20,LSHADE,29,654822843963925447,1000000,1000000,1800.4996213776271,0.4996213776271361,0.4996213776271361,6.825071494997246
E2_cec2022_competition,cec2022,9,20,DE,0,3600367826139178538,1000000,1000000,2480.7812716777466,180.78127167774664,180.78127167774664,8.16433264000807
E2_cec2022_competition,cec2022,9,20,DE,1,8915016569406798651,1000000,1000000,2480.7812716777466,180.78127167774664,180.78127167774664,8.019691669003805
E2_cec2022_competition,cec2022,9,20,DE,2,5491122987645847484,1000000,1000000,2480.7812716777466,180.78127167774664,180.78127167774664,6.000653975002933
E2_cec2022_competition,cec2022,9,20,DE,3,315627745247111072,1000000,1000000,2480.7812716777466,180.78127167774664,180.78127167774664,5.147101841983385
E2_cec2022_competition,cec2022,9,20,DE,4,8142840932736854384,1000000,1000000,2480.7812716777466,180.78127167774664,180.78127167774664,5.114438930002507
E2_cec2022_competition,cec2022,9,20,DE,5,6726570238845378180,1000000,1000000,2480.7812716777466,180.78127167774664,180.78127167774664,5.257866233005188
E2_cec2022_competition,cec2022,9,20,DE,6,5893854638408640373,1000000,1000000,2480.7812716777466,180.78127167774664,180.78127167774664,5.10628705000272
E2_cec2022_competition,cec2022,9,20,DE,7,4282907038359185815,1000000,1000000,2480.7812716777466,180.78127167774664,180.78127167774664,5.167652186006308
E2_cec2022_competition,cec2022,9,20,DE,8,1140509484199277268,1000000,1000000,2480.7812716777466,180.78127167774664,180.78127167774664,5.021538795001106
E2_cec2022_competition,cec2022,9,20,DE,9,273657636906635275,1000000,1000000,2480.7812716777466,180.78127167774664,180.78127167774664,5.028644512000028
E2_cec2022_competition,cec2022,9,20,DE,10,8444645027448523065,1000000,1000000,2480.7812716777466,180.78127167774664,180.78127167774664,5.122771627997281
E2_cec2022_competition,cec2022,9,20,DE,11,192075554679334951,1000000,1000000,2480.7812716777466,180.78127167774664,180.78127167774664,5.884794208017411
E2_cec2022_competition,cec2022,9,20,DE,12,9133817413330616745,1000000,1000000,2480.7812716777466,180.78127167774664,180.78127167774664,5.116994092008099
E2_cec2022_competition,cec2022,9,20,DE,13,5775747302647726463,1000000,1000000,2480.7812716777466,180.78127167774664,180.78127167774664,5.127983562997542
E2_cec2022_competition,cec2022,9,20,DE,14,1225432213913445028,1000000,1000000,2480.7812716777466,180.78127167774664,180.78127167774664,5.004631623014575
E2_cec2022_competition,cec2022,9,20,DE,15,3950983640293076322,1000000,1000000,2480.7812716777466,180.78127167774664,180.78127167774664,6.34529853600543
E2_cec2022_competition,cec2022,9,20,DE,16,5092789409824768470,1000000,1000000,2480.7812716777466,180.78127167774664,180.78127167774664,7.955578017019434
E2_cec2022_competition,cec2022,9,20,DE,17,1051201524242218203,1000000,1000000,2480.7812716777466,180.78127167774664,180.78127167774664,7.910245500999736
E2_cec2022_competition,cec2022,9,20,DE,18,5868694748897154147,1000000,1000000,2480.7812716777466,180.78127167774664,180.78127167774664,8.104284553002799
E2_cec2022_competition,cec2022,9,20,DE,19,8928032610414956678,1000000,1000000,2480.7812716777466,180.78127167774664,180.78127167774664,7.830954942997778
E2_cec2022_competition,cec2022,9,20,DE,20,1603347154684250139,1000000,1000000,2480.7812716777466,180.78127167774664,180.78127167774664,8.139555217989255
E2_cec2022_competition,cec2022,9,20,DE,21,8260261451904360407,1000000,1000000,2480.7812716777466,180.78127167774664,180.78127167774664,8.158174790005432
E2_cec2022_competition,cec2022,9,20,DE,22,3181610850518543098,1000000,1000000,2480.7812716777466,180.78127167774664,180.78127167774664,8.145975268998882
E2_cec2022_competition,cec2022,9,20,DE,23,7977199640844645174,1000000,1000000,2480.7812716777466,180.78127167774664,180.78127167774664,8.14465762799955
E2_cec2022_competition,cec2022,9,20,DE,24,8536370784296967231,1000000,1000000,2480.7812716777466,180.78127167774664,180.78127167774664,5.826343958004145
E2_cec2022_competition,cec2022,9,20,DE,25,5630243225239037564,1000000,1000000,2480.7812716777466,180.78127167774664,180.78127167774664,5.245265568984905
E2_cec2022_competition,cec2022,9,20,DE,26,2827309883259857640,1000000,1000000,2480.7812716777466,180.78127167774664,180.78127167774664,6.272124770010123
E2_cec2022_competition,cec2022,9,20,DE,27,8190792799999844320,1000000,1000000,2480.7812716777466,180.78127167774664,180.78127167774664,7.804318212001817
E2_cec2022_competition,cec2022,9,20,DE,28,5223478882201217983,1000000,1000000,2480.7812716777466,180.78127167774664,180.78127167774664,7.6215741250198334
E2_cec2022_competition,cec2022,9,20,DE,29,2300884449715596635,1000000,1000000,2480.7812716777466,180.78127167774664,180.78127167774664,7.113265094027156
E2_cec2022_competition,cec2022,7,20,DE,0,5579945981872187302,1000000,1000000,2020.380440031051,20.380440031050966,20.380440031050966,9.201902779983357
E2_cec2022_competition,cec2022,7,20,DE,1,4235197714831401641,1000000,1000000,2001.3071323130748,1.307132313074817,1.307132313074817,9.315337039006408
E2_cec2022_competition,cec2022,7,20,DE,2,6655622031726295870,1000000,1000000,2000.312173255982,0.31217325598208845,0.31217325598208845,10.711950505996356
E2_cec2022_competition,cec2022,7,20,DE,3,1784825907389872171,1000000,1000000,2000.3121732559835,0.3121732559834527,0.3121732559834527,11.504283746995497
E2_cec2022_competition,cec2022,7,20,DE,4,3816033787440493189,1000000,1000000,2000.0000000004877,0.0,4.877165338257328e-10,11.39464606900583
E2_cec2022_competition,cec2022,7,20,DE,5,1299464574126652696,1000000,1000000,2000.3121732596665,0.3121732596664515,0.3121732596664515,11.466577414015774
E2_cec2022_competition,cec2022,7,20,DE,6,3012768890381152665,1000000,1000000,2000.3121732559816,0.3121732559816337,0.3121732559816337,8.661543405003613
E2_cec2022_competition,cec2022,7,20,DE,7,4333651325347213967,1000000,1000000,2020.4223580717032,20.42235807170323,20.42235807170323,11.236334587010788
E2_cec2022_competition,cec2022,7,20,DE,8,8480157993948545936,1000000,1000000,2000.3121732559816,0.3121732559816337,0.3121732559816337,11.48457999000675
E2_cec2022_competition,cec2022,7,20,DE,9,6948263858549413031,1000000,1000000,2000.624346511963,0.62434651196304,0.62434651196304,10.43755704999785
E2_cec2022_competition,cec2022,7,20,DE,10,3048516110671884339,1000000,1000000,2020.3515445985913,20.351544598591317,20.351544598591317,8.470214405999286
E2_cec2022_competition,cec2022,7,20,DE,11,7400034578140389106,1000000,1000000,2000.312173256315,0.3121732563149635,0.3121732563149635,11.551371685985941
E2_cec2022_competition,cec2022,7,20,DE,12,5268519376788845670,1000000,1000000,2000.6243465139537,0.6243465139536966,0.6243465139536966,9.475064445985481
E2_cec2022_competition,cec2022,7,20,DE,13,1982991271690245722,1000000,1000000,2000.3121732559816,0.3121732559816337,0.3121732559816337,10.293838239012985
E2_cec2022_competition,cec2022,7,20,DE,14,6197875595889250037,1000000,1000000,2020.4203022856896,20.42030228568956,20.42030228568956,8.512430095986929
E2_cec2022_competition,cec2022,7,20,DE,15,399113009067742926,1000000,1000000,2020.1391922698886,20.139192269888554,20.139192269888554,11.453793586988468
E2_cec2022_competition,cec2022,7,20,DE,16,1147063740471196796,1000000,1000000,2020.1065818822244,20.106581882224418,20.106581882224418,11.245261100004427
E2_cec2022_competition,cec2022,7,20,DE,17,9216936543541150047,1000000,1000000,2000.312173255985,0.3121732559850443,0.3121732559850443,10.048094558995217
E2_cec2022_competition,cec2022,7,20,DE,18,7463404075366147520,1000000,1000000,2020.1816376037918,20.18163760379184,20.18163760379184,11.3444258949894
E2_cec2022_competition,cec2022,7,20,DE,19,2810996733800606358,1000000,1000000,2000.3121732559873,0.31217325598731804,0.31217325598731804,11.420453313010512
E2_cec2022_competition,cec2022,7,20,DE,20,671519426061248807,1000000,1000000,2000.0000000000005,0.0,4.547473508864641e-13,11.349395927012665
E2_cec2022_competition,cec2022,7,20,DE,21,2674090380270594768,1000000,1000000,2000.0000000036935,0.0,3.6934579838998616e-09,11.420793279976351
E2_cec2022_competition,cec2022,7,20,DE,22,4178370979287819401,1000000,1000000,2020.054809831689,20.054809831689,20.054809831689,11.365396959008649
E2_cec2022_competition,cec2022,7,20,DE,23,8053401723482500372,1000000,1000000,2020.3412342410204,20.341234241020402,20.341234241020402,11.513566416979302
E2_cec2022_competition,cec2022,7,20,DE,24,3161591084545394515,1000000,1000000,2000.3121732559823,0.3121732559823158,0.3121732559823158,11.420224403991597
E2_cec2022_competition,cec2022,7,20,DE,25,1124559980673967621,1000000,1000000,2000.994959058438,0.9949590584380985,0.9949590584380985,11.405722755007446
E2_cec2022_competition,cec2022,7,20,DE,26,4597981469655517601,1000000,1000000,2000.3121732560858,0.31217325608577084,0.31217325608577084,11.42144624600769
E2_cec2022_competition,cec2022,7,20,DE,27,5497014024429690070,1000000,1000000,2000.6243465132577,0.6243465132577057,0.6243465132577057,11.47198972501792
E2_cec2022_competition,cec2022,7,20,DE,28,630865568243623167,1000000,1000000,2000.312173257398,0.3121732573979443,0.3121732573979443,11.42630456801271
E2_cec2022_competition,cec2022,7,20,DE,29,2832223431648703208,1000000,1000000,2020.7044456814713,20.70444568147127,20.70444568147127,11.49209597700974
E2_cec2022_competition,cec2022,9,20,SHADE,0,1244589473960743021,1000000,1000000,2480.7812716777466,180.78127167774664,180.78127167774664,7.678665285988245
E2_cec2022_competition,cec2022,9,20,SHADE,1,3768539665524804887,1000000,1000000,2480.7812716777466,180.78127167774664,180.78127167774664,6.236926131008659
E2_cec2022_competition,cec2022,9,20,SHADE,2,4261390895467682910,1000000,1000000,2480.7812716777466,180.78127167774664,180.78127167774664,8.07583983198856
E2_cec2022_competition,cec2022,9,20,SHADE,3,6117658060109098906,1000000,1000000,2480.7812716777466,180.78127167774664,180.78127167774664,8.881429315981222
E2_cec2022_competition,cec2022,9,20,SHADE,4,2016105256704926649,1000000,1000000,2480.7812716777466,180.78127167774664,180.78127167774664,9.457426545006456
E2_cec2022_competition,cec2022,9,20,SHADE,5,272128805131254748,1000000,1000000,2480.7812716777466,180.78127167774664,180.78127167774664,9.206819040991832
E2_cec2022_competition,cec2022,9,20,SHADE,6,8600337610294676244,1000000,1000000,2480.7812716777466,180.78127167774664,180.78127167774664,9.559068895992823
E2_cec2022_competition,cec2022,9,20,SHADE,7,9048765915260049368,1000000,1000000,2480.7812716777466,180.78127167774664,180.78127167774664,9.546238309994806
E2_cec2022_competition,cec2022,9,20,SHADE,8,8503580049636943347,1000000,1000000,2480.7812716777466,180.78127167774664,180.78127167774664,8.700747897994006
E2_cec2022_competition,cec2022,9,20,SHADE,9,2189180834748989315,1000000,1000000,2480.7812716777466,180.78127167774664,180.78127167774664,6.657036063988926
E2_cec2022_competition,cec2022,9,20,SHADE,10,9111164088846189979,1000000,1000000,2480.7812716777466,180.78127167774664,180.78127167774664,7.962533583020559
E2_cec2022_competition,cec2022,9,20,SHADE,11,8062843091110034878,1000000,1000000,2480.7812716777466,180.78127167774664,180.78127167774664,6.148504896991653
E2_cec2022_competition,cec2022,9,20,SHADE,12,5007144123065338368,1000000,1000000,2480.7812716777466,180.78127167774664,180.78127167774664,6.150989115994889
E2_cec2022_competition,cec2022,9,20,SHADE,13,5662412489633793892,1000000,1000000,2480.7812716777466,180.78127167774664,180.78127167774664,7.0151149530138355
E2_cec2022_competition,cec2022,9,20,SHADE,14,8482174679115995974,1000000,1000000,2480.7812716777466,180.78127167774664,180.78127167774664,7.090719847998116
E2_cec2022_competition,cec2022,9,20,SHADE,15,869705021162433940,1000000,1000000,2480.7812716777466,180.78127167774664,180.78127167774664,9.36712829998578
E2_cec2022_competition,cec2022,9,20,SHADE,16,4245210439876884787,1000000,1000000,2480.7812716777466,180.78127167774664,180.78127167774664,6.044766212988179
E2_cec2022_competition,cec2022,9,20,SHADE,17,6602204460365170646,1000000,1000000,2480.7812716777466,180.78127167774664,180.78127167774664,8.076224954013014
E2_cec2022_competition,cec2022,9,20,SHADE,18,3282316476338966553,1000000,1000000,2480.7812716777466,180.78127167774664,180.78127167774664,9.640358925011242
E2_cec2022_competition,cec2022,9,20,SHADE,19,3429930380827708256,1000000,1000000,2480.7812716777466,180.78127167774664,180.78127167774664,9.596573168993928
E2_cec2022_competition,cec2022,9,20,SHADE,20,7220983110160342895,1000000,1000000,2480.7812716777466,180.78127167774664,180.78127167774664,9.622146475012414
E2_cec2022_competition,cec2022,9,20,SHADE,21,8212295678946057513,1000000,1000000,2480.7812716777466,180.78127167774664,180.78127167774664,9.409181975992396
E2_cec2022_competition,cec2022,9,20,SHADE,22,3568942870109668902,1000000,1000000,2480.7812716777466,180.78127167774664,180.78127167774664,8.086835274996702
E2_cec2022_competition,cec2022,9,20,SHADE,23,3128211816293264875,1000000,1000000,2480.7812716777466,180.78127167774664,180.78127167774664,7.4216827059863135
E2_cec2022_competition,cec2022,9,20,SHADE,24,107500585641810194,1000000,1000000,2480.7812716777466,180.78127167774664,180.78127167774664,7.726218878000509
E2_cec2022_competition,cec2022,9,20,SHADE,25,3943739227684728557,1000000,1000000,2480.7812716777466,180.78127167774664,180.78127167774664,6.088470315997256
E2_cec2022_competition,cec2022,9,20,SHADE,26,2602899778665760350,1000000,1000000,2480.7812716777466,180.78127167774664,180.78127167774664,6.115056940994691
E2_cec2022_competition,cec2022,9,20,SHADE,27,1493300960618420570,1000000,1000000,2480.7812716777466,180.78127167774664,180.78127167774664,6.1007616790011525
E2_cec2022_competition,cec2022,9,20,SHADE,28,2858582645917717959,1000000,1000000,2480.7812716777466,180.78127167774664,180.78127167774664,8.773771512001986
E2_cec2022_competition,cec2022,9,20,SHADE,29,2844397870506993594,1000000,1000000,2480.7812716777466,180.78127167774664,180.78127167774664,9.058754078985658
E2_cec2022_competition,cec2022,10,20,DE,0,8907003860168495054,1000000,1000000,2500.2847285790144,100.28472857901443,100.28472857901443,6.173175820993492
E2_cec2022_competition,cec2022,10,20,DE,1,2192753564095721870,1000000,1000000,2500.252315317108,100.25231531710779,100.25231531710779,6.82577487398521
E2_cec2022_competition,cec2022,10,20,DE,2,2458794676811060179,1000000,1000000,2580.0864730404924,180.08647304049236,180.08647304049236,7.96390420399257
E2_cec2022_competition,cec2022,10,20,DE,3,6323514922064721270,1000000,1000000,2500.2951089146613,100.29510891466134,100.29510891466134,8.66248275700491
E2_cec2022_competition,cec2022,10,20,DE,4,1725202957711219451,1000000,1000000,2500.2947030788196,100.29470307881957,100.29470307881957,8.067590859980555
E2_cec2022_competition,cec2022,10,20,DE,5,5422897944486977140,1000000,1000000,2500.272872822446,100.27287282244606,100.27287282244606,6.142454248998547
E2_cec2022_competition,cec2022,10,20,DE,6,8105738841493553549,1000000,1000000,2500.304686424135,100.30468642413507,100.30468642413507,8.149358524999116
E2_cec2022_competition,cec2022,10,20,DE,7,38013475332611051,1000000,1000000,2500.287802773855,100.28780277385522,100.28780277385522,8.049688202008838
E2_cec2022_competition,cec2022,10,20,DE,8,6006332281977960859,1000000,1000000,2500.308863805873,100.30886380587299,100.30886380587299,8.078394993994152
E2_cec2022_competition,cec2022,10,20,DE,9,4816837607558101924,1000000,1000000,2500.3043713132547,100.3043713132547,100.3043713132547,8.740004958992358
E2_cec2022_competition,cec2022,10,20,DE,10,1581060785074519116,1000000,1000000,2500.232072623137,100.2320726231369,100.2320726231369,6.470833850995405
E2_cec2022_competition,cec2022,10,20,DE,11,3873389902840675981,1000000,1000000,2500.2728865666904,100.27288656669043,100.27288656669043,5.757029330008663
E2_cec2022_competition,cec2022,10,20,DE,12,3670058127115937751,1000000,1000000,2500.29299404659,100.29299404659014,100.29299404659014,8.487044061999768
E2_cec2022_competition,cec2022,10,20,DE,13,2370690891566051554,1000000,1000000,2500.2629291314192,100.26292913141924,100.26292913141924,8.597635479003657
E2_cec2022_competition,cec2022,10,20,DE,14,4749472240111548097,1000000,1000000,2500.299111988414,100.2991119884141,100.2991119884141,8.5620732170064
E2_cec2022_competition,cec2022,10,20,DE,15,4208075173632921037,1000000,1000000,2500.320018597072,100.3200185970718,100.3200185970718,7.364321057975758
E2_cec2022_competition,cec2022,10,20,DE,16,5593387582799153981,1000000,1000000,2500.1795081679334,100.17950816793336,100.17950816793336,5.608809307013871
E2_cec2022_competition,cec2022,10,20,DE,17,7956526807270287557,1000000,1000000,2500.307331651261,100.30733165126094,100.30733165126094,5.812655001995154
E2_cec2022_competition,cec2022,10,20,DE,18,1532046918454301158,1000000,1000000,2500.2804042550824,100.28040425508243,100.28040425508243,5.661039341008291
E2_cec2022_competition,cec2022,10,20,DE,19,3185091739512448072,1000000,1000000,2500.314091591992,100.31409159199211,100.31409159199211,5.678703501995187
E2_cec2022_competition,cec2022,10,20,DE,20,8199488264554191604,1000000,1000000,2500.2694894553397,100.26948945533968,100.26948945533968,5.720197968999855
E2_cec2022_competition,cec2022,10,20,DE,21,6183927055443881712,1000000,1000000,2500.2873980330946,100.28739803309463,100.28739803309463,6.673126274021342
E2_cec2022_competition,cec2022,10,20,DE,22,2753495240378438852,1000000,1000000,2500.2882477837397,100.28824778373973,100.28824778373973,8.066103891993407
E2_cec2022_competition,cec2022,10,20,DE,23,3963190319937699870,1000000,1000000,2500.295304876724,100.295304876724,100.295304876724,5.737511442013783
E2_cec2022_competition,cec2022,10,20,DE,24,8148214698725869794,1000000,1000000,2500.272822218134,100.27282221813402,100.27282221813402,5.7508804370008875
E2_cec2022_competition,cec2022,10,20,DE,25,6565964853065636782,1000000,1000000,2500.33484654954,100.33484654954009,100.33484654954009,6.568131724983687
E2_cec2022_competition,cec2022,10,20,DE,26,2562007339122972843,1000000,1000000,2500.2390203314667,100.23902033146669,100.23902033146669,5.851469663990429
E2_cec2022_competition,cec2022,10,20,DE,27,4340476860145711288,1000000,1000000,2500.217675396013,100.21767539601296,100.21767539601296,7.012082774977898
E2_cec2022_competition,cec2022,10,20,DE,28,2623411287982574114,1000000,1000000,2500.2691260923975,100.26912609239753,100.26912609239753,8.22816281102132
E2_cec2022_competition,cec2022,10,20,DE,29,9076551139055839245,1000000,1000000,2500.3128033000507,100.31280330005075,100.31280330005075,8.474520172021585
E2_cec2022_competition,cec2022,9,20,LSHADE,0,8796488439143946316,1000000,1000000,2480.7812716777466,180.78127167774664,180.78127167774664,9.934537930996157
E2_cec2022_competition,cec2022,9,20,LSHADE,1,8292692759355305508,1000000,1000000,2480.7812716777466,180.78127167774664,180.78127167774664,9.929616189998342
E2_cec2022_competition,cec2022,9,20,LSHADE,2,6692423561368921059,1000000,1000000,2480.7812716777466,180.78127167774664,180.78127167774664,10.014581471012207
E2_cec2022_competition,cec2022,9,20,LSHADE,3,1522652990988937530,1000000,1000000,2480.7812716777466,180.78127167774664,180.78127167774664,8.792031560005853
E2_cec2022_competition,cec2022,9,20,LSHADE,4,1421738370670406132,1000000,1000000,2480.7812716777466,180.78127167774664,180.78127167774664,9.869401389994891
E2_cec2022_competition,cec2022,9,20,LSHADE,5,4349888605284031704,1000000,1000000,2480.7812716777466,180.78127167774664,180.78127167774664,9.898884608992375
E2_cec2022_competition,cec2022,9,20,LSHADE,6,8903585896997231940,1000000,1000000,2480.7812716777466,180.78127167774664,180.78127167774664,9.881788733007852
E2_cec2022_competition,cec2022,9,20,LSHADE,7,4729343149309169398,1000000,1000000,2480.7812716777466,180.78127167774664,180.78127167774664,9.854924245999428
E2_cec2022_competition,cec2022,9,20,LSHADE,8,5664183410909470265,1000000,1000000,2480.7812716777466,180.78127167774664,180.78127167774664,9.836741451988928
E2_cec2022_competition,cec2022,9,20,LSHADE,9,5448949278238898095,1000000,1000000,2480.7812716777466,180.78127167774664,180.78127167774664,9.9335363220016
E2_cec2022_competition,cec2022,9,20,LSHADE,10,1575492875671849475,1000000,1000000,2480.7812716777466,180.78127167774664,180.78127167774664,9.855974275997141
E2_cec2022_competition,cec2022,9,20,LSHADE,11,9168453715742861108,1000000,1000000,2480.7812716777466,180.78127167774664,180.78127167774664,10.005600617005257
E2_cec2022_competition,cec2022,9,20,LSHADE,12,2590440532564580981,1000000,1000000,2480.7812716777466,180.78127167774664,180.78127167774664,9.173958146973746
E2_cec2022_competition,cec2022,9,20,LSHADE,13,6779138493811437387,1000000,1000000,2480.7812716777466,180.78127167774664,180.78127167774664,7.871049283974571
E2_cec2022_competition,cec2022,9,20,LSHADE,14,7173140081996652556,1000000,1000000,2480.7812716777466,180.78127167774664,180.78127167774664,6.5261517360049766
E2_cec2022_competition,cec2022,9,20,LSHADE,15,1791661597897135939,1000000,1000000,2480.7812716777466,180.78127167774664,180.78127167774664,9.572301945998333
E2_cec2022_competition,cec2022,9,20,LSHADE,16,7822088972676282186,1000000,1000000,2480.7812716777466,180.78127167774664,180.78127167774664,8.041291912988527
E2_cec2022_competition,cec2022,9,20,LSHADE,17,7567063126185606756,1000000,1000000,2480.7812716777466,180.78127167774664,180.78127167774664,6.561343473003944
E2_cec2022_competition,cec2022,9,20,LSHADE,18,1163385141689796544,1000000,1000000,2480.7812716777466,180.78127167774664,180.78127167774664,6.406522778997896
E2_cec2022_competition,cec2022,9,20,LSHADE,19,2620063193957829317,1000000,1000000,2480.7812716777466,180.78127167774664,180.78127167774664,8.823154104989953
E2_cec2022_competition,cec2022,9,20,LSHADE,20,1839373208489976068,1000000,1000000,2480.7812716777466,180.78127167774664,180.78127167774664,7.76161742201657
E2_cec2022_competition,cec2022,9,20,LSHADE,21,7335150574569612365,1000000,1000000,2480.7812716777466,180.78127167774664,180.78127167774664,9.269792736013187
E2_cec2022_competition,cec2022,9,20,LSHADE,22,3708967999864413769,1000000,1000000,2480.7812716777466,180.78127167774664,180.78127167774664,9.272572318994207
E2_cec2022_competition,cec2022,9,20,LSHADE,23,985529306586465971,1000000,1000000,2480.7812716777466,180.78127167774664,180.78127167774664,9.245468473003712
E2_cec2022_competition,cec2022,9,20,LSHADE,24,2556320592365401896,1000000,1000000,2480.7812716777466,180.78127167774664,180.78127167774664,7.026916747010546
E2_cec2022_competition,cec2022,9,20,LSHADE,25,3684575328506500982,1000000,1000000,2480.7812716777466,180.78127167774664,180.78127167774664,6.440947175986366
E2_cec2022_competition,cec2022,9,20,LSHADE,26,208459409975527950,1000000,1000000,2480.7812716777466,180.78127167774664,180.78127167774664,6.313948324997909
E2_cec2022_competition,cec2022,9,20,LSHADE,27,3904103544342817838,1000000,1000000,2480.7812716777466,180.78127167774664,180.78127167774664,6.575964886986185
E2_cec2022_competition,cec2022,9,20,LSHADE,28,2991407571721375917,1000000,1000000,2480.7812716777466,180.78127167774664,180.78127167774664,6.406999513012124
E2_cec2022_competition,cec2022,9,20,LSHADE,29,3982340512260008430,1000000,1000000,2480.7812716777466,180.78127167774664,180.78127167774664,8.559315495018382
E2_cec2022_competition,cec2022,7,20,LSHADE,0,7326428353837586498,1000000,1000000,2004.8446307240129,4.844630724012859,4.844630724012859,14.485701191995759
E2_cec2022_competition,cec2022,7,20,LSHADE,1,9167997555429572413,1000000,1000000,2004.6627996690254,4.6627996690253894,4.6627996690253894,14.935186393006006
E2_cec2022_competition,cec2022,7,20,LSHADE,2,6539870017895115606,1000000,1000000,2004.7542045343992,4.75420453439915,4.75420453439915,14.730361469992204
E2_cec2022_competition,cec2022,7,20,LSHADE,3,2583116252901175981,1000000,1000000,2003.5006584668668,3.500658466866753,3.500658466866753,14.87926172002335
E2_cec2022_competition,cec2022,7,20,LSHADE,4,8083820068622368743,1000000,1000000,2001.7965219258717,1.7965219258717298,1.7965219258717298,14.941437087021768
E2_cec2022_competition,cec2022,7,20,LSHADE,5,6124771768266570308,1000000,1000000,2002.0840763273084,2.0840763273083667,2.0840763273083667,14.974458772980142
E2_cec2022_competition,cec2022,7,20,LSHADE,6,6346350099328228197,1000000,1000000,2004.0408231980743,4.040823198074349,4.040823198074349,12.764646510011517
E2_cec2022_competition,cec2022,7,20,LSHADE,7,8186216806471026989,1000000,1000000,2018.73335308424,18.73335308423998,18.73335308423998,14.612256782012992
E2_cec2022_competition,cec2022,7,20,LSHADE,8,5641075490290086156,1000000,1000000,2002.5418131944855,2.541813194485485,2.541813194485485,13.491669023002032
E2_cec2022_competition,cec2022,7,20,LSHADE,9,7108621672230681976,1000000,1000000,2001.6703756517168,1.6703756517167676,1.6703756517167676,11.520149674994173
E2_cec2022_competition,cec2022,7,20,LSHADE,10,4620142780775511837,1000000,1000000,2002.9878359805298,2.9878359805297805,2.9878359805297805,10.235832332982682
E2_cec2022_competition,cec2022,7,20,LSHADE,11,571925483827779636,1000000,1000000,2002.5872612697415,2.587261269741475,2.587261269741475,12.63730749100796
E2_cec2022_competition,cec2022,7,20,LSHADE,12,6517645499508052572,1000000,1000000,2003.1804381050408,3.180438105040821,3.180438105040821,13.891769116016803
E2_cec2022_competition,cec2022,7,20,LSHADE,13,7262951822900119389,1000000,1000000,2020.7909647366337,20.79096473663367,20.79096473663367,13.597268165991409
E2_cec2022_competition,cec2022,7,20,LSHADE,14,1032057165262721080,1000000,1000000,2002.782552361912,2.7825523619119394,2.7825523619119394,13.71561553000356
E2_cec2022_competition,cec2022,7,20,LSHADE,15,2275291873134840911,1000000,1000000,2004.3870827420253,4.387082742025314,4.387082742025314,13.937996830994962
E2_cec2022_competition,cec2022,7,20,LSHADE,16,4397301925794651121,1000000,1000000,2020.0263383174558,20.02633831745584,20.02633831745584,14.173474246024853
E2_cec2022_competition,cec2022,7,20,LSHADE,17,5049960352334636339,1000000,1000000,2020.4010391185172,20.401039118517247,20.401039118517247,14.000046512985136
E2_cec2022_competition,cec2022,7,20,LSHADE,18,9106131222234768352,1000000,1000000,2004.0137759046956,4.013775904695649,4.013775904695649,13.835162333998596
E2_cec2022_competition,cec2022,7,20,LSHADE,19,6849576741414328811,1000000,1000000,2006.5287983563112,6.528798356311199,6.528798356311199,13.498032789007993
E2_cec2022_competition,cec2022,7,20,LSHADE,20,5802218705550694958,1000000,1000000,2006.2529198015109,6.2529198015108705,6.2529198015108705,10.41236852601287
E2_cec2022_competition,cec2022,7,20,LSHADE,21,1796409338029942222,1000000,1000000,2002.0393364806857,2.0393364806857335,2.0393364806857335,10.544101055013016
E2_cec2022_competition,cec2022,7,20,LSHADE,22,6148543691238498685,1000000,1000000,2002.1271540876542,2.127154087654162,2.127154087654162,10.387040030007483
E2_cec2022_competition,cec2022,7,20,LSHADE,23,5818971051231882125,1000000,1000000,2003.0267630464562,3.0267630464561535,3.0267630464561535,11.017043202009518
E2_cec2022_competition,cec2022,7,20,LSHADE,24,7222670273931060861,1000000,1000000,2000.7431818726284,0.7431818726283836,0.7431818726283836,14.820677208015695
E2_cec2022_competition,cec2022,7,20,LSHADE,25,5657221560458642079,1000000,1000000,2002.0113682141427,2.011368214142749,2.011368214142749,15.064544127992122
E2_cec2022_competition,cec2022,7,20,LSHADE,26,5437362286623828624,1000000,1000000,2001.7709911312231,1.770991131223127,1.770991131223127,13.513544162007747
E2_cec2022_competition,cec2022,7,20,LSHADE,27,1249277294530376687,1000000,1000000,2001.9963508520987,1.996350852098658,1.996350852098658,13.63953417999437
E2_cec2022_competition,cec2022,7,20,LSHADE,28,509696970992635545,1000000,1000000,2003.490003325632,3.4900033256319603,3.4900033256319603,14.689339530013967
E2_cec2022_competition,cec2022,7,20,LSHADE,29,5491033190086836895,1000000,1000000,2002.8733174760443,2.873317476044349,2.873317476044349,12.215604197990615
E2_cec2022_competition,cec2022,7,20,jSO,0,4871389887786984974,1000000,1000000,2000.3121732854058,0.31217328540583367,0.31217328540583367,15.101441082981182
E2_cec2022_competition,cec2022,7,20,jSO,1,3201430810204407793,1000000,1000000,2002.068327997191,2.0683279971910906,2.0683279971910906,15.191516379010864
E2_cec2022_competition,cec2022,7,20,jSO,2,2935438634689377454,1000000,1000000,2006.3569426469844,6.3569426469844075,6.3569426469844075,14.287942744995235
E2_cec2022_competition,cec2022,7,20,jSO,3,4007007294581927344,1000000,1000000,2002.3020913702753,2.3020913702753205,2.3020913702753205,14.268411511002341
E2_cec2022_competition,cec2022,7,20,jSO,4,1189438908429049372,1000000,1000000,2020.4311066258729,20.43110662587287,20.43110662587287,13.91772774400306
E2_cec2022_competition,cec2022,7,20,jSO,5,8714432344690614427,1000000,1000000,2000.9949590571516,0.9949590571516183,0.9949590571516183,10.897356677014614
E2_cec2022_competition,cec2022,7,20,jSO,6,5270812520207866599,1000000,1000000,2020.0531018919714,20.053101891971437,20.053101891971437,12.373135255998932
E2_cec2022_competition,cec2022,7,20,jSO,7,1738889003665608133,1000000,1000000,2006.3364785719666,6.336478571966609,6.336478571966609,13.779920149972895
E2_cec2022_competition,cec2022,7,20,jSO,8,6291851375879400283,1000000,1000000,2003.6092236930583,3.6092236930583113,3.6092236930583113,14.996334964002017
E2_cec2022_competition,cec2022,7,20,jSO,9,2767881443079177445,1000000,1000000,2001.3071332296215,1.3071332296215132,1.3071332296215132,12.821610131009948
E2_cec2022_competition,cec2022,7,20,jSO,10,739781348790351328,1000000,1000000,2002.0995822085456,2.0995822085455984,2.0995822085455984,10.941928184998687
E2_cec2022_competition,cec2022,7,20,jSO,11,1320192475786750964,1000000,1000000,2001.9899181142785,1.9899181142784528,1.9899181142784528,11.584191682981327
E2_cec2022_competition,cec2022,7,20,jSO,12,3149135347097233603,1000000,1000000,2005.5991367601403,5.599136760140254,5.599136760140254,10.806339973991271
E2_cec2022_competition,cec2022,7,20,jSO,13,1221765485742139972,1000000,1000000,2001.6251332380723,1.6251332380722943,1.6251332380722943,12.87712731998181
E2_cec2022_competition,cec2022,7,20,jSO,14,767377616531743412,1000000,1000000,2002.650007266979,2.650007266978946,2.650007266978946,11.650310516008176
E2_cec2022_competition,cec2022,7,20,jSO,15,1113792454309469525,1000000,1000000,2006.5945776456683,6.594577645668323,6.594577645668323,10.907543964014621
E2_cec2022_competition,cec2022,7,20,jSO,16,7066115892835876765,1000000,1000000,2006.2819244006193,6.281924400619346,6.281924400619346,12.137840083014453
E2_cec2022_competition,cec2022,7,20,jSO,17,809926521351717708,1000000,1000000,2003.0063076518977,3.006307651897714,3.006307651897714,15.450995100021828
E2_cec2022_competition,cec2022,7,20,jSO,18,7987673812095042565,1000000,1000000,2001.6492604611317,1.6492604611316892,1.6492604611316892,14.905767374002608
E2_cec2022_competition,cec2022,7,20,jSO,19,7348015724303699152,1000000,1000000,2002.3020921259576,2.3020921259576426,2.3020921259576426,14.670692444982706
E2_cec2022_competition,cec2022,7,20,jSO,20,7599627037736676728,1000000,1000000,2003.6112564339867,3.611256433986682,3.611256433986682,14.116557542001829
E2_cec2022_competition,cec2022,7,20,jSO,21,8045780485953275417,1000000,1000000,2001.6193055730116,1.6193055730116157,1.6193055730116157,15.037542823993135
E2_cec2022_competition,cec2022,7,20,jSO,22,1389392511866323570,1000000,1000000,2005.969784210112,5.969784210112039,5.969784210112039,14.532245612004772
E2_cec2022_competition,cec2022,7,20,jSO,23,3337101189015840964,1000000,1000000,2002.3024191734276,2.302419173427552,2.302419173427552,15.456758551008534
E2_cec2022_competition,cec2022,7,20,jSO,24,7123810360210716732,1000000,1000000,2020.0279106204907,20.02791062049073,20.02791062049073,15.39326659400831
E2_cec2022_competition,cec2022,7,20,jSO,25,618703820898093447,1000000,1000000,2003.6092236980912,3.6092236980912276,3.6092236980912276,15.425392890989315
E2_cec2022_competition,cec2022,7,20,jSO,26,7513769444992840775,1000000,1000000,2001.307976310491,1.3079763104910853,1.3079763104910853,15.513963034027256
E2_cec2022_competition,cec2022,7,20,jSO,27,4387060349750046049,1000000,1000000,2001.3071323395627,1.3071323395627132,1.3071323395627132,15.368169452005532
E2_cec2022_competition,cec2022,7,20,jSO,28,6151385760555736637,1000000,1000000,2001.9899213599883,1.9899213599883296,1.9899213599883296,14.281753385002958
E2_cec2022_competition,cec2022,7,20,jSO,29,735571329840584416,1000000,1000000,2005.2869695988732,5.286969598873156,5.286969598873156,10.630367278004996
E2_cec2022_competition,cec2022,8,20,DE,0,1381400981768128342,1000000,1000000,2201.150209791567,1.1502097915667946,1.1502097915667946,13.65729535400169
E2_cec2022_competition,cec2022,8,20,DE,1,1297266036318665970,1000000,1000000,2221.7134349717458,21.713434971745755,21.713434971745755,13.674897919001523
E2_cec2022_competition,cec2022,8,20,DE,2,291634388153674660,1000000,1000000,2221.015138850296,21.015138850295898,21.015138850295898,13.632784941000864
E2_cec2022_competition,cec2022,8,20,DE,3,3722838624129880657,1000000,1000000,2201.1753264420145,1.175326442014466,1.175326442014466,13.6350568519847
E2_cec2022_competition,cec2022,8,20,DE,4,230273538339774127,1000000,1000000,2204.6996795552236,4.699679555223611,4.699679555223611,13.664145973016275
E2_cec2022_competition,cec2022,8,20,DE,5,5283128269142485750,1000000,1000000,2200.73501941128,0.7350194112800637,0.7350194112800637,13.604532230994664
E2_cec2022_competition,cec2022,8,20,DE,6,5551265995223135469,1000000,1000000,2220.82768636073,20.827686360729786,20.827686360729786,13.593626536021475
E2_cec2022_competition,cec2022,8,20,DE,7,3698707075352958179,1000000,1000000,2200.754256341126,0.7542563411261654,0.7542563411261654,13.629657826008042
E2_cec2022_competition,cec2022,8,20,DE,8,8111685717946868475,1000000,1000000,2221.845961574991,21.84596157499118,21.84596157499118,13.656670582015067
E2_cec2022_competition,cec2022,8,20,DE,9,8381249192239198889,1000000,1000000,2204.151144876198,4.151144876198032,4.151144876198032,13.68019608600298
E2_cec2022_competition,cec2022,8,20,DE,10,2817087544649748625,1000000,1000000,2200.969542861428,0.9695428614281809,0.9695428614281809,13.617787271010457
E2_cec2022_competition,cec2022,8,20,DE,11,3875720284415176176,1000000,1000000,2200.5514550484177,0.5514550484176652,0.5514550484176652,13.573582871991675
E2_cec2022_competition,cec2022,8,20,DE,12,2428644487369066103,1000000,1000000,2221.3255588476914,21.325558847691354,21.325558847691354,13.592239463992883
E2_cec2022_competition,cec2022,8,20,DE,13,3681906892631637575,1000000,1000000,2200.516867709947,0.5168677099468368,0.5168677099468368,13.600559790007537
E2_cec2022_competition,cec2022,8,20,DE,14,636041793459532295,1000000,1000000,2200.74101195716,0.7410119571600262,0.7410119571600262,13.575034634995973
E2_cec2022_competition,cec2022,8,20,DE,15,6326695788558797991,1000000,1000000,2200.8144468662654,0.8144468662653708,0.8144468662653708,13.646694761991967
E2_cec2022_competition,cec2022,8,20,DE,16,9187990535799344191,1000000,1000000,2200.8773041185655,0.877304118565462,0.877304118565462,13.616850315011106
E2_cec2022_competition,cec2022,8,20,DE,17,3945742419360388984,1000000,1000000,2200.7184854243274,0.7184854243273548,0.7184854243273548,13.632522419007728
E2_cec2022_competition,cec2022,8,20,DE,18,7120509931381446986,1000000,1000000,2218.30947961495,18.30947961494985,18.30947961494985,13.666605476028053
E2_cec2022_competition,cec2022,8,20,DE,19,346249214231763671,1000000,1000000,2202.8234044992323,2.8234044992323106,2.8234044992323106,13.627806564007187
E2_cec2022_competition,cec2022,8,20,DE,20,3019720946136098352,1000000,1000000,2216.400802334526,16.400802334525906,16.400802334525906,13.04661058500642
E2_cec2022_competition,cec2022,8,20,DE,21,7759172279676192793,1000000,1000000,2201.364377382804,1.364377382803923,1.364377382803923,13.430791049002437
E2_cec2022_competition,cec2022,8,20,DE,22,3824694107318703665,1000000,1000000,2201.1189955643795,1.1189955643794747,1.1189955643794747,13.740524930006359
E2_cec2022_competition,cec2022,8,20,DE,23,8512716785565100266,1000000,1000000,2221.749411837006,21.749411837005937,21.749411837005937,13.763723582000239
E2_cec2022_competition,cec2022,8,20,DE,24,7313042369599379436,1000000,1000000,2222.0728112036486,22.072811203648598,22.072811203648598,13.48161566699855
E2_cec2022_competition,cec2022,8,20,DE,25,6445569220115607391,1000000,1000000,2200.7277008162823,0.7277008162823222,0.7277008162823222,13.247090388002107
E2_cec2022_competition,cec2022,8,20,DE,26,3846373956190933533,1000000,1000000,2221.9279610288413,21.92796102884131,21.92796102884131,13.25058290900779
E2_cec2022_competition,cec2022,8,20,DE,27,128056420524023250,1000000,1000000,2200.632363112864,0.6323631128639136,0.6323631128639136,10.363300733995857
E2_cec2022_competition,cec2022,8,20,DE,28,8552953070161484475,1000000,1000000,2203.0055689777228,3.00556897772276,3.00556897772276,11.537977252999553
E2_cec2022_competition,cec2022,8,20,DE,29,8984480645466900555,1000000,1000000,2200.754462081016,0.7544620810158449,0.7544620810158449,13.477257312013535
E2_cec2022_competition,cec2022,7,20,SHADE,0,3903242849649488922,1000000,1000000,2021.3867688954754,21.38676889547537,21.38676889547537,13.871240362001117
E2_cec2022_competition,cec2022,7,20,SHADE,1,446588999107180337,1000000,1000000,2022.4138654794642,22.41386547946422,22.41386547946422,13.856525442010025
E2_cec2022_competition,cec2022,7,20,SHADE,2,5480627454876394094,1000000,1000000,2019.508839064959,19.50883906495892,19.50883906495892,13.847733842994785
E2_cec2022_competition,cec2022,7,20,SHADE,3,8114255538049790258,1000000,1000000,2019.8788654837006,19.878865483700565,19.878865483700565,13.856282316992292
E2_cec2022_competition,cec2022,7,20,SHADE,4,8427506907507960390,1000000,1000000,2020.1574170983413,20.157417098341284,20.157417098341284,13.867808846000116
E2_cec2022_competition,cec2022,7,20,SHADE,5,6106869186292199781,1000000,1000000,2003.4491369549014,3.4491369549014053,3.4491369549014053,13.814175530016655
E2_cec2022_competition,cec2022,7,20,SHADE,6,7649092908445421055,1000000,1000000,2020.14914242247,20.14914242247005,20.14914242247005,13.86965446700924
E2_cec2022_competition,cec2022,7,20,SHADE,7,4062938190811705461,1000000,1000000,2016.631435855911,16.631435855910922,16.631435855910922,14.181567766005173
E2_cec2022_competition,cec2022,7,20,SHADE,8,1921767754491539506,1000000,1000000,2001.8758162799243,1.8758162799242655,1.8758162799242655,14.309857266984181
E2_cec2022_competition,cec2022,7,20,SHADE,9,510975897163814692,1000000,1000000,2020.6716043381043,20.671604338104316,20.671604338104316,14.2964932009927
E2_cec2022_competition,cec2022,7,20,SHADE,10,7045969478604945275,1000000,1000000,2020.0180196176616,20.018019617661594,20.018019617661594,14.317570844985312
E2_cec2022_competition,cec2022,7,20,SHADE,11,1880076034574315874,1000000,1000000,2020.4574693417537,20.457469341753722,20.457469341753722,14.271974343981128
E2_cec2022_competition,cec2022,7,20,SHADE,12,3032393734377851583,1000000,1000000,2021.1287083321258,21.128708332125825,21.128708332125825,14.298046876006993
E2_cec2022_competition,cec2022,7,20,SHADE,13,9153284447338116485,1000000,1000000,2019.9582148282866,19.9582148282866,19.9582148282866,14.268727733986452
E2_cec2022_competition,cec2022,7,20,SHADE,14,6594534176512714270,1000000,1000000,2006.8683822227642,6.8683822227642395,6.8683822227642395,14.2496175809938
E2_cec2022_competition,cec2022,7,20,SHADE,15,6457506413459075862,1000000,1000000,2012.0934381181687,12.093438118168706,12.093438118168706,14.281883820018265
E2_cec2022_competition,cec2022,7,20,SHADE,16,373216293260191831,1000000,1000000,2009.4773881533263,9.477388153326274,9.477388153326274,14.272339609015035
E2_cec2022_competition,cec2022,7,20,SHADE,17,5585380686597503159,1000000,1000000,2013.3268074702492,13.32680747024915,13.32680747024915,14.360238813998876
E2_cec2022_competition,cec2022,7,20,SHADE,18,3240052740860553965,1000000,1000000,2006.316808183478,6.316808183478088,6.316808183478088,14.268084156996338
E2_cec2022_competition,cec2022,7,20,SHADE,19,696205811462692849,1000000,1000000,2019.8106580214637,19.810658021463723,19.810658021463723,14.254527400014922
E2_cec2022_competition,cec2022,7,20,SHADE,20,5936688002825465081,1000000,1000000,2020.7952896086697,20.79528960866969,20.79528960866969,14.243313907994889
E2_cec2022_competition,cec2022,7,20,SHADE,21,7583242956730031400,1000000,1000000,2020.2546124839353,20.25461248393526,20.25461248393526,14.252876924991142
E2_cec2022_competition,cec2022,7,20,SHADE,22,4494118594489731248,1000000,1000000,2001.546995769899,1.5469957698990129,1.5469957698990129,14.314103672018973
E2_cec2022_competition,cec2022,7,20,SHADE,23,8348404158938088005,1000000,1000000,2021.4534970508432,21.453497050843225,21.453497050843225,14.31111350399442
E2_cec2022_competition,cec2022,7,20,SHADE,24,4856601430989938155,1000000,1000000,2009.7629325961368,9.762932596136807,9.762932596136807,14.265427655016538
E2_cec2022_competition,cec2022,7,20,SHADE,25,4261971796613346827,1000000,1000000,2020.4859773231071,20.485977323107136,20.485977323107136,14.282177169981878
E2_cec2022_competition,cec2022,7,20,SHADE,26,7840931017454497049,1000000,1000000,2020.132147624598,20.13214762459802,20.13214762459802,14.207576729007997
E2_cec2022_competition,cec2022,7,20,SHADE,27,3680406468705362765,1000000,1000000,2020.1006477670076,20.10064776700756,20.10064776700756,14.13603745799628
E2_cec2022_competition,cec2022,7,20,SHADE,28,2583340869244826497,1000000,1000000,2018.1320646992747,18.13206469927468,18.13206469927468,14.289530092006316
E2_cec2022_competition,cec2022,7,20,SHADE,29,3489434812584522528,1000000,1000000,2006.641564783125,6.641564783124977,6.641564783124977,13.793603095022263
E2_cec2022_competition,cec2022,9,20,jSO,0,3262613814698390205,1000000,1000000,2480.7812716777466,180.78127167774664,180.78127167774664,10.783992117998423
E2_cec2022_competition,cec2022,9,20,jSO,1,3054401962319165952,1000000,1000000,2480.7812716777466,180.78127167774664,180.78127167774664,10.712582030013436
E2_cec2022_competition,cec2022,9,20,jSO,2,5864577412538021535,1000000,1000000,2480.7812716777466,180.78127167774664,180.78127167774664,9.29913136299001
E2_cec2022_competition,cec2022,9,20,jSO,3,6441372474908430077,1000000,1000000,2480.7812716777466,180.78127167774664,180.78127167774664,6.883714555995539
E2_cec2022_competition,cec2022,9,20,jSO,4,3020816732328384508,1000000,1000000,2480.7812716777466,180.78127167774664,180.78127167774664,9.843514535983559
E2_cec2022_competition,cec2022,9,20,jSO,5,428557954341941014,1000000,1000000,2480.7812716777466,180.78127167774664,180.78127167774664,10.200809282017872
E2_cec2022_competition,cec2022,9,20,jSO,6,8838289722554389827,1000000,1000000,2480.7812716777466,180.78127167774664,180.78127167774664,10.918755681981565
E2_cec2022_competition,cec2022,9,20,jSO,7,1245790546572558347,1000000,1000000,2480.7812716777466,180.78127167774664,180.78127167774664,10.859673447004752
E2_cec2022_competition,cec2022,9,20,jSO,8,2670209532585250555,1000000,1000000,2480.7812716777466,180.78127167774664,180.78127167774664,10.898220426024636
E2_cec2022_competition,cec2022,9,20,jSO,9,3842381162788422114,1000000,1000000,2480.7812716777466,180.78127167774664,180.78127167774664,10.916731055011041
E2_cec2022_competition,cec2022,9,20,jSO,10,7282152479890705225,1000000,1000000,2480.7812716777466,180.78127167774664,180.78127167774664,10.876666819996899
E2_cec2022_competition,cec2022,9,20,jSO,11,2354463732852749730,1000000,1000000,2480.7812716777466,180.78127167774664,180.78127167774664,10.9573754479934
E2_cec2022_competition,cec2022,9,20,jSO,12,7711640991462787303,1000000,1000000,2480.7812716777466,180.78127167774664,180.78127167774664,10.938770492997719
E2_cec2022_competition,cec2022,9,20,jSO,13,1842181575864459053,1000000,1000000,2480.7812716777466,180.78127167774664,180.78127167774664,10.96954495299724
E2_cec2022_competition,cec2022,9,20,jSO,14,8384756807609075849,1000000,1000000,2480.7812716777466,180.78127167774664,180.78127167774664,10.989951327996096
E2_cec2022_competition,cec2022,9,20,jSO,15,4044928155924883468,1000000,1000000,2480.7812716777466,180.78127167774664,180.78127167774664,11.015832931996556
E2_cec2022_competition,cec2022,9,20,jSO,16,5149911228567986394,1000000,1000000,2480.7812716777466,180.78127167774664,180.78127167774664,8.639686840004288
E2_cec2022_competition,cec2022,9,20,jSO,17,7133186398817197248,1000000,1000000,2480.7812716777466,180.78127167774664,180.78127167774664,7.0224297319946345
E2_cec2022_competition,cec2022,9,20,jSO,18,80173088500227245,1000000,1000000,2480.7812716777466,180.78127167774664,180.78127167774664,6.89685527299298
E2_cec2022_competition,cec2022,9,20,jSO,19,7473999507374526059,1000000,1000000,2480.7812716777466,180.78127167774664,180.78127167774664,9.355647867021617
E2_cec2022_competition,cec2022,9,20,jSO,20,2117812267412647826,1000000,1000000,2480.7812716777466,180.78127167774664,180.78127167774664,10.364860258996487
E2_cec2022_competition,cec2022,9,20,jSO,21,1914717414741754987,1000000,1000000,2480.7812716777466,180.78127167774664,180.78127167774664,11.014536520000547
E2_cec2022_competition,cec2022,9,20,jSO,22,8428525888498169898,1000000,1000000,2480.7812716777466,180.78127167774664,180.78127167774664,11.02139372099191
E2_cec2022_competition,cec2022,9,20,jSO,23,8705837046973897533,1000000,1000000,2480.7812716777466,180.78127167774664,180.78127167774664,11.004800960014109
E2_cec2022_competition,cec2022,9,20,jSO,24,212770167222419088,1000000,1000000,2480.7812716777466,180.78127167774664,180.78127167774664,11.082719064987032
E2_cec2022_competition,cec2022,9,20,jSO,25,1667448762780610632,1000000,1000000,2480.7812716777466,180.78127167774664,180.78127167774664,10.93076597902109
E2_cec2022_competition,cec2022,9,20,jSO,26,4500705786202101569,1000000,1000000,2480.7812716777466,180.78127167774664,180.78127167774664,10.260669958021026
E2_cec2022_competition,cec2022,9,20,jSO,27,444345283563778266,1000000,1000000,2480.7812716777466,180.78127167774664,180.78127167774664,9.148789441009285
E2_cec2022_competition,cec2022,9,20,jSO,28,642511222539950910,1000000,1000000,2480.7812716777466,180.78127167774664,180.78127167774664,10.707616226020036
E2_cec2022_competition,cec2022,9,20,jSO,29,8462606546950095707,1000000,1000000,2480.7812716777466,180.78127167774664,180.78127167774664,6.8273617300146725
E2_cec2022_competition,cec2022,10,20,SHADE,0,6162691276690872399,1000000,1000000,2500.397559018025,100.39755901802482,100.39755901802482,7.868647689989302
E2_cec2022_competition,cec2022,10,20,SHADE,1,2257194923626211327,1000000,1000000,2500.3507269201855,100.35072692018548,100.35072692018548,8.269917055993574
E2_cec2022_competition,cec2022,10,20,SHADE,2,44019622180977378,1000000,1000000,2500.3912182287263,100.3912182287263,100.3912182287263,11.174880353995832
E2_cec2022_competition,cec2022,10,20,SHADE,3,856447492487956577,1000000,1000000,2500.3745538188414,100.37455381884138,100.37455381884138,10.720837054017466
E2_cec2022_competition,cec2022,10,20,SHADE,4,7092345139309482534,1000000,1000000,2500.397593139234,100.39759313923378,100.39759313923378,10.0767947989807
E2_cec2022_competition,cec2022,10,20,SHADE,5,1682727855837740052,1000000,1000000,2500.4644636538806,100.46446365388056,100.46446365388056,10.968389355984982
E2_cec2022_competition,cec2022,10,20,SHADE,6,4022326702188834160,1000000,1000000,2500.3400665635163,100.3400665635163,100.3400665635163,10.817821589997038
E2_cec2022_competition,cec2022,10,20,SHADE,7,3206960243306251439,1000000,1000000,2500.534754183497,100.53475418349717,100.53475418349717,11.281558029993903
E2_cec2022_competition,cec2022,10,20,SHADE,8,7652322543387363179,1000000,1000000,2500.3333945475338,100.33339454753377,100.33339454753377,11.279736472992226
E2_cec2022_competition,cec2022,10,20,SHADE,9,3555093421771458487,1000000,1000000,2500.3600597715945,100.36005977159448,100.36005977159448,11.264503061014693
E2_cec2022_competition,cec2022,10,20,SHADE,10,4023413517279682433,1000000,1000000,2500.3121722911083,100.31217229110825,100.31217229110825,10.542389545007609
E2_cec2022_competition,cec2022,10,20,SHADE,11,4347507759396485984,1000000,1000000,2500.438627848473,100.43862784847306,100.43862784847306,10.630724446993554
E2_cec2022_competition,cec2022,10,20,SHADE,12,4881166382841502757,1000000,1000000,2500.4563445295416,100.45634452954164,100.45634452954164,9.742019730998436
E2_cec2022_competition,cec2022,10,20,SHADE,13,332383432412308616,1000000,1000000,2614.6832609499575,214.68326094995746,214.68326094995746,9.20687269300106
E2_cec2022_competition,cec2022,10,20,SHADE,14,4096604630076683174,1000000,1000000,2500.339413061632,100.33941306163206,100.33941306163206,10.184148362983251
E2_cec2022_competition,cec2022,10,20,SHADE,15,7349049504357286317,1000000,1000000,2500.3312625023063,100.33126250230634,100.33126250230634,10.738366653007688
E2_cec2022_competition,cec2022,10,20,SHADE,16,706590225408569293,1000000,1000000,2500.3303988526563,100.33039885265634,100.33039885265634,11.28848077400471
E2_cec2022_competition,cec2022,10,20,SHADE,17,213596738581350075,1000000,1000000,2500.3977688030636,100.39776880306363,100.39776880306363,10.348546039982466
E2_cec2022_competition,cec2022,10,20,SHADE,18,952436248266822918,1000000,1000000,2500.3265082871358,100.32650828713577,100.32650828713577,9.640631696995115
E2_cec2022_competition,cec2022,10,20,SHADE,19,3077918175185490331,1000000,1000000,2500.3058172705964,100.30581727059644,100.30581727059644,11.100308274995768
E2_cec2022_competition,cec2022,10,20,SHADE,20,7529518907704311783,1000000,1000000,2615.814259867406,215.81425986740578,215.81425986740578,9.474500237993198
E2_cec2022_competition,cec2022,10,20,SHADE,21,8413816613385009045,1000000,1000000,2500.311302977568,100.31130297756818,100.31130297756818,11.064012557995738
E2_cec2022_competition,cec2022,10,20,SHADE,22,6155828082288784444,1000000,1000000,2500.4307177173455,100.43071771734549,100.43071771734549,8.952590327011421
E2_cec2022_competition,cec2022,10,20,SHADE,23,8970043585231546159,1000000,1000000,2500.3886337303684,100.38863373036838,100.38863373036838,10.413098535005702
E2_cec2022_competition,cec2022,10,20,SHADE,24,3282903674700186473,1000000,1000000,2500.3678137483457,100.36781374834572,100.36781374834572,10.289023868972436
E2_cec2022_competition,cec2022,10,20,SHADE,25,8099570194603656169,1000000,1000000,2616.8314080521704,216.83140805217045,216.83140805217045,7.802293645014288
E2_cec2022_competition,cec2022,10,20,SHADE,26,6719930784191583066,1000000,1000000,2500.3543643909547,100.35436439095474,100.35436439095474,10.313448420987697
E2_cec2022_competition,cec2022,10,20,SHADE,27,4192482372449978199,1000000,1000000,2500.3220084601576,100.32200846015758,100.32200846015758,11.126212089991895
E2_cec2022_competition,cec2022,10,20,SHADE,28,2680271248521461138,1000000,1000000,2500.3659521232853,100.3659521232853,100.3659521232853,9.886612732021604
E2_cec2022_competition,cec2022,10,20,SHADE,29,3869002260878004597,1000000,1000000,2500.3600643627346,100.36006436273465,100.36006436273465,9.18621166999219
E2_cec2022_competition,cec2022,11,20,DE,0,7694286006887126720,1000000,1000000,3000.0000000000005,400.00000000000045,400.00000000000045,10.985794692009222
E2_cec2022_competition,cec2022,11,20,DE,1,7782573196841971536,1000000,1000000,2900.0,300.0,300.0,10.739217388007091
E2_cec2022_competition,cec2022,11,20,DE,2,3818123848411397261,1000000,1000000,3000.0,400.0,400.0,10.994359816017095
E2_cec2022_competition,cec2022,11,20,DE,3,8290840253046224512,1000000,1000000,2900.0,300.0,300.0,10.608684239006834
E2_cec2022_competition,cec2022,11,20,DE,4,2893302338625666662,1000000,1000000,2900.0,300.0,300.0,9.099499442003435
E2_cec2022_competition,cec2022,11,20,DE,5,8374841792406852665,1000000,1000000,3000.0,400.0,400.0,7.372535895992769
E2_cec2022_competition,cec2022,11,20,DE,6,330126351430015533,1000000,1000000,3000.0000000000005,400.00000000000045,400.00000000000045,8.093390460009687
E2_cec2022_competition,cec2022,11,20,DE,7,4673341798346007264,1000000,1000000,3000.0000000000005,400.00000000000045,400.00000000000045,10.146253095997963
E2_cec2022_competition,cec2022,11,20,DE,8,5017428385935171916,1000000,1000000,2900.0,300.0,300.0,7.035513943003025
E2_cec2022_competition,cec2022,11,20,DE,9,3967513329437923960,1000000,1000000,2900.0,300.0,300.0,7.0344436159939505
E2_cec2022_competition,cec2022,11,20,DE,10,956140710818622991,1000000,1000000,2900.0,300.0,300.0,7.2185829899972305
E2_cec2022_competition,cec2022,11,20,DE,11,2536999750543619652,1000000,1000000,3000.0000000000005,400.00000000000045,400.00000000000045,8.24155494000297
E2_cec2022_competition,cec2022,11,20,DE,12,7008669168220436105,1000000,1000000,2900.0,300.0,300.0,7.77442510498804
E2_cec2022_competition,cec2022,11,20,DE,13,2125242654895876739,1000000,1000000,2900.0,300.0,300.0,10.599049126991304
E2_cec2022_competition,cec2022,11,20,DE,14,5282007729410348918,1000000,1000000,3000.0000000000005,400.00000000000045,400.00000000000045,10.619557401980273
E2_cec2022_competition,cec2022,11,20,DE,15,229021835646111210,1000000,1000000,2900.0,300.0,300.0,10.261639917007415
E2_cec2022_competition,cec2022,11,20,DE,16,3977356413695392906,1000000,1000000,3000.0000000000005,400.00000000000045,400.00000000000045,9.992431968013989
E2_cec2022_competition,cec2022,11,20,DE,17,7006181594602803555,1000000,1000000,2900.0,300.0,300.0,8.814840291015571
E2_cec2022_competition,cec2022,11,20,DE,18,7923196770564626782,1000000,1000000,3000.0000000000005,400.00000000000045,400.00000000000045,11.115080521994969
E2_cec2022_competition,cec2022,11,20,DE,19,8103231149696717316,1000000,1000000,3000.0000000000005,400.00000000000045,400.00000000000045,11.040361887979088
E2_cec2022_competition,cec2022,11,20,DE,20,7971551775499176182,1000000,1000000,3000.0000000000005,400.00000000000045,400.00000000000045,10.992255630000727
E2_cec2022_competition,cec2022,11,20,DE,21,4604381663979634800,1000000,1000000,3000.0000000000005,400.00000000000045,400.00000000000045,11.016722831001971
E2_cec2022_competition,cec2022,11,20,DE,22,4654040597642409876,1000000,1000000,3000.0000000000005,400.00000000000045,400.00000000000045,10.997118951985613
E2_cec2022_competition,cec2022,11,20,DE,23,7800164489032084236,1000000,1000000,2900.0000000000005,300.00000000000045,300.00000000000045,10.679607272002613
E2_cec2022_competition,cec2022,11,20,DE,24,4924283697126380878,1000000,1000000,3000.0000000000005,400.00000000000045,400.00000000000045,8.597779898991575
E2_cec2022_competition,cec2022,11,20,DE,25,8870265378830329493,1000000,1000000,3000.0000000000005,400.00000000000045,400.00000000000045,7.38377222098643
E2_cec2022_competition,cec2022,11,20,DE,26,4465969848980894375,1000000,1000000,3000.0000000000005,400.00000000000045,400.00000000000045,10.279950840980746
E2_cec2022_competition,cec2022,11,20,DE,27,263152745567624213,1000000,1000000,2900.0,300.0,300.0,10.60120086200186
E2_cec2022_competition,cec2022,11,20,DE,28,9185067758315105541,1000000,1000000,3000.0000000000005,400.00000000000045,400.00000000000045,10.924162292998517
E2_cec2022_competition,cec2022,11,20,DE,29,6749301861948685451,1000000,1000000,2900.0,300.0,300.0,10.55996648198925
E2_cec2022_competition,cec2022,10,20,jSO,0,1568742148871026144,1000000,1000000,2500.2187895426373,100.2187895426373,100.2187895426373,11.93179138598498
E2_cec2022_competition,cec2022,10,20,jSO,1,8684567992538267741,1000000,1000000,2500.243788894777,100.24378889477703,100.24378889477703,12.062309326982358
E2_cec2022_competition,cec2022,10,20,jSO,2,2033834290702487007,1000000,1000000,2500.2498129458645,100.2498129458645,100.2498129458645,12.104883480002172
E2_cec2022_competition,cec2022,10,20,jSO,3,5789525749865869135,1000000,1000000,2500.2710194318515,100.27101943185153,100.27101943185153,12.05309441301506
E2_cec2022_competition,cec2022,10,20,jSO,4,3899976916854990971,1000000,1000000,2500.2479753332054,100.24797533320543,100.24797533320543,12.097554673993727
E2_cec2022_competition,cec2022,10,20,jSO,5,2349509791700322495,1000000,1000000,2500.2163626292045,100.21636262920447,100.21636262920447,11.99367655799142
E2_cec2022_competition,cec2022,10,20,jSO,6,839418066441823823,1000000,1000000,2500.240683219358,100.24068321935783,100.24068321935783,11.782656196010066
E2_cec2022_competition,cec2022,10,20,jSO,7,7917446753065937397,1000000,1000000,2500.20201435279,100.20201435278977,100.20201435278977,8.789775870012818
E2_cec2022_competition,cec2022,10,20,jSO,8,4612257616868386872,1000000,1000000,2500.1913487971274,100.19134879712738,100.19134879712738,7.987342465989059
E2_cec2022_competition,cec2022,10,20,jSO,9,9221919068552652201,1000000,1000000,2500.1833814992033,100.18338149920328,100.18338149920328,10.620938742998987
E2_cec2022_competition,cec2022,10,20,jSO,10,2362596598753430910,1000000,1000000,2500.183826163996,100.18382616399595,100.18382616399595,9.795277622004505
E2_cec2022_competition,cec2022,10,20,jSO,11,8870899686767218988,1000000,1000000,2500.256273893449,100.2562738934489,100.2562738934489,11.751616337016458
E2_cec2022_competition,cec2022,10,20,jSO,12,227334242861196053,1000000,1000000,2500.245943081119,100.2459430811191,100.2459430811191,11.294716620002873
E2_cec2022_competition,cec2022,10,20,jSO,13,2661933667667815901,1000000,1000000,2500.2153867552097,100.21538675520969,100.21538675520969,10.500784500007285
E2_cec2022_competition,cec2022,10,20,jSO,14,8317819523097961696,1000000,1000000,2500.2209522565104,100.22095225651037,100.22095225651037,8.687875753996195
E2_cec2022_competition,cec2022,10,20,jSO,15,9216604746521661514,1000000,1000000,2500.215180292463,100.21518029246317,100.21518029246317,8.080291893013055
E2_cec2022_competition,cec2022,10,20,jSO,16,5873777678564192635,1000000,1000000,2500.2694344125866,100.26943441258663,100.26943441258663,8.113876874995185
E2_cec2022_competition,cec2022,10,20,jSO,17,7121421712507491486,1000000,1000000,2500.2073435319235,100.20734353192347,100.20734353192347,8.105518486991059
E2_cec2022_competition,cec2022,10,20,jSO,18,4723579949919568894,1000000,1000000,2500.1918791861676,100.19187918616763,100.19187918616763,7.995361125009367
E2_cec2022_competition,cec2022,10,20,jSO,19,7179057436766020048,1000000,1000000,2500.219233547429,100.21923354742921,100.21923354742921,8.305262330017285
E2_cec2022_competition,cec2022,10,20,jSO,20,3214234890140749305,1000000,1000000,2500.19208146256,100.19208146256005,100.19208146256005,10.934963652980514
E2_cec2022_competition,cec2022,10,20,jSO,21,5639875611763474076,1000000,1000000,2500.2739712183493,100.27397121834929,100.27397121834929,8.810074962995714
E2_cec2022_competition,cec2022,10,20,jSO,22,7049912639499433679,1000000,1000000,2500.2168469767794,100.21684697677938,100.21684697677938,8.048304586001905
E2_cec2022_competition,cec2022,10,20,jSO,23,7023182744828525933,1000000,1000000,2500.2029781681595,100.20297816815946,100.20297816815946,9.70499513699906
E2_cec2022_competition,cec2022,10,20,jSO,24,7250533629088495074,1000000,1000000,2500.2253128592642,100.22531285926425,100.22531285926425,10.567315797001356
E2_cec2022_competition,cec2022,10,20,jSO,25,5287965936405904729,1000000,1000000,2500.250456609707,100.25045660970682,100.25045660970682,8.552413059020182
E2_cec2022_competition,cec2022,10,20,jSO,26,7984381456383732638,1000000,1000000,2500.18708419661,100.18708419661016,100.18708419661016,11.30119655400631
E2_cec2022_competition,cec2022,10,20,jSO,27,3103586275488270045,1000000,1000000,2500.2279108727494,100.22791087274936,100.22791087274936,12.15630709999823
E2_cec2022_competition,cec2022,10,20,jSO,28,2821861092333303289,1000000,1000000,2500.2021358796246,100.20213587962462,100.20213587962462,9.751792971976101
E2_cec2022_competition,cec2022,10,20,jSO,29,4120514552968367886,1000000,1000000,2500.215295310876,100.21529531087617,100.21529531087617,12.41599902199232
E2_cec2022_competition,cec2022,10,20,LSHADE,0,1928642552099007389,1000000,1000000,2500.2637410223197,100.26374102231966,100.26374102231966,12.145879072020762
E2_cec2022_competition,cec2022,10,20,LSHADE,1,733054381004792479,1000000,1000000,2500.2794816476785,100.2794816476785,100.2794816476785,10.50699063099455
E2_cec2022_competition,cec2022,10,20,LSHADE,2,781065736499512924,1000000,1000000,2500.3205497697313,100.32054976973131,100.32054976973131,11.86140247399453
E2_cec2022_competition,cec2022,10,20,LSHADE,3,1869897098389082850,1000000,1000000,2500.24828599518,100.24828599518014,100.24828599518014,10.948187264992157
E2_cec2022_competition,cec2022,10,20,LSHADE,4,1735932156229068279,1000000,1000000,2500.2362948759096,100.2362948759096,100.2362948759096,10.272884217993123
E2_cec2022_competition,cec2022,10,20,LSHADE,5,3448510458094298673,1000000,1000000,2500.284374877181,100.28437487718111,100.28437487718111,12.006952498981263
E2_cec2022_competition,cec2022,10,20,LSHADE,6,1484334991837862755,1000000,1000000,2500.3044855338594,100.3044855338594,100.3044855338594,12.049296119017527
E2_cec2022_competition,cec2022,10,20,LSHADE,7,7041117901947749089,1000000,1000000,2500.2398299934093,100.23982999340933,100.23982999340933,11.83375314399018
E2_cec2022_competition,cec2022,10,20,LSHADE,8,6834405372690619553,1000000,1000000,2500.278804594437,100.27880459443713,100.27880459443713,11.821785106993048
E2_cec2022_competition,cec2022,10,20,LSHADE,9,6666285375270423632,1000000,1000000,2500.2640971992028,100.26409719920275,100.26409719920275,11.702653782005655
E2_cec2022_competition,cec2022,10,20,LSHADE,10,247676656595736242,1000000,1000000,2500.2565450231104,100.25654502311045,100.25654502311045,12.144970506982645
E2_cec2022_competition,cec2022,10,20,LSHADE,11,1954829098681857920,1000000,1000000,2500.2759540712254,100.27595407122544,100.27595407122544,12.06904309699894
E2_cec2022_competition,cec2022,10,20,LSHADE,12,8424538029974277697,1000000,1000000,2500.217218067463,100.21721806746291,100.21721806746291,12.047235643985914
E2_cec2022_competition,cec2022,10,20,LSHADE,13,2291390535089736662,1000000,1000000,2500.254924398266,100.25492439826621,100.25492439826621,12.126527125015855
E2_cec2022_competition,cec2022,10,20,LSHADE,14,1990110274844271380,1000000,1000000,2500.278114142,100.27811414200005,100.27811414200005,12.020934583997587
E2_cec2022_competition,cec2022,10,20,LSHADE,15,2269654379074678748,1000000,1000000,2500.2504330709144,100.25043307091437,100.25043307091437,11.977120335999643
E2_cec2022_competition,cec2022,10,20,LSHADE,16,5823105058939140095,1000000,1000000,2500.2729172583568,100.27291725835676,100.27291725835676,12.009764051996171
E2_cec2022_competition,cec2022,10,20,LSHADE,17,7979475566874910263,1000000,1000000,2500.2136113905735,100.21361139057353,100.21361139057353,12.07858955199481
E2_cec2022_competition,cec2022,10,20,LSHADE,18,6403064830801752841,1000000,1000000,2500.2328310616413,100.23283106164126,100.23283106164126,11.984245027997531
E2_cec2022_competition,cec2022,10,20,LSHADE,19,243418745166309617,1000000,1000000,2500.256730156835,100.25673015683515,100.25673015683515,11.940227689017775
E2_cec2022_competition,cec2022,10,20,LSHADE,20,3593321544542219999,1000000,1000000,2500.2539844959315,100.25398449593149,100.25398449593149,12.034900739003206
E2_cec2022_competition,cec2022,10,20,LSHADE,21,6506864044840935466,1000000,1000000,2500.284629864957,100.28462986495697,100.28462986495697,12.076006919000065
E2_cec2022_competition,cec2022,10,20,LSHADE,22,6394562279960167200,1000000,1000000,2500.312738101391,100.312738101391,100.312738101391,11.83691208800883
E2_cec2022_competition,cec2022,10,20,LSHADE,23,6959741327120836176,1000000,1000000,2500.263817228828,100.26381722882797,100.26381722882797,7.747722010011785
E2_cec2022_competition,cec2022,10,20,LSHADE,24,9173504955336476108,1000000,1000000,2500.2564969496275,100.25649694962749,100.25649694962749,7.664275126007851
E2_cec2022_competition,cec2022,10,20,LSHADE,25,3688839035203332834,1000000,1000000,2500.2869975303324,100.28699753033243,100.28699753033243,7.693315254000481
E2_cec2022_competition,cec2022,10,20,LSHADE,26,7829591956574317251,1000000,1000000,2500.2584420904213,100.25844209042134,100.25844209042134,7.804521132988157
E2_cec2022_competition,cec2022,10,20,LSHADE,27,876968458180987889,1000000,1000000,2500.3120387875456,100.31203878754559,100.31203878754559,7.634856727992883
E2_cec2022_competition,cec2022,10,20,LSHADE,28,2264373672033128497,1000000,1000000,2500.251576168325,100.25157616832485,100.25157616832485,7.5110595829901285
E2_cec2022_competition,cec2022,10,20,LSHADE,29,4754638402903361993,1000000,1000000,2500.259191438492,100.25919143849205,100.25919143849205,7.580049099982716
E2_cec2022_competition,cec2022,8,20,SHADE,0,2098732794378013313,1000000,1000000,2220.425247150101,20.42524715010086,20.42524715010086,13.941540987987537
E2_cec2022_competition,cec2022,8,20,SHADE,1,5654153681786744220,1000000,1000000,2220.4735257718985,20.473525771898494,20.473525771898494,15.627929010981461
E2_cec2022_competition,cec2022,8,20,SHADE,2,5857736715856179241,1000000,1000000,2220.535307185799,20.535307185798956,20.535307185798956,16.408708771021338
E2_cec2022_competition,cec2022,8,20,SHADE,3,7941300432665904903,1000000,1000000,2220.544202523116,20.544202523115928,20.544202523115928,16.43866246298421
E2_cec2022_competition,cec2022,8,20,SHADE,4,8823229128038025402,1000000,1000000,2220.3204808702894,20.32048087028943,20.32048087028943,16.452763601002516
E2_cec2022_competition,cec2022,8,20,SHADE,5,5069340636575281288,1000000,1000000,2220.4081335979877,20.40813359798767,20.40813359798767,16.422057507996215
E2_cec2022_competition,cec2022,8,20,SHADE,6,4835049815489641652,1000000,1000000,2220.1116731669,20.11167316689989,20.11167316689989,16.41336865100311
E2_cec2022_competition,cec2022,8,20,SHADE,7,153512873315766210,1000000,1000000,2220.569815358738,20.569815358738197,20.569815358738197,13.97529417698388
E2_cec2022_competition,cec2022,8,20,SHADE,8,8061907834909026627,1000000,1000000,2220.2898047480994,20.289804748099414,20.289804748099414,15.022900601004949
E2_cec2022_competition,cec2022,8,20,SHADE,9,4651155630594334749,1000000,1000000,2220.4201162565855,20.420116256585516,20.420116256585516,16.12304153002333
E2_cec2022_competition,cec2022,8,20,SHADE,10,8960784834616159819,1000000,1000000,2220.3891735371817,20.389173537181705,20.389173537181705,13.649345443001948
E2_cec2022_competition,cec2022,8,20,SHADE,11,1249645347975593931,1000000,1000000,2220.4344476250276,20.434447625027587,20.434447625027587,16.401682713010814
E2_cec2022_competition,cec2022,8,20,SHADE,12,6918489053669558260,1000000,1000000,2220.506068903668,20.506068903668165,20.506068903668165,16.330200079013593
E2_cec2022_competition,cec2022,8,20,SHADE,13,5004339074138700688,1000000,1000000,2219.233816189713,19.233816189712797,19.233816189712797,16.415883918991312
E2_cec2022_competition,cec2022,8,20,SHADE,14,7276964917044544190,1000000,1000000,2220.688017344125,20.688017344125,20.688017344125,16.479001512983814
E2_cec2022_competition,cec2022,8,20,SHADE,15,2101366341969119748,1000000,1000000,2220.5830494467805,20.58304944678048,20.58304944678048,16.39139311402687
E2_cec2022_competition,cec2022,8,20,SHADE,16,3752942977564811255,1000000,1000000,2218.3050964993276,18.305096499327647,18.305096499327647,16.417252785991877
E2_cec2022_competition,cec2022,8,20,SHADE,17,8461777812839574292,1000000,1000000,2220.6108491282357,20.610849128235714,20.610849128235714,16.380502878018888
E2_cec2022_competition,cec2022,8,20,SHADE,18,8893426271879057607,1000000,1000000,2220.376766933132,20.376766933131876,20.376766933131876,15.005716440005926
E2_cec2022_competition,cec2022,8,20,SHADE,19,3514863616478578840,1000000,1000000,2220.5045776357033,20.5045776357033,20.5045776357033,11.81337440101197
E2_cec2022_competition,cec2022,8,20,SHADE,20,7413194651245633983,1000000,1000000,2220.328075965631,20.328075965630887,20.328075965630887,15.196357038017595
E2_cec2022_competition,cec2022,8,20,SHADE,21,453136693926275441,1000000,1000000,2213.7836006620028,13.783600662002755,13.783600662002755,16.397661730996333
E2_cec2022_competition,cec2022,8,20,SHADE,22,5125404961957280347,1000000,1000000,2220.7278711506433,20.727871150643296,20.727871150643296,16.350772695004707
E2_cec2022_competition,cec2022,8,20,SHADE,23,2052575276185965346,1000000,1000000,2220.3498244449916,20.349824444991555,20.349824444991555,15.453801153984386
E2_cec2022_competition,cec2022,8,20,SHADE,24,6820886154542024173,1000000,1000000,2220.279287150993,20.279287150992786,20.279287150992786,15.28787759502302
E2_cec2022_competition,cec2022,8,20,SHADE,25,4346894375130454325,1000000,1000000,2220.4522003955753,20.452200395575346,20.452200395575346,15.541431615012698
E2_cec2022_competition,cec2022,8,20,SHADE,26,2244774087349273492,1000000,1000000,2220.429531779226,20.42953177922618,20.42953177922618,14.092630223021843
E2_cec2022_competition,cec2022,8,20,SHADE,27,6588454130528099141,1000000,1000000,2220.539325302478,20.53932530247812,20.53932530247812,15.626146547001554
E2_cec2022_competition,cec2022,8,20,SHADE,28,2996892494261866326,1000000,1000000,2220.5873112973086,20.587311297308588,20.587311297308588,15.82959283402306
E2_cec2022_competition,cec2022,8,20,SHADE,29,6417194641898691412,1000000,1000000,2220.4763500460504,20.476350046050356,20.476350046050356,15.702410950005287
E2_cec2022_competition,cec2022,11,20,SHADE,0,6319503772443191359,1000000,1000000,2900.0000000000005,300.00000000000045,300.00000000000045,8.920867667009588
E2_cec2022_competition,cec2022,11,20,SHADE,1,4925182856064486908,1000000,1000000,2900.0000000000005,300.00000000000045,300.00000000000045,8.716600401006872
E2_cec2022_competition,cec2022,11,20,SHADE,2,3258566208455771714,1000000,1000000,2900.0,300.0,300.0,11.828706598025747
E2_cec2022_competition,cec2022,11,20,SHADE,3,4619157131647591804,1000000,1000000,2900.0,300.0,300.0,8.008341751992702
E2_cec2022_competition,cec2022,11,20,SHADE,4,1846452778741819596,1000000,1000000,2900.0000000000005,300.00000000000045,300.00000000000045,8.86033746600151
E2_cec2022_competition,cec2022,11,20,SHADE,5,2765645399304738374,1000000,1000000,2900.0000000000005,300.00000000000045,300.00000000000045,7.881510745006381
E2_cec2022_competition,cec2022,11,20,SHADE,6,522821166080576630,1000000,1000000,2900.0,300.0,300.0,8.019532230013283
E2_cec2022_competition,cec2022,11,20,SHADE,7,8173027629585152871,1000000,1000000,2900.0000000000005,300.00000000000045,300.00000000000045,8.032312641007593
E2_cec2022_competition,cec2022,11,20,SHADE,8,5124243765648253247,1000000,1000000,2900.0,300.0,300.0,7.854087090003304
E2_cec2022_competition,cec2022,11,20,SHADE,9,2982024977272149712,1000000,1000000,3000.0000000000005,400.00000000000045,400.00000000000045,11.053161496005487
E2_cec2022_competition,cec2022,11,20,SHADE,10,4423437086203713592,1000000,1000000,2900.0,300.0,300.0,11.985952110990183
E2_cec2022_competition,cec2022,11,20,SHADE,11,2438631249720198865,1000000,1000000,2900.0,300.0,300.0,11.557481274008751
E2_cec2022_competition,cec2022,11,20,SHADE,12,6647731517780160841,1000000,1000000,2900.0000000000005,300.00000000000045,300.00000000000045,11.554693656013114
E2_cec2022_competition,cec2022,11,20,SHADE,13,8152495155148872484,1000000,1000000,3000.0000000000005,400.00000000000045,400.00000000000045,11.575171333999606
E2_cec2022_competition,cec2022,11,20,SHADE,14,939109202690321462,1000000,1000000,2900.0,300.0,300.0,11.968527899007313
E2_cec2022_competition,cec2022,11,20,SHADE,15,4379134147970650181,1000000,1000000,2900.0,300.0,300.0,11.81463163899025
E2_cec2022_competition,cec2022,11,20,SHADE,16,6003295526190725433,1000000,1000000,2900.0,300.0,300.0,7.89656612399267
E2_cec2022_competition,cec2022,11,20,SHADE,17,6558136682472963747,1000000,1000000,3000.0000000000005,400.00000000000045,400.00000000000045,11.291211825999198
E2_cec2022_competition,cec2022,11,20,SHADE,18,5617190181283418022,1000000,1000000,2900.0000000000005,300.00000000000045,300.00000000000045,9.567725442000665
E2_cec2022_competition,cec2022,11,20,SHADE,19,8655350718290286850,1000000,1000000,2900.0,300.0,300.0,8.157423871976789
E2_cec2022_competition,cec2022,11,20,SHADE,20,8220203971197322167,1000000,1000000,2900.0,300.0,300.0,8.07927877199836
E2_cec2022_competition,cec2022,11,20,SHADE,21,3797283798151614960,1000000,1000000,3000.0000000000005,400.00000000000045,400.00000000000045,11.113866545027122
E2_cec2022_competition,cec2022,11,20,SHADE,22,5490499872997040535,1000000,1000000,3000.0000000000005,400.00000000000045,400.00000000000045,12.029850345978048
E2_cec2022_competition,cec2022,11,20,SHADE,23,3265447997933340534,1000000,1000000,2900.0,300.0,300.0,11.741314445011085
E2_cec2022_competition,cec2022,11,20,SHADE,24,3070956378760671063,1000000,1000000,2900.0,300.0,300.0,11.90450268299901
E2_cec2022_competition,cec2022,11,20,SHADE,25,5340369960303735988,1000000,1000000,2900.0,300.0,300.0,11.840296456997748
E2_cec2022_competition,cec2022,11,20,SHADE,26,3338022649072653342,1000000,1000000,3000.0000000000005,400.00000000000045,400.00000000000045,12.195718289993238
E2_cec2022_competition,cec2022,11,20,SHADE,27,2124056988826029813,1000000,1000000,2900.0,300.0,300.0,11.886720641021384
E2_cec2022_competition,cec2022,11,20,SHADE,28,8672296219604967883,1000000,1000000,2900.0,300.0,300.0,11.806660617992748
E2_cec2022_competition,cec2022,11,20,SHADE,29,6924945370235916667,1000000,1000000,2900.0,300.0,300.0,11.774762170010945
E2_cec2022_competition,cec2022,8,20,LSHADE,0,2871925252991922296,1000000,1000000,2220.289630752225,20.289630752225094,20.289630752225094,16.496166488010203
E2_cec2022_competition,cec2022,8,20,LSHADE,1,6224037131875142738,1000000,1000000,2219.374288510993,19.37428851099321,19.37428851099321,15.57686773900059
E2_cec2022_competition,cec2022,8,20,LSHADE,2,931022510053422213,1000000,1000000,2219.365055588508,19.365055588507857,19.365055588507857,16.838973842008272
E2_cec2022_competition,cec2022,8,20,LSHADE,3,1035363149980360891,1000000,1000000,2220.419719020983,20.41971902098294,20.41971902098294,17.131879971013404
E2_cec2022_competition,cec2022,8,20,LSHADE,4,1353977443264655350,1000000,1000000,2219.791432751433,19.79143275143315,19.79143275143315,17.184064438013593
E2_cec2022_competition,cec2022,8,20,LSHADE,5,7507482971236008171,1000000,1000000,2218.735424825271,18.73542482527091,18.73542482527091,17.209601685986854
E2_cec2022_competition,cec2022,8,20,LSHADE,6,6990014477083879813,1000000,1000000,2219.7619040308236,19.761904030823644,19.761904030823644,17.281189226021525
E2_cec2022_competition,cec2022,8,20,LSHADE,7,485028425792018597,1000000,1000000,2220.3117619275486,20.31176192754856,20.31176192754856,17.197111198998755
E2_cec2022_competition,cec2022,8,20,LSHADE,8,5215661461628327078,1000000,1000000,2216.9599464964126,16.959946496412613,16.959946496412613,17.1539934760076
E2_cec2022_competition,cec2022,8,20,LSHADE,9,3026125132987479381,1000000,1000000,2219.1371834991714,19.137183499171442,19.137183499171442,17.108864662004635
E2_cec2022_competition,cec2022,8,20,LSHADE,10,2215299281535406462,1000000,1000000,2209.2129567890656,9.212956789065629,9.212956789065629,16.91676499901223
E2_cec2022_competition,cec2022,8,20,LSHADE,11,4423274204161290296,1000000,1000000,2219.2202458815104,19.220245881510436,19.220245881510436,17.119800273998408
E2_cec2022_competition,cec2022,8,20,LSHADE,12,1375758509456920241,1000000,1000000,2220.144970237163,20.144970237162852,20.144970237162852,17.195103925012518
E2_cec2022_competition,cec2022,8,20,LSHADE,13,2901510917452867835,1000000,1000000,2219.9497051987832,19.94970519878325,19.94970519878325,17.11109243100509
E2_cec2022_competition,cec2022,8,20,LSHADE,14,2891234726624110252,1000000,1000000,2220.2769118860624,20.276911886062408,20.276911886062408,17.205889182980172
E2_cec2022_competition,cec2022,8,20,LSHADE,15,5305052398457488988,1000000,1000000,2217.4420031603513,17.442003160351305,17.442003160351305,17.10331336100353
E2_cec2022_competition,cec2022,8,20,LSHADE,16,1825639023372725511,1000000,1000000,2220.375323637271,20.375323637270867,20.375323637270867,14.836386381997727
E2_cec2022_competition,cec2022,8,20,LSHADE,17,7615264920341693494,1000000,1000000,2220.021100881918,20.021100881917846,20.021100881917846,13.225762245012447
E2_cec2022_competition,cec2022,8,20,LSHADE,18,5841653923808867077,1000000,1000000,2220.2481426958157,20.24814269581566,20.24814269581566,12.24171287799254
E2_cec2022_competition,cec2022,8,20,LSHADE,19,7317001568626312055,1000000,1000000,2220.3350050552963,20.33500505529628,20.33500505529628,12.209858491987688
E2_cec2022_competition,cec2022,8,20,LSHADE,20,1977716007914805711,1000000,1000000,2220.283609680213,20.283609680212976,20.283609680212976,12.473323059006361
E2_cec2022_competition,cec2022,8,20,LSHADE,21,5208386443437282392,1000000,1000000,2215.6753326151884,15.675332615188381,15.675332615188381,12.255271279020235
E2_cec2022_competition,cec2022,8,20,LSHADE,22,1107809879799123433,1000000,1000000,2220.353648353498,20.3536483534981,20.3536483534981,16.436642284010304
E2_cec2022_competition,cec2022,8,20,LSHADE,23,6982556082706909167,1000000,1000000,2214.270306045651,14.270306045651068,14.270306045651068,17.063492802000837
E2_cec2022_competition,cec2022,8,20,LSHADE,24,2417334834325689483,1000000,1000000,2220.034471064562,20.034471064561785,20.034471064561785,16.888603738014353
E2_cec2022_competition,cec2022,8,20,LSHADE,25,8295960671651569395,1000000,1000000,2211.350354997927,11.350354997926843,11.350354997926843,16.989696910022758
E2_cec2022_competition,cec2022,8,20,LSHADE,26,7952952519968900946,1000000,1000000,2218.1387551407056,18.138755140705598,18.138755140705598,16.821424305991968
E2_cec2022_competition,cec2022,8,20,LSHADE,27,3699528796748393343,1000000,1000000,2219.662722836771,19.66272283677108,19.66272283677108,16.669416488002753
E2_cec2022_competition,cec2022,8,20,LSHADE,28,7126344627413592078,1000000,1000000,2218.4687407602914,18.46874076029144,18.46874076029144,16.623966211016523
E2_cec2022_competition,cec2022,8,20,LSHADE,29,7840665430951446401,1000000,1000000,2220.46739668414,20.467396684140112,20.467396684140112,16.62593476299662
E2_cec2022_competition,cec2022,2,20,HHO,0,2701246265410704760,1000000,1000000,473.93054231242024,73.93054231242024,73.93054231242024,28.54376666600001
E2_cec2022_competition,cec2022,2,20,HHO,1,6040880627295352072,1000000,1000000,449.20326485343344,49.20326485343344,49.20326485343344,36.89854880599887
E2_cec2022_competition,cec2022,2,20,HHO,2,3442201656292495500,1000000,1000000,469.54761400331745,69.54761400331745,69.54761400331745,29.55240001200582
E2_cec2022_competition,cec2022,2,20,HHO,3,4903968610294712683,1000000,1000000,449.4560315620951,49.45603156209512,49.45603156209512,20.918421808019048
E2_cec2022_competition,cec2022,2,20,HHO,4,5537030720050947025,1000000,1000000,473.46665782899856,73.46665782899856,73.46665782899856,20.277192170004128
E2_cec2022_competition,cec2022,2,20,HHO,5,5313106593480044958,1000000,1000000,449.2840579323904,49.2840579323904,49.2840579323904,27.660252795991255
E2_cec2022_competition,cec2022,2,20,HHO,6,1508945917421761271,1000000,1000000,475.10713862879754,75.10713862879754,75.10713862879754,20.047896039002808
E2_cec2022_competition,cec2022,2,20,HHO,7,4794647783249480611,1000000,1000000,449.5475119099529,49.5475119099529,49.5475119099529,29.587755215005018
E2_cec2022_competition,cec2022,2,20,HHO,8,498229807610661622,1000000,1000000,449.3158774680006,49.31587746800062,49.31587746800062,20.080013268016046
E2_cec2022_competition,cec2022,2,20,HHO,9,4382454917591944597,1000000,1000000,449.3559815548021,49.3559815548021,49.3559815548021,20.096949444006896
E2_cec2022_competition,cec2022,2,20,HHO,10,4255440833207622095,1000000,1000000,451.54430109147063,51.54430109147063,51.54430109147063,20.101756329997443
E2_cec2022_competition,cec2022,2,20,HHO,11,6619889556700932962,1000000,1000000,471.6296643370141,71.6296643370141,71.6296643370141,20.693370538996533
E2_cec2022_competition,cec2022,2,20,HHO,12,5704712669380512137,1000000,1000000,430.32021625232863,30.320216252328635,30.320216252328635,20.061183851008536
E2_cec2022_competition,cec2022,2,20,HHO,13,7958727544417882854,1000000,1000000,456.68051764645423,56.680517646454234,56.680517646454234,25.13532853400102
E2_cec2022_competition,cec2022,2,20,HHO,14,2153818925695137925,1000000,1000000,449.2246932787366,49.224693278736595,49.224693278736595,32.54516705599963
E2_cec2022_competition,cec2022,2,20,HHO,15,2370506604371853834,1000000,1000000,470.5984001222274,70.59840012222742,70.59840012222742,20.245445636013756
E2_cec2022_competition,cec2022,2,20,HHO,16,268218900503196276,1000000,1000000,449.3506675256737,49.350667525673714,49.350667525673714,20.0073521839804
E2_cec2022_competition,cec2022,2,20,HHO,17,6077447493870440625,1000000,1000000,473.6274114432156,73.62741144321558,73.62741144321558,19.889226817002054
E2_cec2022_competition,cec2022,2,20,HHO,18,2965266624462244097,1000000,1000000,509.83332768742025,109.83332768742025,109.83332768742025,26.686401727987686
E2_cec2022_competition,cec2022,2,20,HHO,19,6683811512309354961,1000000,1000000,472.22247663837555,72.22247663837555,72.22247663837555,29.836972449993482
E2_cec2022_competition,cec2022,2,20,HHO,20,6738285115480069034,1000000,1000000,445.03442705315825,45.034427053158254,45.034427053158254,20.998442165000597
E2_cec2022_competition,cec2022,2,20,HHO,21,3376297333980455192,1000000,1000000,473.3559680413319,73.35596804133189,73.35596804133189,25.30721602900303
E2_cec2022_competition,cec2022,2,20,HHO,22,6911220515890086952,1000000,1000000,449.2996672517806,49.29966725178059,49.29966725178059,32.637650608987315
E2_cec2022_competition,cec2022,2,20,HHO,23,2086957904336660047,1000000,1000000,449.34319623073225,49.34319623073225,49.34319623073225,26.54639964798116
E2_cec2022_competition,cec2022,2,20,HHO,24,8250566199428727524,1000000,1000000,449.22906397519705,49.22906397519705,49.22906397519705,38.935288562002825
E2_cec2022_competition,cec2022,2,20,HHO,25,4557261891832949904,1000000,1000000,475.9413017603626,75.94130176036259,75.94130176036259,27.558279763994506
E2_cec2022_competition,cec2022,2,20,HHO,26,3126530235192103242,1000000,1000000,471.9914231971786,71.99142319717862,71.99142319717862,19.82770812200033
E2_cec2022_competition,cec2022,2,20,HHO,27,8862420286442707340,1000000,1000000,472.57391821741646,72.57391821741646,72.57391821741646,19.374785914988024
E2_cec2022_competition,cec2022,2,20,HHO,28,7138073152460469009,1000000,1000000,449.1392740231895,49.1392740231895,49.1392740231895,19.07223730001715
E2_cec2022_competition,cec2022,2,20,HHO,29,5119957718475311369,1000000,1000000,470.5995736321163,70.59957363211629,70.59957363211629,18.89424086798681
E2_cec2022_competition,cec2022,8,20,jSO,0,291228370753681857,1000000,1000000,2220.3668038501132,20.36680385011323,20.36680385011323,17.68530555299367
E2_cec2022_competition,cec2022,8,20,jSO,1,7254633279557008394,1000000,1000000,2220.4158479138264,20.415847913826383,20.415847913826383,17.654837185982615
E2_cec2022_competition,cec2022,8,20,jSO,2,948003249874150154,1000000,1000000,2220.4840215195786,20.48402151957862,20.48402151957862,17.616659439983778
E2_cec2022_competition,cec2022,8,20,jSO,3,8939219761818348341,1000000,1000000,2201.1117891260337,1.1117891260337274,1.1117891260337274,17.69506750200526
E2_cec2022_competition,cec2022,8,20,jSO,4,5669143078060469682,1000000,1000000,2220.3635543330406,20.36355433304061,20.36355433304061,17.603124153014505
E2_cec2022_competition,cec2022,8,20,jSO,5,855582412104401470,1000000,1000000,2220.452158344844,20.452158344844065,20.452158344844065,17.714362491999054
E2_cec2022_competition,cec2022,8,20,jSO,6,5365249050955226712,1000000,1000000,2220.579689376919,20.57968937691885,20.57968937691885,16.367801123997197
E2_cec2022_competition,cec2022,8,20,jSO,7,3498344266964405562,1000000,1000000,2203.3642739874217,3.3642739874217114,3.3642739874217114,16.847103520995006
E2_cec2022_competition,cec2022,8,20,jSO,8,8884104296250854584,1000000,1000000,2220.4307972887323,20.430797288732265,20.430797288732265,16.744266137015074
E2_cec2022_competition,cec2022,8,20,jSO,9,7893146342254331154,1000000,1000000,2220.4035840355555,20.40358403555547,20.40358403555547,16.704562548024114
E2_cec2022_competition,cec2022,8,20,jSO,10,1651884647330526856,1000000,1000000,2220.4931358861068,20.493135886106757,20.493135886106757,17.047991066996474
E2_cec2022_competition,cec2022,8,20,jSO,11,6039090977410086450,1000000,1000000,2219.5697228753806,19.56972287538065,19.56972287538065,16.922385039011715
E2_cec2022_competition,cec2022,8,20,jSO,12,6177868465133961341,1000000,1000000,2203.594239722538,3.5942397225380773,3.5942397225380773,16.71763063900289
E2_cec2022_competition,cec2022,8,20,jSO,13,3121007718451098137,1000000,1000000,2207.59965187174,7.599651871740207,7.599651871740207,14.92449853697326
E2_cec2022_competition,cec2022,8,20,jSO,14,5778837602395529829,1000000,1000000,2218.0544763929447,18.054476392944707,18.054476392944707,17.227995786990505
E2_cec2022_competition,cec2022,8,20,jSO,15,4543521790328916074,1000000,1000000,2220.4530951856573,20.453095185657276,20.453095185657276,17.39816087001236
E2_cec2022_competition,cec2022,8,20,jSO,16,8884456649459486936,1000000,1000000,2219.898474469427,19.89847446942713,19.89847446942713,17.486820190999424
E2_cec2022_competition,cec2022,8,20,jSO,17,2670730979150868127,1000000,1000000,2217.0919569387265,17.091956938726526,17.091956938726526,17.556818040000508
E2_cec2022_competition,cec2022,8,20,jSO,18,686117137815105364,1000000,1000000,2201.1682080096157,1.1682080096156824,1.1682080096156824,17.480772518989397
E2_cec2022_competition,cec2022,8,20,jSO,19,1023550462933502832,1000000,1000000,2220.5051358328274,20.505135832827364,20.505135832827364,17.578142437007045
E2_cec2022_competition,cec2022,8,20,jSO,20,1166770774902318008,1000000,1000000,2220.3208350731516,20.320835073151557,20.320835073151557,17.46302591302083
E2_cec2022_competition,cec2022,8,20,jSO,21,4022784031645386019,1000000,1000000,2203.3265618987275,3.3265618987275047,3.3265618987275047,17.367958663002355
E2_cec2022_competition,cec2022,8,20,jSO,22,6139845042340044372,1000000,1000000,2210.7237496087578,10.723749608757771,10.723749608757771,17.378051943989703
E2_cec2022_competition,cec2022,8,20,jSO,23,1866765973492788427,1000000,1000000,2220.2074270145645,20.207427014564473,20.207427014564473,17.33061014098348
E2_cec2022_competition,cec2022,8,20,jSO,24,3645896165647468736,1000000,1000000,2220.21484009475,20.21484009474989,20.21484009474989,17.39958657399984
E2_cec2022_competition,cec2022,8,20,jSO,25,4020717612288148486,1000000,1000000,2213.082493957107,13.08249395710709,13.08249395710709,17.103105490998132
E2_cec2022_competition,cec2022,8,20,jSO,26,8253389433884699356,1000000,1000000,2211.093696056633,11.09369605663278,11.09369605663278,17.054246560990578
E2_cec2022_competition,cec2022,8,20,jSO,27,7718733705941872773,1000000,1000000,2220.535209571114,20.535209571114137,20.535209571114137,17.100790288008284
E2_cec2022_competition,cec2022,8,20,jSO,28,5058788797219761517,1000000,1000000,2204.9813878660234,4.981387866023397,4.981387866023397,17.11543534701923
E2_cec2022_competition,cec2022,8,20,jSO,29,2592582493245052650,1000000,1000000,2216.0491717354107,16.04917173541071,16.04917173541071,16.93430549799814
E2_cec2022_competition,cec2022,11,20,LSHADE,0,9170216301231040284,1000000,1000000,2900.0,300.0,300.0,8.469586679013446
E2_cec2022_competition,cec2022,11,20,LSHADE,1,3529377943104625038,1000000,1000000,2900.0,300.0,300.0,8.89583680900978
E2_cec2022_competition,cec2022,11,20,LSHADE,2,3475908947385492227,1000000,1000000,2900.0,300.0,300.0,10.301234502025181
E2_cec2022_competition,cec2022,11,20,LSHADE,3,7074823904124935007,1000000,1000000,2900.0,300.0,300.0,12.737259202025598
E2_cec2022_competition,cec2022,11,20,LSHADE,4,2622513470478901051,1000000,1000000,2900.0,300.0,300.0,8.612359574995935
E2_cec2022_competition,cec2022,11,20,LSHADE,5,4788727980992661654,1000000,1000000,2900.0,300.0,300.0,12.613182582019363
E2_cec2022_competition,cec2022,11,20,LSHADE,6,5737266729948165529,1000000,1000000,2900.0,300.0,300.0,9.265060339006595
E2_cec2022_competition,cec2022,11,20,LSHADE,7,3738992123462222213,1000000,1000000,2900.0000000000005,300.00000000000045,300.00000000000045,8.554442285007099
E2_cec2022_competition,cec2022,11,20,LSHADE,8,2094780876411483773,1000000,1000000,2900.0000000000005,300.00000000000045,300.00000000000045,9.169832329003839
E2_cec2022_competition,cec2022,11,20,LSHADE,9,937186977238171304,1000000,1000000,2900.0,300.0,300.0,11.40371685201535
E2_cec2022_competition,cec2022,11,20,LSHADE,10,2044538642197760116,1000000,1000000,2900.0000000000005,300.00000000000045,300.00000000000045,12.904222610988654
E2_cec2022_competition,cec2022,11,20,LSHADE,11,921951631025263863,1000000,1000000,2900.0,300.0,300.0,12.76022275199648
E2_cec2022_competition,cec2022,11,20,LSHADE,12,7372406654428613092,1000000,1000000,2900.0,300.0,300.0,11.934899485000642
E2_cec2022_competition,cec2022,11,20,LSHADE,13,1850268902647438696,1000000,1000000,2900.0,300.0,300.0,10.841566966992104
E2_cec2022_competition,cec2022,11,20,LSHADE,14,46904427386880726,1000000,1000000,2900.0,300.0,300.0,8.23658730200259
E2_cec2022_competition,cec2022,11,20,LSHADE,15,8582261392294228109,1000000,1000000,2900.0,300.0,300.0,10.777485443977639
E2_cec2022_competition,cec2022,11,20,LSHADE,16,960222081756298147,1000000,1000000,2900.0,300.0,300.0,12.07769551599631
E2_cec2022_competition,cec2022,11,20,LSHADE,17,8693943856067705125,1000000,1000000,2900.0000000000005,300.00000000000045,300.00000000000045,10.030797746003373
E2_cec2022_competition,cec2022,11,20,LSHADE,18,48998415717463467,1000000,1000000,2900.0000000000005,300.00000000000045,300.00000000000045,8.180085926986067
E2_cec2022_competition,cec2022,11,20,LSHADE,19,6604759660703644076,1000000,1000000,2900.0000000000005,300.00000000000045,300.00000000000045,8.251344119984424
E2_cec2022_competition,cec2022,11,20,LSHADE,20,5301009677643967911,1000000,1000000,2900.0000000000005,300.00000000000045,300.00000000000045,10.82484456099337
E2_cec2022_competition,cec2022,11,20,LSHADE,21,213881644014980645,1000000,1000000,2900.0000000000005,300.00000000000045,300.00000000000045,12.429818001022795
E2_cec2022_competition,cec2022,11,20,LSHADE,22,4253491168003173575,1000000,1000000,2900.0,300.0,300.0,12.441222291003214
E2_cec2022_competition,cec2022,11,20,LSHADE,23,7440487790201373882,1000000,1000000,2900.0,300.0,300.0,12.32644503400661
E2_cec2022_competition,cec2022,11,20,LSHADE,24,4227935383698896612,1000000,1000000,2900.0000000000005,300.00000000000045,300.00000000000045,12.405981332994998
E2_cec2022_competition,cec2022,11,20,LSHADE,25,3413684273374703605,1000000,1000000,2900.0000000000005,300.00000000000045,300.00000000000045,12.35578438299126
E2_cec2022_competition,cec2022,11,20,LSHADE,26,6122618032170717616,1000000,1000000,2900.0000000000005,300.00000000000045,300.00000000000045,12.189782797999214
E2_cec2022_competition,cec2022,11,20,LSHADE,27,5824926459342265181,1000000,1000000,2900.0,300.0,300.0,12.222262527007842
E2_cec2022_competition,cec2022,11,20,LSHADE,28,8366094285885770480,1000000,1000000,2900.0000000000005,300.00000000000045,300.00000000000045,12.190000116010197
E2_cec2022_competition,cec2022,11,20,LSHADE,29,5732545784875149411,1000000,1000000,2900.0000000000005,300.00000000000045,300.00000000000045,12.273984267027117
E2_cec2022_competition,cec2022,11,20,jSO,0,5333221330799500679,1000000,1000000,2900.0,300.0,300.0,13.550282899988815
E2_cec2022_competition,cec2022,11,20,jSO,1,3019871073018483198,1000000,1000000,2900.0,300.0,300.0,13.49022333099856
E2_cec2022_competition,cec2022,11,20,jSO,2,974780201721378828,1000000,1000000,2900.0,300.0,300.0,13.50284947300679
E2_cec2022_competition,cec2022,11,20,jSO,3,7064639935048127072,1000000,1000000,2900.0,300.0,300.0,13.54840571800014
E2_cec2022_competition,cec2022,11,20,jSO,4,6906161419318572251,1000000,1000000,2900.0,300.0,300.0,13.528711169987218
E2_cec2022_competition,cec2022,11,20,jSO,5,1847107056429995693,1000000,1000000,2900.0,300.0,300.0,13.546929169999203
E2_cec2022_competition,cec2022,11,20,jSO,6,950380408720740331,1000000,1000000,2900.0,300.0,300.0,13.530069887987338
E2_cec2022_competition,cec2022,11,20,jSO,7,3361882333260797966,1000000,1000000,2900.0,300.0,300.0,13.579099678987404
E2_cec2022_competition,cec2022,11,20,jSO,8,7986417199096789981,1000000,1000000,2900.0,300.0,300.0,13.419964002008783
E2_cec2022_competition,cec2022,11,20,jSO,9,6756290108822504641,1000000,1000000,2900.0,300.0,300.0,10.871706126024947
E2_cec2022_competition,cec2022,11,20,jSO,10,4097915030631537371,1000000,1000000,2900.0,300.0,300.0,12.315973453019978
E2_cec2022_competition,cec2022,11,20,jSO,11,4605617644119454212,1000000,1000000,2900.0,300.0,300.0,13.162894028006122
E2_cec2022_competition,cec2022,11,20,jSO,12,7579766306898286539,1000000,1000000,2900.0,300.0,300.0,9.124419511994347
E2_cec2022_competition,cec2022,11,20,jSO,13,2724035959670214448,1000000,1000000,2900.0,300.0,300.0,8.281680660002166
E2_cec2022_competition,cec2022,11,20,jSO,14,7415879034584214367,1000000,1000000,2900.0,300.0,300.0,8.25975091799046
E2_cec2022_competition,cec2022,11,20,jSO,15,5018245515461339716,1000000,1000000,2900.0,300.0,300.0,8.41790914098965
E2_cec2022_competition,cec2022,11,20,jSO,16,9083299189138164779,1000000,1000000,2900.0,300.0,300.0,8.33755077997921
E2_cec2022_competition,cec2022,11,20,jSO,17,7827814097316256691,1000000,1000000,3000.0000000000005,400.00000000000045,400.00000000000045,8.722610263008391
E2_cec2022_competition,cec2022,11,20,jSO,18,5901523607417149404,1000000,1000000,2900.0,300.0,300.0,8.392430973995943
E2_cec2022_competition,cec2022,11,20,jSO,19,8314666631559533129,1000000,1000000,3000.0000000000005,400.00000000000045,400.00000000000045,8.613646779995179
E2_cec2022_competition,cec2022,11,20,jSO,20,8664085222982746109,1000000,1000000,2900.0,300.0,300.0,8.267036222998286
E2_cec2022_competition,cec2022,11,20,jSO,21,2561829315182288946,1000000,1000000,2900.0,300.0,300.0,8.236904546996811
E2_cec2022_competition,cec2022,11,20,jSO,22,2350892380459575835,1000000,1000000,2900.0,300.0,300.0,8.254737874987768
E2_cec2022_competition,cec2022,11,20,jSO,23,7292849990105645606,1000000,1000000,2900.0,300.0,300.0,8.293066384998383
E2_cec2022_competition,cec2022,11,20,jSO,24,6803742582503523669,1000000,1000000,2900.0,300.0,300.0,8.228538155002752
E2_cec2022_competition,cec2022,11,20,jSO,25,811455782800938129,1000000,1000000,2900.0,300.0,300.0,8.250491149985464
E2_cec2022_competition,cec2022,11,20,jSO,26,2767362821741976324,1000000,1000000,2900.0,300.0,300.0,8.247787810018053
E2_cec2022_competition,cec2022,11,20,jSO,27,8459176721102731696,1000000,1000000,2900.0,300.0,300.0,8.236083608004265
E2_cec2022_competition,cec2022,11,20,jSO,28,6207018351534778968,1000000,1000000,2900.0,300.0,300.0,8.250885299989022
E2_cec2022_competition,cec2022,11,20,jSO,29,2141225049862653003,1000000,1000000,2900.0,300.0,300.0,8.193759043002501
E2_cec2022_competition,cec2022,12,20,DE,0,5063314987189638518,1000000,1000000,2938.858797748419,238.85879774841897,238.85879774841897,11.114226531004533
E2_cec2022_competition,cec2022,12,20,DE,1,2892449323801337242,1000000,1000000,2941.1076738828456,241.10767388284557,241.10767388284557,11.096279467979912
E2_cec2022_competition,cec2022,12,20,DE,2,4068942310923591811,1000000,1000000,2937.1170098048356,237.11700980483556,237.11700980483556,9.816997429996263
E2_cec2022_competition,cec2022,12,20,DE,3,3179367663407880758,1000000,1000000,2936.669562028329,236.66956202832898,236.66956202832898,10.79528872598894
E2_cec2022_competition,cec2022,12,20,DE,4,3504116851804805109,1000000,1000000,2935.289725286898,235.28972528689792,235.28972528689792,11.609901755000465
E2_cec2022_competition,cec2022,12,20,DE,5,2521604441743763528,1000000,1000000,2933.974300946189,233.97430094618903,233.97430094618903,11.582153589988593
E2_cec2022_competition,cec2022,12,20,DE,6,6210892373885174418,1000000,1000000,2942.1145930282437,242.1145930282437,242.1145930282437,11.618710806971649
E2_cec2022_competition,cec2022,12,20,DE,7,9052735969379450879,1000000,1000000,2943.5417972923224,243.54179729232237,243.54179729232237,9.30437996800174
E2_cec2022_competition,cec2022,12,20,DE,8,1579684849405437666,1000000,1000000,2947.155114694988,247.1551146949878,247.1551146949878,7.882361300988123
E2_cec2022_competition,cec2022,12,20,DE,9,7387982009326781128,1000000,1000000,2933.9839607382737,233.9839607382737,233.9839607382737,11.294057373015676
E2_cec2022_competition,cec2022,12,20,DE,10,8284851656227621385,1000000,1000000,2943.833031461442,243.8330314614418,243.8330314614418,10.932600200001616
E2_cec2022_competition,cec2022,12,20,DE,11,7005055054772356750,1000000,1000000,2935.6549204112753,235.65492041127527,235.65492041127527,7.958238418010296
E2_cec2022_competition,cec2022,12,20,DE,12,7080211458586659936,1000000,1000000,2936.4053205056744,236.40532050567435,236.40532050567435,7.287025040976005
E2_cec2022_competition,cec2022,12,20,DE,13,1091860932242696798,1000000,1000000,2938.7908290813502,238.79082908135024,238.79082908135024,7.27290013799211
E2_cec2022_competition,cec2022,12,20,DE,14,3019932239229620416,1000000,1000000,2940.9059079635153,240.90590796351535,240.90590796351535,7.593786687008105
E2_cec2022_competition,cec2022,12,20,DE,15,8103466173961197195,1000000,1000000,2933.974300946189,233.97430094618903,233.97430094618903,7.290520206006477
E2_cec2022_competition,cec2022,12,20,DE,16,2320961114185678071,1000000,1000000,2935.6549204112753,235.65492041127527,235.65492041127527,7.24668130101054
E2_cec2022_competition,cec2022,12,20,DE,17,3039577797464819730,1000000,1000000,2943.6476847084646,243.64768470846457,243.64768470846457,7.356890712020686
E2_cec2022_competition,cec2022,12,20,DE,18,1946224836075499452,1000000,1000000,2933.57409951679,233.57409951678983,233.57409951678983,7.28823617202579
E2_cec2022_competition,cec2022,12,20,DE,19,6532865610834034039,1000000,1000000,2941.543758027711,241.5437580277112,241.5437580277112,7.395006672013551
E2_cec2022_competition,cec2022,12,20,DE,20,6607274991844334590,1000000,1000000,2940.83013882695,240.83013882695013,240.83013882695013,7.340986360999523
E2_cec2022_competition,cec2022,12,20,DE,21,2094911757848480516,1000000,1000000,2938.684014441007,238.6840144410071,238.6840144410071,7.292966775014065
E2_cec2022_competition,cec2022,12,20,DE,22,6591697311403154461,1000000,1000000,2940.83013882695,240.83013882695013,240.83013882695013,7.339828388998285
E2_cec2022_competition,cec2022,12,20,DE,23,630240049240813227,1000000,1000000,2932.847049259127,232.84704925912683,232.84704925912683,7.316919500997756
E2_cec2022_competition,cec2022,12,20,DE,24,1666045296730465215,1000000,1000000,2941.633434067362,241.63343406736203,241.63343406736203,7.386661458993331
E2_cec2022_competition,cec2022,12,20,DE,25,8816248091557510611,1000000,1000000,2939.3294598817397,239.3294598817397,239.3294598817397,7.450518992001889
E2_cec2022_competition,cec2022,12,20,DE,26,9215323932697104555,1000000,1000000,2931.7372246644395,231.7372246644395,231.7372246644395,7.449137170013273
E2_cec2022_competition,cec2022,12,20,DE,27,6655325232386133698,1000000,1000000,2939.571652707699,239.57165270769883,239.57165270769883,7.404802634991938
E2_cec2022_competition,cec2022,12,20,DE,28,8972167064762768617,1000000,1000000,2944.4329801808653,244.43298018086534,244.43298018086534,7.2973410889972
E2_cec2022_competition,cec2022,12,20,DE,29,4081902915950159831,1000000,1000000,2936.0598364666475,236.05983646664754,236.05983646664754,7.3370597469911445
E2_cec2022_competition,cec2022,12,20,SHADE,0,6064321422526582800,1000000,1000000,2931.2230932447524,231.22309324475236,231.22309324475236,8.726788489992032
E2_cec2022_competition,cec2022,12,20,SHADE,1,3649864786277375482,1000000,1000000,2939.7291578298896,239.72915782988957,239.72915782988957,8.968970770016313
E2_cec2022_competition,cec2022,12,20,SHADE,2,828030592949105986,1000000,1000000,2933.0995545097844,233.0995545097844,233.0995545097844,12.09836458301288
E2_cec2022_competition,cec2022,12,20,SHADE,3,4528487724588495647,1000000,1000000,2936.441793054343,236.44179305434318,236.44179305434318,12.838035238004522
E2_cec2022_competition,cec2022,12,20,SHADE,4,1744268225617942835,1000000,1000000,2931.5064121571713,231.50641215717133,231.50641215717133,12.928969266009517
E2_cec2022_competition,cec2022,12,20,SHADE,5,4532254979847887194,1000000,1000000,2932.9293418180278,232.92934181802775,232.92934181802775,9.43240822001826
E2_cec2022_competition,cec2022,12,20,SHADE,6,1435873341743213432,1000000,1000000,2932.844328117818,232.8443281178179,232.8443281178179,8.487330760020996
E2_cec2022_competition,cec2022,12,20,SHADE,7,6414685309389086210,1000000,1000000,2939.06545976472,239.0654597647199,239.0654597647199,9.437489279021975
E2_cec2022_competition,cec2022,12,20,SHADE,8,6892967495347757231,1000000,1000000,2936.160755171295,236.16075517129502,236.16075517129502,9.54306947698933
E2_cec2022_competition,cec2022,12,20,SHADE,9,4744367161600571270,1000000,1000000,2932.609434924202,232.6094349242021,232.6094349242021,8.189957663009409
E2_cec2022_competition,cec2022,12,20,SHADE,10,1126465174293456229,1000000,1000000,2942.350471178351,242.3504711783512,242.3504711783512,8.217015422997065
E2_cec2022_competition,cec2022,12,20,SHADE,11,3517701251717025920,1000000,1000000,2931.7372246644395,231.7372246644395,231.7372246644395,8.265775988023961
E2_cec2022_competition,cec2022,12,20,SHADE,12,5049573313643780527,1000000,1000000,2931.253761142082,231.2537611420821,231.2537611420821,8.149444726994261
E2_cec2022_competition,cec2022,12,20,SHADE,13,2221635030416821898,1000000,1000000,2940.9059079635153,240.90590796351535,240.90590796351535,8.181012724991888
E2_cec2022_competition,cec2022,12,20,SHADE,14,2655295490290872711,1000000,1000000,2931.806737369754,231.80673736975405,231.80673736975405,8.245403667999199
E2_cec2022_competition,cec2022,12,20,SHADE,15,447133580803883900,1000000,1000000,2933.974300946189,233.97430094618903,233.97430094618903,8.053391647990793
E2_cec2022_competition,cec2022,12,20,SHADE,16,5759853277115428914,1000000,1000000,2932.49898605702,232.49898605701992,232.49898605701992,8.143073956976878
E2_cec2022_competition,cec2022,12,20,SHADE,17,6915695392957682075,1000000,1000000,2941.706617669298,241.70661766929788,241.70661766929788,8.015817532985238
E2_cec2022_competition,cec2022,12,20,SHADE,18,1253233944685805479,1000000,1000000,2932.064225989731,232.06422598973086,232.06422598973086,7.9798775340022985
E2_cec2022_competition,cec2022,12,20,SHADE,19,6226952099621234803,1000000,1000000,2938.5322968277346,238.53229682773463,238.53229682773463,9.397641960997134
E2_cec2022_competition,cec2022,12,20,SHADE,20,590378556823865090,1000000,1000000,2932.2603145167996,232.26031451679955,232.26031451679955,8.01041332699242
E2_cec2022_competition,cec2022,12,20,SHADE,21,8174248708468512403,1000000,1000000,2940.2595534010384,240.25955340103837,240.25955340103837,8.016161858977284
E2_cec2022_competition,cec2022,12,20,SHADE,22,8231102775776172891,1000000,1000000,2931.9367065727524,231.93670657275243,231.93670657275243,9.832514694979182
E2_cec2022_competition,cec2022,12,20,SHADE,23,2602122718684218393,1000000,1000000,2931.975801740024,231.97580174002405,231.97580174002405,8.290701599995373
E2_cec2022_competition,cec2022,12,20,SHADE,24,2071703647242200371,1000000,1000000,2932.8466579156952,232.84665791569523,232.84665791569523,7.994871958013391
E2_cec2022_competition,cec2022,12,20,SHADE,25,2574225716891902308,1000000,1000000,2931.959346017482,231.95934601748195,231.95934601748195,9.058771401003469
E2_cec2022_competition,cec2022,12,20,SHADE,26,8821297101461176682,1000000,1000000,2934.232278192973,234.2322781929729,234.2322781929729,8.01225899902056
E2_cec2022_competition,cec2022,12,20,SHADE,27,8024505092852659438,1000000,1000000,2932.4577019655744,232.45770196557442,232.45770196557442,8.005313611996826
E2_cec2022_competition,cec2022,12,20,SHADE,28,9017156741576857547,1000000,1000000,2942.1618268950924,242.16182689509242,242.16182689509242,8.078044737980235
E2_cec2022_competition,cec2022,12,20,SHADE,29,6993094689536972500,1000000,1000000,2934.6860552284347,234.68605522843472,234.68605522843472,7.921072067983914
E2_cec2022_competition,cec2022,1,20,HHO,0,6743465233476273986,1000000,1000000,300.3840086270504,0.3840086270503775,0.3840086270503775,29.37318604599568
E2_cec2022_competition,cec2022,1,20,HHO,1,6935541132143353948,1000000,1000000,302.98496184334965,2.9849618433496516,2.9849618433496516,35.943646579020424
E2_cec2022_competition,cec2022,1,20,HHO,2,1329782351301400466,1000000,1000000,300.74760269757974,0.7476026975797367,0.7476026975797367,30.66052280200529
E2_cec2022_competition,cec2022,1,20,HHO,3,4485782640017437350,1000000,1000000,300.34904375439373,0.34904375439373325,0.34904375439373325,26.269571254990296
E2_cec2022_competition,cec2022,1,20,HHO,4,204660438815502550,1000000,1000000,302.39831887146687,2.39831887146687,2.39831887146687,20.314014685020084
E2_cec2022_competition,cec2022,1,20,HHO,5,8858004653049068296,1000000,1000000,300.9434149765194,0.9434149765194206,0.9434149765194206,21.74544005500502
E2_cec2022_competition,cec2022,1,20,HHO,6,6218966427596921896,1000000,1000000,300.60341812001866,0.6034181200186595,0.6034181200186595,22.736764355009655
E2_cec2022_competition,cec2022,1,20,HHO,7,4254235021031635579,1000000,1000000,300.9996854860602,0.9996854860601729,0.9996854860601729,34.11563399399165
E2_cec2022_competition,cec2022,1,20,HHO,8,4610952593000738427,1000000,1000000,301.85793051015827,1.857930510158269,1.857930510158269,24.62881184500293
E2_cec2022_competition,cec2022,1,20,HHO,9,5228938418562991583,1000000,1000000,300.65161865526863,0.6516186552686349,0.6516186552686349,22.713800615019863
E2_cec2022_competition,cec2022,1,20,HHO,10,7903479793764426448,1000000,1000000,303.0202999737043,3.0202999737043115,3.0202999737043115,19.927263658988522
E2_cec2022_competition,cec2022,1,20,HHO,11,8419804251384729772,1000000,1000000,301.6270169775137,1.6270169775136765,1.6270169775136765,24.547732410981553
E2_cec2022_competition,cec2022,1,20,HHO,12,4024893557767569202,1000000,1000000,300.4530161971341,0.45301619713410446,0.45301619713410446,26.398026447976008
E2_cec2022_competition,cec2022,1,20,HHO,13,7323811757256231368,1000000,1000000,301.1031616252851,1.1031616252851109,1.1031616252851109,39.55388174398104
E2_cec2022_competition,cec2022,1,20,HHO,14,5129957087064980652,1000000,1000000,301.0499444680143,1.0499444680143029,1.0499444680143029,29.180380756995874
E2_cec2022_competition,cec2022,1,20,HHO,15,7146966911313849,1000000,1000000,300.3882756887211,0.3882756887210803,0.3882756887210803,34.65301690599881
E2_cec2022_competition,cec2022,1,20,HHO,16,8413464676227556565,1000000,1000000,301.50917083999997,1.5091708399999675,1.5091708399999675,38.25539626699174
E2_cec2022_competition,cec2022,1,20,HHO,17,7394106708214668894,1000000,1000000,300.97053462181543,0.9705346218154318,0.9705346218154318,38.48622152599273
E2_cec2022_competition,cec2022,1,20,HHO,18,8835123219036168015,1000000,1000000,301.12955011034836,1.1295501103483616,1.1295501103483616,38.17752029199619
E2_cec2022_competition,cec2022,1,20,HHO,19,1632776450827304377,1000000,1000000,300.3926731104045,0.3926731104044734,0.3926731104044734,38.6697069730144
E2_cec2022_competition,cec2022,1,20,HHO,20,3025200558711254370,1000000,1000000,300.7120220755951,0.7120220755950868,0.7120220755950868,35.40103288501268
E2_cec2022_competition,cec2022,1,20,HHO,21,5786830834195151460,1000000,1000000,300.405835339926,0.40583533992599996,0.40583533992599996,31.134723910014145
E2_cec2022_competition,cec2022,1,20,HHO,22,4444172308906423604,1000000,1000000,301.89020712841887,1.890207128418865,1.890207128418865,30.70323725801427
E2_cec2022_competition,cec2022,1,20,HHO,23,5122852512450003113,1000000,1000000,301.47028530500353,1.4702853050035287,1.4702853050035287,29.774002172023756
E2_cec2022_competition,cec2022,1,20,HHO,24,1219968892995442011,1000000,1000000,300.7476436511901,0.747643651190117,0.747643651190117,30.81390498697874
E2_cec2022_competition,cec2022,1,20,HHO,25,1487739446255818601,1000000,1000000,302.9025419794957,2.902541979495709,2.902541979495709,30.22388393600704
E2_cec2022_competition,cec2022,1,20,HHO,26,6610633307913358858,1000000,1000000,300.4841904509165,0.4841904509165147,0.4841904509165147,29.851277220004704
E2_cec2022_competition,cec2022,1,20,HHO,27,4840702125199356346,1000000,1000000,300.77143479948586,0.7714347994858599,0.7714347994858599,19.932064213004196
E2_cec2022_competition,cec2022,1,20,HHO,28,9148183430271647953,1000000,1000000,302.20724714120104,2.2072471412010373,2.2072471412010373,19.055225492978934
E2_cec2022_competition,cec2022,1,20,HHO,29,6168547897904963867,1000000,1000000,301.06897096669076,1.068970966690756,1.068970966690756,19.77732779699727
E2_cec2022_competition,cec2022,12,20,LSHADE,0,7975505006906777721,1000000,1000000,2935.6964080742605,235.6964080742605,235.6964080742605,12.29773291098536
E2_cec2022_competition,cec2022,12,20,LSHADE,1,8219021888852709711,1000000,1000000,2932.2603145168,232.2603145168,232.2603145168,12.947037664998788
E2_cec2022_competition,cec2022,12,20,LSHADE,2,5403373593893704524,1000000,1000000,2937.7192027824062,237.71920278240623,237.71920278240623,12.740464083006373
E2_cec2022_competition,cec2022,12,20,LSHADE,3,5877059980384052306,1000000,1000000,2933.974300946189,233.97430094618903,233.97430094618903,13.254457566014025
E2_cec2022_competition,cec2022,12,20,LSHADE,4,103680050183143712,1000000,1000000,2933.974300946189,233.97430094618903,233.97430094618903,8.978381280001486
E2_cec2022_competition,cec2022,12,20,LSHADE,5,6273627152276145332,1000000,1000000,2933.9839607382737,233.9839607382737,233.9839607382737,9.394500939990394
E2_cec2022_competition,cec2022,12,20,LSHADE,6,4217068375426885037,1000000,1000000,2931.9506376332592,231.95063763325925,231.95063763325925,12.423245885001961
E2_cec2022_competition,cec2022,12,20,LSHADE,7,2553924548507119957,1000000,1000000,2932.49898605702,232.49898605701992,232.49898605701992,9.343082599021727
E2_cec2022_competition,cec2022,12,20,LSHADE,8,8744637891974594858,1000000,1000000,2937.1170098048356,237.11700980483556,237.11700980483556,8.513156608998543
E2_cec2022_competition,cec2022,12,20,LSHADE,9,680448393723732101,1000000,1000000,2933.9839607382737,233.9839607382737,233.9839607382737,8.616963950975332
E2_cec2022_competition,cec2022,12,20,LSHADE,10,1256720138506688701,1000000,1000000,2933.974300946189,233.97430094618903,233.97430094618903,8.570523937989492
E2_cec2022_competition,cec2022,12,20,LSHADE,11,6121270145128485264,1000000,1000000,2935.6964080742605,235.6964080742605,235.6964080742605,8.745479927980341
E2_cec2022_competition,cec2022,12,20,LSHADE,12,2441690456419230805,1000000,1000000,2932.2727237162726,232.2727237162726,232.2727237162726,8.445061688980786
E2_cec2022_competition,cec2022,12,20,LSHADE,13,640813769543822953,1000000,1000000,2933.9839607382737,233.9839607382737,233.9839607382737,8.37566196199623
E2_cec2022_competition,cec2022,12,20,LSHADE,14,1313700012118450682,1000000,1000000,2938.5491354382384,238.5491354382384,238.5491354382384,8.391835587011883
E2_cec2022_competition,cec2022,12,20,LSHADE,15,3810513361739968502,1000000,1000000,2933.974300946189,233.97430094618903,233.97430094618903,8.613580295001157
E2_cec2022_competition,cec2022,12,20,LSHADE,16,5111233822934142470,1000000,1000000,2933.9839607382737,233.9839607382737,233.9839607382737,8.390546861017356
E2_cec2022_competition,cec2022,12,20,LSHADE,17,8422123341664788276,1000000,1000000,2933.9839607382737,233.9839607382737,233.9839607382737,8.46697770501487
E2_cec2022_competition,cec2022,12,20,LSHADE,18,3099970986332186094,1000000,1000000,2937.7192027824062,237.71920278240623,237.71920278240623,8.534847712988267
E2_cec2022_competition,cec2022,12,20,LSHADE,19,6900618187662508552,1000000,1000000,2933.974300946189,233.97430094618903,233.97430094618903,8.6023592389829
E2_cec2022_competition,cec2022,12,20,LSHADE,20,8833529691508893124,1000000,1000000,2931.9506376332592,231.95063763325925,231.95063763325925,8.655225044989493
E2_cec2022_competition,cec2022,12,20,LSHADE,21,3374132807282572828,1000000,1000000,2932.4577019655744,232.45770196557442,232.45770196557442,8.405554959987057
E2_cec2022_competition,cec2022,12,20,LSHADE,22,4748387531349525386,1000000,1000000,2932.4577019655744,232.45770196557442,232.45770196557442,8.486189458984882
E2_cec2022_competition,cec2022,12,20,LSHADE,23,7345555616528529042,1000000,1000000,2931.9506376332592,231.95063763325925,231.95063763325925,8.388734612002736
E2_cec2022_competition,cec2022,12,20,LSHADE,24,734742007230801219,1000000,1000000,2933.9839607382737,233.9839607382737,233.9839607382737,8.390200200024992
E2_cec2022_competition,cec2022,12,20,LSHADE,25,6673819438504694636,1000000,1000000,2933.974300946189,233.97430094618903,233.97430094618903,8.296362947992748
E2_cec2022_competition,cec2022,12,20,LSHADE,26,8682782500573840036,1000000,1000000,2933.974300946189,233.97430094618903,233.97430094618903,8.301955908013042
E2_cec2022_competition,cec2022,12,20,LSHADE,27,1076406264277773568,1000000,1000000,2934.8571801466433,234.85718014664326,234.85718014664326,8.354639041004702
E2_cec2022_competition,cec2022,12,20,LSHADE,28,6124497013693498308,1000000,1000000,2933.974300946189,233.97430094618903,233.97430094618903,8.371440102986526
E2_cec2022_competition,cec2022,12,20,LSHADE,29,993814323197118466,1000000,1000000,2933.974300946189,233.97430094618903,233.97430094618903,8.551726520992815
E2_cec2022_competition,cec2022,12,20,jSO,0,8586911732080741093,1000000,1000000,2932.4577019655744,232.45770196557442,232.45770196557442,11.30719677801244
E2_cec2022_competition,cec2022,12,20,jSO,1,3302402642747568013,1000000,1000000,2931.857809657298,231.85780965729782,231.85780965729782,11.044845168013126
E2_cec2022_competition,cec2022,12,20,jSO,2,3884406546809572250,1000000,1000000,2931.9506376332592,231.95063763325925,231.95063763325925,13.429780553997261
E2_cec2022_competition,cec2022,12,20,jSO,3,2676871111441097789,1000000,1000000,2932.2603145167996,232.26031451679955,232.26031451679955,11.979161753988592
E2_cec2022_competition,cec2022,12,20,jSO,4,91355640670367017,1000000,1000000,2932.024040037109,232.024040037109,232.024040037109,12.937422891001916
E2_cec2022_competition,cec2022,12,20,jSO,5,867932814094874400,1000000,1000000,2931.975801740024,231.97580174002405,231.97580174002405,11.865368050988764
E2_cec2022_competition,cec2022,12,20,jSO,6,6702731510171278443,1000000,1000000,2934.66582658946,234.6658265894598,234.6658265894598,9.118530615989584
E2_cec2022_competition,cec2022,12,20,jSO,7,1647342453560504659,1000000,1000000,2933.974300946189,233.97430094618903,233.97430094618903,8.956212429999141
E2_cec2022_competition,cec2022,12,20,jSO,8,6420007179839526082,1000000,1000000,2931.7372246644395,231.7372246644395,231.7372246644395,9.061583905975567
E2_cec2022_competition,cec2022,12,20,jSO,9,3234317947102582737,1000000,1000000,2932.49898605702,232.49898605701992,232.49898605701992,9.060811297007604
E2_cec2022_competition,cec2022,12,20,jSO,10,4376667409090260336,1000000,1000000,2931.9506376332592,231.95063763325925,231.95063763325925,8.91480504599167
E2_cec2022_competition,cec2022,12,20,jSO,11,6150014773803026113,1000000,1000000,2932.2603145167996,232.26031451679955,232.26031451679955,8.94975633098511
E2_cec2022_competition,cec2022,12,20,jSO,12,4113549695730433525,1000000,1000000,2933.974300946189,233.97430094618903,233.97430094618903,8.970806684024865
E2_cec2022_competition,cec2022,12,20,jSO,13,6539482993290428291,1000000,1000000,2943.418943576386,243.41894357638603,243.41894357638603,8.833629631990334
E2_cec2022_competition,cec2022,12,20,jSO,14,7684606845338901665,1000000,1000000,2933.9839607382737,233.9839607382737,233.9839607382737,8.912735053017968
E2_cec2022_competition,cec2022,12,20,jSO,15,1250185711155013534,1000000,1000000,2932.2727237162726,232.2727237162726,232.2727237162726,8.818793596001342
E2_cec2022_competition,cec2022,12,20,jSO,16,5230370755923367896,1000000,1000000,2931.9506376332592,231.95063763325925,231.95063763325925,8.94247471401468
E2_cec2022_competition,cec2022,12,20,jSO,17,4204520162857778347,1000000,1000000,2933.9839607382737,233.9839607382737,233.9839607382737,8.856354124989593
E2_cec2022_competition,cec2022,12,20,jSO,18,4598213256220698452,1000000,1000000,2935.615002953888,235.61500295388805,235.61500295388805,9.222065818001283
E2_cec2022_competition,cec2022,12,20,jSO,19,3891762406636422300,1000000,1000000,2932.2603145167996,232.26031451679955,232.26031451679955,8.950855181989027
E2_cec2022_competition,cec2022,12,20,jSO,20,269746099522513569,1000000,1000000,2931.9506376332592,231.95063763325925,231.95063763325925,8.807311721000588
E2_cec2022_competition,cec2022,12,20,jSO,21,6995086014071783668,1000000,1000000,2931.5064121571713,231.50641215717133,231.50641215717133,9.23099197098054
E2_cec2022_competition,cec2022,12,20,jSO,22,2761155364055640060,1000000,1000000,2932.2603145167996,232.26031451679955,232.26031451679955,8.764970263990108
E2_cec2022_competition,cec2022,12,20,jSO,23,3579071452287219617,1000000,1000000,2933.1294968124803,233.12949681248028,233.12949681248028,8.7752282639849
E2_cec2022_competition,cec2022,12,20,jSO,24,7808846570663028188,1000000,1000000,2931.7372246644395,231.7372246644395,231.7372246644395,8.920887996006059
E2_cec2022_competition,cec2022,12,20,jSO,25,6825694582389785720,1000000,1000000,2931.2230932447524,231.22309324475236,231.22309324475236,8.89850245800335
E2_cec2022_competition,cec2022,12,20,jSO,26,7977289251497953046,1000000,1000000,2932.2727237162726,232.2727237162726,232.2727237162726,8.667848621000303
E2_cec2022_competition,cec2022,12,20,jSO,27,9133920385921451255,1000000,1000000,2932.4577019655744,232.45770196557442,232.45770196557442,8.641037273977417
E2_cec2022_competition,cec2022,12,20,jSO,28,1049659889262184785,1000000,1000000,2932.2603145167996,232.26031451679955,232.26031451679955,8.632087326986948
E2_cec2022_competition,cec2022,12,20,jSO,29,2006691503869732459,1000000,1000000,2932.007892337588,232.00789233758815,232.00789233758815,8.747027460020036
E2_cec2022_competition,cec2022,4,20,HHO,0,6756896679018775359,1000000,1000000,887.6927593768131,87.69275937681311,87.69275937681311,38.2082902250113
E2_cec2022_competition,cec2022,4,20,HHO,1,348715052804039165,1000000,1000000,883.5931008089708,83.5931008089708,83.5931008089708,40.24141429801239
E2_cec2022_competition,cec2022,4,20,HHO,2,7825290482083219427,1000000,1000000,886.8267642942394,86.82676429423941,86.82676429423941,40.03146804100834
E2_cec2022_competition,cec2022,4,20,HHO,3,7675986022273068588,1000000,1000000,865.9919750121587,65.99197501215872,65.99197501215872,40.26946449899697
E2_cec2022_competition,cec2022,4,20,HHO,4,7321690116718840069,1000000,1000000,884.8249133570356,84.8249133570356,84.8249133570356,35.821109185984824
E2_cec2022_competition,cec2022,4,20,HHO,5,2194444844430540482,1000000,1000000,898.5057114461198,98.50571144611979,98.50571144611979,26.81909093199647
E2_cec2022_competition,cec2022,4,20,HHO,6,6630530789636428241,1000000,1000000,878.7425273083808,78.74252730838077,78.74252730838077,30.056132288998924
E2_cec2022_competition,cec2022,4,20,HHO,7,7694346570443647596,1000000,1000000,861.7374661512285,61.737466151228546,61.737466151228546,30.445878572005313
E2_cec2022_competition,cec2022,4,20,HHO,8,7637982395945422746,1000000,1000000,887.6722916147684,87.67229161476837,87.67229161476837,30.530964751000283
E2_cec2022_competition,cec2022,4,20,HHO,9,7166559850120520414,1000000,1000000,894.6617580996117,94.66175809961169,94.66175809961169,30.015780635003466
E2_cec2022_competition,cec2022,4,20,HHO,10,874460603441229717,1000000,1000000,888.844597456389,88.84459745638901,88.84459745638901,29.75978722999571
E2_cec2022_competition,cec2022,4,20,HHO,11,9158945598686297846,1000000,1000000,880.6067119364826,80.60671193648261,80.60671193648261,30.387519283016445
E2_cec2022_competition,cec2022,4,20,HHO,12,7447347178509232663,1000000,1000000,881.9227718982809,81.92277189828087,81.92277189828087,30.487037862010766
E2_cec2022_competition,cec2022,4,20,HHO,13,168771413836243565,1000000,1000000,865.7901723337178,65.7901723337178,65.7901723337178,21.99278527899878
E2_cec2022_competition,cec2022,4,20,HHO,14,9035207142755129645,1000000,1000000,903.632892902853,103.63289290285297,103.63289290285297,28.77836782700615
E2_cec2022_competition,cec2022,4,20,HHO,15,3646829495814829954,1000000,1000000,904.5146064594351,104.51460645943507,104.51460645943507,30.77815022499999
E2_cec2022_competition,cec2022,4,20,HHO,16,109038237287143731,1000000,1000000,908.4599504791353,108.45995047913527,108.45995047913527,38.97026716801338
E2_cec2022_competition,cec2022,4,20,HHO,17,6307744462241633736,1000000,1000000,894.6070111629142,94.6070111629142,94.6070111629142,40.17798007000238
E2_cec2022_competition,cec2022,4,20,HHO,18,4961025275337157881,1000000,1000000,878.666911560336,78.66691156033596,78.66691156033596,39.545269330003066
E2_cec2022_competition,cec2022,4,20,HHO,19,4558758540579976770,1000000,1000000,874.7690003919682,74.76900039196823,74.76900039196823,33.45647243200801
E2_cec2022_competition,cec2022,4,20,HHO,20,8373818280747936915,1000000,1000000,891.5672358976435,91.56723589764351,91.56723589764351,19.230075012979796
E2_cec2022_competition,cec2022,4,20,HHO,21,3062105485362212019,1000000,1000000,877.6193186011245,77.61931860112452,77.61931860112452,19.24615506301052
E2_cec2022_competition,cec2022,4,20,HHO,22,1738971374864316694,1000000,1000000,887.6348795022172,87.63487950221725,87.63487950221725,19.035134169011144
E2_cec2022_competition,cec2022,4,20,HHO,23,1263737944667601925,1000000,1000000,899.5600999614192,99.56009996141916,99.56009996141916,18.816272840020247
E2_cec2022_competition,cec2022,4,20,HHO,24,4850606696424253274,1000000,1000000,872.6433282463198,72.64332824631981,72.64332824631981,18.611052786000073
E2_cec2022_competition,cec2022,4,20,HHO,25,3552992972973567521,1000000,1000000,916.4439405403344,116.44394054033444,116.44394054033444,18.922972286993172
E2_cec2022_competition,cec2022,4,20,HHO,26,148527966059386771,1000000,1000000,901.7620073781377,101.7620073781377,101.7620073781377,18.56488854001509
E2_cec2022_competition,cec2022,4,20,HHO,27,6912614040253619421,1000000,1000000,891.7474081547124,91.74740815471239,91.74740815471239,18.326073043979704
E2_cec2022_competition,cec2022,4,20,HHO,28,5274793777529793201,1000000,1000000,897.0765623694629,97.07656236946286,97.07656236946286,17.713605212018592
E2_cec2022_competition,cec2022,4,20,HHO,29,1634916502873453426,1000000,1000000,886.6541328452322,86.6541328452322,86.6541328452322,17.759268849011278
E2_cec2022_competition,cec2022,3,20,HHO,0,6804340852796611988,1000000,1000000,640.9132995944232,40.913299594423165,40.913299594423165,44.286057895980775
E2_cec2022_competition,cec2022,3,20,HHO,1,3025580950522368686,1000000,1000000,643.0088002645681,43.008800264568094,43.008800264568094,39.46007757302141
E2_cec2022_competition,cec2022,3,20,HHO,2,4373549717664456183,1000000,1000000,643.841691823399,43.841691823398946,43.841691823398946,42.10095845500473
E2_cec2022_competition,cec2022,3,20,HHO,3,7534088958725437957,1000000,1000000,657.064528585955,57.06452858595503,57.06452858595503,39.528164638002636
E2_cec2022_competition,cec2022,3,20,HHO,4,1409568339099681935,1000000,1000000,639.2099814456122,39.20998144561224,39.20998144561224,37.0036956309923
E2_cec2022_competition,cec2022,3,20,HHO,5,2569330559793367455,1000000,1000000,661.4442289450255,61.44422894502554,61.44422894502554,40.29740905298968
E2_cec2022_competition,cec2022,3,20,HHO,6,6150867645069560805,1000000,1000000,639.4737830549676,39.47378305496761,39.47378305496761,39.95744420000119
E2_cec2022_competition,cec2022,3,20,HHO,7,9089874269789731128,1000000,1000000,656.8739283768025,56.873928376802496,56.873928376802496,38.171029618009925
E2_cec2022_competition,cec2022,3,20,HHO,8,7282726615010865836,1000000,1000000,653.0773732010036,53.07737320100364,53.07737320100364,33.415057853999315
E2_cec2022_competition,cec2022,3,20,HHO,9,688388779685861377,1000000,1000000,661.470862850392,61.470862850391995,61.470862850391995,33.42156087199692
E2_cec2022_competition,cec2022,3,20,HHO,10,3652797469938896895,1000000,1000000,644.0540090833128,44.05400908331285,44.05400908331285,36.057443477009656
E2_cec2022_competition,cec2022,3,20,HHO,11,7819135872687510790,1000000,1000000,651.337168005839,51.337168005838976,51.337168005838976,28.04899442399619
E2_cec2022_competition,cec2022,3,20,HHO,12,2664876286518639210,1000000,1000000,649.9865478200655,49.98654782006554,49.98654782006554,30.06296495400602
E2_cec2022_competition,cec2022,3,20,HHO,13,4013579772294052503,1000000,1000000,661.3626377261236,61.36263772612358,61.36263772612358,30.266741781000746
E2_cec2022_competition,cec2022,3,20,HHO,14,326263262535743606,1000000,1000000,673.1731481799202,73.17314817992019,73.17314817992019,35.5072535740037
E2_cec2022_competition,cec2022,3,20,HHO,15,2212849436410393756,1000000,1000000,654.9403377677957,54.940337767795654,54.940337767795654,34.421247636986664
E2_cec2022_competition,cec2022,3,20,HHO,16,6907782814111067477,1000000,1000000,653.0397800470022,53.03978004700218,53.03978004700218,35.11120285699144
E2_cec2022_competition,cec2022,3,20,HHO,17,2137265849148658128,1000000,1000000,653.879091795463,53.879091795462955,53.879091795462955,33.826823197014164
E2_cec2022_competition,cec2022,3,20,HHO,18,5375997084060240210,1000000,1000000,651.2240492555923,51.22404925559226,51.22404925559226,22.623702444980154
E2_cec2022_competition,cec2022,3,20,HHO,19,4489589543684916600,1000000,1000000,657.7039258537586,57.70392585375862,57.70392585375862,22.218487207981525
E2_cec2022_competition,cec2022,3,20,HHO,20,1357350896978591186,1000000,1000000,647.223832970111,47.22383297011095,47.22383297011095,21.736334206012543
E2_cec2022_competition,cec2022,3,20,HHO,21,8885513376729973547,1000000,1000000,660.1269237857105,60.12692378571046,60.12692378571046,21.57768217602279
E2_cec2022_competition,cec2022,3,20,HHO,22,865309141383147761,1000000,1000000,652.5476052226112,52.547605222611196,52.547605222611196,21.23138599799131
E2_cec2022_competition,cec2022,3,20,HHO,23,4038911053973832948,1000000,1000000,658.3756675400697,58.375667540069685,58.375667540069685,21.651165432005655
E2_cec2022_competition,cec2022,3,20,HHO,24,9056470973097546218,1000000,1000000,648.2927421880809,48.292742188080865,48.292742188080865,21.59021971200127
E2_cec2022_competition,cec2022,3,20,HHO,25,7197871299096214272,1000000,1000000,659.0197681062281,59.01976810622807,59.01976810622807,21.500089271983597
E2_cec2022_competition,cec2022,3,20,HHO,26,7579442896282808436,1000000,1000000,631.8787731427761,31.87877314277614,31.87877314277614,21.125871524011018
E2_cec2022_competition,cec2022,3,20,HHO,27,3585178765354074410,1000000,1000000,655.1642208498511,55.16422084985106,55.16422084985106,21.36764615998254
E2_cec2022_competition,cec2022,3,20,HHO,28,6036134028896366806,1000000,1000000,656.7123199221288,56.71231992212881,56.71231992212881,20.956175188999623
E2_cec2022_competition,cec2022,3,20,HHO,29,2381135385630947969,1000000,1000000,658.4952779023847,58.495277902384714,58.495277902384714,21.083919737982797
E2_cec2022_competition,cec2022,6,20,HHO,0,6269005613646697574,1000000,1000000,2374.7634906846783,574.7634906846783,574.7634906846783,36.833381957985694
E2_cec2022_competition,cec2022,6,20,HHO,1,7597947820219967850,1000000,1000000,13120.009879299378,11320.009879299378,11320.009879299378,33.98957616899861
E2_cec2022_competition,cec2022,6,20,HHO,2,5879065422372154509,1000000,1000000,40894.93063093239,39094.93063093239,39094.93063093239,20.420116249995772
E2_cec2022_competition,cec2022,6,20,HHO,3,2031914834393660456,1000000,1000000,9977.082179406403,8177.082179406403,8177.082179406403,20.08291062299395
E2_cec2022_competition,cec2022,6,20,HHO,4,7290363051505367509,1000000,1000000,7133.7493019170215,5333.7493019170215,5333.7493019170215,33.64658834601869
E2_cec2022_competition,cec2022,6,20,HHO,5,7360919316509151271,1000000,1000000,19543.911891942626,17743.911891942626,17743.911891942626,30.479106124985265
E2_cec2022_competition,cec2022,6,20,HHO,6,3337837761881840797,1000000,1000000,7809.233184974514,6009.233184974514,6009.233184974514,21.816235540027265
E2_cec2022_competition,cec2022,6,20,HHO,7,3412356055114720230,1000000,1000000,2253.1528793649004,453.1528793649004,453.1528793649004,36.63093206001213
E2_cec2022_competition,cec2022,6,20,HHO,8,5836066419704664102,1000000,1000000,17943.667438928518,16143.667438928518,16143.667438928518,32.4551797840104
E2_cec2022_competition,cec2022,6,20,HHO,9,1464381302932624468,1000000,1000000,3771.1915366660987,1971.1915366660987,1971.1915366660987,35.73551674801274
E2_cec2022_competition,cec2022,6,20,HHO,10,2334609202055581402,1000000,1000000,7876.855385887579,6076.855385887579,6076.855385887579,32.4283195839962
E2_cec2022_competition,cec2022,6,20,HHO,11,8151443763216348798,1000000,1000000,34576.38569149993,32776.38569149993,32776.38569149993,37.061160392011516
E2_cec2022_competition,cec2022,6,20,HHO,12,77412662633626331,1000000,1000000,2313.9763463443633,513.9763463443633,513.9763463443633,28.850737074011704
E2_cec2022_competition,cec2022,6,20,HHO,13,444173482937373025,1000000,1000000,2175.6619119896013,375.6619119896013,375.6619119896013,28.995241358003113
E2_cec2022_competition,cec2022,6,20,HHO,14,5854611771259359873,1000000,1000000,11585.954579939707,9785.954579939707,9785.954579939707,20.150876650004648
E2_cec2022_competition,cec2022,6,20,HHO,15,418096082007323286,1000000,1000000,4756.896248280271,2956.896248280271,2956.896248280271,20.152563495008508
E2_cec2022_competition,cec2022,6,20,HHO,16,56653919609234082,1000000,1000000,22451.984251690043,20651.984251690043,20651.984251690043,19.260536757006776
E2_cec2022_competition,cec2022,6,20,HHO,17,6864263613955094229,1000000,1000000,14677.139064262668,12877.139064262668,12877.139064262668,37.697437873022864
E2_cec2022_competition,cec2022,6,20,HHO,18,5805438646647799685,1000000,1000000,20874.26748053064,19074.26748053064,19074.26748053064,39.23166619101539
E2_cec2022_competition,cec2022,6,20,HHO,19,4767736852766555287,1000000,1000000,5472.783847111367,3672.7838471113673,3672.7838471113673,26.257959456008393
E2_cec2022_competition,cec2022,6,20,HHO,20,4675501878700480617,1000000,1000000,2386.111625145516,586.111625145516,586.111625145516,18.76447228199686
E2_cec2022_competition,cec2022,6,20,HHO,21,9010589174470829931,1000000,1000000,4338.551314018323,2538.551314018323,2538.551314018323,18.926559786021244
E2_cec2022_competition,cec2022,6,20,HHO,22,5332923474233470601,1000000,1000000,5382.311438840672,3582.311438840672,3582.311438840672,18.90882988201338
E2_cec2022_competition,cec2022,6,20,HHO,23,3736993219096684354,1000000,1000000,8341.924633371971,6541.924633371971,6541.924633371971,30.098550860013347
E2_cec2022_competition,cec2022,6,20,HHO,24,1699381322859351037,1000000,1000000,9216.2291895766,7416.229189576599,7416.229189576599,18.62509027600754
E2_cec2022_competition,cec2022,6,20,HHO,25,7403970530071132308,1000000,1000000,15825.501317861386,14025.501317861386,14025.501317861386,18.419539552007336
E2_cec2022_competition,cec2022,6,20,HHO,26,8685445517872071758,1000000,1000000,8834.052434370957,7034.052434370957,7034.052434370957,17.986574246024247
E2_cec2022_competition,cec2022,6,20,HHO,27,5063759013501517160,1000000,1000000,3748.3332464680598,1948.3332464680598,1948.3332464680598,17.858693891990697
E2_cec2022_competition,cec2022,6,20,HHO,28,3684895177910418983,1000000,1000000,3141.0277484543626,1341.0277484543626,1341.0277484543626,17.53248879799503
E2_cec2022_competition,cec2022,6,20,HHO,29,4742160056289543092,1000000,1000000,3987.1060743890976,2187.1060743890976,2187.1060743890976,17.737632156990003
E2_cec2022_competition,cec2022,5,20,HHO,0,2430472914945250169,1000000,1000000,2512.2030986915493,1612.2030986915493,1612.2030986915493,30.062396068009548
E2_cec2022_competition,cec2022,5,20,HHO,1,3560431254816758411,1000000,1000000,2454.1803714202833,1554.1803714202833,1554.1803714202833,30.26427396197687
E2_cec2022_competition,cec2022,5,20,HHO,2,5813746737718824804,1000000,1000000,2330.8604510885,1430.8604510885002,1430.8604510885002,32.43997417399078
E2_cec2022_competition,cec2022,5,20,HHO,3,7434684836043870340,1000000,1000000,2525.044025474045,1625.0440254740452,1625.0440254740452,31.598237962985877
E2_cec2022_competition,cec2022,5,20,HHO,4,1290898471481214090,1000000,1000000,2012.9946867261997,1112.9946867261997,1112.9946867261997,31.858384797000326
E2_cec2022_competition,cec2022,5,20,HHO,5,8994893596550412345,1000000,1000000,2558.7184928465836,1658.7184928465836,1658.7184928465836,21.19621509098215
E2_cec2022_competition,cec2022,5,20,HHO,6,210113765674570462,1000000,1000000,2416.887588748714,1516.8875887487138,1516.8875887487138,34.20026274499833
E2_cec2022_competition,cec2022,5,20,HHO,7,4808043225710697794,1000000,1000000,2325.019491079149,1425.0194910791488,1425.0194910791488,33.01582616000087
E2_cec2022_competition,cec2022,5,20,HHO,8,3259025857659938156,1000000,1000000,1751.7493858609234,851.7493858609234,851.7493858609234,19.97666682000272
E2_cec2022_competition,cec2022,5,20,HHO,9,527513899667712084,1000000,1000000,2353.834533582611,1453.8345335826111,1453.8345335826111,20.67148084298242
E2_cec2022_competition,cec2022,5,20,HHO,10,4864714426876711824,1000000,1000000,2486.813516664026,1586.8135166640259,1586.8135166640259,20.297079200012377
E2_cec2022_competition,cec2022,5,20,HHO,11,4661239205537633344,1000000,1000000,2442.776647009411,1542.7766470094111,1542.7766470094111,20.363311196008
E2_cec2022_competition,cec2022,5,20,HHO,12,8283046048810782511,1000000,1000000,2241.75228322775,1341.75228322775,1341.75228322775,24.584143975982442
E2_cec2022_competition,cec2022,5,20,HHO,13,7802559428539991368,1000000,1000000,1956.4608408145957,1056.4608408145957,1056.4608408145957,23.197895870980574
E2_cec2022_competition,cec2022,5,20,HHO,14,9087354226922007163,1000000,1000000,2238.227741532225,1338.227741532225,1338.227741532225,30.993358542997157
E2_cec2022_competition,cec2022,5,20,HHO,15,1288525788622425701,1000000,1000000,2441.6305400810393,1541.6305400810393,1541.6305400810393,21.75954007098335
E2_cec2022_competition,cec2022,5,20,HHO,16,2911441427552041692,1000000,1000000,2469.9428674092405,1569.9428674092405,1569.9428674092405,23.16274924899335
E2_cec2022_competition,cec2022,5,20,HHO,17,1183741452013504211,1000000,1000000,2365.0604641719437,1465.0604641719437,1465.0604641719437,33.16113393098931
E2_cec2022_competition,cec2022,5,20,HHO,18,7347872073166050942,1000000,1000000,2468.031135145983,1568.0311351459832,1568.0311351459832,26.635044861992355
E2_cec2022_competition,cec2022,5,20,HHO,19,4591233822368801000,1000000,1000000,2429.70521645967,1529.7052164596698,1529.7052164596698,40.19565321900882
E2_cec2022_competition,cec2022,5,20,HHO,20,6253635092815265719,1000000,1000000,2620.1419161897975,1720.1419161897975,1720.1419161897975,39.43955679400824
E2_cec2022_competition,cec2022,5,20,HHO,21,21069026181223653,1000000,1000000,2412.3654562823117,1512.3654562823117,1512.3654562823117,38.78165826998884
E2_cec2022_competition,cec2022,5,20,HHO,22,7709438800944353754,1000000,1000000,2388.736154805522,1488.736154805522,1488.736154805522,38.48927393098711
E2_cec2022_competition,cec2022,5,20,HHO,23,2414988829385963652,1000000,1000000,2197.770863887853,1297.770863887853,1297.770863887853,31.11790408199886
E2_cec2022_competition,cec2022,5,20,HHO,24,6130971776610400143,1000000,1000000,2403.4306951103877,1503.4306951103877,1503.4306951103877,19.045393601991236
E2_cec2022_competition,cec2022,5,20,HHO,25,3859733747795584809,1000000,1000000,2393.4080061450118,1493.4080061450118,1493.4080061450118,19.096626814978663
E2_cec2022_competition,cec2022,5,20,HHO,26,7609962385056757642,1000000,1000000,1807.7670851518296,907.7670851518296,907.7670851518296,18.66420012002345
E2_cec2022_competition,cec2022,5,20,HHO,27,7092855282350609171,1000000,1000000,2582.634016853358,1682.634016853358,1682.634016853358,18.267074386996683
E2_cec2022_competition,cec2022,5,20,HHO,28,4091589043925106023,1000000,1000000,2484.71732459105,1584.7173245910499,1584.7173245910499,18.164541534002637
E2_cec2022_competition,cec2022,5,20,HHO,29,6412962021515872491,1000000,1000000,2529.56493096099,1629.5649309609898,1629.5649309609898,18.216715532995295
E2_cec2022_competition,cec2022,2,20,SEHHO-COBL,0,736310647156175591,1000000,1000000,400.00000000000006,0.0,5.684341886080802e-14,43.69714158598799
E2_cec2022_competition,cec2022,2,20,SEHHO-COBL,1,7579076175522703621,1000000,1000000,449.0844789794812,49.08447897948122,49.08447897948122,41.45092482198379
E2_cec2022_competition,cec2022,2,20,SEHHO-COBL,2,8298552920234474656,1000000,1000000,449.08447897948116,49.08447897948116,49.08447897948116,51.3124602290045
E2_cec2022_competition,cec2022,2,20,SEHHO-COBL,3,8059313819125631256,1000000,1000000,449.0844789794812,49.08447897948122,49.08447897948122,54.85241716899327
E2_cec2022_competition,cec2022,2,20,SEHHO-COBL,4,8908377512622859182,1000000,1000000,449.08447897948116,49.08447897948116,49.08447897948116,54.47184740699595
E2_cec2022_competition,cec2022,2,20,SEHHO-COBL,5,5419805605849936066,1000000,1000000,449.08447897948116,49.08447897948116,49.08447897948116,46.1655726780009
E2_cec2022_competition,cec2022,2,20,SEHHO-COBL,6,1025416978026502265,1000000,1000000,449.0844789794812,49.08447897948122,49.08447897948122,48.97612586899777
E2_cec2022_competition,cec2022,2,20,SEHHO-COBL,7,6070110453626120037,1000000,1000000,400.00000000000006,0.0,5.684341886080802e-14,43.3210815830098
E2_cec2022_competition,cec2022,2,20,SEHHO-COBL,8,4016761472046479663,1000000,1000000,449.0844789794812,49.08447897948122,49.08447897948122,33.370481285994174
E2_cec2022_competition,cec2022,2,20,SEHHO-COBL,9,5519527721032431536,1000000,1000000,449.0844789794812,49.08447897948122,49.08447897948122,28.4032835639955
E2_cec2022_competition,cec2022,2,20,SEHHO-COBL,10,8191007774998460117,1000000,1000000,449.0844789794812,49.08447897948122,49.08447897948122,31.351219050993677
E2_cec2022_competition,cec2022,2,20,SEHHO-COBL,11,2096109757443658652,1000000,1000000,449.08447897948116,49.08447897948116,49.08447897948116,49.324625448993174
E2_cec2022_competition,cec2022,2,20,SEHHO-COBL,12,8285293959096267061,1000000,1000000,449.0844789794812,49.08447897948122,49.08447897948122,42.70731725898804
E2_cec2022_competition,cec2022,2,20,SEHHO-COBL,13,6249984997025844975,1000000,1000000,449.0844789794812,49.08447897948122,49.08447897948122,30.64992175900261
E2_cec2022_competition,cec2022,2,20,SEHHO-COBL,14,5760213048310373970,1000000,1000000,449.0844789794812,49.08447897948122,49.08447897948122,30.519587671995396
E2_cec2022_competition,cec2022,2,20,SEHHO-COBL,15,3308347413327015337,1000000,1000000,449.0844789794813,49.084478979481275,49.084478979481275,42.58252216101391
E2_cec2022_competition,cec2022,2,20,SEHHO-COBL,16,7103754361524149248,1000000,1000000,449.08447897948116,49.08447897948116,49.08447897948116,29.51811592897866
E2_cec2022_competition,cec2022,2,20,SEHHO-COBL,17,3918886685218044517,1000000,1000000,449.0844789794813,49.084478979481275,49.084478979481275,26.692216143972473
E2_cec2022_competition,cec2022,2,20,SEHHO-COBL,18,1731404185132188229,1000000,1000000,449.0844789794812,49.08447897948122,49.08447897948122,26.232355172018288
E2_cec2022_competition,cec2022,2,20,SEHHO-COBL,19,4339110087841334765,1000000,1000000,449.0844789794812,49.08447897948122,49.08447897948122,26.254472434986383
E2_cec2022_competition,cec2022,2,20,SEHHO-COBL,20,5703039230096687745,1000000,1000000,449.0844789794812,49.08447897948122,49.08447897948122,26.31283428898314
E2_cec2022_competition,cec2022,2,20,SEHHO-COBL,21,778640286868450808,1000000,1000000,449.0844789794812,49.08447897948122,49.08447897948122,30.994212335004704
E2_cec2022_competition,cec2022,2,20,SEHHO-COBL,22,6481623587995249886,1000000,1000000,444.89546931745133,44.89546931745133,44.89546931745133,27.1108354619937
E2_cec2022_competition,cec2022,2,20,SEHHO-COBL,23,8805843697726446103,1000000,1000000,404.03026015813725,4.030260158137253,4.030260158137253,25.832699513004627
E2_cec2022_competition,cec2022,2,20,SEHHO-COBL,24,9086831055106262718,1000000,1000000,449.0844789794812,49.08447897948122,49.08447897948122,25.016466054017656
E2_cec2022_competition,cec2022,2,20,SEHHO-COBL,25,1022128654279739121,1000000,1000000,400.0000000000002,0.0,2.2737367544323206e-13,25.041271389985923
E2_cec2022_competition,cec2022,2,20,SEHHO-COBL,26,373953495418544905,1000000,1000000,449.0844789794812,49.08447897948122,49.08447897948122,24.552265674021328
E2_cec2022_competition,cec2022,2,20,SEHHO-COBL,27,3985884515922339140,1000000,1000000,449.08447897948116,49.08447897948116,49.08447897948116,24.529495044989744
E2_cec2022_competition,cec2022,2,20,SEHHO-COBL,28,4367467700423576571,1000000,1000000,471.76753515901294,71.76753515901294,71.76753515901294,24.70761788499658
E2_cec2022_competition,cec2022,2,20,SEHHO-COBL,29,4916342660302349522,1000000,1000000,444.89546931745133,44.89546931745133,44.89546931745133,24.670213037985377
E2_cec2022_competition,cec2022,9,20,HHO,0,6322122791853008540,1000000,1000000,2480.970995669643,180.9709956696429,180.9709956696429,34.75744925098843
E2_cec2022_competition,cec2022,9,20,HHO,1,2565515407832627338,1000000,1000000,2481.2633684346224,181.2633684346224,181.2633684346224,34.15897065697936
E2_cec2022_competition,cec2022,9,20,HHO,2,5218864205219481509,1000000,1000000,2481.155098732425,181.1550987324249,181.1550987324249,33.99151846198947
E2_cec2022_competition,cec2022,9,20,HHO,3,3457156334619895601,1000000,1000000,2481.4305533064153,181.43055330641528,181.43055330641528,34.121058307995554
E2_cec2022_competition,cec2022,9,20,HHO,4,2110456892166621985,1000000,1000000,2481.8735842262563,181.8735842262563,181.8735842262563,33.95878634901601
E2_cec2022_competition,cec2022,9,20,HHO,5,3435356367988713728,1000000,1000000,2481.6801135520686,181.68011355206863,181.68011355206863,34.14653499200358
E2_cec2022_competition,cec2022,9,20,HHO,6,3032558036137761775,1000000,1000000,2480.956962443217,180.95696244321698,180.95696244321698,33.81677934899926
E2_cec2022_competition,cec2022,9,20,HHO,7,3680639556305931536,1000000,1000000,2481.2730489619544,181.27304896195437,181.27304896195437,34.16188595499261
E2_cec2022_competition,cec2022,9,20,HHO,8,5872228987587958259,1000000,1000000,2481.370540338681,181.37054033868117,181.37054033868117,32.82441593898693
E2_cec2022_competition,cec2022,9,20,HHO,9,4162313744098447556,1000000,1000000,2481.5763578129145,181.57635781291447,181.57635781291447,31.69469154201215
E2_cec2022_competition,cec2022,9,20,HHO,10,8803460617342354259,1000000,1000000,2481.282134090364,181.2821340903638,181.2821340903638,40.88510075601516
E2_cec2022_competition,cec2022,9,20,HHO,11,2890499967862701678,1000000,1000000,2481.0010647392714,181.00106473927144,181.00106473927144,38.95965589498519
E2_cec2022_competition,cec2022,9,20,HHO,12,7918621465412798012,1000000,1000000,2481.6644319150146,181.66443191501457,181.66443191501457,21.246489286015276
E2_cec2022_competition,cec2022,9,20,HHO,13,3963030981528821001,1000000,1000000,2481.424741225074,181.42474122507383,181.42474122507383,21.159884939988842
E2_cec2022_competition,cec2022,9,20,HHO,14,5886280060421432976,1000000,1000000,2481.397902841637,181.397902841637,181.397902841637,20.998436294990825
E2_cec2022_competition,cec2022,9,20,HHO,15,4952686069608311772,1000000,1000000,2481.525714800844,181.52571480084407,181.52571480084407,20.79125749800005
E2_cec2022_competition,cec2022,9,20,HHO,16,1989173133930626727,1000000,1000000,2481.2561334154625,181.2561334154625,181.2561334154625,20.503955911000958
E2_cec2022_competition,cec2022,9,20,HHO,17,2696750304510557632,1000000,1000000,2482.3669673337986,182.36696733379858,182.36696733379858,20.529739079996943
E2_cec2022_competition,cec2022,9,20,HHO,18,3949801696048158191,1000000,1000000,2482.005245564766,182.00524556476603,182.00524556476603,20.756694320007227
E2_cec2022_competition,cec2022,9,20,HHO,19,7081575822409707030,1000000,1000000,2481.4905206449325,181.49052064493253,181.49052064493253,20.767318456986686
E2_cec2022_competition,cec2022,9,20,HHO,20,5199498104110139102,1000000,1000000,2481.8550401926454,181.85504019264545,181.85504019264545,20.590716430015163
E2_cec2022_competition,cec2022,9,20,HHO,21,5916831041510319878,1000000,1000000,2481.1038520775483,181.10385207754825,181.10385207754825,20.35144044100889
E2_cec2022_competition,cec2022,9,20,HHO,22,2091871123986195396,1000000,1000000,2481.320990101206,181.320990101206,181.320990101206,19.97349300701171
E2_cec2022_competition,cec2022,9,20,HHO,23,6282262590723926868,1000000,1000000,2481.613737347994,181.61373734799417,181.61373734799417,19.822034118988086
E2_cec2022_competition,cec2022,9,20,HHO,24,6158351694228289671,1000000,1000000,2481.0612421470664,181.06124214706642,181.06124214706642,19.202859987999545
E2_cec2022_competition,cec2022,9,20,HHO,25,1993293315146793472,1000000,1000000,2481.9738727055724,181.97387270557238,181.97387270557238,19.525257721019443
E2_cec2022_competition,cec2022,9,20,HHO,26,8188405866971985565,1000000,1000000,2482.0196562095443,182.01965620954434,182.01965620954434,20.172254336997867
E2_cec2022_competition,cec2022,9,20,HHO,27,381848248809349549,1000000,1000000,2481.480901010547,181.48090101054686,181.48090101054686,19.72373124101432
E2_cec2022_competition,cec2022,9,20,HHO,28,3402806742477025209,1000000,1000000,2481.0068718271773,181.0068718271773,181.0068718271773,19.4394101939979
E2_cec2022_competition,cec2022,9,20,HHO,29,1917761317169509319,1000000,1000000,2481.012215363853,181.0122153638531,181.0122153638531,19.2897824110114
E2_cec2022_competition,cec2022,4,20,SEHHO-COBL,0,8829158738460918669,1000000,1000000,816.9147793049275,16.914779304927492,16.914779304927492,39.9300143129949
E2_cec2022_competition,cec2022,4,20,SEHHO-COBL,1,1292206740511591869,1000000,1000000,828.8561826010241,28.856182601024102,28.856182601024102,43.26715017898823
E2_cec2022_competition,cec2022,4,20,SEHHO-COBL,2,3010928440818670764,1000000,1000000,824.8752271726815,24.875227172681548,24.875227172681548,29.68171792299836
E2_cec2022_competition,cec2022,4,20,SEHHO-COBL,3,6559465453788832500,1000000,1000000,822.8847504483463,22.884750448346267,22.884750448346267,31.06108594298712
E2_cec2022_competition,cec2022,4,20,SEHHO-COBL,4,5851444078208297476,1000000,1000000,811.9397283749879,11.939728374987908,11.939728374987908,34.74199299098109
E2_cec2022_competition,cec2022,4,20,SEHHO-COBL,5,8127409116353538125,1000000,1000000,817.909954344672,17.909954344671974,17.909954344671974,32.763519821019145
E2_cec2022_competition,cec2022,4,20,SEHHO-COBL,6,5222506811302755115,1000000,1000000,816.9146828775687,16.91468287756868,16.91468287756868,29.49487353398581
E2_cec2022_competition,cec2022,4,20,SEHHO-COBL,7,8750163502125060634,1000000,1000000,819.9003751187839,19.900375118783927,19.900375118783927,38.41443529201206
E2_cec2022_competition,cec2022,4,20,SEHHO-COBL,8,2549495148427098904,1000000,1000000,822.885095904534,22.885095904533955,22.885095904533955,38.50878262199694
E2_cec2022_competition,cec2022,4,20,SEHHO-COBL,9,2136772471582687274,1000000,1000000,814.9247806464795,14.924780646479462,14.924780646479462,30.257892161986092
E2_cec2022_competition,cec2022,4,20,SEHHO-COBL,10,7294980593870604281,1000000,1000000,821.8899915289612,21.889991528961218,21.889991528961218,28.69545105699217
E2_cec2022_competition,cec2022,4,20,SEHHO-COBL,11,190270924324843932,1000000,1000000,810.9448404643096,10.94484046430955,10.94484046430955,35.199614131008275
E2_cec2022_competition,cec2022,4,20,SEHHO-COBL,12,8104582064087114054,1000000,1000000,809.9499710203315,9.949971020331532,9.949971020331532,43.00484041697928
E2_cec2022_competition,cec2022,4,20,SEHHO-COBL,13,2740694721495591556,1000000,1000000,818.9049481953934,18.904948195393445,18.904948195393445,44.87989447300788
E2_cec2022_competition,cec2022,4,20,SEHHO-COBL,14,7240968738623730237,1000000,1000000,818.9044689288784,18.904468928878373,18.904468928878373,45.05085161299212
E2_cec2022_competition,cec2022,4,20,SEHHO-COBL,15,2254199588612013611,1000000,1000000,824.8741162006147,24.874116200614708,24.874116200614708,37.463455050979974
E2_cec2022_competition,cec2022,4,20,SEHHO-COBL,16,2468925606460425897,1000000,1000000,818.9043600828735,18.904360082873495,18.904360082873495,36.939998108980944
E2_cec2022_competition,cec2022,4,20,SEHHO-COBL,17,306983806739605263,1000000,1000000,809.9500743415491,9.950074341549112,9.950074341549112,50.841741421987535
E2_cec2022_competition,cec2022,4,20,SEHHO-COBL,18,3598921192051829906,1000000,1000000,818.9050363259535,18.90503632595346,18.90503632595346,49.99921685201116
E2_cec2022_competition,cec2022,4,20,SEHHO-COBL,19,2800066364737327501,1000000,1000000,818.9045111501957,18.90451115019573,18.90451115019573,42.64489595001214
E2_cec2022_competition,cec2022,4,20,SEHHO-COBL,20,6370439602881439278,1000000,1000000,824.8743512465621,24.874351246562128,24.874351246562128,27.00742632598849
E2_cec2022_competition,cec2022,4,20,SEHHO-COBL,21,7951034149600139018,1000000,1000000,819.8996364037896,19.8996364037896,19.8996364037896,26.912885533994995
E2_cec2022_competition,cec2022,4,20,SEHHO-COBL,22,8657806868185048666,1000000,1000000,819.8998826974187,19.89988269741866,19.89988269741866,25.98017490899656
E2_cec2022_competition,cec2022,4,20,SEHHO-COBL,23,287968355778048739,1000000,1000000,822.8868114933007,22.886811493300684,22.886811493300684,25.908932535996428
E2_cec2022_competition,cec2022,4,20,SEHHO-COBL,24,1419204264711249888,1000000,1000000,820.8947444715092,20.89474447150917,20.89474447150917,25.352200201014057
E2_cec2022_competition,cec2022,4,20,SEHHO-COBL,25,3646486687442385800,1000000,1000000,830.844871986469,30.844871986469002,30.844871986469002,24.76271534600528
E2_cec2022_competition,cec2022,4,20,SEHHO-COBL,26,1150711935319438941,1000000,1000000,835.8190156535779,35.819015653577935,35.819015653577935,24.774316536000697
E2_cec2022_competition,cec2022,4,20,SEHHO-COBL,27,3959954039415325504,1000000,1000000,821.8898522045986,21.889852204598583,21.889852204598583,25.225545076013077
E2_cec2022_competition,cec2022,4,20,SEHHO-COBL,28,6859502143216538240,1000000,1000000,816.9146343963389,16.914634396338897,16.914634396338897,25.24663882900495
E2_cec2022_competition,cec2022,4,20,SEHHO-COBL,29,7830513936729421761,1000000,1000000,819.8996290998035,19.89962909980352,19.89962909980352,24.82403694198001
E2_cec2022_competition,cec2022,1,20,SEHHO-COBL,0,5905432226749411929,1000000,1000000,300.00000000000006,0.0,5.684341886080802e-14,40.96984687700751
E2_cec2022_competition,cec2022,1,20,SEHHO-COBL,1,421022675009976222,1000000,1000000,300.00000000000006,0.0,5.684341886080802e-14,52.496105299011106
E2_cec2022_competition,cec2022,1,20,SEHHO-COBL,2,3571792788616846203,1000000,1000000,300.00000000000017,0.0,1.7053025658242404e-13,52.11418620700715
E2_cec2022_competition,cec2022,1,20,SEHHO-COBL,3,8129377248942135063,1000000,1000000,300.00000000000006,0.0,5.684341886080802e-14,52.73328859300818
E2_cec2022_competition,cec2022,1,20,SEHHO-COBL,4,5831348632125874104,1000000,1000000,300.0000000000001,0.0,1.1368683772161603e-13,38.391237661999185
E2_cec2022_competition,cec2022,1,20,SEHHO-COBL,5,6516797105996997971,1000000,1000000,300.00000000000017,0.0,1.7053025658242404e-13,42.41536774500855
E2_cec2022_competition,cec2022,1,20,SEHHO-COBL,6,2490878977355145585,1000000,1000000,300.00000000000006,0.0,5.684341886080802e-14,56.008603477006545
E2_cec2022_competition,cec2022,1,20,SEHHO-COBL,7,2964043075114002484,1000000,1000000,300.00000000000006,0.0,5.684341886080802e-14,50.15611058397917
E2_cec2022_competition,cec2022,1,20,SEHHO-COBL,8,6751176023403441503,1000000,1000000,300.0000000000001,0.0,1.1368683772161603e-13,47.197091929992894
E2_cec2022_competition,cec2022,1,20,SEHHO-COBL,9,6650056227093505077,1000000,1000000,300.0000000000001,0.0,1.1368683772161603e-13,38.722019510983955
E2_cec2022_competition,cec2022,1,20,SEHHO-COBL,10,1170139958428354575,1000000,1000000,300.00000000000006,0.0,5.684341886080802e-14,40.54834988102084
E2_cec2022_competition,cec2022,1,20,SEHHO-COBL,11,6107381283214751383,1000000,1000000,300.00000000000006,0.0,5.684341886080802e-14,35.0858342940046
E2_cec2022_competition,cec2022,1,20,SEHHO-COBL,12,1043297038879721688,1000000,1000000,300.0000000000001,0.0,1.1368683772161603e-13,31.301246512011858
E2_cec2022_competition,cec2022,1,20,SEHHO-COBL,13,5692984890318757022,1000000,1000000,300.00000000000006,0.0,5.684341886080802e-14,37.46266263598227
E2_cec2022_competition,cec2022,1,20,SEHHO-COBL,14,20828992106856344,1000000,1000000,300.0000000000002,0.0,2.2737367544323206e-13,33.14071779799997
E2_cec2022_competition,cec2022,1,20,SEHHO-COBL,15,6553112726846569661,1000000,1000000,300.0,0.0,0.0,35.417764296988025
E2_cec2022_competition,cec2022,1,20,SEHHO-COBL,16,3199838534258323144,1000000,1000000,300.00000000000006,0.0,5.684341886080802e-14,38.07032735898974
E2_cec2022_competition,cec2022,1,20,SEHHO-COBL,17,6705154365828148543,1000000,1000000,300.0000000000001,0.0,1.1368683772161603e-13,50.71447099201032
E2_cec2022_competition,cec2022,1,20,SEHHO-COBL,18,4827543530688283225,1000000,1000000,300.0000000000001,0.0,1.1368683772161603e-13,49.67257413698826
E2_cec2022_competition,cec2022,1,20,SEHHO-COBL,19,7941968606005973674,1000000,1000000,300.00000000000006,0.0,5.684341886080802e-14,37.74991639298969
E2_cec2022_competition,cec2022,1,20,SEHHO-COBL,20,757949684842267138,1000000,1000000,300.00000000000017,0.0,1.7053025658242404e-13,26.51535601200885
E2_cec2022_competition,cec2022,1,20,SEHHO-COBL,21,1883922090110283540,1000000,1000000,300.00000000000006,0.0,5.684341886080802e-14,26.01900300598936
E2_cec2022_competition,cec2022,1,20,SEHHO-COBL,22,4656547700091278502,1000000,1000000,300.0000000000001,0.0,1.1368683772161603e-13,25.13478918300825
E2_cec2022_competition,cec2022,1,20,SEHHO-COBL,23,6765993063025652605,1000000,1000000,300.00000000000006,0.0,5.684341886080802e-14,25.298793091002153
E2_cec2022_competition,cec2022,1,20,SEHHO-COBL,24,368820885148299666,1000000,1000000,300.00000000000006,0.0,5.684341886080802e-14,24.362009526987094
E2_cec2022_competition,cec2022,1,20,SEHHO-COBL,25,5035603973210531902,1000000,1000000,300.00000000000006,0.0,5.684341886080802e-14,24.196990013995674
E2_cec2022_competition,cec2022,1,20,SEHHO-COBL,26,2779793562720278376,1000000,1000000,300.0000000000001,0.0,1.1368683772161603e-13,24.109337221016176
E2_cec2022_competition,cec2022,1,20,SEHHO-COBL,27,5965948365981885134,1000000,1000000,300.0000000000001,0.0,1.1368683772161603e-13,24.212519312015502
E2_cec2022_competition,cec2022,1,20,SEHHO-COBL,28,4868030447684818552,1000000,1000000,300.00000000000006,0.0,5.684341886080802e-14,24.768836776987882
E2_cec2022_competition,cec2022,1,20,SEHHO-COBL,29,7845975279468736075,1000000,1000000,300.0000000000001,0.0,1.1368683772161603e-13,24.7624893829925
E2_cec2022_competition,cec2022,3,20,SEHHO-COBL,0,7876214208750325491,1000000,1000000,600.0000000000001,0.0,1.1368683772161603e-13,41.04234318100498
E2_cec2022_competition,cec2022,3,20,SEHHO-COBL,1,8502249999201194461,1000000,1000000,600.0000329664556,3.296645559203171e-05,3.296645559203171e-05,43.523446892999345
E2_cec2022_competition,cec2022,3,20,SEHHO-COBL,2,3540542157186238921,1000000,1000000,600.0004273490953,0.000427349095275531,0.000427349095275531,48.11933833701187
E2_cec2022_competition,cec2022,3,20,SEHHO-COBL,3,746544584121191944,1000000,1000000,600.0000000000001,0.0,1.1368683772161603e-13,52.20488976201159
E2_cec2022_competition,cec2022,3,20,SEHHO-COBL,4,5715731100157274099,1000000,1000000,600.0,0.0,0.0,41.960224621987436
E2_cec2022_competition,cec2022,3,20,SEHHO-COBL,5,6353977513405812761,1000000,1000000,600.0000000000001,0.0,1.1368683772161603e-13,42.226254351000534
E2_cec2022_competition,cec2022,3,20,SEHHO-COBL,6,7658018305482121768,1000000,1000000,600.0000000000001,0.0,1.1368683772161603e-13,42.09067486599088
E2_cec2022_competition,cec2022,3,20,SEHHO-COBL,7,7379549633273920660,1000000,1000000,600.0000000000001,0.0,1.1368683772161603e-13,42.10515797100379
E2_cec2022_competition,cec2022,3,20,SEHHO-COBL,8,5611644306555573226,1000000,1000000,600.0000000000002,0.0,2.2737367544323206e-13,42.08725604301435
E2_cec2022_competition,cec2022,3,20,SEHHO-COBL,9,7567922261162642122,1000000,1000000,600.0000000000001,0.0,1.1368683772161603e-13,42.27590578701347
E2_cec2022_competition,cec2022,3,20,SEHHO-COBL,10,5598286933486997864,1000000,1000000,600.0000000000001,0.0,1.1368683772161603e-13,40.22318958598771
E2_cec2022_competition,cec2022,3,20,SEHHO-COBL,11,1917172454546510726,1000000,1000000,600.0000000000001,0.0,1.1368683772161603e-13,52.04437514801975
E2_cec2022_competition,cec2022,3,20,SEHHO-COBL,12,108718013216854710,1000000,1000000,600.0000000000001,0.0,1.1368683772161603e-13,46.77784111700021
E2_cec2022_competition,cec2022,3,20,SEHHO-COBL,13,9033779934698920322,1000000,1000000,600.0000109854305,1.0985430549226294e-05,1.0985430549226294e-05,42.03963339200709
E2_cec2022_competition,cec2022,3,20,SEHHO-COBL,14,5700265886151910507,1000000,1000000,600.0035596615127,0.0035596615126678444,0.0035596615126678444,42.57688755399431
E2_cec2022_competition,cec2022,3,20,SEHHO-COBL,15,6907495289004421451,1000000,1000000,600.0002001603012,0.00020016030123315431,0.00020016030123315431,29.014354286016896
E2_cec2022_competition,cec2022,3,20,SEHHO-COBL,16,2876932374225489112,1000000,1000000,600.0000000000001,0.0,1.1368683772161603e-13,29.608418782008812
E2_cec2022_competition,cec2022,3,20,SEHHO-COBL,17,8457018644383380881,1000000,1000000,600.0000000000001,0.0,1.1368683772161603e-13,29.495053933002055
E2_cec2022_competition,cec2022,3,20,SEHHO-COBL,18,1124183676167764972,1000000,1000000,600.0000000000001,0.0,1.1368683772161603e-13,29.255408511002315
E2_cec2022_competition,cec2022,3,20,SEHHO-COBL,19,7883151837466031251,1000000,1000000,600.0000000000001,0.0,1.1368683772161603e-13,28.853926154988585
E2_cec2022_competition,cec2022,3,20,SEHHO-COBL,20,8029021420381238017,1000000,1000000,600.0000000000001,0.0,1.1368683772161603e-13,28.815558912989218
E2_cec2022_competition,cec2022,3,20,SEHHO-COBL,21,1126239023124047094,1000000,1000000,600.0000186502191,1.8650219089977327e-05,1.8650219089977327e-05,27.512072897981852
E2_cec2022_competition,cec2022,3,20,SEHHO-COBL,22,7994533030344208706,1000000,1000000,600.0000000000001,0.0,1.1368683772161603e-13,27.65164790599374
E2_cec2022_competition,cec2022,3,20,SEHHO-COBL,23,7681146942910247052,1000000,1000000,600.0000000000001,0.0,1.1368683772161603e-13,27.13463250498171
E2_cec2022_competition,cec2022,3,20,SEHHO-COBL,24,7567655293300459328,1000000,1000000,600.0000000000001,0.0,1.1368683772161603e-13,26.8623773099971
E2_cec2022_competition,cec2022,3,20,SEHHO-COBL,25,7565138404449208172,1000000,1000000,600.0008704940304,0.0008704940304369302,0.0008704940304369302,26.66536193501088
E2_cec2022_competition,cec2022,3,20,SEHHO-COBL,26,4597072142089647348,1000000,1000000,600.0000000000001,0.0,1.1368683772161603e-13,27.052682979992824
E2_cec2022_competition,cec2022,3,20,SEHHO-COBL,27,1944670536907840722,1000000,1000000,600.0,0.0,0.0,26.00998308797716
E2_cec2022_competition,cec2022,3,20,SEHHO-COBL,28,8625014438319086429,1000000,1000000,600.0000000000001,0.0,1.1368683772161603e-13,26.55382846199791
E2_cec2022_competition,cec2022,3,20,SEHHO-COBL,29,476378504652391347,1000000,1000000,600.0000000000001,0.0,1.1368683772161603e-13,26.511589868023293
E2_cec2022_competition,cec2022,10,20,HHO,0,9102384762778135425,1000000,1000000,3186.552609450431,786.5526094504312,786.5526094504312,36.35350250999909
E2_cec2022_competition,cec2022,10,20,HHO,1,1896699386035925883,1000000,1000000,4193.600524249062,1793.600524249062,1793.600524249062,31.144157944014296
E2_cec2022_competition,cec2022,10,20,HHO,2,8150631087487173904,1000000,1000000,3043.221713289418,643.221713289418,643.221713289418,38.370464620995335
E2_cec2022_competition,cec2022,10,20,HHO,3,62224874818135341,1000000,1000000,2526.4165279061403,126.41652790614035,126.41652790614035,38.3170363100071
E2_cec2022_competition,cec2022,10,20,HHO,4,2840111425224655590,1000000,1000000,3235.8784135410024,835.8784135410024,835.8784135410024,35.79016404499998
E2_cec2022_competition,cec2022,10,20,HHO,5,1198134663080162317,1000000,1000000,2967.9643500381953,567.9643500381953,567.9643500381953,39.13212909898721
E2_cec2022_competition,cec2022,10,20,HHO,6,1910444409271295254,1000000,1000000,2463.3810698790776,63.381069879077586,63.381069879077586,38.59647725301329
E2_cec2022_competition,cec2022,10,20,HHO,7,8061316930390392782,1000000,1000000,2500.7623140608403,100.76231406084025,100.76231406084025,38.209095415018965
E2_cec2022_competition,cec2022,10,20,HHO,8,8933490247001780397,1000000,1000000,3474.994696077156,1074.9946960771558,1074.9946960771558,33.24545011500595
E2_cec2022_competition,cec2022,10,20,HHO,9,5578072700160288904,1000000,1000000,3227.1072693529463,827.1072693529463,827.1072693529463,31.60668398399139
E2_cec2022_competition,cec2022,10,20,HHO,10,2725078004304312887,1000000,1000000,3563.3028865727647,1163.3028865727647,1163.3028865727647,21.841764783021063
E2_cec2022_competition,cec2022,10,20,HHO,11,4191372713996850559,1000000,1000000,2773.5647864030325,373.5647864030325,373.5647864030325,23.232115573016927
E2_cec2022_competition,cec2022,10,20,HHO,12,4450891867762123240,1000000,1000000,3901.8666761575632,1501.8666761575632,1501.8666761575632,22.872837145987432
E2_cec2022_competition,cec2022,10,20,HHO,13,2195484468465534420,1000000,1000000,3134.2483927681405,734.2483927681405,734.2483927681405,22.881216031993972
E2_cec2022_competition,cec2022,10,20,HHO,14,3835301490733113891,1000000,1000000,3256.6249133063966,856.6249133063966,856.6249133063966,22.87398336501792
E2_cec2022_competition,cec2022,10,20,HHO,15,2659710133947519966,1000000,1000000,5161.818191358583,2761.818191358583,2761.818191358583,22.80907530299737
E2_cec2022_competition,cec2022,10,20,HHO,16,4151845428655326899,1000000,1000000,2739.3029282578177,339.3029282578177,339.3029282578177,22.289216598990606
E2_cec2022_competition,cec2022,10,20,HHO,17,8244363076209657987,1000000,1000000,2924.073333250836,524.0733332508362,524.0733332508362,22.36875950099784
E2_cec2022_competition,cec2022,10,20,HHO,18,8026757516385390374,1000000,1000000,3044.443889279324,644.4438892793241,644.4438892793241,21.45118013699539
E2_cec2022_competition,cec2022,10,20,HHO,19,7727071387153582185,1000000,1000000,3129.7344143030155,729.7344143030155,729.7344143030155,20.715109382988885
E2_cec2022_competition,cec2022,10,20,HHO,20,5436420401473606141,1000000,1000000,4089.7130051912827,1689.7130051912827,1689.7130051912827,20.541720943991095
E2_cec2022_competition,cec2022,10,20,HHO,21,1537371042537795974,1000000,1000000,2764.5955609482016,364.59556094820164,364.59556094820164,20.203307381016202
E2_cec2022_competition,cec2022,10,20,HHO,22,6823080137889206349,1000000,1000000,3018.062022875816,618.0620228758162,618.0620228758162,20.261886110994965
E2_cec2022_competition,cec2022,10,20,HHO,23,6637500807694122286,1000000,1000000,2894.3072690457325,494.3072690457325,494.3072690457325,20.459810330998152
E2_cec2022_competition,cec2022,10,20,HHO,24,6742509105554348812,1000000,1000000,3251.9129245426125,851.9129245426125,851.9129245426125,20.146627670997987
E2_cec2022_competition,cec2022,10,20,HHO,25,1988071799673200184,1000000,1000000,2500.9866325167673,100.98663251676726,100.98663251676726,20.567059458990116
E2_cec2022_competition,cec2022,10,20,HHO,26,8176380373608885481,1000000,1000000,2669.893572818231,269.89357281823095,269.89357281823095,20.371851283009164
E2_cec2022_competition,cec2022,10,20,HHO,27,2266427162053129065,1000000,1000000,3320.878051811537,920.8780518115368,920.8780518115368,20.559899217972998
E2_cec2022_competition,cec2022,10,20,HHO,28,9113280390696590448,1000000,1000000,2936.3149216471975,536.3149216471975,536.3149216471975,19.91905670601409
E2_cec2022_competition,cec2022,10,20,HHO,29,6926767999587240486,1000000,1000000,2675.082333818334,275.08233381833406,275.08233381833406,20.337625068990747
E2_cec2022_competition,cec2022,5,20,SEHHO-COBL,0,2013282323628886448,1000000,1000000,901.3629720557724,1.3629720557723886,1.3629720557723886,53.17697715101531
E2_cec2022_competition,cec2022,5,20,SEHHO-COBL,1,611253547555214052,1000000,1000000,901.5420285566053,1.5420285566052598,1.5420285566052598,54.52122283601784
E2_cec2022_competition,cec2022,5,20,SEHHO-COBL,2,1307071312602399937,1000000,1000000,901.0877045380146,1.0877045380145773,1.0877045380145773,41.89921855798457
E2_cec2022_competition,cec2022,5,20,SEHHO-COBL,3,1729301687305349767,1000000,1000000,905.9712334882481,5.971233488248117,5.971233488248117,43.14325876600924
E2_cec2022_competition,cec2022,5,20,SEHHO-COBL,4,9000136310072780572,1000000,1000000,901.8106133078546,1.8106133078546236,1.8106133078546236,37.19812017600634
E2_cec2022_competition,cec2022,5,20,SEHHO-COBL,5,5411397773826198268,1000000,1000000,909.4262960545374,9.426296054537374,9.426296054537374,39.07545217400184
E2_cec2022_competition,cec2022,5,20,SEHHO-COBL,6,637751265870385591,1000000,1000000,900.0000000000001,0.0,1.1368683772161603e-13,49.340366103017004
E2_cec2022_competition,cec2022,5,20,SEHHO-COBL,7,4631710699376017440,1000000,1000000,901.7211029685487,1.7211029685487347,1.7211029685487347,36.450576492992695
E2_cec2022_competition,cec2022,5,20,SEHHO-COBL,8,1518954536336567212,1000000,1000000,903.8863761663051,3.8863761663051264,3.8863761663051264,38.70204987699981
E2_cec2022_competition,cec2022,5,20,SEHHO-COBL,9,2237316976218881932,1000000,1000000,900.2685847512494,0.26858475124936376,0.26858475124936376,43.548449055990204
E2_cec2022_competition,cec2022,5,20,SEHHO-COBL,10,8687940373506565146,1000000,1000000,900.7229087698402,0.72290876984016,0.72290876984016,39.60747777900542
E2_cec2022_competition,cec2022,5,20,SEHHO-COBL,11,3924245443447299347,1000000,1000000,902.7681232464162,2.7681232464161667,2.7681232464161667,43.778286974004004
E2_cec2022_competition,cec2022,5,20,SEHHO-COBL,12,7733135699586634685,1000000,1000000,900.9086480371817,0.9086480371817061,0.9086480371817061,28.89323292899644
E2_cec2022_competition,cec2022,5,20,SEHHO-COBL,13,5380920689303393264,1000000,1000000,900.1790565008329,0.17905650083287128,0.17905650083287128,27.49273293398437
E2_cec2022_competition,cec2022,5,20,SEHHO-COBL,14,5350169784069500409,1000000,1000000,901.2499814610904,1.2499814610904423,1.2499814610904423,27.356128385988995
E2_cec2022_competition,cec2022,5,20,SEHHO-COBL,15,2200062833301665923,1000000,1000000,903.4488317254711,3.448831725471109,3.448831725471109,27.103711018018657
E2_cec2022_competition,cec2022,5,20,SEHHO-COBL,16,3559166141577192353,1000000,1000000,900.6333805194238,0.6333805194237812,0.6333805194237812,26.770993439015
E2_cec2022_competition,cec2022,5,20,SEHHO-COBL,17,3938480753798300973,1000000,1000000,900.0000000000001,0.0,1.1368683772161603e-13,26.86719505599467
E2_cec2022_competition,cec2022,5,20,SEHHO-COBL,18,1481769576132663009,1000000,1000000,900.7229087698403,0.7229087698402736,0.7229087698402736,26.60494518702035
E2_cec2022_competition,cec2022,5,20,SEHHO-COBL,19,822195245017674177,1000000,1000000,901.0877045380145,1.0877045380144637,1.0877045380144637,26.724007161014015
E2_cec2022_competition,cec2022,5,20,SEHHO-COBL,20,3543960140837348103,1000000,1000000,900.1790565008331,0.17905650083309865,0.17905650083309865,26.0118329480174
E2_cec2022_competition,cec2022,5,20,SEHHO-COBL,21,5449598803277265768,1000000,1000000,900.4543240185909,0.4543240185909099,0.4543240185909099,25.50407403797726
E2_cec2022_competition,cec2022,5,20,SEHHO-COBL,22,6307989014925096006,1000000,1000000,900.4543240185909,0.4543240185909099,0.4543240185909099,25.642521713016322
E2_cec2022_competition,cec2022,5,20,SEHHO-COBL,23,6532876506471655836,1000000,1000000,903.2697752246382,3.269775224638238,3.269775224638238,25.11382506301743
E2_cec2022_competition,cec2022,5,20,SEHHO-COBL,24,2075358415910330415,1000000,1000000,900.0895282504166,0.08952825041660617,0.08952825041660617,25.001280312018935
E2_cec2022_competition,cec2022,5,20,SEHHO-COBL,25,7002254432817396151,1000000,1000000,903.2697752246386,3.269775224638579,3.269775224638579,25.217960279027466
E2_cec2022_competition,cec2022,5,20,SEHHO-COBL,26,4568433649669397845,1000000,1000000,908.4480759711254,8.448075971125377,8.448075971125377,25.021744916011812
E2_cec2022_competition,cec2022,5,20,SEHHO-COBL,27,178591252244151649,1000000,1000000,902.9471797472489,2.9471797472489243,2.9471797472489243,25.062019094999414
E2_cec2022_competition,cec2022,5,20,SEHHO-COBL,28,41718030047849274,1000000,1000000,903.4015037658397,3.4015037658397205,3.4015037658397205,24.754194954992272
E2_cec2022_competition,cec2022,5,20,SEHHO-COBL,29,6204171044155352825,1000000,1000000,900.0,0.0,0.0,25.002810612990288
E2_cec2022_competition,cec2022,8,20,HHO,0,4861821291014496367,1000000,1000000,2238.539646334294,38.53964633429405,38.53964633429405,45.0824716000061
E2_cec2022_competition,cec2022,8,20,HHO,1,8561991963610075537,1000000,1000000,2250.2537238564273,50.253723856427314,50.253723856427314,45.3080417420133
E2_cec2022_competition,cec2022,8,20,HHO,2,2958746914943537101,1000000,1000000,2229.4437840502073,29.44378405020734,29.44378405020734,43.22416451401659
E2_cec2022_competition,cec2022,8,20,HHO,3,9192055537329713127,1000000,1000000,2249.426254830393,49.42625483039319,49.42625483039319,42.178749159997096
E2_cec2022_competition,cec2022,8,20,HHO,4,4897461959144045449,1000000,1000000,2230.7019130239096,30.701913023909583,30.701913023909583,42.30283559797681
E2_cec2022_competition,cec2022,8,20,HHO,5,984640417299119234,1000000,1000000,2234.441987237347,34.44198723734689,34.44198723734689,42.962633123010164
E2_cec2022_competition,cec2022,8,20,HHO,6,1725067513291657366,1000000,1000000,2252.204064469617,52.20406446961715,52.20406446961715,47.616909905016655
E2_cec2022_competition,cec2022,8,20,HHO,7,4029801276355715402,1000000,1000000,2235.6819067853435,35.68190678534347,35.68190678534347,47.463966623006854
E2_cec2022_competition,cec2022,8,20,HHO,8,5831127760040108965,1000000,1000000,2249.4133262389273,49.41332623892731,49.41332623892731,47.53794418700272
E2_cec2022_competition,cec2022,8,20,HHO,9,5524427168211406970,1000000,1000000,2351.02232251204,151.02232251203986,151.02232251203986,33.556916105997516
E2_cec2022_competition,cec2022,8,20,HHO,10,4657999751166944338,1000000,1000000,2239.0113497044995,39.01134970449948,39.01134970449948,27.0378874889866
E2_cec2022_competition,cec2022,8,20,HHO,11,1483001269178167680,1000000,1000000,2235.163605769419,35.163605769419064,35.163605769419064,26.069559058989398
E2_cec2022_competition,cec2022,8,20,HHO,12,3462271778364873499,1000000,1000000,2235.0815096202596,35.08150962025957,35.08150962025957,25.768443053006195
E2_cec2022_competition,cec2022,8,20,HHO,13,6792420221372750010,1000000,1000000,2237.131660810318,37.13166081031795,37.13166081031795,25.601274488988565
E2_cec2022_competition,cec2022,8,20,HHO,14,2904955833310993911,1000000,1000000,2228.8503093309255,28.850309330925484,28.850309330925484,25.056005785998423
E2_cec2022_competition,cec2022,8,20,HHO,15,4731893062974471756,1000000,1000000,2232.370325668624,32.37032566862399,32.37032566862399,25.44054655599757
E2_cec2022_competition,cec2022,8,20,HHO,16,4802986876888213738,1000000,1000000,2255.255555261807,55.255555261806876,55.255555261806876,25.132697560009547
E2_cec2022_competition,cec2022,8,20,HHO,17,1373408870479072742,1000000,1000000,2237.653077162089,37.653077162089176,37.653077162089176,30.840583095006878
E2_cec2022_competition,cec2022,8,20,HHO,18,6550975270644411662,1000000,1000000,2253.269982328478,53.26998232847791,53.26998232847791,25.09022418598761
E2_cec2022_competition,cec2022,8,20,HHO,19,5097811801270655209,1000000,1000000,2237.721646976424,37.721646976423926,37.721646976423926,24.725775631988654
E2_cec2022_competition,cec2022,8,20,HHO,20,2625130760721895123,1000000,1000000,2240.9890085220904,40.989008522090444,40.989008522090444,24.42315126498579
E2_cec2022_competition,cec2022,8,20,HHO,21,6588167055004597368,1000000,1000000,2233.4926622476564,33.492662247656426,33.492662247656426,24.078614988015033
E2_cec2022_competition,cec2022,8,20,HHO,22,65285371761608350,1000000,1000000,2233.983752943794,33.983752943794116,33.983752943794116,23.077769619005267
E2_cec2022_competition,cec2022,8,20,HHO,23,7186813553752108577,1000000,1000000,2244.0294451695245,44.02944516952448,44.02944516952448,23.038460070005385
E2_cec2022_competition,cec2022,8,20,HHO,24,1699643998180458032,1000000,1000000,2243.758882566329,43.75888256632879,43.75888256632879,22.938708565023262
E2_cec2022_competition,cec2022,8,20,HHO,25,6814111547972985792,1000000,1000000,2233.3542341894404,33.354234189440376,33.354234189440376,23.007942722004373
E2_cec2022_competition,cec2022,8,20,HHO,26,8248391389429901386,1000000,1000000,2234.781067812288,34.7810678122878,34.7810678122878,23.018715035985224
E2_cec2022_competition,cec2022,8,20,HHO,27,7102468506927679978,1000000,1000000,2232.5724349097536,32.57243490975361,32.57243490975361,23.10701431101188
E2_cec2022_competition,cec2022,8,20,HHO,28,8538043190470571270,1000000,1000000,2236.0250461603787,36.02504616037868,36.02504616037868,22.99572796098073
E2_cec2022_competition,cec2022,8,20,HHO,29,8260635874520323737,1000000,1000000,2250.3930517733847,50.39305177338474,50.39305177338474,22.978028963989345
E2_cec2022_competition,cec2022,7,20,HHO,0,6377240848603690345,1000000,1000000,2136.920326978348,136.92032697834793,136.92032697834793,33.29518516999087
E2_cec2022_competition,cec2022,7,20,HHO,1,205988870819856208,1000000,1000000,2107.9504231272367,107.95042312723672,107.95042312723672,29.861472552991472
E2_cec2022_competition,cec2022,7,20,HHO,2,4755588781790157853,1000000,1000000,2117.66606429702,117.66606429702006,117.66606429702006,34.87605883702054
E2_cec2022_competition,cec2022,7,20,HHO,3,4800392072452604958,1000000,1000000,2086.253264909073,86.2532649090731,86.2532649090731,44.361068516998785
E2_cec2022_competition,cec2022,7,20,HHO,4,3651532987518251873,1000000,1000000,2118.8963333989673,118.89633339896727,118.89633339896727,43.8547223470232
E2_cec2022_competition,cec2022,7,20,HHO,5,3916615386860523284,1000000,1000000,2117.420132574595,117.42013257459485,117.42013257459485,41.495519966003485
E2_cec2022_competition,cec2022,7,20,HHO,6,6334766994168270591,1000000,1000000,2164.250177047186,164.25017704718584,164.25017704718584,43.019053605006775
E2_cec2022_competition,cec2022,7,20,HHO,7,7679130914696059220,1000000,1000000,2123.878282516059,123.87828251605879,123.87828251605879,45.643465427012416
E2_cec2022_competition,cec2022,7,20,HHO,8,1819595284117484811,1000000,1000000,2274.632188311978,274.6321883119781,274.6321883119781,45.381862971989904
E2_cec2022_competition,cec2022,7,20,HHO,9,5362770232849790715,1000000,1000000,2109.6979970451594,109.69799704515935,109.69799704515935,45.5280158680107
E2_cec2022_competition,cec2022,7,20,HHO,10,5561599715465387153,1000000,1000000,2164.740006034907,164.74000603490686,164.74000603490686,40.394651011010865
E2_cec2022_competition,cec2022,7,20,HHO,11,4582783413880994618,1000000,1000000,2168.8472718834714,168.84727188347142,168.84727188347142,31.33564171398757
E2_cec2022_competition,cec2022,7,20,HHO,12,5928781945936391815,1000000,1000000,2082.85588677649,82.85588677649002,82.85588677649002,42.258131631009746
E2_cec2022_competition,cec2022,7,20,HHO,13,5264068014095450929,1000000,1000000,2138.0543231039387,138.0543231039387,138.0543231039387,45.73879131197464
E2_cec2022_competition,cec2022,7,20,HHO,14,7289278012900119085,1000000,1000000,2283.0003258684637,283.00032586846373,283.00032586846373,45.261696155997925
E2_cec2022_competition,cec2022,7,20,HHO,15,8109115669382755586,1000000,1000000,2081.4200198978183,81.42001989781829,81.42001989781829,36.20507792299031
E2_cec2022_competition,cec2022,7,20,HHO,16,8344425366567063707,1000000,1000000,2119.5162929822704,119.51629298227044,119.51629298227044,35.76961794801173
E2_cec2022_competition,cec2022,7,20,HHO,17,6466062847968410357,1000000,1000000,2116.9138014142877,116.91380141428772,116.91380141428772,23.28220996100572
E2_cec2022_competition,cec2022,7,20,HHO,18,8521481185257694875,1000000,1000000,2110.5191026428115,110.5191026428115,110.5191026428115,22.86183832597453
E2_cec2022_competition,cec2022,7,20,HHO,19,9120679022626092376,1000000,1000000,2207.3792670085422,207.37926700854223,207.37926700854223,22.741474128997652
E2_cec2022_competition,cec2022,7,20,HHO,20,5678303933716622093,1000000,1000000,2120.0861312766456,120.08613127664557,120.08613127664557,22.18173048697645
E2_cec2022_competition,cec2022,7,20,HHO,21,4293990798737406826,1000000,1000000,2112.07941210481,112.07941210481022,112.07941210481022,22.46385066601215
E2_cec2022_competition,cec2022,7,20,HHO,22,3092590420205451789,1000000,1000000,2123.374514356702,123.3745143567021,123.3745143567021,22.362339599989355
E2_cec2022_competition,cec2022,7,20,HHO,23,7987663118292113803,1000000,1000000,2120.351144212821,120.35114421282105,120.35114421282105,22.251499817008153
E2_cec2022_competition,cec2022,7,20,HHO,24,1689938179674392192,1000000,1000000,2122.3718825296905,122.37188252969054,122.37188252969054,22.240628636995098
E2_cec2022_competition,cec2022,7,20,HHO,25,3356079177709271155,1000000,1000000,2129.527957505327,129.52795750532687,129.52795750532687,22.314098687988007
E2_cec2022_competition,cec2022,7,20,HHO,26,8624254627614046428,1000000,1000000,2121.553412704899,121.55341270489907,121.55341270489907,22.194219722005073
E2_cec2022_competition,cec2022,7,20,HHO,27,5858233683197966530,1000000,1000000,2138.294077473618,138.29407747361802,138.29407747361802,22.119333534006728
E2_cec2022_competition,cec2022,7,20,HHO,28,4444029844507639918,1000000,1000000,2143.129986045162,143.1299860451618,143.1299860451618,22.756625637004618
E2_cec2022_competition,cec2022,7,20,HHO,29,3685432283389441085,1000000,1000000,2078.4687418055923,78.46874180559234,78.46874180559234,21.993505849997746
E2_cec2022_competition,cec2022,11,20,HHO,0,1895183302195060138,1000000,1000000,2917.3608578350068,317.36085783500675,317.36085783500675,35.4417798909999
E2_cec2022_competition,cec2022,11,20,HHO,1,6278075475392596726,1000000,1000000,2931.4496876175363,331.44968761753626,331.44968761753626,40.82177382899681
E2_cec2022_competition,cec2022,11,20,HHO,2,1921283027008040281,1000000,1000000,2637.6904941309604,37.69049413096036,37.69049413096036,39.23408676200779
E2_cec2022_competition,cec2022,11,20,HHO,3,1701935977704372842,1000000,1000000,2926.8378808453226,326.8378808453226,326.8378808453226,38.141430821997346
E2_cec2022_competition,cec2022,11,20,HHO,4,2996754154004622990,1000000,1000000,2938.239594737403,338.23959473740297,338.23959473740297,38.16821792401606
E2_cec2022_competition,cec2022,11,20,HHO,5,8380651659999587376,1000000,1000000,3004.8519392800326,404.85193928003264,404.85193928003264,38.89373757800786
E2_cec2022_competition,cec2022,11,20,HHO,6,4138893149730710697,1000000,1000000,2934.9142345440096,334.91423454400956,334.91423454400956,37.56590623999364
E2_cec2022_competition,cec2022,11,20,HHO,7,8908257465838853374,1000000,1000000,2929.454065700968,329.45406570096793,329.45406570096793,37.70553116197698
E2_cec2022_competition,cec2022,11,20,HHO,8,4215976995262362743,1000000,1000000,2937.3964370386757,337.3964370386757,337.3964370386757,36.88877615600359
E2_cec2022_competition,cec2022,11,20,HHO,9,1801078154311261601,1000000,1000000,2935.131819113648,335.1318191136479,335.1318191136479,37.084687851020135
E2_cec2022_competition,cec2022,11,20,HHO,10,1823997402928999794,1000000,1000000,3003.152808899946,403.1528088999462,403.1528088999462,27.026620627002558
E2_cec2022_competition,cec2022,11,20,HHO,11,2722652026661938212,1000000,1000000,2935.5022125942373,335.50221259423733,335.50221259423733,24.669093177013565
E2_cec2022_competition,cec2022,11,20,HHO,12,4612674870098216275,1000000,1000000,2923.2027558575983,323.2027558575983,323.2027558575983,24.330093704978935
E2_cec2022_competition,cec2022,11,20,HHO,13,6664425983583145247,1000000,1000000,2933.048052976097,333.0480529760971,333.0480529760971,31.17507336899871
E2_cec2022_competition,cec2022,11,20,HHO,14,6558254955006181971,1000000,1000000,2934.475746223322,334.47574622332195,334.47574622332195,28.74137868001708
E2_cec2022_competition,cec2022,11,20,HHO,15,4351231935410768157,1000000,1000000,2933.1794319388264,333.1794319388264,333.1794319388264,23.26205559898517
E2_cec2022_competition,cec2022,11,20,HHO,16,3461596218449625604,1000000,1000000,2929.8401587491558,329.84015874915576,329.84015874915576,22.779109900002368
E2_cec2022_competition,cec2022,11,20,HHO,17,8354275725872224360,1000000,1000000,3004.5850427699274,404.58504276992744,404.58504276992744,22.55132171799778
E2_cec2022_competition,cec2022,11,20,HHO,18,25461079448839292,1000000,1000000,3003.5335449189815,403.53354491898153,403.53354491898153,22.190451615024358
E2_cec2022_competition,cec2022,11,20,HHO,19,7080667939716970801,1000000,1000000,3003.4895783295447,403.48957832954466,403.48957832954466,22.361097199987853
E2_cec2022_competition,cec2022,11,20,HHO,20,8948746960956027049,1000000,1000000,2933.845349411801,333.8453494118012,333.8453494118012,22.027742634993047
E2_cec2022_competition,cec2022,11,20,HHO,21,4839519990184133933,1000000,1000000,3004.279835159777,404.2798351597771,404.2798351597771,22.269701566983713
E2_cec2022_competition,cec2022,11,20,HHO,22,3951869527406747878,1000000,1000000,2934.7762027769704,334.7762027769704,334.7762027769704,22.308343985001557
E2_cec2022_competition,cec2022,11,20,HHO,23,8414983512789873387,1000000,1000000,3002.7094192428194,402.7094192428194,402.7094192428194,22.392121949989814
E2_cec2022_competition,cec2022,11,20,HHO,24,3957033278445528660,1000000,1000000,2929.060210080156,329.06021008015614,329.06021008015614,22.186134137009503
E2_cec2022_competition,cec2022,11,20,HHO,25,4980020695624971451,1000000,1000000,2929.4487712926516,329.4487712926516,329.4487712926516,22.01013790498837
E2_cec2022_competition,cec2022,11,20,HHO,26,4805995191968198306,1000000,1000000,2919.283577022002,319.2835770220022,319.2835770220022,21.792438556003617
E2_cec2022_competition,cec2022,11,20,HHO,27,794349555881669799,1000000,1000000,2926.767647418241,326.7676474182408,326.7676474182408,22.321103477006545
E2_cec2022_competition,cec2022,11,20,HHO,28,8061599467299655029,1000000,1000000,3002.9457702605714,402.9457702605714,402.9457702605714,22.493538968992652
E2_cec2022_competition,cec2022,11,20,HHO,29,5670082486676181168,1000000,1000000,3003.480836213049,403.48083621304886,403.48083621304886,22.890525993978372
E2_cec2022_competition,cec2022,9,20,SEHHO-COBL,0,4667591177635501794,1000000,1000000,2480.7812716777466,180.78127167774664,180.78127167774664,46.9781358029868
E2_cec2022_competition,cec2022,9,20,SEHHO-COBL,1,1690555447572917774,1000000,1000000,2480.7812716777466,180.78127167774664,180.78127167774664,38.6363070490188
E2_cec2022_competition,cec2022,9,20,SEHHO-COBL,2,2284827597766584657,1000000,1000000,2480.7812716777466,180.78127167774664,180.78127167774664,45.70762275197194
E2_cec2022_competition,cec2022,9,20,SEHHO-COBL,3,6926479298456582069,1000000,1000000,2480.7812716777466,180.78127167774664,180.78127167774664,42.52465775999008
E2_cec2022_competition,cec2022,9,20,SEHHO-COBL,4,4856290254457944701,1000000,1000000,2480.7812716777466,180.78127167774664,180.78127167774664,45.30035308099468
E2_cec2022_competition,cec2022,9,20,SEHHO-COBL,5,5472479437012095307,1000000,1000000,2480.7812716777466,180.78127167774664,180.78127167774664,45.64276898998651
E2_cec2022_competition,cec2022,9,20,SEHHO-COBL,6,479567875164613730,1000000,1000000,2480.7812716777466,180.78127167774664,180.78127167774664,47.8348648850224
E2_cec2022_competition,cec2022,9,20,SEHHO-COBL,7,5261289417231235782,1000000,1000000,2480.781271677747,180.7812716777471,180.7812716777471,47.710778325999854
E2_cec2022_competition,cec2022,9,20,SEHHO-COBL,8,8208014395613131247,1000000,1000000,2480.7812716777466,180.78127167774664,180.78127167774664,50.5729806109739
E2_cec2022_competition,cec2022,9,20,SEHHO-COBL,9,2633973615379734028,1000000,1000000,2480.7812716777466,180.78127167774664,180.78127167774664,33.69109482198837
E2_cec2022_competition,cec2022,9,20,SEHHO-COBL,10,2796175980433612773,1000000,1000000,2480.7812716777466,180.78127167774664,180.78127167774664,29.71838977499283
E2_cec2022_competition,cec2022,9,20,SEHHO-COBL,11,8644578776194117395,1000000,1000000,2480.781271677747,180.7812716777471,180.7812716777471,29.479917754011694
E2_cec2022_competition,cec2022,9,20,SEHHO-COBL,12,8209441714445859325,1000000,1000000,2480.781271677747,180.7812716777471,180.7812716777471,29.143573812005343
E2_cec2022_competition,cec2022,9,20,SEHHO-COBL,13,3156318005744717996,1000000,1000000,2480.781271677747,180.7812716777471,180.7812716777471,29.856256529979873
E2_cec2022_competition,cec2022,9,20,SEHHO-COBL,14,3672314540141487351,1000000,1000000,2480.7812716777466,180.78127167774664,180.78127167774664,29.762862478004536
E2_cec2022_competition,cec2022,9,20,SEHHO-COBL,15,5303828782543576302,1000000,1000000,2480.7812716777466,180.78127167774664,180.78127167774664,29.198605630983366
E2_cec2022_competition,cec2022,9,20,SEHHO-COBL,16,2032317571232355301,1000000,1000000,2480.781271677747,180.7812716777471,180.7812716777471,28.669176066003274
E2_cec2022_competition,cec2022,9,20,SEHHO-COBL,17,301232000448613815,1000000,1000000,2480.7812716777466,180.78127167774664,180.78127167774664,28.177270551008405
E2_cec2022_competition,cec2022,9,20,SEHHO-COBL,18,4345484980708554848,1000000,1000000,2480.781271677747,180.7812716777471,180.7812716777471,27.40809294200153
E2_cec2022_competition,cec2022,9,20,SEHHO-COBL,19,8748826978359447186,1000000,1000000,2480.7812716777466,180.78127167774664,180.78127167774664,27.45610076500452
E2_cec2022_competition,cec2022,9,20,SEHHO-COBL,20,6633208126778792397,1000000,1000000,2480.7812716777466,180.78127167774664,180.78127167774664,26.975093763001496
E2_cec2022_competition,cec2022,9,20,SEHHO-COBL,21,1468664425792778880,1000000,1000000,2480.7812716777466,180.78127167774664,180.78127167774664,27.15619099099422
E2_cec2022_competition,cec2022,9,20,SEHHO-COBL,22,2024158769698093929,1000000,1000000,2480.7812716777466,180.78127167774664,180.78127167774664,26.888041156023974
E2_cec2022_competition,cec2022,9,20,SEHHO-COBL,23,4728746201680061876,1000000,1000000,2480.7812716777466,180.78127167774664,180.78127167774664,27.061962784995558
E2_cec2022_competition,cec2022,9,20,SEHHO-COBL,24,7093844181611499216,1000000,1000000,2480.7812716777466,180.78127167774664,180.78127167774664,26.64756298199063
E2_cec2022_competition,cec2022,9,20,SEHHO-COBL,25,6862699367631145280,1000000,1000000,2480.7812716777466,180.78127167774664,180.78127167774664,26.936082892993
E2_cec2022_competition,cec2022,9,20,SEHHO-COBL,26,5066491486279474990,1000000,1000000,2480.781271677747,180.7812716777471,180.7812716777471,26.542000085988548
E2_cec2022_competition,cec2022,9,20,SEHHO-COBL,27,4905117146800864622,1000000,1000000,2480.7812716777466,180.78127167774664,180.78127167774664,26.908645171002718
E2_cec2022_competition,cec2022,9,20,SEHHO-COBL,28,5626719738309565467,1000000,1000000,2480.7812716777466,180.78127167774664,180.78127167774664,26.58166010302375
E2_cec2022_competition,cec2022,9,20,SEHHO-COBL,29,263836144258774452,1000000,1000000,2480.7812716777466,180.78127167774664,180.78127167774664,26.49071407399606
E2_cec2022_competition,cec2022,10,20,SEHHO-COBL,0,2422262165682118239,1000000,1000000,2400.1249173747397,0.12491737473965259,0.12491737473965259,58.9496132839995
E2_cec2022_competition,cec2022,10,20,SEHHO-COBL,1,4012771307243880311,1000000,1000000,2500.505594268231,100.5055942682311,100.5055942682311,44.89915077100159
E2_cec2022_competition,cec2022,10,20,SEHHO-COBL,2,2382661804291695143,1000000,1000000,2500.4003379605715,100.4003379605715,100.4003379605715,38.995395318983356
E2_cec2022_competition,cec2022,10,20,SEHHO-COBL,3,2351512860219257660,1000000,1000000,2438.211441823501,38.21144182350099,38.21144182350099,33.3999258519907
E2_cec2022_competition,cec2022,10,20,SEHHO-COBL,4,5616921895791672465,1000000,1000000,2500.4183224754906,100.41832247549064,100.41832247549064,33.66499355700216
E2_cec2022_competition,cec2022,10,20,SEHHO-COBL,5,2002475589827180520,1000000,1000000,2500.4535105094164,100.45351050941645,100.45351050941645,42.69377653198899
E2_cec2022_competition,cec2022,10,20,SEHHO-COBL,6,7215953222035260113,1000000,1000000,2500.516404827448,100.51640482744779,100.51640482744779,43.224570957012475
E2_cec2022_competition,cec2022,10,20,SEHHO-COBL,7,2901235648709949294,1000000,1000000,2400.093691964878,0.09369196487796216,0.09369196487796216,37.53335107001476
E2_cec2022_competition,cec2022,10,20,SEHHO-COBL,8,838497048988596875,1000000,1000000,2400.156177853784,0.1561778537839018,0.1561778537839018,31.88845967600355
E2_cec2022_competition,cec2022,10,20,SEHHO-COBL,9,6744589671481841628,1000000,1000000,2500.412668881703,100.41266888170321,100.41266888170321,30.320491003018105
E2_cec2022_competition,cec2022,10,20,SEHHO-COBL,10,8135817701119876301,1000000,1000000,2500.315918147327,100.31591814732701,100.31591814732701,31.146797674999107
E2_cec2022_competition,cec2022,10,20,SEHHO-COBL,11,7066850236687087318,1000000,1000000,2500.557404906124,100.5574049061238,100.5574049061238,30.59687338999356
E2_cec2022_competition,cec2022,10,20,SEHHO-COBL,12,5941999282256839612,1000000,1000000,2623.5969113274004,223.59691132740045,223.59691132740045,29.94521433999762
E2_cec2022_competition,cec2022,10,20,SEHHO-COBL,13,3062341492732429305,1000000,1000000,2500.4199027153245,100.4199027153245,100.4199027153245,30.159392375004245
E2_cec2022_competition,cec2022,10,20,SEHHO-COBL,14,645303607074805135,1000000,1000000,2500.439805780966,100.4398057809658,100.4398057809658,30.331726546981372
E2_cec2022_competition,cec2022,10,20,SEHHO-COBL,15,8071754338553782258,1000000,1000000,2448.9389975640966,48.93899756409655,48.93899756409655,28.188425945001654
E2_cec2022_competition,cec2022,10,20,SEHHO-COBL,16,6505982915489765476,1000000,1000000,2500.4575076151946,100.45750761519457,100.45750761519457,28.630187709000893
E2_cec2022_competition,cec2022,10,20,SEHHO-COBL,17,6075455153025729117,1000000,1000000,2500.3292441514427,100.32924415144271,100.32924415144271,28.046876701992005
E2_cec2022_competition,cec2022,10,20,SEHHO-COBL,18,7058097492092322582,1000000,1000000,2400.1873885888567,0.18738858885672016,0.18738858885672016,26.367118324997136
E2_cec2022_competition,cec2022,10,20,SEHHO-COBL,19,5949140037099450918,1000000,1000000,2500.524827165654,100.52482716565419,100.52482716565419,26.962948973989114
E2_cec2022_competition,cec2022,10,20,SEHHO-COBL,20,7936856343799030989,1000000,1000000,2500.4691251986183,100.46912519861826,100.46912519861826,27.049249439995037
E2_cec2022_competition,cec2022,10,20,SEHHO-COBL,21,7008356156935019589,1000000,1000000,2400.0936889252885,0.09368892528846118,0.09368892528846118,26.427328786987346
E2_cec2022_competition,cec2022,10,20,SEHHO-COBL,22,1218420060402601726,1000000,1000000,2400.031234415322,0.031234415322160203,0.031234415322160203,26.203842672985047
E2_cec2022_competition,cec2022,10,20,SEHHO-COBL,23,7389929914239969406,1000000,1000000,2500.432859672992,100.43285967299198,100.43285967299198,26.972142347018234
E2_cec2022_competition,cec2022,10,20,SEHHO-COBL,24,8507028042441011757,1000000,1000000,2400.0936898226596,0.09368982265959858,0.09368982265959858,26.08144780798466
E2_cec2022_competition,cec2022,10,20,SEHHO-COBL,25,8020756603944483459,1000000,1000000,2500.409736599381,100.40973659938118,100.40973659938118,26.842087434022687
E2_cec2022_competition,cec2022,10,20,SEHHO-COBL,26,8799115686930861530,1000000,1000000,2400.0624621627917,0.06246216279168948,0.06246216279168948,25.967315569985658
E2_cec2022_competition,cec2022,10,20,SEHHO-COBL,27,2363119883372489283,1000000,1000000,2400.1561492180663,0.15614921806627535,0.15614921806627535,26.20431010000175
E2_cec2022_competition,cec2022,10,20,SEHHO-COBL,28,1345288281411287853,1000000,1000000,2500.378654462178,100.37865446217802,100.37865446217802,26.938387725997018
E2_cec2022_competition,cec2022,10,20,SEHHO-COBL,29,4043936439769256600,1000000,1000000,2500.571686348329,100.57168634832897,100.57168634832897,26.407493734994205
E2_cec2022_competition,cec2022,6,20,SEHHO-COBL,0,1672267175723833665,1000000,1000000,1893.3881231294831,93.38812312948312,93.38812312948312,58.15656400998705
E2_cec2022_competition,cec2022,6,20,SEHHO-COBL,1,8006840454563724422,1000000,1000000,1832.2597974014675,32.259797401467495,32.259797401467495,49.73137755901553
E2_cec2022_competition,cec2022,6,20,SEHHO-COBL,2,1275969967856890771,1000000,1000000,1941.7724519396443,141.77245193964427,141.77245193964427,62.85138239298249
E2_cec2022_competition,cec2022,6,20,SEHHO-COBL,3,521825342937869116,1000000,1000000,1859.209205250541,59.20920525054089,59.20920525054089,55.30233603299712
E2_cec2022_competition,cec2022,6,20,SEHHO-COBL,4,5366449838546975081,1000000,1000000,1864.47470422945,64.47470422945003,64.47470422945003,46.02700317601557
E2_cec2022_competition,cec2022,6,20,SEHHO-COBL,5,7133860516844091569,1000000,1000000,1852.157136691237,52.15713669123693,52.15713669123693,46.378319128998555
E2_cec2022_competition,cec2022,6,20,SEHHO-COBL,6,4118342613390664885,1000000,1000000,1909.4354690793205,109.43546907932046,109.43546907932046,46.07358664798085
E2_cec2022_competition,cec2022,6,20,SEHHO-COBL,7,2346781065055454177,1000000,1000000,1880.77023206104,80.7702320610399,80.7702320610399,50.870888019999256
E2_cec2022_competition,cec2022,6,20,SEHHO-COBL,8,3971219539090333466,1000000,1000000,1927.6147250546974,127.61472505469737,127.61472505469737,50.63978032200248
E2_cec2022_competition,cec2022,6,20,SEHHO-COBL,9,2300930072192705455,1000000,1000000,1827.904353788087,27.904353788087064,27.904353788087064,54.390999798022676
E2_cec2022_competition,cec2022,6,20,SEHHO-COBL,10,1174166531947170368,1000000,1000000,1924.4377592609203,124.4377592609203,124.4377592609203,61.19458949097316
E2_cec2022_competition,cec2022,6,20,SEHHO-COBL,11,1226289659205985537,1000000,1000000,1942.3950961226594,142.39509612265942,142.39509612265942,60.113043149001896
E2_cec2022_competition,cec2022,6,20,SEHHO-COBL,12,6195836564957068998,1000000,1000000,1894.9782262329431,94.97822623294314,94.97822623294314,44.465353283972945
E2_cec2022_competition,cec2022,6,20,SEHHO-COBL,13,3173300904824568762,1000000,1000000,1934.8284950943146,134.82849509431458,134.82849509431458,30.898521736002294
E2_cec2022_competition,cec2022,6,20,SEHHO-COBL,14,3143454308204850944,1000000,1000000,1845.1863308251632,45.18633082516317,45.18633082516317,28.229423300013877
E2_cec2022_competition,cec2022,6,20,SEHHO-COBL,15,4422789628790947330,1000000,1000000,1868.5909242080845,68.59092420808452,68.59092420808452,29.354545763984788
E2_cec2022_competition,cec2022,6,20,SEHHO-COBL,16,7215575977594386557,1000000,1000000,1857.855184801517,57.855184801517,57.855184801517,29.058751558011863
E2_cec2022_competition,cec2022,6,20,SEHHO-COBL,17,6684482308063797451,1000000,1000000,1873.4290319417348,73.42903194173482,73.42903194173482,28.821147134993225
E2_cec2022_competition,cec2022,6,20,SEHHO-COBL,18,2193935649690347232,1000000,1000000,1875.2190764000616,75.21907640006157,75.21907640006157,28.54732648297795
E2_cec2022_competition,cec2022,6,20,SEHHO-COBL,19,2126445355878784871,1000000,1000000,1829.1357755592833,29.135775559283275,29.135775559283275,29.112336852995213
E2_cec2022_competition,cec2022,6,20,SEHHO-COBL,20,788907236063063253,1000000,1000000,1927.8663176255477,127.86631762554771,127.86631762554771,28.9888687650091
E2_cec2022_competition,cec2022,6,20,SEHHO-COBL,21,563086481663926286,1000000,1000000,1860.9779003918022,60.97790039180222,60.97790039180222,29.01002769198385
E2_cec2022_competition,cec2022,6,20,SEHHO-COBL,22,1025988850123532008,1000000,1000000,1917.7196110016837,117.71961100168369,117.71961100168369,28.99479149398394
E2_cec2022_competition,cec2022,6,20,SEHHO-COBL,23,796532545093421320,1000000,1000000,1853.592943187315,53.592943187315086,53.592943187315086,28.28655511600664
E2_cec2022_competition,cec2022,6,20,SEHHO-COBL,24,187829688583374346,1000000,1000000,1921.2648519442812,121.26485194428119,121.26485194428119,28.393693746998906
E2_cec2022_competition,cec2022,6,20,SEHHO-COBL,25,6808224698825643677,1000000,1000000,1907.1903693206243,107.19036932062431,107.19036932062431,28.317327193013625
E2_cec2022_competition,cec2022,6,20,SEHHO-COBL,26,4098559185682008430,1000000,1000000,1954.2053441044318,154.2053441044318,154.2053441044318,27.803884492983343
E2_cec2022_competition,cec2022,6,20,SEHHO-COBL,27,2501086434312510588,1000000,1000000,1855.7637481255313,55.763748125531265,55.763748125531265,27.873688679013867
E2_cec2022_competition,cec2022,6,20,SEHHO-COBL,28,4399574167111372197,1000000,1000000,1973.5836405132732,173.58364051327317,173.58364051327317,28.12276879698038
E2_cec2022_competition,cec2022,6,20,SEHHO-COBL,29,941796398790043972,1000000,1000000,1831.8428692640275,31.842869264027513,31.842869264027513,28.08808036497794
E2_cec2022_competition,cec2022,12,20,HHO,0,5377013247199653678,1000000,1000000,3018.0901442970976,318.0901442970976,318.0901442970976,37.57399177597836
E2_cec2022_competition,cec2022,12,20,HHO,1,572873226535861128,1000000,1000000,3069.6248312777648,369.62483127776477,369.62483127776477,40.759753852995345
E2_cec2022_competition,cec2022,12,20,HHO,2,2314619596484555450,1000000,1000000,2960.070246296723,260.07024629672287,260.07024629672287,34.406233988003805
E2_cec2022_competition,cec2022,12,20,HHO,3,5939090256584252757,1000000,1000000,3066.985852606823,366.98585260682285,366.98585260682285,46.00353034000727
E2_cec2022_competition,cec2022,12,20,HHO,4,3304073333946332810,1000000,1000000,3055.3100947269395,355.3100947269395,355.3100947269395,47.051411730004475
E2_cec2022_competition,cec2022,12,20,HHO,5,4510928996992962287,1000000,1000000,3055.8127036839487,355.8127036839487,355.8127036839487,45.910144804016454
E2_cec2022_competition,cec2022,12,20,HHO,6,5371505867119645652,1000000,1000000,2968.1283560645898,268.12835606458975,268.12835606458975,24.05798933299957
E2_cec2022_competition,cec2022,12,20,HHO,7,75320278833036241,1000000,1000000,3024.8957200058617,324.8957200058617,324.8957200058617,23.85599545997684
E2_cec2022_competition,cec2022,12,20,HHO,8,6268085221350893838,1000000,1000000,2994.3155957756776,294.3155957756776,294.3155957756776,23.684971125010634
E2_cec2022_competition,cec2022,12,20,HHO,9,7804009553271115742,1000000,1000000,3065.6211809881274,365.62118098812743,365.62118098812743,23.25278070301283
E2_cec2022_competition,cec2022,12,20,HHO,10,430705609983879161,1000000,1000000,2993.14263238241,293.14263238240983,293.14263238240983,22.687758579995716
E2_cec2022_competition,cec2022,12,20,HHO,11,7530621306860082350,1000000,1000000,2984.441983790244,284.4419837902442,284.4419837902442,22.408754917007172
E2_cec2022_competition,cec2022,12,20,HHO,12,418118734285055865,1000000,1000000,3014.2458489820574,314.2458489820574,314.2458489820574,22.12055071699433
E2_cec2022_competition,cec2022,12,20,HHO,13,2834412484177241184,1000000,1000000,3028.2878649253034,328.28786492530344,328.28786492530344,22.252746996004134
E2_cec2022_competition,cec2022,12,20,HHO,14,452281860121675240,1000000,1000000,3059.3298627801228,359.32986278012277,359.32986278012277,22.200400665024063
E2_cec2022_competition,cec2022,12,20,HHO,15,3620255876708573990,1000000,1000000,2980.7657285636997,280.76572856369967,280.76572856369967,22.282174551015487
E2_cec2022_competition,cec2022,12,20,HHO,16,3928614892357809393,1000000,1000000,3040.3292392219096,340.3292392219096,340.3292392219096,22.414716187980957
E2_cec2022_competition,cec2022,12,20,HHO,17,5191936112036839736,1000000,1000000,3012.053464454438,312.0534644544382,312.0534644544382,22.223113685002318
E2_cec2022_competition,cec2022,12,20,HHO,18,7723481391940232613,1000000,1000000,3191.61967393979,491.6196739397901,491.6196739397901,22.217973574995995
E2_cec2022_competition,cec2022,12,20,HHO,19,8873082141040188341,1000000,1000000,3139.2729897143427,439.27298971434266,439.27298971434266,22.019630449998658
E2_cec2022_competition,cec2022,12,20,HHO,20,6661216859095933700,1000000,1000000,3005.7225605523545,305.7225605523545,305.7225605523545,21.830023900984088
E2_cec2022_competition,cec2022,12,20,HHO,21,9202035083501702041,1000000,1000000,3075.4714720776597,375.47147207765966,375.47147207765966,21.763127901009284
E2_cec2022_competition,cec2022,12,20,HHO,22,7568797379603573893,1000000,1000000,2987.6853817579354,287.6853817579354,287.6853817579354,21.74080484098522
E2_cec2022_competition,cec2022,12,20,HHO,23,8169473655833746848,1000000,1000000,2998.00292815753,298.0029281575298,298.0029281575298,21.58622149200528
E2_cec2022_competition,cec2022,12,20,HHO,24,6798496004561168706,1000000,1000000,3029.165166518803,329.16516651880283,329.16516651880283,21.620688860013615
E2_cec2022_competition,cec2022,12,20,HHO,25,2311152802618720608,1000000,1000000,3129.3702180772198,429.37021807721976,429.37021807721976,21.819603295996785
E2_cec2022_competition,cec2022,12,20,HHO,26,8302685135406057545,1000000,1000000,2983.72521252899,283.72521252899014,283.72521252899014,21.602504322014283
E2_cec2022_competition,cec2022,12,20,HHO,27,1121391212250484746,1000000,1000000,2964.355569292095,264.35556929209497,264.35556929209497,21.633967515983386
E2_cec2022_competition,cec2022,12,20,HHO,28,3649703474366779789,1000000,1000000,3600.19027415171,900.1902741517101,900.1902741517101,21.565487462998135
E2_cec2022_competition,cec2022,12,20,HHO,29,8700116921544022945,1000000,1000000,2973.3190598127812,273.31905981278123,273.31905981278123,21.502032265998423
E2_cec2022_competition,cec2022,8,20,SEHHO-COBL,0,4436080035217746417,1000000,1000000,2222.207121626413,22.207121626413027,22.207121626413027,53.600831318006385
E2_cec2022_competition,cec2022,8,20,SEHHO-COBL,1,8915261055344282317,1000000,1000000,2221.453461179354,21.45346117935378,21.45346117935378,43.13207251499989
E2_cec2022_competition,cec2022,8,20,SEHHO-COBL,2,7113216736404454704,1000000,1000000,2220.398878782055,20.398878782054908,20.398878782054908,48.101465032988926
E2_cec2022_competition,cec2022,8,20,SEHHO-COBL,3,3674119346820971731,1000000,1000000,2221.117154699519,21.117154699518778,21.117154699518778,49.72419463598635
E2_cec2022_competition,cec2022,8,20,SEHHO-COBL,4,5882004212054024104,1000000,1000000,2220.595745824706,20.595745824705773,20.595745824705773,54.983747594000306
E2_cec2022_competition,cec2022,8,20,SEHHO-COBL,5,5206485305935528,1000000,1000000,2220.9408922942753,20.940892294275272,20.940892294275272,55.406917437008815
E2_cec2022_competition,cec2022,8,20,SEHHO-COBL,6,8716852541546129739,1000000,1000000,2220.454013030441,20.45401303044082,20.45401303044082,60.99613320402568
E2_cec2022_competition,cec2022,8,20,SEHHO-COBL,7,1903264840790733829,1000000,1000000,2220.74283237687,20.742832376869956,20.742832376869956,55.69186459801858
E2_cec2022_competition,cec2022,8,20,SEHHO-COBL,8,3059692352176648551,1000000,1000000,2220.627877173708,20.62787717370793,20.62787717370793,51.586233612004435
E2_cec2022_competition,cec2022,8,20,SEHHO-COBL,9,4117994643894901850,1000000,1000000,2220.6412621767286,20.64126217672856,20.64126217672856,49.80505467898911
E2_cec2022_competition,cec2022,8,20,SEHHO-COBL,10,1015802713986950952,1000000,1000000,2220.2971702516975,20.29717025169748,20.29717025169748,33.95855395300896
E2_cec2022_competition,cec2022,8,20,SEHHO-COBL,11,599024021903105669,1000000,1000000,2220.70756593341,20.707565933410024,20.707565933410024,34.969770343013806
E2_cec2022_competition,cec2022,8,20,SEHHO-COBL,12,7646743032602735964,1000000,1000000,2220.375715916103,20.375715916103218,20.375715916103218,34.48343566802214
E2_cec2022_competition,cec2022,8,20,SEHHO-COBL,13,3479605271211301635,1000000,1000000,2220.6861234773887,20.68612347738872,20.68612347738872,33.745670235017315
E2_cec2022_competition,cec2022,8,20,SEHHO-COBL,14,5350242887081811182,1000000,1000000,2220.609152252416,20.609152252416152,20.609152252416152,33.21108710402041
E2_cec2022_competition,cec2022,8,20,SEHHO-COBL,15,2366032913922205220,1000000,1000000,2220.6040628977867,20.604062897786662,20.604062897786662,32.20085367700085
E2_cec2022_competition,cec2022,8,20,SEHHO-COBL,16,9067609791702488410,1000000,1000000,2220.7084176727058,20.708417672705764,20.708417672705764,31.361862113000825
E2_cec2022_competition,cec2022,8,20,SEHHO-COBL,17,911067631510303787,1000000,1000000,2220.7661339331858,20.766133933185756,20.766133933185756,31.292407583008753
E2_cec2022_competition,cec2022,8,20,SEHHO-COBL,18,993429968351924534,1000000,1000000,2220.5934444883746,20.593444488374644,20.593444488374644,31.258023802976822
E2_cec2022_competition,cec2022,8,20,SEHHO-COBL,19,6703817099259826603,1000000,1000000,2220.699956623449,20.699956623448998,20.699956623448998,31.34321766300127
E2_cec2022_competition,cec2022,8,20,SEHHO-COBL,20,1402717582145913364,1000000,1000000,2220.778987609975,20.778987609975047,20.778987609975047,31.08422126597725
E2_cec2022_competition,cec2022,8,20,SEHHO-COBL,21,3000301153571180224,1000000,1000000,2220.949598158702,20.949598158701974,20.949598158701974,30.912200701975962
E2_cec2022_competition,cec2022,8,20,SEHHO-COBL,22,492765402751214180,1000000,1000000,2220.638283877297,20.638283877297,20.638283877297,30.433533076982712
E2_cec2022_competition,cec2022,8,20,SEHHO-COBL,23,1601486184825993714,1000000,1000000,2220.726616450455,20.726616450454912,20.726616450454912,30.67321416598861
E2_cec2022_competition,cec2022,8,20,SEHHO-COBL,24,3315732794877561797,1000000,1000000,2220.583608787148,20.583608787148023,20.583608787148023,30.713245168997673
E2_cec2022_competition,cec2022,8,20,SEHHO-COBL,25,5435871369059654875,1000000,1000000,2220.6771296002016,20.677129600201624,20.677129600201624,30.428064620005898
E2_cec2022_competition,cec2022,8,20,SEHHO-COBL,26,8547603845572301135,1000000,1000000,2220.8174533919982,20.817453391998242,20.817453391998242,30.39399656202295
E2_cec2022_competition,cec2022,8,20,SEHHO-COBL,27,444926099656489680,1000000,1000000,2220.8278266092443,20.827826609244312,20.827826609244312,30.185040341020795
E2_cec2022_competition,cec2022,8,20,SEHHO-COBL,28,1462640439794809562,1000000,1000000,2220.965758311323,20.965758311323043,20.965758311323043,30.13214190400322
E2_cec2022_competition,cec2022,8,20,SEHHO-COBL,29,8286844114716651215,1000000,1000000,2220.593700560754,20.59370056075386,20.59370056075386,30.274630386993522
E2_cec2022_competition,cec2022,7,20,SEHHO-COBL,0,6666303021858136631,1000000,1000000,2006.952139352225,6.952139352225004,6.952139352225004,59.847013057995355
E2_cec2022_competition,cec2022,7,20,SEHHO-COBL,1,844197154564907890,1000000,1000000,2005.9577919554545,5.957791955454468,5.957791955454468,56.803905206004856
E2_cec2022_competition,cec2022,7,20,SEHHO-COBL,2,4562323276927911573,1000000,1000000,2025.5439383660282,25.543938366028215,25.543938366028215,35.13671408497612
E2_cec2022_competition,cec2022,7,20,SEHHO-COBL,3,7794342359463062970,1000000,1000000,2021.2624218070844,21.262421807084365,21.262421807084365,50.55093121499522
E2_cec2022_competition,cec2022,7,20,SEHHO-COBL,4,598746380841529502,1000000,1000000,2007.9972597253175,7.997259725317463,7.997259725317463,42.21426661699661
E2_cec2022_competition,cec2022,7,20,SEHHO-COBL,5,8034825147819514369,1000000,1000000,2021.5035417925144,21.503541792514397,21.503541792514397,58.23339998500887
E2_cec2022_competition,cec2022,7,20,SEHHO-COBL,6,4489973175408934069,1000000,1000000,2021.7884967489324,21.788496748932403,21.788496748932403,55.00496473899693
E2_cec2022_competition,cec2022,7,20,SEHHO-COBL,7,870582413453682399,1000000,1000000,2023.8397041077458,23.839704107745774,23.839704107745774,52.876524479012005
E2_cec2022_competition,cec2022,7,20,SEHHO-COBL,8,4394699755652922828,1000000,1000000,2024.6529619621458,24.65296196214581,24.65296196214581,49.40303392300848
E2_cec2022_competition,cec2022,7,20,SEHHO-COBL,9,6754829699333055172,1000000,1000000,2007.8569982288022,7.85699822880224,7.85699822880224,38.968137634015875
E2_cec2022_competition,cec2022,7,20,SEHHO-COBL,10,6258783619386942336,1000000,1000000,2022.5746640128714,22.57466401287138,22.57466401287138,57.17925616801949
E2_cec2022_competition,cec2022,7,20,SEHHO-COBL,11,5130498441282683932,1000000,1000000,2021.6940408439189,21.694040843918856,21.694040843918856,59.71803794099833
E2_cec2022_competition,cec2022,7,20,SEHHO-COBL,12,5126384768321520457,1000000,1000000,2003.1456161520932,3.1456161520932255,3.1456161520932255,58.97211712200078
E2_cec2022_competition,cec2022,7,20,SEHHO-COBL,13,626919915718457958,1000000,1000000,2017.8900043945828,17.890004394582775,17.890004394582775,34.93737382997642
E2_cec2022_competition,cec2022,7,20,SEHHO-COBL,14,5381778078230365322,1000000,1000000,2025.037636656759,25.037636656759105,25.037636656759105,30.969346164987655
E2_cec2022_competition,cec2022,7,20,SEHHO-COBL,15,1843267579833278992,1000000,1000000,2011.8748699952562,11.874869995256176,11.874869995256176,30.041429161996348
E2_cec2022_competition,cec2022,7,20,SEHHO-COBL,16,692173502645578486,1000000,1000000,2021.6741480379324,21.674148037932355,21.674148037932355,29.22189194598468
E2_cec2022_competition,cec2022,7,20,SEHHO-COBL,17,4594459341976119974,1000000,1000000,2007.46035032791,7.460350327909964,7.460350327909964,29.498103291989537
E2_cec2022_competition,cec2022,7,20,SEHHO-COBL,18,8211786942976628555,1000000,1000000,2010.7464657897879,10.746465789787862,10.746465789787862,29.302947346004657
E2_cec2022_competition,cec2022,7,20,SEHHO-COBL,19,3363155949138748767,1000000,1000000,2017.7325366336781,17.732536633678137,17.732536633678137,29.469698295986746
E2_cec2022_competition,cec2022,7,20,SEHHO-COBL,20,5447606627810880895,1000000,1000000,2016.022206526905,16.022206526904938,16.022206526904938,29.195184153999435
E2_cec2022_competition,cec2022,7,20,SEHHO-COBL,21,4897272798003554154,1000000,1000000,2021.3749177844948,21.374917784494755,21.374917784494755,29.22941391498898
E2_cec2022_competition,cec2022,7,20,SEHHO-COBL,22,1028889600344273046,1000000,1000000,2004.5539361614735,4.55393616147353,4.55393616147353,28.799451653001597
E2_cec2022_competition,cec2022,7,20,SEHHO-COBL,23,8235437511414329409,1000000,1000000,2021.7141074056851,21.714107405685127,21.714107405685127,29.04558761799126
E2_cec2022_competition,cec2022,7,20,SEHHO-COBL,24,8529648912107105289,1000000,1000000,2006.2694470942683,6.269447094268344,6.269447094268344,28.928099946992006
E2_cec2022_competition,cec2022,7,20,SEHHO-COBL,25,7888329900245029791,1000000,1000000,2021.462911132316,21.462911132316094,21.462911132316094,28.86727114499081
E2_cec2022_competition,cec2022,7,20,SEHHO-COBL,26,2547464384893731213,1000000,1000000,2021.382996782264,21.382996782263945,21.382996782263945,28.53307554399362
E2_cec2022_competition,cec2022,7,20,SEHHO-COBL,27,3574187275801148640,1000000,1000000,2022.6108000664924,22.610800066492402,22.610800066492402,28.757941415009554
E2_cec2022_competition,cec2022,7,20,SEHHO-COBL,28,4069004851529557693,1000000,1000000,2022.3511648756528,22.351164875652785,22.351164875652785,28.562260063015856
E2_cec2022_competition,cec2022,7,20,SEHHO-COBL,29,1164365709655873564,1000000,1000000,2011.1610877896333,11.161087789633257,11.161087789633257,28.737785340024857
E2_cec2022_competition,cec2022,11,20,SEHHO-COBL,0,3981696712732213083,1000000,1000000,2900.0,300.0,300.0,34.50992540200241
E2_cec2022_competition,cec2022,11,20,SEHHO-COBL,1,4395605569188897022,1000000,1000000,3000.0000000000005,400.00000000000045,400.00000000000045,58.32023213899811
E2_cec2022_competition,cec2022,11,20,SEHHO-COBL,2,5352303931127356540,1000000,1000000,2900.0000000000005,300.00000000000045,300.00000000000045,60.95094266399974
E2_cec2022_competition,cec2022,11,20,SEHHO-COBL,3,5040016336115407179,1000000,1000000,3000.0000000000005,400.00000000000045,400.00000000000045,63.24158893999993
E2_cec2022_competition,cec2022,11,20,SEHHO-COBL,4,708980202583635186,1000000,1000000,2900.0000000000005,300.00000000000045,300.00000000000045,59.359153774013976
E2_cec2022_competition,cec2022,11,20,SEHHO-COBL,5,3285346442689547646,1000000,1000000,2900.0000000000005,300.00000000000045,300.00000000000045,43.538046055007726
E2_cec2022_competition,cec2022,11,20,SEHHO-COBL,6,4432683794179734576,1000000,1000000,2900.000000000001,300.0000000000009,300.0000000000009,54.90187791801873
E2_cec2022_competition,cec2022,11,20,SEHHO-COBL,7,8789536452365163902,1000000,1000000,2900.0000000000005,300.00000000000045,300.00000000000045,58.67116486298619
E2_cec2022_competition,cec2022,11,20,SEHHO-COBL,8,5438962255575640554,1000000,1000000,2900.0000000000005,300.00000000000045,300.00000000000045,57.90943698500632
E2_cec2022_competition,cec2022,11,20,SEHHO-COBL,9,612783999027156757,1000000,1000000,2900.0000000000005,300.00000000000045,300.00000000000045,35.11296474098344
E2_cec2022_competition,cec2022,11,20,SEHHO-COBL,10,5064520110565751488,1000000,1000000,2900.0000000000005,300.00000000000045,300.00000000000045,30.22052666899981
E2_cec2022_competition,cec2022,11,20,SEHHO-COBL,11,7184864285646164989,1000000,1000000,2900.000000000001,300.0000000000009,300.0000000000009,29.665998037991812
E2_cec2022_competition,cec2022,11,20,SEHHO-COBL,12,6409834611571257980,1000000,1000000,2900.0000000000005,300.00000000000045,300.00000000000045,28.289609404979274
E2_cec2022_competition,cec2022,11,20,SEHHO-COBL,13,7572431679503367155,1000000,1000000,2900.0000000000005,300.00000000000045,300.00000000000045,28.2532710180094
E2_cec2022_competition,cec2022,11,20,SEHHO-COBL,14,4629651558508474474,1000000,1000000,2900.0000000000005,300.00000000000045,300.00000000000045,29.165802375006024
E2_cec2022_competition,cec2022,11,20,SEHHO-COBL,15,1279102914924499753,1000000,1000000,2900.0000000000005,300.00000000000045,300.00000000000045,28.173074500984512
E2_cec2022_competition,cec2022,11,20,SEHHO-COBL,16,6680298535861971707,1000000,1000000,2900.000000000001,300.0000000000009,300.0000000000009,27.92534797199187
E2_cec2022_competition,cec2022,11,20,SEHHO-COBL,17,6488140765154546895,1000000,1000000,2900.0000000000005,300.00000000000045,300.00000000000045,27.874885864002863
E2_cec2022_competition,cec2022,11,20,SEHHO-COBL,18,97152213202966231,1000000,1000000,2900.0000000000005,300.00000000000045,300.00000000000045,27.68227790601668
E2_cec2022_competition,cec2022,11,20,SEHHO-COBL,19,5490503239918601631,1000000,1000000,2900.0,300.0,300.0,28.13781561900396
E2_cec2022_competition,cec2022,11,20,SEHHO-COBL,20,3686962752679428791,1000000,1000000,2900.000000000001,300.0000000000009,300.0000000000009,28.065991734998534
E2_cec2022_competition,cec2022,11,20,SEHHO-COBL,21,3420483811783500403,1000000,1000000,2900.0000000000005,300.00000000000045,300.00000000000045,28.853979665989755
E2_cec2022_competition,cec2022,11,20,SEHHO-COBL,22,67808371405788165,1000000,1000000,2900.0000000000005,300.00000000000045,300.00000000000045,27.903283708001254
E2_cec2022_competition,cec2022,11,20,SEHHO-COBL,23,1407067471308672355,1000000,1000000,2900.0000000000005,300.00000000000045,300.00000000000045,27.902449473011075
E2_cec2022_competition,cec2022,11,20,SEHHO-COBL,24,899250756881545958,1000000,1000000,2900.0000000000005,300.00000000000045,300.00000000000045,27.96656337598688
E2_cec2022_competition,cec2022,11,20,SEHHO-COBL,25,4859625340315872405,1000000,1000000,2900.0000000000005,300.00000000000045,300.00000000000045,27.827815507975174
E2_cec2022_competition,cec2022,11,20,SEHHO-COBL,26,7746357761160326942,1000000,1000000,2900.0000000000005,300.00000000000045,300.00000000000045,27.52177252000547
E2_cec2022_competition,cec2022,11,20,SEHHO-COBL,27,8148343614573709851,1000000,1000000,2900.0000000000005,300.00000000000045,300.00000000000045,27.212956069997745
E2_cec2022_competition,cec2022,11,20,SEHHO-COBL,28,7193898182429779152,1000000,1000000,3360.457475603517,760.4574756035172,760.4574756035172,27.419394218013622
E2_cec2022_competition,cec2022,11,20,SEHHO-COBL,29,2750670328920043944,1000000,1000000,2900.000000000001,300.0000000000009,300.0000000000009,27.355116808990715
E2_cec2022_competition,cec2022,12,20,SEHHO-COBL,0,3566846643375230931,1000000,1000000,2944.858842992596,244.85884299259578,244.85884299259578,35.35509555399767
E2_cec2022_competition,cec2022,12,20,SEHHO-COBL,1,1139206452644175990,1000000,1000000,2939.4795365282835,239.47953652828346,239.47953652828346,41.7908451819967
E2_cec2022_competition,cec2022,12,20,SEHHO-COBL,2,8865455349866802596,1000000,1000000,2943.3473101678073,243.34731016780734,243.34731016780734,35.38539292101632
E2_cec2022_competition,cec2022,12,20,SEHHO-COBL,3,4782669747658235217,1000000,1000000,2938.6233183570203,238.62331835702025,238.62331835702025,35.67738542499137
E2_cec2022_competition,cec2022,12,20,SEHHO-COBL,4,1750731240911702960,1000000,1000000,2942.276425355673,242.27642535567293,242.27642535567293,33.9944767599809
E2_cec2022_competition,cec2022,12,20,SEHHO-COBL,5,3163613111152470492,1000000,1000000,2933.0418617090013,233.0418617090013,233.0418617090013,33.65003406899632
E2_cec2022_competition,cec2022,12,20,SEHHO-COBL,6,2381801029656686086,1000000,1000000,2936.4352002073883,236.43520020738833,236.43520020738833,32.558752707001986
E2_cec2022_competition,cec2022,12,20,SEHHO-COBL,7,1995453105273435816,1000000,1000000,2944.4183918808253,244.4183918808253,244.4183918808253,32.119868640991626
E2_cec2022_competition,cec2022,12,20,SEHHO-COBL,8,5107080815821998991,1000000,1000000,2946.5376420719113,246.53764207191125,246.53764207191125,32.40451844301424
E2_cec2022_competition,cec2022,12,20,SEHHO-COBL,9,4401649158647893458,1000000,1000000,2941.95336886329,241.95336886329005,241.95336886329005,31.597712155984482
E2_cec2022_competition,cec2022,12,20,SEHHO-COBL,10,5126426678283370382,1000000,1000000,2942.312895214807,242.3128952148072,242.3128952148072,31.098724538984243
E2_cec2022_competition,cec2022,12,20,SEHHO-COBL,11,7435311060071308658,1000000,1000000,2940.348081141471,240.34808114147108,240.34808114147108,31.327852353977505
E2_cec2022_competition,cec2022,12,20,SEHHO-COBL,12,2011336337628923996,1000000,1000000,2939.521123377328,239.52112337732797,239.52112337732797,29.072496457985835
E2_cec2022_competition,cec2022,12,20,SEHHO-COBL,13,278944651003267097,1000000,1000000,2937.301529159802,237.30152915980216,237.30152915980216,29.54162122597336
E2_cec2022_competition,cec2022,12,20,SEHHO-COBL,14,4269452167345254470,1000000,1000000,2943.1982009824815,243.19820098248147,243.19820098248147,29.36106769699836
E2_cec2022_competition,cec2022,12,20,SEHHO-COBL,15,2742506445736814986,1000000,1000000,2934.9073283284797,234.9073283284797,234.9073283284797,29.863744473987026
E2_cec2022_competition,cec2022,12,20,SEHHO-COBL,16,183329660437964926,1000000,1000000,2936.0262022279694,236.0262022279694,236.0262022279694,29.3414618629904
E2_cec2022_competition,cec2022,12,20,SEHHO-COBL,17,3659967734846432832,1000000,1000000,2945.376008603907,245.37600860390694,245.37600860390694,30.418496244004928
E2_cec2022_competition,cec2022,12,20,SEHHO-COBL,18,5318081085694081692,1000000,1000000,2953.435396661881,253.435396661881,253.435396661881,30.389957275998313
E2_cec2022_competition,cec2022,12,20,SEHHO-COBL,19,6707055759729558000,1000000,1000000,2958.8480628969637,258.8480628969637,258.8480628969637,29.411169809027342
E2_cec2022_competition,cec2022,12,20,SEHHO-COBL,20,2767047470132902326,1000000,1000000,2945.343037278544,245.34303727854422,245.34303727854422,28.562429571000393
E2_cec2022_competition,cec2022,12,20,SEHHO-COBL,21,1453459219830435213,1000000,1000000,2941.5866698963046,241.58666989630456,241.58666989630456,29.361191889998736
E2_cec2022_competition,cec2022,12,20,SEHHO-COBL,22,3876874788425645347,1000000,1000000,2933.9604456049124,233.96044560491237,233.96044560491237,29.748324340005638
E2_cec2022_competition,cec2022,12,20,SEHHO-COBL,23,8550770853423535510,1000000,1000000,2932.847049328182,232.84704932818204,232.84704932818204,29.873829600022873
E2_cec2022_competition,cec2022,12,20,SEHHO-COBL,24,69707723177719638,1000000,1000000,2940.5061762980527,240.50617629805265,240.50617629805265,28.310754606005503
E2_cec2022_competition,cec2022,12,20,SEHHO-COBL,25,3714092456799552426,1000000,1000000,2944.163802404123,244.1638024041231,244.1638024041231,29.164595100010047
E2_cec2022_competition,cec2022,12,20,SEHHO-COBL,26,1369343258967042480,1000000,1000000,2943.7981092334476,243.79810923344758,243.79810923344758,28.137631493998924
E2_cec2022_competition,cec2022,12,20,SEHHO-COBL,27,6162058717638974398,1000000,1000000,2969.120006441671,269.1200064416712,269.1200064416712,28.2988970449951
E2_cec2022_competition,cec2022,12,20,SEHHO-COBL,28,9076038655866280903,1000000,1000000,2936.758421049289,236.75842104928915,236.75842104928915,29.71287819702411
E2_cec2022_competition,cec2022,12,20,SEHHO-COBL,29,3263892922172220096,1000000,1000000,2935.6549204112753,235.65492041127527,235.65492041127527,28.139849033002974
