tag,suite,func,dim,algo,run,seed,max_fes,fes_used,best_f,error,raw_error,seconds,problem,objective,total_violation,max_violation,feasible
P2_gear_train,engineering,0,4,DE,0,8375869785755610704,15000,15000,2.7008571488865134e-12,0.0,2.7008571488865134e-12,0.08303348798654042,P2_gear_train,2.7008571488865134e-12,0.0,0.0,True
P2_gear_train,engineering,0,4,DE,1,177058417397758257,15000,15000,2.307815733312755e-11,0.0,2.307815733312755e-11,0.04672173201106489,P2_gear_train,2.307815733312755e-11,0.0,0.0,True
P2_gear_train,engineering,0,4,DE,2,2629589321866472359,15000,15000,2.307815733312755e-11,0.0,2.307815733312755e-11,0.046126265020575374,P2_gear_train,2.307815733312755e-11,0.0,0.0,True
P2_gear_train,engineering,0,4,DE,3,9139020042080745873,15000,15000,2.7008571488865134e-12,0.0,2.7008571488865134e-12,0.04624288299237378,P2_gear_train,2.7008571488865134e-12,0.0,0.0,True
P2_gear_train,engineering,0,4,DE,4,1209617279117726768,15000,15000,2.307815733312755e-11,0.0,2.307815733312755e-11,0.049252608994720504,P2_gear_train,2.307815733312755e-11,0.0,0.0,True
P2_gear_train,engineering,0,4,DE,5,6363628824250768308,15000,15000,2.7008571488865134e-12,0.0,2.7008571488865134e-12,0.048730359005276114,P2_gear_train,2.7008571488865134e-12,0.0,0.0,True
P2_gear_train,engineering,0,4,DE,6,4484697758086224880,15000,15000,2.7008571488865134e-12,0.0,2.7008571488865134e-12,0.04498383298050612,P2_gear_train,2.7008571488865134e-12,0.0,0.0,True
P2_gear_train,engineering,0,4,DE,7,241802881950110880,15000,15000,2.7008571488865134e-12,0.0,2.7008571488865134e-12,0.04648500800249167,P2_gear_train,2.7008571488865134e-12,0.0,0.0,True
P2_gear_train,engineering,0,4,DE,8,2648816985941361544,15000,15000,2.307815733312755e-11,0.0,2.307815733312755e-11,0.046817510999972,P2_gear_train,2.307815733312755e-11,0.0,0.0,True
P2_gear_train,engineering,0,4,DE,9,2130043164065038773,15000,15000,2.307815733312755e-11,0.0,2.307815733312755e-11,0.051766132994089276,P2_gear_train,2.307815733312755e-11,0.0,0.0,True
P2_gear_train,engineering,0,4,DE,10,1186681401565390754,15000,15000,1.5450450499890773e-10,0.0,1.5450450499890773e-10,0.04902794800000265,P2_gear_train,1.5450450499890773e-10,0.0,0.0,True
P2_gear_train,engineering,0,4,DE,11,2191615611808956368,15000,15000,1.5450450499890773e-10,0.0,1.5450450499890773e-10,0.052173317002598196,P2_gear_train,1.5450450499890773e-10,0.0,0.0,True
P2_gear_train,engineering,0,4,DE,12,6772889333213215249,15000,15000,2.307815733312755e-11,0.0,2.307815733312755e-11,0.058877180999843404,P2_gear_train,2.307815733312755e-11,0.0,0.0,True
P2_gear_train,engineering,0,4,DE,13,3366872654521181759,15000,15000,2.7008571488865134e-12,0.0,2.7008571488865134e-12,0.058303283993154764,P2_gear_train,2.7008571488865134e-12,0.0,0.0,True
P2_gear_train,engineering,0,4,DE,14,4018412133977501730,15000,15000,2.307815733312755e-11,0.0,2.307815733312755e-11,0.059160361997783184,P2_gear_train,2.307815733312755e-11,0.0,0.0,True
P2_gear_train,engineering,0,4,DE,15,8655931517960307106,15000,15000,2.307815733312755e-11,0.0,2.307815733312755e-11,0.05847615798120387,P2_gear_train,2.307815733312755e-11,0.0,0.0,True
P2_gear_train,engineering,0,4,DE,16,6888753661318174393,15000,15000,9.939875595217474e-11,0.0,9.939875595217474e-11,0.0616015309933573,P2_gear_train,9.939875595217474e-11,0.0,0.0,True
P2_gear_train,engineering,0,4,DE,17,945604179432137251,15000,15000,2.307815733312755e-11,0.0,2.307815733312755e-11,0.05777080499683507,P2_gear_train,2.307815733312755e-11,0.0,0.0,True
P2_gear_train,engineering,0,4,DE,18,4057202884279531116,15000,15000,2.7008571488865134e-12,0.0,2.7008571488865134e-12,0.0553983059944585,P2_gear_train,2.7008571488865134e-12,0.0,0.0,True
P2_gear_train,engineering,0,4,DE,19,3404181795959540822,15000,15000,2.7008571488865134e-12,0.0,2.7008571488865134e-12,0.05863496699021198,P2_gear_train,2.7008571488865134e-12,0.0,0.0,True
P2_gear_train,engineering,0,4,DE,20,2917838825115142523,15000,15000,2.7008571488865134e-12,0.0,2.7008571488865134e-12,0.059655371005646884,P2_gear_train,2.7008571488865134e-12,0.0,0.0,True
P2_gear_train,engineering,0,4,DE,21,4702795597928435542,15000,15000,2.307815733312755e-11,0.0,2.307815733312755e-11,0.058142894005868584,P2_gear_train,2.307815733312755e-11,0.0,0.0,True
P2_gear_train,engineering,0,4,DE,22,5341952807081044642,15000,15000,2.7008571488865134e-12,0.0,2.7008571488865134e-12,0.060578240983886644,P2_gear_train,2.7008571488865134e-12,0.0,0.0,True
P2_gear_train,engineering,0,4,DE,23,545274497712249198,15000,15000,2.307815733312755e-11,0.0,2.307815733312755e-11,0.05980755598284304,P2_gear_train,2.307815733312755e-11,0.0,0.0,True
P2_gear_train,engineering,0,4,DE,24,3506684268993713344,15000,15000,2.307815733312755e-11,0.0,2.307815733312755e-11,0.05894147101207636,P2_gear_train,2.307815733312755e-11,0.0,0.0,True
P2_gear_train,engineering,0,4,DE,25,2015128308412420728,15000,15000,2.307815733312755e-11,0.0,2.307815733312755e-11,0.05046050500823185,P2_gear_train,2.307815733312755e-11,0.0,0.0,True
P2_gear_train,engineering,0,4,DE,26,4835839613516524274,15000,15000,9.939875595217474e-11,0.0,9.939875595217474e-11,0.051382503006607294,P2_gear_train,9.939875595217474e-11,0.0,0.0,True
P2_gear_train,engineering,0,4,DE,27,2546266536687623425,15000,15000,2.307815733312755e-11,0.0,2.307815733312755e-11,0.050706255016848445,P2_gear_train,2.307815733312755e-11,0.0,0.0,True
P2_gear_train,engineering,0,4,DE,28,4643938119260809812,15000,15000,8.887614372714457e-10,0.0,8.887614372714457e-10,0.05105932801961899,P2_gear_train,8.887614372714457e-10,0.0,0.0,True
P2_gear_train,engineering,0,4,DE,29,1725244843035363256,15000,15000,2.7008571488865134e-12,0.0,2.7008571488865134e-12,0.05077192900353111,P2_gear_train,2.7008571488865134e-12,0.0,0.0,True
P5_batch_plant_RC14,engineering,0,10,DE,0,261544970798783120,15000,15000,53806.594201410306,53806.594201410306,53806.594201410306,0.10131794298649766,P5_batch_plant_RC14,53806.594201410306,0.0,0.0,True
P5_batch_plant_RC14,engineering,0,10,DE,1,720434887142292581,15000,15000,53795.37970563777,53795.37970563777,53795.37970563777,0.06329710097634234,P5_batch_plant_RC14,53795.37970563777,0.0,0.0,True
P5_batch_plant_RC14,engineering,0,10,DE,2,6190711437777677832,15000,15000,53790.75082321617,53790.75082321617,53790.75082321617,0.06450175002100877,P5_batch_plant_RC14,53790.75082321617,0.0,0.0,True
P5_batch_plant_RC14,engineering,0,10,DE,3,2260618795838870473,15000,15000,53747.37266495963,53747.37266495963,53747.37266495963,0.07358282300992869,P5_batch_plant_RC14,53747.37266495963,0.0,0.0,True
P5_batch_plant_RC14,engineering,0,10,DE,4,2523129080753201201,15000,15000,53976.85233188637,53976.85233188637,53976.85233188637,0.06990680799935944,P5_batch_plant_RC14,53976.85233188637,0.0,0.0,True
P5_batch_plant_RC14,engineering,0,10,DE,5,6406610785290170543,15000,15000,53728.39194625675,53728.39194625675,53728.39194625675,0.0755253559909761,P5_batch_plant_RC14,53728.39194625675,0.0,0.0,True
P5_batch_plant_RC14,engineering,0,10,DE,6,8617009025742056536,15000,15000,53878.90667282078,53878.90667282078,53878.90667282078,0.06307121700956486,P5_batch_plant_RC14,53878.90667282078,0.0,0.0,True
P5_batch_plant_RC14,engineering,0,10,DE,7,18385658327699952,15000,15000,54105.6320643347,54105.6320643347,54105.6320643347,0.06658893500571139,P5_batch_plant_RC14,54105.6320643347,0.0,0.0,True
P5_batch_plant_RC14,engineering,0,10,DE,8,8504666752384101107,15000,15000,53960.35688775901,53960.35688775901,53960.35688775901,0.06686278901179321,P5_batch_plant_RC14,53960.35688775901,0.0,0.0,True
P5_batch_plant_RC14,engineering,0,10,DE,9,7706462784465064805,15000,15000,53939.66559613739,53939.66559613739,53939.66559613739,0.07137213699752465,P5_batch_plant_RC14,53939.66559613739,0.0,0.0,True
P5_batch_plant_RC14,engineering,0,10,DE,10,4548362327870877678,15000,15000,53790.975927777625,53790.975927777625,53790.975927777625,0.06803554901853204,P5_batch_plant_RC14,53790.975927777625,0.0,0.0,True
P5_batch_plant_RC14,engineering,0,10,DE,11,7996776272447338587,15000,15000,53779.58980582122,53779.58980582122,53779.58980582122,0.0691620209836401,P5_batch_plant_RC14,53779.58980582122,0.0,0.0,True
P5_batch_plant_RC14,engineering,0,10,DE,12,587085596719502337,15000,15000,54194.44490828008,54194.44490828008,54194.44490828008,0.07133100999635644,P5_batch_plant_RC14,54194.44490828008,0.0,0.0,True
P5_batch_plant_RC14,engineering,0,10,DE,13,7844921473023952900,15000,15000,53740.604700786054,53740.604700786054,53740.604700786054,0.06837578600971028,P5_batch_plant_RC14,53740.604700786054,0.0,0.0,True
P5_batch_plant_RC14,engineering,0,10,DE,14,8102625857208409942,15000,15000,59283.4539060679,59283.4539060679,59283.4539060679,0.06728463000035845,P5_batch_plant_RC14,59283.4539060679,0.0,0.0,True
P5_batch_plant_RC14,engineering,0,10,DE,15,2942365716936199594,15000,15000,53856.0601580602,53856.0601580602,53856.0601580602,0.06963243300560862,P5_batch_plant_RC14,53856.0601580602,0.0,0.0,True
P5_batch_plant_RC14,engineering,0,10,DE,16,2591009820413132994,15000,15000,53758.643367745564,53758.643367745564,53758.643367745564,0.0682657909928821,P5_batch_plant_RC14,53758.643367745564,0.0,0.0,True
P5_batch_plant_RC14,engineering,0,10,DE,17,6652761716419536125,15000,15000,60305.08538232252,60305.08538232252,60305.08538232252,0.06779073001234792,P5_batch_plant_RC14,60305.08538232252,0.0,0.0,True
P5_batch_plant_RC14,engineering,0,10,DE,18,5506284963739940752,15000,15000,54027.613390969695,54027.613390969695,54027.613390969695,0.0707929799973499,P5_batch_plant_RC14,54027.613390969695,0.0,0.0,True
P5_batch_plant_RC14,engineering,0,10,DE,19,2941021995470411559,15000,15000,53819.04869424175,53819.04869424175,53819.04869424175,0.07584778100135736,P5_batch_plant_RC14,53819.04869424175,0.0,0.0,True
P5_batch_plant_RC14,engineering,0,10,DE,20,4533872751805798160,15000,15000,53762.08804843379,53762.08804843379,53762.08804843379,0.07925476200762205,P5_batch_plant_RC14,53762.08804843379,0.0,0.0,True
P5_batch_plant_RC14,engineering,0,10,DE,21,5258079979532274506,15000,15000,53782.07267765122,53782.07267765122,53782.07267765122,0.07863111200276762,P5_batch_plant_RC14,53782.07267765122,0.0,0.0,True
P5_batch_plant_RC14,engineering,0,10,DE,22,5494753553295846608,15000,15000,60406.949074028234,60406.949074028234,60406.949074028234,0.08172943300451152,P5_batch_plant_RC14,60406.949074028234,0.0,0.0,True
P5_batch_plant_RC14,engineering,0,10,DE,23,1791813924432543392,15000,15000,53789.5533900212,53789.5533900212,53789.5533900212,0.057521669019479305,P5_batch_plant_RC14,53789.5533900212,0.0,0.0,True
P5_batch_plant_RC14,engineering,0,10,DE,24,205890142287660336,15000,15000,53896.0912543008,53896.0912543008,53896.0912543008,0.06252798798959702,P5_batch_plant_RC14,53896.0912543008,0.0,0.0,True
P5_batch_plant_RC14,engineering,0,10,DE,25,8171591422592467691,15000,15000,53772.54577339601,53772.54577339601,53772.54577339601,0.0643824559811037,P5_batch_plant_RC14,53772.54577339601,0.0,0.0,True
P5_batch_plant_RC14,engineering,0,10,DE,26,7444058625871301700,15000,15000,53836.77983135642,53836.77983135642,53836.77983135642,0.06539848202373832,P5_batch_plant_RC14,53836.77983135642,0.0,0.0,True
P5_batch_plant_RC14,engineering,0,10,DE,27,6233995963288550379,15000,15000,53815.046827759084,53815.046827759084,53815.046827759084,0.0641894250002224,P5_batch_plant_RC14,53815.046827759084,0.0,0.0,True
P5_batch_plant_RC14,engineering,0,10,DE,28,2004484958217165487,15000,15000,53793.49376255883,53793.49376255883,53793.49376255883,0.06038547898060642,P5_batch_plant_RC14,53793.49376255883,0.0,0.0,True
P5_batch_plant_RC14,engineering,0,10,DE,29,3668418831028499920,15000,15000,53818.183728883254,53818.183728883254,53818.183728883254,0.06975118699483573,P5_batch_plant_RC14,53818.183728883254,0.0,0.0,True
P1_pressure_vessel,engineering,0,4,DE,0,3918674170767800786,15000,15000,6059.719595205846,6059.719595205846,6059.719595205846,0.08093364100204781,P1_pressure_vessel,6059.719595205846,0.0,0.0,True
P1_pressure_vessel,engineering,0,4,DE,1,3311110998337276069,15000,15000,6059.7150296616055,6059.7150296616055,6059.7150296616055,0.08926987598533742,P1_pressure_vessel,6059.7150296616055,0.0,0.0,True
P1_pressure_vessel,engineering,0,4,DE,2,5146253125325713528,15000,15000,6059.71510574736,6059.71510574736,6059.71510574736,0.09008338197600096,P1_pressure_vessel,6059.71510574736,0.0,0.0,True
P1_pressure_vessel,engineering,0,4,DE,3,7213956115608300002,15000,15000,6059.7168507691185,6059.7168507691185,6059.7168507691185,0.08917501801624894,P1_pressure_vessel,6059.7168507691185,0.0,0.0,True
P1_pressure_vessel,engineering,0,4,DE,4,8890615357819874911,15000,15000,6059.715304279836,6059.715304279836,6059.715304279836,0.08980868599610403,P1_pressure_vessel,6059.715304279836,2.345850402818428e-09,2.345850402818428e-09,True
P1_pressure_vessel,engineering,0,4,DE,5,4995235215937583305,15000,15000,6059.714935888107,6059.714935888107,6059.714935888107,0.09055141999851912,P1_pressure_vessel,6059.714935888107,0.0,0.0,True
P1_pressure_vessel,engineering,0,4,DE,6,6058833436855661828,15000,15000,6059.71450720494,6059.71450720494,6059.71450720494,0.09115236598881893,P1_pressure_vessel,6059.71450720494,0.0,0.0,True
P1_pressure_vessel,engineering,0,4,DE,7,2432111337991194596,15000,15000,6059.719471237921,6059.719471237921,6059.719471237921,0.08969404100207612,P1_pressure_vessel,6059.719471237921,0.0,0.0,True
P1_pressure_vessel,engineering,0,4,DE,8,5638701361770189208,15000,15000,6059.714510893303,6059.714510893303,6059.714510893303,0.09250792901730165,P1_pressure_vessel,6059.714510893303,4.4667893828176375e-09,4.4667893828176375e-09,True
P1_pressure_vessel,engineering,0,4,DE,9,5035674976675741098,15000,15000,6059.714784177105,6059.714784177105,6059.714784177105,0.09284924899111502,P1_pressure_vessel,6059.714784177105,0.0,0.0,True
P1_pressure_vessel,engineering,0,4,DE,10,4284203414413095224,15000,15000,6059.715659922251,6059.715659922251,6059.715659922251,0.09099582300405018,P1_pressure_vessel,6059.715659922251,0.0,0.0,True
P1_pressure_vessel,engineering,0,4,DE,11,2439081527741459843,15000,15000,6059.714645787355,6059.714645787355,6059.714645787355,0.09278954699402675,P1_pressure_vessel,6059.714645787355,0.0,0.0,True
P1_pressure_vessel,engineering,0,4,DE,12,2153277397309652020,15000,15000,6059.718343166897,6059.718343166897,6059.718343166897,0.09216241101967171,P1_pressure_vessel,6059.718343166897,0.0,0.0,True
P1_pressure_vessel,engineering,0,4,DE,13,2410728754585662429,15000,15000,6059.7147957039315,6059.7147957039315,6059.7147957039315,0.06084803698468022,P1_pressure_vessel,6059.7147957039315,0.0,0.0,True
P1_pressure_vessel,engineering,0,4,DE,14,5928273161875241063,15000,15000,6059.716423234894,6059.716423234894,6059.716423234894,0.05351566500030458,P1_pressure_vessel,6059.716423234894,0.0,0.0,True
P1_pressure_vessel,engineering,0,4,DE,15,3478258198772278392,15000,15000,6059.714454021477,6059.714454021477,6059.714454021477,0.055601296975510195,P1_pressure_vessel,6059.714454021477,2.6540774022976166e-09,2.6540774022976166e-09,True
P1_pressure_vessel,engineering,0,4,DE,16,3953823770718384335,15000,15000,6059.714769666241,6059.714769666241,6059.714769666241,0.06456472902209498,P1_pressure_vessel,6059.714769666241,0.0,0.0,True
P1_pressure_vessel,engineering,0,4,DE,17,4407506172620444767,15000,15000,6059.718418147552,6059.718418147552,6059.718418147552,0.056392489990685135,P1_pressure_vessel,6059.718418147552,0.0,0.0,True
P1_pressure_vessel,engineering,0,4,DE,18,5526010772980509211,15000,15000,6059.714427860498,6059.714427860498,6059.714427860498,0.054903228010516614,P1_pressure_vessel,6059.714427860498,0.0,0.0,True
P1_pressure_vessel,engineering,0,4,DE,19,5008826073108745291,15000,15000,6059.715357410024,6059.715357410024,6059.715357410024,0.05499120301101357,P1_pressure_vessel,6059.715357410024,0.0,0.0,True
P1_pressure_vessel,engineering,0,4,DE,20,8009964523550592823,15000,15000,6059.715564577333,6059.715564577333,6059.715564577333,0.054442963999463245,P1_pressure_vessel,6059.715564577333,0.0,0.0,True
P1_pressure_vessel,engineering,0,4,DE,21,5668514766711345930,15000,15000,6059.716453912898,6059.716453912898,6059.716453912898,0.0549075260059908,P1_pressure_vessel,6059.716453912898,0.0,0.0,True
P1_pressure_vessel,engineering,0,4,DE,22,1436716435885524969,15000,15000,6059.715629115095,6059.715629115095,6059.715629115095,0.05532526900060475,P1_pressure_vessel,6059.715629115095,0.0,0.0,True
P1_pressure_vessel,engineering,0,4,DE,23,3842368421585119487,15000,15000,6059.71519399996,6059.71519399996,6059.71519399996,0.05680208798730746,P1_pressure_vessel,6059.71519399996,2.0475844353384787e-09,2.0475844353384787e-09,True
P1_pressure_vessel,engineering,0,4,DE,24,1134838947891384340,15000,15000,6059.7148800387085,6059.7148800387085,6059.7148800387085,0.054604075994575396,P1_pressure_vessel,6059.7148800387085,9.133821587958835e-09,9.133821587958835e-09,True
P1_pressure_vessel,engineering,0,4,DE,25,3384492154895524473,15000,15000,6059.714567510256,6059.714567510256,6059.714567510256,0.054296770016662776,P1_pressure_vessel,6059.714567510256,0.0,0.0,True
P1_pressure_vessel,engineering,0,4,DE,26,4433501821288835892,15000,15000,6059.717089328459,6059.717089328459,6059.717089328459,0.05497995199402794,P1_pressure_vessel,6059.717089328459,0.0,0.0,True
P1_pressure_vessel,engineering,0,4,DE,27,3291907674022776801,15000,15000,6059.715317473691,6059.715317473691,6059.715317473691,0.05417028200463392,P1_pressure_vessel,6059.715317473691,0.0,0.0,True
P1_pressure_vessel,engineering,0,4,DE,28,585587575929009368,15000,15000,6059.720341301643,6059.720341301643,6059.720341301643,0.05465150499367155,P1_pressure_vessel,6059.720341301643,0.0,0.0,True
P1_pressure_vessel,engineering,0,4,DE,29,5172734190758798060,15000,15000,6059.719014343189,6059.719014343189,6059.719014343189,0.060911216016393155,P1_pressure_vessel,6059.719014343189,0.0,0.0,True
P3_heat_exchanger_RC01,engineering,0,9,DE,0,8565110780329827888,15000,15000,100443.93937073981,100443.93937073981,100443.93937073981,0.11336238301009871,P3_heat_exchanger_RC01,381.70584476638703,443.93937073981107,179.12087871303558,False
P3_heat_exchanger_RC01,engineering,0,9,DE,1,7430743210523695711,15000,15000,100248.93903345284,100248.93903345284,100248.93903345284,0.09363603399833664,P3_heat_exchanger_RC01,390.20360309899866,248.939033452848,74.98297418241165,False
P3_heat_exchanger_RC01,engineering,0,9,DE,2,6474731730221896628,15000,15000,100095.63650999703,100095.63650999703,100095.63650999703,0.09437984999385662,P3_heat_exchanger_RC01,676.6406148620541,95.63650999702587,29.089115026885775,False
P3_heat_exchanger_RC01,engineering,0,9,DE,3,7253485206533910071,15000,15000,100162.073489343,100162.073489343,100162.073489343,0.0932665019936394,P3_heat_exchanger_RC01,576.8081706773464,162.07348934300651,124.64642670361101,False
P3_heat_exchanger_RC01,engineering,0,9,DE,4,6023936976474040093,15000,15000,100051.71095546096,100051.71095546096,100051.71095546096,0.07165691102272831,P3_heat_exchanger_RC01,441.982696597063,51.710955460957635,26.643464510857687,False
P3_heat_exchanger_RC01,engineering,0,9,DE,5,6782048288859775429,15000,15000,100301.15922980738,100301.15922980738,100301.15922980738,0.05776308200438507,P3_heat_exchanger_RC01,503.2499013205774,301.15922980738554,92.05140793579302,False
P3_heat_exchanger_RC01,engineering,0,9,DE,6,7527703110812357371,15000,15000,100223.0167863965,100223.0167863965,100223.0167863965,0.06290355298551731,P3_heat_exchanger_RC01,264.8801568142011,223.0167863965021,178.35827756539695,False
P3_heat_exchanger_RC01,engineering,0,9,DE,7,5489908151353471048,15000,15000,100019.166341385,100019.166341385,100019.166341385,0.06370944500667974,P3_heat_exchanger_RC01,237.82789381173157,19.166341385010053,13.801285092549026,False
P3_heat_exchanger_RC01,engineering,0,9,DE,8,4358946549804382758,15000,15000,100278.04960824091,100278.04960824091,100278.04960824091,0.06175873498432338,P3_heat_exchanger_RC01,700.512172438393,278.0496082409054,131.30785280309632,False
P3_heat_exchanger_RC01,engineering,0,9,DE,9,347350460532784048,15000,15000,100222.7900985027,100222.7900985027,100222.7900985027,0.06124811799963936,P3_heat_exchanger_RC01,660.752240384484,222.79009850269023,76.2336757651309,False
P3_heat_exchanger_RC01,engineering,0,9,DE,10,1843151956853170551,15000,15000,100234.62003296168,100234.62003296168,100234.62003296168,0.062316110997926444,P3_heat_exchanger_RC01,855.6753150739822,234.62003296167856,44.09052449703924,False
P3_heat_exchanger_RC01,engineering,0,9,DE,11,9158727267900517780,15000,15000,101173.27162414676,101173.27162414676,101173.27162414676,0.06173372801276855,P3_heat_exchanger_RC01,467.97008538555826,1173.271624146751,554.590595509921,False
P3_heat_exchanger_RC01,engineering,0,9,DE,12,2592825787929934291,15000,15000,100078.23076672546,100078.23076672546,100078.23076672546,0.06208507699193433,P3_heat_exchanger_RC01,408.28689498399683,78.23076672546534,21.27615515521504,False
P3_heat_exchanger_RC01,engineering,0,9,DE,13,5260551101818286838,15000,15000,100276.43744577067,100276.43744577067,100276.43744577067,0.06268245799583383,P3_heat_exchanger_RC01,371.8417361081309,276.4374457706731,103.12845078991961,False
P3_heat_exchanger_RC01,engineering,0,9,DE,14,2693555461072314441,15000,15000,100116.07059412789,100116.07059412789,100116.07059412789,0.062484506983309984,P3_heat_exchanger_RC01,339.69727247888187,116.07059412789306,63.801354130094495,False
P3_heat_exchanger_RC01,engineering,0,9,DE,15,679498666456151140,15000,15000,100199.13118267516,100199.13118267516,100199.13118267516,0.0642971960187424,P3_heat_exchanger_RC01,369.7701425524497,199.131182675157,58.44518679061519,False
P3_heat_exchanger_RC01,engineering,0,9,DE,16,3238734593076838925,15000,15000,100020.23045377785,100020.23045377785,100020.23045377785,0.06269543198868632,P3_heat_exchanger_RC01,543.5578040863337,20.230453777847668,19.116797901752964,False
P3_heat_exchanger_RC01,engineering,0,9,DE,17,3772458499107916014,15000,15000,100546.65352256059,100546.65352256059,100546.65352256059,0.061676451994571835,P3_heat_exchanger_RC01,613.2640591112962,546.6535225605909,260.38264292135614,False
P3_heat_exchanger_RC01,engineering,0,9,DE,18,8164903332134957207,15000,15000,100159.9276029234,100159.9276029234,100159.9276029234,0.06849600200075656,P3_heat_exchanger_RC01,661.402673157801,159.9276029234,70.27635938680507,False
P3_heat_exchanger_RC01,engineering,0,9,DE,19,3948628174876325120,15000,15000,100049.29765997612,100049.29765997612,100049.29765997612,0.0677365580049809,P3_heat_exchanger_RC01,306.46635284677967,49.29765997611588,31.62623397197351,False
P3_heat_exchanger_RC01,engineering,0,9,DE,20,6523447161467851203,15000,15000,100038.8496886335,100038.8496886335,100038.8496886335,0.06201081900508143,P3_heat_exchanger_RC01,697.4196567925931,38.849688633508215,27.43393795420818,False
P3_heat_exchanger_RC01,engineering,0,9,DE,21,5743658416455143612,15000,15000,100306.58405969117,100306.58405969117,100306.58405969117,0.060953264008276165,P3_heat_exchanger_RC01,603.5030825120668,306.5840596911763,200.5485285975203,False
P3_heat_exchanger_RC01,engineering,0,9,DE,22,6468409226416847977,15000,15000,100284.69908098382,100284.69908098382,100284.69908098382,0.06305687999702059,P3_heat_exchanger_RC01,419.81552391222505,284.699080983821,108.34706293308884,False
P3_heat_exchanger_RC01,engineering,0,9,DE,23,8299064386582103352,15000,15000,100049.03470940742,100049.03470940742,100049.03470940742,0.06775513300090097,P3_heat_exchanger_RC01,375.6899945335071,49.0347094074183,33.365325394149494,False
P3_heat_exchanger_RC01,engineering,0,9,DE,24,5710954477889343905,15000,15000,100016.86363261256,100016.86363261256,100016.86363261256,0.09712970702094026,P3_heat_exchanger_RC01,619.9066307694488,16.86363261255978,13.797427104848996,False
P3_heat_exchanger_RC01,engineering,0,9,DE,25,1602501370197260984,15000,15000,100064.66216648654,100064.66216648654,100064.66216648654,0.09625265200156718,P3_heat_exchanger_RC01,492.58887314720477,64.66216648653864,17.40377001106408,False
P3_heat_exchanger_RC01,engineering,0,9,DE,26,5251882333378953611,15000,15000,100163.34661685441,100163.34661685441,100163.34661685441,0.09616549898055382,P3_heat_exchanger_RC01,686.6377809265008,163.3466168544137,92.61294221764771,False
P3_heat_exchanger_RC01,engineering,0,9,DE,27,2006207697182684842,15000,15000,100148.7885465646,100148.7885465646,100148.7885465646,0.09684898200794123,P3_heat_exchanger_RC01,316.12158924184826,148.78854656459964,102.32908070023879,False
P3_heat_exchanger_RC01,engineering,0,9,DE,28,4357941331228858492,15000,15000,100145.90470997902,100145.90470997902,100145.90470997902,0.09561023800051771,P3_heat_exchanger_RC01,526.7455268602216,145.90470997902418,79.08935084060542,False
P3_heat_exchanger_RC01,engineering,0,9,DE,29,322264508933489626,15000,15000,100163.50047087211,100163.50047087211,100163.50047087211,0.09529164098785259,P3_heat_exchanger_RC01,350.7767615495155,163.50047087211138,52.06885831150859,False
P3_heat_exchanger_RC01,engineering,0,9,SHADE,0,62598395707213489,15000,15000,102247.28312726735,102247.28312726735,102247.28312726735,0.1186250249738805,P3_heat_exchanger_RC01,277.6479814009998,2247.2831272673534,997.1909183371511,False
P3_heat_exchanger_RC01,engineering,0,9,SHADE,1,6337629920830986104,15000,15000,103468.51774754365,103468.51774754365,103468.51774754365,0.12382644097669981,P3_heat_exchanger_RC01,482.0613693218669,3468.5177475436467,1063.4079207902007,False
P3_heat_exchanger_RC01,engineering,0,9,SHADE,2,8594996262082882532,15000,15000,104353.5949425853,104353.5949425853,104353.5949425853,0.12224604698712938,P3_heat_exchanger_RC01,415.91930502706884,4353.594942585296,1192.2904749671486,False
P3_heat_exchanger_RC01,engineering,0,9,SHADE,3,5014576863591150908,15000,15000,105669.76127519246,105669.76127519246,105669.76127519246,0.12402900101733394,P3_heat_exchanger_RC01,292.52669001583047,5669.761275192461,1796.8849272383475,False
P3_heat_exchanger_RC01,engineering,0,9,SHADE,4,8432383736474537855,15000,15000,104519.64503543143,104519.64503543143,104519.64503543143,0.10924069400061853,P3_heat_exchanger_RC01,373.0018210435206,4519.645035431432,2415.811621402686,False
P3_heat_exchanger_RC01,engineering,0,9,SHADE,5,4809153793422135194,15000,15000,101741.41774860217,101741.41774860217,101741.41774860217,0.08158838900271803,P3_heat_exchanger_RC01,327.6374798328156,1741.41774860216,605.1728344467167,False
P3_heat_exchanger_RC01,engineering,0,9,SHADE,6,3945786530176913568,15000,15000,103128.00970928915,103128.00970928915,103128.00970928915,0.08128579100593925,P3_heat_exchanger_RC01,454.60920754116415,3128.009709289145,2193.6698936012735,False
P3_heat_exchanger_RC01,engineering,0,9,SHADE,7,9217013898447223871,15000,15000,104932.06585275875,104932.06585275875,104932.06585275875,0.08304547099396586,P3_heat_exchanger_RC01,445.8594837054736,4932.0658527587575,1956.23710734776,False
P3_heat_exchanger_RC01,engineering,0,9,SHADE,8,3079047107608522305,15000,15000,102788.64018138923,102788.64018138923,102788.64018138923,0.08113994798623025,P3_heat_exchanger_RC01,339.50009935114366,2788.640181389231,1076.2286447120798,False
P3_heat_exchanger_RC01,engineering,0,9,SHADE,9,2645926464050370413,15000,15000,104998.60613425652,104998.60613425652,104998.60613425652,0.08677446498768404,P3_heat_exchanger_RC01,327.6867563817883,4998.606134256526,1738.166991202792,False
P3_heat_exchanger_RC01,engineering,0,9,SHADE,10,3598630625836126168,15000,15000,105174.76812858917,105174.76812858917,105174.76812858917,0.08100829101749696,P3_heat_exchanger_RC01,276.4365811791963,5174.7681285891695,2268.1643698923917,False
P3_heat_exchanger_RC01,engineering,0,9,SHADE,11,4737282368905925620,15000,15000,104511.70304688551,104511.70304688551,104511.70304688551,0.08139252100954764,P3_heat_exchanger_RC01,643.8574481711879,4511.703046885502,1804.454204875825,False
P3_heat_exchanger_RC01,engineering,0,9,SHADE,12,3720650229862223611,15000,15000,102939.12980753096,102939.12980753096,102939.12980753096,0.07927107199793682,P3_heat_exchanger_RC01,288.8156882056671,2939.129807530967,898.3910595526152,False
P3_heat_exchanger_RC01,engineering,0,9,SHADE,13,128377364172131228,15000,15000,105910.57862351694,105910.57862351694,105910.57862351694,0.0832571079954505,P3_heat_exchanger_RC01,283.98936180812643,5910.578623516936,3081.6708683944935,False
P3_heat_exchanger_RC01,engineering,0,9,SHADE,14,1425538811461835252,15000,15000,105146.54185518896,105146.54185518896,105146.54185518896,0.08804238401353359,P3_heat_exchanger_RC01,527.5163739716095,5146.5418551889525,2882.3722051801788,False
P3_heat_exchanger_RC01,engineering,0,9,SHADE,15,8221151529886892892,15000,15000,102522.36536354283,102522.36536354283,102522.36536354283,0.08142571299686097,P3_heat_exchanger_RC01,347.6013827778677,2522.3653635428345,637.3677724928217,False
P3_heat_exchanger_RC01,engineering,0,9,SHADE,16,7576069508545017046,15000,15000,101718.24342500335,101718.24342500335,101718.24342500335,0.07971791998716071,P3_heat_exchanger_RC01,502.133745690653,1718.2434250033602,906.6295039966401,False
P3_heat_exchanger_RC01,engineering,0,9,SHADE,17,5701575360618108028,15000,15000,100869.50137477032,100869.50137477032,100869.50137477032,0.08036993301357143,P3_heat_exchanger_RC01,354.8429220182204,869.5013747703186,467.8181206784841,False
P3_heat_exchanger_RC01,engineering,0,9,SHADE,18,6670900422243090437,15000,15000,101183.25161378413,101183.25161378413,101183.25161378413,0.09067556200898252,P3_heat_exchanger_RC01,453.46845706421465,1183.2516137841335,649.8556185509708,False
P3_heat_exchanger_RC01,engineering,0,9,SHADE,19,3682165097711824556,15000,15000,103695.96597242219,103695.96597242219,103695.96597242219,0.08913178701186553,P3_heat_exchanger_RC01,242.24170741018804,3695.9659724221888,1277.2559360045402,False
P3_heat_exchanger_RC01,engineering,0,9,SHADE,20,5939197938415207837,15000,15000,107143.70013852193,107143.70013852193,107143.70013852193,0.0891604499774985,P3_heat_exchanger_RC01,413.3651656152699,7143.70013852194,2608.80681872444,False
P3_heat_exchanger_RC01,engineering,0,9,SHADE,21,1910789492947022007,15000,15000,102222.6553616697,102222.6553616697,102222.6553616697,0.08220976399024948,P3_heat_exchanger_RC01,355.34004238872814,2222.655361669702,516.1644410342608,False
P3_heat_exchanger_RC01,engineering,0,9,SHADE,22,2844964447168454959,15000,15000,104029.19378622153,104029.19378622153,104029.19378622153,0.08622989399009384,P3_heat_exchanger_RC01,318.71502007375676,4029.1937862215264,1482.6612238637229,False
P3_heat_exchanger_RC01,engineering,0,9,SHADE,23,4373434932534358093,15000,15000,101214.6262957809,101214.6262957809,101214.6262957809,0.0832912820042111,P3_heat_exchanger_RC01,399.30741355393155,1214.626295780894,804.6657975734953,False
P3_heat_exchanger_RC01,engineering,0,9,SHADE,24,6600050774881380517,15000,15000,103145.31500394718,103145.31500394718,103145.31500394718,0.09263575900695287,P3_heat_exchanger_RC01,503.1077187438911,3145.315003947178,1185.6732755022288,False
P3_heat_exchanger_RC01,engineering,0,9,SHADE,25,4484786027385500574,15000,15000,101939.81753251435,101939.81753251435,101939.81753251435,0.12356555100996047,P3_heat_exchanger_RC01,545.8638261102896,1939.8175325143588,930.9091924478915,False
P3_heat_exchanger_RC01,engineering,0,9,SHADE,26,8767098608679549824,15000,15000,101191.26974200073,101191.26974200073,101191.26974200073,0.12420088300132193,P3_heat_exchanger_RC01,373.5097860019622,1191.2697420007344,631.686550622449,False
P3_heat_exchanger_RC01,engineering,0,9,SHADE,27,6367806297348997587,15000,15000,103198.36540367344,103198.36540367344,103198.36540367344,0.12321414198959246,P3_heat_exchanger_RC01,387.4556872160794,3198.365403673431,1051.5072914281093,False
P3_heat_exchanger_RC01,engineering,0,9,SHADE,28,2516846315999516834,15000,15000,102496.1047036322,102496.1047036322,102496.1047036322,0.0806850639928598,P3_heat_exchanger_RC01,371.94288317715313,2496.1047036321925,1162.1398749616146,False
P3_heat_exchanger_RC01,engineering,0,9,SHADE,29,1192747047367244923,15000,15000,102293.7791063893,102293.7791063893,102293.7791063893,0.07599420502083376,P3_heat_exchanger_RC01,435.56069192844353,2293.7791063892914,1100.9937928759657,False
P4_blending_pooling_RC06,engineering,0,38,DE,0,453788435198354261,15000,15000,1050.9982798982905,1050.9982798982905,1050.9982798982905,0.11658537900075316,P4_blending_pooling_RC06,1.1333246223356255,50.998279898290434,16.58671256052696,False
P4_blending_pooling_RC06,engineering,0,38,DE,1,1268921717292343306,15000,15000,1067.8683094861005,1067.8683094861005,1067.8683094861005,0.08419173100264743,P4_blending_pooling_RC06,1.3111373060824754,67.86830948610056,12.996646002428921,False
P4_blending_pooling_RC06,engineering,0,38,DE,2,2931325507644611015,15000,15000,1049.6321198685496,1049.6321198685496,1049.6321198685496,0.08560814798693173,P4_blending_pooling_RC06,1.6770648240863362,49.63211986854964,10.44371050693285,False
P4_blending_pooling_RC06,engineering,0,38,DE,3,1499050724731534231,15000,15000,1080.3537318587803,1080.3537318587803,1080.3537318587803,0.08343825698830187,P4_blending_pooling_RC06,2.3261928821025033,80.3537318587803,14.184025162634068,False
P4_blending_pooling_RC06,engineering,0,38,DE,4,6943385254445328214,15000,15000,1040.2606760589103,1040.2606760589103,1040.2606760589103,0.08304964899434708,P4_blending_pooling_RC06,1.126882744680652,40.26067605891035,6.424726313327941,False
P4_blending_pooling_RC06,engineering,0,38,DE,5,1329535194733102843,15000,15000,1060.736656345812,1060.736656345812,1060.736656345812,0.08436565799638629,P4_blending_pooling_RC06,1.668802147779854,60.73665634581205,21.978019018388785,False
P4_blending_pooling_RC06,engineering,0,38,DE,6,1194897037240278550,15000,15000,1068.7815962437583,1068.7815962437583,1068.7815962437583,0.08260759999393485,P4_blending_pooling_RC06,2.398144168746427,68.7815962437583,15.625608427873868,False
P4_blending_pooling_RC06,engineering,0,38,DE,7,7890439503566736398,15000,15000,1058.2300833448044,1058.2300833448044,1058.2300833448044,0.08218654998927377,P4_blending_pooling_RC06,1.8276705560297724,58.23008334480434,6.622928138142137,False
P4_blending_pooling_RC06,engineering,0,38,DE,8,1304104336481825377,15000,15000,1047.2251945721027,1047.2251945721027,1047.2251945721027,0.08216884700232185,P4_blending_pooling_RC06,1.2442604096977568,47.22519457210278,5.833620930815324,False
P4_blending_pooling_RC06,engineering,0,38,DE,9,4620056937724379036,15000,15000,1064.026451701324,1064.026451701324,1064.026451701324,0.08411461699870415,P4_blending_pooling_RC06,2.0346691494172293,64.0264517013241,10.976098222539393,False
P4_blending_pooling_RC06,engineering,0,38,DE,10,6791924825116026123,15000,15000,1039.5699762896754,1039.5699762896754,1039.5699762896754,0.0839394579816144,P4_blending_pooling_RC06,2.174743417465262,39.56997628967552,6.60157925995555,False
P4_blending_pooling_RC06,engineering,0,38,DE,11,1199046496470244325,15000,15000,1070.5445526470394,1070.5445526470394,1070.5445526470394,0.08674317700206302,P4_blending_pooling_RC06,1.3629424999517907,70.54455264703941,7.854335474274325,False
P4_blending_pooling_RC06,engineering,0,38,DE,12,388073325633314593,15000,15000,1042.5319000765373,1042.5319000765373,1042.5319000765373,0.08605743999942206,P4_blending_pooling_RC06,1.6976420234155805,42.53190007653724,7.5623607727354205,False
P4_blending_pooling_RC06,engineering,0,38,DE,13,6239584950207680721,15000,15000,1047.6246576865178,1047.6246576865178,1047.6246576865178,0.08295850802096538,P4_blending_pooling_RC06,1.1542701835932845,47.62465768651791,19.50723992404939,False
P4_blending_pooling_RC06,engineering,0,38,DE,14,3867288629893482979,15000,15000,1042.3835190516072,1042.3835190516072,1042.3835190516072,0.08323362399823964,P4_blending_pooling_RC06,2.223627279338775,42.38351905160731,6.433550986273705,False
P4_blending_pooling_RC06,engineering,0,38,DE,15,1276470442553184778,15000,15000,1039.3301878170114,1039.3301878170114,1039.3301878170114,0.09250221800175495,P4_blending_pooling_RC06,1.262095934780757,39.330187817011506,9.92437902849392,False
P4_blending_pooling_RC06,engineering,0,38,DE,16,2014232243794987053,15000,15000,1059.1315043634754,1059.1315043634754,1059.1315043634754,0.08382958199945278,P4_blending_pooling_RC06,1.6452487017667081,59.13150436347537,12.755586850667516,False
P4_blending_pooling_RC06,engineering,0,38,DE,17,4089251549750477865,15000,15000,1032.5630386079215,1032.5630386079215,1032.5630386079215,0.0850311359972693,P4_blending_pooling_RC06,1.9003649431323046,32.563038607921456,4.835713572739813,False
P4_blending_pooling_RC06,engineering,0,38,DE,18,3555316573084803830,15000,15000,1052.8744026686845,1052.8744026686845,1052.8744026686845,0.08558763901237398,P4_blending_pooling_RC06,1.138805918227713,52.87440266868464,16.16717749506235,False
P4_blending_pooling_RC06,engineering,0,38,DE,19,6238327271866716224,15000,15000,1064.7512221229247,1064.7512221229247,1064.7512221229247,0.08602228501695208,P4_blending_pooling_RC06,1.4585186552021934,64.75122212292464,8.08254309897105,False
P4_blending_pooling_RC06,engineering,0,38,DE,20,8649319351460412338,15000,15000,1049.4869099181428,1049.4869099181428,1049.4869099181428,0.08868612101650797,P4_blending_pooling_RC06,1.2145017301693164,49.48690991814291,9.80903747986676,False
P4_blending_pooling_RC06,engineering,0,38,DE,21,3501736919409410917,15000,15000,1049.0323503111397,1049.0323503111397,1049.0323503111397,0.08430509400204755,P4_blending_pooling_RC06,1.5573414421100815,49.03235031113969,17.444778093560277,False
P4_blending_pooling_RC06,engineering,0,38,DE,22,6134178315977690564,15000,15000,1035.9715350694912,1035.9715350694912,1035.9715350694912,0.08349315097439103,P4_blending_pooling_RC06,1.650138315356348,35.97153506949117,9.182476411723645,False
P4_blending_pooling_RC06,engineering,0,38,DE,23,7758194929643499684,15000,15000,1049.0751636467385,1049.0751636467385,1049.0751636467385,0.12078511601430364,P4_blending_pooling_RC06,1.686242778226322,49.07516364673838,10.027246317573802,False
P4_blending_pooling_RC06,engineering,0,38,DE,24,284065579476058114,15000,15000,1031.7622464280835,1031.7622464280835,1031.7622464280835,0.13556610999512486,P4_blending_pooling_RC06,1.2195766789354243,31.76224642808338,6.112645372041282,False
P4_blending_pooling_RC06,engineering,0,38,DE,25,4532794409054829384,15000,15000,1044.3560425978073,1044.3560425978073,1044.3560425978073,0.13488966101431288,P4_blending_pooling_RC06,1.485590518308146,44.356042597807274,9.925312564386662,False
P4_blending_pooling_RC06,engineering,0,38,DE,26,1646444952078787156,15000,15000,1057.548606574101,1057.548606574101,1057.548606574101,0.13377516099717468,P4_blending_pooling_RC06,1.6700166019997162,57.54860657410103,11.207115942662316,False
P4_blending_pooling_RC06,engineering,0,38,DE,27,3184911482815319087,15000,15000,1064.9488264892557,1064.9488264892557,1064.9488264892557,0.13330859498819336,P4_blending_pooling_RC06,1.64697491645321,64.9488264892558,9.754829850813504,False
P4_blending_pooling_RC06,engineering,0,38,DE,28,1284810527337094602,15000,15000,1051.5773405426942,1051.5773405426942,1051.5773405426942,0.1346320669981651,P4_blending_pooling_RC06,1.1927363729241114,51.5773405426941,6.7999569443060786,False
P4_blending_pooling_RC06,engineering,0,38,DE,29,6274205272758903358,15000,15000,1032.5272919668232,1032.5272919668232,1032.5272919668232,0.13326710800174624,P4_blending_pooling_RC06,2.3471246567267725,32.527291966823284,5.678670079342236,False
P5_batch_plant_RC14,engineering,0,10,SHADE,0,4952341105506534119,15000,15000,58848.70381554268,58848.70381554268,58848.70381554268,0.08563173201400787,P5_batch_plant_RC14,58848.70381554268,0.0,0.0,True
P5_batch_plant_RC14,engineering,0,10,SHADE,1,3758290230071143697,15000,15000,59204.78817018805,59204.78817018805,59204.78817018805,0.08410415699472651,P5_batch_plant_RC14,59204.78817018805,0.0,0.0,True
P5_batch_plant_RC14,engineering,0,10,SHADE,2,8597913456152757305,15000,15000,59042.46836730643,59042.46836730643,59042.46836730643,0.1039154150057584,P5_batch_plant_RC14,59042.46836730643,0.0,0.0,True
P5_batch_plant_RC14,engineering,0,10,SHADE,3,4385116164514310720,15000,15000,58928.86558291784,58928.86558291784,58928.86558291784,0.10314704399206676,P5_batch_plant_RC14,58928.86558291784,0.0,0.0,True
P5_batch_plant_RC14,engineering,0,10,SHADE,4,2084081314580569168,15000,15000,59047.58711522796,59047.58711522796,59047.58711522796,0.10198317101458088,P5_batch_plant_RC14,59047.58711522796,0.0,0.0,True
P5_batch_plant_RC14,engineering,0,10,SHADE,5,2790186301154373374,15000,15000,58874.646849391924,58874.646849391924,58874.646849391924,0.09942265899735503,P5_batch_plant_RC14,58874.646849391924,0.0,0.0,True
P5_batch_plant_RC14,engineering,0,10,SHADE,6,8809804079109338406,15000,15000,58831.89415335084,58831.89415335084,58831.89415335084,0.10386543200002052,P5_batch_plant_RC14,58831.89415335084,0.0,0.0,True
P5_batch_plant_RC14,engineering,0,10,SHADE,7,5801836271551388656,15000,15000,58935.319331062135,58935.319331062135,58935.319331062135,0.10500250398763455,P5_batch_plant_RC14,58935.319331062135,0.0,0.0,True
P5_batch_plant_RC14,engineering,0,10,SHADE,8,2405722561017118752,15000,15000,58998.68996886779,58998.68996886779,58998.68996886779,0.10437577898846939,P5_batch_plant_RC14,58998.68996886779,0.0,0.0,True
P5_batch_plant_RC14,engineering,0,10,SHADE,9,1095928525108646269,15000,15000,58742.5873961506,58742.5873961506,58742.5873961506,0.1057726280123461,P5_batch_plant_RC14,58742.5873961506,0.0,0.0,True
P5_batch_plant_RC14,engineering,0,10,SHADE,10,3421198858065136625,15000,15000,58956.911251122205,58956.911251122205,58956.911251122205,0.1039764900051523,P5_batch_plant_RC14,58956.911251122205,0.0,0.0,True
P5_batch_plant_RC14,engineering,0,10,SHADE,11,710890923143217531,15000,15000,58996.3331014266,58996.3331014266,58996.3331014266,0.10406048700679094,P5_batch_plant_RC14,58996.3331014266,0.0,0.0,True
P5_batch_plant_RC14,engineering,0,10,SHADE,12,8303095605927810302,15000,15000,59008.57214812757,59008.57214812757,59008.57214812757,0.1050495020172093,P5_batch_plant_RC14,59008.57214812757,0.0,0.0,True
P5_batch_plant_RC14,engineering,0,10,SHADE,13,4870521777559763020,15000,15000,58917.39282219657,58917.39282219657,58917.39282219657,0.10433508199639618,P5_batch_plant_RC14,58917.39282219657,0.0,0.0,True
P5_batch_plant_RC14,engineering,0,10,SHADE,14,7208905018294006896,15000,15000,58804.748186801735,58804.748186801735,58804.748186801735,0.10590603901073337,P5_batch_plant_RC14,58804.748186801735,0.0,0.0,True
P5_batch_plant_RC14,engineering,0,10,SHADE,15,5606194177819567084,15000,15000,58970.25134920812,58970.25134920812,58970.25134920812,0.10389876400586218,P5_batch_plant_RC14,58970.25134920812,0.0,0.0,True
P5_batch_plant_RC14,engineering,0,10,SHADE,16,7454345431013492925,15000,15000,58925.803832750644,58925.803832750644,58925.803832750644,0.13191183502203785,P5_batch_plant_RC14,58925.803832750644,0.0,0.0,True
P5_batch_plant_RC14,engineering,0,10,SHADE,17,6179878923218344805,15000,15000,58834.52610729456,58834.52610729456,58834.52610729456,0.13498522000736557,P5_batch_plant_RC14,58834.52610729456,0.0,0.0,True
P5_batch_plant_RC14,engineering,0,10,SHADE,18,7071862685036040177,15000,15000,58934.9128525944,58934.9128525944,58934.9128525944,0.12954706102027558,P5_batch_plant_RC14,58934.9128525944,0.0,0.0,True
P5_batch_plant_RC14,engineering,0,10,SHADE,19,6079762539948950287,15000,15000,59034.502043559376,59034.502043559376,59034.502043559376,0.13002718100324273,P5_batch_plant_RC14,59034.502043559376,0.0,0.0,True
P5_batch_plant_RC14,engineering,0,10,SHADE,20,5928151763719046639,15000,15000,58858.35516116137,58858.35516116137,58858.35516116137,0.11168401598115452,P5_batch_plant_RC14,58858.35516116137,0.0,0.0,True
P5_batch_plant_RC14,engineering,0,10,SHADE,21,3289115397025208202,15000,15000,58887.78123514386,58887.78123514386,58887.78123514386,0.07712836301652715,P5_batch_plant_RC14,58887.78123514386,0.0,0.0,True
P5_batch_plant_RC14,engineering,0,10,SHADE,22,3941485270918786771,15000,15000,59108.41327654163,59108.41327654163,59108.41327654163,0.07661232497775927,P5_batch_plant_RC14,59108.41327654163,0.0,0.0,True
P5_batch_plant_RC14,engineering,0,10,SHADE,23,2611320087198453592,15000,15000,58913.8955803042,58913.8955803042,58913.8955803042,0.07712728000478819,P5_batch_plant_RC14,58913.8955803042,0.0,0.0,True
P5_batch_plant_RC14,engineering,0,10,SHADE,24,7343466186929779057,15000,15000,58992.45334572094,58992.45334572094,58992.45334572094,0.07589968800311908,P5_batch_plant_RC14,58992.45334572094,0.0,0.0,True
P5_batch_plant_RC14,engineering,0,10,SHADE,25,1859381631160191813,15000,15000,58862.141427139446,58862.141427139446,58862.141427139446,0.07557844597613439,P5_batch_plant_RC14,58862.141427139446,0.0,0.0,True
P5_batch_plant_RC14,engineering,0,10,SHADE,26,527394290038578181,15000,15000,58838.75714428088,58838.75714428088,58838.75714428088,0.07678067099186592,P5_batch_plant_RC14,58838.75714428088,0.0,0.0,True
P5_batch_plant_RC14,engineering,0,10,SHADE,27,3777171681309904370,15000,15000,58878.31559927438,58878.31559927438,58878.31559927438,0.07790682301856577,P5_batch_plant_RC14,58878.31559927438,0.0,0.0,True
P5_batch_plant_RC14,engineering,0,10,SHADE,28,5048418639246374232,15000,15000,58783.6105893285,58783.6105893285,58783.6105893285,0.07798280499991961,P5_batch_plant_RC14,58783.6105893285,0.0,0.0,True
P5_batch_plant_RC14,engineering,0,10,SHADE,29,6227225181338841360,15000,15000,58862.59464465425,58862.59464465425,58862.59464465425,0.0758159419929143,P5_batch_plant_RC14,58862.59464465425,0.0,0.0,True
P2_gear_train,engineering,0,4,SHADE,0,627744816736514746,15000,15000,2.307815733312755e-11,0.0,2.307815733312755e-11,0.1399497210222762,P2_gear_train,2.307815733312755e-11,0.0,0.0,True
P2_gear_train,engineering,0,4,SHADE,1,1622531141174012289,15000,15000,2.7008571488865134e-12,0.0,2.7008571488865134e-12,0.101684770983411,P2_gear_train,2.7008571488865134e-12,0.0,0.0,True
P2_gear_train,engineering,0,4,SHADE,2,1735378520068814165,15000,15000,3.0675558516235034e-10,0.0,3.0675558516235034e-10,0.10547964900615625,P2_gear_train,3.0675558516235034e-10,0.0,0.0,True
P2_gear_train,engineering,0,4,SHADE,3,8689865598728991475,15000,15000,2.7008571488865134e-12,0.0,2.7008571488865134e-12,0.10131166098290123,P2_gear_train,2.7008571488865134e-12,0.0,0.0,True
P2_gear_train,engineering,0,4,SHADE,4,9088832095173252442,15000,15000,2.7008571488865134e-12,0.0,2.7008571488865134e-12,0.10647552701993845,P2_gear_train,2.7008571488865134e-12,0.0,0.0,True
P2_gear_train,engineering,0,4,SHADE,5,8595505185895483877,15000,15000,2.7008571488865134e-12,0.0,2.7008571488865134e-12,0.1045385739998892,P2_gear_train,2.7008571488865134e-12,0.0,0.0,True
P2_gear_train,engineering,0,4,SHADE,6,1147818307924726540,15000,15000,1.1661157678109714e-10,0.0,1.1661157678109714e-10,0.10349442600272596,P2_gear_train,1.1661157678109714e-10,0.0,0.0,True
P2_gear_train,engineering,0,4,SHADE,7,3797642327864189385,15000,15000,2.7008571488865134e-12,0.0,2.7008571488865134e-12,0.10653297498356551,P2_gear_train,2.7008571488865134e-12,0.0,0.0,True
P2_gear_train,engineering,0,4,SHADE,8,2009991092994054297,15000,15000,2.7008571488865134e-12,0.0,2.7008571488865134e-12,0.10648152799694799,P2_gear_train,2.7008571488865134e-12,0.0,0.0,True
P2_gear_train,engineering,0,4,SHADE,9,4876889590182165822,15000,15000,2.307815733312755e-11,0.0,2.307815733312755e-11,0.10510050799348392,P2_gear_train,2.307815733312755e-11,0.0,0.0,True
P2_gear_train,engineering,0,4,SHADE,10,3286085557764756587,15000,15000,2.7008571488865134e-12,0.0,2.7008571488865134e-12,0.10588590099359863,P2_gear_train,2.7008571488865134e-12,0.0,0.0,True
P2_gear_train,engineering,0,4,SHADE,11,4978662222845946706,15000,15000,2.7008571488865134e-12,0.0,2.7008571488865134e-12,0.10650691602495499,P2_gear_train,2.7008571488865134e-12,0.0,0.0,True
P2_gear_train,engineering,0,4,SHADE,12,3830309295646593719,15000,15000,2.7008571488865134e-12,0.0,2.7008571488865134e-12,0.10733431699918583,P2_gear_train,2.7008571488865134e-12,0.0,0.0,True
P2_gear_train,engineering,0,4,SHADE,13,1351199013118057526,15000,15000,2.7008571488865134e-12,0.0,2.7008571488865134e-12,0.10694761198828928,P2_gear_train,2.7008571488865134e-12,0.0,0.0,True
P2_gear_train,engineering,0,4,SHADE,14,7048632578632076643,15000,15000,2.7008571488865134e-12,0.0,2.7008571488865134e-12,0.10666444100206718,P2_gear_train,2.7008571488865134e-12,0.0,0.0,True
P2_gear_train,engineering,0,4,SHADE,15,6348648353595611240,15000,15000,2.7008571488865134e-12,0.0,2.7008571488865134e-12,0.10540380599559285,P2_gear_train,2.7008571488865134e-12,0.0,0.0,True
P2_gear_train,engineering,0,4,SHADE,16,6097638676201259011,15000,15000,2.7008571488865134e-12,0.0,2.7008571488865134e-12,0.10872653900878504,P2_gear_train,2.7008571488865134e-12,0.0,0.0,True
P2_gear_train,engineering,0,4,SHADE,17,7597442778475007970,15000,15000,2.7008571488865134e-12,0.0,2.7008571488865134e-12,0.10491864700452425,P2_gear_train,2.7008571488865134e-12,0.0,0.0,True
P2_gear_train,engineering,0,4,SHADE,18,1290245064021457216,15000,15000,2.7008571488865134e-12,0.0,2.7008571488865134e-12,0.10170606101746671,P2_gear_train,2.7008571488865134e-12,0.0,0.0,True
P2_gear_train,engineering,0,4,SHADE,19,7369880144074453095,15000,15000,2.7008571488865134e-12,0.0,2.7008571488865134e-12,0.10253785099484958,P2_gear_train,2.7008571488865134e-12,0.0,0.0,True
P2_gear_train,engineering,0,4,SHADE,20,1366745288189316945,15000,15000,2.7008571488865134e-12,0.0,2.7008571488865134e-12,0.10516155199729837,P2_gear_train,2.7008571488865134e-12,0.0,0.0,True
P2_gear_train,engineering,0,4,SHADE,21,1334815921879477364,15000,15000,2.7008571488865134e-12,0.0,2.7008571488865134e-12,0.09976264598662965,P2_gear_train,2.7008571488865134e-12,0.0,0.0,True
P2_gear_train,engineering,0,4,SHADE,22,838656867882922760,15000,15000,2.7008571488865134e-12,0.0,2.7008571488865134e-12,0.09778863401152194,P2_gear_train,2.7008571488865134e-12,0.0,0.0,True
P2_gear_train,engineering,0,4,SHADE,23,8948736100617997979,15000,15000,2.7008571488865134e-12,0.0,2.7008571488865134e-12,0.09887709500617348,P2_gear_train,2.7008571488865134e-12,0.0,0.0,True
P2_gear_train,engineering,0,4,SHADE,24,1020990388566230268,15000,15000,2.7008571488865134e-12,0.0,2.7008571488865134e-12,0.09913193399552256,P2_gear_train,2.7008571488865134e-12,0.0,0.0,True
P2_gear_train,engineering,0,4,SHADE,25,7047306688622584816,15000,15000,2.7008571488865134e-12,0.0,2.7008571488865134e-12,0.07866068702423945,P2_gear_train,2.7008571488865134e-12,0.0,0.0,True
P2_gear_train,engineering,0,4,SHADE,26,5825493819228322191,15000,15000,2.7008571488865134e-12,0.0,2.7008571488865134e-12,0.07722115798969753,P2_gear_train,2.7008571488865134e-12,0.0,0.0,True
P2_gear_train,engineering,0,4,SHADE,27,6324188872843893682,15000,15000,2.307815733312755e-11,0.0,2.307815733312755e-11,0.06662340997718275,P2_gear_train,2.307815733312755e-11,0.0,0.0,True
P2_gear_train,engineering,0,4,SHADE,28,1029425459918429125,15000,15000,2.7008571488865134e-12,0.0,2.7008571488865134e-12,0.05677803300204687,P2_gear_train,2.7008571488865134e-12,0.0,0.0,True
P2_gear_train,engineering,0,4,SHADE,29,3877715996140347321,15000,15000,2.7008571488865134e-12,0.0,2.7008571488865134e-12,0.0784854679950513,P2_gear_train,2.7008571488865134e-12,0.0,0.0,True
P1_pressure_vessel,engineering,0,4,SHADE,0,2380271743304232339,15000,15000,6092.469096266941,6092.469096266941,6092.469096266941,0.15451807601493783,P1_pressure_vessel,6092.469096266941,0.0,0.0,True
P1_pressure_vessel,engineering,0,4,SHADE,1,2173996168041273156,15000,15000,6090.913772006682,6090.913772006682,6090.913772006682,0.11671037398627959,P1_pressure_vessel,6090.913772006682,0.0,0.0,True
P1_pressure_vessel,engineering,0,4,SHADE,2,8396750387655045428,15000,15000,6371.790595664476,6371.790595664476,6371.790595664476,0.11628631799248978,P1_pressure_vessel,6371.790595664476,0.0,0.0,True
P1_pressure_vessel,engineering,0,4,SHADE,3,5141562047442112608,15000,15000,6091.667818829331,6091.667818829331,6091.667818829331,0.1181673560058698,P1_pressure_vessel,6091.667818829331,0.0,0.0,True
P1_pressure_vessel,engineering,0,4,SHADE,4,2187534874495141990,15000,15000,6092.146556643625,6092.146556643625,6092.146556643625,0.11921843700110912,P1_pressure_vessel,6092.146556643625,0.0,0.0,True
P1_pressure_vessel,engineering,0,4,SHADE,5,3730723314948928802,15000,15000,6094.463031479327,6094.463031479327,6094.463031479327,0.1170262259838637,P1_pressure_vessel,6094.463031479327,0.0,0.0,True
P1_pressure_vessel,engineering,0,4,SHADE,6,4497287500510371392,15000,15000,6060.882659169241,6060.882659169241,6060.882659169241,0.11876029899576679,P1_pressure_vessel,6060.882659169241,0.0,0.0,True
P1_pressure_vessel,engineering,0,4,SHADE,7,8748191512052989941,15000,15000,6060.951946261941,6060.951946261941,6060.951946261941,0.1189300469995942,P1_pressure_vessel,6060.951946261941,0.0,0.0,True
P1_pressure_vessel,engineering,0,4,SHADE,8,7890636195326555972,15000,15000,6091.0771688379355,6091.0771688379355,6091.0771688379355,0.11915337599930353,P1_pressure_vessel,6091.0771688379355,0.0,0.0,True
P1_pressure_vessel,engineering,0,4,SHADE,9,5294816085163344225,15000,15000,6062.714061186363,6062.714061186363,6062.714061186363,0.11953251701197587,P1_pressure_vessel,6062.714061186363,0.0,0.0,True
P1_pressure_vessel,engineering,0,4,SHADE,10,4411153032770540760,15000,15000,6091.115218578008,6091.115218578008,6091.115218578008,0.11938375799218193,P1_pressure_vessel,6091.115218578008,0.0,0.0,True
P1_pressure_vessel,engineering,0,4,SHADE,11,1367736700467085805,15000,15000,6063.265452973203,6063.265452973203,6063.265452973203,0.11997055797837675,P1_pressure_vessel,6063.265452973203,0.0,0.0,True
P1_pressure_vessel,engineering,0,4,SHADE,12,1016046085374769783,15000,15000,6061.55729966682,6061.55729966682,6061.55729966682,0.11986606198479421,P1_pressure_vessel,6061.55729966682,0.0,0.0,True
P1_pressure_vessel,engineering,0,4,SHADE,13,9045307981636283735,15000,15000,6062.970892958465,6062.970892958465,6062.970892958465,0.12124661201960407,P1_pressure_vessel,6062.970892958465,0.0,0.0,True
P1_pressure_vessel,engineering,0,4,SHADE,14,1581608044558055061,15000,15000,6062.322924667738,6062.322924667738,6062.322924667738,0.1202658920083195,P1_pressure_vessel,6062.322924667738,0.0,0.0,True
P1_pressure_vessel,engineering,0,4,SHADE,15,4943365924637638851,15000,15000,6061.428650313187,6061.428650313187,6061.428650313187,0.11858000099891797,P1_pressure_vessel,6061.428650313187,0.0,0.0,True
P1_pressure_vessel,engineering,0,4,SHADE,16,6400017495438455685,15000,15000,6063.24497325084,6063.24497325084,6063.24497325084,0.11791908097802661,P1_pressure_vessel,6063.24497325084,0.0,0.0,True
P1_pressure_vessel,engineering,0,4,SHADE,17,6273099928248323910,15000,15000,6090.799949696857,6090.799949696857,6090.799949696857,0.11950396301108412,P1_pressure_vessel,6090.799949696857,0.0,0.0,True
P1_pressure_vessel,engineering,0,4,SHADE,18,7390857539924595396,15000,15000,6091.6568308155,6091.6568308155,6091.6568308155,0.10518072798731737,P1_pressure_vessel,6091.6568308155,0.0,0.0,True
P1_pressure_vessel,engineering,0,4,SHADE,19,460292013317794636,15000,15000,6372.819270756424,6372.819270756424,6372.819270756424,0.07144114599213935,P1_pressure_vessel,6372.819270756424,0.0,0.0,True
P1_pressure_vessel,engineering,0,4,SHADE,20,516532549277147454,15000,15000,6060.675704725514,6060.675704725514,6060.675704725514,0.07117174001177773,P1_pressure_vessel,6060.675704725514,0.0,0.0,True
P1_pressure_vessel,engineering,0,4,SHADE,21,97196627114478686,15000,15000,6092.0746807941805,6092.0746807941805,6092.0746807941805,0.07029693000367843,P1_pressure_vessel,6092.0746807941805,0.0,0.0,True
P1_pressure_vessel,engineering,0,4,SHADE,22,8327708305145220022,15000,15000,6060.968057705937,6060.968057705937,6060.968057705937,0.07152281899470836,P1_pressure_vessel,6060.968057705937,0.0,0.0,True
P1_pressure_vessel,engineering,0,4,SHADE,23,3500904823513964950,15000,15000,6092.27417941959,6092.27417941959,6092.27417941959,0.07269519800320268,P1_pressure_vessel,6092.27417941959,0.0,0.0,True
P1_pressure_vessel,engineering,0,4,SHADE,24,1515081833720956524,15000,15000,6062.273013059414,6062.273013059414,6062.273013059414,0.07448928299709223,P1_pressure_vessel,6062.273013059414,0.0,0.0,True
P1_pressure_vessel,engineering,0,4,SHADE,25,7115364209679735249,15000,15000,6093.992158736616,6093.992158736616,6093.992158736616,0.07411492097890005,P1_pressure_vessel,6093.992158736616,0.0,0.0,True
P1_pressure_vessel,engineering,0,4,SHADE,26,5905004294428349612,15000,15000,6066.706561532294,6066.706561532294,6066.706561532294,0.07376182801090181,P1_pressure_vessel,6066.706561532294,0.0,0.0,True
P1_pressure_vessel,engineering,0,4,SHADE,27,3833562274411895338,15000,15000,6091.252477776899,6091.252477776899,6091.252477776899,0.07434963100240566,P1_pressure_vessel,6091.252477776899,0.0,0.0,True
P1_pressure_vessel,engineering,0,4,SHADE,28,4011426489308516536,15000,15000,6061.404865309997,6061.404865309997,6061.404865309997,0.07356484900810756,P1_pressure_vessel,6061.404865309997,0.0,0.0,True
P1_pressure_vessel,engineering,0,4,SHADE,29,2180607749093337129,15000,15000,6091.361063325862,6091.361063325862,6091.361063325862,0.0775402550061699,P1_pressure_vessel,6091.361063325862,0.0,0.0,True
P4_blending_pooling_RC06,engineering,0,38,LSHADE,0,3665073358039201868,15000,15000,1020.6817042077155,1020.6817042077155,1020.6817042077155,0.16272593999747187,P4_blending_pooling_RC06,1.7963970730099184,20.681704207715537,4.254646702805091,False
P4_blending_pooling_RC06,engineering,0,38,LSHADE,1,4725808658756057524,15000,15000,1026.0578941971617,1026.0578941971617,1026.0578941971617,0.13309383299201727,P4_blending_pooling_RC06,1.482605213018945,26.057894197161698,9.764003946678205,False
P4_blending_pooling_RC06,engineering,0,38,LSHADE,2,8001307235746240494,15000,15000,1029.1279339830028,1029.1279339830028,1029.1279339830028,0.13223345897858962,P4_blending_pooling_RC06,1.8317953987482383,29.127933983002784,16.830198926034253,False
P4_blending_pooling_RC06,engineering,0,38,LSHADE,3,1901297694669577651,15000,15000,1024.9822867013625,1024.9822867013625,1024.9822867013625,0.13524128100834787,P4_blending_pooling_RC06,1.8945320891506943,24.982286701362526,7.022221725010954,False
P4_blending_pooling_RC06,engineering,0,38,LSHADE,4,647347801943416142,15000,15000,1029.8559956545253,1029.8559956545253,1029.8559956545253,0.1339747250021901,P4_blending_pooling_RC06,2.1894123926616507,29.855995654525366,14.927115865107783,False
P4_blending_pooling_RC06,engineering,0,38,LSHADE,5,6704451093636194385,15000,15000,1013.8459081669056,1013.8459081669056,1013.8459081669056,0.1349577390064951,P4_blending_pooling_RC06,1.998450458728273,13.845908166905616,3.0950230718832468,False
P4_blending_pooling_RC06,engineering,0,38,LSHADE,6,5226858397815061346,15000,15000,1023.6852096476754,1023.6852096476754,1023.6852096476754,0.13503281900193542,P4_blending_pooling_RC06,1.7579063229676137,23.685209647675357,10.721910020496,False
P4_blending_pooling_RC06,engineering,0,38,LSHADE,7,1862749705246157432,15000,15000,1024.7559754294746,1024.7559754294746,1024.7559754294746,0.13622739000129513,P4_blending_pooling_RC06,2.138940632673803,24.755975429474567,12.200870019083819,False
P4_blending_pooling_RC06,engineering,0,38,LSHADE,8,5126180623081937522,15000,15000,1022.7898827385392,1022.7898827385392,1022.7898827385392,0.13628755300305784,P4_blending_pooling_RC06,1.4595883085733252,22.789882738539216,7.062496097639812,False
P4_blending_pooling_RC06,engineering,0,38,LSHADE,9,8119596990965202699,15000,15000,1021.133717629838,1021.133717629838,1021.133717629838,0.13635232497472316,P4_blending_pooling_RC06,1.8595275094132295,21.133717629837918,11.064042004520527,False
P4_blending_pooling_RC06,engineering,0,38,LSHADE,10,4189483833065303423,15000,15000,1032.4462035678105,1032.4462035678105,1032.4462035678105,0.13659448898397386,P4_blending_pooling_RC06,1.9058662018225596,32.446203567810464,4.907599128768812,False
P4_blending_pooling_RC06,engineering,0,38,LSHADE,11,8632774836994891119,15000,15000,1030.480769072372,1030.480769072372,1030.480769072372,0.11151027100277133,P4_blending_pooling_RC06,1.7596031157263947,30.480769072371928,8.98629660304459,False
P4_blending_pooling_RC06,engineering,0,38,LSHADE,12,3545858662419700167,15000,15000,1025.6466450896849,1025.6466450896849,1025.6466450896849,0.08697800699155778,P4_blending_pooling_RC06,1.328303763505986,25.64664508968479,12.293878635684916,False
P4_blending_pooling_RC06,engineering,0,38,LSHADE,13,4964480844842036249,15000,15000,1031.0077870960124,1031.0077870960124,1031.0077870960124,0.08951732999412343,P4_blending_pooling_RC06,2.1082151882965783,31.00778709601241,16.41195364667634,False
P4_blending_pooling_RC06,engineering,0,38,LSHADE,14,8717122704276533146,15000,15000,1030.7855155594493,1030.7855155594493,1030.7855155594493,0.0852978260081727,P4_blending_pooling_RC06,1.8126060897006788,30.785515559449323,4.740332029419406,False
P4_blending_pooling_RC06,engineering,0,38,LSHADE,15,1421132631911662182,15000,15000,1040.4465682628331,1040.4465682628331,1040.4465682628331,0.08471574398572557,P4_blending_pooling_RC06,2.069542428521057,40.44656826283309,10.616004289569144,False
P4_blending_pooling_RC06,engineering,0,38,LSHADE,16,45810181696803379,15000,15000,1032.468247021148,1032.468247021148,1032.468247021148,0.08512332901591435,P4_blending_pooling_RC06,1.849776874595932,32.46824702114811,14.019484137787526,False
P4_blending_pooling_RC06,engineering,0,38,LSHADE,17,669020754024820060,15000,15000,1023.1287698695902,1023.1287698695902,1023.1287698695902,0.0864176960021723,P4_blending_pooling_RC06,1.7366491860655047,23.12876986959018,15.307534195853552,False
P4_blending_pooling_RC06,engineering,0,38,LSHADE,18,5806032974982918419,15000,15000,1026.4523852615434,1026.4523852615434,1026.4523852615434,0.08568880902021192,P4_blending_pooling_RC06,1.7721273422610837,26.452385261543427,5.414724603244796,False
P4_blending_pooling_RC06,engineering,0,38,LSHADE,19,8521949850067949466,15000,15000,1025.9825505269769,1025.9825505269769,1025.9825505269769,0.08561510100844316,P4_blending_pooling_RC06,1.8043926305387281,25.982550526976844,3.5310658165420565,False
P4_blending_pooling_RC06,engineering,0,38,LSHADE,20,8489394736143546096,15000,15000,1032.9374474907636,1032.9374474907636,1032.9374474907636,0.0864889399963431,P4_blending_pooling_RC06,2.0069365053941293,32.937447490763496,12.126367471976774,False
P4_blending_pooling_RC06,engineering,0,38,LSHADE,21,8384975854840500355,15000,15000,1025.8747541644364,1025.8747541644364,1025.8747541644364,0.08781346399337053,P4_blending_pooling_RC06,1.9642768876324896,25.874754164436347,10.976968473598465,False
P4_blending_pooling_RC06,engineering,0,38,LSHADE,22,548640428221781355,15000,15000,1024.5190902366803,1024.5190902366803,1024.5190902366803,0.0843820979935117,P4_blending_pooling_RC06,1.822398091372605,24.5190902366803,4.860018957844224,False
P4_blending_pooling_RC06,engineering,0,38,LSHADE,23,361929250563704025,15000,15000,1028.4685387930326,1028.4685387930326,1028.4685387930326,0.08396980501129292,P4_blending_pooling_RC06,1.7807357481112116,28.468538793032593,5.4945272592347045,False
P4_blending_pooling_RC06,engineering,0,38,LSHADE,24,1070666933801634427,15000,15000,1016.3359181760129,1016.3359181760129,1016.3359181760129,0.0855332679930143,P4_blending_pooling_RC06,1.966799444766059,16.33591817601296,3.9048256683610663,False
P4_blending_pooling_RC06,engineering,0,38,LSHADE,25,2079148829558565213,15000,15000,1027.5095395303003,1027.5095395303003,1027.5095395303003,0.08594348601764068,P4_blending_pooling_RC06,1.6751488954646607,27.509539530300437,5.299899650036508,False
P4_blending_pooling_RC06,engineering,0,38,LSHADE,26,6824944903186832864,15000,15000,1026.0896417165936,1026.0896417165936,1026.0896417165936,0.0841044879925903,P4_blending_pooling_RC06,1.9325626379580783,26.08964171659374,4.517555029952106,False
P4_blending_pooling_RC06,engineering,0,38,LSHADE,27,8723180913097732511,15000,15000,1035.7090251118425,1035.7090251118425,1035.7090251118425,0.09133441798621789,P4_blending_pooling_RC06,1.7892912114397834,35.70902511184255,14.242334746039322,False
P4_blending_pooling_RC06,engineering,0,38,LSHADE,28,6594660885081771130,15000,15000,1032.5754288617406,1032.5754288617406,1032.5754288617406,0.08364854200044647,P4_blending_pooling_RC06,1.7052923223313976,32.575428861740576,15.669545126062811,False
P4_blending_pooling_RC06,engineering,0,38,LSHADE,29,4008074327578186608,15000,15000,1038.519922729471,1038.519922729471,1038.519922729471,0.08238988200901076,P4_blending_pooling_RC06,1.6412275392627598,38.519922729471006,8.939018624268567,False
P4_blending_pooling_RC06,engineering,0,38,jSO,0,7622406524328335383,15000,15000,1011.7554158343963,1011.7554158343963,1011.7554158343963,0.1562165420036763,P4_blending_pooling_RC06,1.9288354599965782,11.755415834396285,2.2257734022443,False
P4_blending_pooling_RC06,engineering,0,38,jSO,1,1212037937768690802,15000,15000,1013.3498905012343,1013.3498905012343,1013.3498905012343,0.15383356201346032,P4_blending_pooling_RC06,2.1225118702840664,13.349890501234311,2.415686249796317,False
P4_blending_pooling_RC06,engineering,0,38,jSO,2,4286232000101470522,15000,15000,1016.6847082329062,1016.6847082329062,1016.6847082329062,0.15319707899470814,P4_blending_pooling_RC06,2.255987424060096,16.684708232906196,3.7114558179713266,False
P4_blending_pooling_RC06,engineering,0,38,jSO,3,7506944293251393520,15000,15000,1023.0919194894119,1023.0919194894119,1023.0919194894119,0.15485616098158062,P4_blending_pooling_RC06,2.1699973803856074,23.09191948941192,14.913371479332259,False
P4_blending_pooling_RC06,engineering,0,38,jSO,4,5545189775826252306,15000,15000,1011.5605010670483,1011.5605010670483,1011.5605010670483,0.15540092199807987,P4_blending_pooling_RC06,2.2617258370705757,11.56050106704831,4.208933629346035,False
P4_blending_pooling_RC06,engineering,0,38,jSO,5,8391236198022192682,15000,15000,1021.5954881812537,1021.5954881812537,1021.5954881812537,0.15604627301217988,P4_blending_pooling_RC06,2.1040473904189496,21.595488181253728,15.546189427932791,False
P4_blending_pooling_RC06,engineering,0,38,jSO,6,5172077373287889132,15000,15000,1018.4725559086755,1018.4725559086755,1018.4725559086755,0.15458647499326617,P4_blending_pooling_RC06,2.259363598852928,18.47255590867554,13.735410518545937,False
P4_blending_pooling_RC06,engineering,0,38,jSO,7,1716427482238721622,15000,15000,1019.1462011060388,1019.1462011060388,1019.1462011060388,0.13347462602541782,P4_blending_pooling_RC06,1.9762565094567006,19.146201106038816,8.500866494592582,False
P4_blending_pooling_RC06,engineering,0,38,jSO,8,2130132030392767734,15000,15000,1007.1992298502253,1007.1992298502253,1007.1992298502253,0.09527915599755943,P4_blending_pooling_RC06,1.9615247981706654,7.199229850225223,1.3596447717748716,False
P4_blending_pooling_RC06,engineering,0,38,jSO,9,600561045225443764,15000,15000,1024.1454861411812,1024.1454861411812,1024.1454861411812,0.10332519799703732,P4_blending_pooling_RC06,1.9715019899192328,24.145486141181312,16.07733331303734,False
P4_blending_pooling_RC06,engineering,0,38,jSO,10,5111299906434215979,15000,15000,1012.7073214870649,1012.7073214870649,1012.7073214870649,0.09638587202061899,P4_blending_pooling_RC06,2.001444546002686,12.70732148706486,2.9427834604409315,False
P4_blending_pooling_RC06,engineering,0,38,jSO,11,6454052096226459026,15000,15000,1023.8543985804708,1023.8543985804708,1023.8543985804708,0.095974801981356,P4_blending_pooling_RC06,2.091763352112406,23.8543985804709,10.353366490905625,False
P4_blending_pooling_RC06,engineering,0,38,jSO,12,7081086691417155044,15000,15000,1017.2731474333119,1017.2731474333119,1017.2731474333119,0.09543590102111921,P4_blending_pooling_RC06,2.1771091635814868,17.27314743331189,11.799695393346862,False
P4_blending_pooling_RC06,engineering,0,38,jSO,13,5439669648811637737,15000,15000,1018.9650154151196,1018.9650154151196,1018.9650154151196,0.09608167200349271,P4_blending_pooling_RC06,1.8786917364795084,18.965015415119595,5.244411754935857,False
P4_blending_pooling_RC06,engineering,0,38,jSO,14,1605012118022684175,15000,15000,1007.7499551845075,1007.7499551845075,1007.7499551845075,0.09521608901559375,P4_blending_pooling_RC06,2.2420198692945856,7.749955184507531,0.8423686848570318,False
P4_blending_pooling_RC06,engineering,0,38,jSO,15,8582176316555965940,15000,15000,1018.5804543578225,1018.5804543578225,1018.5804543578225,0.09584000901668333,P4_blending_pooling_RC06,2.114127540340061,18.580454357822532,3.3191227739995735,False
P4_blending_pooling_RC06,engineering,0,38,jSO,16,991396628431272937,15000,15000,1010.012270418691,1010.012270418691,1010.012270418691,0.0970000050147064,P4_blending_pooling_RC06,2.246061443520431,10.012270418690953,1.7878491005951493,False
P4_blending_pooling_RC06,engineering,0,38,jSO,17,5921137229961681782,15000,15000,1013.3442435070486,1013.3442435070486,1013.3442435070486,0.10262238999712281,P4_blending_pooling_RC06,2.0288766645858716,13.344243507048617,2.2562235394689014,False
P4_blending_pooling_RC06,engineering,0,38,jSO,18,5642967625255703285,15000,15000,1022.2791935283946,1022.2791935283946,1022.2791935283946,0.09962627000641078,P4_blending_pooling_RC06,2.0178985529575018,22.279193528394536,14.88223904249099,False
P4_blending_pooling_RC06,engineering,0,38,jSO,19,546367023015215798,15000,15000,1024.9487412485203,1024.9487412485203,1024.9487412485203,0.10618078400148079,P4_blending_pooling_RC06,2.3054376786262236,24.948741248520218,12.881509416816822,False
P4_blending_pooling_RC06,engineering,0,38,jSO,20,7652714773111973117,15000,15000,1008.3474926451669,1008.3474926451669,1008.3474926451669,0.10719630899257027,P4_blending_pooling_RC06,2.275740414289154,8.347492645166842,2.6998040206078744,False
P4_blending_pooling_RC06,engineering,0,38,jSO,21,445710414461366453,15000,15000,1016.9488019311483,1016.9488019311483,1016.9488019311483,0.10516836601891555,P4_blending_pooling_RC06,2.083486441460236,16.948801931148296,9.376204069188798,False
P4_blending_pooling_RC06,engineering,0,38,jSO,22,3472793145733024965,15000,15000,1016.3639291178094,1016.3639291178094,1016.3639291178094,0.10545961101888679,P4_blending_pooling_RC06,2.0846657425500466,16.3639291178094,2.8569602765295516,False
P4_blending_pooling_RC06,engineering,0,38,jSO,23,320452331141402150,15000,15000,1008.2784141317628,1008.2784141317628,1008.2784141317628,0.11328081099782139,P4_blending_pooling_RC06,2.279332613431402,8.278414131762851,1.3614056335404319,False
P4_blending_pooling_RC06,engineering,0,38,jSO,24,4024137394611461017,15000,15000,1022.9316987104128,1022.9316987104128,1022.9316987104128,0.11215540001285262,P4_blending_pooling_RC06,2.3795998595296437,22.931698710412775,4.392023827606575,False
P4_blending_pooling_RC06,engineering,0,38,jSO,25,4273896233568220448,15000,15000,1023.6365290957962,1023.6365290957962,1023.6365290957962,0.10792905298876576,P4_blending_pooling_RC06,2.306219059653377,23.636529095796163,12.99605091414207,False
P4_blending_pooling_RC06,engineering,0,38,jSO,26,5378154098800441513,15000,15000,1019.1680745639704,1019.1680745639704,1019.1680745639704,0.10761588497553021,P4_blending_pooling_RC06,2.285600103507746,19.168074563970418,10.880356318922455,False
P4_blending_pooling_RC06,engineering,0,38,jSO,27,4621781620056708914,15000,15000,1024.8626998343073,1024.8626998343073,1024.8626998343073,0.09543729398865253,P4_blending_pooling_RC06,2.179421798632207,24.86269983430731,16.358550372389782,False
P4_blending_pooling_RC06,engineering,0,38,jSO,28,6855413850137564112,15000,15000,1019.861051079756,1019.861051079756,1019.861051079756,0.09797659699688666,P4_blending_pooling_RC06,2.3066943819182706,19.861051079755953,14.078215803630993,False
P4_blending_pooling_RC06,engineering,0,38,jSO,29,8012341300329685795,15000,15000,1012.4276868957353,1012.4276868957353,1012.4276868957353,0.09425090800505131,P4_blending_pooling_RC06,2.095866044036777,12.427686895735285,1.8714379720593646,False
P4_blending_pooling_RC06,engineering,0,38,SHADE,0,5693636453924065506,15000,15000,1034.7480980477199,1034.7480980477199,1034.7480980477199,0.16002678900258616,P4_blending_pooling_RC06,2.371062559094873,34.74809804771975,15.359073156949368,False
P4_blending_pooling_RC06,engineering,0,38,SHADE,1,8246677847214854774,15000,15000,1027.7667510327294,1027.7667510327294,1027.7667510327294,0.16620331301237457,P4_blending_pooling_RC06,2.285555006561955,27.766751032729417,7.7464821057992275,False
P4_blending_pooling_RC06,engineering,0,38,SHADE,2,6853188232549666382,15000,15000,1036.5290001936264,1036.5290001936264,1036.5290001936264,0.16690759401535615,P4_blending_pooling_RC06,1.9962347403726555,36.52900019362635,13.297617265419294,False
P4_blending_pooling_RC06,engineering,0,38,SHADE,3,4485350048086965618,15000,15000,1039.1062678245478,1039.1062678245478,1039.1062678245478,0.16830274101812392,P4_blending_pooling_RC06,2.3925596020668456,39.10626782454781,12.570961442781861,False
P4_blending_pooling_RC06,engineering,0,38,SHADE,4,8302636278622327528,15000,15000,1030.161360127213,1030.161360127213,1030.161360127213,0.14328047900926322,P4_blending_pooling_RC06,2.3354410460268733,30.161360127212802,7.2482796411981845,False
P4_blending_pooling_RC06,engineering,0,38,SHADE,5,6053525011621023110,15000,15000,1031.956957360138,1031.956957360138,1031.956957360138,0.10763540302286856,P4_blending_pooling_RC06,2.277819651078021,31.956957360137977,9.031643163589134,False
P4_blending_pooling_RC06,engineering,0,38,SHADE,6,5305872997666864133,15000,15000,1033.3664558411836,1033.3664558411836,1033.3664558411836,0.11101744600455277,P4_blending_pooling_RC06,2.2308214368215618,33.36645584118345,6.730810272583977,False
P4_blending_pooling_RC06,engineering,0,38,SHADE,7,6854668721401753324,15000,15000,1037.3932530433744,1037.3932530433744,1037.3932530433744,0.10858069499954581,P4_blending_pooling_RC06,2.3910172603613127,37.393253043374415,14.75689307476313,False
P4_blending_pooling_RC06,engineering,0,38,SHADE,8,5441427111859744467,15000,15000,1033.4034624603496,1033.4034624603496,1033.4034624603496,0.10713899100665003,P4_blending_pooling_RC06,2.26419598058691,33.40346246034971,17.524277476183517,False
P4_blending_pooling_RC06,engineering,0,38,SHADE,9,4301463934221433405,15000,15000,1032.3998262438586,1032.3998262438586,1032.3998262438586,0.10990489899995737,P4_blending_pooling_RC06,1.8598169902871158,32.39982624385854,5.537278893224833,False
P4_blending_pooling_RC06,engineering,0,38,SHADE,10,5338419757134783433,15000,15000,1037.1856289353882,1037.1856289353882,1037.1856289353882,0.1418942690070253,P4_blending_pooling_RC06,2.1969692079022245,37.185628935388195,10.131087793590805,False
P4_blending_pooling_RC06,engineering,0,38,SHADE,11,401079727431137026,15000,15000,1038.6748197670074,1038.6748197670074,1038.6748197670074,0.11177747100009583,P4_blending_pooling_RC06,2.1095602309530506,38.674819767007314,18.605300215932974,False
P4_blending_pooling_RC06,engineering,0,38,SHADE,12,5503079203777465964,15000,15000,1032.8389801348353,1032.8389801348353,1032.8389801348353,0.11949420502060093,P4_blending_pooling_RC06,2.205084966509275,32.83898013483537,7.131505635378549,False
P4_blending_pooling_RC06,engineering,0,38,SHADE,13,64614455855716829,15000,15000,1030.8783712713955,1030.8783712713955,1030.8783712713955,0.12177474299096502,P4_blending_pooling_RC06,1.938663972493563,30.878371271395608,14.407386110373391,False
P4_blending_pooling_RC06,engineering,0,38,SHADE,14,484131249601138591,15000,15000,1032.6916874849364,1032.6916874849364,1032.6916874849364,0.10698386002331972,P4_blending_pooling_RC06,2.2107635177410208,32.69168748493645,6.505209505909701,False
P4_blending_pooling_RC06,engineering,0,38,SHADE,15,515268742426521168,15000,15000,1025.7469694055735,1025.7469694055735,1025.7469694055735,0.10436177198425867,P4_blending_pooling_RC06,2.162273959157868,25.74696940557356,5.017005697128344,False
P4_blending_pooling_RC06,engineering,0,38,SHADE,16,7541449205831162131,15000,15000,1038.1082662590788,1038.1082662590788,1038.1082662590788,0.10988631399231963,P4_blending_pooling_RC06,2.031442728886317,38.10826625907879,11.76486848406903,False
P4_blending_pooling_RC06,engineering,0,38,SHADE,17,6059808524635963231,15000,15000,1030.2340721268722,1030.2340721268722,1030.2340721268722,0.10357610799837857,P4_blending_pooling_RC06,2.3444286616582737,30.234072126872192,5.395136041832931,False
P4_blending_pooling_RC06,engineering,0,38,SHADE,18,8817731662202765259,15000,15000,1035.491845987377,1035.491845987377,1035.491845987377,0.10155692198895849,P4_blending_pooling_RC06,2.0365754089416073,35.491845987376934,15.977617369742422,False
P4_blending_pooling_RC06,engineering,0,38,SHADE,19,9113491299604809687,15000,15000,1037.7890365496146,1037.7890365496146,1037.7890365496146,0.10198975302046165,P4_blending_pooling_RC06,2.4034045303308873,37.78903654961457,12.38453854073185,False
P4_blending_pooling_RC06,engineering,0,38,SHADE,20,5397665834923486347,15000,15000,1035.8480886120878,1035.8480886120878,1035.8480886120878,0.10260155098512769,P4_blending_pooling_RC06,2.1717937387936725,35.84808861208781,16.671099381691963,False
P4_blending_pooling_RC06,engineering,0,38,SHADE,21,2558839758666021772,15000,15000,1023.1473772637688,1023.1473772637688,1023.1473772637688,0.10367337099160068,P4_blending_pooling_RC06,2.151295439324676,23.147377263768796,3.9659474744792766,False
P4_blending_pooling_RC06,engineering,0,38,SHADE,22,4491725075652064764,15000,15000,1028.6015642539376,1028.6015642539376,1028.6015642539376,0.1067358250147663,P4_blending_pooling_RC06,1.9278770735876234,28.601564253937482,10.623847560524805,False
P4_blending_pooling_RC06,engineering,0,38,SHADE,23,2854989118182337570,15000,15000,1037.9138345639317,1037.9138345639317,1037.9138345639317,0.10645056999055669,P4_blending_pooling_RC06,2.1427338491258223,37.91383456393157,14.402335528878236,False
P4_blending_pooling_RC06,engineering,0,38,SHADE,24,199232934820313419,15000,15000,1034.381833028422,1034.381833028422,1034.381833028422,0.1411115009977948,P4_blending_pooling_RC06,2.2738272043186107,34.38183302842212,6.533119183155502,False
P4_blending_pooling_RC06,engineering,0,38,SHADE,25,6764252668079538331,15000,15000,1032.943973232697,1032.943973232697,1032.943973232697,0.13962376100244,P4_blending_pooling_RC06,2.4546420634200983,32.943973232697054,9.114644856857264,False
P4_blending_pooling_RC06,engineering,0,38,SHADE,26,416962393103483251,15000,15000,1037.220973462606,1037.220973462606,1037.220973462606,0.1069197199831251,P4_blending_pooling_RC06,2.086326386533515,37.22097346260611,7.53418957409156,False
P4_blending_pooling_RC06,engineering,0,38,SHADE,27,8502467330936203749,15000,15000,1035.3382155224829,1035.3382155224829,1035.3382155224829,0.10076967501663603,P4_blending_pooling_RC06,1.9444743706929446,35.33821552248297,11.321432020807631,False
P4_blending_pooling_RC06,engineering,0,38,SHADE,28,5203798420699960309,15000,15000,1040.1745144355673,1040.1745144355673,1040.1745144355673,0.09999377001076937,P4_blending_pooling_RC06,2.124532297054139,40.17451443556732,14.221344514629681,False
P4_blending_pooling_RC06,engineering,0,38,SHADE,29,3489537062277890220,15000,15000,1032.4401781687584,1032.4401781687584,1032.4401781687584,0.10051587902125902,P4_blending_pooling_RC06,2.1802572034221033,32.440178168758315,10.600747624539235,False
P5_batch_plant_RC14,engineering,0,10,jSO,0,8009739139243364553,15000,15000,58506.51453084251,58506.51453084251,58506.51453084251,0.25391701998887584,P5_batch_plant_RC14,58506.51453084251,0.0,0.0,True
P5_batch_plant_RC14,engineering,0,10,jSO,1,6565481176302378981,15000,15000,58505.67470557757,58505.67470557757,58505.67470557757,0.25343186999089085,P5_batch_plant_RC14,58505.67470557757,0.0,0.0,True
P5_batch_plant_RC14,engineering,0,10,jSO,2,954385577142673619,15000,15000,58508.727494737635,58508.727494737635,58508.727494737635,0.15964751699357294,P5_batch_plant_RC14,58508.727494737635,0.0,0.0,True
P5_batch_plant_RC14,engineering,0,10,jSO,3,8147932270277027965,15000,15000,58507.31321059163,58507.31321059163,58507.31321059163,0.15687838298617862,P5_batch_plant_RC14,58507.31321059163,0.0,0.0,True
P5_batch_plant_RC14,engineering,0,10,jSO,4,2952046782466162345,15000,15000,58506.53899322232,58506.53899322232,58506.53899322232,0.1584784739825409,P5_batch_plant_RC14,58506.53899322232,0.0,0.0,True
P5_batch_plant_RC14,engineering,0,10,jSO,5,8707636424358254519,15000,15000,58506.640455846995,58506.640455846995,58506.640455846995,0.1552997920080088,P5_batch_plant_RC14,58506.640455846995,0.0,0.0,True
P5_batch_plant_RC14,engineering,0,10,jSO,6,1443138672690726991,15000,15000,58506.69044337032,58506.69044337032,58506.69044337032,0.15501246298663318,P5_batch_plant_RC14,58506.69044337032,0.0,0.0,True
P5_batch_plant_RC14,engineering,0,10,jSO,7,319347738874295147,15000,15000,58505.89729958433,58505.89729958433,58505.89729958433,0.16150852700229734,P5_batch_plant_RC14,58505.89729958433,0.0,0.0,True
P5_batch_plant_RC14,engineering,0,10,jSO,8,835483256651902731,15000,15000,58509.239088677576,58509.239088677576,58509.239088677576,0.15968810298363678,P5_batch_plant_RC14,58509.239088677576,0.0,0.0,True
P5_batch_plant_RC14,engineering,0,10,jSO,9,2854490570597640924,15000,15000,58505.66913302639,58505.66913302639,58505.66913302639,0.15964781801449135,P5_batch_plant_RC14,58505.66913302639,0.0,0.0,True
P5_batch_plant_RC14,engineering,0,10,jSO,10,3417957060215932601,15000,15000,58506.97155115541,58506.97155115541,58506.97155115541,0.15763388000777923,P5_batch_plant_RC14,58506.97155115541,0.0,0.0,True
P5_batch_plant_RC14,engineering,0,10,jSO,11,3494712345460068979,15000,15000,58507.427458188584,58507.427458188584,58507.427458188584,0.15475775598315522,P5_batch_plant_RC14,58507.427458188584,0.0,0.0,True
P5_batch_plant_RC14,engineering,0,10,jSO,12,2725986574519485389,15000,15000,58506.19669742193,58506.19669742193,58506.19669742193,0.15521783800795674,P5_batch_plant_RC14,58506.19669742193,0.0,0.0,True
P5_batch_plant_RC14,engineering,0,10,jSO,13,306837954209288637,15000,15000,58505.80500531553,58505.80500531553,58505.80500531553,0.15082762399106286,P5_batch_plant_RC14,58505.80500531553,3.218923794179318e-09,3.218923794179318e-09,True
P5_batch_plant_RC14,engineering,0,10,jSO,14,5192073777225745828,15000,15000,58507.983200860246,58507.983200860246,58507.983200860246,0.15059242298593745,P5_batch_plant_RC14,58507.983200860246,0.0,0.0,True
P5_batch_plant_RC14,engineering,0,10,jSO,15,3655322829126396148,15000,15000,58507.66207636088,58507.66207636088,58507.66207636088,0.1529869040241465,P5_batch_plant_RC14,58507.66207636088,0.0,0.0,True
P5_batch_plant_RC14,engineering,0,10,jSO,16,7483154792059827683,15000,15000,58505.51908601302,58505.51908601302,58505.51908601302,0.1529533110151533,P5_batch_plant_RC14,58505.51908601302,0.0,0.0,True
P5_batch_plant_RC14,engineering,0,10,jSO,17,2214505693053029000,15000,15000,58505.52266748038,58505.52266748038,58505.52266748038,0.15084610899793915,P5_batch_plant_RC14,58505.52266748038,0.0,0.0,True
P5_batch_plant_RC14,engineering,0,10,jSO,18,1814069185297337529,15000,15000,58507.355952579106,58507.355952579106,58507.355952579106,0.157608301989967,P5_batch_plant_RC14,58507.355952579106,0.0,0.0,True
P5_batch_plant_RC14,engineering,0,10,jSO,19,982938843822176029,15000,15000,58506.34428674899,58506.34428674899,58506.34428674899,0.15103622499736957,P5_batch_plant_RC14,58506.34428674899,0.0,0.0,True
P5_batch_plant_RC14,engineering,0,10,jSO,20,9112592360779250478,15000,15000,58506.182561394824,58506.182561394824,58506.182561394824,0.15193695499328896,P5_batch_plant_RC14,58506.182561394824,0.0,0.0,True
P5_batch_plant_RC14,engineering,0,10,jSO,21,1477946230478009068,15000,15000,58510.26634392899,58510.26634392899,58510.26634392899,0.14988418499706313,P5_batch_plant_RC14,58510.26634392899,0.0,0.0,True
P5_batch_plant_RC14,engineering,0,10,jSO,22,3344361261830679986,15000,15000,58506.59629840105,58506.59629840105,58506.59629840105,0.14605160598875955,P5_batch_plant_RC14,58506.59629840105,0.0,0.0,True
P5_batch_plant_RC14,engineering,0,10,jSO,23,2585737065492571844,15000,15000,58506.48833271056,58506.48833271056,58506.48833271056,0.14289922401076183,P5_batch_plant_RC14,58506.48833271056,0.0,0.0,True
P5_batch_plant_RC14,engineering,0,10,jSO,24,6574550366793013145,15000,15000,58505.89388344606,58505.89388344606,58505.89388344606,0.14300909999292344,P5_batch_plant_RC14,58505.89388344606,0.0,0.0,True
P5_batch_plant_RC14,engineering,0,10,jSO,25,2394676638417036752,15000,15000,58506.976297147245,58506.976297147245,58506.976297147245,0.1525323620007839,P5_batch_plant_RC14,58506.976297147245,0.0,0.0,True
P5_batch_plant_RC14,engineering,0,10,jSO,26,592142701976368066,15000,15000,58505.74201289385,58505.74201289385,58505.74201289385,0.14651369300554506,P5_batch_plant_RC14,58505.74201289385,0.0,0.0,True
P5_batch_plant_RC14,engineering,0,10,jSO,27,6522387125568224478,15000,15000,58507.884109647624,58507.884109647624,58507.884109647624,0.14347442297730595,P5_batch_plant_RC14,58507.884109647624,0.0,0.0,True
P5_batch_plant_RC14,engineering,0,10,jSO,28,4481766990262468271,15000,15000,58505.95960747452,58505.95960747452,58505.95960747452,0.1502995339978952,P5_batch_plant_RC14,58505.95960747452,0.0,0.0,True
P5_batch_plant_RC14,engineering,0,10,jSO,29,9175235199200615149,15000,15000,58506.981930468566,58506.981930468566,58506.981930468566,0.14849023998249322,P5_batch_plant_RC14,58506.981930468566,0.0,0.0,True
P5_batch_plant_RC14,engineering,0,10,LSHADE,0,3500799104612507943,15000,15000,58519.71178570678,58519.71178570678,58519.71178570678,0.24419291198137216,P5_batch_plant_RC14,58519.71178570678,0.0,0.0,True
P5_batch_plant_RC14,engineering,0,10,LSHADE,1,6806476055870506443,15000,15000,58505.658527448686,58505.658527448686,58505.658527448686,0.15585970200481825,P5_batch_plant_RC14,58505.658527448686,0.0,0.0,True
P5_batch_plant_RC14,engineering,0,10,LSHADE,2,8962252732638082484,15000,15000,58508.963198933656,58508.963198933656,58508.963198933656,0.16700970500824042,P5_batch_plant_RC14,58508.963198933656,0.0,0.0,True
P5_batch_plant_RC14,engineering,0,10,LSHADE,3,2756518356190468575,15000,15000,58526.71426698278,58526.71426698278,58526.71426698278,0.16174749602214433,P5_batch_plant_RC14,58526.71426698278,0.0,0.0,True
P5_batch_plant_RC14,engineering,0,10,LSHADE,4,836908628008912492,15000,15000,58513.243107777744,58513.243107777744,58513.243107777744,0.17029645000002347,P5_batch_plant_RC14,58513.243107777744,0.0,0.0,True
P5_batch_plant_RC14,engineering,0,10,LSHADE,5,4349797314860108949,15000,15000,58505.88197900394,58505.88197900394,58505.88197900394,0.16610540001420304,P5_batch_plant_RC14,58505.88197900394,0.0,0.0,True
P5_batch_plant_RC14,engineering,0,10,LSHADE,6,4419353075710203545,15000,15000,58508.649538897684,58508.649538897684,58508.649538897684,0.16842473999713548,P5_batch_plant_RC14,58508.649538897684,0.0,0.0,True
P5_batch_plant_RC14,engineering,0,10,LSHADE,7,3149029511713138938,15000,15000,58509.980482302744,58509.980482302744,58509.980482302744,0.17441083799349144,P5_batch_plant_RC14,58509.980482302744,0.0,0.0,True
P5_batch_plant_RC14,engineering,0,10,LSHADE,8,3591562123566526201,15000,15000,58509.69430019854,58509.69430019854,58509.69430019854,0.17344615797628649,P5_batch_plant_RC14,58509.69430019854,0.0,0.0,True
P5_batch_plant_RC14,engineering,0,10,LSHADE,9,1994616658424525034,15000,15000,58519.11156943828,58519.11156943828,58519.11156943828,0.16502393101109192,P5_batch_plant_RC14,58519.11156943828,0.0,0.0,True
P5_batch_plant_RC14,engineering,0,10,LSHADE,10,2347805576334013370,15000,15000,58507.141711691445,58507.141711691445,58507.141711691445,0.1741488259867765,P5_batch_plant_RC14,58507.141711691445,0.0,0.0,True
P5_batch_plant_RC14,engineering,0,10,LSHADE,11,2923692601907623020,15000,15000,58506.020303193865,58506.020303193865,58506.020303193865,0.15827463200548664,P5_batch_plant_RC14,58506.020303193865,0.0,0.0,True
P5_batch_plant_RC14,engineering,0,10,LSHADE,12,3433579280956493515,15000,15000,58506.66613709468,58506.66613709468,58506.66613709468,0.1585087910061702,P5_batch_plant_RC14,58506.66613709468,0.0,0.0,True
P5_batch_plant_RC14,engineering,0,10,LSHADE,13,822083490797929752,15000,15000,58511.32316166091,58511.32316166091,58511.32316166091,0.1555073710042052,P5_batch_plant_RC14,58511.32316166091,0.0,0.0,True
P5_batch_plant_RC14,engineering,0,10,LSHADE,14,4275437761286180144,15000,15000,58509.54212030391,58509.54212030391,58509.54212030391,0.1584928609954659,P5_batch_plant_RC14,58509.54212030391,0.0,0.0,True
P5_batch_plant_RC14,engineering,0,10,LSHADE,15,2048561160090841814,15000,15000,58506.79517771871,58506.79517771871,58506.79517771871,0.16373095498420298,P5_batch_plant_RC14,58506.79517771871,0.0,0.0,True
P5_batch_plant_RC14,engineering,0,10,LSHADE,16,122365295614236934,15000,15000,58506.64629894969,58506.64629894969,58506.64629894969,0.15787895998801105,P5_batch_plant_RC14,58506.64629894969,0.0,0.0,True
P5_batch_plant_RC14,engineering,0,10,LSHADE,17,4754329372074189318,15000,15000,58506.059479619806,58506.059479619806,58506.059479619806,0.16182698399643414,P5_batch_plant_RC14,58506.059479619806,0.0,0.0,True
P5_batch_plant_RC14,engineering,0,10,LSHADE,18,5736287998533951689,15000,15000,58514.43014419461,58514.43014419461,58514.43014419461,0.15974486898630857,P5_batch_plant_RC14,58514.43014419461,0.0,0.0,True
P5_batch_plant_RC14,engineering,0,10,LSHADE,19,9160087524746782091,15000,15000,58506.174140218216,58506.174140218216,58506.174140218216,0.15784167899983004,P5_batch_plant_RC14,58506.174140218216,0.0,0.0,True
P5_batch_plant_RC14,engineering,0,10,LSHADE,20,6860155678204185531,15000,15000,58512.87958099563,58512.87958099563,58512.87958099563,0.1492183960217517,P5_batch_plant_RC14,58512.87958099563,0.0,0.0,True
P5_batch_plant_RC14,engineering,0,10,LSHADE,21,7846143366291099247,15000,15000,58506.48989179987,58506.48989179987,58506.48989179987,0.15453610999975353,P5_batch_plant_RC14,58506.48989179987,0.0,0.0,True
P5_batch_plant_RC14,engineering,0,10,LSHADE,22,2935286454086210569,15000,15000,58515.196564521386,58515.196564521386,58515.196564521386,0.14918770900112577,P5_batch_plant_RC14,58515.196564521386,0.0,0.0,True
P5_batch_plant_RC14,engineering,0,10,LSHADE,23,522250498802908163,15000,15000,58507.043913048605,58507.043913048605,58507.043913048605,0.14974370200070553,P5_batch_plant_RC14,58507.043913048605,0.0,0.0,True
P5_batch_plant_RC14,engineering,0,10,LSHADE,24,8126054105827357668,15000,15000,58517.289586262996,58517.289586262996,58517.289586262996,0.1591066730034072,P5_batch_plant_RC14,58517.289586262996,0.0,0.0,True
P5_batch_plant_RC14,engineering,0,10,LSHADE,25,2776929678595292596,15000,15000,58509.652794569236,58509.652794569236,58509.652794569236,0.1475507979921531,P5_batch_plant_RC14,58509.652794569236,0.0,0.0,True
P5_batch_plant_RC14,engineering,0,10,LSHADE,26,2901968065526088477,15000,15000,58508.669637458224,58508.669637458224,58508.669637458224,0.15258153399918228,P5_batch_plant_RC14,58508.669637458224,0.0,0.0,True
P5_batch_plant_RC14,engineering,0,10,LSHADE,27,5200290637978972703,15000,15000,58511.859605820864,58511.859605820864,58511.859605820864,0.14827572798822075,P5_batch_plant_RC14,58511.859605820864,0.0,0.0,True
P5_batch_plant_RC14,engineering,0,10,LSHADE,28,1019022062224515752,15000,15000,58509.634206634524,58509.634206634524,58509.634206634524,0.14914911601226777,P5_batch_plant_RC14,58509.634206634524,0.0,0.0,True
P5_batch_plant_RC14,engineering,0,10,LSHADE,29,9045988064620063403,15000,15000,58516.36541309315,58516.36541309315,58516.36541309315,0.14927220699610189,P5_batch_plant_RC14,58516.36541309315,0.0,0.0,True
P3_heat_exchanger_RC01,engineering,0,9,LSHADE,0,8985755321315833907,15000,15000,100002.41884388149,100002.41884388149,100002.41884388149,0.25698725899565034,P3_heat_exchanger_RC01,280.73040699177346,2.41884388149594,0.6624338466838002,False
P3_heat_exchanger_RC01,engineering,0,9,LSHADE,1,7126990666739429021,15000,15000,100002.6502089643,100002.6502089643,100002.6502089643,0.2531052569975145,P3_heat_exchanger_RC01,272.69936993095513,2.6502089643007185,1.739151713514598,False
P3_heat_exchanger_RC01,engineering,0,9,LSHADE,2,6698900803085308298,15000,15000,100227.62729921102,100227.62729921102,100227.62729921102,0.2543131629936397,P3_heat_exchanger_RC01,354.83578046611046,227.62729921101794,161.33781766571812,False
P3_heat_exchanger_RC01,engineering,0,9,LSHADE,3,768430239245781689,15000,15000,100120.0846934965,100120.0846934965,100120.0846934965,0.2185071649728343,P3_heat_exchanger_RC01,226.03289653602394,120.08469349650032,37.53903175570778,False
P3_heat_exchanger_RC01,engineering,0,9,LSHADE,4,5580066395803412484,15000,15000,100078.66890960245,100078.66890960245,100078.66890960245,0.16612047798116691,P3_heat_exchanger_RC01,296.4584934095764,78.66890960245513,52.163157297361266,False
P3_heat_exchanger_RC01,engineering,0,9,LSHADE,5,6414077105955775086,15000,15000,100081.66472371737,100081.66472371737,100081.66472371737,0.1672979069990106,P3_heat_exchanger_RC01,274.94652536609175,81.66472371737281,29.3180284298189,False
P3_heat_exchanger_RC01,engineering,0,9,LSHADE,6,6751942512421876417,15000,15000,100000.22197884573,100000.22197884573,100000.22197884573,0.17351384501671419,P3_heat_exchanger_RC01,287.85955254530995,0.2219788457223597,0.10373688314818293,False
P3_heat_exchanger_RC01,engineering,0,9,LSHADE,7,7888610709101877927,15000,15000,100000.11964410529,100000.11964410529,100000.11964410529,0.1698035559966229,P3_heat_exchanger_RC01,452.8032033022314,0.11964410529414429,0.051567862523053995,False
P3_heat_exchanger_RC01,engineering,0,9,LSHADE,8,127723592414245295,15000,15000,100000.01048986624,100000.01048986624,100000.01048986624,0.1684841809910722,P3_heat_exchanger_RC01,521.477087575941,0.010489866244802006,0.002779515290260315,False
P3_heat_exchanger_RC01,engineering,0,9,LSHADE,9,801638423294758516,15000,15000,100000.4304001983,100000.4304001983,100000.4304001983,0.1617146440257784,P3_heat_exchanger_RC01,302.3268362963297,0.430400198303241,0.22723697990553157,False
P3_heat_exchanger_RC01,engineering,0,9,LSHADE,10,6466211581974591003,15000,15000,100053.19462081639,100053.19462081639,100053.19462081639,0.15977422401192598,P3_heat_exchanger_RC01,274.77348446855524,53.19462081639081,28.48861647985652,False
P3_heat_exchanger_RC01,engineering,0,9,LSHADE,11,6394213698530909209,15000,15000,100001.66081876264,100001.66081876264,100001.66081876264,0.1596506529895123,P3_heat_exchanger_RC01,224.11466856345234,1.6608187626340032,1.285992387046665,False
P3_heat_exchanger_RC01,engineering,0,9,LSHADE,12,4895054481142054838,15000,15000,100000.12306508092,100000.12306508092,100000.12306508092,0.15760933500132523,P3_heat_exchanger_RC01,649.3954706140687,0.12306508091897164,0.05775660957917571,False
P3_heat_exchanger_RC01,engineering,0,9,LSHADE,13,3118375170157254683,15000,15000,100000.60425862929,100000.60425862929,100000.60425862929,0.15594132500700653,P3_heat_exchanger_RC01,329.732569919419,0.6042586292955099,0.3596183853853494,False
P3_heat_exchanger_RC01,engineering,0,9,LSHADE,14,8319169006263459418,15000,15000,100021.7866969484,100021.7866969484,100021.7866969484,0.15628877701237798,P3_heat_exchanger_RC01,378.47972680288285,21.78669694839718,9.592515312663839,False
P3_heat_exchanger_RC01,engineering,0,9,LSHADE,15,2133353679321794505,15000,15000,100025.36312536414,100025.36312536414,100025.36312536414,0.15714495300198905,P3_heat_exchanger_RC01,511.8000567569026,25.363125364138753,15.207751191291369,False
P3_heat_exchanger_RC01,engineering,0,9,LSHADE,16,5696325718395718335,15000,15000,100013.03714310395,100013.03714310395,100013.03714310395,0.15563061297871172,P3_heat_exchanger_RC01,731.8231312960779,13.03714310395546,4.41311572707966,False
P3_heat_exchanger_RC01,engineering,0,9,LSHADE,17,3521723412113595336,15000,15000,100001.28935020659,100001.28935020659,100001.28935020659,0.1609084109950345,P3_heat_exchanger_RC01,358.73773107749764,1.2893502065886813,0.8966260967474431,False
P3_heat_exchanger_RC01,engineering,0,9,LSHADE,18,3863494078691868239,15000,15000,100000.01572597405,100000.01572597405,100000.01572597405,0.14983906998531893,P3_heat_exchanger_RC01,282.8830518237759,0.015725974048903902,0.011377096410999366,False
P3_heat_exchanger_RC01,engineering,0,9,LSHADE,19,126297846244971366,15000,15000,100044.0097959319,100044.0097959319,100044.0097959319,0.14515810998273082,P3_heat_exchanger_RC01,794.4270436716001,44.009795931899454,25.08743113903986,False
P3_heat_exchanger_RC01,engineering,0,9,LSHADE,20,2431394294285620548,15000,15000,100000.0657716174,100000.0657716174,100000.0657716174,0.14461181600927375,P3_heat_exchanger_RC01,355.91533641487734,0.06577161740946218,0.017311146218250906,False
P3_heat_exchanger_RC01,engineering,0,9,LSHADE,21,8677576282620753898,15000,15000,100166.33406356377,100166.33406356377,100166.33406356377,0.14207586899283342,P3_heat_exchanger_RC01,618.5178752198667,166.3340635637707,144.91174516833163,False
P3_heat_exchanger_RC01,engineering,0,9,LSHADE,22,5859749548272872764,15000,15000,100000.31332202915,100000.31332202915,100000.31332202915,0.14188067300710827,P3_heat_exchanger_RC01,249.94123552708638,0.31332202915222,0.11894791952110827,False
P3_heat_exchanger_RC01,engineering,0,9,LSHADE,23,2596453656390985523,15000,15000,100000.02452109224,100000.02452109224,100000.02452109224,0.1434447669889778,P3_heat_exchanger_RC01,332.97846922195174,0.024521092250113487,0.011959140040889816,False
P3_heat_exchanger_RC01,engineering,0,9,LSHADE,24,6421268104741201328,15000,15000,100000.14335311258,100000.14335311258,100000.14335311258,0.14421917902654968,P3_heat_exchanger_RC01,236.2364834508596,0.14335311258621325,0.12859193335063757,False
P3_heat_exchanger_RC01,engineering,0,9,LSHADE,25,1017187407571447381,15000,15000,100996.62976582073,100996.62976582073,100996.62976582073,0.14134197199018672,P3_heat_exchanger_RC01,532.5323410440058,996.6297658207262,498.8380167391781,False
P3_heat_exchanger_RC01,engineering,0,9,LSHADE,26,2491000978833754277,15000,15000,100018.00133386448,100018.00133386448,100018.00133386448,0.14225474497652613,P3_heat_exchanger_RC01,339.8183837258922,18.001333864480422,6.516793861043244,False
P3_heat_exchanger_RC01,engineering,0,9,LSHADE,27,4009494642365673004,15000,15000,100444.66382879068,100444.66382879068,100444.66382879068,0.1426273639954161,P3_heat_exchanger_RC01,390.52635302995026,444.66382879067845,434.0358334431123,False
P3_heat_exchanger_RC01,engineering,0,9,LSHADE,28,40854071293188597,15000,15000,100139.53754292235,100139.53754292235,100139.53754292235,0.14204290698398836,P3_heat_exchanger_RC01,691.4584646689357,139.53754292235246,87.6629709846504,False
P3_heat_exchanger_RC01,engineering,0,9,LSHADE,29,1715029585927795526,15000,15000,100100.24932243276,100100.24932243276,100100.24932243276,0.14102781398105435,P3_heat_exchanger_RC01,288.848591661559,100.24932243276815,56.414920269807425,False
P3_heat_exchanger_RC01,engineering,0,9,jSO,0,7615848862851116741,15000,15000,100000.01193930324,100000.01193930324,100000.01193930324,0.31268143898341805,P3_heat_exchanger_RC01,302.9027599093213,0.011939303232397948,0.010733052127338761,False
P3_heat_exchanger_RC01,engineering,0,9,jSO,1,8710959864357663267,15000,15000,100001.51818998969,100001.51818998969,100001.51818998969,0.27466071699745953,P3_heat_exchanger_RC01,368.39244785805556,1.5181899896851463,0.9465547716874629,False
P3_heat_exchanger_RC01,engineering,0,9,jSO,2,4307038350628293926,15000,15000,100000.14656279051,100000.14656279051,100000.14656279051,0.27043235700693913,P3_heat_exchanger_RC01,411.6133371660717,0.1465627905119217,0.0901886815186501,False
P3_heat_exchanger_RC01,engineering,0,9,jSO,3,6824115753456406472,15000,15000,100000.02371590832,100000.02371590832,100000.02371590832,0.2768908209982328,P3_heat_exchanger_RC01,419.1322822768842,0.023715908319554092,0.01409088124686141,False
P3_heat_exchanger_RC01,engineering,0,9,jSO,4,3233799918650901448,15000,15000,100000.01779299433,100000.01779299433,100000.01779299433,0.27512247301638126,P3_heat_exchanger_RC01,414.53591007756506,0.0177929943277794,0.011575543284468404,False
P3_heat_exchanger_RC01,engineering,0,9,jSO,5,7798465648930018326,15000,15000,100000.02220383973,100000.02220383973,100000.02220383973,0.27436377000412904,P3_heat_exchanger_RC01,323.5579611044493,0.02220383973979715,0.01818154886379707,False
P3_heat_exchanger_RC01,engineering,0,9,jSO,6,3331880760282553285,15000,15000,100000.33920698856,100000.33920698856,100000.33920698856,0.26819773501483724,P3_heat_exchanger_RC01,404.34063915412884,0.3392069885548514,0.22733025072850288,False
P3_heat_exchanger_RC01,engineering,0,9,jSO,7,8039033653963654245,15000,15000,100000.05645743443,100000.05645743443,100000.05645743443,0.26585633400827646,P3_heat_exchanger_RC01,271.18951827110726,0.05645743443365941,0.014813649100323529,False
P3_heat_exchanger_RC01,engineering,0,9,jSO,8,2361306607395945771,15000,15000,100000.21194185223,100000.21194185223,100000.21194185223,0.26236258100834675,P3_heat_exchanger_RC01,346.09816309447854,0.21194185223827777,0.118514142494323,False
P3_heat_exchanger_RC01,engineering,0,9,jSO,9,4803605124857666036,15000,15000,100000.19115120324,100000.19115120324,100000.19115120324,0.26385981900966726,P3_heat_exchanger_RC01,454.19981161279657,0.19115120323166082,0.11919643247276544,False
P3_heat_exchanger_RC01,engineering,0,9,jSO,10,6385683388161182788,15000,15000,100028.6803028748,100028.6803028748,100028.6803028748,0.25888146201032214,P3_heat_exchanger_RC01,340.97956247714734,28.680302874795398,23.73244787503597,False
P3_heat_exchanger_RC01,engineering,0,9,jSO,11,72786282649581786,15000,15000,100000.02877848345,100000.02877848345,100000.02877848345,0.2344381659931969,P3_heat_exchanger_RC01,408.12047481630566,0.028778483451292917,0.016822847302282663,False
P3_heat_exchanger_RC01,engineering,0,9,jSO,12,3737341538236294823,15000,15000,100000.15963478894,100000.15963478894,100000.15963478894,0.15393880000920035,P3_heat_exchanger_RC01,283.44090138037615,0.159634788940393,0.13986035209856928,False
P3_heat_exchanger_RC01,engineering,0,9,jSO,13,2719461688459132671,15000,15000,100000.01361372635,100000.01361372635,100000.01361372635,0.15158444401458837,P3_heat_exchanger_RC01,336.810606343152,0.013613726344394218,0.005548871866469562,False
P3_heat_exchanger_RC01,engineering,0,9,jSO,14,4456884170745067356,15000,15000,100000.69367833583,100000.69367833583,100000.69367833583,0.15044130000751466,P3_heat_exchanger_RC01,548.6161551581615,0.6936783358268832,0.2691006507422775,False
P3_heat_exchanger_RC01,engineering,0,9,jSO,15,1395538634494113922,15000,15000,100000.04453989089,100000.04453989089,100000.04453989089,0.14924164899275638,P3_heat_exchanger_RC01,515.9990942047556,0.04453989089616265,0.021756261809560352,False
P3_heat_exchanger_RC01,engineering,0,9,jSO,16,8023894247254547128,15000,15000,100018.46098512948,100018.46098512948,100018.46098512948,0.14741476302151568,P3_heat_exchanger_RC01,529.9844539473543,18.46098512947431,13.974974273821648,False
P3_heat_exchanger_RC01,engineering,0,9,jSO,17,5452127934510790823,15000,15000,100007.61295291201,100007.61295291201,100007.61295291201,0.14941187898511998,P3_heat_exchanger_RC01,397.5352463532656,7.612952912003008,7.550975906958431,False
P3_heat_exchanger_RC01,engineering,0,9,jSO,18,5550356869425881755,15000,15000,100000.01982246366,100000.01982246366,100000.01982246366,0.15089721500407904,P3_heat_exchanger_RC01,473.7971710242015,0.019822463660769087,0.019476101963025395,False
P3_heat_exchanger_RC01,engineering,0,9,jSO,19,4718742982325087487,15000,15000,100000.00086194619,100000.00086194619,100000.00086194619,0.15360688700457104,P3_heat_exchanger_RC01,438.25094015084466,0.000861946184967222,0.0004789383527021741,False
P3_heat_exchanger_RC01,engineering,0,9,jSO,20,7338629148764781621,15000,15000,100000.02747510781,100000.02747510781,100000.02747510781,0.1541840800200589,P3_heat_exchanger_RC01,492.6240505983608,0.027475107814476516,0.017373313482298636,False
P3_heat_exchanger_RC01,engineering,0,9,jSO,21,4945142173176271784,15000,15000,100000.09498484357,100000.09498484357,100000.09498484357,0.14999462201376446,P3_heat_exchanger_RC01,427.88142890445283,0.09498484356761785,0.05979742121163033,False
P3_heat_exchanger_RC01,engineering,0,9,jSO,22,2216526231275323632,15000,15000,100000.02011831335,100000.02011831335,100000.02011831335,0.15209356902050786,P3_heat_exchanger_RC01,359.91107353080406,0.020118313340506233,0.014756213288112486,False
P3_heat_exchanger_RC01,engineering,0,9,jSO,23,4371565206089567952,15000,15000,100000.34325229832,100000.34325229832,100000.34325229832,0.1462909350229893,P3_heat_exchanger_RC01,337.9526008070056,0.3432522983229535,0.2909584481433034,False
P3_heat_exchanger_RC01,engineering,0,9,jSO,24,6171612904467213891,15000,15000,100000.01522468987,100000.01522468987,100000.01522468987,0.14648397799464874,P3_heat_exchanger_RC01,451.6880301516401,0.015224689867166808,0.013857451463056714,False
P3_heat_exchanger_RC01,engineering,0,9,jSO,25,164155764707820640,15000,15000,100000.00964615578,100000.00964615578,100000.00964615578,0.15599845300312154,P3_heat_exchanger_RC01,414.35280282054174,0.009646155781711508,0.005127106201630249,False
P3_heat_exchanger_RC01,engineering,0,9,jSO,26,4507391500549173135,15000,15000,100000.0088983831,100000.0088983831,100000.0088983831,0.16022645198972896,P3_heat_exchanger_RC01,299.6609573115985,0.00889838308823937,0.007406401055763945,False
P3_heat_exchanger_RC01,engineering,0,9,jSO,27,7761845933653409475,15000,15000,100000.02584100667,100000.02584100667,100000.02584100667,0.15060407502460293,P3_heat_exchanger_RC01,357.7085916873862,0.02584100667713947,0.012875072677157585,False
P3_heat_exchanger_RC01,engineering,0,9,jSO,28,6647501820144645308,15000,15000,100000.01960612382,100000.01960612382,100000.01960612382,0.14999749697744846,P3_heat_exchanger_RC01,550.7206171921678,0.01960612383113776,0.013444611263398566,False
P3_heat_exchanger_RC01,engineering,0,9,jSO,29,5293841262285176636,15000,15000,100000.02923192485,100000.02923192485,100000.02923192485,0.153849211987108,P3_heat_exchanger_RC01,420.8789222859145,0.029231924855443507,0.015920397271745424,False
P2_gear_train,engineering,0,4,LSHADE,0,400084081335270228,15000,15000,2.307815733312755e-11,0.0,2.307815733312755e-11,0.384801589010749,P2_gear_train,2.307815733312755e-11,0.0,0.0,True
P2_gear_train,engineering,0,4,LSHADE,1,4418533941062006029,15000,15000,2.7008571488865134e-12,0.0,2.7008571488865134e-12,0.22009309998247772,P2_gear_train,2.7008571488865134e-12,0.0,0.0,True
P2_gear_train,engineering,0,4,LSHADE,2,7887067027070433160,15000,15000,2.307815733312755e-11,0.0,2.307815733312755e-11,0.20588858702103607,P2_gear_train,2.307815733312755e-11,0.0,0.0,True
P2_gear_train,engineering,0,4,LSHADE,3,5911022204023308977,15000,15000,2.7008571488865134e-12,0.0,2.7008571488865134e-12,0.21203683901694603,P2_gear_train,2.7008571488865134e-12,0.0,0.0,True
P2_gear_train,engineering,0,4,LSHADE,4,4092132455768609589,15000,15000,2.307815733312755e-11,0.0,2.307815733312755e-11,0.20677327597513795,P2_gear_train,2.307815733312755e-11,0.0,0.0,True
P2_gear_train,engineering,0,4,LSHADE,5,8043844084284127150,15000,15000,2.7008571488865134e-12,0.0,2.7008571488865134e-12,0.21245214800001122,P2_gear_train,2.7008571488865134e-12,0.0,0.0,True
P2_gear_train,engineering,0,4,LSHADE,6,7867694674069632867,15000,15000,2.307815733312755e-11,0.0,2.307815733312755e-11,0.20726660199579783,P2_gear_train,2.307815733312755e-11,0.0,0.0,True
P2_gear_train,engineering,0,4,LSHADE,7,9123484913459726347,15000,15000,2.7008571488865134e-12,0.0,2.7008571488865134e-12,0.2032714179949835,P2_gear_train,2.7008571488865134e-12,0.0,0.0,True
P2_gear_train,engineering,0,4,LSHADE,8,9137996402322029485,15000,15000,2.307815733312755e-11,0.0,2.307815733312755e-11,0.2637227619998157,P2_gear_train,2.307815733312755e-11,0.0,0.0,True
P2_gear_train,engineering,0,4,LSHADE,9,6711034504258727306,15000,15000,2.7008571488865134e-12,0.0,2.7008571488865134e-12,0.33487724998849444,P2_gear_train,2.7008571488865134e-12,0.0,0.0,True
P2_gear_train,engineering,0,4,LSHADE,10,5938913922659637399,15000,15000,2.7008571488865134e-12,0.0,2.7008571488865134e-12,0.3331283900188282,P2_gear_train,2.7008571488865134e-12,0.0,0.0,True
P2_gear_train,engineering,0,4,LSHADE,11,3095019209330285832,15000,15000,2.307815733312755e-11,0.0,2.307815733312755e-11,0.2517151199863292,P2_gear_train,2.307815733312755e-11,0.0,0.0,True
P2_gear_train,engineering,0,4,LSHADE,12,2563343283286498215,15000,15000,2.7008571488865134e-12,0.0,2.7008571488865134e-12,0.19889702400541864,P2_gear_train,2.7008571488865134e-12,0.0,0.0,True
P2_gear_train,engineering,0,4,LSHADE,13,577850141562762905,15000,15000,2.7008571488865134e-12,0.0,2.7008571488865134e-12,0.19218713798909448,P2_gear_train,2.7008571488865134e-12,0.0,0.0,True
P2_gear_train,engineering,0,4,LSHADE,14,8810571699927440289,15000,15000,2.307815733312755e-11,0.0,2.307815733312755e-11,0.1909010460076388,P2_gear_train,2.307815733312755e-11,0.0,0.0,True
P2_gear_train,engineering,0,4,LSHADE,15,7371397253336076084,15000,15000,2.7008571488865134e-12,0.0,2.7008571488865134e-12,0.18562174501130357,P2_gear_train,2.7008571488865134e-12,0.0,0.0,True
P2_gear_train,engineering,0,4,LSHADE,16,6013421849469910691,15000,15000,2.307815733312755e-11,0.0,2.307815733312755e-11,0.1852592539798934,P2_gear_train,2.307815733312755e-11,0.0,0.0,True
P2_gear_train,engineering,0,4,LSHADE,17,5786947414506474103,15000,15000,2.307815733312755e-11,0.0,2.307815733312755e-11,0.1835238999919966,P2_gear_train,2.307815733312755e-11,0.0,0.0,True
P2_gear_train,engineering,0,4,LSHADE,18,3970491492921694624,15000,15000,2.7008571488865134e-12,0.0,2.7008571488865134e-12,0.18535834000795148,P2_gear_train,2.7008571488865134e-12,0.0,0.0,True
P2_gear_train,engineering,0,4,LSHADE,19,7148961485702412682,15000,15000,2.7008571488865134e-12,0.0,2.7008571488865134e-12,0.1839625519933179,P2_gear_train,2.7008571488865134e-12,0.0,0.0,True
P2_gear_train,engineering,0,4,LSHADE,20,9129424084233105880,15000,15000,2.7008571488865134e-12,0.0,2.7008571488865134e-12,0.1850525170157198,P2_gear_train,2.7008571488865134e-12,0.0,0.0,True
P2_gear_train,engineering,0,4,LSHADE,21,3422103435255468641,15000,15000,2.7008571488865134e-12,0.0,2.7008571488865134e-12,0.18158107600174844,P2_gear_train,2.7008571488865134e-12,0.0,0.0,True
P2_gear_train,engineering,0,4,LSHADE,22,3868812711416879677,15000,15000,2.7008571488865134e-12,0.0,2.7008571488865134e-12,0.18250230298144743,P2_gear_train,2.7008571488865134e-12,0.0,0.0,True
P2_gear_train,engineering,0,4,LSHADE,23,6696486596828001242,15000,15000,2.307815733312755e-11,0.0,2.307815733312755e-11,0.1776679260074161,P2_gear_train,2.307815733312755e-11,0.0,0.0,True
P2_gear_train,engineering,0,4,LSHADE,24,2709225843537765494,15000,15000,2.307815733312755e-11,0.0,2.307815733312755e-11,0.17531527401297353,P2_gear_train,2.307815733312755e-11,0.0,0.0,True
P2_gear_train,engineering,0,4,LSHADE,25,8223276203690627151,15000,15000,2.307815733312755e-11,0.0,2.307815733312755e-11,0.1772752800025046,P2_gear_train,2.307815733312755e-11,0.0,0.0,True
P2_gear_train,engineering,0,4,LSHADE,26,3032627862465584236,15000,15000,2.7008571488865134e-12,0.0,2.7008571488865134e-12,0.1793115089822095,P2_gear_train,2.7008571488865134e-12,0.0,0.0,True
P2_gear_train,engineering,0,4,LSHADE,27,2567530682931323116,15000,15000,2.7008571488865134e-12,0.0,2.7008571488865134e-12,0.17647329598548822,P2_gear_train,2.7008571488865134e-12,0.0,0.0,True
P2_gear_train,engineering,0,4,LSHADE,28,6967127113541588349,15000,15000,2.307815733312755e-11,0.0,2.307815733312755e-11,0.17936730399378575,P2_gear_train,2.307815733312755e-11,0.0,0.0,True
P2_gear_train,engineering,0,4,LSHADE,29,5212686985774898220,15000,15000,2.307815733312755e-11,0.0,2.307815733312755e-11,0.17791785500594415,P2_gear_train,2.307815733312755e-11,0.0,0.0,True
P2_gear_train,engineering,0,4,jSO,0,1472560628701222393,15000,15000,2.7008571488865134e-12,0.0,2.7008571488865134e-12,0.3126286010083277,P2_gear_train,2.7008571488865134e-12,0.0,0.0,True
P2_gear_train,engineering,0,4,jSO,1,470382295517634599,15000,15000,2.7008571488865134e-12,0.0,2.7008571488865134e-12,0.22577684998395853,P2_gear_train,2.7008571488865134e-12,0.0,0.0,True
P2_gear_train,engineering,0,4,jSO,2,3750776280401023226,15000,15000,2.7008571488865134e-12,0.0,2.7008571488865134e-12,0.22064870200119913,P2_gear_train,2.7008571488865134e-12,0.0,0.0,True
P2_gear_train,engineering,0,4,jSO,3,2395549556431863524,15000,15000,2.7008571488865134e-12,0.0,2.7008571488865134e-12,0.23203780301264487,P2_gear_train,2.7008571488865134e-12,0.0,0.0,True
P2_gear_train,engineering,0,4,jSO,4,2951654717986202704,15000,15000,2.7008571488865134e-12,0.0,2.7008571488865134e-12,0.22643093700753525,P2_gear_train,2.7008571488865134e-12,0.0,0.0,True
P2_gear_train,engineering,0,4,jSO,5,6865407827449035668,15000,15000,2.7008571488865134e-12,0.0,2.7008571488865134e-12,0.23566663000383414,P2_gear_train,2.7008571488865134e-12,0.0,0.0,True
P2_gear_train,engineering,0,4,jSO,6,2379512494492677611,15000,15000,2.7008571488865134e-12,0.0,2.7008571488865134e-12,0.22912367701064795,P2_gear_train,2.7008571488865134e-12,0.0,0.0,True
P2_gear_train,engineering,0,4,jSO,7,6190924340617538799,15000,15000,2.7008571488865134e-12,0.0,2.7008571488865134e-12,0.22757185701630078,P2_gear_train,2.7008571488865134e-12,0.0,0.0,True
P2_gear_train,engineering,0,4,jSO,8,7463562869643465270,15000,15000,2.7008571488865134e-12,0.0,2.7008571488865134e-12,0.22109311498934403,P2_gear_train,2.7008571488865134e-12,0.0,0.0,True
P2_gear_train,engineering,0,4,jSO,9,2679295106132661207,15000,15000,2.7008571488865134e-12,0.0,2.7008571488865134e-12,0.21596954599954188,P2_gear_train,2.7008571488865134e-12,0.0,0.0,True
P2_gear_train,engineering,0,4,jSO,10,3203847492452203388,15000,15000,2.7008571488865134e-12,0.0,2.7008571488865134e-12,0.21436207101214677,P2_gear_train,2.7008571488865134e-12,0.0,0.0,True
P2_gear_train,engineering,0,4,jSO,11,4778696850396539022,15000,15000,2.307815733312755e-11,0.0,2.307815733312755e-11,0.2129423769947607,P2_gear_train,2.307815733312755e-11,0.0,0.0,True
P2_gear_train,engineering,0,4,jSO,12,7807748818746561830,15000,15000,2.7008571488865134e-12,0.0,2.7008571488865134e-12,0.24599907899391837,P2_gear_train,2.7008571488865134e-12,0.0,0.0,True
P2_gear_train,engineering,0,4,jSO,13,1885541389422457719,15000,15000,2.7008571488865134e-12,0.0,2.7008571488865134e-12,0.2608594719786197,P2_gear_train,2.7008571488865134e-12,0.0,0.0,True
P2_gear_train,engineering,0,4,jSO,14,1990552431910487711,15000,15000,2.7008571488865134e-12,0.0,2.7008571488865134e-12,0.20645169299677946,P2_gear_train,2.7008571488865134e-12,0.0,0.0,True
P2_gear_train,engineering,0,4,jSO,15,7792166781894854509,15000,15000,2.7008571488865134e-12,0.0,2.7008571488865134e-12,0.2116617449792102,P2_gear_train,2.7008571488865134e-12,0.0,0.0,True
P2_gear_train,engineering,0,4,jSO,16,6288314677890556412,15000,15000,2.7008571488865134e-12,0.0,2.7008571488865134e-12,0.19979235299979337,P2_gear_train,2.7008571488865134e-12,0.0,0.0,True
P2_gear_train,engineering,0,4,jSO,17,4292365703062442149,15000,15000,2.7008571488865134e-12,0.0,2.7008571488865134e-12,0.19861995399696752,P2_gear_train,2.7008571488865134e-12,0.0,0.0,True
P2_gear_train,engineering,0,4,jSO,18,1342130720758040180,15000,15000,2.7008571488865134e-12,0.0,2.7008571488865134e-12,0.20525720398291014,P2_gear_train,2.7008571488865134e-12,0.0,0.0,True
P2_gear_train,engineering,0,4,jSO,19,7457235904714444912,15000,15000,2.7008571488865134e-12,0.0,2.7008571488865134e-12,0.20238719999906607,P2_gear_train,2.7008571488865134e-12,0.0,0.0,True
P2_gear_train,engineering,0,4,jSO,20,849261491032224725,15000,15000,2.7008571488865134e-12,0.0,2.7008571488865134e-12,0.21099436399526894,P2_gear_train,2.7008571488865134e-12,0.0,0.0,True
P2_gear_train,engineering,0,4,jSO,21,5418626776956743527,15000,15000,2.307815733312755e-11,0.0,2.307815733312755e-11,0.20221689000027254,P2_gear_train,2.307815733312755e-11,0.0,0.0,True
P2_gear_train,engineering,0,4,jSO,22,7910338338081648886,15000,15000,2.7008571488865134e-12,0.0,2.7008571488865134e-12,0.20173676998820156,P2_gear_train,2.7008571488865134e-12,0.0,0.0,True
P2_gear_train,engineering,0,4,jSO,23,3015977655948915373,15000,15000,2.7008571488865134e-12,0.0,2.7008571488865134e-12,0.19728389801457524,P2_gear_train,2.7008571488865134e-12,0.0,0.0,True
P2_gear_train,engineering,0,4,jSO,24,7959838530802819173,15000,15000,2.7008571488865134e-12,0.0,2.7008571488865134e-12,0.19955399600439705,P2_gear_train,2.7008571488865134e-12,0.0,0.0,True
P2_gear_train,engineering,0,4,jSO,25,2620493294979844814,15000,15000,2.307815733312755e-11,0.0,2.307815733312755e-11,0.2028254719916731,P2_gear_train,2.307815733312755e-11,0.0,0.0,True
P2_gear_train,engineering,0,4,jSO,26,1675890001514376890,15000,15000,2.307815733312755e-11,0.0,2.307815733312755e-11,0.19882285498897545,P2_gear_train,2.307815733312755e-11,0.0,0.0,True
P2_gear_train,engineering,0,4,jSO,27,4343118405277868036,15000,15000,2.307815733312755e-11,0.0,2.307815733312755e-11,0.19846551399677992,P2_gear_train,2.307815733312755e-11,0.0,0.0,True
P2_gear_train,engineering,0,4,jSO,28,4081523457604135249,15000,15000,2.7008571488865134e-12,0.0,2.7008571488865134e-12,0.20404515901464038,P2_gear_train,2.7008571488865134e-12,0.0,0.0,True
P2_gear_train,engineering,0,4,jSO,29,3980220611552501562,15000,15000,2.7008571488865134e-12,0.0,2.7008571488865134e-12,0.1941950139880646,P2_gear_train,2.7008571488865134e-12,0.0,0.0,True
P1_pressure_vessel,engineering,0,4,LSHADE,0,1371142844707309239,15000,15000,6059.714271946906,6059.714271946906,6059.714271946906,0.28647409501718357,P1_pressure_vessel,6059.714271946906,9.99999993922529e-09,9.99999993922529e-09,True
P1_pressure_vessel,engineering,0,4,LSHADE,1,3104089658696349543,15000,15000,6059.714271946906,6059.714271946906,6059.714271946906,0.27091594398370944,P1_pressure_vessel,6059.714271946906,9.99999993922529e-09,9.99999993922529e-09,True
P1_pressure_vessel,engineering,0,4,LSHADE,2,399606237167723925,15000,15000,6059.714271946906,6059.714271946906,6059.714271946906,0.2647122080088593,P1_pressure_vessel,6059.714271946906,9.99999993922529e-09,9.99999993922529e-09,True
P1_pressure_vessel,engineering,0,4,LSHADE,3,6514465098224532670,15000,15000,6090.526142560758,6090.526142560758,6090.526142560758,0.2756082139967475,P1_pressure_vessel,6090.526142560758,9.99999993922529e-09,9.99999993922529e-09,True
P1_pressure_vessel,engineering,0,4,LSHADE,4,5994728482622341788,15000,15000,6059.714271946906,6059.714271946906,6059.714271946906,0.34641875798115507,P1_pressure_vessel,6059.714271946906,9.99999993922529e-09,9.99999993922529e-09,True
P1_pressure_vessel,engineering,0,4,LSHADE,5,661137272824094772,15000,15000,6370.779662195379,6370.779662195379,6370.779662195379,0.36374508499284275,P1_pressure_vessel,6370.779662195379,9.99999993922529e-09,9.99999993922529e-09,True
P1_pressure_vessel,engineering,0,4,LSHADE,6,6112497487305745714,15000,15000,6059.714271946906,6059.714271946906,6059.714271946906,0.42252410200308077,P1_pressure_vessel,6059.714271946906,9.99999993922529e-09,9.99999993922529e-09,True
P1_pressure_vessel,engineering,0,4,LSHADE,7,3965812571441981520,15000,15000,6059.714271946906,6059.714271946906,6059.714271946906,0.4197825299925171,P1_pressure_vessel,6059.714271946906,9.99999993922529e-09,9.99999993922529e-09,True
P1_pressure_vessel,engineering,0,4,LSHADE,8,2762312280217882681,15000,15000,6059.714271946906,6059.714271946906,6059.714271946906,0.3762188410037197,P1_pressure_vessel,6059.714271946906,9.99999993922529e-09,9.99999993922529e-09,True
P1_pressure_vessel,engineering,0,4,LSHADE,9,1103448126860234305,15000,15000,6059.714271946906,6059.714271946906,6059.714271946906,0.24201174100744538,P1_pressure_vessel,6059.714271946906,9.99999993922529e-09,9.99999993922529e-09,True
P1_pressure_vessel,engineering,0,4,LSHADE,10,6418375880063405519,15000,15000,6090.526142560758,6090.526142560758,6090.526142560758,0.234769958013203,P1_pressure_vessel,6090.526142560758,9.99999993922529e-09,9.99999993922529e-09,True
P1_pressure_vessel,engineering,0,4,LSHADE,11,2079108565066222268,15000,15000,6059.714271946906,6059.714271946906,6059.714271946906,0.23175845001242124,P1_pressure_vessel,6059.714271946906,9.99999993922529e-09,9.99999993922529e-09,True
P1_pressure_vessel,engineering,0,4,LSHADE,12,7063342503795519120,15000,15000,6090.526142560758,6090.526142560758,6090.526142560758,0.23311714702867903,P1_pressure_vessel,6090.526142560758,9.99999993922529e-09,9.99999993922529e-09,True
P1_pressure_vessel,engineering,0,4,LSHADE,13,3579114422073991030,15000,15000,6059.714271946906,6059.714271946906,6059.714271946906,0.23120250599458814,P1_pressure_vessel,6059.714271946906,9.99999993922529e-09,9.99999993922529e-09,True
P1_pressure_vessel,engineering,0,4,LSHADE,14,4874519535330909078,15000,15000,6059.714271946906,6059.714271946906,6059.714271946906,0.23364800299168564,P1_pressure_vessel,6059.714271946906,9.99999993922529e-09,9.99999993922529e-09,True
P1_pressure_vessel,engineering,0,4,LSHADE,15,187085827691264486,15000,15000,6059.714271946906,6059.714271946906,6059.714271946906,0.23174591499264352,P1_pressure_vessel,6059.714271946906,9.99999993922529e-09,9.99999993922529e-09,True
P1_pressure_vessel,engineering,0,4,LSHADE,16,1140962482734620496,15000,15000,6059.714271946906,6059.714271946906,6059.714271946906,0.23291503899963573,P1_pressure_vessel,6059.714271946906,9.99999993922529e-09,9.99999993922529e-09,True
P1_pressure_vessel,engineering,0,4,LSHADE,17,1824327032735372845,15000,15000,6059.714271946906,6059.714271946906,6059.714271946906,0.2265827709925361,P1_pressure_vessel,6059.714271946906,9.99999993922529e-09,9.99999993922529e-09,True
P1_pressure_vessel,engineering,0,4,LSHADE,18,8560656799345922995,15000,15000,6059.714271946906,6059.714271946906,6059.714271946906,0.22818957598065026,P1_pressure_vessel,6059.714271946906,9.99999993922529e-09,9.99999993922529e-09,True
P1_pressure_vessel,engineering,0,4,LSHADE,19,3286940857533338017,15000,15000,6059.714271946906,6059.714271946906,6059.714271946906,0.23175226798048243,P1_pressure_vessel,6059.714271946906,9.99999993922529e-09,9.99999993922529e-09,True
P1_pressure_vessel,engineering,0,4,LSHADE,20,3437978078712458837,15000,15000,6059.714271946906,6059.714271946906,6059.714271946906,0.2507589470187668,P1_pressure_vessel,6059.714271946906,9.99999993922529e-09,9.99999993922529e-09,True
P1_pressure_vessel,engineering,0,4,LSHADE,21,6508425010261403943,15000,15000,6090.526142560758,6090.526142560758,6090.526142560758,0.25389787400490604,P1_pressure_vessel,6090.526142560758,9.99999993922529e-09,9.99999993922529e-09,True
P1_pressure_vessel,engineering,0,4,LSHADE,22,7044797820896665641,15000,15000,6370.779662195379,6370.779662195379,6370.779662195379,0.25116951699601486,P1_pressure_vessel,6370.779662195379,9.99999993922529e-09,9.99999993922529e-09,True
P1_pressure_vessel,engineering,0,4,LSHADE,23,4896979975959628361,15000,15000,6090.526142560758,6090.526142560758,6090.526142560758,0.22606257599545643,P1_pressure_vessel,6090.526142560758,9.99999993922529e-09,9.99999993922529e-09,True
P1_pressure_vessel,engineering,0,4,LSHADE,24,8590274622066781386,15000,15000,6090.526142560758,6090.526142560758,6090.526142560758,0.2291004539874848,P1_pressure_vessel,6090.526142560758,9.99999993922529e-09,9.99999993922529e-09,True
P1_pressure_vessel,engineering,0,4,LSHADE,25,581478793532875670,15000,15000,6059.714271946906,6059.714271946906,6059.714271946906,0.2254825480049476,P1_pressure_vessel,6059.714271946906,9.99999993922529e-09,9.99999993922529e-09,True
P1_pressure_vessel,engineering,0,4,LSHADE,26,4153047430313888034,15000,15000,6059.714271946906,6059.714271946906,6059.714271946906,0.2283277749957051,P1_pressure_vessel,6059.714271946906,9.99999993922529e-09,9.99999993922529e-09,True
P1_pressure_vessel,engineering,0,4,LSHADE,27,818952358268757689,15000,15000,6090.526142560758,6090.526142560758,6090.526142560758,0.2267830570053775,P1_pressure_vessel,6090.526142560758,9.99999993922529e-09,9.99999993922529e-09,True
P1_pressure_vessel,engineering,0,4,LSHADE,28,560890975794659416,15000,15000,6059.714271946906,6059.714271946906,6059.714271946906,0.22669352899538353,P1_pressure_vessel,6059.714271946906,9.99999993922529e-09,9.99999993922529e-09,True
P1_pressure_vessel,engineering,0,4,LSHADE,29,4239201710724870663,15000,15000,6059.714271946906,6059.714271946906,6059.714271946906,0.2255801720020827,P1_pressure_vessel,6059.714271946906,9.99999993922529e-09,9.99999993922529e-09,True
P1_pressure_vessel,engineering,0,4,jSO,0,2629769753140287447,15000,15000,6059.714271946906,6059.714271946906,6059.714271946906,0.32050005401833914,P1_pressure_vessel,6059.714271946906,9.99999993922529e-09,9.99999993922529e-09,True
P1_pressure_vessel,engineering,0,4,jSO,1,3866887477223947190,15000,15000,6059.714271946906,6059.714271946906,6059.714271946906,0.31224118400132284,P1_pressure_vessel,6059.714271946906,9.99999993922529e-09,9.99999993922529e-09,True
P1_pressure_vessel,engineering,0,4,jSO,2,8015034520545332392,15000,15000,6059.714271946906,6059.714271946906,6059.714271946906,0.31114327401155606,P1_pressure_vessel,6059.714271946906,9.99999993922529e-09,9.99999993922529e-09,True
P1_pressure_vessel,engineering,0,4,jSO,3,4584738429242522461,15000,15000,6059.714271946906,6059.714271946906,6059.714271946906,0.30789674501284026,P1_pressure_vessel,6059.714271946906,9.99999993922529e-09,9.99999993922529e-09,True
P1_pressure_vessel,engineering,0,4,jSO,4,836184575947727417,15000,15000,6059.714271946906,6059.714271946906,6059.714271946906,0.31302424301975407,P1_pressure_vessel,6059.714271946906,9.99999993922529e-09,9.99999993922529e-09,True
P1_pressure_vessel,engineering,0,4,jSO,5,302634471685352245,15000,15000,6059.714271946906,6059.714271946906,6059.714271946906,0.45253938899259083,P1_pressure_vessel,6059.714271946906,9.99999993922529e-09,9.99999993922529e-09,True
P1_pressure_vessel,engineering,0,4,jSO,6,4622869119497942571,15000,15000,6059.714271946906,6059.714271946906,6059.714271946906,0.29116209800122306,P1_pressure_vessel,6059.714271946906,9.99999993922529e-09,9.99999993922529e-09,True
P1_pressure_vessel,engineering,0,4,jSO,7,3861162151583102026,15000,15000,6059.714271946906,6059.714271946906,6059.714271946906,0.27353757101809606,P1_pressure_vessel,6059.714271946906,9.99999993922529e-09,9.99999993922529e-09,True
P1_pressure_vessel,engineering,0,4,jSO,8,1120038616383879745,15000,15000,6059.714271946906,6059.714271946906,6059.714271946906,0.27212373897782527,P1_pressure_vessel,6059.714271946906,9.99999993922529e-09,9.99999993922529e-09,True
P1_pressure_vessel,engineering,0,4,jSO,9,4253775298488579929,15000,15000,6059.714271946906,6059.714271946906,6059.714271946906,0.26776960198185407,P1_pressure_vessel,6059.714271946906,9.99999993922529e-09,9.99999993922529e-09,True
P1_pressure_vessel,engineering,0,4,jSO,10,3820025910147251888,15000,15000,6059.714271946906,6059.714271946906,6059.714271946906,0.2747663860209286,P1_pressure_vessel,6059.714271946906,9.99999993922529e-09,9.99999993922529e-09,True
P1_pressure_vessel,engineering,0,4,jSO,11,7591593302532463338,15000,15000,6059.714271946906,6059.714271946906,6059.714271946906,0.259290718997363,P1_pressure_vessel,6059.714271946906,9.99999993922529e-09,9.99999993922529e-09,True
P1_pressure_vessel,engineering,0,4,jSO,12,6985475855794754153,15000,15000,6059.714271946906,6059.714271946906,6059.714271946906,0.2598169959965162,P1_pressure_vessel,6059.714271946906,9.99999993922529e-09,9.99999993922529e-09,True
P1_pressure_vessel,engineering,0,4,jSO,13,6203974213736327369,15000,15000,6059.714271946906,6059.714271946906,6059.714271946906,0.25952147200587206,P1_pressure_vessel,6059.714271946906,9.99999993922529e-09,9.99999993922529e-09,True
P1_pressure_vessel,engineering,0,4,jSO,14,7427886144390932418,15000,15000,6059.714271946906,6059.714271946906,6059.714271946906,0.26097307400777936,P1_pressure_vessel,6059.714271946906,9.99999993922529e-09,9.99999993922529e-09,True
P1_pressure_vessel,engineering,0,4,jSO,15,6622340351006543897,15000,15000,6059.714271946906,6059.714271946906,6059.714271946906,0.259596732998034,P1_pressure_vessel,6059.714271946906,9.99999993922529e-09,9.99999993922529e-09,True
P1_pressure_vessel,engineering,0,4,jSO,16,923736533573406480,15000,15000,6059.714271946906,6059.714271946906,6059.714271946906,0.25682946300366893,P1_pressure_vessel,6059.714271946906,9.99999993922529e-09,9.99999993922529e-09,True
P1_pressure_vessel,engineering,0,4,jSO,17,821483563181944172,15000,15000,6059.714271946906,6059.714271946906,6059.714271946906,0.25328612700104713,P1_pressure_vessel,6059.714271946906,9.99999993922529e-09,9.99999993922529e-09,True
P1_pressure_vessel,engineering,0,4,jSO,18,5181055486499589932,15000,15000,6059.714271946906,6059.714271946906,6059.714271946906,0.2465795580064878,P1_pressure_vessel,6059.714271946906,9.99999993922529e-09,9.99999993922529e-09,True
P1_pressure_vessel,engineering,0,4,jSO,19,4147885517705753927,15000,15000,6059.714271946906,6059.714271946906,6059.714271946906,0.24530152100487612,P1_pressure_vessel,6059.714271946906,9.99999993922529e-09,9.99999993922529e-09,True
P1_pressure_vessel,engineering,0,4,jSO,20,1433871437499753875,15000,15000,6059.714271946906,6059.714271946906,6059.714271946906,0.24772579700220376,P1_pressure_vessel,6059.714271946906,9.99999993922529e-09,9.99999993922529e-09,True
P1_pressure_vessel,engineering,0,4,jSO,21,5951683786166011598,15000,15000,6059.714271946906,6059.714271946906,6059.714271946906,0.2451741819968447,P1_pressure_vessel,6059.714271946906,9.99999993922529e-09,9.99999993922529e-09,True
P1_pressure_vessel,engineering,0,4,jSO,22,8553051908716469725,15000,15000,6059.714271946906,6059.714271946906,6059.714271946906,0.2454434770043008,P1_pressure_vessel,6059.714271946906,9.99999993922529e-09,9.99999993922529e-09,True
P1_pressure_vessel,engineering,0,4,jSO,23,2460639726871937270,15000,15000,6059.714271946906,6059.714271946906,6059.714271946906,0.245728792011505,P1_pressure_vessel,6059.714271946906,9.99999993922529e-09,9.99999993922529e-09,True
P1_pressure_vessel,engineering,0,4,jSO,24,7692114478236499700,15000,15000,6059.714271946906,6059.714271946906,6059.714271946906,0.24534213700098917,P1_pressure_vessel,6059.714271946906,9.99999993922529e-09,9.99999993922529e-09,True
P1_pressure_vessel,engineering,0,4,jSO,25,3762236666857899133,15000,15000,6059.714271946906,6059.714271946906,6059.714271946906,0.24479890801012516,P1_pressure_vessel,6059.714271946906,9.99999993922529e-09,9.99999993922529e-09,True
P1_pressure_vessel,engineering,0,4,jSO,26,1811313085189371480,15000,15000,6059.714271946906,6059.714271946906,6059.714271946906,0.2476688209862914,P1_pressure_vessel,6059.714271946906,9.99999993922529e-09,9.99999993922529e-09,True
P1_pressure_vessel,engineering,0,4,jSO,27,8912509643162956764,15000,15000,6059.714271946906,6059.714271946906,6059.714271946906,0.2527170789835509,P1_pressure_vessel,6059.714271946906,9.99999993922529e-09,9.99999993922529e-09,True
P1_pressure_vessel,engineering,0,4,jSO,28,4466107654425133897,15000,15000,6059.714271946906,6059.714271946906,6059.714271946906,0.2482285900041461,P1_pressure_vessel,6059.714271946906,9.99999993922529e-09,9.99999993922529e-09,True
P1_pressure_vessel,engineering,0,4,jSO,29,7658514583645364493,15000,15000,6059.714271946906,6059.714271946906,6059.714271946906,0.2477513860212639,P1_pressure_vessel,6059.714271946906,9.99999993922529e-09,9.99999993922529e-09,True
P2_gear_train,engineering,0,4,HHO,0,1642280112476286267,15000,15000,8.887614372714457e-10,0.0,8.887614372714457e-10,1.9680331190174911,P2_gear_train,8.887614372714457e-10,0.0,0.0,True
P2_gear_train,engineering,0,4,HHO,1,965838036839660209,15000,15000,3.451813044043542e-09,0.0,3.451813044043542e-09,1.3139586079923902,P2_gear_train,3.451813044043542e-09,0.0,0.0,True
P2_gear_train,engineering,0,4,HHO,2,788806187361984529,15000,15000,9.74565344700916e-10,0.0,9.74565344700916e-10,1.0512237789807841,P2_gear_train,9.74565344700916e-10,0.0,0.0,True
P2_gear_train,engineering,0,4,HHO,3,2572089072510064711,15000,15000,2.7008571488865134e-12,0.0,2.7008571488865134e-12,1.0205383060092572,P2_gear_train,2.7008571488865134e-12,0.0,0.0,True
P2_gear_train,engineering,0,4,HHO,4,5985641266164804076,15000,15000,1.3616491390639914e-09,0.0,1.3616491390639914e-09,1.008149178000167,P2_gear_train,1.3616491390639914e-09,0.0,0.0,True
P2_gear_train,engineering,0,4,HHO,5,6590231737015236723,15000,15000,2.3576406580248844e-09,0.0,2.3576406580248844e-09,1.0015916780102998,P2_gear_train,2.3576406580248844e-09,0.0,0.0,True
P2_gear_train,engineering,0,4,HHO,6,1483892219717623178,15000,15000,2.3576406580248844e-09,0.0,2.3576406580248844e-09,1.0068025020009372,P2_gear_train,2.3576406580248844e-09,0.0,0.0,True
P2_gear_train,engineering,0,4,HHO,7,1245268767548089897,15000,15000,1.093566379158992e-09,0.0,1.093566379158992e-09,0.9729809149866924,P2_gear_train,1.093566379158992e-09,0.0,0.0,True
P2_gear_train,engineering,0,4,HHO,8,6119991067563367679,15000,15000,2.3576406580248844e-09,0.0,2.3576406580248844e-09,0.9747752220137045,P2_gear_train,2.3576406580248844e-09,0.0,0.0,True
P2_gear_train,engineering,0,4,HHO,9,5608323292038763258,15000,15000,1.5450450499890773e-10,0.0,1.5450450499890773e-10,0.9877835999941453,P2_gear_train,1.5450450499890773e-10,0.0,0.0,True
P2_gear_train,engineering,0,4,HHO,10,7536641231281446102,15000,15000,1.3616491390639914e-09,0.0,1.3616491390639914e-09,0.9832414410193451,P2_gear_train,1.3616491390639914e-09,0.0,0.0,True
P2_gear_train,engineering,0,4,HHO,11,199813616764227099,15000,15000,2.7008571488865134e-12,0.0,2.7008571488865134e-12,1.0145960100053344,P2_gear_train,2.7008571488865134e-12,0.0,0.0,True
P2_gear_train,engineering,0,4,HHO,12,5561210006579776876,15000,15000,2.307815733312755e-11,0.0,2.307815733312755e-11,0.9886079159914516,P2_gear_train,2.307815733312755e-11,0.0,0.0,True
P2_gear_train,engineering,0,4,HHO,13,4349808641118797552,15000,15000,1.2633782040403278e-09,0.0,1.2633782040403278e-09,1.0574065959954169,P2_gear_train,1.2633782040403278e-09,0.0,0.0,True
P2_gear_train,engineering,0,4,HHO,14,1908971550135598780,15000,15000,6.5122649104987376e-09,0.0,6.5122649104987376e-09,1.1606135920155793,P2_gear_train,6.5122649104987376e-09,0.0,0.0,True
P2_gear_train,engineering,0,4,HHO,15,42761510298982445,15000,15000,1.5247462753935297e-08,1.5247462753935297e-08,1.5247462753935297e-08,1.094491071999073,P2_gear_train,1.5247462753935297e-08,0.0,0.0,True
P2_gear_train,engineering,0,4,HHO,16,8958599102075878958,15000,15000,2.7264505977152865e-08,2.7264505977152865e-08,2.7264505977152865e-08,1.0241349110146984,P2_gear_train,2.7264505977152865e-08,0.0,0.0,True
P2_gear_train,engineering,0,4,HHO,17,2451791497153630065,15000,15000,2.3576406580248844e-09,0.0,2.3576406580248844e-09,1.0066025569976773,P2_gear_train,2.3576406580248844e-09,0.0,0.0,True
P2_gear_train,engineering,0,4,HHO,18,1370054142991754381,15000,15000,2.3576406580248844e-09,0.0,2.3576406580248844e-09,1.007391577004455,P2_gear_train,2.3576406580248844e-09,0.0,0.0,True
P2_gear_train,engineering,0,4,HHO,19,6171385112222942564,15000,15000,6.6548857128803336e-09,0.0,6.6548857128803336e-09,1.0272640699986368,P2_gear_train,6.6548857128803336e-09,0.0,0.0,True
P2_gear_train,engineering,0,4,HHO,20,6247762191116514124,15000,15000,6.6548857128803336e-09,0.0,6.6548857128803336e-09,1.0214761240058579,P2_gear_train,6.6548857128803336e-09,0.0,0.0,True
P2_gear_train,engineering,0,4,HHO,21,7029495466267562027,15000,15000,9.74565344700916e-10,0.0,9.74565344700916e-10,1.0037622800155077,P2_gear_train,9.74565344700916e-10,0.0,0.0,True
P2_gear_train,engineering,0,4,HHO,22,8220356469784783968,15000,15000,2.307815733312755e-11,0.0,2.307815733312755e-11,1.055943170998944,P2_gear_train,2.307815733312755e-11,0.0,0.0,True
P2_gear_train,engineering,0,4,HHO,23,3675471140578084163,15000,15000,9.921579583985335e-10,0.0,9.921579583985335e-10,1.0345253090199549,P2_gear_train,9.921579583985335e-10,0.0,0.0,True
P2_gear_train,engineering,0,4,HHO,24,6572772367415196776,15000,15000,9.520865654771031e-09,0.0,9.520865654771031e-09,0.9810632450098637,P2_gear_train,9.520865654771031e-09,0.0,0.0,True
P2_gear_train,engineering,0,4,HHO,25,4885403225178112626,15000,15000,8.887614372714457e-10,0.0,8.887614372714457e-10,1.0142404430080205,P2_gear_train,8.887614372714457e-10,0.0,0.0,True
P2_gear_train,engineering,0,4,HHO,26,3945013374505616388,15000,15000,6.5122649104987376e-09,0.0,6.5122649104987376e-09,1.0258997709897812,P2_gear_train,6.5122649104987376e-09,0.0,0.0,True
P2_gear_train,engineering,0,4,HHO,27,990271931030382460,15000,15000,2.3576406580248844e-09,0.0,2.3576406580248844e-09,1.1042650540184695,P2_gear_train,2.3576406580248844e-09,0.0,0.0,True
P2_gear_train,engineering,0,4,HHO,28,4446718741991080138,15000,15000,9.74565344700916e-10,0.0,9.74565344700916e-10,1.0537293879897334,P2_gear_train,9.74565344700916e-10,0.0,0.0,True
P2_gear_train,engineering,0,4,HHO,29,2424148329422580351,15000,15000,1.8273802352995788e-08,1.8273802352995788e-08,1.8273802352995788e-08,1.0012902930029668,P2_gear_train,1.8273802352995788e-08,0.0,0.0,True
P2_gear_train,engineering,0,4,SEHHO-COBL,0,7790623887577109952,15000,15000,2.307815733312755e-11,0.0,2.307815733312755e-11,1.9038447869825177,P2_gear_train,2.307815733312755e-11,0.0,0.0,True
P2_gear_train,engineering,0,4,SEHHO-COBL,1,4196949574935785852,15000,15000,2.307815733312755e-11,0.0,2.307815733312755e-11,1.220012511999812,P2_gear_train,2.307815733312755e-11,0.0,0.0,True
P2_gear_train,engineering,0,4,SEHHO-COBL,2,305021092522586109,15000,15000,2.307815733312755e-11,0.0,2.307815733312755e-11,1.151873438997427,P2_gear_train,2.307815733312755e-11,0.0,0.0,True
P2_gear_train,engineering,0,4,SEHHO-COBL,3,6685819625693287369,15000,15000,2.307815733312755e-11,0.0,2.307815733312755e-11,1.1260598030057736,P2_gear_train,2.307815733312755e-11,0.0,0.0,True
P2_gear_train,engineering,0,4,SEHHO-COBL,4,4917771155247578490,15000,15000,2.307815733312755e-11,0.0,2.307815733312755e-11,1.1028173680242617,P2_gear_train,2.307815733312755e-11,0.0,0.0,True
P2_gear_train,engineering,0,4,SEHHO-COBL,5,4920361151864474713,15000,15000,2.7008571488865134e-12,0.0,2.7008571488865134e-12,1.119034464994911,P2_gear_train,2.7008571488865134e-12,0.0,0.0,True
P2_gear_train,engineering,0,4,SEHHO-COBL,6,1384084076124349823,15000,15000,2.307815733312755e-11,0.0,2.307815733312755e-11,1.1257940040086396,P2_gear_train,2.307815733312755e-11,0.0,0.0,True
P2_gear_train,engineering,0,4,SEHHO-COBL,7,1918826486571200990,15000,15000,2.307815733312755e-11,0.0,2.307815733312755e-11,1.1308109940146096,P2_gear_train,2.307815733312755e-11,0.0,0.0,True
P2_gear_train,engineering,0,4,SEHHO-COBL,8,2857581378537001631,15000,15000,9.74565344700916e-10,0.0,9.74565344700916e-10,1.1098134909989312,P2_gear_train,9.74565344700916e-10,0.0,0.0,True
P2_gear_train,engineering,0,4,SEHHO-COBL,9,7182241084467237972,15000,15000,2.7008571488865134e-12,0.0,2.7008571488865134e-12,1.0835703290067613,P2_gear_train,2.7008571488865134e-12,0.0,0.0,True
P2_gear_train,engineering,0,4,SEHHO-COBL,10,724132497252286323,15000,15000,2.7008571488865134e-12,0.0,2.7008571488865134e-12,1.1195397929986939,P2_gear_train,2.7008571488865134e-12,0.0,0.0,True
P2_gear_train,engineering,0,4,SEHHO-COBL,11,4424503815811827274,15000,15000,2.7008571488865134e-12,0.0,2.7008571488865134e-12,1.165912180003943,P2_gear_train,2.7008571488865134e-12,0.0,0.0,True
P2_gear_train,engineering,0,4,SEHHO-COBL,12,6520647930641319524,15000,15000,2.307815733312755e-11,0.0,2.307815733312755e-11,1.1493308699864428,P2_gear_train,2.307815733312755e-11,0.0,0.0,True
P2_gear_train,engineering,0,4,SEHHO-COBL,13,2764252413454297319,15000,15000,2.7008571488865134e-12,0.0,2.7008571488865134e-12,1.1196897649788298,P2_gear_train,2.7008571488865134e-12,0.0,0.0,True
P2_gear_train,engineering,0,4,SEHHO-COBL,14,7526714113257005393,15000,15000,2.307815733312755e-11,0.0,2.307815733312755e-11,1.1506019140069839,P2_gear_train,2.307815733312755e-11,0.0,0.0,True
P2_gear_train,engineering,0,4,SEHHO-COBL,15,5296852843126627557,15000,15000,2.307815733312755e-11,0.0,2.307815733312755e-11,1.181036617985228,P2_gear_train,2.307815733312755e-11,0.0,0.0,True
P2_gear_train,engineering,0,4,SEHHO-COBL,16,8727165715979731474,15000,15000,2.7008571488865134e-12,0.0,2.7008571488865134e-12,1.1817978360049892,P2_gear_train,2.7008571488865134e-12,0.0,0.0,True
P2_gear_train,engineering,0,4,SEHHO-COBL,17,6197916376221058785,15000,15000,2.307815733312755e-11,0.0,2.307815733312755e-11,1.1931140910019167,P2_gear_train,2.307815733312755e-11,0.0,0.0,True
P2_gear_train,engineering,0,4,SEHHO-COBL,18,4575401452856328707,15000,15000,2.7008571488865134e-12,0.0,2.7008571488865134e-12,1.1653636809787713,P2_gear_train,2.7008571488865134e-12,0.0,0.0,True
P2_gear_train,engineering,0,4,SEHHO-COBL,19,8407969503794247296,15000,15000,2.7008571488865134e-12,0.0,2.7008571488865134e-12,1.203296338004293,P2_gear_train,2.7008571488865134e-12,0.0,0.0,True
P2_gear_train,engineering,0,4,SEHHO-COBL,20,6986720126038492654,15000,15000,2.307815733312755e-11,0.0,2.307815733312755e-11,1.221376909990795,P2_gear_train,2.307815733312755e-11,0.0,0.0,True
P2_gear_train,engineering,0,4,SEHHO-COBL,21,7231083275789704265,15000,15000,2.307815733312755e-11,0.0,2.307815733312755e-11,1.1885918590123765,P2_gear_train,2.307815733312755e-11,0.0,0.0,True
P2_gear_train,engineering,0,4,SEHHO-COBL,22,1763911317188182910,15000,15000,2.307815733312755e-11,0.0,2.307815733312755e-11,1.1405552009819075,P2_gear_train,2.307815733312755e-11,0.0,0.0,True
P2_gear_train,engineering,0,4,SEHHO-COBL,23,3045371641496434944,15000,15000,2.7008571488865134e-12,0.0,2.7008571488865134e-12,1.160966935014585,P2_gear_train,2.7008571488865134e-12,0.0,0.0,True
P2_gear_train,engineering,0,4,SEHHO-COBL,24,2035937162156139589,15000,15000,2.307815733312755e-11,0.0,2.307815733312755e-11,1.179980977991363,P2_gear_train,2.307815733312755e-11,0.0,0.0,True
P2_gear_train,engineering,0,4,SEHHO-COBL,25,6219180222191311062,15000,15000,2.7008571488865134e-12,0.0,2.7008571488865134e-12,1.1600499150226824,P2_gear_train,2.7008571488865134e-12,0.0,0.0,True
P2_gear_train,engineering,0,4,SEHHO-COBL,26,8998048536943433139,15000,15000,2.7008571488865134e-12,0.0,2.7008571488865134e-12,1.1519996559945866,P2_gear_train,2.7008571488865134e-12,0.0,0.0,True
P2_gear_train,engineering,0,4,SEHHO-COBL,27,6974680781577354219,15000,15000,9.939875595217474e-11,0.0,9.939875595217474e-11,1.3136868990259245,P2_gear_train,9.939875595217474e-11,0.0,0.0,True
P2_gear_train,engineering,0,4,SEHHO-COBL,28,9106844563370884466,15000,15000,3.0675558516235034e-10,0.0,3.0675558516235034e-10,1.2575389359844849,P2_gear_train,3.0675558516235034e-10,0.0,0.0,True
P2_gear_train,engineering,0,4,SEHHO-COBL,29,1918443811264443975,15000,15000,1.1661157678109714e-10,0.0,1.1661157678109714e-10,1.3667065630143043,P2_gear_train,1.1661157678109714e-10,0.0,0.0,True
P1_pressure_vessel,engineering,0,4,HHO,0,7668802795724543441,15000,15000,7492.555663103376,7492.555663103376,7492.555663103376,2.0196271589957178,P1_pressure_vessel,7492.555663103376,0.0,0.0,True
P1_pressure_vessel,engineering,0,4,HHO,1,4905328107616677283,15000,15000,7014.780044834014,7014.780044834014,7014.780044834014,1.8573797860008199,P1_pressure_vessel,7014.780044834014,0.0,0.0,True
P1_pressure_vessel,engineering,0,4,HHO,2,1631052949058385283,15000,15000,6317.285146492765,6317.285146492765,6317.285146492765,1.6997195860021748,P1_pressure_vessel,6317.285146492765,9.778887033462524e-09,9.778887033462524e-09,True
P1_pressure_vessel,engineering,0,4,HHO,3,889213461248387408,15000,15000,6912.152018656605,6912.152018656605,6912.152018656605,1.6970846940239426,P1_pressure_vessel,6912.152018656605,3.026798367500305e-09,3.026798367500305e-09,True
P1_pressure_vessel,engineering,0,4,HHO,4,7873617220006982507,15000,15000,6961.186936722737,6961.186936722737,6961.186936722737,1.6923377810162492,P1_pressure_vessel,6961.186936722737,9.778887033462524e-09,9.778887033462524e-09,True
P1_pressure_vessel,engineering,0,4,HHO,5,5485572915933554339,15000,15000,6464.6737909772155,6464.6737909772155,6464.6737909772155,1.6989272400096525,P1_pressure_vessel,6464.6737909772155,0.0,0.0,True
P1_pressure_vessel,engineering,0,4,HHO,6,7367623544052272917,15000,15000,6802.4896267182985,6802.4896267182985,6802.4896267182985,1.6946468119858764,P1_pressure_vessel,6802.4896267182985,0.0,0.0,True
P1_pressure_vessel,engineering,0,4,HHO,7,4834198077620515545,15000,15000,6454.629476597424,6454.629476597424,6454.629476597424,1.7595388750196435,P1_pressure_vessel,6454.629476597424,0.0,0.0,True
P1_pressure_vessel,engineering,0,4,HHO,8,4033946295298251684,15000,15000,7211.003489674384,7211.003489674384,7211.003489674384,1.7439482820045669,P1_pressure_vessel,7211.003489674384,0.0,0.0,True
P1_pressure_vessel,engineering,0,4,HHO,9,6728426923139489871,15000,15000,6815.705638393119,6815.705638393119,6815.705638393119,1.7772965009789914,P1_pressure_vessel,6815.705638393119,0.0,0.0,True
P1_pressure_vessel,engineering,0,4,HHO,10,7183584313929282742,15000,15000,6107.065894460556,6107.065894460556,6107.065894460556,1.7492953410255723,P1_pressure_vessel,6107.065894460556,4.190951585769653e-09,4.190951585769653e-09,True
P1_pressure_vessel,engineering,0,4,HHO,11,6943326942154512948,15000,15000,6496.228368587915,6496.228368587915,6496.228368587915,1.7987707580032293,P1_pressure_vessel,6496.228368587915,0.0,0.0,True
P1_pressure_vessel,engineering,0,4,HHO,12,2734355616281917562,15000,15000,6855.020444549296,6855.020444549296,6855.020444549296,1.9979428480146453,P1_pressure_vessel,6855.020444549296,0.0,0.0,True
P1_pressure_vessel,engineering,0,4,HHO,13,6332759727480706317,15000,15000,7013.525679885253,7013.525679885253,7013.525679885253,2.0580108120047953,P1_pressure_vessel,7013.525679885253,0.0,0.0,True
P1_pressure_vessel,engineering,0,4,HHO,14,6041431826409788292,15000,15000,8620.844429735205,8620.844429735205,8620.844429735205,1.7980356590123847,P1_pressure_vessel,8620.844429735205,0.0,0.0,True
P1_pressure_vessel,engineering,0,4,HHO,15,8074760618784289964,15000,15000,6614.111924612859,6614.111924612859,6614.111924612859,1.794783829973312,P1_pressure_vessel,6614.111924612859,9.546056389808655e-09,9.546056389808655e-09,True
P1_pressure_vessel,engineering,0,4,HHO,16,1273713465232547176,15000,15000,6864.244811715997,6864.244811715997,6864.244811715997,1.7529920449887868,P1_pressure_vessel,6864.244811715997,0.0,0.0,True
P1_pressure_vessel,engineering,0,4,HHO,17,2780677495499631941,15000,15000,6774.529566318351,6774.529566318351,6774.529566318351,1.7329184950212948,P1_pressure_vessel,6774.529566318351,9.778887033462524e-09,9.778887033462524e-09,True
P1_pressure_vessel,engineering,0,4,HHO,18,7338106875377576342,15000,15000,7333.651017573749,7333.651017573749,7333.651017573749,1.8805609449918848,P1_pressure_vessel,7333.651017573749,9.778887033462524e-09,9.778887033462524e-09,True
P1_pressure_vessel,engineering,0,4,HHO,19,8648237499816628849,15000,15000,6902.710204985697,6902.710204985697,6902.710204985697,1.8313870140118524,P1_pressure_vessel,6902.710204985697,9.546056389808655e-09,9.546056389808655e-09,True
P1_pressure_vessel,engineering,0,4,HHO,20,8517832240424858715,15000,15000,6519.648684132078,6519.648684132078,6519.648684132078,1.8156926879892126,P1_pressure_vessel,6519.648684132078,0.0,0.0,True
P1_pressure_vessel,engineering,0,4,HHO,21,9004861121894851785,15000,15000,7544.492517925986,7544.492517925986,7544.492517925986,1.8087388240091968,P1_pressure_vessel,7544.492517925986,0.0,0.0,True
P1_pressure_vessel,engineering,0,4,HHO,22,8495455355411528718,15000,15000,6602.856302424021,6602.856302424021,6602.856302424021,1.8068329200032167,P1_pressure_vessel,6602.856302424021,0.0,0.0,True
P1_pressure_vessel,engineering,0,4,HHO,23,2586088160973027997,15000,15000,6804.07537790703,6804.07537790703,6804.07537790703,1.866682794992812,P1_pressure_vessel,6804.07537790703,0.0,0.0,True
P1_pressure_vessel,engineering,0,4,HHO,24,5382680981585666096,15000,15000,7115.421068652443,7115.421068652443,7115.421068652443,1.697675703006098,P1_pressure_vessel,7115.421068652443,0.0,0.0,True
P1_pressure_vessel,engineering,0,4,HHO,25,8597310221877985535,15000,15000,6710.809104632165,6710.809104632165,6710.809104632165,1.6770007039885968,P1_pressure_vessel,6710.809104632165,0.0,0.0,True
P1_pressure_vessel,engineering,0,4,HHO,26,5600999844322882537,15000,15000,7540.043621325171,7540.043621325171,7540.043621325171,1.7117066500068177,P1_pressure_vessel,7540.043621325171,6.51925802230835e-09,6.51925802230835e-09,True
P1_pressure_vessel,engineering,0,4,HHO,27,3219463615515851966,15000,15000,6780.055261643983,6780.055261643983,6780.055261643983,1.721696656983113,P1_pressure_vessel,6780.055261643983,0.0,0.0,True
P1_pressure_vessel,engineering,0,4,HHO,28,1102290851500923532,15000,15000,6507.410876649167,6507.410876649167,6507.410876649167,1.6984325320227072,P1_pressure_vessel,6507.410876649167,0.0,0.0,True
P1_pressure_vessel,engineering,0,4,HHO,29,7327352824194691763,15000,15000,7267.512770916592,7267.512770916592,7267.512770916592,1.7519334400130901,P1_pressure_vessel,7267.512770916592,0.0,0.0,True
P1_pressure_vessel,engineering,0,4,SEHHO-COBL,0,5051402882431353728,15000,15000,6059.714271946906,6059.714271946906,6059.714271946906,3.2062029269873165,P1_pressure_vessel,6059.714271946906,9.99999993922529e-09,9.99999993922529e-09,True
P1_pressure_vessel,engineering,0,4,SEHHO-COBL,1,122169932736342255,15000,15000,6771.596810831031,6771.596810831031,6771.596810831031,1.889567859005183,P1_pressure_vessel,6771.596810831031,9.99999993922529e-09,9.99999993922529e-09,True
P1_pressure_vessel,engineering,0,4,SEHHO-COBL,2,7106123304720933770,15000,15000,6370.779662195379,6370.779662195379,6370.779662195379,1.8727960609830916,P1_pressure_vessel,6370.779662195379,9.99999993922529e-09,9.99999993922529e-09,True
P1_pressure_vessel,engineering,0,4,SEHHO-COBL,3,3143578428097649511,15000,15000,6090.526142560758,6090.526142560758,6090.526142560758,1.8533289580082055,P1_pressure_vessel,6090.526142560758,9.99999993922529e-09,9.99999993922529e-09,True
P1_pressure_vessel,engineering,0,4,SEHHO-COBL,4,443466939433287243,15000,15000,6370.779662195379,6370.779662195379,6370.779662195379,1.8601242240110878,P1_pressure_vessel,6370.779662195379,9.99999993922529e-09,9.99999993922529e-09,True
P1_pressure_vessel,engineering,0,4,SEHHO-COBL,5,9013226403556076449,15000,15000,6370.779662195379,6370.779662195379,6370.779662195379,1.839417595998384,P1_pressure_vessel,6370.779662195379,9.99999993922529e-09,9.99999993922529e-09,True
P1_pressure_vessel,engineering,0,4,SEHHO-COBL,6,7554346033993612057,15000,15000,6410.086711854778,6410.086711854778,6410.086711854778,1.891178930993192,P1_pressure_vessel,6410.086711854778,9.99999993922529e-09,9.99999993922529e-09,True
P1_pressure_vessel,engineering,0,4,SEHHO-COBL,7,5664840064188067378,15000,15000,6090.526142560758,6090.526142560758,6090.526142560758,1.8789874840003904,P1_pressure_vessel,6090.526142560758,9.99999993922529e-09,9.99999993922529e-09,True
P1_pressure_vessel,engineering,0,4,SEHHO-COBL,8,6887112172041658082,15000,15000,6090.526142560758,6090.526142560758,6090.526142560758,1.953451478999341,P1_pressure_vessel,6090.526142560758,9.99999993922529e-09,9.99999993922529e-09,True
P1_pressure_vessel,engineering,0,4,SEHHO-COBL,9,1590792835536309257,15000,15000,6370.779662195379,6370.779662195379,6370.779662195379,1.8583485929993913,P1_pressure_vessel,6370.779662195379,9.99999993922529e-09,9.99999993922529e-09,True
P1_pressure_vessel,engineering,0,4,SEHHO-COBL,10,6480820116543365613,15000,15000,6059.714271946906,6059.714271946906,6059.714271946906,1.8448629189806525,P1_pressure_vessel,6059.714271946906,9.99999993922529e-09,9.99999993922529e-09,True
P1_pressure_vessel,engineering,0,4,SEHHO-COBL,11,6476995331473580549,15000,15000,6059.714271946906,6059.714271946906,6059.714271946906,1.8803223180002533,P1_pressure_vessel,6059.714271946906,9.99999993922529e-09,9.99999993922529e-09,True
P1_pressure_vessel,engineering,0,4,SEHHO-COBL,12,3631371208960766804,15000,15000,6059.714271946906,6059.714271946906,6059.714271946906,1.839529204997234,P1_pressure_vessel,6059.714271946906,9.99999993922529e-09,9.99999993922529e-09,True
P1_pressure_vessel,engineering,0,4,SEHHO-COBL,13,4187708773988433371,15000,15000,6370.779662195379,6370.779662195379,6370.779662195379,1.8343059080070816,P1_pressure_vessel,6370.779662195379,9.99999993922529e-09,9.99999993922529e-09,True
P1_pressure_vessel,engineering,0,4,SEHHO-COBL,14,4062797926556841552,15000,15000,6820.410041706513,6820.410041706513,6820.410041706513,1.9892951390065718,P1_pressure_vessel,6820.410041706513,9.99999993922529e-09,9.99999993922529e-09,True
P1_pressure_vessel,engineering,0,4,SEHHO-COBL,15,8208789734446853274,15000,15000,6090.526142560758,6090.526142560758,6090.526142560758,1.988105206983164,P1_pressure_vessel,6090.526142560758,9.99999993922529e-09,9.99999993922529e-09,True
P1_pressure_vessel,engineering,0,4,SEHHO-COBL,16,4112922292451079696,15000,15000,6059.714271946906,6059.714271946906,6059.714271946906,1.9319921300048009,P1_pressure_vessel,6059.714271946906,9.99999993922529e-09,9.99999993922529e-09,True
P1_pressure_vessel,engineering,0,4,SEHHO-COBL,17,7221377640011480225,15000,15000,6410.086711854778,6410.086711854778,6410.086711854778,1.9473055620037485,P1_pressure_vessel,6410.086711854778,9.99999993922529e-09,9.99999993922529e-09,True
P1_pressure_vessel,engineering,0,4,SEHHO-COBL,18,281521377614976387,15000,15000,6059.714271946906,6059.714271946906,6059.714271946906,1.8951165750040673,P1_pressure_vessel,6059.714271946906,9.99999993922529e-09,9.99999993922529e-09,True
P1_pressure_vessel,engineering,0,4,SEHHO-COBL,19,2523771437348281715,15000,15000,6090.526142560758,6090.526142560758,6090.526142560758,1.971099831018364,P1_pressure_vessel,6090.526142560758,9.99999993922529e-09,9.99999993922529e-09,True
P1_pressure_vessel,engineering,0,4,SEHHO-COBL,20,1171444341136678486,15000,15000,6059.714271946906,6059.714271946906,6059.714271946906,1.9448887600156013,P1_pressure_vessel,6059.714271946906,9.99999993922529e-09,9.99999993922529e-09,True
P1_pressure_vessel,engineering,0,4,SEHHO-COBL,21,2856439793405689789,15000,15000,6059.714271946906,6059.714271946906,6059.714271946906,1.847935953992419,P1_pressure_vessel,6059.714271946906,9.99999993922529e-09,9.99999993922529e-09,True
P1_pressure_vessel,engineering,0,4,SEHHO-COBL,22,7755819937699185200,15000,15000,6370.779662195379,6370.779662195379,6370.779662195379,1.871906262007542,P1_pressure_vessel,6370.779662195379,9.99999993922529e-09,9.99999993922529e-09,True
P1_pressure_vessel,engineering,0,4,SEHHO-COBL,23,2788178526878358477,15000,15000,6059.714271946906,6059.714271946906,6059.714271946906,1.8581742359965574,P1_pressure_vessel,6059.714271946906,9.99999993922529e-09,9.99999993922529e-09,True
P1_pressure_vessel,engineering,0,4,SEHHO-COBL,24,7614786270294694673,15000,15000,6090.526142560758,6090.526142560758,6090.526142560758,1.8442560309777036,P1_pressure_vessel,6090.526142560758,9.99999993922529e-09,9.99999993922529e-09,True
P1_pressure_vessel,engineering,0,4,SEHHO-COBL,25,507979599562027230,15000,15000,6410.086711854778,6410.086711854778,6410.086711854778,1.8305371690075845,P1_pressure_vessel,6410.086711854778,9.99999993922529e-09,9.99999993922529e-09,True
P1_pressure_vessel,engineering,0,4,SEHHO-COBL,26,5424725605075961958,15000,15000,6771.596810831031,6771.596810831031,6771.596810831031,1.8159643169783521,P1_pressure_vessel,6771.596810831031,9.99999993922529e-09,9.99999993922529e-09,True
P1_pressure_vessel,engineering,0,4,SEHHO-COBL,27,65958713701605966,15000,15000,6090.526142560758,6090.526142560758,6090.526142560758,1.8229188309924211,P1_pressure_vessel,6090.526142560758,9.99999993922529e-09,9.99999993922529e-09,True
P1_pressure_vessel,engineering,0,4,SEHHO-COBL,28,1742348431390941030,15000,15000,6771.596810831031,6771.596810831031,6771.596810831031,1.7955225059995428,P1_pressure_vessel,6771.596810831031,9.99999993922529e-09,9.99999993922529e-09,True
P1_pressure_vessel,engineering,0,4,SEHHO-COBL,29,7586513412227468140,15000,15000,6059.714271946906,6059.714271946906,6059.714271946906,1.813523978984449,P1_pressure_vessel,6059.714271946906,9.99999993922529e-09,9.99999993922529e-09,True
P5_batch_plant_RC14,engineering,0,10,HHO,0,5907140335758572378,15000,15000,74579.0196163472,74579.0196163472,74579.0196163472,2.991402082989225,P5_batch_plant_RC14,74579.0196163472,9.999915562275419e-09,9.999915562275419e-09,True
P5_batch_plant_RC14,engineering,0,10,HHO,1,2949972688696857379,15000,15000,115565.15208214057,115565.15208214057,115565.15208214057,1.976215085014701,P5_batch_plant_RC14,115565.15208214057,0.0,0.0,True
P5_batch_plant_RC14,engineering,0,10,HHO,2,379325967611334237,15000,15000,75820.71269171263,75820.71269171263,75820.71269171263,1.951334308978403,P5_batch_plant_RC14,75820.71269171263,9.999983063835316e-09,9.999983063835316e-09,True
P5_batch_plant_RC14,engineering,0,10,HHO,3,5350656137738471431,15000,15000,69290.04910889726,69290.04910889726,69290.04910889726,1.867776577011682,P5_batch_plant_RC14,69290.04910889726,9.99997062933744e-09,9.99997062933744e-09,True
P5_batch_plant_RC14,engineering,0,10,HHO,4,4083544687186741421,15000,15000,92483.00515255892,92483.00515255892,92483.00515255892,1.8441729950136505,P5_batch_plant_RC14,92483.00515255892,9.988127658289159e-09,9.988127658289159e-09,True
P5_batch_plant_RC14,engineering,0,10,HHO,5,8586982290984573962,15000,15000,69424.86197521223,69424.86197521223,69424.86197521223,1.8450728229945526,P5_batch_plant_RC14,69424.86197521223,9.865669170494584e-09,9.865669170494584e-09,True
P5_batch_plant_RC14,engineering,0,10,HHO,6,6232133498025458663,15000,15000,76552.38204321972,76552.38204321972,76552.38204321972,1.9679924630036112,P5_batch_plant_RC14,76552.38204321972,0.0,0.0,True
P5_batch_plant_RC14,engineering,0,10,HHO,7,3840167244958329782,15000,15000,84986.36250241181,84986.36250241181,84986.36250241181,1.8630311359884217,P5_batch_plant_RC14,84986.36250241181,0.0,0.0,True
P5_batch_plant_RC14,engineering,0,10,HHO,8,6034182924923993253,15000,15000,72160.44784374659,72160.44784374659,72160.44784374659,1.883637285005534,P5_batch_plant_RC14,72160.44784374659,9.999988392905834e-09,9.999988392905834e-09,True
P5_batch_plant_RC14,engineering,0,10,HHO,9,5507805426636475475,15000,15000,67063.92889664856,67063.92889664856,67063.92889664856,1.865969556994969,P5_batch_plant_RC14,67063.92889664856,9.999961747553243e-09,9.999961747553243e-09,True
P5_batch_plant_RC14,engineering,0,10,HHO,10,7879962279422135457,15000,15000,68668.71251619823,68668.71251619823,68668.71251619823,1.9207119120110292,P5_batch_plant_RC14,68668.71251619823,9.992584537599214e-09,9.992584537599214e-09,True
P5_batch_plant_RC14,engineering,0,10,HHO,11,8689238665521142760,15000,15000,86407.97305739815,86407.97305739815,86407.97305739815,1.8923066860006656,P5_batch_plant_RC14,86407.97305739815,0.0,0.0,True
P5_batch_plant_RC14,engineering,0,10,HHO,12,3902897886696705204,15000,15000,75330.93630058496,75330.93630058496,75330.93630058496,1.8899631300009787,P5_batch_plant_RC14,75330.93630058496,9.999947536698528e-09,9.999947536698528e-09,True
P5_batch_plant_RC14,engineering,0,10,HHO,13,6272882412377589812,15000,15000,70127.53441694648,70127.53441694648,70127.53441694648,1.899363472010009,P5_batch_plant_RC14,70127.53441694648,9.99999905104687e-09,9.99999905104687e-09,True
P5_batch_plant_RC14,engineering,0,10,HHO,14,1201990296182608690,15000,15000,75869.14497170682,75869.14497170682,75869.14497170682,1.993382485001348,P5_batch_plant_RC14,75869.14497170682,9.999961747553243e-09,9.999961747553243e-09,True
P5_batch_plant_RC14,engineering,0,10,HHO,15,8698802598264651137,15000,15000,78594.17284660881,78594.17284660881,78594.17284660881,1.8998998070019297,P5_batch_plant_RC14,78594.17284660881,0.0,0.0,True
P5_batch_plant_RC14,engineering,0,10,HHO,16,5020928140053267654,15000,15000,79599.92904312375,79599.92904312375,79599.92904312375,1.99608186801197,P5_batch_plant_RC14,79599.92904312375,9.9922097263061e-09,9.9922097263061e-09,True
P5_batch_plant_RC14,engineering,0,10,HHO,17,347910801060311233,15000,15000,78836.9020750408,78836.9020750408,78836.9020750408,2.003781679988606,P5_batch_plant_RC14,78836.9020750408,0.0,0.0,True
P5_batch_plant_RC14,engineering,0,10,HHO,18,6970600833857881492,15000,15000,77242.24279497989,77242.24279497989,77242.24279497989,2.00418762100162,P5_batch_plant_RC14,77242.24279497989,9.997576100317929e-09,9.997576100317929e-09,True
P5_batch_plant_RC14,engineering,0,10,HHO,19,6213189012109707747,15000,15000,91654.32795341662,91654.32795341662,91654.32795341662,1.9360943739884533,P5_batch_plant_RC14,91654.32795341662,9.999894245993346e-09,9.999894245993346e-09,True
P5_batch_plant_RC14,engineering,0,10,HHO,20,4922561830288473897,15000,15000,74116.50762528925,74116.50762528925,74116.50762528925,1.8935921469819732,P5_batch_plant_RC14,74116.50762528925,9.975483550306308e-09,9.975483550306308e-09,True
P5_batch_plant_RC14,engineering,0,10,HHO,21,3598100853016206079,15000,15000,79890.9206651071,79890.9206651071,79890.9206651071,1.8567692409851588,P5_batch_plant_RC14,79890.9206651071,0.0,0.0,True
P5_batch_plant_RC14,engineering,0,10,HHO,22,1359490337315739456,15000,15000,90096.49715908623,90096.49715908623,90096.49715908623,1.8391735379991587,P5_batch_plant_RC14,90096.49715908623,0.0,0.0,True
P5_batch_plant_RC14,engineering,0,10,HHO,23,3849800341256737203,15000,15000,70474.71603082457,70474.71603082457,70474.71603082457,1.8229407519975211,P5_batch_plant_RC14,70474.71603082457,9.999990169262674e-09,9.999990169262674e-09,True
P5_batch_plant_RC14,engineering,0,10,HHO,24,7233176415282904034,15000,15000,81586.49416936262,81586.49416936262,81586.49416936262,1.8371675749949645,P5_batch_plant_RC14,81586.49416936262,0.0,0.0,True
P5_batch_plant_RC14,engineering,0,10,HHO,25,5603426961070107068,15000,15000,77701.65522670015,77701.65522670015,77701.65522670015,1.8526528899965342,P5_batch_plant_RC14,77701.65522670015,9.999988392905834e-09,9.999988392905834e-09,True
P5_batch_plant_RC14,engineering,0,10,HHO,26,7850566327422460614,15000,15000,71171.85225143604,71171.85225143604,71171.85225143604,1.8802930929814465,P5_batch_plant_RC14,71171.85225143604,9.999983063835316e-09,9.999983063835316e-09,True
P5_batch_plant_RC14,engineering,0,10,HHO,27,7339268794654914015,15000,15000,66184.42230815245,66184.42230815245,66184.42230815245,1.812366419006139,P5_batch_plant_RC14,66184.42230815245,0.0,0.0,True
P5_batch_plant_RC14,engineering,0,10,HHO,28,9020110121653684262,15000,15000,75202.13802008651,75202.13802008651,75202.13802008651,1.8091277229832485,P5_batch_plant_RC14,75202.13802008651,9.99549776281583e-09,9.99549776281583e-09,True
P5_batch_plant_RC14,engineering,0,10,HHO,29,3309871921503659574,15000,15000,85466.87797276425,85466.87797276425,85466.87797276425,1.8402023979870137,P5_batch_plant_RC14,85466.87797276425,9.999998162868451e-09,9.999998162868451e-09,True
P3_heat_exchanger_RC01,engineering,0,9,HHO,0,4109864660266839976,15000,15000,1050359.6234086938,1050359.6234086938,1050359.6234086938,3.221446718001971,P3_heat_exchanger_RC01,275.5304303907852,950359.6234086939,939772.8522950106,False
P3_heat_exchanger_RC01,engineering,0,9,HHO,1,2336028483527750326,15000,15000,219533.4925416889,219533.4925416889,219533.4925416889,1.975346435996471,P3_heat_exchanger_RC01,202.09957200769483,119533.49254168889,81219.15066300174,False
P3_heat_exchanger_RC01,engineering,0,9,HHO,2,4807309541886064377,15000,15000,1293966.6733386833,1293966.6733386833,1293966.6733386833,1.9261301359802019,P3_heat_exchanger_RC01,301.084661107477,1193966.6733386833,1037090.3465660021,False
P3_heat_exchanger_RC01,engineering,0,9,HHO,3,3343375559410182985,15000,15000,120182.66888905528,120182.66888905528,120182.66888905528,1.9086336189939175,P3_heat_exchanger_RC01,319.3489149783537,20182.66888905528,13227.317067736358,False
P3_heat_exchanger_RC01,engineering,0,9,HHO,4,7766084159939841917,15000,15000,358166.96412412944,358166.96412412944,358166.96412412944,1.9156746350054163,P3_heat_exchanger_RC01,931.1346288917225,258166.96412412944,136888.10243334487,False
P3_heat_exchanger_RC01,engineering,0,9,HHO,5,319519616741821699,15000,15000,2100028.0497060725,2100028.0497060725,2100028.0497060725,1.878622930002166,P3_heat_exchanger_RC01,122.63404919013345,2000028.0497060728,1719542.0418506395,False
P3_heat_exchanger_RC01,engineering,0,9,HHO,6,5178696480096888319,15000,15000,2098336.306243139,2098336.306243139,2098336.306243139,1.9501778499979991,P3_heat_exchanger_RC01,31.691621254122097,1998336.3062431389,1153471.226497032,False
P3_heat_exchanger_RC01,engineering,0,9,HHO,7,5780004382312760566,15000,15000,1225207.271307454,1225207.271307454,1225207.271307454,1.916666354984045,P3_heat_exchanger_RC01,753.2114658617677,1125207.271307454,818876.6564613638,False
P3_heat_exchanger_RC01,engineering,0,9,HHO,8,5820461861493195894,15000,15000,709151.5049398883,709151.5049398883,709151.5049398883,1.8640449570084456,P3_heat_exchanger_RC01,548.5108843185905,609151.5049398883,605288.7198184629,False
P3_heat_exchanger_RC01,engineering,0,9,HHO,9,1318325544817871604,15000,15000,931630.2689658601,931630.2689658601,931630.2689658601,1.891855680005392,P3_heat_exchanger_RC01,151.2882861934009,831630.2689658601,587691.148468224,False
P3_heat_exchanger_RC01,engineering,0,9,HHO,10,6842901260430631819,15000,15000,933170.4493343612,933170.4493343612,933170.4493343612,1.9622030839964282,P3_heat_exchanger_RC01,399.11924674530724,833170.4493343612,780757.1387557379,False
P3_heat_exchanger_RC01,engineering,0,9,HHO,11,457189389547968645,15000,15000,555728.3784678786,555728.3784678786,555728.3784678786,1.9135509519837797,P3_heat_exchanger_RC01,656.8754606771548,455728.37846787856,348535.2432290223,False
P3_heat_exchanger_RC01,engineering,0,9,HHO,12,5931763934682105739,15000,15000,1461588.1452327669,1461588.1452327669,1461588.1452327669,1.9474765630147886,P3_heat_exchanger_RC01,340.75878911626216,1361588.1452327669,1035655.630459901,False
P3_heat_exchanger_RC01,engineering,0,9,HHO,13,4770242415081739736,15000,15000,100969.00227823715,100969.00227823715,100969.00227823715,1.9931008559942711,P3_heat_exchanger_RC01,309.62535987330864,969.0022782371592,562.5843908785392,False
P3_heat_exchanger_RC01,engineering,0,9,HHO,14,7014864831261651258,15000,15000,1545556.8113287168,1545556.8113287168,1545556.8113287168,1.984214397991309,P3_heat_exchanger_RC01,204.91505073579734,1445556.8113287168,963837.2789865953,False
P3_heat_exchanger_RC01,engineering,0,9,HHO,15,1722512455609355544,15000,15000,958834.2335458747,958834.2335458747,958834.2335458747,2.0149285470251925,P3_heat_exchanger_RC01,566.2537922689729,858834.2335458747,663565.8232755442,False
P3_heat_exchanger_RC01,engineering,0,9,HHO,16,5492163685010809457,15000,15000,474602.0823531334,474602.0823531334,474602.0823531334,2.474723063991405,P3_heat_exchanger_RC01,168.90020759377052,374602.0823531334,361577.2387310977,False
P3_heat_exchanger_RC01,engineering,0,9,HHO,17,9206794599134734245,15000,15000,1323802.8974637433,1323802.8974637433,1323802.8974637433,2.4492212109907996,P3_heat_exchanger_RC01,568.1172250874383,1223802.8974637433,1217515.4566617971,False
P3_heat_exchanger_RC01,engineering,0,9,HHO,18,8156964698637721306,15000,15000,590104.291056903,590104.291056903,590104.291056903,2.022718096995959,P3_heat_exchanger_RC01,834.833996543334,490104.29105690296,304009.41809686035,False
P3_heat_exchanger_RC01,engineering,0,9,HHO,19,7203385524624599759,15000,15000,2098158.586989994,2098158.586989994,2098158.586989994,1.9065616020234302,P3_heat_exchanger_RC01,3.0758146036603207,1998158.5869899944,1058962.1582981667,False
P3_heat_exchanger_RC01,engineering,0,9,HHO,20,7593215612803694546,15000,15000,2097982.9367241776,2097982.9367241776,2097982.9367241776,1.9232700710126664,P3_heat_exchanger_RC01,836.8768487250511,1997982.9367241778,1799561.0339058395,False
P3_heat_exchanger_RC01,engineering,0,9,HHO,21,1444865629640396450,15000,15000,112808.47240796636,112808.47240796636,112808.47240796636,1.8949605630186852,P3_heat_exchanger_RC01,666.6340738437323,12808.47240796635,12791.45099388234,False
P3_heat_exchanger_RC01,engineering,0,9,HHO,22,1876948369670053367,15000,15000,1766099.7792373002,1766099.7792373002,1766099.7792373002,1.8855565450212453,P3_heat_exchanger_RC01,191.822737704554,1666099.7792373002,1174283.0087622488,False
P3_heat_exchanger_RC01,engineering,0,9,HHO,23,4486018889421924426,15000,15000,314306.5923278137,314306.5923278137,314306.5923278137,1.8858067340042908,P3_heat_exchanger_RC01,394.02138931784566,214306.59232781368,152768.39042375152,False
P3_heat_exchanger_RC01,engineering,0,9,HHO,24,1310323615507550511,15000,15000,1275662.4979155606,1275662.4979155606,1275662.4979155606,1.881033521000063,P3_heat_exchanger_RC01,168.13351393785936,1175662.4979155606,853191.3793793481,False
P3_heat_exchanger_RC01,engineering,0,9,HHO,25,4254348089800118656,15000,15000,1105017.9880886716,1105017.9880886716,1105017.9880886716,1.8637305780139286,P3_heat_exchanger_RC01,156.95617668015223,1005017.9880886717,988792.9794700275,False
P3_heat_exchanger_RC01,engineering,0,9,HHO,26,5738806743938561975,15000,15000,1195129.820920167,1195129.820920167,1195129.820920167,1.8954551909992006,P3_heat_exchanger_RC01,401.68943551484455,1095129.820920167,618431.066045974,False
P3_heat_exchanger_RC01,engineering,0,9,HHO,27,4249162290982686900,15000,15000,1087862.231659018,1087862.231659018,1087862.231659018,1.8908285729994532,P3_heat_exchanger_RC01,313.3736863129679,987862.2316590181,876629.5256623289,False
P3_heat_exchanger_RC01,engineering,0,9,HHO,28,5874956871658066508,15000,15000,2097537.1778144194,2097537.1778144194,2097537.1778144194,1.979194694024045,P3_heat_exchanger_RC01,40.955135401357865,1997537.1778144196,1662446.6609843147,False
P3_heat_exchanger_RC01,engineering,0,9,HHO,29,4795269295606492617,15000,15000,1454639.4788356635,1454639.4788356635,1454639.4788356635,1.9408537300187163,P3_heat_exchanger_RC01,102.31425486526483,1354639.4788356635,1285296.2579864543,False
P5_batch_plant_RC14,engineering,0,10,SEHHO-COBL,0,8027438270087391711,15000,15000,58469.191841344844,58469.191841344844,58469.191841344844,3.103258292976534,P5_batch_plant_RC14,58469.191841344844,0.0,0.0,True
P5_batch_plant_RC14,engineering,0,10,SEHHO-COBL,1,1765810982940982678,15000,15000,53674.10337633551,53674.10337633551,53674.10337633551,2.0383700040110853,P5_batch_plant_RC14,53674.10337633551,0.0,0.0,True
P5_batch_plant_RC14,engineering,0,10,SEHHO-COBL,2,1359552828567617308,15000,15000,58505.45042096026,58505.45042096026,58505.45042096026,2.0499690789729357,P5_batch_plant_RC14,58505.45042096026,3.1074272044406825e-09,3.1074272044406825e-09,True
P5_batch_plant_RC14,engineering,0,10,SEHHO-COBL,3,5884498962031820702,15000,15000,58505.95849936488,58505.95849936488,58505.95849936488,2.055538254993735,P5_batch_plant_RC14,58505.95849936488,0.0,0.0,True
P5_batch_plant_RC14,engineering,0,10,SEHHO-COBL,4,6044735480417273586,15000,15000,58507.38685799797,58507.38685799797,58507.38685799797,2.052274493005825,P5_batch_plant_RC14,58507.38685799797,0.0,0.0,True
P5_batch_plant_RC14,engineering,0,10,SEHHO-COBL,5,9112815696418586024,15000,15000,58505.91003588832,58505.91003588832,58505.91003588832,2.05891148201772,P5_batch_plant_RC14,58505.91003588832,0.0,0.0,True
P5_batch_plant_RC14,engineering,0,10,SEHHO-COBL,6,5425074418588615431,15000,15000,58505.450234505486,58505.450234505486,58505.450234505486,2.3610529619909357,P5_batch_plant_RC14,58505.450234505486,9.971403258646205e-09,9.971403258646205e-09,True
P5_batch_plant_RC14,engineering,0,10,SEHHO-COBL,7,912870320502510230,15000,15000,58512.335393682864,58512.335393682864,58512.335393682864,2.0275534060201608,P5_batch_plant_RC14,58512.335393682864,0.0,0.0,True
P5_batch_plant_RC14,engineering,0,10,SEHHO-COBL,8,4761411685273460743,15000,15000,53639.06403790116,53639.06403790116,53639.06403790116,2.034299638995435,P5_batch_plant_RC14,53639.06403790116,0.0,0.0,True
P5_batch_plant_RC14,engineering,0,10,SEHHO-COBL,9,4315193717194186586,15000,15000,58507.15796561206,58507.15796561206,58507.15796561206,2.0911537060164846,P5_batch_plant_RC14,58507.15796561206,0.0,0.0,True
P5_batch_plant_RC14,engineering,0,10,SEHHO-COBL,10,4923143229940605349,15000,15000,58468.353326748,58468.353326748,58468.353326748,2.0819428699905984,P5_batch_plant_RC14,58468.353326748,0.0,0.0,True
P5_batch_plant_RC14,engineering,0,10,SEHHO-COBL,11,1334343645039797235,15000,15000,53638.94273207689,53638.94273207689,53638.94273207689,2.047583345003659,P5_batch_plant_RC14,53638.94273207689,8.033111953409389e-09,5.549281922867522e-09,True
P5_batch_plant_RC14,engineering,0,10,SEHHO-COBL,12,9112072923599577032,15000,15000,58506.04495185704,58506.04495185704,58506.04495185704,2.141046083997935,P5_batch_plant_RC14,58506.04495185704,6.146503750414922e-09,6.146503750414922e-09,True
P5_batch_plant_RC14,engineering,0,10,SEHHO-COBL,13,1417569585583329950,15000,15000,58505.99614781545,58505.99614781545,58505.99614781545,2.1558607199986,P5_batch_plant_RC14,58505.99614781545,0.0,0.0,True
P5_batch_plant_RC14,engineering,0,10,SEHHO-COBL,14,4696426420104250608,15000,15000,58505.49287901441,58505.49287901441,58505.49287901441,2.067047891992843,P5_batch_plant_RC14,58505.49287901441,0.0,0.0,True
P5_batch_plant_RC14,engineering,0,10,SEHHO-COBL,15,6416056314238459698,15000,15000,58505.74974254133,58505.74974254133,58505.74974254133,2.0749598719994538,P5_batch_plant_RC14,58505.74974254133,7.081812469778015e-09,7.081812469778015e-09,True
P5_batch_plant_RC14,engineering,0,10,SEHHO-COBL,16,5956608212410897731,15000,15000,59185.189365989914,59185.189365989914,59185.189365989914,2.1027963630040176,P5_batch_plant_RC14,59185.189365989914,0.0,0.0,True
P5_batch_plant_RC14,engineering,0,10,SEHHO-COBL,17,4854738411753269317,15000,15000,58507.69503380692,58507.69503380692,58507.69503380692,2.1046570019971114,P5_batch_plant_RC14,58507.69503380692,0.0,0.0,True
P5_batch_plant_RC14,engineering,0,10,SEHHO-COBL,18,9045005128587111667,15000,15000,58552.35294275352,58552.35294275352,58552.35294275352,2.0979503740090877,P5_batch_plant_RC14,58552.35294275352,0.0,0.0,True
P5_batch_plant_RC14,engineering,0,10,SEHHO-COBL,19,1155781928361173515,15000,15000,58505.452459869404,58505.452459869404,58505.452459869404,2.005464354995638,P5_batch_plant_RC14,58505.452459869404,9.735284578482606e-09,9.67455449085719e-09,True
P5_batch_plant_RC14,engineering,0,10,SEHHO-COBL,20,282626162530978193,15000,15000,58468.23260415665,58468.23260415665,58468.23260415665,2.0137796319904737,P5_batch_plant_RC14,58468.23260415665,9.823175162182451e-09,9.823175162182451e-09,True
P5_batch_plant_RC14,engineering,0,10,SEHHO-COBL,21,8977883518069885388,15000,15000,58468.27921495506,58468.27921495506,58468.27921495506,1.961822100012796,P5_batch_plant_RC14,58468.27921495506,0.0,0.0,True
P5_batch_plant_RC14,engineering,0,10,SEHHO-COBL,22,3809659831880956513,15000,15000,59185.70904226152,59185.70904226152,59185.70904226152,2.010041521018138,P5_batch_plant_RC14,59185.70904226152,0.0,0.0,True
P5_batch_plant_RC14,engineering,0,10,SEHHO-COBL,23,2283551299676855422,15000,15000,58540.98387044125,58540.98387044125,58540.98387044125,2.0048416779900435,P5_batch_plant_RC14,58540.98387044125,4.006661669109235e-09,4.006661669109235e-09,True
P5_batch_plant_RC14,engineering,0,10,SEHHO-COBL,24,6787350557386493794,15000,15000,58508.050784165345,58508.050784165345,58508.050784165345,2.0138388329942245,P5_batch_plant_RC14,58508.050784165345,0.0,0.0,True
P5_batch_plant_RC14,engineering,0,10,SEHHO-COBL,25,6289272154170508334,15000,15000,58508.90227712194,58508.90227712194,58508.90227712194,2.0621256299782544,P5_batch_plant_RC14,58508.90227712194,0.0,0.0,True
P5_batch_plant_RC14,engineering,0,10,SEHHO-COBL,26,1275584086974424355,15000,15000,58468.621249111035,58468.621249111035,58468.621249111035,2.0930378490011208,P5_batch_plant_RC14,58468.621249111035,0.0,0.0,True
P5_batch_plant_RC14,engineering,0,10,SEHHO-COBL,27,7360843308512765460,15000,15000,58505.449881716646,58505.449881716646,58505.449881716646,2.039718954009004,P5_batch_plant_RC14,58505.449881716646,9.772458398060735e-09,9.684727686476435e-09,True
P5_batch_plant_RC14,engineering,0,10,SEHHO-COBL,28,1181230631318796604,15000,15000,58505.54022077114,58505.54022077114,58505.54022077114,2.0131895350059494,P5_batch_plant_RC14,58505.54022077114,2.833708379057498e-09,2.833708379057498e-09,True
P5_batch_plant_RC14,engineering,0,10,SEHHO-COBL,29,7960645237873546658,15000,15000,58506.4570458886,58506.4570458886,58506.4570458886,1.9936051120166667,P5_batch_plant_RC14,58506.4570458886,5.970180794179214e-09,5.7879763204482515e-09,True
P3_heat_exchanger_RC01,engineering,0,9,SEHHO-COBL,0,3420778652332877011,15000,15000,335.9924233536743,335.9924233536743,335.9924233536743,2.607016455003759,P3_heat_exchanger_RC01,335.9924233536743,0.0,0.0,True
P3_heat_exchanger_RC01,engineering,0,9,SEHHO-COBL,1,1414011341306330591,15000,15000,100029.06792683525,100029.06792683525,100029.06792683525,2.1434614140016492,P3_heat_exchanger_RC01,402.6079348773223,29.067926835257243,24.461766141064093,False
P3_heat_exchanger_RC01,engineering,0,9,SEHHO-COBL,2,917920207477116855,15000,15000,738.4668506144499,738.4668506144499,738.4668506144499,2.085972959001083,P3_heat_exchanger_RC01,738.4668506144499,0.0,0.0,True
P3_heat_exchanger_RC01,engineering,0,9,SEHHO-COBL,3,4836178515763164383,15000,15000,100000.00168923417,100000.00168923417,100000.00168923417,2.0653969759878237,P3_heat_exchanger_RC01,285.376957267835,0.0016892341662104627,0.0016892341662104627,False
P3_heat_exchanger_RC01,engineering,0,9,SEHHO-COBL,4,1563959083459750791,15000,15000,211.12433851724032,211.12433851724032,211.12433851724032,2.034429784020176,P3_heat_exchanger_RC01,211.12433851724032,0.0,0.0,True
P3_heat_exchanger_RC01,engineering,0,9,SEHHO-COBL,5,7278634857265915038,15000,15000,100000.58268931691,100000.58268931691,100000.58268931691,2.03189494900289,P3_heat_exchanger_RC01,297.4898897783672,0.5826893169111205,0.3708899727255106,False
P3_heat_exchanger_RC01,engineering,0,9,SEHHO-COBL,6,8691922763521060060,15000,15000,500.27979450051913,500.27979450051913,500.27979450051913,2.0665339390106965,P3_heat_exchanger_RC01,500.27979450051913,0.0,0.0,True
P3_heat_exchanger_RC01,engineering,0,9,SEHHO-COBL,7,644681776517534990,15000,15000,628.9777423069328,628.9777423069328,628.9777423069328,2.0764667780022137,P3_heat_exchanger_RC01,628.9777423069328,0.0,0.0,True
P3_heat_exchanger_RC01,engineering,0,9,SEHHO-COBL,8,2903884637766317836,15000,15000,100000.00530561236,100000.00530561236,100000.00530561236,2.0130569870234467,P3_heat_exchanger_RC01,401.07240975247873,0.005305612358856615,0.005305612358856615,False
P3_heat_exchanger_RC01,engineering,0,9,SEHHO-COBL,9,6436577895158512863,15000,15000,583.0523401196981,583.0523401196981,583.0523401196981,2.1107476970064454,P3_heat_exchanger_RC01,583.0523401196981,0.0,0.0,True
P3_heat_exchanger_RC01,engineering,0,9,SEHHO-COBL,10,8447178810626305438,15000,15000,100002.46354004454,100002.46354004454,100002.46354004454,2.221035172988195,P3_heat_exchanger_RC01,463.4249845566685,2.4635400445425564,1.0301372318692505,False
P3_heat_exchanger_RC01,engineering,0,9,SEHHO-COBL,11,4586096546732285931,15000,15000,100000.01557161333,100000.01557161333,100000.01557161333,2.2606963319994975,P3_heat_exchanger_RC01,340.323128708394,0.015571613328038348,0.015571613328038348,False
P3_heat_exchanger_RC01,engineering,0,9,SEHHO-COBL,12,8549554946236109324,15000,15000,550.9849192277222,550.9849192277222,550.9849192277222,2.076830851001432,P3_heat_exchanger_RC01,550.9849192277222,0.0,0.0,True
P3_heat_exchanger_RC01,engineering,0,9,SEHHO-COBL,13,1929978509470744668,15000,15000,100000.01688917687,100000.01688917687,100000.01688917687,2.1245873739826493,P3_heat_exchanger_RC01,586.0033371496409,0.016889176871868493,0.005934407764673233,False
P3_heat_exchanger_RC01,engineering,0,9,SEHHO-COBL,14,5677851236524207094,15000,15000,716.1785824616592,716.1785824616592,716.1785824616592,2.0410409639880527,P3_heat_exchanger_RC01,716.1785824616592,0.0,0.0,True
P3_heat_exchanger_RC01,engineering,0,9,SEHHO-COBL,15,6994775008254847613,15000,15000,100000.0035627255,100000.0035627255,100000.0035627255,2.2701675470161717,P3_heat_exchanger_RC01,359.1903896035632,0.003562725504674306,0.002411345548555255,False
P3_heat_exchanger_RC01,engineering,0,9,SEHHO-COBL,16,8560012093874293770,15000,15000,100001.08829726356,100001.08829726356,100001.08829726356,2.1125894600118045,P3_heat_exchanger_RC01,301.84119315549674,1.0882972635635175,0.7004437719635666,False
P3_heat_exchanger_RC01,engineering,0,9,SEHHO-COBL,17,5577138156814329124,15000,15000,100000.66612464908,100000.66612464908,100000.66612464908,2.1084894509986043,P3_heat_exchanger_RC01,286.6002342332315,0.6661246490809494,0.31432094407975675,False
P3_heat_exchanger_RC01,engineering,0,9,SEHHO-COBL,18,1511584606298604693,15000,15000,100001.06461706468,100001.06461706468,100001.06461706468,2.1055555079947226,P3_heat_exchanger_RC01,476.044611213047,1.0646170646745712,0.9790183380875737,False
P3_heat_exchanger_RC01,engineering,0,9,SEHHO-COBL,19,7939384022352080230,15000,15000,531.6872475713996,531.6872475713996,531.6872475713996,2.324299917992903,P3_heat_exchanger_RC01,531.6872475713996,0.0,0.0,True
P3_heat_exchanger_RC01,engineering,0,9,SEHHO-COBL,20,5639919258392070324,15000,15000,100000.00015704977,100000.00015704977,100000.00015704977,2.152536275010789,P3_heat_exchanger_RC01,357.9455282002993,0.00015704977002760644,0.00015704977002760644,False
P3_heat_exchanger_RC01,engineering,0,9,SEHHO-COBL,21,8158209914464142250,15000,15000,100131.8323334971,100131.8323334971,100131.8323334971,2.048165615997277,P3_heat_exchanger_RC01,406.9264717369954,131.8323334971008,128.13086466241404,False
P3_heat_exchanger_RC01,engineering,0,9,SEHHO-COBL,22,7602826671000363940,15000,15000,100005.43101139052,100005.43101139052,100005.43101139052,2.07538670298527,P3_heat_exchanger_RC01,464.2344469792664,5.431011390517899,3.6766634756397454,False
P3_heat_exchanger_RC01,engineering,0,9,SEHHO-COBL,23,3651002216062531631,15000,15000,375.06022567248243,375.06022567248243,375.06022567248243,2.0530011860246304,P3_heat_exchanger_RC01,375.06022567248243,0.0,0.0,True
P3_heat_exchanger_RC01,engineering,0,9,SEHHO-COBL,24,6863638649157808172,15000,15000,100000.014834788,100000.014834788,100000.014834788,2.059837448003236,P3_heat_exchanger_RC01,497.16470577004714,0.014834787997617605,0.014834787997617605,False
P3_heat_exchanger_RC01,engineering,0,9,SEHHO-COBL,25,6066041916405854455,15000,15000,100000.00576792845,100000.00576792845,100000.00576792845,2.1284042129991576,P3_heat_exchanger_RC01,504.34310918303004,0.005767928446321002,0.005767928446321002,False
P3_heat_exchanger_RC01,engineering,0,9,SEHHO-COBL,26,1616533345931424868,15000,15000,100018.74062062136,100018.74062062136,100018.74062062136,2.0535118639818393,P3_heat_exchanger_RC01,385.68220355247786,18.74062062136508,6.1919392783358695,False
P3_heat_exchanger_RC01,engineering,0,9,SEHHO-COBL,27,2160608705785518701,15000,15000,707.5349758463303,707.5349758463303,707.5349758463303,2.098498131002998,P3_heat_exchanger_RC01,707.5349758463303,0.0,0.0,True
P3_heat_exchanger_RC01,engineering,0,9,SEHHO-COBL,28,1618254651946731267,15000,15000,100000.0122136963,100000.0122136963,100000.0122136963,2.073736538004596,P3_heat_exchanger_RC01,439.5872176187737,0.012213696306356794,0.012213036446926163,False
P3_heat_exchanger_RC01,engineering,0,9,SEHHO-COBL,29,2676292454720038114,15000,15000,595.0244555817185,595.0244555817185,595.0244555817185,2.026396084984299,P3_heat_exchanger_RC01,595.0244555817185,0.0,0.0,True
P4_blending_pooling_RC06,engineering,0,38,HHO,0,3764979248612474046,15000,15000,1082.499499999955,1082.499499999955,1082.499499999955,4.960551105992636,P4_blending_pooling_RC06,0.9979000000000438,82.49949999995518,59.99989999998766,False
P4_blending_pooling_RC06,engineering,0,38,HHO,1,4314599852001205353,15000,15000,1081.8986238143882,1081.8986238143882,1081.8986238143882,3.7133744840102736,P4_blending_pooling_RC06,0.9979001740403269,81.89862381438817,59.999229307095874,False
P4_blending_pooling_RC06,engineering,0,38,HHO,2,5690803892101686621,15000,15000,1082.7830469870867,1082.7830469870867,1082.7830469870867,3.4555808329896536,P4_blending_pooling_RC06,1.0035781492298625,82.78304698708656,59.814026485079836,False
P4_blending_pooling_RC06,engineering,0,38,HHO,3,8040089871559161171,15000,15000,1083.9165542208536,1083.9165542208536,1083.9165542208536,3.7340765230183024,P4_blending_pooling_RC06,0.9983792643468736,83.9165542208537,59.84666038511912,False
P4_blending_pooling_RC06,engineering,0,38,HHO,4,150531466178192067,15000,15000,1083.0989461824677,1083.0989461824677,1083.0989461824677,3.738230023998767,P4_blending_pooling_RC06,0.997900536870655,83.09894618246777,59.99969318989423,False
P4_blending_pooling_RC06,engineering,0,38,HHO,5,1231839983109157944,15000,15000,1082.923159068128,1082.923159068128,1082.923159068128,3.558123141992837,P4_blending_pooling_RC06,1.0043939990363424,82.92315906812803,59.200886868501044,False
P4_blending_pooling_RC06,engineering,0,38,HHO,6,899072465207428202,15000,15000,1082.242004327807,1082.242004327807,1082.242004327807,3.5596940199902747,P4_blending_pooling_RC06,0.997922502320822,82.24200432780707,59.21823523131886,False
P4_blending_pooling_RC06,engineering,0,38,HHO,7,1211896920347987014,15000,15000,1178.031819861237,1178.031819861237,1178.031819861237,3.683895753987599,P4_blending_pooling_RC06,1.0407614122371636,178.03181986123698,114.86944088673721,False
P4_blending_pooling_RC06,engineering,0,38,HHO,8,6968688611604069168,15000,15000,1155.8545455554881,1155.8545455554881,1155.8545455554881,3.5481385460007004,P4_blending_pooling_RC06,1.1585513322062935,155.85454555548824,64.5103182647236,False
P4_blending_pooling_RC06,engineering,0,38,HHO,9,4996806360808315918,15000,15000,1084.047470533606,1084.047470533606,1084.047470533606,3.515363532002084,P4_blending_pooling_RC06,0.997900000000006,84.04747053360609,59.87785282358513,False
P4_blending_pooling_RC06,engineering,0,38,HHO,10,7658422787136818565,15000,15000,1234.533713925505,1234.533713925505,1234.533713925505,3.7518070089863613,P4_blending_pooling_RC06,1.206480660331648,234.5337139255051,208.90785310964586,False
P4_blending_pooling_RC06,engineering,0,38,HHO,11,6760652371992513571,15000,15000,1082.8685971317295,1082.8685971317295,1082.8685971317295,3.4608899310114793,P4_blending_pooling_RC06,0.9979071910855238,82.86859713172949,59.99989911270555,False
P4_blending_pooling_RC06,engineering,0,38,HHO,12,8714279832043930681,15000,15000,1082.073139348574,1082.073139348574,1082.073139348574,3.5025883310008794,P4_blending_pooling_RC06,0.9979005960865132,82.07313934857399,59.998861877004884,False
P4_blending_pooling_RC06,engineering,0,38,HHO,13,9215617916469594495,15000,15000,1081.2952619086277,1081.2952619086277,1081.2952619086277,3.407814481994137,P4_blending_pooling_RC06,0.9989828231496617,81.29526190862781,59.979679908311624,False
P4_blending_pooling_RC06,engineering,0,38,HHO,14,2093243122824019360,15000,15000,1205.8600267192303,1205.8600267192303,1205.8600267192303,3.8277129989874084,P4_blending_pooling_RC06,1.014158023660344,205.86002671923035,44.54669488591273,False
P4_blending_pooling_RC06,engineering,0,38,HHO,15,4275460916005235728,15000,15000,1081.6994792553119,1081.6994792553119,1081.6994792553119,3.8145638770074584,P4_blending_pooling_RC06,0.9979002910096243,81.69947925531199,59.99987160385726,False
P4_blending_pooling_RC06,engineering,0,38,HHO,16,2500695132180607678,15000,15000,1084.2405549314483,1084.2405549314483,1084.2405549314483,3.4545304519997444,P4_blending_pooling_RC06,0.9979023541064811,84.24055493144837,59.98738225360333,False
P4_blending_pooling_RC06,engineering,0,38,HHO,17,5385810717654581986,15000,15000,1082.9017489131033,1082.9017489131033,1082.9017489131033,3.407108867977513,P4_blending_pooling_RC06,0.9979028027841345,82.90174891310345,59.99950929545005,False
P4_blending_pooling_RC06,engineering,0,38,HHO,18,720796548383186994,15000,15000,1082.9791703875817,1082.9791703875817,1082.9791703875817,3.3478436500008684,P4_blending_pooling_RC06,0.9981835705044817,82.97917038758179,59.479987421107666,False
P4_blending_pooling_RC06,engineering,0,38,HHO,19,6133378448702989857,15000,15000,1203.345380453895,1203.345380453895,1203.345380453895,3.3800564680132084,P4_blending_pooling_RC06,1.0007873590381149,203.3453804538949,148.93905089182505,False
P4_blending_pooling_RC06,engineering,0,38,HHO,20,5351864014240006748,15000,15000,1105.0275710174676,1105.0275710174676,1105.0275710174676,3.431442199012963,P4_blending_pooling_RC06,0.9982063173135233,105.02757101746768,26.24006684198737,False
P4_blending_pooling_RC06,engineering,0,38,HHO,21,3178435039163394291,15000,15000,1082.399071565574,1082.399071565574,1082.399071565574,3.4629754930210765,P4_blending_pooling_RC06,0.9979009135592142,82.39907156557419,59.999570310818655,False
P4_blending_pooling_RC06,engineering,0,38,HHO,22,7399843596199310909,15000,15000,1082.6990407884596,1082.6990407884596,1082.6990407884596,3.438584585004719,P4_blending_pooling_RC06,0.9982086740583825,82.6990407884596,59.49484523948536,False
P4_blending_pooling_RC06,engineering,0,38,HHO,23,2631684338490392123,15000,15000,1082.198731271315,1082.198731271315,1082.198731271315,3.462311226001475,P4_blending_pooling_RC06,0.9979000548273215,82.19873127131503,59.99832355237933,False
P4_blending_pooling_RC06,engineering,0,38,HHO,24,3188389865443022643,15000,15000,1080.8989824433172,1080.8989824433172,1080.8989824433172,3.397451655007899,P4_blending_pooling_RC06,0.9979008939733238,80.8989824433173,59.99639982734814,False
P4_blending_pooling_RC06,engineering,0,38,HHO,25,1300385106005536738,15000,15000,1081.9697353252513,1081.9697353252513,1081.9697353252513,3.3610085819964297,P4_blending_pooling_RC06,0.9979891339781215,81.96973532525129,57.43246700311434,False
P4_blending_pooling_RC06,engineering,0,38,HHO,26,8125450770682920054,15000,15000,1148.848060972968,1148.848060972968,1148.848060972968,3.407408219005447,P4_blending_pooling_RC06,1.0228764895484215,148.84806097296797,38.67903094876522,False
P4_blending_pooling_RC06,engineering,0,38,HHO,27,4005879275326400145,15000,15000,1128.0945197528708,1128.0945197528708,1128.0945197528708,3.378588855994167,P4_blending_pooling_RC06,1.382835205498812,128.09451975287095,25.38927485437666,False
P4_blending_pooling_RC06,engineering,0,38,HHO,28,7934947722612730677,15000,15000,1208.419580959032,1208.419580959032,1208.419580959032,3.400197755981935,P4_blending_pooling_RC06,1.0512889956077291,208.41958095903203,96.73972728694343,False
P4_blending_pooling_RC06,engineering,0,38,HHO,29,1729257747546005575,15000,15000,1083.4918789997364,1083.4918789997364,1083.4918789997364,3.364565764000872,P4_blending_pooling_RC06,0.9979614593479991,83.49187899973643,59.9999,False
P4_blending_pooling_RC06,engineering,0,38,SEHHO-COBL,0,8509872450020515037,15000,15000,1002.5464094668589,1002.5464094668589,1002.5464094668589,4.169083558983402,P4_blending_pooling_RC06,1.7884832949872114,2.5464094668588815,0.9514104529427704,False
P4_blending_pooling_RC06,engineering,0,38,SEHHO-COBL,1,4142803461024022050,15000,15000,1003.9928311041832,1003.9928311041832,1003.9928311041832,3.6628517230274156,P4_blending_pooling_RC06,2.1811386565566875,3.99283110418318,0.530556645068773,False
P4_blending_pooling_RC06,engineering,0,38,SEHHO-COBL,2,729427855096304593,15000,15000,1019.0580806563423,1019.0580806563423,1019.0580806563423,3.584346927993465,P4_blending_pooling_RC06,2.0100881241084503,19.058080656342348,8.278589915379005,False
P4_blending_pooling_RC06,engineering,0,38,SEHHO-COBL,3,7017078748588571649,15000,15000,1021.3018299048504,1021.3018299048504,1021.3018299048504,3.8271553829836193,P4_blending_pooling_RC06,2.4456130185879186,21.30182990485038,17.34953508458005,False
P4_blending_pooling_RC06,engineering,0,38,SEHHO-COBL,4,5122636518327890681,15000,15000,1005.6893769680116,1005.6893769680116,1005.6893769680116,3.9973302749858703,P4_blending_pooling_RC06,2.211754389937543,5.689376968011644,1.3457834144134428,False
P4_blending_pooling_RC06,engineering,0,38,SEHHO-COBL,5,6874210539940793445,15000,15000,1014.3098120672676,1014.3098120672676,1014.3098120672676,3.9253187100111973,P4_blending_pooling_RC06,1.8728888019921026,14.309812067267607,9.451713603232616,False
P4_blending_pooling_RC06,engineering,0,38,SEHHO-COBL,6,4130621901841588970,15000,15000,1004.3312127195309,1004.3312127195309,1004.3312127195309,3.8544040209962986,P4_blending_pooling_RC06,2.152751919009443,4.3312127195309085,0.941130269560569,False
P4_blending_pooling_RC06,engineering,0,38,SEHHO-COBL,7,577285998070557951,15000,15000,1008.0821760467412,1008.0821760467412,1008.0821760467412,3.8152490920037962,P4_blending_pooling_RC06,2.0583308689726154,8.082176046741164,3.017445509379822,False
P4_blending_pooling_RC06,engineering,0,38,SEHHO-COBL,8,182136444777115331,15000,15000,1003.6292998034099,1003.6292998034099,1003.6292998034099,3.9356040109996684,P4_blending_pooling_RC06,2.409303715774514,3.629299803409929,0.7847577580728604,False
P4_blending_pooling_RC06,engineering,0,38,SEHHO-COBL,9,7248422753897214883,15000,15000,1004.9105818112707,1004.9105818112707,1004.9105818112707,3.9552195120195393,P4_blending_pooling_RC06,1.6950098050524214,4.91058181127071,1.1423465188096664,False
P4_blending_pooling_RC06,engineering,0,38,SEHHO-COBL,10,7910575275681338709,15000,15000,1012.382863799696,1012.382863799696,1012.382863799696,3.9502765710058156,P4_blending_pooling_RC06,2.2248984380328496,12.382863799695984,8.106856984355755,False
P4_blending_pooling_RC06,engineering,0,38,SEHHO-COBL,11,5438388987427476872,15000,15000,1019.6212334852236,1019.6212334852236,1019.6212334852236,3.9643144799920265,P4_blending_pooling_RC06,1.8411404996915959,19.621233485223517,14.721915826540968,False
P4_blending_pooling_RC06,engineering,0,38,SEHHO-COBL,12,6186897115196529890,15000,15000,1024.8408541628057,1024.8408541628057,1024.8408541628057,3.7803659440251067,P4_blending_pooling_RC06,1.9977546142133948,24.84085416280563,18.796500040949645,False
P4_blending_pooling_RC06,engineering,0,38,SEHHO-COBL,13,7741133912216206308,15000,15000,1016.9823211836988,1016.9823211836988,1016.9823211836988,3.792572628997732,P4_blending_pooling_RC06,1.546314435267396,16.98232118369882,8.18995135774593,False
P4_blending_pooling_RC06,engineering,0,38,SEHHO-COBL,14,6527334606541342533,15000,15000,1018.0889089844661,1018.0889089844661,1018.0889089844661,3.688053150981432,P4_blending_pooling_RC06,2.09329168205082,18.088908984466105,5.297539881554133,False
P4_blending_pooling_RC06,engineering,0,38,SEHHO-COBL,15,3007552580681336247,15000,15000,1013.3174496258475,1013.3174496258475,1013.3174496258475,3.7621420029900037,P4_blending_pooling_RC06,1.836415960125031,13.31744962584753,8.797748895904245,False
P4_blending_pooling_RC06,engineering,0,38,SEHHO-COBL,16,6576168000093721426,15000,15000,1011.6735854161403,1011.6735854161403,1011.6735854161403,3.791424385999562,P4_blending_pooling_RC06,1.398720164867538,11.67358541614037,3.492443957924738,False
P4_blending_pooling_RC06,engineering,0,38,SEHHO-COBL,17,5801797204559391686,15000,15000,1005.9443826993881,1005.9443826993881,1005.9443826993881,3.6605143890192267,P4_blending_pooling_RC06,1.6323487262486849,5.944382699388172,0.9710934524650392,False
P4_blending_pooling_RC06,engineering,0,38,SEHHO-COBL,18,4853144468921587449,15000,15000,1024.1583110703352,1024.1583110703352,1024.1583110703352,3.6217569549917243,P4_blending_pooling_RC06,1.932424422172272,24.15831107033527,19.617163704693574,False
P4_blending_pooling_RC06,engineering,0,38,SEHHO-COBL,19,769962101012401497,15000,15000,1005.3753519683723,1005.3753519683723,1005.3753519683723,3.568753190978896,P4_blending_pooling_RC06,2.2425414923624363,5.375351968372392,1.0059797534115267,False
P4_blending_pooling_RC06,engineering,0,38,SEHHO-COBL,20,7680178406928924414,15000,15000,1022.7580302617062,1022.7580302617062,1022.7580302617062,3.5396119029901456,P4_blending_pooling_RC06,2.14823081586303,22.758030261706114,16.967586187371413,False
P4_blending_pooling_RC06,engineering,0,38,SEHHO-COBL,21,1631410188671977376,15000,15000,1011.8674750645517,1011.8674750645517,1011.8674750645517,3.592281791003188,P4_blending_pooling_RC06,1.9155744546923656,11.867475064551705,4.042330124935919,False
P4_blending_pooling_RC06,engineering,0,38,SEHHO-COBL,22,2188565359058663453,15000,15000,1014.94352184476,1014.94352184476,1014.94352184476,3.682953195995651,P4_blending_pooling_RC06,2.0981847633921857,14.943521844759934,11.088937835164248,False
P4_blending_pooling_RC06,engineering,0,38,SEHHO-COBL,23,6216555613427806908,15000,15000,1009.5084858242899,1009.5084858242899,1009.5084858242899,3.648566830990603,P4_blending_pooling_RC06,2.0242270695142683,9.508485824289888,1.3675660007526582,False
P4_blending_pooling_RC06,engineering,0,38,SEHHO-COBL,24,5111320621785394234,15000,15000,1018.1648929911964,1018.1648929911964,1018.1648929911964,3.594545786996605,P4_blending_pooling_RC06,1.6653357592549294,18.1648929911964,9.285833275252603,False
P4_blending_pooling_RC06,engineering,0,38,SEHHO-COBL,25,1208457653781744080,15000,15000,1005.5129385847647,1005.5129385847647,1005.5129385847647,3.7258551539853215,P4_blending_pooling_RC06,2.2558770422320533,5.5129385847647345,0.5785069382912267,False
P4_blending_pooling_RC06,engineering,0,38,SEHHO-COBL,26,8909335095814955454,15000,15000,1016.2920667047383,1016.2920667047383,1016.2920667047383,3.7265666679886635,P4_blending_pooling_RC06,1.4997434768214282,16.292066704738303,5.9445398233778555,False
P4_blending_pooling_RC06,engineering,0,38,SEHHO-COBL,27,1174955649360766391,15000,15000,1020.7448494531455,1020.7448494531455,1020.7448494531455,3.678673960006563,P4_blending_pooling_RC06,2.2230724322203907,20.744849453145527,17.472139003679903,False
P4_blending_pooling_RC06,engineering,0,38,SEHHO-COBL,28,6517765108987004108,15000,15000,1025.2183201724029,1025.2183201724029,1025.2183201724029,3.4998516180203296,P4_blending_pooling_RC06,2.317451640362779,25.218320172402887,19.150971835004956,False
P4_blending_pooling_RC06,engineering,0,38,SEHHO-COBL,29,2059990977166041823,15000,15000,1027.5929760507956,1027.5929760507956,1027.5929760507956,3.507826756016584,P4_blending_pooling_RC06,1.8602286710802287,27.592976050795556,14.607654988689564,False
