tag,suite,func,dim,algo,run,seed,max_fes,fes_used,best_f,error,raw_error,seconds,problem,objective,total_violation,max_violation,feasible
P4_blending_pooling_RC06,engineering,0,0,LSHADE,0,588069505063312218,15000,15000,1021.9976584074984,1021.9976584074984,1021.9976584074984,0.09171533514745533,P4_blending_pooling_RC06,1.8280985934396305,21.9976584074984,3.580257198166716,False
P4_blending_pooling_RC06,engineering,0,0,LSHADE,1,5768784987077602545,15000,15000,1026.104887703006,1026.104887703006,1026.104887703006,0.09052372095175087,P4_blending_pooling_RC06,1.9060506482397845,26.104887703005986,18.721918421570386,False
P4_blending_pooling_RC06,engineering,0,0,LSHADE,2,2530080137216596057,15000,15000,1029.7715092243661,1029.7715092243661,1029.7715092243661,0.08998992014676332,P4_blending_pooling_RC06,1.7887918698049003,29.771509224366074,7.492849473999716,False
P4_blending_pooling_RC06,engineering,0,0,LSHADE,3,8439019761374079119,15000,15000,1031.8033820633905,1031.8033820633905,1031.8033820633905,0.088878917042166,P4_blending_pooling_RC06,1.765821787031354,31.803382063390494,11.197418533000391,False
P4_blending_pooling_RC06,engineering,0,0,LSHADE,4,1606497576438715809,15000,15000,1029.4324277338058,1029.4324277338058,1029.4324277338058,0.08837097301147878,P4_blending_pooling_RC06,2.0016288327499137,29.43242773380581,6.213703698132047,False
P4_blending_pooling_RC06,engineering,0,0,LSHADE,5,3428340935623906228,15000,15000,1031.1869571707607,1031.1869571707607,1031.1869571707607,0.09590709512121975,P4_blending_pooling_RC06,2.014229706857301,31.186957170760607,8.50821824305952,False
P4_blending_pooling_RC06,engineering,0,0,LSHADE,6,4100901560929559086,15000,15000,1014.7799593251398,1014.7799593251398,1014.7799593251398,0.0913715809583664,P4_blending_pooling_RC06,1.967153917712117,14.77995932513976,1.7353050058314243,False
P4_blending_pooling_RC06,engineering,0,0,LSHADE,7,1152047015780390184,15000,15000,1035.398689160536,1035.398689160536,1035.398689160536,0.09140623593702912,P4_blending_pooling_RC06,2.0496234003420093,35.398689160535916,11.001001876476831,False
P4_blending_pooling_RC06,engineering,0,0,LSHADE,8,4924595399715579264,15000,15000,1028.450743276277,1028.450743276277,1028.450743276277,0.10102886008098722,P4_blending_pooling_RC06,1.6275415949881655,28.450743276277112,14.954626710550269,False
P4_blending_pooling_RC06,engineering,0,0,LSHADE,9,6268658402116074709,15000,15000,1027.6805197651372,1027.6805197651372,1027.6805197651372,0.09442711994051933,P4_blending_pooling_RC06,2.0192207874845836,27.680519765137106,9.551650784273246,False
P4_blending_pooling_RC06,engineering,0,0,LSHADE,10,1652977282862749922,15000,15000,1029.4999313219419,1029.4999313219419,1029.4999313219419,0.10258070006966591,P4_blending_pooling_RC06,2.0410122196008778,29.499931321941876,17.7420466016067,False
P4_blending_pooling_RC06,engineering,0,0,LSHADE,11,4160978773383591229,15000,15000,1026.6415771053744,1026.6415771053744,1026.6415771053744,0.09388120705261827,P4_blending_pooling_RC06,1.7441463198176246,26.64157710537434,10.441665335930825,False
P4_blending_pooling_RC06,engineering,0,0,LSHADE,12,8669724721859669737,15000,15000,1031.4081789078962,1031.4081789078962,1031.4081789078962,0.08959487895481288,P4_blending_pooling_RC06,2.0048733428028434,31.4081789078962,18.639694805089576,False
P4_blending_pooling_RC06,engineering,0,0,LSHADE,13,8028769795730677590,15000,15000,1028.4831712939601,1028.4831712939601,1028.4831712939601,0.09170365310274065,P4_blending_pooling_RC06,1.7278310059273294,28.48317129396024,15.438748766150614,False
P4_blending_pooling_RC06,engineering,0,0,LSHADE,14,7870233692595732492,15000,15000,1028.3500964856962,1028.3500964856962,1028.3500964856962,0.09920159284956753,P4_blending_pooling_RC06,2.046261765762851,28.350096485696156,7.520466160210891,False
P4_blending_pooling_RC06,engineering,0,0,LSHADE,15,365198973720845064,15000,15000,1023.8816689543163,1023.8816689543163,1023.8816689543163,0.09860444394871593,P4_blending_pooling_RC06,1.9632674614885235,23.881668954316332,14.79472994592199,False
P4_blending_pooling_RC06,engineering,0,0,LSHADE,16,3049399977346368317,15000,15000,1032.152921296847,1032.152921296847,1032.152921296847,0.09089612797833979,P4_blending_pooling_RC06,1.9426045299637809,32.15292129684682,17.701449079103693,False
P4_blending_pooling_RC06,engineering,0,0,LSHADE,17,5695048521843086080,15000,15000,1027.7692310812988,1027.7692310812988,1027.7692310812988,0.12089678598567843,P4_blending_pooling_RC06,1.6968766587322688,27.769231081298813,4.756959535119048,False
P4_blending_pooling_RC06,engineering,0,0,LSHADE,18,4060413629951047344,15000,15000,1027.7754239989536,1027.7754239989536,1027.7754239989536,0.13676505303010345,P4_blending_pooling_RC06,1.497355399039463,27.77542399895352,15.573319277791665,False
P4_blending_pooling_RC06,engineering,0,0,LSHADE,19,3265706906548153867,15000,15000,1020.1136726687503,1020.1136726687503,1020.1136726687503,0.13711255392991006,P4_blending_pooling_RC06,1.2307516048950944,20.113672668750326,4.04996594382872,False
P4_blending_pooling_RC06,engineering,0,0,LSHADE,20,1653229796023196566,15000,15000,1022.6886581235192,1022.6886581235192,1022.6886581235192,0.13917313795536757,P4_blending_pooling_RC06,2.0245410959155326,22.688658123519133,12.450764780474731,False
P4_blending_pooling_RC06,engineering,0,0,LSHADE,21,257649693195648499,15000,15000,1029.9349898272542,1029.9349898272542,1029.9349898272542,0.13848669081926346,P4_blending_pooling_RC06,2.1014772490778117,29.934989827254228,16.51771739038504,False
P4_blending_pooling_RC06,engineering,0,0,LSHADE,22,383993257069650211,15000,15000,1033.1654986757574,1033.1654986757574,1033.1654986757574,0.13745968486182392,P4_blending_pooling_RC06,1.841452697552783,33.16549867575737,13.49354478232674,False
P4_blending_pooling_RC06,engineering,0,0,LSHADE,23,929825818021442564,15000,15000,1029.7751189960122,1029.7751189960122,1029.7751189960122,0.13792069884948432,P4_blending_pooling_RC06,1.841242517523301,29.775118996012324,12.79610147160847,False
P4_blending_pooling_RC06,engineering,0,0,LSHADE,24,3586436696345896951,15000,15000,1028.2306522898837,1028.2306522898837,1028.2306522898837,0.13873280282132328,P4_blending_pooling_RC06,2.050826156952996,28.230652289883558,15.990715862936785,False
P4_blending_pooling_RC06,engineering,0,0,LSHADE,25,3377771762937316908,15000,15000,1027.4148515777833,1027.4148515777833,1027.4148515777833,0.13812653510831296,P4_blending_pooling_RC06,2.2826512287658947,27.414851577783285,7.016497777373003,False
P4_blending_pooling_RC06,engineering,0,0,LSHADE,26,3723011400705047905,15000,15000,1025.369995541191,1025.369995541191,1025.369995541191,0.13863496901467443,P4_blending_pooling_RC06,1.6596973449524701,25.36999554119108,11.014708395949913,False
P4_blending_pooling_RC06,engineering,0,0,LSHADE,27,3961118750200371672,15000,15000,1031.2720466941853,1031.2720466941853,1031.2720466941853,0.13844966189935803,P4_blending_pooling_RC06,1.7597497127595085,31.272046694185203,13.532851261290016,False
P4_blending_pooling_RC06,engineering,0,0,LSHADE,28,633650701675009889,15000,15000,1027.073662121646,1027.073662121646,1027.073662121646,0.13840008899569511,P4_blending_pooling_RC06,2.0125863102111445,27.073662121645967,13.358199992378328,False
P4_blending_pooling_RC06,engineering,0,0,LSHADE,29,544560544041954721,15000,15000,1020.2461875797071,1020.2461875797071,1020.2461875797071,0.13894555112347007,P4_blending_pooling_RC06,1.9334493053221204,20.246187579707104,4.212134943019944,False
P4_blending_pooling_RC06,engineering,0,0,jSO,0,7682408772309155535,15000,15000,1022.63568319555,1022.63568319555,1022.63568319555,0.1467226049862802,P4_blending_pooling_RC06,2.1811364657529237,22.635683195549937,15.889699740817004,False
P4_blending_pooling_RC06,engineering,0,0,jSO,1,916799319180791912,15000,15000,1026.5285780206702,1026.5285780206702,1026.5285780206702,0.1021631769835949,P4_blending_pooling_RC06,2.132344499948455,26.528578020670324,15.434766588546527,False
P4_blending_pooling_RC06,engineering,0,0,jSO,2,8119607364645046600,15000,15000,1011.4879427225169,1011.4879427225169,1011.4879427225169,0.10298337391577661,P4_blending_pooling_RC06,2.2354732289358403,11.487942722516886,2.755168083619924,False
P4_blending_pooling_RC06,engineering,0,0,jSO,3,498986992524419644,15000,15000,1026.061403550022,1026.061403550022,1026.061403550022,0.10700501594692469,P4_blending_pooling_RC06,2.032250701366771,26.06140355002217,15.951819708762262,False
P4_blending_pooling_RC06,engineering,0,0,jSO,4,2417265825894549012,15000,15000,1011.8906374892248,1011.8906374892248,1011.8906374892248,0.10584264597855508,P4_blending_pooling_RC06,2.31142570462851,11.890637489224776,3.1420601972380795,False
P4_blending_pooling_RC06,engineering,0,0,jSO,5,5480610913673335400,15000,15000,1009.7208247599181,1009.7208247599181,1009.7208247599181,0.10419411491602659,P4_blending_pooling_RC06,2.144649802317622,9.72082475991807,1.1607969724576994,False
P4_blending_pooling_RC06,engineering,0,0,jSO,6,4783832578882010506,15000,15000,1026.311170210545,1026.311170210545,1026.311170210545,0.10660813190042973,P4_blending_pooling_RC06,2.146124098406083,26.311170210544976,13.746295641297063,False
P4_blending_pooling_RC06,engineering,0,0,jSO,7,898009485400416419,15000,15000,1019.6282933884206,1019.6282933884206,1019.6282933884206,0.15059350291267037,P4_blending_pooling_RC06,2.106921022536315,19.6282933884206,11.681892703691947,False
P4_blending_pooling_RC06,engineering,0,0,jSO,8,6111760223974139099,15000,15000,1018.6152535649372,1018.6152535649372,1018.6152535649372,0.1584860438015312,P4_blending_pooling_RC06,2.055349301764058,18.61525356493722,4.480882695688392,False
P4_blending_pooling_RC06,engineering,0,0,jSO,9,8333336294513618501,15000,15000,1010.4145899523577,1010.4145899523577,1010.4145899523577,0.15795568912290037,P4_blending_pooling_RC06,2.0785674005538493,10.414589952357648,1.2530249619524623,False
P4_blending_pooling_RC06,engineering,0,0,jSO,10,6598665860340136930,15000,15000,1024.9497456977558,1024.9497456977558,1024.9497456977558,0.16026488901115954,P4_blending_pooling_RC06,2.206580580213509,24.949745697755827,17.820503380434662,False
P4_blending_pooling_RC06,engineering,0,0,jSO,11,2557074832253767256,15000,15000,1024.185649629948,1024.185649629948,1024.185649629948,0.160386678064242,P4_blending_pooling_RC06,2.1777698900854325,24.185649629948106,15.945895639131574,False
P4_blending_pooling_RC06,engineering,0,0,jSO,12,905349999546823009,15000,15000,1020.061684471088,1020.061684471088,1020.061684471088,0.15415678592398763,P4_blending_pooling_RC06,1.9851857898932574,20.06168447108799,7.5776826520562075,False
P4_blending_pooling_RC06,engineering,0,0,jSO,13,6248384505061517906,15000,15000,1025.5490466467054,1025.5490466467054,1025.5490466467054,0.09998749708756804,P4_blending_pooling_RC06,2.17875796957455,25.549046646705314,15.176278771283076,False
P4_blending_pooling_RC06,engineering,0,0,jSO,14,1852191825754473071,15000,15000,1019.4378115942541,1019.4378115942541,1019.4378115942541,0.10180016583763063,P4_blending_pooling_RC06,2.0116715363788655,19.437811594254104,13.913594727511683,False
P4_blending_pooling_RC06,engineering,0,0,jSO,15,3993668122549850525,15000,15000,1020.1145321804136,1020.1145321804136,1020.1145321804136,0.10471340897493064,P4_blending_pooling_RC06,2.0522932962414453,20.11453218041352,8.179110664529897,False
P4_blending_pooling_RC06,engineering,0,0,jSO,16,4321036174254403308,15000,15000,1020.7746268451303,1020.7746268451303,1020.7746268451303,0.10714559000916779,P4_blending_pooling_RC06,2.2110024482163286,20.774626845130296,13.75314408902884,False
P4_blending_pooling_RC06,engineering,0,0,jSO,17,2096789963164098641,15000,15000,1014.3534167710483,1014.3534167710483,1014.3534167710483,0.10554791381582618,P4_blending_pooling_RC06,2.3126203335419646,14.353416771048309,3.3658899640684257,False
P4_blending_pooling_RC06,engineering,0,0,jSO,18,1419501983928321159,15000,15000,1020.1545568599443,1020.1545568599443,1020.1545568599443,0.10377814597450197,P4_blending_pooling_RC06,2.3592140945260462,20.1545568599442,6.717687807718036,False
P4_blending_pooling_RC06,engineering,0,0,jSO,19,86370984047188376,15000,15000,1022.3033260762661,1022.3033260762661,1022.3033260762661,0.10715407598763704,P4_blending_pooling_RC06,2.1351181708494993,22.303326076266067,14.979209967632944,False
P4_blending_pooling_RC06,engineering,0,0,jSO,20,7663128071609798458,15000,15000,1021.3855923625043,1021.3855923625043,1021.3855923625043,0.1045797890983522,P4_blending_pooling_RC06,2.101462526559401,21.38559236250435,13.8572739971228,False
P4_blending_pooling_RC06,engineering,0,0,jSO,21,7835608083182869359,15000,15000,1015.1284058937276,1015.1284058937276,1015.1284058937276,0.10189037583768368,P4_blending_pooling_RC06,2.176804628928742,15.12840589372768,3.319459262273202,False
P4_blending_pooling_RC06,engineering,0,0,jSO,22,5380628593063326276,15000,15000,1020.820483545875,1020.820483545875,1020.820483545875,0.10416678409092128,P4_blending_pooling_RC06,2.2591817182805323,20.820483545875092,12.882109979242625,False
P4_blending_pooling_RC06,engineering,0,0,jSO,23,8924079916317583296,15000,15000,1018.5476730396629,1018.5476730396629,1018.5476730396629,0.10465922695584595,P4_blending_pooling_RC06,2.0612722082158568,18.547673039662918,5.192283845016934,False
P4_blending_pooling_RC06,engineering,0,0,jSO,24,1299363296687547892,15000,15000,1012.6704562085516,1012.6704562085516,1012.6704562085516,0.10359117505140603,P4_blending_pooling_RC06,2.3298849272963955,12.670456208551581,1.9402633934955842,False
P4_blending_pooling_RC06,engineering,0,0,jSO,25,2317536155608636317,15000,15000,1014.6793210202574,1014.6793210202574,1014.6793210202574,0.10434885486029088,P4_blending_pooling_RC06,2.082326977243233,14.679321020257376,8.420130906355983,False
P4_blending_pooling_RC06,engineering,0,0,jSO,26,17322005265849281,15000,15000,1016.9078032005431,1016.9078032005431,1016.9078032005431,0.10922505985945463,P4_blending_pooling_RC06,2.220018164140274,16.907803200543118,3.7953003339166496,False
P4_blending_pooling_RC06,engineering,0,0,jSO,27,7923867611158502293,15000,15000,1015.8609772644174,1015.8609772644174,1015.8609772644174,0.1028167330659926,P4_blending_pooling_RC06,1.8306519908835917,15.860977264417436,3.2909422810532116,False
P4_blending_pooling_RC06,engineering,0,0,jSO,28,9032845254119077918,15000,15000,1018.5946415699412,1018.5946415699412,1018.5946415699412,0.10480822692625225,P4_blending_pooling_RC06,2.2068520838530485,18.59464156994127,11.237896205032076,False
P4_blending_pooling_RC06,engineering,0,0,jSO,29,1817830753110560701,15000,15000,1011.2664299548491,1011.2664299548491,1011.2664299548491,0.10453168791718781,P4_blending_pooling_RC06,2.0596101661602706,11.26642995484908,1.8721250427035094,False
P3_heat_exchanger_RC01,engineering,0,0,jSO,0,59979631815357118,15000,15000,100000.02785845903,100000.02785845903,100000.02785845903,0.2043248109985143,P3_heat_exchanger_RC01,468.1214074801692,0.027858459024119042,0.017770557786750397,False
P3_heat_exchanger_RC01,engineering,0,0,jSO,1,8329546062388403226,15000,15000,100000.0090605107,100000.0090605107,100000.0090605107,0.1735847070813179,P3_heat_exchanger_RC01,517.0663460231714,0.009060510701500869,0.00849435345938664,False
P3_heat_exchanger_RC01,engineering,0,0,jSO,2,6005382722558822268,15000,15000,100000.01519376985,100000.01519376985,100000.01519376985,0.16841497202403843,P3_heat_exchanger_RC01,389.4736018847031,0.0151937698527031,0.014952585031753552,False
P3_heat_exchanger_RC01,engineering,0,0,jSO,3,8107656593933196533,15000,15000,100000.00380179578,100000.00380179578,100000.00380179578,0.1716354819945991,P3_heat_exchanger_RC01,360.77458366867427,0.003801795789599438,0.001593741320934805,False
P3_heat_exchanger_RC01,engineering,0,0,jSO,4,449301378841585055,15000,15000,100000.05655978437,100000.05655978437,100000.05655978437,0.1760225580073893,P3_heat_exchanger_RC01,366.0736022710856,0.056559784368916656,0.024858466179668904,False
P3_heat_exchanger_RC01,engineering,0,0,jSO,5,7199893990616869250,15000,15000,100000.02156641116,100000.02156641116,100000.02156641116,0.16667633200995624,P3_heat_exchanger_RC01,540.0438968094797,0.021566411156451228,0.018939503999522368,False
P3_heat_exchanger_RC01,engineering,0,0,jSO,6,41656651329851326,15000,15000,100000.00666109081,100000.00666109081,100000.00666109081,0.16715768398717046,P3_heat_exchanger_RC01,431.13792119041125,0.00666109081041717,0.0059687187024086595,False
P3_heat_exchanger_RC01,engineering,0,0,jSO,7,4291436308390053606,15000,15000,100000.02074839412,100000.02074839412,100000.02074839412,0.17189207184128463,P3_heat_exchanger_RC01,387.2268091056942,0.020748394112195024,0.010541323795596236,False
P3_heat_exchanger_RC01,engineering,0,0,jSO,8,5650465288730138044,15000,15000,100000.02852866707,100000.02852866707,100000.02852866707,0.1692290180362761,P3_heat_exchanger_RC01,515.7357683560281,0.028528667066260054,0.014667993263490098,False
P3_heat_exchanger_RC01,engineering,0,0,jSO,9,1095569030306626810,15000,15000,100000.00194276027,100000.00194276027,100000.00194276027,0.1701852020341903,P3_heat_exchanger_RC01,337.95137065930135,0.0019427602628083076,0.0005410512141883373,False
P3_heat_exchanger_RC01,engineering,0,0,jSO,10,5772156155474686787,15000,15000,100000.00195090826,100000.00195090826,100000.00195090826,0.17560305097140372,P3_heat_exchanger_RC01,397.459460585849,0.0019509082638497603,0.0008878904269751132,False
P3_heat_exchanger_RC01,engineering,0,0,jSO,11,4021576256458428156,15000,15000,100000.1309663016,100000.1309663016,100000.1309663016,0.17025275900959969,P3_heat_exchanger_RC01,549.2250728604882,0.13096630159796735,0.12800933314072016,False
P3_heat_exchanger_RC01,engineering,0,0,jSO,12,1763972938578680552,15000,15000,100000.01678174637,100000.01678174637,100000.01678174637,0.17019724496640265,P3_heat_exchanger_RC01,560.314335765139,0.016781746360067164,0.005731952206790447,False
P3_heat_exchanger_RC01,engineering,0,0,jSO,13,2342167391020099910,15000,15000,100000.6102177722,100000.6102177722,100000.6102177722,0.17651919997297227,P3_heat_exchanger_RC01,423.99983934294164,0.6102177722013471,0.26461039280295373,False
P3_heat_exchanger_RC01,engineering,0,0,jSO,14,5747776992224439949,15000,15000,100000.02233966831,100000.02233966831,100000.02233966831,0.16826638393104076,P3_heat_exchanger_RC01,459.27616963870264,0.02233966831083717,0.015117340430410787,False
P3_heat_exchanger_RC01,engineering,0,0,jSO,15,7447569512199466903,15000,15000,100001.00221440945,100001.00221440945,100001.00221440945,0.22001905110664666,P3_heat_exchanger_RC01,383.1557342498768,1.002214409450277,0.38112482830658556,False
P3_heat_exchanger_RC01,engineering,0,0,jSO,16,254636415986254190,15000,15000,100000.02426378102,100000.02426378102,100000.02426378102,0.19636788009665906,P3_heat_exchanger_RC01,570.1118437213127,0.02426378102070953,0.01838706101350217,False
P3_heat_exchanger_RC01,engineering,0,0,jSO,17,7636970849067938586,15000,15000,100000.30853246989,100000.30853246989,100000.30853246989,0.16721423109993339,P3_heat_exchanger_RC01,349.86787606163483,0.30853246988810146,0.12214246214815082,False
P3_heat_exchanger_RC01,engineering,0,0,jSO,18,8926322094638951420,15000,15000,100000.02234593897,100000.02234593897,100000.02234593897,0.1669536018744111,P3_heat_exchanger_RC01,550.9977160772055,0.022345938973617308,0.019652760864435005,False
P3_heat_exchanger_RC01,engineering,0,0,jSO,19,8667537694258914028,15000,15000,100000.00038437881,100000.00038437881,100000.00038437881,0.174551340052858,P3_heat_exchanger_RC01,295.9926183095067,0.0003843788104540007,0.00014875672534108163,False
P3_heat_exchanger_RC01,engineering,0,0,jSO,20,8506335685857429559,15000,15000,100000.8245226238,100000.8245226238,100000.8245226238,0.1675199039746076,P3_heat_exchanger_RC01,603.6894769497148,0.8245226238062549,0.7537755091372877,False
P3_heat_exchanger_RC01,engineering,0,0,jSO,21,6951646588384568011,15000,15000,100000.02110254482,100000.02110254482,100000.02110254482,0.17159823095425963,P3_heat_exchanger_RC01,595.0521381699738,0.021102544820211733,0.011544998099654914,False
P3_heat_exchanger_RC01,engineering,0,0,jSO,22,8512164186032600582,15000,15000,100000.00117336874,100000.00117336874,100000.00117336874,0.1740197620820254,P3_heat_exchanger_RC01,432.0576947271164,0.0011733687477978876,0.0006076796595697487,False
P3_heat_exchanger_RC01,engineering,0,0,jSO,23,4914973988142371079,15000,15000,100000.08500458629,100000.08500458629,100000.08500458629,0.16990810283459723,P3_heat_exchanger_RC01,541.8799692541306,0.08500458629287713,0.04910202051289379,False
P3_heat_exchanger_RC01,engineering,0,0,jSO,24,494207932544292953,15000,15000,100000.01446342263,100000.01446342263,100000.01446342263,0.17041311995126307,P3_heat_exchanger_RC01,435.2128109683887,0.014463422630948743,0.011466721750796206,False
P3_heat_exchanger_RC01,engineering,0,0,jSO,25,2204470820754821430,15000,15000,100000.06034635779,100000.06034635779,100000.06034635779,0.17566423607058823,P3_heat_exchanger_RC01,389.10944805627673,0.06034635778555689,0.03659651428913667,False
P3_heat_exchanger_RC01,engineering,0,0,jSO,26,4993652944289256363,15000,15000,100000.12951488621,100000.12951488621,100000.12951488621,0.17340376693755388,P3_heat_exchanger_RC01,479.80761251312174,0.1295148862106236,0.07622660034219896,False
P3_heat_exchanger_RC01,engineering,0,0,jSO,27,3198643517549186520,15000,15000,100000.07169908224,100000.07169908224,100000.07169908224,0.18373178411275148,P3_heat_exchanger_RC01,327.675245149476,0.07169908223672289,0.06201823213772671,False
P3_heat_exchanger_RC01,engineering,0,0,jSO,28,7773673259999274930,15000,15000,100000.13082098716,100000.13082098716,100000.13082098716,0.17583311279304326,P3_heat_exchanger_RC01,326.6444105428313,0.13082098715725202,0.09006733686439693,False
P3_heat_exchanger_RC01,engineering,0,0,jSO,29,4668772452056167918,15000,15000,100000.00762282402,100000.00762282402,100000.00762282402,0.17546630487777293,P3_heat_exchanger_RC01,485.07539173081176,0.007622824025950114,0.0042643693318813345,False
P3_heat_exchanger_RC01,engineering,0,0,LSHADE,0,758344033173330914,15000,15000,100172.85495207827,100172.85495207827,100172.85495207827,0.27047752984799445,P3_heat_exchanger_RC01,528.7825091591427,172.85495207827435,92.5486608667463,False
P3_heat_exchanger_RC01,engineering,0,0,LSHADE,1,2024377592913379063,15000,15000,100115.73511629268,100115.73511629268,100115.73511629268,0.25674623204395175,P3_heat_exchanger_RC01,699.3310481774442,115.73511629267466,60.41420950389893,False
P3_heat_exchanger_RC01,engineering,0,0,LSHADE,2,2028334754815062677,15000,15000,100114.61457238809,100114.61457238809,100114.61457238809,0.2597817841451615,P3_heat_exchanger_RC01,444.9942126356715,114.61457238808427,40.1204977420219,False
P3_heat_exchanger_RC01,engineering,0,0,LSHADE,3,344431716387722272,15000,15000,100243.44875317083,100243.44875317083,100243.44875317083,0.25756862317211926,P3_heat_exchanger_RC01,788.982740496114,243.44875317082364,177.18358349038064,False
P3_heat_exchanger_RC01,engineering,0,0,LSHADE,4,2199130576770225432,15000,15000,100000.12512111648,100000.12512111648,100000.12512111648,0.25960746710188687,P3_heat_exchanger_RC01,657.5195614733616,0.12512111647129742,0.05443045984897682,False
P3_heat_exchanger_RC01,engineering,0,0,LSHADE,5,5249094720517590321,15000,15000,100000.02344948077,100000.02344948077,100000.02344948077,0.26182452379725873,P3_heat_exchanger_RC01,203.31451346622427,0.02344948076272385,0.01718493129536446,False
P3_heat_exchanger_RC01,engineering,0,0,LSHADE,6,4950199521657049471,15000,15000,100000.31511340494,100000.31511340494,100000.31511340494,0.2625496538821608,P3_heat_exchanger_RC01,339.4931100818941,0.3151134049469794,0.2935100480146706,False
P3_heat_exchanger_RC01,engineering,0,0,LSHADE,7,2967878596244234765,15000,15000,100000.02246741598,100000.02246741598,100000.02246741598,0.2620073070283979,P3_heat_exchanger_RC01,312.45496480003743,0.022467415982818796,0.004959998482465744,False
P3_heat_exchanger_RC01,engineering,0,0,LSHADE,8,2377809096495033233,15000,15000,100000.86566109686,100000.86566109686,100000.86566109686,0.26229155994951725,P3_heat_exchanger_RC01,410.63927224337687,0.8656610968567535,0.5801970320950098,False
P3_heat_exchanger_RC01,engineering,0,0,LSHADE,9,5889263795023838026,15000,15000,100335.57377900644,100335.57377900644,100335.57377900644,0.26076981611549854,P3_heat_exchanger_RC01,252.49428491868895,335.57377900644167,193.57211813267097,False
P3_heat_exchanger_RC01,engineering,0,0,LSHADE,10,7881690903017551603,15000,15000,100003.12816845751,100003.12816845751,100003.12816845751,0.2647746461443603,P3_heat_exchanger_RC01,367.98956617708143,3.128168457504694,1.025965594283864,False
P3_heat_exchanger_RC01,engineering,0,0,LSHADE,11,4742743224345994034,15000,15000,100047.98419537404,100047.98419537404,100047.98419537404,0.25826508016325533,P3_heat_exchanger_RC01,389.3137418212454,47.984195374032765,25.7625435814891,False
P3_heat_exchanger_RC01,engineering,0,0,LSHADE,12,5275641470900244364,15000,15000,100003.13365888063,100003.13365888063,100003.13365888063,0.2640493360813707,P3_heat_exchanger_RC01,511.92332343847335,3.133658880635503,1.706574188865506,False
P3_heat_exchanger_RC01,engineering,0,0,LSHADE,13,8677625969555544041,15000,15000,100000.52937020066,100000.52937020066,100000.52937020066,0.2611213361378759,P3_heat_exchanger_RC01,264.4037314602476,0.5293702006635608,0.24941139458698358,False
P3_heat_exchanger_RC01,engineering,0,0,LSHADE,14,2984987569613658235,15000,15000,100000.01002121226,100000.01002121226,100000.01002121226,0.2614947259426117,P3_heat_exchanger_RC01,626.4162426329995,0.010021212257312607,0.006106217281089721,False
P3_heat_exchanger_RC01,engineering,0,0,LSHADE,15,1339047902821520867,15000,15000,100245.17947353522,100245.17947353522,100245.17947353522,0.2627097440417856,P3_heat_exchanger_RC01,469.4688896331381,245.17947353521305,224.04478566308282,False
P3_heat_exchanger_RC01,engineering,0,0,LSHADE,16,1545068445983114176,15000,15000,100000.64273435161,100000.64273435161,100000.64273435161,0.26235393714159727,P3_heat_exchanger_RC01,681.6758680295981,0.6427343516159657,0.19947339184670188,False
P3_heat_exchanger_RC01,engineering,0,0,LSHADE,17,4200237489277082384,15000,15000,100000.01075418385,100000.01075418385,100000.01075418385,0.26303969300352037,P3_heat_exchanger_RC01,253.64828818397675,0.010754183852514632,0.003914201229438185,False
P3_heat_exchanger_RC01,engineering,0,0,LSHADE,18,3193595504611545249,15000,15000,100000.41084341088,100000.41084341088,100000.41084341088,0.26327757886610925,P3_heat_exchanger_RC01,264.2689335859498,0.4108434108830556,0.23344749001170206,False
P3_heat_exchanger_RC01,engineering,0,0,LSHADE,19,7405180775555706377,15000,15000,101277.60569330849,101277.60569330849,101277.60569330849,0.25818330608308315,P3_heat_exchanger_RC01,621.4357681377951,1277.6056933084944,719.4002880443052,False
P3_heat_exchanger_RC01,engineering,0,0,LSHADE,20,2778780891593208149,15000,15000,100022.3820382105,100022.3820382105,100022.3820382105,0.2611561710946262,P3_heat_exchanger_RC01,274.7879823631491,22.382038210499232,9.782430227908865,False
P3_heat_exchanger_RC01,engineering,0,0,LSHADE,21,149183582212585886,15000,15000,100000.09198595457,100000.09198595457,100000.09198595457,0.264427486108616,P3_heat_exchanger_RC01,365.67232498394196,0.0919859545635776,0.07933248278952033,False
P3_heat_exchanger_RC01,engineering,0,0,LSHADE,22,2767889060073466466,15000,15000,100000.23586157976,100000.23586157976,100000.23586157976,0.2615487170405686,P3_heat_exchanger_RC01,841.3508620228686,0.23586157975679192,0.12336110888756811,False
P3_heat_exchanger_RC01,engineering,0,0,LSHADE,23,4106764447085766202,15000,15000,100017.97751496897,100017.97751496897,100017.97751496897,0.25943695683963597,P3_heat_exchanger_RC01,248.9500344294495,17.977514968966815,8.752519321458042,False
P3_heat_exchanger_RC01,engineering,0,0,LSHADE,24,4025760829408873942,15000,15000,100017.22237502589,100017.22237502589,100017.22237502589,0.2588093599770218,P3_heat_exchanger_RC01,356.44813598717906,17.22237502588531,16.367346801887408,False
P3_heat_exchanger_RC01,engineering,0,0,LSHADE,25,4112106078096902345,15000,15000,100014.13447773315,100014.13447773315,100014.13447773315,0.2599350609816611,P3_heat_exchanger_RC01,618.5418907633707,14.134477733159361,8.841697402528247,False
P3_heat_exchanger_RC01,engineering,0,0,LSHADE,26,1281302931155043022,15000,15000,100000.04014305114,100000.04014305114,100000.04014305114,0.26091338600963354,P3_heat_exchanger_RC01,383.97708103508813,0.040143051137770204,0.01949195152664961,False
P3_heat_exchanger_RC01,engineering,0,0,LSHADE,27,7173553469296069587,15000,15000,100001.69338643862,100001.69338643862,100001.69338643862,0.2624072670005262,P3_heat_exchanger_RC01,629.8347965789533,1.6933864386186779,1.3270122404980753,False
P3_heat_exchanger_RC01,engineering,0,0,LSHADE,28,3721630445944556306,15000,15000,100034.60336367766,100034.60336367766,100034.60336367766,0.2660653160419315,P3_heat_exchanger_RC01,686.8324056641437,34.60336367765951,16.078071664150432,False
P3_heat_exchanger_RC01,engineering,0,0,LSHADE,29,2960850505049536675,15000,15000,100000.51201080422,100000.51201080422,100000.51201080422,0.2669112430885434,P3_heat_exchanger_RC01,266.7021472273328,0.5120108042139526,0.24977490972760896,False
P4_blending_pooling_RC06,engineering,0,0,LSHADE,0,588069505063312218,50000,50000,1003.5579204096655,1003.5579204096655,1003.5579204096655,0.47519719204865396,P4_blending_pooling_RC06,2.0106388849866,3.5579204096654538,0.9833156824938628,False
P4_blending_pooling_RC06,engineering,0,0,LSHADE,1,5768784987077602545,50000,50000,1003.1474359998399,1003.1474359998399,1003.1474359998399,0.45716184191405773,P4_blending_pooling_RC06,1.9639068547568546,3.1474359998398587,0.8062273223163555,False
P4_blending_pooling_RC06,engineering,0,0,LSHADE,2,2530080137216596057,50000,50000,1003.2784992945458,1003.2784992945458,1003.2784992945458,0.47385982400737703,P4_blending_pooling_RC06,1.9900648838300756,3.2784992945457336,0.9349697358804667,False
P4_blending_pooling_RC06,engineering,0,0,LSHADE,3,8439019761374079119,50000,50000,1003.1553010146519,1003.1553010146519,1003.1553010146519,0.46027170307934284,P4_blending_pooling_RC06,1.901020058604864,3.155301014651905,0.8298450489915823,False
P4_blending_pooling_RC06,engineering,0,0,LSHADE,4,1606497576438715809,50000,50000,1003.8113171527286,1003.8113171527286,1003.8113171527286,0.4628100129775703,P4_blending_pooling_RC06,1.8374495070831292,3.8113171527286354,0.968257069074,False
P4_blending_pooling_RC06,engineering,0,0,LSHADE,5,3428340935623906228,50000,50000,1003.958965628727,1003.958965628727,1003.958965628727,0.45775178796611726,P4_blending_pooling_RC06,1.7888319206715035,3.9589656287269945,1.0829502922053533,False
P4_blending_pooling_RC06,engineering,0,0,LSHADE,6,4100901560929559086,50000,50000,1002.9684540673462,1002.9684540673462,1002.9684540673462,0.4613712450955063,P4_blending_pooling_RC06,2.126699373506567,2.9684540673462014,0.6561887659917904,False
P4_blending_pooling_RC06,engineering,0,0,LSHADE,7,1152047015780390184,50000,50000,1002.6367424120095,1002.6367424120095,1002.6367424120095,0.45694988407194614,P4_blending_pooling_RC06,2.1052364044414533,2.636742412009491,0.6305030569934768,False
P4_blending_pooling_RC06,engineering,0,0,LSHADE,8,4924595399715579264,50000,50000,1003.4718501562543,1003.4718501562543,1003.4718501562543,0.4535323358140886,P4_blending_pooling_RC06,1.7571902314260894,3.4718501562542534,0.8077300193225689,False
P4_blending_pooling_RC06,engineering,0,0,LSHADE,9,6268658402116074709,50000,50000,1003.0976798592347,1003.0976798592347,1003.0976798592347,0.4556491649709642,P4_blending_pooling_RC06,1.8948102099780784,3.0976798592346975,0.624297524692106,False
P4_blending_pooling_RC06,engineering,0,0,LSHADE,10,1652977282862749922,50000,50000,1003.1501473436392,1003.1501473436392,1003.1501473436392,0.45823746803216636,P4_blending_pooling_RC06,2.378675351483743,3.150147343639255,0.7564531808193141,False
P4_blending_pooling_RC06,engineering,0,0,LSHADE,11,4160978773383591229,50000,50000,1004.7683535381517,1004.7683535381517,1004.7683535381517,0.4564417311921716,P4_blending_pooling_RC06,1.8607261809580797,4.7683535381517315,0.8633953327964156,False
P4_blending_pooling_RC06,engineering,0,0,LSHADE,12,8669724721859669737,50000,50000,1002.5446562335686,1002.5446562335686,1002.5446562335686,0.4586129530798644,P4_blending_pooling_RC06,2.0575803473868035,2.544656233568595,0.6749084488395054,False
P4_blending_pooling_RC06,engineering,0,0,LSHADE,13,8028769795730677590,50000,50000,1003.1769336151239,1003.1769336151239,1003.1769336151239,0.35405866196379066,P4_blending_pooling_RC06,1.947756848851796,3.176933615123914,0.6865842626867048,False
P4_blending_pooling_RC06,engineering,0,0,LSHADE,14,7870233692595732492,50000,50000,1003.5891102026324,1003.5891102026324,1003.5891102026324,0.40958826104179025,P4_blending_pooling_RC06,2.0124869819292557,3.5891102026323343,1.1766119622646871,False
P4_blending_pooling_RC06,engineering,0,0,LSHADE,15,365198973720845064,50000,50000,1004.3503573049522,1004.3503573049522,1004.3503573049522,0.4563482659868896,P4_blending_pooling_RC06,1.9280101086227353,4.350357304952244,1.1180250512370205,False
P4_blending_pooling_RC06,engineering,0,0,LSHADE,16,3049399977346368317,50000,50000,1003.3347687348553,1003.3347687348553,1003.3347687348553,0.4576174661051482,P4_blending_pooling_RC06,2.0181414100672597,3.334768734855322,0.7643998460992061,False
P4_blending_pooling_RC06,engineering,0,0,LSHADE,17,5695048521843086080,50000,50000,1003.9182318974027,1003.9182318974027,1003.9182318974027,0.4514900951180607,P4_blending_pooling_RC06,1.279599450780344,3.918231897402713,0.9501204558353296,False
P4_blending_pooling_RC06,engineering,0,0,LSHADE,18,4060413629951047344,50000,50000,1003.6465166490581,1003.6465166490581,1003.6465166490581,0.45447193714790046,P4_blending_pooling_RC06,1.929300902062042,3.6465166490580203,0.7442621457487149,False
P4_blending_pooling_RC06,engineering,0,0,LSHADE,19,3265706906548153867,50000,50000,1004.7878570366463,1004.7878570366463,1004.7878570366463,0.4517004410736263,P4_blending_pooling_RC06,1.4978422307224006,4.787857036646325,1.3600744997820862,False
P4_blending_pooling_RC06,engineering,0,0,LSHADE,20,1653229796023196566,50000,50000,1004.4784591527988,1004.4784591527988,1004.4784591527988,0.4535873180720955,P4_blending_pooling_RC06,1.8423019522343014,4.478459152798836,0.8453281541956464,False
P4_blending_pooling_RC06,engineering,0,0,LSHADE,21,257649693195648499,50000,50000,1002.2533398518026,1002.2533398518026,1002.2533398518026,0.4554077221546322,P4_blending_pooling_RC06,2.0541905362080444,2.2533398518025836,0.519918357234499,False
P4_blending_pooling_RC06,engineering,0,0,LSHADE,22,383993257069650211,50000,50000,1003.7646258717846,1003.7646258717846,1003.7646258717846,0.4563114868942648,P4_blending_pooling_RC06,1.7536410286347253,3.7646258717845353,0.9103505028609173,False
P4_blending_pooling_RC06,engineering,0,0,LSHADE,23,929825818021442564,50000,50000,1002.1607038744995,1002.1607038744995,1002.1607038744995,0.4603364849463105,P4_blending_pooling_RC06,2.0795558785054,2.1607038744995,0.5963131757913194,False
P4_blending_pooling_RC06,engineering,0,0,LSHADE,24,3586436696345896951,50000,50000,1003.2415320081924,1003.2415320081924,1003.2415320081924,0.4716785429045558,P4_blending_pooling_RC06,1.967911380600761,3.2415320081923733,1.031658551171444,False
P4_blending_pooling_RC06,engineering,0,0,LSHADE,25,3377771762937316908,50000,50000,1002.3953553684994,1002.3953553684994,1002.3953553684994,0.46077029895968735,P4_blending_pooling_RC06,1.9226984862072096,2.3953553684994087,0.4685878353456311,False
P4_blending_pooling_RC06,engineering,0,0,LSHADE,26,3723011400705047905,50000,50000,1003.1995433874322,1003.1995433874322,1003.1995433874322,0.4604279058985412,P4_blending_pooling_RC06,1.9680010184390748,3.199543387432171,0.8618654163329087,False
P4_blending_pooling_RC06,engineering,0,0,LSHADE,27,3961118750200371672,50000,50000,1002.9985551130734,1002.9985551130734,1002.9985551130734,0.4614904480986297,P4_blending_pooling_RC06,2.083297791556337,2.9985551130733374,0.6515408043574313,False
P4_blending_pooling_RC06,engineering,0,0,LSHADE,28,633650701675009889,50000,50000,1004.1853303644917,1004.1853303644917,1004.1853303644917,0.4607189220841974,P4_blending_pooling_RC06,1.8896084735626957,4.1853303644917865,0.9885154565060382,False
P4_blending_pooling_RC06,engineering,0,0,LSHADE,29,544560544041954721,50000,50000,1003.4992011779544,1003.4992011779544,1003.4992011779544,0.461396262049675,P4_blending_pooling_RC06,1.7628214219570177,3.4992011779544843,0.766600250325105,False
P4_blending_pooling_RC06,engineering,0,0,jSO,0,7682408772309155535,50000,50000,1003.0927532790694,1003.0927532790694,1003.0927532790694,0.5255548029672354,P4_blending_pooling_RC06,2.0884624880448133,3.0927532790694086,0.616077797599252,False
P4_blending_pooling_RC06,engineering,0,0,jSO,1,916799319180791912,50000,50000,1003.7649109743874,1003.7649109743874,1003.7649109743874,0.5300199349876493,P4_blending_pooling_RC06,2.1515495452456643,3.7649109743873916,0.7187505097903657,False
P4_blending_pooling_RC06,engineering,0,0,jSO,2,8119607364645046600,50000,50000,1003.4062343879032,1003.4062343879032,1003.4062343879032,0.5369351929984987,P4_blending_pooling_RC06,2.083152784825336,3.40623438790319,0.8883222631509061,False
P4_blending_pooling_RC06,engineering,0,0,jSO,3,498986992524419644,50000,50000,1003.2191096803634,1003.2191096803634,1003.2191096803634,0.5317874487955123,P4_blending_pooling_RC06,2.1375680023627455,3.2191096803634673,0.8340473883756305,False
P4_blending_pooling_RC06,engineering,0,0,jSO,4,2417265825894549012,50000,50000,1003.1081092389933,1003.1081092389933,1003.1081092389933,0.5358673399314284,P4_blending_pooling_RC06,1.8663300913298366,3.1081092389933302,0.6840225835251998,False
P4_blending_pooling_RC06,engineering,0,0,jSO,5,5480610913673335400,50000,50000,1003.7077297332863,1003.7077297332863,1003.7077297332863,0.5350464209914207,P4_blending_pooling_RC06,1.977165050628168,3.707729733286372,0.8100386196557536,False
P4_blending_pooling_RC06,engineering,0,0,jSO,6,4783832578882010506,50000,50000,1003.2204245053846,1003.2204245053846,1003.2204245053846,0.5341200039256364,P4_blending_pooling_RC06,2.2154410455040736,3.220424505384578,0.7732469843624814,False
P4_blending_pooling_RC06,engineering,0,0,jSO,7,898009485400416419,50000,50000,1003.183752155397,1003.183752155397,1003.183752155397,0.5396982540842146,P4_blending_pooling_RC06,2.1228198243585297,3.1837521553969994,0.7025922412948507,False
P4_blending_pooling_RC06,engineering,0,0,jSO,8,6111760223974139099,50000,50000,1004.1624950412223,1004.1624950412223,1004.1624950412223,0.5360344138462096,P4_blending_pooling_RC06,2.427263321227528,4.1624950412223685,0.7892833299234656,False
P4_blending_pooling_RC06,engineering,0,0,jSO,9,8333336294513618501,50000,50000,1003.0661182437519,1003.0661182437519,1003.0661182437519,0.5409338509198278,P4_blending_pooling_RC06,2.3404992851190896,3.0661182437519017,0.6365593459399979,False
P4_blending_pooling_RC06,engineering,0,0,jSO,10,6598665860340136930,50000,50000,1004.4015663612591,1004.4015663612591,1004.4015663612591,0.5398090018425137,P4_blending_pooling_RC06,2.2623137592506737,4.401566361259091,0.8820436113803835,False
P4_blending_pooling_RC06,engineering,0,0,jSO,11,2557074832253767256,50000,50000,1003.0756946897054,1003.0756946897054,1003.0756946897054,0.5476010730490088,P4_blending_pooling_RC06,2.1612350751545373,3.0756946897054016,0.6314711789163941,False
P4_blending_pooling_RC06,engineering,0,0,jSO,12,905349999546823009,50000,50000,1003.6063491763856,1003.6063491763856,1003.6063491763856,0.5366143311839551,P4_blending_pooling_RC06,2.323423384171706,3.606349176385656,0.9327546587083766,False
P4_blending_pooling_RC06,engineering,0,0,jSO,13,6248384505061517906,50000,50000,1002.9928250993636,1002.9928250993636,1002.9928250993636,0.5375266920309514,P4_blending_pooling_RC06,1.8903310873828172,2.992825099363576,0.5921456200269559,False
P4_blending_pooling_RC06,engineering,0,0,jSO,14,1852191825754473071,50000,50000,1002.9735877449602,1002.9735877449602,1002.9735877449602,0.5394944520667195,P4_blending_pooling_RC06,2.1500257971033188,2.973587744960254,0.562905034171841,False
P4_blending_pooling_RC06,engineering,0,0,jSO,15,3993668122549850525,50000,50000,1003.3087830559258,1003.3087830559258,1003.3087830559258,0.5369824019726366,P4_blending_pooling_RC06,1.9375722777847544,3.3087830559258213,0.633025461724307,False
P4_blending_pooling_RC06,engineering,0,0,jSO,16,4321036174254403308,50000,50000,1003.2973856315639,1003.2973856315639,1003.2973856315639,0.498577845050022,P4_blending_pooling_RC06,2.1695826051330034,3.2973856315638828,0.7776597690274563,False
P4_blending_pooling_RC06,engineering,0,0,jSO,17,2096789963164098641,50000,50000,1003.8342455239745,1003.8342455239745,1003.8342455239745,0.5365075911395252,P4_blending_pooling_RC06,2.1819080202879535,3.8342455239744178,1.04445399157497,False
P4_blending_pooling_RC06,engineering,0,0,jSO,18,1419501983928321159,50000,50000,1002.7591614499039,1002.7591614499039,1002.7591614499039,0.5378023490775377,P4_blending_pooling_RC06,2.173846871084322,2.759161449903923,0.6628223724660551,False
P4_blending_pooling_RC06,engineering,0,0,jSO,19,86370984047188376,50000,50000,1003.5184442917957,1003.5184442917957,1003.5184442917957,0.5365823009051383,P4_blending_pooling_RC06,2.0615849127271515,3.518444291795709,0.8309770181822682,False
P4_blending_pooling_RC06,engineering,0,0,jSO,20,7663128071609798458,50000,50000,1003.0194563658428,1003.0194563658428,1003.0194563658428,0.5312777939252555,P4_blending_pooling_RC06,1.9502803306590397,3.019456365842802,0.8034934035900225,False
P4_blending_pooling_RC06,engineering,0,0,jSO,21,7835608083182869359,50000,50000,1002.5319006784298,1002.5319006784298,1002.5319006784298,0.5317483560647815,P4_blending_pooling_RC06,2.026101995786748,2.531900678429751,0.5427761785127347,False
P4_blending_pooling_RC06,engineering,0,0,jSO,22,5380628593063326276,50000,50000,1002.5076630287432,1002.5076630287432,1002.5076630287432,0.5284360761288553,P4_blending_pooling_RC06,1.94083604198851,2.5076630287432176,0.9007615302341763,False
P4_blending_pooling_RC06,engineering,0,0,jSO,23,8924079916317583296,50000,50000,1003.3707148334123,1003.3707148334123,1003.3707148334123,0.5280640278942883,P4_blending_pooling_RC06,2.235046641983656,3.370714833412319,0.8701030142444559,False
P4_blending_pooling_RC06,engineering,0,0,jSO,24,1299363296687547892,50000,50000,1003.1711706184216,1003.1711706184216,1003.1711706184216,0.529474742943421,P4_blending_pooling_RC06,1.9886697515788327,3.171170618421594,0.5471243433045798,False
P4_blending_pooling_RC06,engineering,0,0,jSO,25,2317536155608636317,50000,50000,1002.992700828651,1002.992700828651,1002.992700828651,0.5245016978587955,P4_blending_pooling_RC06,2.249856209196362,2.9927008286509285,0.928095649089087,False
P4_blending_pooling_RC06,engineering,0,0,jSO,26,17322005265849281,50000,50000,1003.2022216538812,1003.2022216538812,1003.2022216538812,0.5315769149456173,P4_blending_pooling_RC06,2.0832863676471582,3.2022216538811863,0.9792577368796656,False
P4_blending_pooling_RC06,engineering,0,0,jSO,27,7923867611158502293,50000,50000,1003.0930375106354,1003.0930375106354,1003.0930375106354,0.5864047680515796,P4_blending_pooling_RC06,2.318585297196138,3.0930375106354706,0.6635879934386466,False
P4_blending_pooling_RC06,engineering,0,0,jSO,28,9032845254119077918,50000,50000,1003.2591087402276,1003.2591087402276,1003.2591087402276,0.5749103939160705,P4_blending_pooling_RC06,1.938384722475376,3.259108740227552,0.6545650621503684,False
P4_blending_pooling_RC06,engineering,0,0,jSO,29,1817830753110560701,50000,50000,1003.620988560622,1003.620988560622,1003.620988560622,0.5349493890535086,P4_blending_pooling_RC06,2.0357566806035807,3.620988560621941,0.6934656280814004,False
P3_heat_exchanger_RC01,engineering,0,0,LSHADE,0,758344033173330914,50000,50000,100074.01498156661,100074.01498156661,100074.01498156661,0.8953228630125523,P3_heat_exchanger_RC01,667.98619423481,74.01498156661047,55.313266601645644,False
P3_heat_exchanger_RC01,engineering,0,0,LSHADE,1,2024377592913379063,50000,50000,100003.86316473954,100003.86316473954,100003.86316473954,0.8793819600250572,P3_heat_exchanger_RC01,218.95187202170078,3.86316473954289,2.492477367229387,False
P3_heat_exchanger_RC01,engineering,0,0,LSHADE,2,2028334754815062677,50000,50000,100000.00537111644,100000.00537111644,100000.00537111644,0.8810644149780273,P3_heat_exchanger_RC01,248.67544574267916,0.005371116432431699,0.005371116432431699,False
P3_heat_exchanger_RC01,engineering,0,0,LSHADE,3,344431716387722272,50000,50000,100000.00506661163,100000.00506661163,100000.00506661163,0.8763238650280982,P3_heat_exchanger_RC01,732.1792858879817,0.005066611633285356,0.005066611633285356,False
P3_heat_exchanger_RC01,engineering,0,0,LSHADE,4,2199130576770225432,50000,50000,100000.00027885624,100000.00027885624,100000.00027885624,0.8863622390199453,P3_heat_exchanger_RC01,738.8384226166803,0.00027885624522004947,0.00027885624522004947,False
P3_heat_exchanger_RC01,engineering,0,0,LSHADE,5,5249094720517590321,50000,50000,100000.0081825881,100000.0081825881,100000.0081825881,0.8839798721019179,P3_heat_exchanger_RC01,369.9949112372879,0.00818258810429361,0.00818258810429361,False
P3_heat_exchanger_RC01,engineering,0,0,LSHADE,6,4950199521657049471,50000,50000,100000.00085127263,100000.00085127263,100000.00085127263,0.8936595041304827,P3_heat_exchanger_RC01,648.4192850260094,0.0008512726294929052,0.0008512726294929052,False
P3_heat_exchanger_RC01,engineering,0,0,LSHADE,7,2967878596244234765,50000,50000,630.2322781728105,630.2322781728105,630.2322781728105,0.8862578039988875,P3_heat_exchanger_RC01,630.2322781728105,9.913710708771414e-09,7.034918275778605e-09,True
P3_heat_exchanger_RC01,engineering,0,0,LSHADE,8,2377809096495033233,50000,50000,100025.7214899798,100025.7214899798,100025.7214899798,0.8791568782180548,P3_heat_exchanger_RC01,812.2872143687724,25.721489979791855,17.997290143340454,False
P3_heat_exchanger_RC01,engineering,0,0,LSHADE,9,5889263795023838026,50000,50000,100002.18450817547,100002.18450817547,100002.18450817547,0.8757211158517748,P3_heat_exchanger_RC01,388.00483586301647,2.1845081754753046,1.2961362810503692,False
P3_heat_exchanger_RC01,engineering,0,0,LSHADE,10,7881690903017551603,50000,50000,100000.01125374844,100000.01125374844,100000.01125374844,0.8980093810241669,P3_heat_exchanger_RC01,256.8085013282547,0.011253748436647493,0.011253748436647493,False
P3_heat_exchanger_RC01,engineering,0,0,LSHADE,11,4742743224345994034,50000,50000,100000.00008922066,100000.00008922066,100000.00008922066,0.8772767619229853,P3_heat_exchanger_RC01,719.5125619487003,8.922066556115169e-05,8.922066556115169e-05,False
P3_heat_exchanger_RC01,engineering,0,0,LSHADE,12,5275641470900244364,50000,50000,100001.06493902382,100001.06493902382,100001.06493902382,0.8750665879342705,P3_heat_exchanger_RC01,595.2127573763406,1.0649390238256544,0.7914531212929636,False
P3_heat_exchanger_RC01,engineering,0,0,LSHADE,13,8677625969555544041,50000,50000,100000.16927750337,100000.16927750337,100000.16927750337,0.8738936290610582,P3_heat_exchanger_RC01,666.6554837433742,0.16927750337996106,0.07725898145102027,False
P3_heat_exchanger_RC01,engineering,0,0,LSHADE,14,2984987569613658235,50000,50000,100000.01493015597,100000.01493015597,100000.01493015597,0.5376251668203622,P3_heat_exchanger_RC01,338.01325235044936,0.01493015596711066,0.01493015596711066,False
P3_heat_exchanger_RC01,engineering,0,0,LSHADE,15,1339047902821520867,50000,50000,100112.46995231508,100112.46995231508,100112.46995231508,0.5466839128639549,P3_heat_exchanger_RC01,581.5490547794798,112.46995231507873,56.413777066764986,False
P3_heat_exchanger_RC01,engineering,0,0,LSHADE,16,1545068445983114176,50000,50000,286.7797589001547,286.7797589001547,286.7797589001547,0.8450032027903944,P3_heat_exchanger_RC01,286.7797589001547,0.0,0.0,True
P3_heat_exchanger_RC01,engineering,0,0,LSHADE,17,4200237489277082384,50000,50000,100000.00370031249,100000.00370031249,100000.00370031249,0.9528984280768782,P3_heat_exchanger_RC01,298.8664115634358,0.0037003124954570923,0.0037003124954570923,False
P3_heat_exchanger_RC01,engineering,0,0,LSHADE,18,3193595504611545249,50000,50000,222.44897184080543,222.44897184080543,222.44897184080543,0.9140832019038498,P3_heat_exchanger_RC01,222.44897184080543,0.0,0.0,True
P3_heat_exchanger_RC01,engineering,0,0,LSHADE,19,7405180775555706377,50000,50000,100000.00058838363,100000.00058838363,100000.00058838363,0.9018738667946309,P3_heat_exchanger_RC01,633.8713297401524,0.0005883836248334773,0.0005883836248334773,False
P3_heat_exchanger_RC01,engineering,0,0,LSHADE,20,2778780891593208149,50000,50000,100000.16900333414,100000.16900333414,100000.16900333414,0.6282105331774801,P3_heat_exchanger_RC01,399.62413840936284,0.169003334139073,0.11947040281046982,False
P3_heat_exchanger_RC01,engineering,0,0,LSHADE,21,149183582212585886,50000,50000,294.13956170633895,294.13956170633895,294.13956170633895,0.5724452119320631,P3_heat_exchanger_RC01,294.13956170633895,9.986239590977072e-09,6.520492551537953e-09,True
P3_heat_exchanger_RC01,engineering,0,0,LSHADE,22,2767889060073466466,50000,50000,100000.0174171621,100000.0174171621,100000.0174171621,0.5379528009798378,P3_heat_exchanger_RC01,206.96596208447957,0.01741716209832921,0.01741716209832921,False
P3_heat_exchanger_RC01,engineering,0,0,LSHADE,23,4106764447085766202,50000,50000,100000.01040504836,100000.01040504836,100000.01040504836,0.7132507301867008,P3_heat_exchanger_RC01,459.1211139462322,0.010405048358538716,0.010405048358538716,False
P3_heat_exchanger_RC01,engineering,0,0,LSHADE,24,4025760829408873942,50000,50000,100000.01284119459,100000.01284119459,100000.01284119459,0.6313872199971229,P3_heat_exchanger_RC01,283.1380967171399,0.012841194594418449,0.012841194594418449,False
P3_heat_exchanger_RC01,engineering,0,0,LSHADE,25,4112106078096902345,50000,50000,100018.75642783847,100018.75642783847,100018.75642783847,0.5379816549830139,P3_heat_exchanger_RC01,462.44823364371655,18.756427838473922,17.48183226568401,False
P3_heat_exchanger_RC01,engineering,0,0,LSHADE,26,1281302931155043022,50000,50000,100001.49872781761,100001.49872781761,100001.49872781761,0.5395376230590045,P3_heat_exchanger_RC01,334.42953922898016,1.4987278176163648,0.8324121014181178,False
P3_heat_exchanger_RC01,engineering,0,0,LSHADE,27,7173553469296069587,50000,50000,100000.01783722192,100000.01783722192,100000.01783722192,0.5774088290054351,P3_heat_exchanger_RC01,580.3314679565401,0.017837221930367287,0.017837221930367287,False
P3_heat_exchanger_RC01,engineering,0,0,LSHADE,28,3721630445944556306,50000,50000,100000.0165929829,100000.0165929829,100000.0165929829,0.5532776180189103,P3_heat_exchanger_RC01,419.197061278578,0.01659298289954213,0.01659298289954213,False
P3_heat_exchanger_RC01,engineering,0,0,LSHADE,29,2960850505049536675,50000,50000,281.35390676453187,281.35390676453187,281.35390676453187,0.5471605369821191,P3_heat_exchanger_RC01,281.35390676453187,7.663959861959539e-09,7.663959861959539e-09,True
P3_heat_exchanger_RC01,engineering,0,0,jSO,0,59979631815357118,50000,50000,558.9002970683628,558.9002970683628,558.9002970683628,0.885965104913339,P3_heat_exchanger_RC01,558.9002970683628,6.6771927286775985e-09,6.6771927286775985e-09,True
P3_heat_exchanger_RC01,engineering,0,0,jSO,1,8329546062388403226,50000,50000,406.7219311692356,406.7219311692356,406.7219311692356,0.8946970489341766,P3_heat_exchanger_RC01,406.7219311692356,0.0,0.0,True
P3_heat_exchanger_RC01,engineering,0,0,jSO,2,6005382722558822268,50000,50000,100000.00024352019,100000.00024352019,100000.00024352019,0.8926656900439411,P3_heat_exchanger_RC01,395.6368835894788,0.0002435201931552001,0.0002435201931552001,False
P3_heat_exchanger_RC01,engineering,0,0,jSO,3,8107656593933196533,50000,50000,471.92808310526135,471.92808310526135,471.92808310526135,0.899631051113829,P3_heat_exchanger_RC01,471.92808310526135,9.998073778483426e-09,9.998073778483426e-09,True
P3_heat_exchanger_RC01,engineering,0,0,jSO,4,449301378841585055,50000,50000,442.8460823770267,442.8460823770267,442.8460823770267,0.9003826710395515,P3_heat_exchanger_RC01,442.8460823770267,0.0,0.0,True
P3_heat_exchanger_RC01,engineering,0,0,jSO,5,7199893990616869250,50000,50000,443.1899981212559,443.1899981212559,443.1899981212559,0.9060946409590542,P3_heat_exchanger_RC01,443.1899981212559,0.0,0.0,True
P3_heat_exchanger_RC01,engineering,0,0,jSO,6,41656651329851326,50000,50000,100000.00011928586,100000.00011928586,100000.00011928586,0.8963994910009205,P3_heat_exchanger_RC01,585.8182240166899,0.00011928585874775308,0.00011928585874775308,False
P3_heat_exchanger_RC01,engineering,0,0,jSO,7,4291436308390053606,50000,50000,100000.00224254453,100000.00224254453,100000.00224254453,0.8899527830071747,P3_heat_exchanger_RC01,512.161016895499,0.0022425445285738535,0.0022425445285738535,False
P3_heat_exchanger_RC01,engineering,0,0,jSO,8,5650465288730138044,50000,50000,388.56588276366057,388.56588276366057,388.56588276366057,0.9053350370377302,P3_heat_exchanger_RC01,388.56588276366057,7.979199290270782e-09,7.979199290270782e-09,True
P3_heat_exchanger_RC01,engineering,0,0,jSO,9,1095569030306626810,50000,50000,100000.01664696235,100000.01664696235,100000.01664696235,0.8993784778285772,P3_heat_exchanger_RC01,356.3431618050069,0.01664696235670581,0.01664696235670581,False
P3_heat_exchanger_RC01,engineering,0,0,jSO,10,5772156155474686787,50000,50000,100000.00400642835,100000.00400642835,100000.00400642835,0.9205904852133244,P3_heat_exchanger_RC01,411.8002562114209,0.0040064283573177815,0.0040064283573177815,False
P3_heat_exchanger_RC01,engineering,0,0,jSO,11,4021576256458428156,50000,50000,100000.00298153936,100000.00298153936,100000.00298153936,0.8925030648242682,P3_heat_exchanger_RC01,501.56494548153483,0.0029815393598118137,0.0029815393598118137,False
P3_heat_exchanger_RC01,engineering,0,0,jSO,12,1763972938578680552,50000,50000,444.77397071877203,444.77397071877203,444.77397071877203,0.8951593060046434,P3_heat_exchanger_RC01,444.77397071877203,0.0,0.0,True
P3_heat_exchanger_RC01,engineering,0,0,jSO,13,2342167391020099910,50000,50000,100000.00146520002,100000.00146520002,100000.00146520002,0.8849348730873317,P3_heat_exchanger_RC01,358.8722229376022,0.0014652000255386155,0.0014652000255386155,False
P3_heat_exchanger_RC01,engineering,0,0,jSO,14,5747776992224439949,50000,50000,345.3604001807262,345.3604001807262,345.3604001807262,0.8928718171082437,P3_heat_exchanger_RC01,345.3604001807262,0.0,0.0,True
P3_heat_exchanger_RC01,engineering,0,0,jSO,15,7447569512199466903,50000,50000,324.29624133099867,324.29624133099867,324.29624133099867,0.8882760689593852,P3_heat_exchanger_RC01,324.29624133099867,3.779832769085982e-09,3.779832769085982e-09,True
P3_heat_exchanger_RC01,engineering,0,0,jSO,16,254636415986254190,50000,50000,100000.01557068346,100000.01557068346,100000.01557068346,0.9400831570383161,P3_heat_exchanger_RC01,437.0458312466791,0.015570683458206737,0.015182744331386767,False
P3_heat_exchanger_RC01,engineering,0,0,jSO,17,7636970849067938586,50000,50000,353.0709722157461,353.0709722157461,353.0709722157461,0.9089955021627247,P3_heat_exchanger_RC01,353.0709722157461,0.0,0.0,True
P3_heat_exchanger_RC01,engineering,0,0,jSO,18,8926322094638951420,50000,50000,100000.0072735684,100000.0072735684,100000.0072735684,0.8775922241620719,P3_heat_exchanger_RC01,333.3987590998865,0.007273568390335094,0.007273568390335094,False
P3_heat_exchanger_RC01,engineering,0,0,jSO,19,8667537694258914028,50000,50000,100000.00445760843,100000.00445760843,100000.00445760843,0.8818143019452691,P3_heat_exchanger_RC01,570.0864245422808,0.004457608427262494,0.004457608427262494,False
P3_heat_exchanger_RC01,engineering,0,0,jSO,20,8506335685857429559,50000,50000,322.513100447185,322.513100447185,322.513100447185,0.912618544884026,P3_heat_exchanger_RC01,322.513100447185,0.0,0.0,True
P3_heat_exchanger_RC01,engineering,0,0,jSO,21,6951646588384568011,50000,50000,463.9406001443485,463.9406001443485,463.9406001443485,0.8945497430395335,P3_heat_exchanger_RC01,463.9406001443485,5.185231566424346e-09,5.185231566424346e-09,True
P3_heat_exchanger_RC01,engineering,0,0,jSO,22,8512164186032600582,50000,50000,447.22421080336727,447.22421080336727,447.22421080336727,0.9096177690662444,P3_heat_exchanger_RC01,447.22421080336727,0.0,0.0,True
P3_heat_exchanger_RC01,engineering,0,0,jSO,23,4914973988142371079,50000,50000,605.1862018125646,605.1862018125646,605.1862018125646,0.912879804847762,P3_heat_exchanger_RC01,605.1862018125646,0.0,0.0,True
P3_heat_exchanger_RC01,engineering,0,0,jSO,24,494207932544292953,50000,50000,439.9669703988182,439.9669703988182,439.9669703988182,0.9123756899498403,P3_heat_exchanger_RC01,439.9669703988182,0.0,0.0,True
P3_heat_exchanger_RC01,engineering,0,0,jSO,25,2204470820754821430,50000,50000,100000.00800558484,100000.00800558484,100000.00800558484,0.9023763500154018,P3_heat_exchanger_RC01,337.95002342076367,0.008005584841530345,0.008005584841530345,False
P3_heat_exchanger_RC01,engineering,0,0,jSO,26,4993652944289256363,50000,50000,100000.01178132358,100000.01178132358,100000.01178132358,0.898870704928413,P3_heat_exchanger_RC01,377.5442598183019,0.011781323579586934,0.011781323579586934,False
P3_heat_exchanger_RC01,engineering,0,0,jSO,27,3198643517549186520,50000,50000,100000.00954287214,100000.00954287214,100000.00954287214,0.9223372200503945,P3_heat_exchanger_RC01,506.38431764308024,0.009542872133610105,0.008886615011792765,False
P3_heat_exchanger_RC01,engineering,0,0,jSO,28,7773673259999274930,50000,50000,296.0662561698437,296.0662561698437,296.0662561698437,0.912374357925728,P3_heat_exchanger_RC01,296.0662561698437,4.1880288252930855e-09,3.0254686701210827e-09,True
P3_heat_exchanger_RC01,engineering,0,0,jSO,29,4668772452056167918,50000,50000,416.45808000078523,416.45808000078523,416.45808000078523,0.9026358360424638,P3_heat_exchanger_RC01,416.45808000078523,0.0,0.0,True
P4_blending_pooling_RC06,engineering,0,0,LSHADE,0,588069505063312218,200000,200000,1002.6573943400253,1002.6573943400253,1002.6573943400253,1.2032143420074135,P4_blending_pooling_RC06,2.026343736581764,2.6573943400253306,0.6582663991207213,False
P4_blending_pooling_RC06,engineering,0,0,LSHADE,1,5768784987077602545,200000,200000,1002.7107393313536,1002.7107393313536,1002.7107393313536,1.176545622991398,P4_blending_pooling_RC06,1.6487014006861171,2.710739331353577,0.8251513913572375,False
P4_blending_pooling_RC06,engineering,0,0,LSHADE,2,2530080137216596057,200000,200000,1001.6936858870574,1001.6936858870574,1001.6936858870574,1.2790903251152486,P4_blending_pooling_RC06,1.7632002152902557,1.6936858870573905,0.6121362319543402,False
P4_blending_pooling_RC06,engineering,0,0,LSHADE,3,8439019761374079119,200000,200000,1001.8487913119876,1001.8487913119876,1001.8487913119876,1.1763185071758926,P4_blending_pooling_RC06,2.0622759349692794,1.8487913119876316,1.0259443454638488,False
P4_blending_pooling_RC06,engineering,0,0,LSHADE,4,1606497576438715809,200000,200000,1002.2317620395538,1002.2317620395538,1002.2317620395538,1.2052463931031525,P4_blending_pooling_RC06,1.5796236995725772,2.231762039553834,0.4391028535150161,False
P4_blending_pooling_RC06,engineering,0,0,LSHADE,5,3428340935623906228,200000,200000,1002.6572192455103,1002.6572192455103,1002.6572192455103,1.391727722948417,P4_blending_pooling_RC06,1.9903197949746037,2.657219245510344,0.8825193859252235,False
P4_blending_pooling_RC06,engineering,0,0,LSHADE,6,4100901560929559086,200000,200000,1001.4360823908547,1001.4360823908547,1001.4360823908547,1.7963877329602838,P4_blending_pooling_RC06,2.0280219683420744,1.436082390854755,0.49461187557604747,False
P4_blending_pooling_RC06,engineering,0,0,LSHADE,7,1152047015780390184,200000,200000,1002.3044957270522,1002.3044957270522,1002.3044957270522,1.7770013690460473,P4_blending_pooling_RC06,2.004635570832596,2.304495727052175,0.7148337746442365,False
P4_blending_pooling_RC06,engineering,0,0,LSHADE,8,4924595399715579264,200000,200000,1002.6066216125752,1002.6066216125752,1002.6066216125752,1.4659847889561206,P4_blending_pooling_RC06,1.9993767630195345,2.6066216125751436,0.6900758155017722,False
P4_blending_pooling_RC06,engineering,0,0,LSHADE,9,6268658402116074709,200000,200000,1002.3849702591758,1002.3849702591758,1002.3849702591758,1.2391871979925781,P4_blending_pooling_RC06,1.9481056250976225,2.384970259175792,0.7145316120481763,False
P4_blending_pooling_RC06,engineering,0,0,LSHADE,10,1652977282862749922,200000,200000,1001.5973132734279,1001.5973132734279,1001.5973132734279,1.345926535781473,P4_blending_pooling_RC06,1.9684607997511452,1.5973132734278597,0.434996624138408,False
P4_blending_pooling_RC06,engineering,0,0,LSHADE,11,4160978773383591229,200000,200000,1002.6700829152253,1002.6700829152253,1002.6700829152253,1.825122756883502,P4_blending_pooling_RC06,1.8230480848821617,2.6700829152252656,0.8326810954272997,False
P4_blending_pooling_RC06,engineering,0,0,LSHADE,12,8669724721859669737,200000,200000,1002.3924577012341,1002.3924577012341,1002.3924577012341,1.8129463428631425,P4_blending_pooling_RC06,1.9073537760250359,2.392457701234039,0.50850195289242,False
P4_blending_pooling_RC06,engineering,0,0,LSHADE,13,8028769795730677590,200000,200000,1001.4006755640042,1001.4006755640042,1001.4006755640042,1.8120932129677385,P4_blending_pooling_RC06,2.0703942081955624,1.4006755640042217,0.4829983437974278,False
P4_blending_pooling_RC06,engineering,0,0,LSHADE,14,7870233692595732492,200000,200000,1001.7758904394325,1001.7758904394325,1001.7758904394325,1.794172007124871,P4_blending_pooling_RC06,2.0318804883817307,1.7758904394324846,0.4920931879740476,False
P4_blending_pooling_RC06,engineering,0,0,LSHADE,15,365198973720845064,200000,200000,1002.263648191851,1002.263648191851,1002.263648191851,1.7826353639829904,P4_blending_pooling_RC06,1.9955917836668502,2.2636481918509386,0.7366976462102264,False
P4_blending_pooling_RC06,engineering,0,0,LSHADE,16,3049399977346368317,200000,200000,1001.5006909850664,1001.5006909850664,1001.5006909850664,1.7760265618562698,P4_blending_pooling_RC06,1.9746343331073097,1.5006909850663959,0.30622342775779365,False
P4_blending_pooling_RC06,engineering,0,0,LSHADE,17,5695048521843086080,200000,200000,1001.4860308221367,1001.4860308221367,1001.4860308221367,1.7787308220285922,P4_blending_pooling_RC06,1.9085299790306522,1.486030822136794,0.5898593624654895,False
P4_blending_pooling_RC06,engineering,0,0,LSHADE,18,4060413629951047344,200000,200000,1000.9644300490133,1000.9644300490133,1000.9644300490133,1.7972125289961696,P4_blending_pooling_RC06,1.9910225936107544,0.9644300490132968,0.35931642568684774,False
P4_blending_pooling_RC06,engineering,0,0,LSHADE,19,3265706906548153867,200000,200000,1001.3712214346197,1001.3712214346197,1001.3712214346197,1.7872053240425885,P4_blending_pooling_RC06,2.221718011351073,1.3712214346196958,0.4777510531440941,False
P4_blending_pooling_RC06,engineering,0,0,LSHADE,20,1653229796023196566,200000,200000,1002.2265901389621,1002.2265901389621,1002.2265901389621,1.7894535090308636,P4_blending_pooling_RC06,2.0335654287283993,2.2265901389621146,0.6391252277381508,False
P4_blending_pooling_RC06,engineering,0,0,LSHADE,21,257649693195648499,200000,200000,1001.390086253604,1001.390086253604,1001.390086253604,1.782369825989008,P4_blending_pooling_RC06,2.070861782897807,1.3900862536039935,0.5059447256604827,False
P4_blending_pooling_RC06,engineering,0,0,LSHADE,22,383993257069650211,200000,200000,1001.448306128294,1001.448306128294,1001.448306128294,1.7790476169902831,P4_blending_pooling_RC06,2.034768894702695,1.4483061282939844,0.4543713581171189,False
P4_blending_pooling_RC06,engineering,0,0,LSHADE,23,929825818021442564,200000,200000,1002.322618155914,1002.322618155914,1002.322618155914,1.7907209759578109,P4_blending_pooling_RC06,1.36161626897872,2.3226181559139873,0.6850452016052158,False
P4_blending_pooling_RC06,engineering,0,0,LSHADE,24,3586436696345896951,200000,200000,1002.0223297616812,1002.0223297616812,1002.0223297616812,1.7786901160143316,P4_blending_pooling_RC06,2.134495554334491,2.022329761681303,0.607455404258395,False
P4_blending_pooling_RC06,engineering,0,0,LSHADE,25,3377771762937316908,200000,200000,1001.9059615829837,1001.9059615829837,1001.9059615829837,1.7773489309474826,P4_blending_pooling_RC06,1.852492003907272,1.9059615829836445,0.5144974365031023,False
P4_blending_pooling_RC06,engineering,0,0,LSHADE,26,3723011400705047905,200000,200000,1002.6030853951378,1002.6030853951378,1002.6030853951378,1.8073167668189853,P4_blending_pooling_RC06,1.878844763118547,2.6030853951378234,0.7830948595472883,False
P4_blending_pooling_RC06,engineering,0,0,LSHADE,27,3961118750200371672,200000,200000,1001.6921563535387,1001.6921563535387,1001.6921563535387,1.2331912848167121,P4_blending_pooling_RC06,2.137901306725122,1.6921563535386912,0.5194839298953029,False
P4_blending_pooling_RC06,engineering,0,0,LSHADE,28,633650701675009889,200000,200000,1001.5813965444763,1001.5813965444763,1001.5813965444763,1.1891647859010845,P4_blending_pooling_RC06,2.2051744195274807,1.5813965444763223,0.4963208733182879,False
P4_blending_pooling_RC06,engineering,0,0,LSHADE,29,544560544041954721,200000,200000,1002.9040542912941,1002.9040542912941,1002.9040542912941,1.142713821027428,P4_blending_pooling_RC06,1.6724127518667595,2.904054291294114,0.7252826382655537,False
P4_blending_pooling_RC06,engineering,0,0,jSO,0,7682408772309155535,200000,200000,1002.5703288087469,1002.5703288087469,1002.5703288087469,1.5680249249562621,P4_blending_pooling_RC06,2.0647876379158676,2.5703288087468668,0.6952724386846684,False
P4_blending_pooling_RC06,engineering,0,0,jSO,1,916799319180791912,200000,200000,1001.5109310314054,1001.5109310314054,1001.5109310314054,1.400297402171418,P4_blending_pooling_RC06,2.2663045698060342,1.5109310314054323,0.5252222399394366,False
P4_blending_pooling_RC06,engineering,0,0,jSO,2,8119607364645046600,200000,200000,1002.2244798914352,1002.2244798914352,1002.2244798914352,2.1060396628454328,P4_blending_pooling_RC06,2.1465853472077088,2.2244798914351533,0.6349036323925358,False
P4_blending_pooling_RC06,engineering,0,0,jSO,3,498986992524419644,200000,200000,1002.0438858593333,1002.0438858593333,1002.0438858593333,2.1375124710612,P4_blending_pooling_RC06,2.3053466429600853,2.043885859333317,0.5776567945173887,False
P4_blending_pooling_RC06,engineering,0,0,jSO,4,2417265825894549012,200000,200000,1002.5239330376556,1002.5239330376556,1002.5239330376556,2.158199803903699,P4_blending_pooling_RC06,2.2950701309332686,2.523933037655609,0.5331287888032703,False
P4_blending_pooling_RC06,engineering,0,0,jSO,5,5480610913673335400,200000,200000,1002.8309937207888,1002.8309937207888,1002.8309937207888,2.1533535460475832,P4_blending_pooling_RC06,2.049390596927557,2.8309937207888014,0.6968187751566708,False
P4_blending_pooling_RC06,engineering,0,0,jSO,6,4783832578882010506,200000,200000,1002.0257016679984,1002.0257016679984,1002.0257016679984,2.128914427012205,P4_blending_pooling_RC06,2.212036118142506,2.025701667998381,0.5041059490075503,False
P4_blending_pooling_RC06,engineering,0,0,jSO,7,898009485400416419,200000,200000,1002.7463824850099,1002.7463824850099,1002.7463824850099,2.0847725230269134,P4_blending_pooling_RC06,2.236755624378871,2.7463824850099057,0.7958535306863788,False
P4_blending_pooling_RC06,engineering,0,0,jSO,8,6111760223974139099,200000,200000,1001.753738128822,1001.753738128822,1001.753738128822,2.1411307360976934,P4_blending_pooling_RC06,2.2049415005287605,1.7537381288219196,0.49642431032198175,False
P4_blending_pooling_RC06,engineering,0,0,jSO,9,8333336294513618501,200000,200000,1002.407991695328,1002.407991695328,1002.407991695328,2.141268423991278,P4_blending_pooling_RC06,1.9662518564790257,2.407991695327994,0.6660226840421304,False
P4_blending_pooling_RC06,engineering,0,0,jSO,10,6598665860340136930,200000,200000,1002.1629066628221,1002.1629066628221,1002.1629066628221,2.125896347919479,P4_blending_pooling_RC06,2.0223951071940545,2.1629066628221243,0.6395374290084451,False
P4_blending_pooling_RC06,engineering,0,0,jSO,11,2557074832253767256,200000,200000,1002.9004564702741,1002.9004564702741,1002.9004564702741,2.1293007221538574,P4_blending_pooling_RC06,2.326001345289141,2.9004564702741393,0.7127489695569293,False
P4_blending_pooling_RC06,engineering,0,0,jSO,12,905349999546823009,200000,200000,1003.0502883033691,1003.0502883033691,1003.0502883033691,2.1255143221933395,P4_blending_pooling_RC06,1.9847474988857057,3.050288303369108,0.9027439088309042,False
P4_blending_pooling_RC06,engineering,0,0,jSO,13,6248384505061517906,200000,200000,1002.4623637333053,1002.4623637333053,1002.4623637333053,2.1273833671584725,P4_blending_pooling_RC06,2.143407480865247,2.462363733305268,0.5755931274227034,False
P4_blending_pooling_RC06,engineering,0,0,jSO,14,1852191825754473071,200000,200000,1001.7837457988325,1001.7837457988325,1001.7837457988325,2.1235833710525185,P4_blending_pooling_RC06,2.2561742648640912,1.783745798832403,0.6392354646885304,False
P4_blending_pooling_RC06,engineering,0,0,jSO,15,3993668122549850525,200000,200000,1002.2315007903888,1002.2315007903888,1002.2315007903888,2.1078913751989603,P4_blending_pooling_RC06,2.0551756392505003,2.231500790388887,0.49280675841819943,False
P4_blending_pooling_RC06,engineering,0,0,jSO,16,4321036174254403308,200000,200000,1002.0395754499635,1002.0395754499635,1002.0395754499635,2.120885693002492,P4_blending_pooling_RC06,2.4794617887535395,2.0395754499635204,0.5769007899296844,False
P4_blending_pooling_RC06,engineering,0,0,jSO,17,2096789963164098641,200000,200000,1001.2963291227102,1001.2963291227102,1001.2963291227102,2.1411797679029405,P4_blending_pooling_RC06,2.319026642180082,1.2963291227101776,0.47674012139566413,False
P4_blending_pooling_RC06,engineering,0,0,jSO,18,1419501983928321159,200000,200000,1002.5430088596113,1002.5430088596113,1002.5430088596113,2.1265545829664916,P4_blending_pooling_RC06,2.1706387559156717,2.5430088596112954,0.7000497932463403,False
P4_blending_pooling_RC06,engineering,0,0,jSO,19,86370984047188376,200000,200000,1002.7548825175428,1002.7548825175428,1002.7548825175428,2.124144562985748,P4_blending_pooling_RC06,2.109168249688074,2.7548825175428338,0.6742454443300419,False
P4_blending_pooling_RC06,engineering,0,0,jSO,20,7663128071609798458,200000,200000,1001.6111184825053,1001.6111184825053,1001.6111184825053,2.121335895964876,P4_blending_pooling_RC06,2.2122291230730378,1.611118482505307,0.5490072928432883,False
P4_blending_pooling_RC06,engineering,0,0,jSO,21,7835608083182869359,200000,200000,1002.6411508132999,1002.6411508132999,1002.6411508132999,2.115366672864184,P4_blending_pooling_RC06,2.248688960273199,2.641150813299831,0.6281485153083388,False
P4_blending_pooling_RC06,engineering,0,0,jSO,22,5380628593063326276,200000,200000,1001.5624455684664,1001.5624455684664,1001.5624455684664,2.0921365509275347,P4_blending_pooling_RC06,2.169128325232668,1.5624455684664431,0.4291805092828231,False
P4_blending_pooling_RC06,engineering,0,0,jSO,23,8924079916317583296,200000,200000,1001.4399238040639,1001.4399238040639,1001.4399238040639,2.09136817115359,P4_blending_pooling_RC06,2.297412575441014,1.439923804063891,0.45805391539999885,False
P4_blending_pooling_RC06,engineering,0,0,jSO,24,1299363296687547892,200000,200000,1002.4290903374593,1002.4290903374593,1002.4290903374593,2.1123451059684157,P4_blending_pooling_RC06,2.2048230135717226,2.42909033745931,0.5556092627164614,False
P4_blending_pooling_RC06,engineering,0,0,jSO,25,2317536155608636317,200000,200000,1002.1510452316887,1002.1510452316887,1002.1510452316887,2.136568611022085,P4_blending_pooling_RC06,2.390890874028615,2.1510452316887294,0.7839834809641593,False
P4_blending_pooling_RC06,engineering,0,0,jSO,26,17322005265849281,200000,200000,1001.5278038110454,1001.5278038110454,1001.5278038110454,2.1114458709489554,P4_blending_pooling_RC06,2.2366185982770057,1.5278038110453267,0.3920305799867639,False
P4_blending_pooling_RC06,engineering,0,0,jSO,27,7923867611158502293,200000,200000,1002.289026316231,1002.289026316231,1002.289026316231,2.120995667995885,P4_blending_pooling_RC06,2.4672874125776154,2.289026316230978,0.515401653317796,False
P4_blending_pooling_RC06,engineering,0,0,jSO,28,9032845254119077918,200000,200000,1001.6535121362726,1001.6535121362726,1001.6535121362726,2.1718914380762726,P4_blending_pooling_RC06,2.2164371930362767,1.6535121362726002,0.45700969054376483,False
P4_blending_pooling_RC06,engineering,0,0,jSO,29,1817830753110560701,200000,200000,1002.6432358818076,1002.6432358818076,1002.6432358818076,2.116030487930402,P4_blending_pooling_RC06,2.032693520820392,2.6432358818076835,0.6332664038271528,False
P3_heat_exchanger_RC01,engineering,0,0,jSO,0,59979631815357118,200000,200000,100000.04201131612,100000.04201131612,100000.04201131612,3.4729200610890985,P3_heat_exchanger_RC01,525.1053647902139,0.04201131612690197,0.027569016271829606,False
P3_heat_exchanger_RC01,engineering,0,0,jSO,1,8329546062388403226,200000,200000,325.18755702307834,325.18755702307834,325.18755702307834,3.664532253984362,P3_heat_exchanger_RC01,325.18755702307834,0.0,0.0,True
P3_heat_exchanger_RC01,engineering,0,0,jSO,2,6005382722558822268,200000,200000,353.49805663150477,353.49805663150477,353.49805663150477,3.66378771699965,P3_heat_exchanger_RC01,353.49805663150477,9.841844439501739e-09,9.841844439501739e-09,True
P3_heat_exchanger_RC01,engineering,0,0,jSO,3,8107656593933196533,200000,200000,287.1808840611566,287.1808840611566,287.1808840611566,3.6652582050301135,P3_heat_exchanger_RC01,287.1808840611566,6.582215428347564e-09,6.582215428347564e-09,True
P3_heat_exchanger_RC01,engineering,0,0,jSO,4,449301378841585055,200000,200000,100000.013846612,100000.013846612,100000.013846612,3.576513360021636,P3_heat_exchanger_RC01,422.020276579307,0.013846611997482706,0.013846611997482706,False
P3_heat_exchanger_RC01,engineering,0,0,jSO,5,7199893990616869250,200000,200000,100000.00291032778,100000.00291032778,100000.00291032778,3.475962937111035,P3_heat_exchanger_RC01,547.1608256964988,0.0029103277819648612,0.0029103277819648612,False
P3_heat_exchanger_RC01,engineering,0,0,jSO,6,41656651329851326,200000,200000,100000.00473538367,100000.00473538367,100000.00473538367,3.1709280251525342,P3_heat_exchanger_RC01,402.15105668843853,0.00473538366427183,0.00473538366427183,False
P3_heat_exchanger_RC01,engineering,0,0,jSO,7,4291436308390053606,200000,200000,100000.03832782188,100000.03832782188,100000.03832782188,2.141389361117035,P3_heat_exchanger_RC01,318.4330045938456,0.03832782187429458,0.017729219810664654,False
P3_heat_exchanger_RC01,engineering,0,0,jSO,8,5650465288730138044,200000,200000,336.1107934888783,336.1107934888783,336.1107934888783,2.2565428980160505,P3_heat_exchanger_RC01,336.1107934888783,9.67031446999294e-09,9.67031446999294e-09,True
P3_heat_exchanger_RC01,engineering,0,0,jSO,9,1095569030306626810,200000,200000,582.0475432498779,582.0475432498779,582.0475432498779,3.0809701969847083,P3_heat_exchanger_RC01,582.0475432498779,9.999576099916914e-09,9.999576099916914e-09,True
P3_heat_exchanger_RC01,engineering,0,0,jSO,10,5772156155474686787,200000,200000,532.3646314683343,532.3646314683343,532.3646314683343,3.6511711089406163,P3_heat_exchanger_RC01,532.3646314683343,9.999699578889187e-09,7.608435736311276e-09,True
P3_heat_exchanger_RC01,engineering,0,0,jSO,11,4021576256458428156,200000,200000,100000.07146774147,100000.07146774147,100000.07146774147,3.5178315301891416,P3_heat_exchanger_RC01,563.2409548014285,0.0714677414707571,0.05510593142136931,False
P3_heat_exchanger_RC01,engineering,0,0,jSO,12,1763972938578680552,200000,200000,584.9298992106981,584.9298992106981,584.9298992106981,3.2617186158895493,P3_heat_exchanger_RC01,584.9298992106981,9.904801845540953e-09,9.14335250854013e-09,True
P3_heat_exchanger_RC01,engineering,0,0,jSO,13,2342167391020099910,200000,200000,451.011796040139,451.011796040139,451.011796040139,2.2142951539717615,P3_heat_exchanger_RC01,451.011796040139,6.723149850208776e-09,5.263208582246344e-09,True
P3_heat_exchanger_RC01,engineering,0,0,jSO,14,5747776992224439949,200000,200000,425.484148600597,425.484148600597,425.484148600597,2.2561312848702073,P3_heat_exchanger_RC01,425.484148600597,0.0,0.0,True
P3_heat_exchanger_RC01,engineering,0,0,jSO,15,7447569512199466903,200000,200000,488.37041965374834,488.37041965374834,488.37041965374834,2.2433034111745656,P3_heat_exchanger_RC01,488.37041965374834,0.0,0.0,True
P3_heat_exchanger_RC01,engineering,0,0,jSO,16,254636415986254190,200000,200000,572.3393823631594,572.3393823631594,572.3393823631594,2.2051819949410856,P3_heat_exchanger_RC01,572.3393823631594,0.0,0.0,True
P3_heat_exchanger_RC01,engineering,0,0,jSO,17,7636970849067938586,200000,200000,100000.01444836905,100000.01444836905,100000.01444836905,2.309793672990054,P3_heat_exchanger_RC01,319.0503638345534,0.01444836904684953,0.01444836904684953,False
P3_heat_exchanger_RC01,engineering,0,0,jSO,18,8926322094638951420,200000,200000,100000.01460655422,100000.01460655422,100000.01460655422,3.367023504106328,P3_heat_exchanger_RC01,534.018860784385,0.014606554227132074,0.014606554227132074,False
P3_heat_exchanger_RC01,engineering,0,0,jSO,19,8667537694258914028,200000,200000,557.5161294652338,557.5161294652338,557.5161294652338,3.5617880278732628,P3_heat_exchanger_RC01,557.5161294652338,9.999999107398279e-09,9.937041701359064e-09,True
P3_heat_exchanger_RC01,engineering,0,0,jSO,20,8506335685857429559,200000,200000,279.2383967989154,279.2383967989154,279.2383967989154,3.5973226819187403,P3_heat_exchanger_RC01,279.2383967989154,6.327388759195716e-09,6.327388759195716e-09,True
P3_heat_exchanger_RC01,engineering,0,0,jSO,21,6951646588384568011,200000,200000,100001.33645377329,100001.33645377329,100001.33645377329,3.4805897739715874,P3_heat_exchanger_RC01,550.6411248405972,1.3364537732811093,0.6571791677899659,False
P3_heat_exchanger_RC01,engineering,0,0,jSO,22,8512164186032600582,200000,200000,220.63782844100194,220.63782844100194,220.63782844100194,3.092557794880122,P3_heat_exchanger_RC01,220.63782844100194,9.999607522182962e-09,9.999607522182962e-09,True
P3_heat_exchanger_RC01,engineering,0,0,jSO,23,4914973988142371079,200000,200000,319.6205346753894,319.6205346753894,319.6205346753894,3.3055658789817244,P3_heat_exchanger_RC01,319.6205346753894,8.869106405323462e-09,8.869106405323462e-09,True
P3_heat_exchanger_RC01,engineering,0,0,jSO,24,494207932544292953,200000,200000,100000.22633907173,100000.22633907173,100000.22633907173,3.3876363581512123,P3_heat_exchanger_RC01,451.3087074981223,0.22633907172848922,0.22136749213607732,False
P3_heat_exchanger_RC01,engineering,0,0,jSO,25,2204470820754821430,200000,200000,100000.01170527757,100000.01170527757,100000.01170527757,3.2757173171266913,P3_heat_exchanger_RC01,359.8045264070317,0.011705277580435814,0.011705277580435814,False
P3_heat_exchanger_RC01,engineering,0,0,jSO,26,4993652944289256363,200000,200000,100000.00581194318,100000.00581194318,100000.00581194318,3.322341396007687,P3_heat_exchanger_RC01,438.87288399873404,0.00581194317333339,0.002577770922320022,False
P3_heat_exchanger_RC01,engineering,0,0,jSO,27,3198643517549186520,200000,200000,100000.07663198047,100000.07663198047,100000.07663198047,3.3384830050636083,P3_heat_exchanger_RC01,399.5986370127003,0.07663198046171807,0.0659837641917169,False
P3_heat_exchanger_RC01,engineering,0,0,jSO,28,7773673259999274930,200000,200000,281.5379183659488,281.5379183659488,281.5379183659488,3.5272610220126808,P3_heat_exchanger_RC01,281.5379183659488,7.3214931142908486e-09,7.3214931142908486e-09,True
P3_heat_exchanger_RC01,engineering,0,0,jSO,29,4668772452056167918,200000,200000,462.9310453402763,462.9310453402763,462.9310453402763,3.4763758019544184,P3_heat_exchanger_RC01,462.9310453402763,9.841844439501739e-09,9.841844439501739e-09,True
P3_heat_exchanger_RC01,engineering,0,0,LSHADE,0,758344033173330914,200000,200000,518.1294463969144,518.1294463969144,518.1294463969144,2.4709558149334043,P3_heat_exchanger_RC01,518.1294463969144,9.999868261990528e-09,9.999868261990528e-09,True
P3_heat_exchanger_RC01,engineering,0,0,LSHADE,1,2024377592913379063,200000,200000,311.8390048015676,311.8390048015676,311.8390048015676,2.265189070953056,P3_heat_exchanger_RC01,311.8390048015676,7.513538002963042e-09,7.513538002963042e-09,True
P3_heat_exchanger_RC01,engineering,0,0,LSHADE,2,2028334754815062677,200000,200000,100000.14108679912,100000.14108679912,100000.14108679912,2.432185272919014,P3_heat_exchanger_RC01,661.2931048623739,0.1410867991165664,0.04323530273288488,False
P3_heat_exchanger_RC01,engineering,0,0,LSHADE,3,344431716387722272,200000,200000,576.8229620126496,576.8229620126496,576.8229620126496,2.2426327629946172,P3_heat_exchanger_RC01,576.8229620126496,9.923152463671577e-09,7.513538002963042e-09,True
P3_heat_exchanger_RC01,engineering,0,0,LSHADE,4,2199130576770225432,200000,200000,656.4860033704618,656.4860033704618,656.4860033704618,2.2417389468755573,P3_heat_exchanger_RC01,656.4860033704618,0.0,0.0,True
P3_heat_exchanger_RC01,engineering,0,0,LSHADE,5,5249094720517590321,200000,200000,100000.00608427277,100000.00608427277,100000.00608427277,2.1902644319925457,P3_heat_exchanger_RC01,263.38070574278123,0.006084272763069399,0.003263075200468302,False
P3_heat_exchanger_RC01,engineering,0,0,LSHADE,6,4950199521657049471,200000,200000,100000.04108665955,100000.04108665955,100000.04108665955,2.9673303179442883,P3_heat_exchanger_RC01,528.2983789586208,0.041086659555089756,0.014462571188434959,False
P3_heat_exchanger_RC01,engineering,0,0,LSHADE,7,2967878596244234765,200000,200000,576.8309118756392,576.8309118756392,576.8309118756392,3.6659213178791106,P3_heat_exchanger_RC01,576.8309118756392,9.376183152194e-09,9.376183152194e-09,True
P3_heat_exchanger_RC01,engineering,0,0,LSHADE,8,2377809096495033233,200000,200000,472.05904334296054,472.05904334296054,472.05904334296054,3.5975129390135407,P3_heat_exchanger_RC01,472.05904334296054,9.99993834145793e-09,9.99993834145793e-09,True
P3_heat_exchanger_RC01,engineering,0,0,LSHADE,9,5889263795023838026,200000,200000,100002.09653535298,100002.09653535298,100002.09653535298,3.4643432390876114,P3_heat_exchanger_RC01,630.8878790641104,2.096535352982295,1.9796423931304366,False
P3_heat_exchanger_RC01,engineering,0,0,LSHADE,10,7881690903017551603,200000,200000,414.6734615591169,414.6734615591169,414.6734615591169,3.44428926310502,P3_heat_exchanger_RC01,414.6734615591169,9.439140558233214e-09,4.719570279116607e-09,True
P3_heat_exchanger_RC01,engineering,0,0,LSHADE,11,4742743224345994034,200000,200000,329.2569849467854,329.2569849467854,329.2569849467854,3.522397361928597,P3_heat_exchanger_RC01,329.2569849467854,9.841844439501739e-09,9.841844439501739e-09,True
P3_heat_exchanger_RC01,engineering,0,0,LSHADE,12,5275641470900244364,200000,200000,100000.7563691787,100000.7563691787,100000.7563691787,3.5345769010018557,P3_heat_exchanger_RC01,393.7569785231571,0.756369178702345,0.4823922161642462,False
P3_heat_exchanger_RC01,engineering,0,0,LSHADE,13,8677625969555544041,200000,200000,100000.09337918168,100000.09337918168,100000.09337918168,3.5377485090866685,P3_heat_exchanger_RC01,443.3197360350383,0.09337918168000944,0.0819480219554156,False
P3_heat_exchanger_RC01,engineering,0,0,LSHADE,14,2984987569613658235,200000,200000,315.0518221798354,315.0518221798354,315.0518221798354,3.4873380181379616,P3_heat_exchanger_RC01,315.0518221798354,0.0,0.0,True
P3_heat_exchanger_RC01,engineering,0,0,LSHADE,15,1339047902821520867,200000,200000,100000.7366825954,100000.7366825954,100000.7366825954,2.3897121159825474,P3_heat_exchanger_RC01,273.01592720318985,0.7366825953936229,0.36623338448682197,False
P3_heat_exchanger_RC01,engineering,0,0,LSHADE,16,1545068445983114176,200000,200000,100000.04958323088,100000.04958323088,100000.04958323088,2.7839381601661444,P3_heat_exchanger_RC01,683.0058658809533,0.04958323088034339,0.03634293756224215,False
P3_heat_exchanger_RC01,engineering,0,0,LSHADE,17,4200237489277082384,200000,200000,487.603838590706,487.603838590706,487.603838590706,3.4221740630455315,P3_heat_exchanger_RC01,487.603838590706,8.533133188370619e-09,8.533133188370619e-09,True
P3_heat_exchanger_RC01,engineering,0,0,LSHADE,18,3193595504611545249,200000,200000,253.87587726533332,253.87587726533332,253.87587726533332,3.404701308114454,P3_heat_exchanger_RC01,253.87587726533332,9.594789867646688e-09,8.066240644565297e-09,True
P3_heat_exchanger_RC01,engineering,0,0,LSHADE,19,7405180775555706377,200000,200000,699.7747089183817,699.7747089183817,699.7747089183817,3.404355478938669,P3_heat_exchanger_RC01,699.7747089183817,0.0,0.0,True
P3_heat_exchanger_RC01,engineering,0,0,LSHADE,20,2778780891593208149,200000,200000,100000.71716367088,100000.71716367088,100000.71716367088,3.4400137460324913,P3_heat_exchanger_RC01,361.8967752454369,0.717163670882121,0.681033825564757,False
P3_heat_exchanger_RC01,engineering,0,0,LSHADE,21,149183582212585886,200000,200000,277.7898918499223,277.7898918499223,277.7898918499223,3.452163659967482,P3_heat_exchanger_RC01,277.7898918499223,8.701572263544776e-09,4.952400922770476e-09,True
P3_heat_exchanger_RC01,engineering,0,0,LSHADE,22,2767889060073466466,200000,200000,524.5372760286452,524.5372760286452,524.5372760286452,3.4204920190386474,P3_heat_exchanger_RC01,524.5372760286452,9.841844439501739e-09,9.841844439501739e-09,True
P3_heat_exchanger_RC01,engineering,0,0,LSHADE,23,4106764447085766202,200000,200000,100000.21366634569,100000.21366634569,100000.21366634569,3.409296434139833,P3_heat_exchanger_RC01,476.53102401536756,0.21366634568912185,0.17141987995021046,False
P3_heat_exchanger_RC01,engineering,0,0,LSHADE,24,4025760829408873942,200000,200000,599.7095107823035,599.7095107823035,599.7095107823035,3.458713351050392,P3_heat_exchanger_RC01,599.7095107823035,9.96145756447563e-09,9.96145756447563e-09,True
P3_heat_exchanger_RC01,engineering,0,0,LSHADE,25,4112106078096902345,200000,200000,697.2923320728362,697.2923320728362,697.2923320728362,3.41369198798202,P3_heat_exchanger_RC01,697.2923320728362,9.999846034572054e-09,9.999846034572054e-09,True
P3_heat_exchanger_RC01,engineering,0,0,LSHADE,26,1281302931155043022,200000,200000,100000.63066792881,100000.63066792881,100000.63066792881,3.388127648970112,P3_heat_exchanger_RC01,539.1073694450339,0.6306679288108745,0.5689901980072738,False
P3_heat_exchanger_RC01,engineering,0,0,LSHADE,27,7173553469296069587,200000,200000,719.5142463963182,719.5142463963182,719.5142463963182,3.422127115074545,P3_heat_exchanger_RC01,719.5142463963182,9.749079514704585e-09,8.754799534049893e-09,True
P3_heat_exchanger_RC01,engineering,0,0,LSHADE,28,3721630445944556306,200000,200000,569.82763284263,569.82763284263,569.82763284263,3.4321937111672014,P3_heat_exchanger_RC01,569.82763284263,8.67769122123239e-09,8.67769122123239e-09,True
P3_heat_exchanger_RC01,engineering,0,0,LSHADE,29,2960850505049536675,200000,200000,100000.19373269085,100000.19373269085,100000.19373269085,3.417658805148676,P3_heat_exchanger_RC01,254.72071636889453,0.19373269084616512,0.1264261289663613,False
P3_heat_exchanger_RC01,engineering,0,0,SEHHO-COBL,0,5440228721964281674,15000,15000,319.5629602907633,319.5629602907633,319.5629602907633,3.888672481989488,P3_heat_exchanger_RC01,319.5629602907633,0.0,0.0,True
P3_heat_exchanger_RC01,engineering,0,0,SEHHO-COBL,1,3410926365350746000,15000,15000,100001.44608413243,100001.44608413243,100001.44608413243,3.2681339872069657,P3_heat_exchanger_RC01,635.0305438038711,1.4460841324309188,0.5476341135879215,False
P3_heat_exchanger_RC01,engineering,0,0,SEHHO-COBL,2,6304245098824670364,15000,15000,100000.00106848778,100000.00106848778,100000.00106848778,2.4970014749560505,P3_heat_exchanger_RC01,515.7597272032514,0.0010684877841844354,0.0010684877841844354,False
P3_heat_exchanger_RC01,engineering,0,0,SEHHO-COBL,3,1996744201950266808,15000,15000,100000.01951773079,100000.01951773079,100000.01951773079,3.358966354979202,P3_heat_exchanger_RC01,492.6942753313347,0.019517730791196664,0.019517730791196664,False
P3_heat_exchanger_RC01,engineering,0,0,SEHHO-COBL,4,4192612666351503357,15000,15000,100044.25671928552,100044.25671928552,100044.25671928552,3.8371444758959115,P3_heat_exchanger_RC01,458.3469434053027,44.25671928551328,24.821021770906246,False
P3_heat_exchanger_RC01,engineering,0,0,SEHHO-COBL,5,1558485685280427402,15000,15000,214.66611687115687,214.66611687115687,214.66611687115687,3.7160227589774877,P3_heat_exchanger_RC01,214.66611687115687,0.0,0.0,True
P3_heat_exchanger_RC01,engineering,0,0,SEHHO-COBL,6,4589838661289214647,15000,15000,615.49347271225,615.49347271225,615.49347271225,3.2074808389879763,P3_heat_exchanger_RC01,615.49347271225,0.0,0.0,True
P3_heat_exchanger_RC01,engineering,0,0,SEHHO-COBL,7,3993610849973626751,15000,15000,100000.39383440641,100000.39383440641,100000.39383440641,3.535100542008877,P3_heat_exchanger_RC01,787.8728396379901,0.39383440640307965,0.31722153636403383,False
P3_heat_exchanger_RC01,engineering,0,0,SEHHO-COBL,8,82230564105017983,15000,15000,529.1171257555774,529.1171257555774,529.1171257555774,3.8671683981083333,P3_heat_exchanger_RC01,529.1171257555774,0.0,0.0,True
P3_heat_exchanger_RC01,engineering,0,0,SEHHO-COBL,9,6308033389855059150,15000,15000,100000.00006922768,100000.00006922768,100000.00006922768,3.9043210858944803,P3_heat_exchanger_RC01,310.7400637964896,6.922768211079528e-05,5.250805063260486e-05,False
P3_heat_exchanger_RC01,engineering,0,0,SEHHO-COBL,10,6795069394353195073,15000,15000,100000.34731334473,100000.34731334473,100000.34731334473,3.9031251140404493,P3_heat_exchanger_RC01,302.58216345678784,0.3473133447269775,0.07638548010538825,False
P3_heat_exchanger_RC01,engineering,0,0,SEHHO-COBL,11,6728947377932633918,15000,15000,245.74006416693453,245.74006416693453,245.74006416693453,3.9457421500701457,P3_heat_exchanger_RC01,245.74006416693453,0.0,0.0,True
P3_heat_exchanger_RC01,engineering,0,0,SEHHO-COBL,12,2287577557210547143,15000,15000,100000.01140745498,100000.01140745498,100000.01140745498,3.754797579953447,P3_heat_exchanger_RC01,467.70147931215604,0.011407454979894073,0.005811764334257441,False
P3_heat_exchanger_RC01,engineering,0,0,SEHHO-COBL,13,2530498432986131697,15000,15000,100008.46309456708,100008.46309456708,100008.46309456708,3.5322717181406915,P3_heat_exchanger_RC01,202.21529020175396,8.463094567074627,6.026971224991232,False
P3_heat_exchanger_RC01,engineering,0,0,SEHHO-COBL,14,212784437537384165,15000,15000,100000.05327927157,100000.05327927157,100000.05327927157,2.29137376206927,P3_heat_exchanger_RC01,532.4973590689616,0.053279271568819064,0.02881739853657782,False
P3_heat_exchanger_RC01,engineering,0,0,SEHHO-COBL,15,8696524623718819986,15000,15000,775.2956914263688,775.2956914263688,775.2956914263688,2.274169900920242,P3_heat_exchanger_RC01,775.2956914263688,0.0,0.0,True
P3_heat_exchanger_RC01,engineering,0,0,SEHHO-COBL,16,3464683701084501719,15000,15000,100000.00450115757,100000.00450115757,100000.00450115757,2.249101863009855,P3_heat_exchanger_RC01,561.2725918590329,0.004501157566159964,0.0032322565723210575,False
P3_heat_exchanger_RC01,engineering,0,0,SEHHO-COBL,17,7257225510401574582,15000,15000,283.5648234404204,283.5648234404204,283.5648234404204,2.769031086936593,P3_heat_exchanger_RC01,283.5648234404204,0.0,0.0,True
P3_heat_exchanger_RC01,engineering,0,0,SEHHO-COBL,18,680815489722018170,15000,15000,100000.01956666724,100000.01956666724,100000.01956666724,2.3490854939445853,P3_heat_exchanger_RC01,570.4841086895934,0.019566667233536828,0.019566667233536828,False
P3_heat_exchanger_RC01,engineering,0,0,SEHHO-COBL,19,5062670298036064322,15000,15000,100000.01876273884,100000.01876273884,100000.01876273884,2.3615160931367427,P3_heat_exchanger_RC01,377.62026264659147,0.018762738837621463,0.018075798002630473,False
P3_heat_exchanger_RC01,engineering,0,0,SEHHO-COBL,20,5940837771346555160,15000,15000,100011.03752439085,100011.03752439085,100011.03752439085,2.551823318004608,P3_heat_exchanger_RC01,376.36923786928656,11.037524390843426,9.445142739554047,False
P3_heat_exchanger_RC01,engineering,0,0,SEHHO-COBL,21,8598420279120465612,15000,15000,100000.38190329369,100000.38190329369,100000.38190329369,2.3618291900493205,P3_heat_exchanger_RC01,593.6275273829865,0.38190329368502685,0.22185943398401142,False
P3_heat_exchanger_RC01,engineering,0,0,SEHHO-COBL,22,1286135154486828988,15000,15000,100000.00602525467,100000.00602525467,100000.00602525467,3.2159737050533295,P3_heat_exchanger_RC01,300.9705711151701,0.006025254672554092,0.006025254672554092,False
P3_heat_exchanger_RC01,engineering,0,0,SEHHO-COBL,23,1338059915948175723,15000,15000,100000.00184059858,100000.00184059858,100000.00184059858,3.8505435530096292,P3_heat_exchanger_RC01,289.5402487849648,0.0018405985826277175,0.001463029596582055,False
P3_heat_exchanger_RC01,engineering,0,0,SEHHO-COBL,24,4616417958467373565,15000,15000,417.8638177197909,417.8638177197909,417.8638177197909,3.820470290025696,P3_heat_exchanger_RC01,417.8638177197909,0.0,0.0,True
P3_heat_exchanger_RC01,engineering,0,0,SEHHO-COBL,25,8364845435679891761,15000,15000,279.1047136750356,279.1047136750356,279.1047136750356,3.8406634049024433,P3_heat_exchanger_RC01,279.1047136750356,0.0,0.0,True
P3_heat_exchanger_RC01,engineering,0,0,SEHHO-COBL,26,987792478301223628,15000,15000,387.2159589172198,387.2159589172198,387.2159589172198,3.799700651783496,P3_heat_exchanger_RC01,387.2159589172198,0.0,0.0,True
P3_heat_exchanger_RC01,engineering,0,0,SEHHO-COBL,27,7045865852487743093,15000,15000,339.2343129768285,339.2343129768285,339.2343129768285,3.3668386479839683,P3_heat_exchanger_RC01,339.2343129768285,0.0,0.0,True
P3_heat_exchanger_RC01,engineering,0,0,SEHHO-COBL,28,9059907720249006992,15000,15000,100000.84947730885,100000.84947730885,100000.84947730885,2.304406511131674,P3_heat_exchanger_RC01,392.70185506432455,0.8494773088404314,0.7817727993872017,False
P3_heat_exchanger_RC01,engineering,0,0,SEHHO-COBL,29,352721855436932021,15000,15000,100000.01010802359,100000.01010802359,100000.01010802359,2.3455625569913536,P3_heat_exchanger_RC01,555.0232892738378,0.010108023597442662,0.010108023597442662,False
P4_blending_pooling_RC06,engineering,0,0,SEHHO-COBL,0,8026546316644477289,15000,15000,1019.8275871606155,1019.8275871606155,1019.8275871606155,4.823774919845164,P4_blending_pooling_RC06,2.396318216838289,19.82758716061548,9.99998930371963,False
P4_blending_pooling_RC06,engineering,0,0,SEHHO-COBL,1,7057281333216600022,15000,15000,1008.4979488481767,1008.4979488481767,1008.4979488481767,6.19081081985496,P4_blending_pooling_RC06,2.5180762006350905,8.497948848176797,5.378575885818879,False
P4_blending_pooling_RC06,engineering,0,0,SEHHO-COBL,2,7992800114280123568,15000,15000,1006.9622607465672,1006.9622607465672,1006.9622607465672,6.645485297078267,P4_blending_pooling_RC06,1.6981991673098964,6.962260746567182,2.147265506924579,False
P4_blending_pooling_RC06,engineering,0,0,SEHHO-COBL,3,3506182232673757568,15000,15000,1024.703233490314,1024.703233490314,1024.703233490314,5.456245720852166,P4_blending_pooling_RC06,2.257974984207358,24.70323349031411,18.846619723318145,False
P4_blending_pooling_RC06,engineering,0,0,SEHHO-COBL,4,3263515439277455416,15000,15000,1025.011210811706,1025.011210811706,1025.011210811706,4.147039862815291,P4_blending_pooling_RC06,2.138948977664696,25.01121081170601,18.92883405940704,False
P4_blending_pooling_RC06,engineering,0,0,SEHHO-COBL,5,661927418340404277,15000,15000,1011.431469622209,1011.431469622209,1011.431469622209,6.478582982206717,P4_blending_pooling_RC06,2.1788594873131286,11.431469622208994,3.500566042944724,False
P4_blending_pooling_RC06,engineering,0,0,SEHHO-COBL,6,5621072511460293338,15000,15000,1024.3111506220916,1024.3111506220916,1024.3111506220916,6.583620847901329,P4_blending_pooling_RC06,2.173142278765771,24.31115062209162,13.850789628986671,False
P4_blending_pooling_RC06,engineering,0,0,SEHHO-COBL,7,213665876517836206,15000,15000,1007.337114687192,1007.337114687192,1007.337114687192,4.668400309979916,P4_blending_pooling_RC06,2.2817153459018717,7.337114687191944,2.494431658942456,False
P4_blending_pooling_RC06,engineering,0,0,SEHHO-COBL,8,4612111793516829936,15000,15000,1010.0154093760149,1010.0154093760149,1010.0154093760149,4.137903910828754,P4_blending_pooling_RC06,2.4962954660527945,10.015409376014846,2.7894507730649436,False
P4_blending_pooling_RC06,engineering,0,0,SEHHO-COBL,9,6997065959924244877,15000,15000,1023.9424269633854,1023.9424269633854,1023.9424269633854,6.175211207009852,P4_blending_pooling_RC06,1.8454907436780852,23.942426963385447,18.753014200053972,False
P4_blending_pooling_RC06,engineering,0,0,SEHHO-COBL,10,5140841445584764985,15000,15000,1027.531843827814,1027.531843827814,1027.531843827814,6.635658550076187,P4_blending_pooling_RC06,2.3318012370833183,27.531843827814043,20.256539626960304,False
P4_blending_pooling_RC06,engineering,0,0,SEHHO-COBL,11,6280224621904534455,15000,15000,1017.303935121718,1017.303935121718,1017.303935121718,6.672233935911208,P4_blending_pooling_RC06,1.7594339103858998,17.30393512171806,3.183113468444654,False
P4_blending_pooling_RC06,engineering,0,0,SEHHO-COBL,12,3917502766141290323,15000,15000,1024.4993928058343,1024.4993928058343,1024.4993928058343,6.577520620077848,P4_blending_pooling_RC06,2.501016630435384,24.499392805834226,14.466859378844358,False
P4_blending_pooling_RC06,engineering,0,0,SEHHO-COBL,13,2334328574534628786,15000,15000,1012.18287371734,1012.18287371734,1012.18287371734,6.636618038872257,P4_blending_pooling_RC06,2.4089144911898064,12.182873717340087,3.199825817453243,False
P4_blending_pooling_RC06,engineering,0,0,SEHHO-COBL,14,6008555951214004183,15000,15000,1025.8828729449845,1025.8828729449845,1025.8828729449845,6.609785472974181,P4_blending_pooling_RC06,2.259312213000295,25.882872944984545,18.69904444018142,False
P4_blending_pooling_RC06,engineering,0,0,SEHHO-COBL,15,3769128140392230629,15000,15000,1020.1279227632448,1020.1279227632448,1020.1279227632448,6.624443749897182,P4_blending_pooling_RC06,2.2392621501186074,20.12792276324481,12.906423942586681,False
P4_blending_pooling_RC06,engineering,0,0,SEHHO-COBL,16,4634552005488787009,15000,15000,1024.4512414571152,1024.4512414571152,1024.4512414571152,6.530288028065115,P4_blending_pooling_RC06,2.2960160491032235,24.451241457115117,19.78082322950805,False
P4_blending_pooling_RC06,engineering,0,0,SEHHO-COBL,17,3701014640668594608,15000,15000,1024.27638579926,1024.27638579926,1024.27638579926,4.783386032097042,P4_blending_pooling_RC06,2.274567762662729,24.27638579925999,18.315107028424237,False
P4_blending_pooling_RC06,engineering,0,0,SEHHO-COBL,18,7821954790251796713,15000,15000,1020.4402746769774,1020.4402746769774,1020.4402746769774,4.031466148793697,P4_blending_pooling_RC06,2.188305383781824,20.440274676977463,15.388368293992823,False
P4_blending_pooling_RC06,engineering,0,0,SEHHO-COBL,19,8257310478945203902,15000,15000,1004.5475978433402,1004.5475978433402,1004.5475978433402,4.722590537974611,P4_blending_pooling_RC06,2.2032108245316007,4.547597843340265,1.3904242191511036,False
P4_blending_pooling_RC06,engineering,0,0,SEHHO-COBL,20,4543689958418783981,15000,15000,1005.6143720259583,1005.6143720259583,1005.6143720259583,6.288208920974284,P4_blending_pooling_RC06,1.4813835401131317,5.614372025958399,0.7942866612578745,False
P4_blending_pooling_RC06,engineering,0,0,SEHHO-COBL,21,4050828008949653408,15000,15000,1026.9616025867213,1026.9616025867213,1026.9616025867213,5.716629093047231,P4_blending_pooling_RC06,1.7468742229075072,26.961602586721362,18.336912013743525,False
P4_blending_pooling_RC06,engineering,0,0,SEHHO-COBL,22,3185057610767168136,15000,15000,1019.1467498156559,1019.1467498156559,1019.1467498156559,6.455969447037205,P4_blending_pooling_RC06,2.1126210949571327,19.146749815655852,7.394816301028147,False
P4_blending_pooling_RC06,engineering,0,0,SEHHO-COBL,23,5582959027091191931,15000,15000,1025.3807541147135,1025.3807541147135,1025.3807541147135,6.56709520984441,P4_blending_pooling_RC06,1.9060049771445127,25.380754114713497,17.783937654197278,False
P4_blending_pooling_RC06,engineering,0,0,SEHHO-COBL,24,6975864939591549108,15000,15000,1025.1735032583122,1025.1735032583122,1025.1735032583122,6.574577811174095,P4_blending_pooling_RC06,1.8761524973307806,25.173503258312255,18.299331090654004,False
P4_blending_pooling_RC06,engineering,0,0,SEHHO-COBL,25,399912850429359206,15000,15000,1003.6415886862075,1003.6415886862075,1003.6415886862075,6.570066581945866,P4_blending_pooling_RC06,2.5464913343180244,3.641588686207453,0.7720519973008367,False
P4_blending_pooling_RC06,engineering,0,0,SEHHO-COBL,26,7617732674243519908,15000,15000,1006.6309838750215,1006.6309838750215,1006.6309838750215,6.573486044071615,P4_blending_pooling_RC06,1.8894020731462033,6.630983875021421,1.0923818125281906,False
P4_blending_pooling_RC06,engineering,0,0,SEHHO-COBL,27,5614887786833976711,15000,15000,1021.036990695471,1021.036990695471,1021.036990695471,6.548323649214581,P4_blending_pooling_RC06,1.9777714505683357,21.03699069547096,15.180972131087433,False
P4_blending_pooling_RC06,engineering,0,0,SEHHO-COBL,28,2686813263292883988,15000,15000,1014.6666543969936,1014.6666543969936,1014.6666543969936,6.524119391106069,P4_blending_pooling_RC06,2.2701291314778205,14.666654396993641,6.647624162508524,False
P4_blending_pooling_RC06,engineering,0,0,SEHHO-COBL,29,3439077626324662623,15000,15000,1019.2533209059231,1019.2533209059231,1019.2533209059231,6.518536642892286,P4_blending_pooling_RC06,2.3261156793905498,19.253320905923204,14.597430132843943,False
P4_blending_pooling_RC06,engineering,0,0,LSHADE,0,588069505063312218,1000000,1000000,1000.4250524573034,1000.4250524573034,1000.4250524573034,8.680830733850598,P4_blending_pooling_RC06,2.362249919405187,0.42505245730338126,0.4209546141332887,False
P4_blending_pooling_RC06,engineering,0,0,LSHADE,1,5768784987077602545,1000000,1000000,1000.5445109754529,1000.5445109754529,1000.5445109754529,9.006906934082508,P4_blending_pooling_RC06,2.0412239451821454,0.5445109754529626,0.4422924383849906,False
P4_blending_pooling_RC06,engineering,0,0,LSHADE,2,2530080137216596057,1000000,1000000,1000.2656261854721,1000.2656261854721,1000.2656261854721,8.968679569894448,P4_blending_pooling_RC06,2.0330079571698834,0.2656261854720676,0.26015842739209494,False
P4_blending_pooling_RC06,engineering,0,0,LSHADE,3,8439019761374079119,1000000,1000000,1000.0652691152563,1000.0652691152563,1000.0652691152563,7.309344287961721,P4_blending_pooling_RC06,2.1665017608692816,0.06526911525634117,0.046950809282540994,False
P4_blending_pooling_RC06,engineering,0,0,LSHADE,4,1606497576438715809,1000000,1000000,1001.3097930101089,1001.3097930101089,1001.3097930101089,7.135994031094015,P4_blending_pooling_RC06,2.4200014948974866,1.3097930101089017,0.7953978655768422,False
P4_blending_pooling_RC06,engineering,0,0,LSHADE,5,3428340935623906228,1000000,1000000,1001.0672549231698,1001.0672549231698,1001.0672549231698,7.883908652933314,P4_blending_pooling_RC06,2.366236803176201,1.0672549231697657,0.5015362117863736,False
P4_blending_pooling_RC06,engineering,0,0,LSHADE,6,4100901560929559086,1000000,1000000,1001.1303201461367,1001.1303201461367,1001.1303201461367,8.760369626106694,P4_blending_pooling_RC06,2.547021957867388,1.1303201461366512,0.5131976369900276,False
P4_blending_pooling_RC06,engineering,0,0,LSHADE,7,1152047015780390184,1000000,1000000,1000.1747364572386,1000.1747364572386,1000.1747364572386,8.791721647139639,P4_blending_pooling_RC06,2.103000572371581,0.17473645723863626,0.13583940768763636,False
P4_blending_pooling_RC06,engineering,0,0,LSHADE,8,4924595399715579264,1000000,1000000,1000.2970680684465,1000.2970680684465,1000.2970680684465,8.245794522110373,P4_blending_pooling_RC06,2.0140308210992175,0.2970680684464665,0.28817365684717966,False
P4_blending_pooling_RC06,engineering,0,0,LSHADE,9,6268658402116074709,1000000,1000000,1002.0789504552667,1002.0789504552667,1002.0789504552667,6.57380815804936,P4_blending_pooling_RC06,2.01288118640485,2.0789504552667166,0.7252904047639868,False
P4_blending_pooling_RC06,engineering,0,0,LSHADE,10,1652977282862749922,1000000,1000000,1001.1997156649538,1001.1997156649538,1001.1997156649538,8.407276062993333,P4_blending_pooling_RC06,2.6699840250871927,1.199715664953847,0.49540662258877316,False
P4_blending_pooling_RC06,engineering,0,0,LSHADE,11,4160978773383591229,1000000,1000000,1000.2687301451103,1000.2687301451103,1000.2687301451103,8.679890972096473,P4_blending_pooling_RC06,2.3700207210824247,0.2687301451103451,0.14997486265569115,False
P4_blending_pooling_RC06,engineering,0,0,LSHADE,12,8669724721859669737,1000000,1000000,1000.5784812134353,1000.5784812134353,1000.5784812134353,8.350300633115694,P4_blending_pooling_RC06,2.435976552236536,0.5784812134353225,0.5029656848355188,False
P4_blending_pooling_RC06,engineering,0,0,LSHADE,13,8028769795730677590,1000000,1000000,1001.0467036387746,1001.0467036387746,1001.0467036387746,5.622989368857816,P4_blending_pooling_RC06,1.8837998520335777,1.0467036387745612,0.4247009348445048,False
P4_blending_pooling_RC06,engineering,0,0,LSHADE,14,7870233692595732492,1000000,1000000,1000.4410536572769,1000.4410536572769,1000.4410536572769,8.358149541076273,P4_blending_pooling_RC06,2.0498962195762616,0.4410536572768874,0.4361005465968656,False
P4_blending_pooling_RC06,engineering,0,0,LSHADE,15,365198973720845064,1000000,1000000,1000.3248830493617,1000.3248830493617,1000.3248830493617,7.727685853140429,P4_blending_pooling_RC06,2.5486836069113794,0.32488304936174184,0.27687556095567545,False
P4_blending_pooling_RC06,engineering,0,0,LSHADE,16,3049399977346368317,1000000,1000000,1000.1451019982218,1000.1451019982218,1000.1451019982218,5.340673750033602,P4_blending_pooling_RC06,2.159191608871316,0.1451019982217694,0.09432416859232716,False
P4_blending_pooling_RC06,engineering,0,0,LSHADE,17,5695048521843086080,1000000,1000000,1001.6150424817122,1001.6150424817122,1001.6150424817122,5.4434514690656215,P4_blending_pooling_RC06,2.135168433602162,1.6150424817121407,0.5675322177569136,False
P4_blending_pooling_RC06,engineering,0,0,LSHADE,18,4060413629951047344,1000000,1000000,1001.5811356066979,1001.5811356066979,1001.5811356066979,7.211958308937028,P4_blending_pooling_RC06,2.313587425565797,1.5811356066978444,0.757958466183831,False
P4_blending_pooling_RC06,engineering,0,0,LSHADE,19,3265706906548153867,1000000,1000000,1000.1546473581659,1000.1546473581659,1000.1546473581659,5.513663191115484,P4_blending_pooling_RC06,1.9736532564250884,0.15464735816589922,0.045169491996497065,False
P4_blending_pooling_RC06,engineering,0,0,LSHADE,20,1653229796023196566,1000000,1000000,1000.0924568806773,1000.0924568806773,1000.0924568806773,5.515636922093108,P4_blending_pooling_RC06,2.149666356769299,0.09245688067736772,0.0475054122353331,False
P4_blending_pooling_RC06,engineering,0,0,LSHADE,21,257649693195648499,1000000,1000000,1001.8148084102066,1001.8148084102066,1001.8148084102066,5.626876107184216,P4_blending_pooling_RC06,2.0706476744519224,1.81480841020669,0.6090938058685037,False
P4_blending_pooling_RC06,engineering,0,0,LSHADE,22,383993257069650211,1000000,1000000,1001.2413555655693,1001.2413555655693,1001.2413555655693,5.547095633111894,P4_blending_pooling_RC06,2.439405266653649,1.241355565569239,0.5007818613076521,False
P4_blending_pooling_RC06,engineering,0,0,LSHADE,23,929825818021442564,1000000,1000000,1001.4456402203575,1001.4456402203575,1001.4456402203575,5.531071374192834,P4_blending_pooling_RC06,2.421556167241926,1.4456402203575691,0.5001405100440477,False
P4_blending_pooling_RC06,engineering,0,0,LSHADE,24,3586436696345896951,1000000,1000000,1000.4524483627372,1000.4524483627372,1000.4524483627372,5.605859647039324,P4_blending_pooling_RC06,2.220925933077045,0.45244836273722894,0.4223551049134674,False
P4_blending_pooling_RC06,engineering,0,0,LSHADE,25,3377771762937316908,1000000,1000000,1001.2281459789431,1001.2281459789431,1001.2281459789431,5.520856990013272,P4_blending_pooling_RC06,2.490337046981543,1.228145978943067,0.7955029273300946,False
P4_blending_pooling_RC06,engineering,0,0,LSHADE,26,3723011400705047905,1000000,1000000,1001.3481214775451,1001.3481214775451,1001.3481214775451,5.520700516877696,P4_blending_pooling_RC06,2.4243516565907397,1.34812147754505,0.49974626009469464,False
P4_blending_pooling_RC06,engineering,0,0,LSHADE,27,3961118750200371672,1000000,1000000,1001.2749797014853,1001.2749797014853,1001.2749797014853,6.430843719979748,P4_blending_pooling_RC06,2.488931942789185,1.2749797014853603,0.8205387385889209,False
P4_blending_pooling_RC06,engineering,0,0,LSHADE,28,633650701675009889,1000000,1000000,1001.3186624510228,1001.3186624510228,1001.3186624510228,5.540244415868074,P4_blending_pooling_RC06,2.36502809472642,1.3186624510228169,0.6576234936957348,False
P4_blending_pooling_RC06,engineering,0,0,LSHADE,29,544560544041954721,1000000,1000000,1000.5034746245484,1000.5034746245484,1000.5034746245484,5.564928923966363,P4_blending_pooling_RC06,2.156553311179875,0.503474624548373,0.453906294666158,False
P4_blending_pooling_RC06,engineering,0,0,jSO,0,7682408772309155535,1000000,1000000,1001.4804609657627,1001.4804609657627,1001.4804609657627,9.875916101969779,P4_blending_pooling_RC06,2.3466390297004236,1.480460965762767,0.8387897715308329,False
P4_blending_pooling_RC06,engineering,0,0,jSO,1,916799319180791912,1000000,1000000,1000.6665948135283,1000.6665948135283,1000.6665948135283,10.146542913047597,P4_blending_pooling_RC06,2.300905537573552,0.666594813528226,0.4626973258362042,False
P4_blending_pooling_RC06,engineering,0,0,jSO,2,8119607364645046600,1000000,1000000,1001.9916497437197,1001.9916497437197,1001.9916497437197,9.360570072894916,P4_blending_pooling_RC06,2.2208100532054624,1.991649743719624,0.6829528882702713,False
P4_blending_pooling_RC06,engineering,0,0,jSO,3,498986992524419644,1000000,1000000,1001.6419441930541,1001.6419441930541,1001.6419441930541,10.29911502590403,P4_blending_pooling_RC06,2.6256570821094334,1.6419441930540928,0.5902587681011724,False
P4_blending_pooling_RC06,engineering,0,0,jSO,4,2417265825894549012,1000000,1000000,1001.2486318979767,1001.2486318979767,1001.2486318979767,10.567889894125983,P4_blending_pooling_RC06,2.652668260458966,1.248631897976736,0.7538336600106234,False
P4_blending_pooling_RC06,engineering,0,0,jSO,5,5480610913673335400,1000000,1000000,1001.2136431694239,1001.2136431694239,1001.2136431694239,7.884694957872853,P4_blending_pooling_RC06,2.5273626267596576,1.213643169423897,0.753927658967121,False
P4_blending_pooling_RC06,engineering,0,0,jSO,6,4783832578882010506,1000000,1000000,1000.4390586817836,1000.4390586817836,1000.4390586817836,6.764224728103727,P4_blending_pooling_RC06,2.606628115156351,0.4390586817836216,0.2561928386681163,False
P4_blending_pooling_RC06,engineering,0,0,jSO,7,898009485400416419,1000000,1000000,1001.465235921626,1001.465235921626,1001.465235921626,7.597741921897978,P4_blending_pooling_RC06,2.608136095661779,1.4652359216259954,0.4931978875178808,False
P4_blending_pooling_RC06,engineering,0,0,jSO,8,6111760223974139099,1000000,1000000,1001.630831580689,1001.630831580689,1001.630831580689,9.1436607548967,P4_blending_pooling_RC06,2.238034906537096,1.6308315806889961,0.7676155266364492,False
P4_blending_pooling_RC06,engineering,0,0,jSO,9,8333336294513618501,1000000,1000000,1001.5115799697982,1001.5115799697982,1001.5115799697982,10.029000146081671,P4_blending_pooling_RC06,2.751770146215386,1.5115799697981758,0.4829796588413839,False
P4_blending_pooling_RC06,engineering,0,0,jSO,10,6598665860340136930,1000000,1000000,1001.5959441125555,1001.5959441125555,1001.5959441125555,8.379325600108132,P4_blending_pooling_RC06,1.7814625666288322,1.5959441125554108,0.6059647654728968,False
P4_blending_pooling_RC06,engineering,0,0,jSO,11,2557074832253767256,1000000,1000000,1001.6243278604536,1001.6243278604536,1001.6243278604536,6.154628179967403,P4_blending_pooling_RC06,2.6008088180072537,1.624327860453613,0.6434826347092923,False
P4_blending_pooling_RC06,engineering,0,0,jSO,12,905349999546823009,1000000,1000000,1001.7359523275702,1001.7359523275702,1001.7359523275702,6.165900619002059,P4_blending_pooling_RC06,2.5704621165218793,1.735952327570185,0.6411736415671903,False
P4_blending_pooling_RC06,engineering,0,0,jSO,13,6248384505061517906,1000000,1000000,1000.6178643029274,1000.6178643029274,1000.6178643029274,6.694685657974333,P4_blending_pooling_RC06,2.4586995878584226,0.6178643029273521,0.43533084175757536,False
P4_blending_pooling_RC06,engineering,0,0,jSO,14,1852191825754473071,1000000,1000000,1000.508301611157,1000.508301611157,1000.508301611157,6.378776523983106,P4_blending_pooling_RC06,2.1875442407420707,0.5083016111569403,0.3542367893099213,False
P4_blending_pooling_RC06,engineering,0,0,jSO,15,3993668122549850525,1000000,1000000,1000.271358761793,1000.271358761793,1000.271358761793,6.314158131135628,P4_blending_pooling_RC06,2.5089385058308777,0.2713587617929695,0.1884743046536154,False
P4_blending_pooling_RC06,engineering,0,0,jSO,16,4321036174254403308,1000000,1000000,1000.4297403631691,1000.4297403631691,1000.4297403631691,6.310346042970195,P4_blending_pooling_RC06,2.54817519317898,0.42974036316913383,0.38841747627017004,False
P4_blending_pooling_RC06,engineering,0,0,jSO,17,2096789963164098641,1000000,1000000,1001.79407093042,1001.79407093042,1001.79407093042,6.521540956106037,P4_blending_pooling_RC06,2.175215113787263,1.7940709304201032,0.6960646362167057,False
P4_blending_pooling_RC06,engineering,0,0,jSO,18,1419501983928321159,1000000,1000000,1001.2509646478172,1001.2509646478172,1001.2509646478172,9.885811758926138,P4_blending_pooling_RC06,2.5810945803556904,1.2509646478171812,0.6912813000974659,False
P4_blending_pooling_RC06,engineering,0,0,jSO,19,86370984047188376,1000000,1000000,1001.2240586056121,1001.2240586056121,1001.2240586056121,8.713409616146237,P4_blending_pooling_RC06,2.5128686693301057,1.2240586056120766,0.769445249277464,False
P4_blending_pooling_RC06,engineering,0,0,jSO,20,7663128071609798458,1000000,1000000,1000.2868770450544,1000.2868770450544,1000.2868770450544,6.163237685104832,P4_blending_pooling_RC06,2.3069237261357625,0.2868770450544564,0.16198448616821035,False
P4_blending_pooling_RC06,engineering,0,0,jSO,21,7835608083182869359,1000000,1000000,1001.8159647096313,1001.8159647096313,1001.8159647096313,6.421455485979095,P4_blending_pooling_RC06,2.62053645260756,1.8159647096313405,0.473314719895659,False
P4_blending_pooling_RC06,engineering,0,0,jSO,22,5380628593063326276,1000000,1000000,1001.3957448131328,1001.3957448131328,1001.3957448131328,6.416553372982889,P4_blending_pooling_RC06,2.464419950234706,1.3957448131327526,0.7070262873954374,False
P4_blending_pooling_RC06,engineering,0,0,jSO,23,8924079916317583296,1000000,1000000,1000.6055657993556,1000.6055657993556,1000.6055657993556,6.363623027922586,P4_blending_pooling_RC06,2.259737541526275,0.605565799355701,0.46139597915324365,False
P4_blending_pooling_RC06,engineering,0,0,jSO,24,1299363296687547892,1000000,1000000,1001.4466856910325,1001.4466856910325,1001.4466856910325,6.3462684450205415,P4_blending_pooling_RC06,2.268017938553387,1.4466856910325179,0.5017807540885544,False
P4_blending_pooling_RC06,engineering,0,0,jSO,25,2317536155608636317,1000000,1000000,1000.6045711996646,1000.6045711996646,1000.6045711996646,6.398008507909253,P4_blending_pooling_RC06,2.554722953741714,0.6045711996646093,0.46690129483342324,False
P4_blending_pooling_RC06,engineering,0,0,jSO,26,17322005265849281,1000000,1000000,1000.7314932256835,1000.7314932256835,1000.7314932256835,6.167462015990168,P4_blending_pooling_RC06,2.6584659130367223,0.7314932256835246,0.4712724641580683,False
P4_blending_pooling_RC06,engineering,0,0,jSO,27,7923867611158502293,1000000,1000000,1001.6809831254134,1001.6809831254134,1001.6809831254134,6.151321949902922,P4_blending_pooling_RC06,2.2017165215691854,1.6809831254133902,0.830302322999399,False
P4_blending_pooling_RC06,engineering,0,0,jSO,28,9032845254119077918,1000000,1000000,1001.361044447837,1001.361044447837,1001.361044447837,6.2493983439635485,P4_blending_pooling_RC06,2.5057253525594545,1.3610444478370538,0.5474252571863117,False
P4_blending_pooling_RC06,engineering,0,0,jSO,29,1817830753110560701,1000000,1000000,1000.2586399126527,1000.2586399126527,1000.2586399126527,6.202632087050006,P4_blending_pooling_RC06,2.5015924979588586,0.25863991265265585,0.25863991265265585,False
P3_heat_exchanger_RC01,engineering,0,0,SEHHO-COBL,0,5440228721964281674,50000,50000,100000.0048907847,100000.0048907847,100000.0048907847,11.932100086007267,P3_heat_exchanger_RC01,308.5094313597319,0.004890784693291061,0.004890784693291061,False
P3_heat_exchanger_RC01,engineering,0,0,SEHHO-COBL,1,3410926365350746000,50000,50000,684.3733760078991,684.3733760078991,684.3733760078991,8.38441503397189,P3_heat_exchanger_RC01,684.3733760078991,0.0,0.0,True
P3_heat_exchanger_RC01,engineering,0,0,SEHHO-COBL,2,6304245098824670364,50000,50000,601.1131012880586,601.1131012880586,601.1131012880586,8.101613182807341,P3_heat_exchanger_RC01,601.1131012880586,0.0,0.0,True
P3_heat_exchanger_RC01,engineering,0,0,SEHHO-COBL,3,1996744201950266808,50000,50000,100003.99523783606,100003.99523783606,100003.99523783606,7.615854948060587,P3_heat_exchanger_RC01,465.47182705864486,3.9952378360670138,3.4089077020227907,False
P3_heat_exchanger_RC01,engineering,0,0,SEHHO-COBL,4,4192612666351503357,50000,50000,100000.01783070239,100000.01783070239,100000.01783070239,11.26123667997308,P3_heat_exchanger_RC01,402.25746995580965,0.017830702392959575,0.017830702392959575,False
P3_heat_exchanger_RC01,engineering,0,0,SEHHO-COBL,5,1558485685280427402,50000,50000,519.8574202998527,519.8574202998527,519.8574202998527,12.572893934091553,P3_heat_exchanger_RC01,519.8574202998527,0.0,0.0,True
P3_heat_exchanger_RC01,engineering,0,0,SEHHO-COBL,6,4589838661289214647,50000,50000,322.21277778049387,322.21277778049387,322.21277778049387,11.394760844996199,P3_heat_exchanger_RC01,322.21277778049387,0.0,0.0,True
P3_heat_exchanger_RC01,engineering,0,0,SEHHO-COBL,7,3993610849973626751,50000,50000,746.2153709351716,746.2153709351716,746.2153709351716,11.717107730917633,P3_heat_exchanger_RC01,746.2153709351716,0.0,0.0,True
P3_heat_exchanger_RC01,engineering,0,0,SEHHO-COBL,8,82230564105017983,50000,50000,420.91843832808604,420.91843832808604,420.91843832808604,10.951185161015019,P3_heat_exchanger_RC01,420.91843832808604,0.0,0.0,True
P3_heat_exchanger_RC01,engineering,0,0,SEHHO-COBL,9,6308033389855059150,50000,50000,100007.25603043487,100007.25603043487,100007.25603043487,10.012191978050396,P3_heat_exchanger_RC01,381.20597320839516,7.256030434868485,7.218641162214428,False
P3_heat_exchanger_RC01,engineering,0,0,SEHHO-COBL,10,6795069394353195073,50000,50000,396.72730433664003,396.72730433664003,396.72730433664003,12.329939594957978,P3_heat_exchanger_RC01,396.72730433664003,0.0,0.0,True
P3_heat_exchanger_RC01,engineering,0,0,SEHHO-COBL,11,6728947377932633918,50000,50000,260.4615773185015,260.4615773185015,260.4615773185015,11.352274003904313,P3_heat_exchanger_RC01,260.4615773185015,0.0,0.0,True
P3_heat_exchanger_RC01,engineering,0,0,SEHHO-COBL,12,2287577557210547143,50000,50000,100000.01150523197,100000.01150523197,100000.01150523197,7.460009244969115,P3_heat_exchanger_RC01,373.47339922248153,0.011505231981434372,0.011505231981434372,False
P3_heat_exchanger_RC01,engineering,0,0,SEHHO-COBL,13,2530498432986131697,50000,50000,100000.01978732274,100000.01978732274,100000.01978732274,7.621888712979853,P3_heat_exchanger_RC01,364.8534290858454,0.019787322742306424,0.019787322742306424,False
P3_heat_exchanger_RC01,engineering,0,0,SEHHO-COBL,14,212784437537384165,50000,50000,100000.00494291367,100000.00494291367,100000.00494291367,8.473704539937899,P3_heat_exchanger_RC01,740.9985829530343,0.004942913670536109,0.004942913670536109,False
P3_heat_exchanger_RC01,engineering,0,0,SEHHO-COBL,15,8696524623718819986,50000,50000,522.3709599492455,522.3709599492455,522.3709599492455,7.81494130496867,P3_heat_exchanger_RC01,522.3709599492455,9.933400724529678e-09,6.815046072001433e-09,True
P3_heat_exchanger_RC01,engineering,0,0,SEHHO-COBL,16,3464683701084501719,50000,50000,537.5679813907847,537.5679813907847,537.5679813907847,7.71898928610608,P3_heat_exchanger_RC01,537.5679813907847,0.0,0.0,True
P3_heat_exchanger_RC01,engineering,0,0,SEHHO-COBL,17,7257225510401574582,50000,50000,272.6772102299453,272.6772102299453,272.6772102299453,7.782932442147285,P3_heat_exchanger_RC01,272.6772102299453,0.0,0.0,True
P3_heat_exchanger_RC01,engineering,0,0,SEHHO-COBL,18,680815489722018170,50000,50000,547.5821257688763,547.5821257688763,547.5821257688763,7.738838527118787,P3_heat_exchanger_RC01,547.5821257688763,0.0,0.0,True
P3_heat_exchanger_RC01,engineering,0,0,SEHHO-COBL,19,5062670298036064322,50000,50000,464.36103461759376,464.36103461759376,464.36103461759376,7.697492844890803,P3_heat_exchanger_RC01,464.36103461759376,0.0,0.0,True
P3_heat_exchanger_RC01,engineering,0,0,SEHHO-COBL,20,5940837771346555160,50000,50000,100010.20082122863,100010.20082122863,100010.20082122863,7.478623140137643,P3_heat_exchanger_RC01,349.30574856739344,10.200821228629312,8.994029308033735,False
P3_heat_exchanger_RC01,engineering,0,0,SEHHO-COBL,21,8598420279120465612,50000,50000,100001.69640781038,100001.69640781038,100001.69640781038,7.426042852224782,P3_heat_exchanger_RC01,331.57642178367865,1.6964078103768918,1.3426613161038607,False
P3_heat_exchanger_RC01,engineering,0,0,SEHHO-COBL,22,1286135154486828988,50000,50000,100000.01894461151,100000.01894461151,100000.01894461151,7.695699292002246,P3_heat_exchanger_RC01,306.8900804179572,0.018944611517585964,0.018944611517585964,False
P3_heat_exchanger_RC01,engineering,0,0,SEHHO-COBL,23,1338059915948175723,50000,50000,262.29855888203326,262.29855888203326,262.29855888203326,7.689494587015361,P3_heat_exchanger_RC01,262.29855888203326,0.0,0.0,True
P3_heat_exchanger_RC01,engineering,0,0,SEHHO-COBL,24,4616417958467373565,50000,50000,390.2065467619859,390.2065467619859,390.2065467619859,11.072599316947162,P3_heat_exchanger_RC01,390.2065467619859,0.0,0.0,True
P3_heat_exchanger_RC01,engineering,0,0,SEHHO-COBL,25,8364845435679891761,50000,50000,326.04823160010795,326.04823160010795,326.04823160010795,11.746852699201554,P3_heat_exchanger_RC01,326.04823160010795,0.0,0.0,True
P3_heat_exchanger_RC01,engineering,0,0,SEHHO-COBL,26,987792478301223628,50000,50000,419.35225403125526,419.35225403125526,419.35225403125526,12.28941503399983,P3_heat_exchanger_RC01,419.35225403125526,0.0,0.0,True
P3_heat_exchanger_RC01,engineering,0,0,SEHHO-COBL,27,7045865852487743093,50000,50000,100006.0607697613,100006.0607697613,100006.0607697613,11.971202260116115,P3_heat_exchanger_RC01,413.62065563567745,6.060769761307829,6.032103401438892,False
P3_heat_exchanger_RC01,engineering,0,0,SEHHO-COBL,28,9059907720249006992,50000,50000,100001.73915619316,100001.73915619316,100001.73915619316,11.910810422850773,P3_heat_exchanger_RC01,371.76703960075673,1.7391561931628734,1.7391561931628734,False
P3_heat_exchanger_RC01,engineering,0,0,SEHHO-COBL,29,352721855436932021,50000,50000,100000.00119781501,100000.00119781501,100000.00119781501,12.115272161085159,P3_heat_exchanger_RC01,249.65195408087723,0.0011978150097637808,0.0011978150097637808,False
P3_heat_exchanger_RC01,engineering,0,0,jSO,0,59979631815357118,1000000,1000000,100000.02313096408,100000.02313096408,100000.02313096408,15.698118607047945,P3_heat_exchanger_RC01,338.6375266763378,0.023130964087288933,0.014302113389223815,False
P3_heat_exchanger_RC01,engineering,0,0,jSO,1,8329546062388403226,1000000,1000000,375.99439039281555,375.99439039281555,375.99439039281555,17.15127866785042,P3_heat_exchanger_RC01,375.99439039281555,0.0,0.0,True
P3_heat_exchanger_RC01,engineering,0,0,jSO,2,6005382722558822268,1000000,1000000,100000.00702904307,100000.00702904307,100000.00702904307,17.169261568924412,P3_heat_exchanger_RC01,797.9100988022246,0.0070290430679482594,0.0070290430679482594,False
P3_heat_exchanger_RC01,engineering,0,0,jSO,3,8107656593933196533,1000000,1000000,100000.0170215847,100000.0170215847,100000.0170215847,17.312163059134036,P3_heat_exchanger_RC01,398.82943417714034,0.017021584709527363,0.01018220751322806,False
P3_heat_exchanger_RC01,engineering,0,0,jSO,4,449301378841585055,1000000,1000000,407.15767764532717,407.15767764532717,407.15767764532717,15.018280843039975,P3_heat_exchanger_RC01,407.15767764532717,9.035529580260623e-09,8.367548753968816e-09,True
P3_heat_exchanger_RC01,engineering,0,0,jSO,5,7199893990616869250,1000000,1000000,423.6223532610954,423.6223532610954,423.6223532610954,14.170730664161965,P3_heat_exchanger_RC01,423.6223532610954,5.604666439610294e-09,2.802333219805147e-09,True
P3_heat_exchanger_RC01,engineering,0,0,jSO,6,41656651329851326,1000000,1000000,100000.04307669339,100000.04307669339,100000.04307669339,16.592876880196854,P3_heat_exchanger_RC01,512.5043488547084,0.04307669339117365,0.02564317599646747,False
P3_heat_exchanger_RC01,engineering,0,0,jSO,7,4291436308390053606,1000000,1000000,100000.2760709402,100000.2760709402,100000.2760709402,16.25472120894119,P3_heat_exchanger_RC01,335.1948504274178,0.2760709402130417,0.27470027498677374,False
P3_heat_exchanger_RC01,engineering,0,0,jSO,8,5650465288730138044,1000000,1000000,346.64974251468465,346.64974251468465,346.64974251468465,16.114324517082423,P3_heat_exchanger_RC01,346.64974251468465,0.0,0.0,True
P3_heat_exchanger_RC01,engineering,0,0,jSO,9,1095569030306626810,1000000,1000000,100000.01061406976,100000.01061406976,100000.01061406976,13.83968321303837,P3_heat_exchanger_RC01,495.18602814560325,0.010614069765242585,0.010614069765242585,False
P3_heat_exchanger_RC01,engineering,0,0,jSO,10,5772156155474686787,1000000,1000000,100000.01261698062,100000.01261698062,100000.01261698062,10.310048568993807,P3_heat_exchanger_RC01,421.6168685569178,0.012616980620609775,0.012616980620609775,False
P3_heat_exchanger_RC01,engineering,0,0,jSO,11,4021576256458428156,1000000,1000000,100000.00015875987,100000.00015875987,100000.00015875987,15.793326560873538,P3_heat_exchanger_RC01,403.13257338128574,0.0001587598743275521,0.0001587598743275521,False
P3_heat_exchanger_RC01,engineering,0,0,jSO,12,1763972938578680552,1000000,1000000,100000.01327451921,100000.01327451921,100000.01327451921,14.77100195386447,P3_heat_exchanger_RC01,385.8122317675018,0.013274519203906265,0.007728998896570738,False
P3_heat_exchanger_RC01,engineering,0,0,jSO,13,2342167391020099910,1000000,1000000,100000.01596381376,100000.01596381376,100000.01596381376,10.270564088132232,P3_heat_exchanger_RC01,598.6541035496818,0.015963813761263646,0.015963813761263646,False
P3_heat_exchanger_RC01,engineering,0,0,jSO,14,5747776992224439949,1000000,1000000,100000.01815944944,100000.01815944944,100000.01815944944,10.209062398876995,P3_heat_exchanger_RC01,363.08559261767215,0.01815944943607283,0.01815944943607283,False
P3_heat_exchanger_RC01,engineering,0,0,jSO,15,7447569512199466903,1000000,1000000,482.35425080151333,482.35425080151333,482.35425080151333,9.970346839167178,P3_heat_exchanger_RC01,482.35425080151333,0.0,0.0,True
P3_heat_exchanger_RC01,engineering,0,0,jSO,16,254636415986254190,1000000,1000000,100000.0171721803,100000.0171721803,100000.0171721803,10.26758273690939,P3_heat_exchanger_RC01,652.6650834737213,0.017172180307259078,0.017172180307259078,False
P3_heat_exchanger_RC01,engineering,0,0,jSO,17,7636970849067938586,1000000,1000000,100000.12062664516,100000.12062664516,100000.12062664516,10.1363835609518,P3_heat_exchanger_RC01,423.096389296581,0.12062664516371295,0.11643014342300594,False
P3_heat_exchanger_RC01,engineering,0,0,jSO,18,8926322094638951420,1000000,1000000,380.78599660562776,380.78599660562776,380.78599660562776,10.072849571937695,P3_heat_exchanger_RC01,380.78599660562776,0.0,0.0,True
P3_heat_exchanger_RC01,engineering,0,0,jSO,19,8667537694258914028,1000000,1000000,410.94810715888815,410.94810715888815,410.94810715888815,9.911304933950305,P3_heat_exchanger_RC01,410.94810715888815,0.0,0.0,True
P3_heat_exchanger_RC01,engineering,0,0,jSO,20,8506335685857429559,1000000,1000000,100000.0020011313,100000.0020011313,100000.0020011313,10.338486466091126,P3_heat_exchanger_RC01,430.73202038002626,0.0020011312993550748,0.0020011312993550748,False
P3_heat_exchanger_RC01,engineering,0,0,jSO,21,6951646588384568011,1000000,1000000,100000.00518267078,100000.00518267078,100000.00518267078,9.932172844884917,P3_heat_exchanger_RC01,488.8644669115083,0.005182670779024556,0.005182670779024556,False
P3_heat_exchanger_RC01,engineering,0,0,jSO,22,8512164186032600582,1000000,1000000,384.07682711991987,384.07682711991987,384.07682711991987,10.16706511611119,P3_heat_exchanger_RC01,384.07682711991987,0.0,0.0,True
P3_heat_exchanger_RC01,engineering,0,0,jSO,23,4914973988142371079,1000000,1000000,437.4195682713665,437.4195682713665,437.4195682713665,10.636828236980364,P3_heat_exchanger_RC01,437.4195682713665,9.99952862950715e-09,9.609013795847869e-09,True
P3_heat_exchanger_RC01,engineering,0,0,jSO,24,494207932544292953,1000000,1000000,414.49350950026474,414.49350950026474,414.49350950026474,9.997435195138678,P3_heat_exchanger_RC01,414.49350950026474,0.0,0.0,True
P3_heat_exchanger_RC01,engineering,0,0,jSO,25,2204470820754821430,1000000,1000000,100000.01631488465,100000.01631488465,100000.01631488465,10.153659316943958,P3_heat_exchanger_RC01,622.2105826179854,0.016314884648384032,0.016314884648384032,False
P3_heat_exchanger_RC01,engineering,0,0,jSO,26,4993652944289256363,1000000,1000000,438.2600009360192,438.2600009360192,438.2600009360192,13.481089927023277,P3_heat_exchanger_RC01,438.2600009360192,9.89122470898779e-09,4.170280672261754e-09,True
P3_heat_exchanger_RC01,engineering,0,0,jSO,27,3198643517549186520,1000000,1000000,100000.00485900657,100000.00485900657,100000.00485900657,10.447928752982989,P3_heat_exchanger_RC01,446.73527848330247,0.00485900656392223,0.00485900656392223,False
P3_heat_exchanger_RC01,engineering,0,0,jSO,28,7773673259999274930,1000000,1000000,100000.01247238227,100000.01247238227,100000.01247238227,15.461111881071702,P3_heat_exchanger_RC01,300.0008543753419,0.01247238226123909,0.011593870311717092,False
P3_heat_exchanger_RC01,engineering,0,0,jSO,29,4668772452056167918,1000000,1000000,568.3618375996439,568.3618375996439,568.3618375996439,15.984304944053292,P3_heat_exchanger_RC01,568.3618375996439,0.0,0.0,True
P3_heat_exchanger_RC01,engineering,0,0,LSHADE,0,758344033173330914,1000000,1000000,100000.01935694294,100000.01935694294,100000.01935694294,13.707991603994742,P3_heat_exchanger_RC01,275.92909765878346,0.019356942936236757,0.01302827249057591,False
P3_heat_exchanger_RC01,engineering,0,0,LSHADE,1,2024377592913379063,1000000,1000000,428.87478445381356,428.87478445381356,428.87478445381356,15.898134446935728,P3_heat_exchanger_RC01,428.87478445381356,9.917351534517228e-09,8.62120322205832e-09,True
P3_heat_exchanger_RC01,engineering,0,0,LSHADE,2,2028334754815062677,1000000,1000000,264.57138779214273,264.57138779214273,264.57138779214273,12.407785461982712,P3_heat_exchanger_RC01,264.57138779214273,9.964146374831636e-09,9.142583757158133e-09,True
P3_heat_exchanger_RC01,engineering,0,0,LSHADE,3,344431716387722272,1000000,1000000,478.8487032917562,478.8487032917562,478.8487032917562,16.86296555097215,P3_heat_exchanger_RC01,478.8487032917562,9.989852773213117e-09,9.841844439501739e-09,True
P3_heat_exchanger_RC01,engineering,0,0,LSHADE,4,2199130576770225432,1000000,1000000,558.9952653753867,558.9952653753867,558.9952653753867,16.68449560389854,P3_heat_exchanger_RC01,558.9952653753867,9.734928607926297e-09,7.280707359309173e-09,True
P3_heat_exchanger_RC01,engineering,0,0,LSHADE,5,5249094720517590321,1000000,1000000,100000.47728422003,100000.47728422003,100000.47728422003,12.61907787900418,P3_heat_exchanger_RC01,677.5904281340394,0.4772842200335059,0.29294899508400696,False
P3_heat_exchanger_RC01,engineering,0,0,LSHADE,6,4950199521657049471,1000000,1000000,267.40920241081966,267.40920241081966,267.40920241081966,16.882500784937292,P3_heat_exchanger_RC01,267.40920241081966,9.841844439501739e-09,9.841844439501739e-09,True
P3_heat_exchanger_RC01,engineering,0,0,LSHADE,7,2967878596244234765,1000000,1000000,100000.0029542969,100000.0029542969,100000.0029542969,16.445422543911263,P3_heat_exchanger_RC01,677.4730882713428,0.002954296893626452,0.0029337900388985874,False
P3_heat_exchanger_RC01,engineering,0,0,LSHADE,8,2377809096495033233,1000000,1000000,551.5813772526234,551.5813772526234,551.5813772526234,16.663459026021883,P3_heat_exchanger_RC01,551.5813772526234,9.999999717438183e-09,9.999999717438183e-09,True
P3_heat_exchanger_RC01,engineering,0,0,LSHADE,9,5889263795023838026,1000000,1000000,100000.05778472047,100000.05778472047,100000.05778472047,16.444514449918643,P3_heat_exchanger_RC01,413.13101574340214,0.057784720462864925,0.03785868111774325,False
P3_heat_exchanger_RC01,engineering,0,0,LSHADE,10,7881690903017551603,1000000,1000000,231.47002152147525,231.47002152147525,231.47002152147525,16.72670026612468,P3_heat_exchanger_RC01,231.47002152147525,9.841844439501739e-09,9.841844439501739e-09,True
P3_heat_exchanger_RC01,engineering,0,0,LSHADE,11,4742743224345994034,1000000,1000000,100000.0336450325,100000.0336450325,100000.0336450325,16.83722841902636,P3_heat_exchanger_RC01,236.0742394607137,0.03364503249887748,0.020183885924743506,False
P3_heat_exchanger_RC01,engineering,0,0,LSHADE,12,5275641470900244364,1000000,1000000,395.04265140727256,395.04265140727256,395.04265140727256,16.760561011964455,P3_heat_exchanger_RC01,395.04265140727256,9.995740361657779e-09,9.995740361657779e-09,True
P3_heat_exchanger_RC01,engineering,0,0,LSHADE,13,8677625969555544041,1000000,1000000,710.2569608484612,710.2569608484612,710.2569608484612,16.634357534814626,P3_heat_exchanger_RC01,710.2569608484612,9.99347356481369e-09,6.582215428347564e-09,True
P3_heat_exchanger_RC01,engineering,0,0,LSHADE,14,2984987569613658235,1000000,1000000,524.9048113085709,524.9048113085709,524.9048113085709,16.544168011052534,P3_heat_exchanger_RC01,524.9048113085709,9.999999084955294e-09,9.841844439501739e-09,True
P3_heat_exchanger_RC01,engineering,0,0,LSHADE,15,1339047902821520867,1000000,1000000,282.84890384909363,282.84890384909363,282.84890384909363,16.50495347706601,P3_heat_exchanger_RC01,282.84890384909363,9.904801845540953e-09,9.841844439501739e-09,True
P3_heat_exchanger_RC01,engineering,0,0,LSHADE,16,1545068445983114176,1000000,1000000,274.1442776500762,274.1442776500762,274.1442776500762,16.774008529959247,P3_heat_exchanger_RC01,274.1442776500762,9.999962684371683e-09,9.594185049530525e-09,True
P3_heat_exchanger_RC01,engineering,0,0,LSHADE,17,4200237489277082384,1000000,1000000,426.62550759574884,426.62550759574884,426.62550759574884,10.475359000032768,P3_heat_exchanger_RC01,426.62550759574884,9.999991371941038e-09,5.155996544035295e-09,True
P3_heat_exchanger_RC01,engineering,0,0,LSHADE,18,3193595504611545249,1000000,1000000,667.8618755327535,667.8618755327535,667.8618755327535,10.23910892312415,P3_heat_exchanger_RC01,667.8618755327535,9.841844439501739e-09,9.841844439501739e-09,True
P3_heat_exchanger_RC01,engineering,0,0,LSHADE,19,7405180775555706377,1000000,1000000,100000.00074802284,100000.00074802284,100000.00074802284,10.287479426944628,P3_heat_exchanger_RC01,631.1427508354325,0.0007480228338880403,0.0004957171664869864,False
P3_heat_exchanger_RC01,engineering,0,0,LSHADE,20,2778780891593208149,1000000,1000000,635.6068642422783,635.6068642422783,635.6068642422783,16.7769957811106,P3_heat_exchanger_RC01,635.6068642422783,0.0,0.0,True
P3_heat_exchanger_RC01,engineering,0,0,LSHADE,21,149183582212585886,1000000,1000000,100000.00156081423,100000.00156081423,100000.00156081423,16.880299426149577,P3_heat_exchanger_RC01,259.52603812819945,0.0015608142337170342,0.001108955654874444,False
P3_heat_exchanger_RC01,engineering,0,0,LSHADE,22,2767889060073466466,1000000,1000000,100000.0035804754,100000.0035804754,100000.0035804754,16.69348878785968,P3_heat_exchanger_RC01,478.0424693931657,0.0035804754012493506,0.0017371979240328073,False
P3_heat_exchanger_RC01,engineering,0,0,LSHADE,23,4106764447085766202,1000000,1000000,100000.00822537625,100000.00822537625,100000.00822537625,16.319776240969077,P3_heat_exchanger_RC01,547.2395902965338,0.00822537624632399,0.007776403862610459,False
P3_heat_exchanger_RC01,engineering,0,0,LSHADE,24,4025760829408873942,1000000,1000000,635.2257585731535,635.2257585731535,635.2257585731535,16.52494659787044,P3_heat_exchanger_RC01,635.2257585731535,9.982248296269139e-09,9.686460246576055e-09,True
P3_heat_exchanger_RC01,engineering,0,0,LSHADE,25,4112106078096902345,1000000,1000000,100000.05337081265,100000.05337081265,100000.05337081265,15.97305947705172,P3_heat_exchanger_RC01,643.6159957315288,0.053370812643992856,0.020862361013516784,False
P3_heat_exchanger_RC01,engineering,0,0,LSHADE,26,1281302931155043022,1000000,1000000,100000.01038056101,100000.01038056101,100000.01038056101,13.785850795218721,P3_heat_exchanger_RC01,601.4767835540317,0.010380561014619639,0.004773067373409867,False
P3_heat_exchanger_RC01,engineering,0,0,LSHADE,27,7173553469296069587,1000000,1000000,471.4498942943968,471.4498942943968,471.4498942943968,13.754451595013961,P3_heat_exchanger_RC01,471.4498942943968,9.999964379033889e-09,7.814641825394024e-09,True
P3_heat_exchanger_RC01,engineering,0,0,LSHADE,28,3721630445944556306,1000000,1000000,637.88597304146,637.88597304146,637.88597304146,12.948324233060703,P3_heat_exchanger_RC01,637.88597304146,0.0,0.0,True
P3_heat_exchanger_RC01,engineering,0,0,LSHADE,29,2960850505049536675,1000000,1000000,100000.00877295426,100000.00877295426,100000.00877295426,12.767570562893525,P3_heat_exchanger_RC01,523.2769882709389,0.008772954262769417,0.004864821971952915,False
P4_blending_pooling_RC06,engineering,0,0,SEHHO-COBL,0,8026546316644477289,50000,50000,1005.9770689117825,1005.9770689117825,1005.9770689117825,21.446009041043,P4_blending_pooling_RC06,1.7878997812488637,5.9770689117824745,1.9407757810404156,False
P4_blending_pooling_RC06,engineering,0,0,SEHHO-COBL,1,7057281333216600022,50000,50000,1002.8056675057575,1002.8056675057575,1002.8056675057575,21.932624754030257,P4_blending_pooling_RC06,1.9294584015690808,2.8056675057574196,0.7061628560658185,False
P4_blending_pooling_RC06,engineering,0,0,SEHHO-COBL,2,7992800114280123568,50000,50000,1004.1069079677268,1004.1069079677268,1004.1069079677268,21.90999866486527,P4_blending_pooling_RC06,1.982709000668458,4.106907967726774,0.7595349848819628,False
P4_blending_pooling_RC06,engineering,0,0,SEHHO-COBL,3,3506182232673757568,50000,50000,1015.7397554379525,1015.7397554379525,1015.7397554379525,19.726251767016947,P4_blending_pooling_RC06,2.236622638148305,15.739755437952487,8.695629277428726,False
P4_blending_pooling_RC06,engineering,0,0,SEHHO-COBL,4,3263515439277455416,50000,50000,1003.7766898574338,1003.7766898574338,1003.7766898574338,15.317261681891978,P4_blending_pooling_RC06,1.7515437657840502,3.776689857433749,0.9801163898849621,False
P4_blending_pooling_RC06,engineering,0,0,SEHHO-COBL,5,661927418340404277,50000,50000,1020.7478243843042,1020.7478243843042,1020.7478243843042,18.01042752689682,P4_blending_pooling_RC06,2.1876547800780797,20.747824384304174,16.846191392249462,False
P4_blending_pooling_RC06,engineering,0,0,SEHHO-COBL,6,5621072511460293338,50000,50000,1003.7907050108762,1003.7907050108762,1003.7907050108762,18.64759812084958,P4_blending_pooling_RC06,1.8218986909426516,3.790705010876174,0.8051885036726677,False
P4_blending_pooling_RC06,engineering,0,0,SEHHO-COBL,7,213665876517836206,50000,50000,1003.9323479490096,1003.9323479490096,1003.9323479490096,21.440325823845342,P4_blending_pooling_RC06,2.2026605475950043,3.9323479490096096,0.7137022280675638,False
P4_blending_pooling_RC06,engineering,0,0,SEHHO-COBL,8,4612111793516829936,50000,50000,1006.8061983280918,1006.8061983280918,1006.8061983280918,21.46760326391086,P4_blending_pooling_RC06,2.4107297345168295,6.8061983280918295,2.8616005678497802,False
P4_blending_pooling_RC06,engineering,0,0,SEHHO-COBL,9,6997065959924244877,50000,50000,1003.2786595195389,1003.2786595195389,1003.2786595195389,19.34890068601817,P4_blending_pooling_RC06,2.199351830178232,3.2786595195388815,1.1965587646655451,False
P4_blending_pooling_RC06,engineering,0,0,SEHHO-COBL,10,5140841445584764985,50000,50000,1004.2730232604026,1004.2730232604026,1004.2730232604026,19.232544675003737,P4_blending_pooling_RC06,2.455060505012988,4.27302326040262,0.7617427143128096,False
P4_blending_pooling_RC06,engineering,0,0,SEHHO-COBL,11,6280224621904534455,50000,50000,1002.8357642910445,1002.8357642910445,1002.8357642910445,19.381732603069395,P4_blending_pooling_RC06,1.3869810920380228,2.8357642910444865,0.9995102745334912,False
P4_blending_pooling_RC06,engineering,0,0,SEHHO-COBL,12,3917502766141290323,50000,50000,1017.9238864014592,1017.9238864014592,1017.9238864014592,14.71453157113865,P4_blending_pooling_RC06,2.163367372466749,17.923886401459193,6.434284151752774,False
P4_blending_pooling_RC06,engineering,0,0,SEHHO-COBL,13,2334328574534628786,50000,50000,1007.0924725475622,1007.0924725475622,1007.0924725475622,13.042683355044574,P4_blending_pooling_RC06,2.1922679698402074,7.0924725475622585,2.7920114742323423,False
P4_blending_pooling_RC06,engineering,0,0,SEHHO-COBL,14,6008555951214004183,50000,50000,1021.5914102367175,1021.5914102367175,1021.5914102367175,18.16397084109485,P4_blending_pooling_RC06,1.88071040972883,21.591410236717483,16.95115740198339,False
P4_blending_pooling_RC06,engineering,0,0,SEHHO-COBL,15,3769128140392230629,50000,50000,1004.7921746038097,1004.7921746038097,1004.7921746038097,19.212180136935785,P4_blending_pooling_RC06,2.0402408457082,4.792174603809741,0.7624102254357064,False
P4_blending_pooling_RC06,engineering,0,0,SEHHO-COBL,16,4634552005488787009,50000,50000,1009.5072251453946,1009.5072251453946,1009.5072251453946,13.102682866854593,P4_blending_pooling_RC06,2.265488137860209,9.5072251453946,6.57046160763176,False
P4_blending_pooling_RC06,engineering,0,0,SEHHO-COBL,17,3701014640668594608,50000,50000,1023.7397370542686,1023.7397370542686,1023.7397370542686,13.035364019917324,P4_blending_pooling_RC06,2.1641593742121517,23.739737054268666,20.034392909574567,False
P4_blending_pooling_RC06,engineering,0,0,SEHHO-COBL,18,7821954790251796713,50000,50000,1004.4482127527565,1004.4482127527565,1004.4482127527565,13.237879918888211,P4_blending_pooling_RC06,1.9361121876879928,4.448212752756477,1.1409347682390039,False
P4_blending_pooling_RC06,engineering,0,0,SEHHO-COBL,19,8257310478945203902,50000,50000,1004.9072267792303,1004.9072267792303,1004.9072267792303,12.97910290909931,P4_blending_pooling_RC06,2.0385379297774,4.907226779230284,1.8307724618730534,False
P4_blending_pooling_RC06,engineering,0,0,SEHHO-COBL,20,4543689958418783981,50000,50000,1003.5285969859904,1003.5285969859904,1003.5285969859904,12.839343742001802,P4_blending_pooling_RC06,1.5027481173047152,3.528596985990379,0.6850787407504311,False
P4_blending_pooling_RC06,engineering,0,0,SEHHO-COBL,21,4050828008949653408,50000,50000,1001.911373669432,1001.911373669432,1001.911373669432,12.877541430993006,P4_blending_pooling_RC06,1.3864667925613627,1.9113736694319714,0.9996992490624779,False
P4_blending_pooling_RC06,engineering,0,0,SEHHO-COBL,22,3185057610767168136,50000,50000,1004.6476156096321,1004.6476156096321,1004.6476156096321,12.938570692902431,P4_blending_pooling_RC06,2.2290018784665095,4.64761560963216,1.1996378077365173,False
P4_blending_pooling_RC06,engineering,0,0,SEHHO-COBL,23,5582959027091191931,50000,50000,1012.4492807900455,1012.4492807900455,1012.4492807900455,13.084114778088406,P4_blending_pooling_RC06,1.75834608665941,12.449280790045513,8.475274216250664,False
P4_blending_pooling_RC06,engineering,0,0,SEHHO-COBL,24,6975864939591549108,50000,50000,1019.8163316717522,1019.8163316717522,1019.8163316717522,12.93003141018562,P4_blending_pooling_RC06,1.7945938341742884,19.81633167175218,15.372203711883959,False
P4_blending_pooling_RC06,engineering,0,0,SEHHO-COBL,25,399912850429359206,50000,50000,1023.565317779259,1023.565317779259,1023.565317779259,13.20611583488062,P4_blending_pooling_RC06,2.4004382090000957,23.56531777925901,18.535428989893497,False
P4_blending_pooling_RC06,engineering,0,0,SEHHO-COBL,26,7617732674243519908,50000,50000,1005.5007661225636,1005.5007661225636,1005.5007661225636,18.264605252072215,P4_blending_pooling_RC06,2.1252770777060754,5.500766122563653,1.0863604406905514,False
P4_blending_pooling_RC06,engineering,0,0,SEHHO-COBL,27,5614887786833976711,50000,50000,1009.5548702590265,1009.5548702590265,1009.5548702590265,17.94856304791756,P4_blending_pooling_RC06,2.165966307650461,9.554870259026577,4.7351576634600185,False
P4_blending_pooling_RC06,engineering,0,0,SEHHO-COBL,28,2686813263292883988,50000,50000,1007.4127341868109,1007.4127341868109,1007.4127341868109,17.876334064174443,P4_blending_pooling_RC06,2.25984572642063,7.412734186810852,1.5027319376884585,False
P4_blending_pooling_RC06,engineering,0,0,SEHHO-COBL,29,3439077626324662623,50000,50000,1005.5815249156933,1005.5815249156933,1005.5815249156933,12.9372230861336,P4_blending_pooling_RC06,2.011403318066246,5.581524915693318,1.6908739767098415,False
P3_heat_exchanger_RC01,engineering,0,0,SEHHO-COBL,0,5440228721964281674,200000,200000,100000.13182830132,100000.13182830132,100000.13182830132,46.11260956595652,P3_heat_exchanger_RC01,420.34705789077935,0.1318283013298133,0.044523031746596095,False
P3_heat_exchanger_RC01,engineering,0,0,SEHHO-COBL,1,3410926365350746000,200000,200000,100000.0265468812,100000.0265468812,100000.0265468812,42.439839825965464,P3_heat_exchanger_RC01,769.7883292155211,0.02654688119441271,0.022353509038314224,False
P3_heat_exchanger_RC01,engineering,0,0,SEHHO-COBL,2,6304245098824670364,200000,200000,100000.01213756368,100000.01213756368,100000.01213756368,32.741008542943746,P3_heat_exchanger_RC01,495.0190220102105,0.012137563676706032,0.012137563676706032,False
P3_heat_exchanger_RC01,engineering,0,0,SEHHO-COBL,3,1996744201950266808,200000,200000,604.9363820180378,604.9363820180378,604.9363820180378,43.28723825002089,P3_heat_exchanger_RC01,604.9363820180378,3.788247704501128e-09,3.788247704501128e-09,True
P3_heat_exchanger_RC01,engineering,0,0,SEHHO-COBL,4,4192612666351503357,200000,200000,341.36774206104576,341.36774206104576,341.36774206104576,49.09535544202663,P3_heat_exchanger_RC01,341.36774206104576,0.0,0.0,True
P3_heat_exchanger_RC01,engineering,0,0,SEHHO-COBL,5,1558485685280427402,200000,200000,568.6761711155541,568.6761711155541,568.6761711155541,31.26388290291652,P3_heat_exchanger_RC01,568.6761711155541,0.0,0.0,True
P3_heat_exchanger_RC01,engineering,0,0,SEHHO-COBL,6,4589838661289214647,200000,200000,100000.00470277441,100000.00470277441,100000.00470277441,30.31936439801939,P3_heat_exchanger_RC01,517.6512400589819,0.004702774415111344,0.004702774415111344,False
P3_heat_exchanger_RC01,engineering,0,0,SEHHO-COBL,7,3993610849973626751,200000,200000,786.3030324146688,786.3030324146688,786.3030324146688,32.240449083037674,P3_heat_exchanger_RC01,786.3030324146688,0.0,0.0,True
P3_heat_exchanger_RC01,engineering,0,0,SEHHO-COBL,8,82230564105017983,200000,200000,724.3854348108255,724.3854348108255,724.3854348108255,42.870351892896,P3_heat_exchanger_RC01,724.3854348108255,0.0,0.0,True
P3_heat_exchanger_RC01,engineering,0,0,SEHHO-COBL,9,6308033389855059150,200000,200000,317.43280281535453,317.43280281535453,317.43280281535453,29.775000646011904,P3_heat_exchanger_RC01,317.43280281535453,0.0,0.0,True
P3_heat_exchanger_RC01,engineering,0,0,SEHHO-COBL,10,6795069394353195073,200000,200000,548.3757641892131,548.3757641892131,548.3757641892131,29.989117888035253,P3_heat_exchanger_RC01,548.3757641892131,0.0,0.0,True
P3_heat_exchanger_RC01,engineering,0,0,SEHHO-COBL,11,6728947377932633918,200000,200000,100000.01109346695,100000.01109346695,100000.01109346695,33.31724700704217,P3_heat_exchanger_RC01,348.0474817502897,0.011093466956797238,0.011093466956797238,False
P3_heat_exchanger_RC01,engineering,0,0,SEHHO-COBL,12,2287577557210547143,200000,200000,100000.00005814161,100000.00005814161,100000.00005814161,43.46359235001728,P3_heat_exchanger_RC01,579.5083358706859,5.8141604060801905e-05,5.8141604060801905e-05,False
P3_heat_exchanger_RC01,engineering,0,0,SEHHO-COBL,13,2530498432986131697,200000,200000,100000.01988273762,100000.01988273762,100000.01988273762,38.02278390689753,P3_heat_exchanger_RC01,348.92289814400704,0.019882737620409808,0.019882737620409808,False
P3_heat_exchanger_RC01,engineering,0,0,SEHHO-COBL,14,212784437537384165,200000,200000,100000.00309917568,100000.00309917568,100000.00309917568,29.339442365104333,P3_heat_exchanger_RC01,478.1596244487269,0.003099175681174893,0.003099175681174893,False
P3_heat_exchanger_RC01,engineering,0,0,SEHHO-COBL,15,8696524623718819986,200000,200000,100000.01002892607,100000.01002892607,100000.01002892607,33.245883987052366,P3_heat_exchanger_RC01,802.986993755116,0.010028926079776103,0.010028910184334928,False
P3_heat_exchanger_RC01,engineering,0,0,SEHHO-COBL,16,3464683701084501719,200000,200000,538.7758082177535,538.7758082177535,538.7758082177535,29.800599368056282,P3_heat_exchanger_RC01,538.7758082177535,9.904801845540953e-09,8.212029933924651e-09,True
P3_heat_exchanger_RC01,engineering,0,0,SEHHO-COBL,17,7257225510401574582,200000,200000,312.84484272533945,312.84484272533945,312.84484272533945,29.99473521206528,P3_heat_exchanger_RC01,312.84484272533945,0.0,0.0,True
P3_heat_exchanger_RC01,engineering,0,0,SEHHO-COBL,18,680815489722018170,200000,200000,558.2186749773882,558.2186749773882,558.2186749773882,29.458986384095624,P3_heat_exchanger_RC01,558.2186749773882,0.0,0.0,True
P3_heat_exchanger_RC01,engineering,0,0,SEHHO-COBL,19,5062670298036064322,200000,200000,441.97369867732505,441.97369867732505,441.97369867732505,29.150338385952637,P3_heat_exchanger_RC01,441.97369867732505,0.0,0.0,True
P3_heat_exchanger_RC01,engineering,0,0,SEHHO-COBL,20,5940837771346555160,200000,200000,100000.01519732628,100000.01519732628,100000.01519732628,28.829910289030522,P3_heat_exchanger_RC01,333.22185007034267,0.015197326286315638,0.015197326286315638,False
P3_heat_exchanger_RC01,engineering,0,0,SEHHO-COBL,21,8598420279120465612,200000,200000,566.3847971717113,566.3847971717113,566.3847971717113,29.415381716098636,P3_heat_exchanger_RC01,566.3847971717113,9.667221456761336e-09,9.667221456761336e-09,True
P3_heat_exchanger_RC01,engineering,0,0,SEHHO-COBL,22,1286135154486828988,200000,200000,242.4130008750693,242.4130008750693,242.4130008750693,28.981693543028086,P3_heat_exchanger_RC01,242.4130008750693,3.750856872954166e-09,3.750856872954166e-09,True
P3_heat_exchanger_RC01,engineering,0,0,SEHHO-COBL,23,1338059915948175723,200000,200000,302.5976497556642,302.5976497556642,302.5976497556642,35.55290501215495,P3_heat_exchanger_RC01,302.5976497556642,0.0,0.0,True
P3_heat_exchanger_RC01,engineering,0,0,SEHHO-COBL,24,4616417958467373565,200000,200000,318.89014618590414,318.89014618590414,318.89014618590414,33.19936728896573,P3_heat_exchanger_RC01,318.89014618590414,0.0,0.0,True
P3_heat_exchanger_RC01,engineering,0,0,SEHHO-COBL,25,8364845435679891761,200000,200000,100000.01073472683,100000.01073472683,100000.01073472683,42.239011951955035,P3_heat_exchanger_RC01,493.19934795825054,0.010734726838943243,0.008447209668904544,False
P3_heat_exchanger_RC01,engineering,0,0,SEHHO-COBL,26,987792478301223628,200000,200000,347.841111238864,347.841111238864,347.841111238864,29.449110605055466,P3_heat_exchanger_RC01,347.841111238864,0.0,0.0,True
P3_heat_exchanger_RC01,engineering,0,0,SEHHO-COBL,27,7045865852487743093,200000,200000,372.218246855197,372.218246855197,372.218246855197,30.024307485902682,P3_heat_exchanger_RC01,372.218246855197,0.0,0.0,True
P3_heat_exchanger_RC01,engineering,0,0,SEHHO-COBL,28,9059907720249006992,200000,200000,304.57167384392073,304.57167384392073,304.57167384392073,33.31241331412457,P3_heat_exchanger_RC01,304.57167384392073,0.0,0.0,True
P3_heat_exchanger_RC01,engineering,0,0,SEHHO-COBL,29,352721855436932021,200000,200000,301.55156926072516,301.55156926072516,301.55156926072516,31.40827411506325,P3_heat_exchanger_RC01,301.55156926072516,0.0,0.0,True
P4_blending_pooling_RC06,engineering,0,0,SEHHO-COBL,0,8026546316644477289,200000,200000,1003.4321231831431,1003.4321231831431,1003.4321231831431,84.03043095697649,P4_blending_pooling_RC06,1.4928805333628974,3.432123183143039,0.9126000090999433,False
P4_blending_pooling_RC06,engineering,0,0,SEHHO-COBL,1,7057281333216600022,200000,200000,1002.506020425534,1002.506020425534,1002.506020425534,85.55966950114816,P4_blending_pooling_RC06,2.194082075348615,2.5060204255339342,0.5187650386582621,False
P4_blending_pooling_RC06,engineering,0,0,SEHHO-COBL,2,7992800114280123568,200000,200000,1003.03153873683,1003.03153873683,1003.03153873683,71.91798988496885,P4_blending_pooling_RC06,2.4136523839841177,3.031538736830067,0.5629036385222416,False
P4_blending_pooling_RC06,engineering,0,0,SEHHO-COBL,3,3506182232673757568,200000,200000,1003.0180101398548,1003.0180101398548,1003.0180101398548,51.80018270295113,P4_blending_pooling_RC06,2.3384365421872157,3.0180101398548715,0.6079143129382947,False
P4_blending_pooling_RC06,engineering,0,0,SEHHO-COBL,4,3263515439277455416,200000,200000,1002.1650349461681,1002.1650349461681,1002.1650349461681,52.18237563292496,P4_blending_pooling_RC06,2.22811414828708,2.1650349461681526,0.8451236037025409,False
P4_blending_pooling_RC06,engineering,0,0,SEHHO-COBL,5,661927418340404277,200000,200000,1002.4558620400848,1002.4558620400848,1002.4558620400848,51.73318486800417,P4_blending_pooling_RC06,2.2951004423878247,2.455862040084748,0.7147814902685588,False
P4_blending_pooling_RC06,engineering,0,0,SEHHO-COBL,6,5621072511460293338,200000,200000,1003.4566584059422,1003.4566584059422,1003.4566584059422,55.53935301792808,P4_blending_pooling_RC06,2.3300624274092625,3.4566584059421706,0.9524703252361711,False
P4_blending_pooling_RC06,engineering,0,0,SEHHO-COBL,7,213665876517836206,200000,200000,1002.78747273432,1002.78747273432,1002.78747273432,58.66157737490721,P4_blending_pooling_RC06,2.2340719795890607,2.7874727343199943,0.9997698394842046,False
P4_blending_pooling_RC06,engineering,0,0,SEHHO-COBL,8,4612111793516829936,200000,200000,1002.4879051780028,1002.4879051780028,1002.4879051780028,51.34116014302708,P4_blending_pooling_RC06,2.3207399925099637,2.487905178002826,0.751053096549061,False
P4_blending_pooling_RC06,engineering,0,0,SEHHO-COBL,9,6997065959924244877,200000,200000,1003.1352720943484,1003.1352720943484,1003.1352720943484,51.41963807493448,P4_blending_pooling_RC06,2.1341578537902635,3.1352720943483083,0.8729994756795464,False
P4_blending_pooling_RC06,engineering,0,0,SEHHO-COBL,10,5140841445584764985,200000,200000,1002.5959769887949,1002.5959769887949,1002.5959769887949,54.65947347483598,P4_blending_pooling_RC06,2.019635924432741,2.5959769887948507,0.8884929469821198,False
P4_blending_pooling_RC06,engineering,0,0,SEHHO-COBL,11,6280224621904534455,200000,200000,1005.2054491263632,1005.2054491263632,1005.2054491263632,80.91363849700429,P4_blending_pooling_RC06,2.092482559846659,5.20544912636321,0.9733404055432369,False
P4_blending_pooling_RC06,engineering,0,0,SEHHO-COBL,12,3917502766141290323,200000,200000,1002.6145816266096,1002.6145816266096,1002.6145816266096,75.02971094590612,P4_blending_pooling_RC06,1.9009568805673862,2.6145816266096076,0.5851017003520191,False
P4_blending_pooling_RC06,engineering,0,0,SEHHO-COBL,13,2334328574534628786,200000,200000,1003.3775754529714,1003.3775754529714,1003.3775754529714,62.91492583905347,P4_blending_pooling_RC06,2.2996463367613904,3.3775754529714774,0.7125712227555393,False
P4_blending_pooling_RC06,engineering,0,0,SEHHO-COBL,14,6008555951214004183,200000,200000,1003.0331201494878,1003.0331201494878,1003.0331201494878,52.03285217587836,P4_blending_pooling_RC06,2.396673783175343,3.0331201494877593,1.046833939608011,False
P4_blending_pooling_RC06,engineering,0,0,SEHHO-COBL,15,3769128140392230629,200000,200000,1003.5170848528423,1003.5170848528423,1003.5170848528423,68.85411683097482,P4_blending_pooling_RC06,2.0239650433445058,3.517084852842383,1.098053948526635,False
P4_blending_pooling_RC06,engineering,0,0,SEHHO-COBL,16,4634552005488787009,200000,200000,1003.2209826744952,1003.2209826744952,1003.2209826744952,50.70491985301487,P4_blending_pooling_RC06,2.192696549860544,3.220982674495208,0.5918408111189393,False
P4_blending_pooling_RC06,engineering,0,0,SEHHO-COBL,17,3701014640668594608,200000,200000,1003.7646064587092,1003.7646064587092,1003.7646064587092,68.44555860990658,P4_blending_pooling_RC06,2.251879145009835,3.7646064587091947,0.9990265558947372,False
P4_blending_pooling_RC06,engineering,0,0,SEHHO-COBL,18,7821954790251796713,200000,200000,1004.056615378344,1004.056615378344,1004.056615378344,51.892963004997,P4_blending_pooling_RC06,2.1247753568407224,4.0566153783439685,1.0942257385399488,False
P4_blending_pooling_RC06,engineering,0,0,SEHHO-COBL,19,8257310478945203902,200000,200000,1004.1250267950732,1004.1250267950732,1004.1250267950732,57.9045195968356,P4_blending_pooling_RC06,1.8357496663152078,4.1250267950731825,1.1435554176775031,False
P4_blending_pooling_RC06,engineering,0,0,SEHHO-COBL,20,4543689958418783981,200000,200000,1001.6846312120754,1001.6846312120754,1001.6846312120754,49.35351320984773,P4_blending_pooling_RC06,1.7152119124335048,1.6846312120753644,0.47214032326588273,False
P4_blending_pooling_RC06,engineering,0,0,SEHHO-COBL,21,4050828008949653408,200000,200000,1000.4998373505164,1000.4998373505164,1000.4998373505164,47.94831478781998,P4_blending_pooling_RC06,1.9080202966181814,0.4998373505163165,0.49983733832608257,False
P4_blending_pooling_RC06,engineering,0,0,SEHHO-COBL,22,3185057610767168136,200000,200000,1003.5586798728801,1003.5586798728801,1003.5586798728801,47.94557325588539,P4_blending_pooling_RC06,2.1038723164254445,3.558679872880096,0.6045398043829885,False
P4_blending_pooling_RC06,engineering,0,0,SEHHO-COBL,23,5582959027091191931,200000,200000,1003.9414604932037,1003.9414604932037,1003.9414604932037,47.93940234393813,P4_blending_pooling_RC06,1.8315226266338689,3.9414604932037096,0.8220894104948602,False
P4_blending_pooling_RC06,engineering,0,0,SEHHO-COBL,24,6975864939591549108,200000,200000,1002.5836445339837,1002.5836445339837,1002.5836445339837,47.20881915302016,P4_blending_pooling_RC06,1.6203350086067432,2.583644533983671,0.5940049380836383,False
P4_blending_pooling_RC06,engineering,0,0,SEHHO-COBL,25,399912850429359206,200000,200000,1002.8619770349109,1002.8619770349109,1002.8619770349109,47.07162442407571,P4_blending_pooling_RC06,2.025064995373682,2.8619770349108804,0.8208428378147171,False
P4_blending_pooling_RC06,engineering,0,0,SEHHO-COBL,26,7617732674243519908,200000,200000,1002.7898363785866,1002.7898363785866,1002.7898363785866,47.23139319312759,P4_blending_pooling_RC06,2.108434079098579,2.789836378586643,1.1123971560568329,False
P4_blending_pooling_RC06,engineering,0,0,SEHHO-COBL,27,5614887786833976711,200000,200000,1003.1310720687544,1003.1310720687544,1003.1310720687544,47.118709698785096,P4_blending_pooling_RC06,2.5146592298260955,3.1310720687543627,0.8090212260900103,False
P4_blending_pooling_RC06,engineering,0,0,SEHHO-COBL,28,2686813263292883988,200000,200000,1003.1619306634644,1003.1619306634644,1003.1619306634644,47.182824516901746,P4_blending_pooling_RC06,2.3178109565156166,3.1619306634644193,0.8371176524844941,False
P4_blending_pooling_RC06,engineering,0,0,SEHHO-COBL,29,3439077626324662623,200000,200000,1002.0643072513625,1002.0643072513625,1002.0643072513625,47.37318182596937,P4_blending_pooling_RC06,1.999978047043241,2.0643072513625045,0.835611754528484,False
P3_heat_exchanger_RC01,engineering,0,0,SEHHO-COBL,0,5440228721964281674,1000000,1000000,443.5171006874646,443.5171006874646,443.5171006874646,241.58043988305144,P3_heat_exchanger_RC01,443.5171006874646,9.997993311112378e-09,9.997993311112378e-09,True
P3_heat_exchanger_RC01,engineering,0,0,SEHHO-COBL,1,3410926365350746000,1000000,1000000,683.2601756757866,683.2601756757866,683.2601756757866,225.35620185593143,P3_heat_exchanger_RC01,683.2601756757866,0.0,0.0,True
P3_heat_exchanger_RC01,engineering,0,0,SEHHO-COBL,2,6304245098824670364,1000000,1000000,100000.01882214638,100000.01882214638,100000.01882214638,203.51797362416983,P3_heat_exchanger_RC01,704.545675219011,0.018822146382465144,0.018822146382465144,False
P3_heat_exchanger_RC01,engineering,0,0,SEHHO-COBL,3,1996744201950266808,1000000,1000000,608.128633286248,608.128633286248,608.128633286248,160.3875435909722,P3_heat_exchanger_RC01,608.128633286248,9.586105898046963e-09,9.586105898046963e-09,True
P3_heat_exchanger_RC01,engineering,0,0,SEHHO-COBL,4,4192612666351503357,1000000,1000000,465.08226106186726,465.08226106186726,465.08226106186726,214.9347720039077,P3_heat_exchanger_RC01,465.08226106186726,8.67769122123239e-09,8.67769122123239e-09,True
P3_heat_exchanger_RC01,engineering,0,0,SEHHO-COBL,5,1558485685280427402,1000000,1000000,574.7239439339853,574.7239439339853,574.7239439339853,159.98088515386917,P3_heat_exchanger_RC01,574.7239439339853,9.999755457097063e-09,9.999755457097063e-09,True
P3_heat_exchanger_RC01,engineering,0,0,SEHHO-COBL,6,4589838661289214647,1000000,1000000,321.7623686525136,321.7623686525136,321.7623686525136,151.8899698818568,P3_heat_exchanger_RC01,321.7623686525136,9.997026972991744e-09,9.997026972991744e-09,True
P3_heat_exchanger_RC01,engineering,0,0,SEHHO-COBL,7,3993610849973626751,1000000,1000000,676.6427253517516,676.6427253517516,676.6427253517516,138.41864935378544,P3_heat_exchanger_RC01,676.6427253517516,0.0,0.0,True
P3_heat_exchanger_RC01,engineering,0,0,SEHHO-COBL,8,82230564105017983,1000000,1000000,556.2015998513158,556.2015998513158,556.2015998513158,138.83404896291904,P3_heat_exchanger_RC01,556.2015998513158,0.0,0.0,True
P3_heat_exchanger_RC01,engineering,0,0,SEHHO-COBL,9,6308033389855059150,1000000,1000000,299.79551178008444,299.79551178008444,299.79551178008444,133.71836463408545,P3_heat_exchanger_RC01,299.79551178008444,0.0,0.0,True
P3_heat_exchanger_RC01,engineering,0,0,SEHHO-COBL,10,6795069394353195073,1000000,1000000,414.44830323985195,414.44830323985195,414.44830323985195,133.12181752710603,P3_heat_exchanger_RC01,414.44830323985195,0.0,0.0,True
P3_heat_exchanger_RC01,engineering,0,0,SEHHO-COBL,11,6728947377932633918,1000000,1000000,100000.0012953273,100000.0012953273,100000.0012953273,127.71575617208146,P3_heat_exchanger_RC01,390.4846533486102,0.0012953273017932588,0.0012953273017932588,False
P3_heat_exchanger_RC01,engineering,0,0,SEHHO-COBL,12,2287577557210547143,1000000,1000000,549.4906693322629,549.4906693322629,549.4906693322629,134.02556346403435,P3_heat_exchanger_RC01,549.4906693322629,0.0,0.0,True
P3_heat_exchanger_RC01,engineering,0,0,SEHHO-COBL,13,2530498432986131697,1000000,1000000,100000.00030297849,100000.00030297849,100000.00030297849,127.88656202703714,P3_heat_exchanger_RC01,258.5656074479685,0.00030297849204762316,0.00030297849204762316,False
P3_heat_exchanger_RC01,engineering,0,0,SEHHO-COBL,14,212784437537384165,1000000,1000000,100000.01790164682,100000.01790164682,100000.01790164682,129.26567087695003,P3_heat_exchanger_RC01,607.788448146935,0.017901646822540352,0.017901646822540352,False
P3_heat_exchanger_RC01,engineering,0,0,SEHHO-COBL,15,8696524623718819986,1000000,1000000,659.4605024729084,659.4605024729084,659.4605024729084,132.66853837599047,P3_heat_exchanger_RC01,659.4605024729084,9.999869143934785e-09,9.999869143934785e-09,True
P3_heat_exchanger_RC01,engineering,0,0,SEHHO-COBL,16,3464683701084501719,1000000,1000000,616.432156690112,616.432156690112,616.432156690112,128.82228986686096,P3_heat_exchanger_RC01,616.432156690112,0.0,0.0,True
P3_heat_exchanger_RC01,engineering,0,0,SEHHO-COBL,17,7257225510401574582,1000000,1000000,359.13098306128825,359.13098306128825,359.13098306128825,132.75019655190408,P3_heat_exchanger_RC01,359.13098306128825,0.0,0.0,True
P3_heat_exchanger_RC01,engineering,0,0,SEHHO-COBL,18,680815489722018170,1000000,1000000,713.8184803788803,713.8184803788803,713.8184803788803,132.4733549777884,P3_heat_exchanger_RC01,713.8184803788803,9.999584926840481e-09,9.999584926840481e-09,True
P3_heat_exchanger_RC01,engineering,0,0,SEHHO-COBL,19,5062670298036064322,1000000,1000000,713.4854483607734,713.4854483607734,713.4854483607734,133.0849239139352,P3_heat_exchanger_RC01,713.4854483607734,0.0,0.0,True
P3_heat_exchanger_RC01,engineering,0,0,SEHHO-COBL,20,5940837771346555160,1000000,1000000,100000.02721934354,100000.02721934354,100000.02721934354,127.29093057685532,P3_heat_exchanger_RC01,699.9523942607693,0.027219343538023612,0.012045165913182155,False
P3_heat_exchanger_RC01,engineering,0,0,SEHHO-COBL,21,8598420279120465612,1000000,1000000,538.5890769147563,538.5890769147563,538.5890769147563,133.03915145085193,P3_heat_exchanger_RC01,538.5890769147563,9.999755457097063e-09,9.999755457097063e-09,True
P3_heat_exchanger_RC01,engineering,0,0,SEHHO-COBL,22,1286135154486828988,1000000,1000000,230.82361015936618,230.82361015936618,230.82361015936618,133.07144896592945,P3_heat_exchanger_RC01,230.82361015936618,6.1165541410398245e-09,6.1165541410398245e-09,True
P3_heat_exchanger_RC01,engineering,0,0,SEHHO-COBL,23,1338059915948175723,1000000,1000000,249.51393554464906,249.51393554464906,249.51393554464906,131.80363521701656,P3_heat_exchanger_RC01,249.51393554464906,0.0,0.0,True
P3_heat_exchanger_RC01,engineering,0,0,SEHHO-COBL,24,4616417958467373565,1000000,1000000,100000.00280128031,100000.00280128031,100000.00280128031,126.95692436699755,P3_heat_exchanger_RC01,292.5427128816613,0.002801280313503308,0.0021578856442123653,False
P3_heat_exchanger_RC01,engineering,0,0,SEHHO-COBL,25,8364845435679891761,1000000,1000000,356.654091902281,356.654091902281,356.654091902281,132.62099120486528,P3_heat_exchanger_RC01,356.654091902281,4.776284613720568e-09,4.776284613720568e-09,True
P3_heat_exchanger_RC01,engineering,0,0,SEHHO-COBL,26,987792478301223628,1000000,1000000,288.28638904536274,288.28638904536274,288.28638904536274,131.85520345694385,P3_heat_exchanger_RC01,288.28638904536274,0.0,0.0,True
P3_heat_exchanger_RC01,engineering,0,0,SEHHO-COBL,27,7045865852487743093,1000000,1000000,343.03924749979456,343.03924749979456,343.03924749979456,133.77946174284443,P3_heat_exchanger_RC01,343.03924749979456,0.0,0.0,True
P3_heat_exchanger_RC01,engineering,0,0,SEHHO-COBL,28,9059907720249006992,1000000,1000000,242.26261247550974,242.26261247550974,242.26261247550974,133.622959459899,P3_heat_exchanger_RC01,242.26261247550974,0.0,0.0,True
P3_heat_exchanger_RC01,engineering,0,0,SEHHO-COBL,29,352721855436932021,1000000,1000000,253.40444969782254,253.40444969782254,253.40444969782254,133.150886596879,P3_heat_exchanger_RC01,253.40444969782254,9.857305849431878e-09,9.857305849431878e-09,True
P4_blending_pooling_RC06,engineering,0,0,SEHHO-COBL,0,8026546316644477289,1000000,1000000,1001.4968859256927,1001.4968859256927,1001.4968859256927,355.2271844658535,P4_blending_pooling_RC06,1.2671600328605226,1.4968859256927531,0.9945544937377808,False
P4_blending_pooling_RC06,engineering,0,0,SEHHO-COBL,1,7057281333216600022,1000000,1000000,1001.7596538390954,1001.7596538390954,1001.7596538390954,273.0529497838579,P4_blending_pooling_RC06,2.6252147490601425,1.7596538390955054,0.6909673529171502,False
P4_blending_pooling_RC06,engineering,0,0,SEHHO-COBL,2,7992800114280123568,1000000,1000000,1003.5815197656813,1003.5815197656813,1003.5815197656813,305.59413255308755,P4_blending_pooling_RC06,2.364846970686287,3.5815197656812634,0.8002667713448124,False
P4_blending_pooling_RC06,engineering,0,0,SEHHO-COBL,3,3506182232673757568,1000000,1000000,1001.4276404375478,1001.4276404375478,1001.4276404375478,271.0263079779688,P4_blending_pooling_RC06,2.4256390513178854,1.4276404375477707,0.4971405274984934,False
P4_blending_pooling_RC06,engineering,0,0,SEHHO-COBL,4,3263515439277455416,1000000,1000000,1002.0196696092585,1002.0196696092585,1002.0196696092585,242.24826679495163,P4_blending_pooling_RC06,2.034899573490102,2.019669609258487,0.4998436562814325,False
P4_blending_pooling_RC06,engineering,0,0,SEHHO-COBL,5,661927418340404277,1000000,1000000,1001.5664361755156,1001.5664361755156,1001.5664361755156,235.69219524692744,P4_blending_pooling_RC06,2.5623595188563097,1.5664361755155505,0.5002074774923678,False
P4_blending_pooling_RC06,engineering,0,0,SEHHO-COBL,6,5621072511460293338,1000000,1000000,1002.379929415834,1002.379929415834,1002.379929415834,230.88055931101553,P4_blending_pooling_RC06,2.3839927542627093,2.3799294158340523,0.7710139577661769,False
P4_blending_pooling_RC06,engineering,0,0,SEHHO-COBL,7,213665876517836206,1000000,1000000,1001.7861953358295,1001.7861953358295,1001.7861953358295,231.03093685908243,P4_blending_pooling_RC06,1.8875723443757861,1.7861953358294125,0.9999,False
P4_blending_pooling_RC06,engineering,0,0,SEHHO-COBL,8,4612111793516829936,1000000,1000000,1002.3651243808847,1002.3651243808847,1002.3651243808847,229.98528813407756,P4_blending_pooling_RC06,2.279103636345103,2.3651243808846742,0.6297317709788172,False
P4_blending_pooling_RC06,engineering,0,0,SEHHO-COBL,9,6997065959924244877,1000000,1000000,1002.407674345452,1002.407674345452,1002.407674345452,229.76785776903853,P4_blending_pooling_RC06,2.4576812261038112,2.407674345451996,0.629868489365863,False
P4_blending_pooling_RC06,engineering,0,0,SEHHO-COBL,10,5140841445584764985,1000000,1000000,1001.748705861785,1001.748705861785,1001.748705861785,230.92900192993693,P4_blending_pooling_RC06,1.6568432251964305,1.7487058617849367,0.6056458136418164,False
P4_blending_pooling_RC06,engineering,0,0,SEHHO-COBL,11,6280224621904534455,1000000,1000000,1002.7188289238729,1002.7188289238729,1002.7188289238729,229.26364020700566,P4_blending_pooling_RC06,2.5167247749440174,2.7188289238729606,0.9999,False
P4_blending_pooling_RC06,engineering,0,0,SEHHO-COBL,12,3917502766141290323,1000000,1000000,1001.4397529245977,1001.4397529245977,1001.4397529245977,229.86946516297758,P4_blending_pooling_RC06,1.8374488386426795,1.4397529245976928,0.4998437852915113,False
P4_blending_pooling_RC06,engineering,0,0,SEHHO-COBL,13,2334328574534628786,1000000,1000000,1001.9917354815573,1001.9917354815573,1001.9917354815573,229.12232848908752,P4_blending_pooling_RC06,2.46178793468159,1.9917354815572936,0.6870801897678142,False
P4_blending_pooling_RC06,engineering,0,0,SEHHO-COBL,14,6008555951214004183,1000000,1000000,1002.5531479762003,1002.5531479762003,1002.5531479762003,228.81831237790175,P4_blending_pooling_RC06,2.192289035059788,2.5531479762003193,0.719361629904016,False
P4_blending_pooling_RC06,engineering,0,0,SEHHO-COBL,15,3769128140392230629,1000000,1000000,1002.3977829704837,1002.3977829704837,1002.3977829704837,228.52626496879384,P4_blending_pooling_RC06,2.1486067950234107,2.3977829704837186,0.7275120246621756,False
P4_blending_pooling_RC06,engineering,0,0,SEHHO-COBL,16,4634552005488787009,1000000,1000000,1002.1060859484375,1002.1060859484375,1002.1060859484375,228.66785008995794,P4_blending_pooling_RC06,2.4334780433601435,2.106085948437449,0.6658554630068888,False
P4_blending_pooling_RC06,engineering,0,0,SEHHO-COBL,17,3701014640668594608,1000000,1000000,1002.283877099849,1002.283877099849,1002.283877099849,228.2496889932081,P4_blending_pooling_RC06,2.088232409754517,2.2838770998489117,0.5409012269609541,False
P4_blending_pooling_RC06,engineering,0,0,SEHHO-COBL,18,7821954790251796713,1000000,1000000,1002.2282926798331,1002.2282926798331,1002.2282926798331,228.12545629194938,P4_blending_pooling_RC06,2.7197431469189333,2.228292679833057,0.6277686511140708,False
P4_blending_pooling_RC06,engineering,0,0,SEHHO-COBL,19,8257310478945203902,1000000,1000000,1001.5109156311371,1001.5109156311371,1001.5109156311371,227.02436054311693,P4_blending_pooling_RC06,2.3040268887528272,1.5109156311370704,0.47354771316393507,False
P4_blending_pooling_RC06,engineering,0,0,SEHHO-COBL,20,4543689958418783981,1000000,1000000,1001.0101855368769,1001.0101855368769,1001.0101855368769,227.24786086101085,P4_blending_pooling_RC06,1.6191233772500235,1.010185536876833,0.5936726293464857,False
P4_blending_pooling_RC06,engineering,0,0,SEHHO-COBL,21,4050828008949653408,1000000,1000000,1001.3801244311586,1001.3801244311586,1001.3801244311586,227.48021359997801,P4_blending_pooling_RC06,2.353905014469303,1.3801244311586505,0.4624437434717293,False
P4_blending_pooling_RC06,engineering,0,0,SEHHO-COBL,22,3185057610767168136,1000000,1000000,1002.2622786442432,1002.2622786442432,1002.2622786442432,227.5123121610377,P4_blending_pooling_RC06,2.192756525890838,2.262278644243188,0.6727741908079828,False
P4_blending_pooling_RC06,engineering,0,0,SEHHO-COBL,23,5582959027091191931,1000000,1000000,1000.9628490845095,1000.9628490845095,1000.9628490845095,226.84632691391744,P4_blending_pooling_RC06,2.0427206672091516,0.9628490845095037,0.6443634508925222,False
P4_blending_pooling_RC06,engineering,0,0,SEHHO-COBL,24,6975864939591549108,1000000,1000000,1001.5238165356534,1001.5238165356534,1001.5238165356534,228.0437235061545,P4_blending_pooling_RC06,2.002648314462637,1.5238165356534359,0.47879308031627354,False
P4_blending_pooling_RC06,engineering,0,0,SEHHO-COBL,25,399912850429359206,1000000,1000000,1002.025067041355,1002.025067041355,1002.025067041355,226.85047210706398,P4_blending_pooling_RC06,2.56474295034187,2.025067041355033,0.6520113691279334,False
P4_blending_pooling_RC06,engineering,0,0,SEHHO-COBL,26,7617732674243519908,1000000,1000000,1002.7860339360266,1002.7860339360266,1002.7860339360266,228.03166607604362,P4_blending_pooling_RC06,2.441548106014176,2.7860339360265556,0.7532330436935805,False
P4_blending_pooling_RC06,engineering,0,0,SEHHO-COBL,27,5614887786833976711,1000000,1000000,1002.7475598593194,1002.7475598593194,1002.7475598593194,227.47869007312693,P4_blending_pooling_RC06,2.0483022868132736,2.7475598593194333,0.6405163314119013,False
P4_blending_pooling_RC06,engineering,0,0,SEHHO-COBL,28,2686813263292883988,1000000,1000000,1003.6842474510404,1003.6842474510404,1003.6842474510404,227.23288752301596,P4_blending_pooling_RC06,2.3824467426653237,3.6842474510404153,1.041013787846517,False
P4_blending_pooling_RC06,engineering,0,0,SEHHO-COBL,29,3439077626324662623,1000000,1000000,1002.5975181440199,1002.5975181440199,1002.5975181440199,226.83927689283155,P4_blending_pooling_RC06,2.158942175076615,2.5975181440198547,0.9996597561060561,False
