tag,suite,func,dim,algo,run,seed,max_fes,fes_used,best_f,error,raw_error,seconds
E6_popsize_N30,cec2017,3,30,SEHHO-COBL,0,7467829768847665059,300000,300000,300.0000000000003,0.0,2.8421709430404007e-13,15.5489683309861
E6_popsize_N30,cec2017,3,30,SEHHO-COBL,1,1995363226424939795,300000,300000,300.00000000000085,0.0,8.526512829121202e-13,15.507414811989293
E6_popsize_N30,cec2017,3,30,SEHHO-COBL,2,5039871728687200824,300000,300000,300.0000000000002,0.0,2.2737367544323206e-13,8.94929144901107
E6_popsize_N30,cec2017,3,30,SEHHO-COBL,3,3808263176946457976,300000,300000,300.00000000000034,0.0,3.410605131648481e-13,9.055443288991228
E6_popsize_N30,cec2017,3,30,SEHHO-COBL,4,5260507434291282820,300000,300000,300.0000000000005,0.0,5.115907697472721e-13,11.215036911016796
E6_popsize_N30,cec2017,3,30,SEHHO-COBL,5,3550835227012556834,300000,300000,300.0000000000002,0.0,2.2737367544323206e-13,9.777311644982547
E6_popsize_N30,cec2017,3,30,SEHHO-COBL,6,6271637225160150037,300000,300000,300.0000000000002,0.0,2.2737367544323206e-13,9.021752016997198
E6_popsize_N30,cec2017,3,30,SEHHO-COBL,7,5237066406138648788,300000,300000,300.0000000000003,0.0,2.8421709430404007e-13,9.206953883985989
E6_popsize_N30,cec2017,3,30,SEHHO-COBL,8,2841659950619737031,300000,300000,300.00000000000034,0.0,3.410605131648481e-13,8.944955015991582
E6_popsize_N30,cec2017,3,30,SEHHO-COBL,9,2846051366487906893,300000,300000,300.0000000000005,0.0,5.115907697472721e-13,9.239977824006928
E6_popsize_N30,cec2017,3,30,SEHHO-COBL,10,8033945703282381055,300000,300000,300.0000000000005,0.0,5.115907697472721e-13,8.948258882999653
E6_popsize_N30,cec2017,3,30,SEHHO-COBL,11,623629946870231193,300000,300000,300.00000000000097,0.0,9.663381206337363e-13,9.431052305997582
E6_popsize_N30,cec2017,3,30,SEHHO-COBL,12,3704194924777609214,300000,300000,300.00000000000324,0.0,3.240074875066057e-12,9.14294391698786
E6_popsize_N30,cec2017,3,30,SEHHO-COBL,13,3831267812280223476,300000,300000,300.00000000000034,0.0,3.410605131648481e-13,9.403139792993898
E6_popsize_N30,cec2017,3,30,SEHHO-COBL,14,4847963331938107360,300000,300000,300.00000000000045,0.0,4.547473508864641e-13,8.976091115007875
E6_popsize_N30,cec2017,3,30,SEHHO-COBL,15,3712487545043859594,300000,300000,300.00000000000045,0.0,4.547473508864641e-13,8.978557211026782
E6_popsize_N30,cec2017,3,30,SEHHO-COBL,16,798984088168799102,300000,300000,300.0000000000002,0.0,2.2737367544323206e-13,9.101654042984592
E6_popsize_N30,cec2017,3,30,SEHHO-COBL,17,8060121118351390204,300000,300000,300.0052674381305,0.0052674381304882445,0.0052674381304882445,11.41987317497842
E6_popsize_N30,cec2017,3,30,SEHHO-COBL,18,7983264771864505200,300000,300000,300.00000000000034,0.0,3.410605131648481e-13,9.52655608500936
E6_popsize_N30,cec2017,3,30,SEHHO-COBL,19,6722123397640351427,300000,300000,300.00000000000034,0.0,3.410605131648481e-13,9.063959491992136
E6_popsize_N30,cec2017,3,30,SEHHO-COBL,20,3942535337866007804,300000,300000,11125.161697766125,10825.161697766125,10825.161697766125,10.241113658004906
E6_popsize_N30,cec2017,3,30,SEHHO-COBL,21,2745272660242746526,300000,300000,300.0000000000003,0.0,2.8421709430404007e-13,15.693983933975687
E6_popsize_N30,cec2017,3,30,SEHHO-COBL,22,1616432665128895721,300000,300000,300.0000000000002,0.0,2.2737367544323206e-13,17.370261661999393
E6_popsize_N30,cec2017,3,30,SEHHO-COBL,23,8090437454662303575,300000,300000,300.0000000000011,0.0,1.0800249583553523e-12,14.915354616008699
E6_popsize_N30,cec2017,3,30,SEHHO-COBL,24,8752234708929461956,300000,300000,300.0000000000006,0.0,6.252776074688882e-13,16.79296923498623
E6_popsize_N30,cec2017,3,30,SEHHO-COBL,25,4384827889777342897,300000,300000,300.0000000000006,0.0,6.252776074688882e-13,16.570351369999116
E6_popsize_N30,cec2017,3,30,SEHHO-COBL,26,1199829248726585037,300000,300000,300.0000000000002,0.0,2.2737367544323206e-13,16.659738104994176
E6_popsize_N30,cec2017,3,30,SEHHO-COBL,27,3152825805951284350,300000,300000,300.0000000000005,0.0,5.115907697472721e-13,16.608989629981807
E6_popsize_N30,cec2017,3,30,SEHHO-COBL,28,7518021033697972470,300000,300000,300.00000000000045,0.0,4.547473508864641e-13,17.162017577007646
E6_popsize_N30,cec2017,3,30,SEHHO-COBL,29,2395369248331424939,300000,300000,300.00000000000057,0.0,5.684341886080801e-13,15.870484880986623
E6_popsize_N60,cec2017,3,30,SEHHO-COBL,0,1236352713480285870,300000,300000,300.0000000000003,0.0,2.8421709430404007e-13,11.008510278014
E6_popsize_N60,cec2017,3,30,SEHHO-COBL,1,1054497702113428382,300000,300000,300.0000000000003,0.0,2.8421709430404007e-13,8.402757112984546
E6_popsize_N60,cec2017,3,30,SEHHO-COBL,2,2742779378721587720,300000,300000,300.00000000000017,0.0,1.7053025658242404e-13,8.767149171006167
E6_popsize_N60,cec2017,3,30,SEHHO-COBL,3,6242590223045850906,300000,300000,300.0000000000002,0.0,2.2737367544323206e-13,8.800835072004702
E6_popsize_N60,cec2017,3,30,SEHHO-COBL,4,3593007246185923278,300000,300000,12452.197973107544,12152.197973107544,12152.197973107544,8.339402714016614
E6_popsize_N60,cec2017,3,30,SEHHO-COBL,5,6995221049311489676,300000,300000,300.0000000000003,0.0,2.8421709430404007e-13,9.783701058971928
E6_popsize_N60,cec2017,3,30,SEHHO-COBL,6,8486198262728317090,300000,300000,300.0000000000002,0.0,2.2737367544323206e-13,15.758828117017401
E6_popsize_N60,cec2017,3,30,SEHHO-COBL,7,8806168725243063108,300000,300000,300.0000000000003,0.0,2.8421709430404007e-13,15.90851019200636
E6_popsize_N60,cec2017,3,30,SEHHO-COBL,8,5200063083148869745,300000,300000,300.00000000000034,0.0,3.410605131648481e-13,16.273159493983258
E6_popsize_N60,cec2017,3,30,SEHHO-COBL,9,2053320517226560051,300000,300000,300.0000000000001,0.0,1.1368683772161603e-13,16.257868513988797
E6_popsize_N60,cec2017,3,30,SEHHO-COBL,10,4134104145404273601,300000,300000,300.00000000000034,0.0,3.410605131648481e-13,16.159628052002518
E6_popsize_N60,cec2017,3,30,SEHHO-COBL,11,5890762802424946657,300000,300000,300.0000000000002,0.0,2.2737367544323206e-13,16.03648720800993
E6_popsize_N60,cec2017,3,30,SEHHO-COBL,12,290709275381747552,300000,300000,300.0000000000002,0.0,2.2737367544323206e-13,13.532217286003288
E6_popsize_N60,cec2017,3,30,SEHHO-COBL,13,9121079680491588963,300000,300000,300.0000000000002,0.0,2.2737367544323206e-13,13.035763971012784
E6_popsize_N60,cec2017,3,30,SEHHO-COBL,14,2909211923959552719,300000,300000,300.0000000000002,0.0,2.2737367544323206e-13,15.755160377011634
E6_popsize_N60,cec2017,3,30,SEHHO-COBL,15,7718304968947004834,300000,300000,300.00000000000017,0.0,1.7053025658242404e-13,14.962254452024354
E6_popsize_N60,cec2017,3,30,SEHHO-COBL,16,3058316303726267944,300000,300000,300.00000000000034,0.0,3.410605131648481e-13,8.88269587198738
E6_popsize_N60,cec2017,3,30,SEHHO-COBL,17,4508184668087498381,300000,300000,300.0000000000003,0.0,2.8421709430404007e-13,10.557391813985305
E6_popsize_N60,cec2017,3,30,SEHHO-COBL,18,4041694177173608519,300000,300000,300.00000000000017,0.0,1.7053025658242404e-13,13.34592220801278
E6_popsize_N60,cec2017,3,30,SEHHO-COBL,19,5757490649847986753,300000,300000,300.0000000000003,0.0,2.8421709430404007e-13,10.210313237999799
E6_popsize_N60,cec2017,3,30,SEHHO-COBL,20,556355153175678862,300000,300000,300.0000000000001,0.0,1.1368683772161603e-13,8.948094674997265
E6_popsize_N60,cec2017,3,30,SEHHO-COBL,21,6386008742393404792,300000,300000,300.00000000000017,0.0,1.7053025658242404e-13,13.22795047899126
E6_popsize_N60,cec2017,3,30,SEHHO-COBL,22,1565133385243843136,300000,300000,300.00000000000045,0.0,4.547473508864641e-13,14.467563293001149
E6_popsize_N60,cec2017,3,30,SEHHO-COBL,23,5847692377918185357,300000,300000,300.0000000000003,0.0,2.8421709430404007e-13,12.417321301996708
E6_popsize_N60,cec2017,3,30,SEHHO-COBL,24,5559365477768781265,300000,300000,300.0000000000002,0.0,2.2737367544323206e-13,8.28232985798968
E6_popsize_N60,cec2017,3,30,SEHHO-COBL,25,2922124156354453253,300000,300000,300.00000000000017,0.0,1.7053025658242404e-13,14.50260709199938
E6_popsize_N60,cec2017,3,30,SEHHO-COBL,26,4787864045472846719,300000,300000,300.0000000000003,0.0,2.8421709430404007e-13,15.12847274300293
E6_popsize_N60,cec2017,3,30,SEHHO-COBL,27,3744682644379070516,300000,300000,300.00000000000017,0.0,1.7053025658242404e-13,16.10200925200479
E6_popsize_N60,cec2017,3,30,SEHHO-COBL,28,5119717408122844408,300000,300000,300.00000000000017,0.0,1.7053025658242404e-13,15.902264457021374
E6_popsize_N60,cec2017,3,30,SEHHO-COBL,29,1116149744052663543,300000,300000,300.00000000000034,0.0,3.410605131648481e-13,12.125256742001511
E6_popsize_N60,cec2017,4,30,SEHHO-COBL,0,5219492913716311685,300000,300000,400.00000000000017,0.0,1.7053025658242404e-13,16.02238560799742
E6_popsize_N60,cec2017,4,30,SEHHO-COBL,1,754671295941169412,300000,300000,458.56155730238527,58.56155730238527,58.56155730238527,15.35843723799917
E6_popsize_N60,cec2017,4,30,SEHHO-COBL,2,622571509494081112,300000,300000,400.0000000000003,0.0,2.8421709430404007e-13,16.710114520974457
E6_popsize_N60,cec2017,4,30,SEHHO-COBL,3,771971398368599717,300000,300000,400.0000000000019,0.0,1.8758328224066645e-12,16.575599572999636
E6_popsize_N60,cec2017,4,30,SEHHO-COBL,4,6287646438359849380,300000,300000,464.11739501335506,64.11739501335506,64.11739501335506,15.567920187022537
E6_popsize_N60,cec2017,4,30,SEHHO-COBL,5,3280900003529966898,300000,300000,458.56155730238527,58.56155730238527,58.56155730238527,15.497865631012246
E6_popsize_N60,cec2017,4,30,SEHHO-COBL,6,6377431204020361323,300000,300000,400.0000000000011,0.0,1.0800249583553523e-12,14.376969923992874
E6_popsize_N60,cec2017,4,30,SEHHO-COBL,7,5125555321903451574,300000,300000,458.56155730238527,58.56155730238527,58.56155730238527,11.280543345987098
E6_popsize_N60,cec2017,4,30,SEHHO-COBL,8,981218073549148410,300000,300000,400.00000000000125,0.0,1.2505552149377763e-12,15.689820414001588
E6_popsize_N60,cec2017,4,30,SEHHO-COBL,9,8501755403555993623,300000,300000,400.00000000000045,0.0,4.547473508864641e-13,14.270094317995245
E6_popsize_N60,cec2017,4,30,SEHHO-COBL,10,8777351974292023431,300000,300000,458.56155730238527,58.56155730238527,58.56155730238527,16.40763849299401
E6_popsize_N60,cec2017,4,30,SEHHO-COBL,11,7347563529286182847,300000,300000,464.11739501335506,64.11739501335506,64.11739501335506,15.436185333994217
E6_popsize_N60,cec2017,4,30,SEHHO-COBL,12,8686871579675998448,300000,300000,464.11739501335506,64.11739501335506,64.11739501335506,8.720772897009738
E6_popsize_N60,cec2017,4,30,SEHHO-COBL,13,312979699971888676,300000,300000,400.0000000000005,0.0,5.115907697472721e-13,8.365622662997339
E6_popsize_N60,cec2017,4,30,SEHHO-COBL,14,3326903026666462251,300000,300000,458.5615573023852,58.56155730238521,58.56155730238521,8.510707345005358
E6_popsize_N60,cec2017,4,30,SEHHO-COBL,15,7257211443717258916,300000,300000,464.11739501335506,64.11739501335506,64.11739501335506,8.403657360002398
E6_popsize_N60,cec2017,4,30,SEHHO-COBL,16,3011386523912693423,300000,300000,458.5615573023852,58.56155730238521,58.56155730238521,11.525328718998935
E6_popsize_N60,cec2017,4,30,SEHHO-COBL,17,5541804580502376418,300000,300000,403.98662385430185,3.986623854301854,3.986623854301854,12.34130360299605
E6_popsize_N60,cec2017,4,30,SEHHO-COBL,18,1293737041679153108,300000,300000,400.00000000000153,0.0,1.5347723092418164e-12,12.453146086016204
E6_popsize_N60,cec2017,4,30,SEHHO-COBL,19,4036149188777976029,300000,300000,400.0000000000003,0.0,2.8421709430404007e-13,14.367853425996145
E6_popsize_N60,cec2017,4,30,SEHHO-COBL,20,6768234736933176297,300000,300000,458.56155730238527,58.56155730238527,58.56155730238527,13.730050434009172
E6_popsize_N60,cec2017,4,30,SEHHO-COBL,21,4816905379588703711,300000,300000,464.1173950133551,64.11739501335512,64.11739501335512,8.164995583007112
E6_popsize_N60,cec2017,4,30,SEHHO-COBL,22,8052703161697652220,300000,300000,458.56155730238527,58.56155730238527,58.56155730238527,8.135040719993412
E6_popsize_N60,cec2017,4,30,SEHHO-COBL,23,2165414898448365968,300000,300000,400.00000000000034,0.0,3.410605131648481e-13,8.978104741981952
E6_popsize_N60,cec2017,4,30,SEHHO-COBL,24,7423635436590169572,300000,300000,400.0000000000002,0.0,2.2737367544323206e-13,15.079448303004028
E6_popsize_N60,cec2017,4,30,SEHHO-COBL,25,20652494300954364,300000,300000,403.98662385430134,3.9866238543013424,3.9866238543013424,14.765150782011915
E6_popsize_N60,cec2017,4,30,SEHHO-COBL,26,6567273581774057356,300000,300000,458.56155730238527,58.56155730238527,58.56155730238527,10.720230415987317
E6_popsize_N60,cec2017,4,30,SEHHO-COBL,27,8198041143886900479,300000,300000,458.5615573023852,58.56155730238521,58.56155730238521,15.9958185889991
E6_popsize_N60,cec2017,4,30,SEHHO-COBL,28,9158031502282079761,300000,300000,458.56155730238527,58.56155730238527,58.56155730238527,15.88611259299796
E6_popsize_N60,cec2017,4,30,SEHHO-COBL,29,5753918398340603960,300000,300000,458.56155730238527,58.56155730238527,58.56155730238527,14.805512966006063
E6_popsize_N30,cec2017,14,30,SEHHO-COBL,0,1545709394343531018,300000,300000,1607.537103606744,207.53710360674404,207.53710360674404,15.849880695983302
E6_popsize_N30,cec2017,14,30,SEHHO-COBL,1,2321783187238745519,300000,300000,1588.1673725741389,188.16737257413888,188.16737257413888,16.437582567014033
E6_popsize_N30,cec2017,14,30,SEHHO-COBL,2,3404714924296922628,300000,300000,1615.698855581469,215.69885558146893,215.69885558146893,13.33437238499755
E6_popsize_N30,cec2017,14,30,SEHHO-COBL,3,223272678887973622,300000,300000,1588.2298740788633,188.2298740788633,188.2298740788633,9.66395056300098
E6_popsize_N30,cec2017,14,30,SEHHO-COBL,4,3314719567362151102,300000,300000,1593.3739310899941,193.37393108999413,193.37393108999413,9.438464107981417
E6_popsize_N30,cec2017,14,30,SEHHO-COBL,5,9126889518641443842,300000,300000,1581.787292253985,181.78729225398502,181.78729225398502,16.54541372699896
E6_popsize_N30,cec2017,14,30,SEHHO-COBL,6,842703544760291802,300000,300000,1543.5443154510508,143.5443154510508,143.5443154510508,9.74644150500535
E6_popsize_N30,cec2017,14,30,SEHHO-COBL,7,7737799510703239522,300000,300000,1527.6315659864454,127.63156598644537,127.63156598644537,9.409601772989845
E6_popsize_N30,cec2017,14,30,SEHHO-COBL,8,7346374013857342033,300000,300000,1596.279672087396,196.27967208739597,196.27967208739597,9.383986077998998
E6_popsize_N30,cec2017,14,30,SEHHO-COBL,9,6736833964717713856,300000,300000,1544.570064177132,144.57006417713205,144.57006417713205,14.675447243003873
E6_popsize_N30,cec2017,14,30,SEHHO-COBL,10,8160387731366522047,300000,300000,1510.739739403664,110.73973940366409,110.73973940366409,16.544256756984396
E6_popsize_N30,cec2017,14,30,SEHHO-COBL,11,2512335210288625965,300000,300000,1593.6522386920606,193.65223869206056,193.65223869206056,15.964984526013723
E6_popsize_N30,cec2017,14,30,SEHHO-COBL,12,826824070447763813,300000,300000,1492.650376042995,92.65037604299505,92.65037604299505,17.743009093013825
E6_popsize_N30,cec2017,14,30,SEHHO-COBL,13,8503506729199398897,300000,300000,1528.5081356838198,128.50813568381977,128.50813568381977,17.377519225003198
E6_popsize_N30,cec2017,14,30,SEHHO-COBL,14,7226610662662077423,300000,300000,1625.5614594860133,225.5614594860133,225.5614594860133,16.83529062400339
E6_popsize_N30,cec2017,14,30,SEHHO-COBL,15,6497524419598034886,300000,300000,1573.2578736349824,173.2578736349824,173.2578736349824,15.635938583000097
E6_popsize_N30,cec2017,14,30,SEHHO-COBL,16,6027374127171765130,300000,300000,1634.9518369584775,234.95183695847754,234.95183695847754,10.039648257021327
E6_popsize_N30,cec2017,14,30,SEHHO-COBL,17,8161375964915740207,300000,300000,1561.3343184620999,161.33431846209987,161.33431846209987,13.017607226007385
E6_popsize_N30,cec2017,14,30,SEHHO-COBL,18,3333229607671072922,300000,300000,1684.2175582612563,284.2175582612563,284.2175582612563,11.877239808003651
E6_popsize_N30,cec2017,14,30,SEHHO-COBL,19,8525306127184785278,300000,300000,1673.8435283206843,273.8435283206843,273.8435283206843,10.408485594001831
E6_popsize_N30,cec2017,14,30,SEHHO-COBL,20,2383088574109504706,300000,300000,1502.219146927208,102.21914692720793,102.21914692720793,9.2354505629919
E6_popsize_N30,cec2017,14,30,SEHHO-COBL,21,5721767392592979980,300000,300000,1691.9834216277711,291.9834216277711,291.9834216277711,9.257376388006378
E6_popsize_N30,cec2017,14,30,SEHHO-COBL,22,7180704376077769584,300000,300000,1516.118165226782,116.11816522678191,116.11816522678191,10.1444701020082
E6_popsize_N30,cec2017,14,30,SEHHO-COBL,23,2804534561546865925,300000,300000,1525.750353499886,125.75035349988593,125.75035349988593,16.67028365499573
E6_popsize_N30,cec2017,14,30,SEHHO-COBL,24,4427905484665111888,300000,300000,1502.209792790507,102.20979279050698,102.20979279050698,15.4406538750045
E6_popsize_N30,cec2017,14,30,SEHHO-COBL,25,7115700118544930982,300000,300000,1478.7238695192,78.72386951919998,78.72386951919998,9.257559560996015
E6_popsize_N30,cec2017,14,30,SEHHO-COBL,26,6420275729245790954,300000,300000,1614.1916892681973,214.19168926819725,214.19168926819725,9.70839922199957
E6_popsize_N30,cec2017,14,30,SEHHO-COBL,27,5325907024944969339,300000,300000,1691.6878872182147,291.68788721821466,291.68788721821466,14.131873097998323
E6_popsize_N30,cec2017,14,30,SEHHO-COBL,28,3389851879323931854,300000,300000,1684.0130479390743,284.01304793907434,284.01304793907434,17.936255498003447
E6_popsize_N30,cec2017,14,30,SEHHO-COBL,29,2633912468038791873,300000,300000,1509.8358555446916,109.83585554469164,109.83585554469164,15.629119082994293
E6_popsize_N30,cec2017,11,30,SEHHO-COBL,0,4143528401380673260,300000,300000,1191.535085729613,91.535085729613,91.535085729613,17.017065543011995
E6_popsize_N30,cec2017,11,30,SEHHO-COBL,1,9151700008699859467,300000,300000,1350.012749800227,250.01274980022708,250.01274980022708,16.938938256993424
E6_popsize_N30,cec2017,11,30,SEHHO-COBL,2,4686182453538087295,300000,300000,1197.5054259298201,97.50542592982015,97.50542592982015,17.901390254002763
E6_popsize_N30,cec2017,11,30,SEHHO-COBL,3,4210206083830077457,300000,300000,1180.5911623071881,80.59116230718814,80.59116230718814,15.713097653992008
E6_popsize_N30,cec2017,11,30,SEHHO-COBL,4,4143445345185673829,300000,300000,1303.9599009934598,203.95990099345977,203.95990099345977,17.18627992400434
E6_popsize_N30,cec2017,11,30,SEHHO-COBL,5,1496590928505072173,300000,300000,1154.7225461264893,54.722546126489306,54.722546126489306,16.088732008996885
E6_popsize_N30,cec2017,11,30,SEHHO-COBL,6,1792431625289599979,300000,300000,1250.2433571625625,150.24335716256246,150.24335716256246,15.648482920980314
E6_popsize_N30,cec2017,11,30,SEHHO-COBL,7,8523743278344369033,300000,300000,1170.6416678194594,70.64166781945937,70.64166781945937,16.318477712018648
E6_popsize_N30,cec2017,11,30,SEHHO-COBL,8,8853853464458060411,300000,300000,1228.3485870386023,128.34858703860232,128.34858703860232,14.66291077900678
E6_popsize_N30,cec2017,11,30,SEHHO-COBL,9,167132865552636097,300000,300000,1183.5761002515096,83.57610025150962,83.57610025150962,9.405511561984895
E6_popsize_N30,cec2017,11,30,SEHHO-COBL,10,3663753622368643846,300000,300000,1150.742689518426,50.742689518426005,50.742689518426005,11.034648563014343
E6_popsize_N30,cec2017,11,30,SEHHO-COBL,11,4563336614483248800,300000,300000,1219.6764462148549,119.67644621485488,119.67644621485488,10.30234137797379
E6_popsize_N30,cec2017,11,30,SEHHO-COBL,12,848622428713743536,300000,300000,1143.7848824957648,43.784882495764805,43.784882495764805,10.931417241023155
E6_popsize_N30,cec2017,11,30,SEHHO-COBL,13,4245047573272309676,300000,300000,1278.3781619982524,178.37816199825238,178.37816199825238,16.434783937991597
E6_popsize_N30,cec2017,11,30,SEHHO-COBL,14,7686948232637836,300000,300000,1255.2120183062348,155.21201830623477,155.21201830623477,17.038537735992577
E6_popsize_N30,cec2017,11,30,SEHHO-COBL,15,5554734411744105005,300000,300000,1203.4816383060038,103.48163830600379,103.48163830600379,9.306388104014331
E6_popsize_N30,cec2017,11,30,SEHHO-COBL,16,8012486369406884093,300000,300000,1223.3739250489662,123.37392504896616,123.37392504896616,13.032851577998372
E6_popsize_N30,cec2017,11,30,SEHHO-COBL,17,3490298826717533100,300000,300000,1278.3785137050377,178.37851370503768,178.37851370503768,10.112005321017932
E6_popsize_N30,cec2017,11,30,SEHHO-COBL,18,7520545172689734890,300000,300000,1209.4449150169455,109.44491501694552,109.44491501694552,12.112111044989433
E6_popsize_N30,cec2017,11,30,SEHHO-COBL,19,1822294105952546213,300000,300000,1279.373411989092,179.3734119890919,179.3734119890919,12.750835755985463
E6_popsize_N30,cec2017,11,30,SEHHO-COBL,20,5762324120421564450,300000,300000,1216.4092150130186,116.40921501301864,116.40921501301864,17.20831156600616
E6_popsize_N30,cec2017,11,30,SEHHO-COBL,21,3186532585103425929,300000,300000,1209.44463378841,109.4446337884101,109.4446337884101,17.337163833988598
E6_popsize_N30,cec2017,11,30,SEHHO-COBL,22,4616392153518312081,300000,300000,1259.4738631722394,159.47386317223936,159.47386317223936,10.644905095017748
E6_popsize_N30,cec2017,11,30,SEHHO-COBL,23,9008919029049543952,300000,300000,1277.1058076742893,177.10580767428928,177.10580767428928,17.443711346015334
E6_popsize_N30,cec2017,11,30,SEHHO-COBL,24,2153409507723018807,300000,300000,1235.319128162433,135.3191281624329,135.3191281624329,9.604983735014684
E6_popsize_N30,cec2017,11,30,SEHHO-COBL,25,3432846582970818199,300000,300000,1201.4850129215192,101.48501292151923,101.48501292151923,9.3585822909954
E6_popsize_N30,cec2017,11,30,SEHHO-COBL,26,1896547006982106279,300000,300000,1160.2843914306345,60.284391430634514,60.284391430634514,9.362868650991004
E6_popsize_N30,cec2017,11,30,SEHHO-COBL,27,2218092775977397601,300000,300000,1198.5065993474059,98.50659934740588,98.50659934740588,9.27532661499572
E6_popsize_N30,cec2017,11,30,SEHHO-COBL,28,4646729523637725893,300000,300000,1161.6872494504196,61.687249450419586,61.687249450419586,9.49726307200035
E6_popsize_N30,cec2017,11,30,SEHHO-COBL,29,7589662858154463830,300000,300000,1204.4699919954992,104.46999199549919,104.46999199549919,9.871276456018677
E6_popsize_N30,cec2017,21,30,SEHHO-COBL,0,3371826429449253882,300000,300000,2345.4885388102166,245.4885388102166,245.4885388102166,17.755304363003233
E6_popsize_N30,cec2017,21,30,SEHHO-COBL,1,2524580834377249163,300000,300000,2330.2790500594115,230.27905005941147,230.27905005941147,17.55157209999743
E6_popsize_N30,cec2017,21,30,SEHHO-COBL,2,1341803347970247653,300000,300000,2334.238331404308,234.23833140430816,234.23833140430816,18.105621633003466
E6_popsize_N30,cec2017,21,30,SEHHO-COBL,3,5917237630193103840,300000,300000,2338.4424072930938,238.44240729309377,238.44240729309377,10.080267944023944
E6_popsize_N30,cec2017,21,30,SEHHO-COBL,4,7369490098584676068,300000,300000,2334.017043523436,234.01704352343586,234.01704352343586,10.583090975007508
E6_popsize_N30,cec2017,21,30,SEHHO-COBL,5,3472520531831973065,300000,300000,2346.3034865496525,246.30348654965246,246.30348654965246,11.676619982987177
E6_popsize_N30,cec2017,21,30,SEHHO-COBL,6,8871277332434825892,300000,300000,2327.997761233164,227.99776123316406,227.99776123316406,14.847175818984397
E6_popsize_N30,cec2017,21,30,SEHHO-COBL,7,4308445349527075082,300000,300000,2329.023371081063,229.02337108106303,229.02337108106303,9.85125245898962
E6_popsize_N30,cec2017,21,30,SEHHO-COBL,8,2095954326117332187,300000,300000,2337.1474857480684,237.14748574806845,237.14748574806845,9.935287336003967
E6_popsize_N30,cec2017,21,30,SEHHO-COBL,9,3674514510064493576,300000,300000,2332.2135559173907,232.21355591739075,232.21355591739075,9.802868378988933
E6_popsize_N30,cec2017,21,30,SEHHO-COBL,10,5991963295490162016,300000,300000,2347.2064067982133,247.20640679821327,247.20640679821327,10.117271197988885
E6_popsize_N30,cec2017,21,30,SEHHO-COBL,11,2583112247106284491,300000,300000,2341.9134362325917,241.91343623259172,241.91343623259172,11.757972969004186
E6_popsize_N30,cec2017,21,30,SEHHO-COBL,12,7071340968327008574,300000,300000,2343.342915067219,243.3429150672191,243.3429150672191,18.516125499008922
E6_popsize_N30,cec2017,21,30,SEHHO-COBL,13,5994506053083182679,300000,300000,2337.9653377600093,237.96533776000933,237.96533776000933,15.808224294014508
E6_popsize_N30,cec2017,21,30,SEHHO-COBL,14,3353867796701642289,300000,300000,2337.7200370233577,237.7200370233577,237.7200370233577,10.002047632005997
E6_popsize_N30,cec2017,21,30,SEHHO-COBL,15,1576125452292977116,300000,300000,2348.4479244872846,248.44792448728458,248.44792448728458,12.609658302011667
E6_popsize_N30,cec2017,21,30,SEHHO-COBL,16,3175502677602255767,300000,300000,2357.5627178111163,257.5627178111163,257.5627178111163,9.665493959008018
E6_popsize_N30,cec2017,21,30,SEHHO-COBL,17,5755415539107776613,300000,300000,2327.992004817073,227.99200481707294,227.99200481707294,10.486346039018827
E6_popsize_N30,cec2017,21,30,SEHHO-COBL,18,260217142486784693,300000,300000,2339.2154328229058,239.21543282290577,239.21543282290577,10.399152438010788
E6_popsize_N30,cec2017,21,30,SEHHO-COBL,19,2682867792775002524,300000,300000,2329.125898034003,229.12589803400306,229.12589803400306,10.172461212991038
E6_popsize_N30,cec2017,21,30,SEHHO-COBL,20,8261713676162682840,300000,300000,2345.6363814926754,245.63638149267535,245.63638149267535,19.110983161983313
E6_popsize_N30,cec2017,21,30,SEHHO-COBL,21,6267515347546664486,300000,300000,2334.5586619062337,234.55866190623374,234.55866190623374,16.641773840994574
E6_popsize_N30,cec2017,21,30,SEHHO-COBL,22,4236629272226861760,300000,300000,2344.0464145680367,244.04641456803665,244.04641456803665,17.630194404977374
E6_popsize_N30,cec2017,21,30,SEHHO-COBL,23,5866268672228847536,300000,300000,2344.0760184589817,244.0760184589817,244.0760184589817,14.355920164001873
E6_popsize_N30,cec2017,21,30,SEHHO-COBL,24,2566471147965037052,300000,300000,2339.0212903938027,239.0212903938027,239.0212903938027,12.387244269018993
E6_popsize_N30,cec2017,21,30,SEHHO-COBL,25,3563589472175653203,300000,300000,2342.258299697056,242.25829969705592,242.25829969705592,15.019788163015619
E6_popsize_N30,cec2017,21,30,SEHHO-COBL,26,7514374487732124634,300000,300000,2356.5660663107024,256.56606631070235,256.56606631070235,13.49216702702688
E6_popsize_N30,cec2017,21,30,SEHHO-COBL,27,3428262732482256915,300000,300000,2337.5183292867905,237.5183292867905,237.5183292867905,10.312913255998865
E6_popsize_N30,cec2017,21,30,SEHHO-COBL,28,3309064846985398205,300000,300000,2333.745406902738,233.74540690273807,233.74540690273807,17.17484649902326
E6_popsize_N30,cec2017,21,30,SEHHO-COBL,29,8790948306741978713,300000,300000,2339.8821950301526,239.88219503015262,239.88219503015262,18.0091105059837
E6_popsize_N60,cec2017,5,30,SEHHO-COBL,0,4686158033329519876,300000,300000,530.0202342484041,30.02023424840411,30.02023424840411,15.816916406998644
E6_popsize_N60,cec2017,5,30,SEHHO-COBL,1,6898562554510543001,300000,300000,525.2188367118554,25.218836711855374,25.218836711855374,12.408749354013707
E6_popsize_N60,cec2017,5,30,SEHHO-COBL,2,3440580277799675564,300000,300000,536.1202594073135,36.12025940731348,36.12025940731348,14.408797851996496
E6_popsize_N60,cec2017,5,30,SEHHO-COBL,3,7308304606889333659,300000,300000,526.4888902389533,26.48889023895333,26.48889023895333,15.82856719000847
E6_popsize_N60,cec2017,5,30,SEHHO-COBL,4,7788752128580291333,300000,300000,522.4251453572706,22.425145357270594,22.425145357270594,16.003725849994225
E6_popsize_N60,cec2017,5,30,SEHHO-COBL,5,4728118994768329939,300000,300000,531.2617859435935,31.26178594359351,31.26178594359351,16.236758228973486
E6_popsize_N60,cec2017,5,30,SEHHO-COBL,6,2500441740146601231,300000,300000,530.0868380446022,30.086838044602246,30.086838044602246,16.21453852299601
E6_popsize_N60,cec2017,5,30,SEHHO-COBL,7,5870710234668797551,300000,300000,524.2194600873083,24.219460087308335,24.219460087308335,16.174237364000874
E6_popsize_N60,cec2017,5,30,SEHHO-COBL,8,698969659989096168,300000,300000,536.0622144166116,36.062214416611596,36.062214416611596,15.968847341020592
E6_popsize_N60,cec2017,5,30,SEHHO-COBL,9,6898920492544992768,300000,300000,523.0897411851967,23.089741185196658,23.089741185196658,16.228238838986726
E6_popsize_N60,cec2017,5,30,SEHHO-COBL,10,8266975523559595025,300000,300000,526.0800949710838,26.08009497108378,26.08009497108378,16.208735849999357
E6_popsize_N60,cec2017,5,30,SEHHO-COBL,11,7707927244952760016,300000,300000,527.6567596444858,27.65675964448576,27.65675964448576,14.625633921998087
E6_popsize_N60,cec2017,5,30,SEHHO-COBL,12,2127865159452496211,300000,300000,537.4857743822334,37.485774382233444,37.485774382233444,16.03282688301988
E6_popsize_N60,cec2017,5,30,SEHHO-COBL,13,8206701143195184942,300000,300000,533.0507997489962,33.050799748996155,33.050799748996155,11.851898577006068
E6_popsize_N60,cec2017,5,30,SEHHO-COBL,14,9180464414694691815,300000,300000,517.0751319205467,17.07513192054671,17.07513192054671,15.796579652989749
E6_popsize_N60,cec2017,5,30,SEHHO-COBL,15,5721592981592643599,300000,300000,528.9865393468971,28.986539346897075,28.986539346897075,11.323974345985334
E6_popsize_N60,cec2017,5,30,SEHHO-COBL,16,2306889772140527644,300000,300000,526.1464447192038,26.146444719203828,26.146444719203828,12.219496419013012
E6_popsize_N60,cec2017,5,30,SEHHO-COBL,17,6779392284133607716,300000,300000,529.0652899105352,29.06528991053517,29.06528991053517,15.401235621015076
E6_popsize_N60,cec2017,5,30,SEHHO-COBL,18,7318931722144742589,300000,300000,524.3997082088569,24.39970820885685,24.39970820885685,16.19275243100128
E6_popsize_N60,cec2017,5,30,SEHHO-COBL,19,5191645886924482457,300000,300000,531.0280979682594,31.02809796825943,31.02809796825943,11.436782038974343
E6_popsize_N60,cec2017,5,30,SEHHO-COBL,20,18132860247883110,300000,300000,520.4849108040561,20.484910804056085,20.484910804056085,8.36205371801043
E6_popsize_N60,cec2017,5,30,SEHHO-COBL,21,7875858740648408404,300000,300000,528.0291106671409,28.029110667140912,28.029110667140912,9.189133439998841
E6_popsize_N60,cec2017,5,30,SEHHO-COBL,22,6162155707631326172,300000,300000,531.0239788826967,31.023978882696724,31.023978882696724,9.772634973021923
E6_popsize_N60,cec2017,5,30,SEHHO-COBL,23,6291633599444728809,300000,300000,533.0617671591946,33.061767159194574,33.061767159194574,8.400811653002165
E6_popsize_N60,cec2017,5,30,SEHHO-COBL,24,4028817013502108755,300000,300000,524.0855160808266,24.08551608082655,24.08551608082655,8.845562133006752
E6_popsize_N60,cec2017,5,30,SEHHO-COBL,25,4884249561267986155,300000,300000,527.0604399366299,27.060439936629905,27.060439936629905,9.7887514619797
E6_popsize_N60,cec2017,5,30,SEHHO-COBL,26,8216396274803457650,300000,300000,524.283731747543,24.283731747543015,24.283731747543015,12.45057527301833
E6_popsize_N60,cec2017,5,30,SEHHO-COBL,27,2841152945491492169,300000,300000,529.2817542416301,29.281754241630097,29.281754241630097,16.052987394999946
E6_popsize_N60,cec2017,5,30,SEHHO-COBL,28,1745523956442398123,300000,300000,534.1106460118071,34.11064601180715,34.11064601180715,13.047997465997469
E6_popsize_N60,cec2017,5,30,SEHHO-COBL,29,5593631942333524693,300000,300000,530.1841053686996,30.184105368699647,30.184105368699647,15.681654529005755
E6_popsize_N60,cec2017,1,30,SEHHO-COBL,0,2928252840427201742,300000,300000,100.00000000000003,0.0,2.842170943040401e-14,16.096504526009085
E6_popsize_N60,cec2017,1,30,SEHHO-COBL,1,4476702578744680899,300000,300000,100.00000000000003,0.0,2.842170943040401e-14,11.246486589021515
E6_popsize_N60,cec2017,1,30,SEHHO-COBL,2,637299907378378590,300000,300000,100.00000000000004,0.0,4.263256414560601e-14,8.52266619601869
E6_popsize_N60,cec2017,1,30,SEHHO-COBL,3,3986216122623295231,300000,300000,100.00000000000003,0.0,2.842170943040401e-14,8.615461513021728
E6_popsize_N60,cec2017,1,30,SEHHO-COBL,4,4123580980329943925,300000,300000,100.00000000000003,0.0,2.842170943040401e-14,11.574468245991739
E6_popsize_N60,cec2017,1,30,SEHHO-COBL,5,3984491195242008822,300000,300000,100.00000000000001,0.0,1.4210854715202004e-14,15.729662714002188
E6_popsize_N60,cec2017,1,30,SEHHO-COBL,6,5325282570009778164,300000,300000,100.00000000000003,0.0,2.842170943040401e-14,15.847889691998716
E6_popsize_N60,cec2017,1,30,SEHHO-COBL,7,3079770431850586961,300000,300000,100.00000000000001,0.0,1.4210854715202004e-14,15.56180596901686
E6_popsize_N60,cec2017,1,30,SEHHO-COBL,8,4806298992128790120,300000,300000,100.00000000000001,0.0,1.4210854715202004e-14,15.344695362990024
E6_popsize_N60,cec2017,1,30,SEHHO-COBL,9,8619167074495757453,300000,300000,100.00000000000001,0.0,1.4210854715202004e-14,15.174952511006268
E6_popsize_N60,cec2017,1,30,SEHHO-COBL,10,1545590919977911202,300000,300000,100.00000000000004,0.0,4.263256414560601e-14,12.366276090993779
E6_popsize_N60,cec2017,1,30,SEHHO-COBL,11,1593783557257501611,300000,300000,100.00000000000001,0.0,1.4210854715202004e-14,14.549430343002314
E6_popsize_N60,cec2017,1,30,SEHHO-COBL,12,8852487104985076980,300000,300000,100.00000000000003,0.0,2.842170943040401e-14,16.101953958015656
E6_popsize_N60,cec2017,1,30,SEHHO-COBL,13,1829028696457028847,300000,300000,100.00000000000004,0.0,4.263256414560601e-14,16.076123559003463
E6_popsize_N60,cec2017,1,30,SEHHO-COBL,14,9092234158073273049,300000,300000,100.00000000000001,0.0,1.4210854715202004e-14,16.144218228990212
E6_popsize_N60,cec2017,1,30,SEHHO-COBL,15,8457200680481794051,300000,300000,100.00000000000003,0.0,2.842170943040401e-14,16.098219702980714
E6_popsize_N60,cec2017,1,30,SEHHO-COBL,16,5781978204843430128,300000,300000,100.00000000000003,0.0,2.842170943040401e-14,12.42634683099459
E6_popsize_N60,cec2017,1,30,SEHHO-COBL,17,4214532554147772375,300000,300000,100.00000000000003,0.0,2.842170943040401e-14,10.509602710022591
E6_popsize_N60,cec2017,1,30,SEHHO-COBL,18,7220813391997128826,300000,300000,100.00000000000003,0.0,2.842170943040401e-14,12.012280511989957
E6_popsize_N60,cec2017,1,30,SEHHO-COBL,19,3222560040333993268,300000,300000,100.00000000000001,0.0,1.4210854715202004e-14,9.037359761976404
E6_popsize_N60,cec2017,1,30,SEHHO-COBL,20,344388134267552037,300000,300000,100.00000000000003,0.0,2.842170943040401e-14,8.34739885199815
E6_popsize_N60,cec2017,1,30,SEHHO-COBL,21,5990302722974687620,300000,300000,100.00000000000001,0.0,1.4210854715202004e-14,11.44206572000985
E6_popsize_N60,cec2017,1,30,SEHHO-COBL,22,2133894744521778621,300000,300000,100.00000000000003,0.0,2.842170943040401e-14,15.821991286997218
E6_popsize_N60,cec2017,1,30,SEHHO-COBL,23,2628662781250496456,300000,300000,100.00000000000006,0.0,5.684341886080802e-14,15.23082104002242
E6_popsize_N60,cec2017,1,30,SEHHO-COBL,24,4082583081554133965,300000,300000,100.00000000000003,0.0,2.842170943040401e-14,14.742166903015459
E6_popsize_N60,cec2017,1,30,SEHHO-COBL,25,6181285642385894264,300000,300000,100.00000000000001,0.0,1.4210854715202004e-14,15.840782451006817
E6_popsize_N60,cec2017,1,30,SEHHO-COBL,26,2808628448273893656,300000,300000,100.00000000000001,0.0,1.4210854715202004e-14,16.125459825008875
E6_popsize_N60,cec2017,1,30,SEHHO-COBL,27,8696710757669314878,300000,300000,100.00000000000003,0.0,2.842170943040401e-14,16.090154316014377
E6_popsize_N60,cec2017,1,30,SEHHO-COBL,28,5668314764274558590,300000,300000,100.00000000000003,0.0,2.842170943040401e-14,16.138901938014897
E6_popsize_N60,cec2017,1,30,SEHHO-COBL,29,7125578252309629265,300000,300000,100.00000000000001,0.0,1.4210854715202004e-14,9.891152486001374
E6_popsize_N60,cec2017,10,30,SEHHO-COBL,0,7684922907880631064,300000,300000,3266.783052212777,2266.783052212777,2266.783052212777,16.425096978986403
E6_popsize_N60,cec2017,10,30,SEHHO-COBL,1,2475618229497137720,300000,300000,3025.3480522520294,2025.3480522520294,2025.3480522520294,16.94751448300667
E6_popsize_N60,cec2017,10,30,SEHHO-COBL,2,8993371300602295605,300000,300000,2353.9971275591724,1353.9971275591724,1353.9971275591724,16.952109991019825
E6_popsize_N60,cec2017,10,30,SEHHO-COBL,3,2477423456652120011,300000,300000,2982.385170626936,1982.385170626936,1982.385170626936,17.10622033299296
E6_popsize_N60,cec2017,10,30,SEHHO-COBL,4,5466534777489625322,300000,300000,3004.290861003483,2004.2908610034829,2004.2908610034829,15.948930173995905
E6_popsize_N60,cec2017,10,30,SEHHO-COBL,5,1338190032543629520,300000,300000,2659.205789579155,1659.205789579155,1659.205789579155,9.50570454497938
E6_popsize_N60,cec2017,10,30,SEHHO-COBL,6,7712264897208407316,300000,300000,3189.7244398838047,2189.7244398838047,2189.7244398838047,16.505695800995454
E6_popsize_N60,cec2017,10,30,SEHHO-COBL,7,6257756260181413430,300000,300000,3260.1227736161,2260.1227736161,2260.1227736161,17.20072879397776
E6_popsize_N60,cec2017,10,30,SEHHO-COBL,8,2267704668848137031,300000,300000,2945.5961574167686,1945.5961574167686,1945.5961574167686,17.202155349979876
E6_popsize_N60,cec2017,10,30,SEHHO-COBL,9,6698417754854926570,300000,300000,3362.9365078373885,2362.9365078373885,2362.9365078373885,11.91704477701569
E6_popsize_N60,cec2017,10,30,SEHHO-COBL,10,3340735810831740685,300000,300000,3088.0298061270514,2088.0298061270514,2088.0298061270514,13.35371729900362
E6_popsize_N60,cec2017,10,30,SEHHO-COBL,11,6677185033524260651,300000,300000,2999.954113173999,1999.9541131739988,1999.9541131739988,11.969898048992036
E6_popsize_N60,cec2017,10,30,SEHHO-COBL,12,4099399820017673210,300000,300000,3103.307725307779,2103.307725307779,2103.307725307779,15.538833700993564
E6_popsize_N60,cec2017,10,30,SEHHO-COBL,13,6114566538928618626,300000,300000,2894.158939764189,1894.1589397641892,1894.1589397641892,13.70513425100944
E6_popsize_N60,cec2017,10,30,SEHHO-COBL,14,4293036209877791914,300000,300000,3049.4436571916012,2049.4436571916012,2049.4436571916012,17.283171654999023
E6_popsize_N60,cec2017,10,30,SEHHO-COBL,15,6714204487984149593,300000,300000,2965.240817822216,1965.2408178222158,1965.2408178222158,16.422550563002005
E6_popsize_N60,cec2017,10,30,SEHHO-COBL,16,9123620049989280387,300000,300000,3270.3978489210403,2270.3978489210403,2270.3978489210403,11.482759946986334
E6_popsize_N60,cec2017,10,30,SEHHO-COBL,17,1859953575943735515,300000,300000,3236.686002245613,2236.686002245613,2236.686002245613,9.51887879500282
E6_popsize_N60,cec2017,10,30,SEHHO-COBL,18,6678554092987884062,300000,300000,3215.507854705307,2215.507854705307,2215.507854705307,9.026056060014525
E6_popsize_N60,cec2017,10,30,SEHHO-COBL,19,8940990820118044626,300000,300000,2984.5729295452657,1984.5729295452657,1984.5729295452657,8.941020415979438
E6_popsize_N60,cec2017,10,30,SEHHO-COBL,20,6983445589077823740,300000,300000,3318.584198135348,2318.584198135348,2318.584198135348,8.971170064993203
E6_popsize_N60,cec2017,10,30,SEHHO-COBL,21,6628710073644857736,300000,300000,3303.889980887843,2303.889980887843,2303.889980887843,16.186468444997445
E6_popsize_N60,cec2017,10,30,SEHHO-COBL,22,7996857842917675364,300000,300000,3234.6914863687325,2234.6914863687325,2234.6914863687325,17.005383001000155
E6_popsize_N60,cec2017,10,30,SEHHO-COBL,23,1775805322515380178,300000,300000,2954.4586361174242,1954.4586361174242,1954.4586361174242,12.427339762973133
E6_popsize_N60,cec2017,10,30,SEHHO-COBL,24,866831299636117119,300000,300000,2747.764807846348,1747.764807846348,1747.764807846348,10.856198257999495
E6_popsize_N60,cec2017,10,30,SEHHO-COBL,25,6467984687937026453,300000,300000,2489.4210515963114,1489.4210515963114,1489.4210515963114,16.53108341799816
E6_popsize_N60,cec2017,10,30,SEHHO-COBL,26,629347578098152964,300000,300000,3327.312902836715,2327.312902836715,2327.312902836715,16.886599899997236
E6_popsize_N60,cec2017,10,30,SEHHO-COBL,27,8482602684962284431,300000,300000,3025.341392719749,2025.341392719749,2025.341392719749,16.96327987202676
E6_popsize_N60,cec2017,10,30,SEHHO-COBL,28,359152326980883163,300000,300000,3221.320474734166,2221.320474734166,2221.320474734166,9.156472330010729
E6_popsize_N60,cec2017,10,30,SEHHO-COBL,29,4470761436939843481,300000,300000,3043.2626449024556,2043.2626449024556,2043.2626449024556,9.413572451012442
E6_popsize_N30,cec2017,1,30,SEHHO-COBL,0,2372268018055536526,300000,300000,100.00000000000004,0.0,4.263256414560601e-14,16.80660186399473
E6_popsize_N30,cec2017,1,30,SEHHO-COBL,1,7386450939251562903,300000,300000,100.00000000000058,0.0,5.826450433232822e-13,13.68331607800792
E6_popsize_N30,cec2017,1,30,SEHHO-COBL,2,5923938604042950449,300000,300000,100.00000000000001,0.0,1.4210854715202004e-14,16.044946534006158
E6_popsize_N30,cec2017,1,30,SEHHO-COBL,3,8579241282182115093,300000,300000,100.00000000000003,0.0,2.842170943040401e-14,10.5875652480172
E6_popsize_N30,cec2017,1,30,SEHHO-COBL,4,3124030740733597256,300000,300000,100.00000000000009,0.0,8.526512829121202e-14,16.565296027984004
E6_popsize_N30,cec2017,1,30,SEHHO-COBL,5,3380129103230740340,300000,300000,100.00000000000003,0.0,2.842170943040401e-14,15.94654316699598
E6_popsize_N30,cec2017,1,30,SEHHO-COBL,6,2728973106115405021,300000,300000,100.00000000000003,0.0,2.842170943040401e-14,11.90448313599336
E6_popsize_N30,cec2017,1,30,SEHHO-COBL,7,116406675645444083,300000,300000,100.00000000000006,0.0,5.684341886080802e-14,17.12083757898654
E6_popsize_N30,cec2017,1,30,SEHHO-COBL,8,5181875301629730748,300000,300000,100.00000000000003,0.0,2.842170943040401e-14,17.095665245025884
E6_popsize_N30,cec2017,1,30,SEHHO-COBL,9,5585722746555288357,300000,300000,100.00000000000004,0.0,4.263256414560601e-14,12.889848699996946
E6_popsize_N30,cec2017,1,30,SEHHO-COBL,10,3119043422947822543,300000,300000,100.00000000000003,0.0,2.842170943040401e-14,9.041080570983468
E6_popsize_N30,cec2017,1,30,SEHHO-COBL,11,4942379576691703417,300000,300000,100.00000000001157,0.0,1.1567635738174431e-11,8.701746760983951
E6_popsize_N30,cec2017,1,30,SEHHO-COBL,12,5014071598232110079,300000,300000,100.000000000002,0.0,2.0037305148434825e-12,16.020564652979374
E6_popsize_N30,cec2017,1,30,SEHHO-COBL,13,2614903788676685869,300000,300000,100.00000000000003,0.0,2.842170943040401e-14,16.613830540009076
E6_popsize_N30,cec2017,1,30,SEHHO-COBL,14,1521616352501059958,300000,300000,100.00000000000007,0.0,7.105427357601002e-14,10.953861346992198
E6_popsize_N30,cec2017,1,30,SEHHO-COBL,15,4500904874885408946,300000,300000,100.00000000000003,0.0,2.842170943040401e-14,9.092857764015207
E6_popsize_N30,cec2017,1,30,SEHHO-COBL,16,7445878317723631481,300000,300000,100.00000000000045,0.0,4.547473508864641e-13,9.013208674005
E6_popsize_N30,cec2017,1,30,SEHHO-COBL,17,268977871725182532,300000,300000,100.00000000000104,0.0,1.0373923942097463e-12,15.507009761990048
E6_popsize_N30,cec2017,1,30,SEHHO-COBL,18,2544960852706944482,300000,300000,100.00000000000006,0.0,5.684341886080802e-14,15.151153704005992
E6_popsize_N30,cec2017,1,30,SEHHO-COBL,19,6567711773938923892,300000,300000,100.00000000000004,0.0,4.263256414560601e-14,9.809456907009007
E6_popsize_N30,cec2017,1,30,SEHHO-COBL,20,7299022121402259611,300000,300000,100.00000000000007,0.0,7.105427357601002e-14,14.611067341000307
E6_popsize_N30,cec2017,1,30,SEHHO-COBL,21,5618645133413641191,300000,300000,100.00000000000007,0.0,7.105427357601002e-14,9.647702427988406
E6_popsize_N30,cec2017,1,30,SEHHO-COBL,22,2711489141039859189,300000,300000,100.00000000000003,0.0,2.842170943040401e-14,11.774963618023321
E6_popsize_N30,cec2017,1,30,SEHHO-COBL,23,5639975150437371098,300000,300000,100.00000000000009,0.0,8.526512829121202e-14,17.016581314994255
E6_popsize_N30,cec2017,1,30,SEHHO-COBL,24,4307579255438639270,300000,300000,100.00000000000006,0.0,5.684341886080802e-14,16.947651568974834
E6_popsize_N30,cec2017,1,30,SEHHO-COBL,25,5779282126891931282,300000,300000,100.00000000000442,0.0,4.419575816427823e-12,15.860000967979431
E6_popsize_N30,cec2017,1,30,SEHHO-COBL,26,3468393600925851167,300000,300000,100.00000000000006,0.0,5.684341886080802e-14,16.982075454987353
E6_popsize_N30,cec2017,1,30,SEHHO-COBL,27,7217086556906567262,300000,300000,100.00000000000013,0.0,1.2789769243681803e-13,15.689557250996586
E6_popsize_N30,cec2017,1,30,SEHHO-COBL,28,2556347028982836254,300000,300000,100.00000000000004,0.0,4.263256414560601e-14,16.911029701004736
E6_popsize_N30,cec2017,1,30,SEHHO-COBL,29,2401737009538907107,300000,300000,100.00000000000016,0.0,1.5631940186722204e-13,15.43871797400061
E6_popsize_N30,cec2017,17,30,SEHHO-COBL,0,276950950372703986,300000,300000,1768.194278200363,68.19427820036299,68.19427820036299,13.8850357659976
E6_popsize_N30,cec2017,17,30,SEHHO-COBL,1,1404451447680738856,300000,300000,1766.565107545365,66.56510754536498,66.56510754536498,18.351667239010567
E6_popsize_N30,cec2017,17,30,SEHHO-COBL,2,1198638918929552822,300000,300000,2044.3073589687037,344.30735896870374,344.30735896870374,16.900660823012004
E6_popsize_N30,cec2017,17,30,SEHHO-COBL,3,7854012145854614181,300000,300000,2044.9455911356322,344.9455911356322,344.9455911356322,15.950671280006645
E6_popsize_N30,cec2017,17,30,SEHHO-COBL,4,4917336785844148440,300000,300000,1785.8886769479257,85.88867694792566,85.88867694792566,17.877265946997795
E6_popsize_N30,cec2017,17,30,SEHHO-COBL,5,3460462761377078420,300000,300000,1809.9470022480787,109.94700224807866,109.94700224807866,10.917558638000628
E6_popsize_N30,cec2017,17,30,SEHHO-COBL,6,1819138233831358857,300000,300000,1825.1420939569707,125.14209395697071,125.14209395697071,10.35858170199208
E6_popsize_N30,cec2017,17,30,SEHHO-COBL,7,8737506054592052599,300000,300000,1894.1493898090969,194.14938980909687,194.14938980909687,15.775329697004054
E6_popsize_N30,cec2017,17,30,SEHHO-COBL,8,6786967714332435900,300000,300000,1764.0852596423035,64.08525964230353,64.08525964230353,16.830890711018583
E6_popsize_N30,cec2017,17,30,SEHHO-COBL,9,8609527264169766749,300000,300000,1809.0080749698175,109.00807496981747,109.00807496981747,14.545938524999656
E6_popsize_N30,cec2017,17,30,SEHHO-COBL,10,6260846737882941306,300000,300000,1894.941319542657,194.94131954265708,194.94131954265708,17.423896820982918
E6_popsize_N30,cec2017,17,30,SEHHO-COBL,11,3375888387559740222,300000,300000,1747.9351070518528,47.93510705185281,47.93510705185281,12.958459098008461
E6_popsize_N30,cec2017,17,30,SEHHO-COBL,12,7657714036296759182,300000,300000,1741.0384479534782,41.038447953478226,41.038447953478226,13.987885232985718
E6_popsize_N30,cec2017,17,30,SEHHO-COBL,13,5083420493625923692,300000,300000,2212.8471067022865,512.8471067022865,512.8471067022865,16.81171231000917
E6_popsize_N30,cec2017,17,30,SEHHO-COBL,14,6409325623070766144,300000,300000,1923.0099386193776,223.00993861937764,223.00993861937764,18.31952272899798
E6_popsize_N30,cec2017,17,30,SEHHO-COBL,15,7267190249179152613,300000,300000,1801.4633410773179,101.46334107731786,101.46334107731786,13.869486773008248
E6_popsize_N30,cec2017,17,30,SEHHO-COBL,16,7701239985131774020,300000,300000,1977.982894374447,277.9828943744469,277.9828943744469,17.52831432799576
E6_popsize_N30,cec2017,17,30,SEHHO-COBL,17,7836973561792385842,300000,300000,1814.8725123789586,114.87251237895862,114.87251237895862,19.181598961004056
E6_popsize_N30,cec2017,17,30,SEHHO-COBL,18,5131610916946549766,300000,300000,1887.2087182610483,187.20871826104826,187.20871826104826,11.411559692001902
E6_popsize_N30,cec2017,17,30,SEHHO-COBL,19,7073042332798279170,300000,300000,1822.389751634531,122.38975163453097,122.38975163453097,10.526757715997519
E6_popsize_N30,cec2017,17,30,SEHHO-COBL,20,5214483500893469225,300000,300000,1765.0295637282838,65.02956372828385,65.02956372828385,10.109320686024148
E6_popsize_N30,cec2017,17,30,SEHHO-COBL,21,6230539231013110748,300000,300000,1905.3025374628232,205.30253746282324,205.30253746282324,11.74270944201271
E6_popsize_N30,cec2017,17,30,SEHHO-COBL,22,4177424943896541138,300000,300000,1799.8056594931181,99.80565949311813,99.80565949311813,18.66869999098708
E6_popsize_N30,cec2017,17,30,SEHHO-COBL,23,8601453309350267024,300000,300000,1748.8479339554483,48.8479339554483,48.8479339554483,10.548589183017612
E6_popsize_N30,cec2017,17,30,SEHHO-COBL,24,1434903426876895146,300000,300000,1783.329035547244,83.32903554724408,83.32903554724408,10.198500082013197
E6_popsize_N30,cec2017,17,30,SEHHO-COBL,25,5762147962002960060,300000,300000,1940.10771009168,240.10771009168002,240.10771009168002,11.89060399401933
E6_popsize_N30,cec2017,17,30,SEHHO-COBL,26,7790217206213717555,300000,300000,1958.7504713813287,258.7504713813287,258.7504713813287,13.28784239300876
E6_popsize_N30,cec2017,17,30,SEHHO-COBL,27,4372704266131318638,300000,300000,1888.0913853511136,188.09138535111356,188.09138535111356,10.28223949400126
E6_popsize_N30,cec2017,17,30,SEHHO-COBL,28,6404634961337689284,300000,300000,1893.276279496093,193.2762794960929,193.2762794960929,10.501369908015477
E6_popsize_N30,cec2017,17,30,SEHHO-COBL,29,7943132753563248823,300000,300000,1763.992050715494,63.99205071549409,63.99205071549409,10.12478857699898
E6_popsize_N60,cec2017,7,30,SEHHO-COBL,0,6889856559220419318,300000,300000,758.0014399425241,58.001439942524144,58.001439942524144,14.507943941018311
E6_popsize_N60,cec2017,7,30,SEHHO-COBL,1,4126936602605928831,300000,300000,761.0779487304935,61.07794873049352,61.07794873049352,8.609873051987961
E6_popsize_N60,cec2017,7,30,SEHHO-COBL,2,8068836653178909064,300000,300000,757.5383207830772,57.53832078307721,57.53832078307721,8.359759095008485
E6_popsize_N60,cec2017,7,30,SEHHO-COBL,3,4050829098929198207,300000,300000,751.6456055369182,51.6456055369182,51.6456055369182,8.365342466975562
E6_popsize_N60,cec2017,7,30,SEHHO-COBL,4,8195442699303631787,300000,300000,752.0509093815549,52.0509093815549,52.0509093815549,10.54588331800187
E6_popsize_N60,cec2017,7,30,SEHHO-COBL,5,1796375754486476456,300000,300000,765.4365590834432,65.43655908344317,65.43655908344317,10.60110818798421
E6_popsize_N60,cec2017,7,30,SEHHO-COBL,6,4785923062390233994,300000,300000,766.3576705924488,66.35767059244881,66.35767059244881,8.657660212018527
E6_popsize_N60,cec2017,7,30,SEHHO-COBL,7,6971105161664172649,300000,300000,767.8264774058076,67.82647740580762,67.82647740580762,12.10757649000152
E6_popsize_N60,cec2017,7,30,SEHHO-COBL,8,2495717217647405286,300000,300000,767.162008779188,67.162008779188,67.162008779188,11.857099283020943
E6_popsize_N60,cec2017,7,30,SEHHO-COBL,9,860740671975706769,300000,300000,757.3676089127466,57.36760891274662,57.36760891274662,13.07911282699206
E6_popsize_N60,cec2017,7,30,SEHHO-COBL,10,942116052934067208,300000,300000,750.8043851608066,50.804385160806646,50.804385160806646,15.019600661995355
E6_popsize_N60,cec2017,7,30,SEHHO-COBL,11,6104774802216256319,300000,300000,761.9047371151327,61.90473711513266,61.90473711513266,15.75005863799015
E6_popsize_N60,cec2017,7,30,SEHHO-COBL,12,3096195120791547702,300000,300000,764.1265182112786,64.12651821127861,64.12651821127861,15.800974275975022
E6_popsize_N60,cec2017,7,30,SEHHO-COBL,13,6001799653597555793,300000,300000,752.9730878355525,52.97308783555252,52.97308783555252,15.75833431101637
E6_popsize_N60,cec2017,7,30,SEHHO-COBL,14,1834933417955468659,300000,300000,756.6583442234338,56.6583442234338,56.6583442234338,15.81094409499201
E6_popsize_N60,cec2017,7,30,SEHHO-COBL,15,5635242184307445591,300000,300000,762.7107439202039,62.71074392020387,62.71074392020387,15.810839890997158
E6_popsize_N60,cec2017,7,30,SEHHO-COBL,16,5861381241649220234,300000,300000,761.1691789068316,61.169178906831576,61.169178906831576,14.554054496984463
E6_popsize_N60,cec2017,7,30,SEHHO-COBL,17,435410538423914537,300000,300000,752.0655884654261,52.06558846542612,52.06558846542612,15.679175479017431
E6_popsize_N60,cec2017,7,30,SEHHO-COBL,18,7563273248446921760,300000,300000,758.3763461895009,58.37634618950085,58.37634618950085,15.585229150980012
E6_popsize_N60,cec2017,7,30,SEHHO-COBL,19,2542941899340694899,300000,300000,758.4421369123395,58.44213691233949,58.44213691233949,15.669755350972991
E6_popsize_N60,cec2017,7,30,SEHHO-COBL,20,6845325031869173396,300000,300000,755.3042463633332,55.304246363333164,55.304246363333164,15.7741968119808
E6_popsize_N60,cec2017,7,30,SEHHO-COBL,21,9007006210015237930,300000,300000,761.0812076764055,61.081207676405484,61.081207676405484,15.745301486022072
E6_popsize_N60,cec2017,7,30,SEHHO-COBL,22,837339537567173975,300000,300000,769.1272301296606,69.12723012966057,69.12723012966057,15.665716544986935
E6_popsize_N60,cec2017,7,30,SEHHO-COBL,23,9108114416409473847,300000,300000,764.6126359893489,64.61263598934886,64.61263598934886,14.96938912398764
E6_popsize_N60,cec2017,7,30,SEHHO-COBL,24,6326647186043984569,300000,300000,749.341225442733,49.34122544273305,49.34122544273305,16.17571682902053
E6_popsize_N60,cec2017,7,30,SEHHO-COBL,25,1899610572154986798,300000,300000,762.2893738000661,62.28937380006607,62.28937380006607,16.169005670992192
E6_popsize_N60,cec2017,7,30,SEHHO-COBL,26,3531462597996449220,300000,300000,757.0557349611175,57.05573496111754,57.05573496111754,16.13611554200179
E6_popsize_N60,cec2017,7,30,SEHHO-COBL,27,5115018678686766229,300000,300000,758.1062614059624,58.106261405962414,58.106261405962414,16.11052383200149
E6_popsize_N60,cec2017,7,30,SEHHO-COBL,28,4513737324737806652,300000,300000,753.7156949525016,53.71569495250162,53.71569495250162,16.206854920979822
E6_popsize_N60,cec2017,7,30,SEHHO-COBL,29,262274769416495440,300000,300000,754.0360316704372,54.03603167043718,54.03603167043718,16.22052210601396
E6_popsize_N60,cec2017,8,30,SEHHO-COBL,0,2437232012772229308,300000,300000,837.0787951486983,37.078795148698305,37.078795148698305,15.004018976003863
E6_popsize_N60,cec2017,8,30,SEHHO-COBL,1,5268557231946136658,300000,300000,822.0993587632959,22.099358763295868,22.099358763295868,11.66768354200758
E6_popsize_N60,cec2017,8,30,SEHHO-COBL,2,3266873727066450032,300000,300000,831.0619995738912,31.06199957389117,31.06199957389117,14.665530363010475
E6_popsize_N60,cec2017,8,30,SEHHO-COBL,3,5605300660410953513,300000,300000,828.2003612468227,28.200361246822695,28.200361246822695,15.716409815999214
E6_popsize_N60,cec2017,8,30,SEHHO-COBL,4,1616037752073456507,300000,300000,841.0915189166112,41.09151891661122,41.09151891661122,15.773495486995671
E6_popsize_N60,cec2017,8,30,SEHHO-COBL,5,4218994235961066828,300000,300000,835.3053483167487,35.30534831674868,35.30534831674868,15.679585817997577
E6_popsize_N60,cec2017,8,30,SEHHO-COBL,6,3091410152276714324,300000,300000,831.0612119919919,31.061211991991854,31.061211991991854,15.830765011982294
E6_popsize_N60,cec2017,8,30,SEHHO-COBL,7,3285740529933096034,300000,300000,826.0872621920867,26.087262192086655,26.087262192086655,16.353729841997847
E6_popsize_N60,cec2017,8,30,SEHHO-COBL,8,33244043549793511,300000,300000,828.053461761785,28.053461761785,28.053461761785,16.307066759996815
E6_popsize_N60,cec2017,8,30,SEHHO-COBL,9,9169662524986886741,300000,300000,829.1186686753949,29.11866867539493,29.11866867539493,14.315704856009688
E6_popsize_N60,cec2017,8,30,SEHHO-COBL,10,6169286840273722815,300000,300000,817.0570062647071,17.05700626470707,17.05700626470707,16.19224414700875
E6_popsize_N60,cec2017,8,30,SEHHO-COBL,11,7667518379945626842,300000,300000,821.0799545894861,21.07995458948608,21.07995458948608,13.652680147002684
E6_popsize_N60,cec2017,8,30,SEHHO-COBL,12,8664362692628933900,300000,300000,823.0486976297287,23.048697629728736,23.048697629728736,15.678825672977837
E6_popsize_N60,cec2017,8,30,SEHHO-COBL,13,6965055434589608753,300000,300000,830.0763380375855,30.076338037585515,30.076338037585515,16.122368968004594
E6_popsize_N60,cec2017,8,30,SEHHO-COBL,14,4993028685203587284,300000,300000,827.9704480002684,27.970448000268448,27.970448000268448,16.08158327001729
E6_popsize_N60,cec2017,8,30,SEHHO-COBL,15,3708260738633487398,300000,300000,826.0097796235718,26.00977962357183,26.00977962357183,10.055816832988057
E6_popsize_N60,cec2017,8,30,SEHHO-COBL,16,6881396365023619795,300000,300000,826.9884112965525,26.9884112965525,26.9884112965525,8.799865402979776
E6_popsize_N60,cec2017,8,30,SEHHO-COBL,17,6488269203042658615,300000,300000,820.0115106321613,20.011510632161276,20.011510632161276,8.856970231019659
E6_popsize_N60,cec2017,8,30,SEHHO-COBL,18,3188790832906514424,300000,300000,823.0421606687992,23.04216066879917,23.04216066879917,9.005245708016446
E6_popsize_N60,cec2017,8,30,SEHHO-COBL,19,4491009400359783142,300000,300000,836.1242994942111,36.12429949421107,36.12429949421107,13.904656997998245
E6_popsize_N60,cec2017,8,30,SEHHO-COBL,20,4350678387270832318,300000,300000,835.0930136803821,35.093013680382114,35.093013680382114,12.274556610995205
E6_popsize_N60,cec2017,8,30,SEHHO-COBL,21,4827369002258568309,300000,300000,834.9196385865919,34.91963858659187,34.91963858659187,14.391355166007997
E6_popsize_N60,cec2017,8,30,SEHHO-COBL,22,8259679851934024122,300000,300000,825.9706895477469,25.97068954774693,25.97068954774693,12.025342801993247
E6_popsize_N60,cec2017,8,30,SEHHO-COBL,23,4931871260624542922,300000,300000,832.1736737589459,32.17367375894594,32.17367375894594,13.477862557017943
E6_popsize_N60,cec2017,8,30,SEHHO-COBL,24,6798375556228313180,300000,300000,826.9746899497605,26.974689949760545,26.974689949760545,15.982859471987467
E6_popsize_N60,cec2017,8,30,SEHHO-COBL,25,646772436081880341,300000,300000,828.1094428090876,28.109442809087568,28.109442809087568,15.93324064600165
E6_popsize_N60,cec2017,8,30,SEHHO-COBL,26,4146772979929100085,300000,300000,833.0420988306902,33.04209883069018,33.04209883069018,13.792173213005299
E6_popsize_N60,cec2017,8,30,SEHHO-COBL,27,5662146802917449688,300000,300000,829.9626052961781,29.96260529617814,29.96260529617814,13.499721445987234
E6_popsize_N60,cec2017,8,30,SEHHO-COBL,28,2888568092672429091,300000,300000,823.9914052702334,23.991405270233372,23.991405270233372,15.63397099301801
E6_popsize_N60,cec2017,8,30,SEHHO-COBL,29,5970077802328653522,300000,300000,824.0473252218495,24.04732522184952,24.04732522184952,15.465013353008544
E6_popsize_N30,cec2017,9,30,SEHHO-COBL,0,295767716541696153,300000,300000,900.4551459751239,0.45514597512385535,0.45514597512385535,17.99427881700103
E6_popsize_N30,cec2017,9,30,SEHHO-COBL,1,4462798706877833530,300000,300000,929.0481902522349,29.048190252234917,29.048190252234917,16.295136002998333
E6_popsize_N30,cec2017,9,30,SEHHO-COBL,2,2587182572680992193,300000,300000,940.2185338332022,40.21853383320217,40.21853383320217,17.04974042897811
E6_popsize_N30,cec2017,9,30,SEHHO-COBL,3,7883333573371995150,300000,300000,901.5435446330914,1.5435446330914147,1.5435446330914147,13.072598729020683
E6_popsize_N30,cec2017,9,30,SEHHO-COBL,4,3335000105832697234,300000,300000,900.0000000000003,0.0,3.410605131648481e-13,9.334442905004835
E6_popsize_N30,cec2017,9,30,SEHHO-COBL,5,1837783314823204026,300000,300000,902.7192613450363,2.7192613450363297,2.7192613450363297,9.150653355987743
E6_popsize_N30,cec2017,9,30,SEHHO-COBL,6,4350324519628158950,300000,300000,916.0834501308053,16.083450130805318,16.083450130805318,9.235296063008718
E6_popsize_N30,cec2017,9,30,SEHHO-COBL,7,5634755832129606529,300000,300000,912.1559853740988,12.155985374098805,12.155985374098805,9.674748867022572
E6_popsize_N30,cec2017,9,30,SEHHO-COBL,8,1912651885750221532,300000,300000,927.8087921349186,27.808792134918576,27.808792134918576,12.22168797001359
E6_popsize_N30,cec2017,9,30,SEHHO-COBL,9,7368320609709030760,300000,300000,901.4733200585082,1.4733200585081931,1.4733200585081931,17.758611496014055
E6_popsize_N30,cec2017,9,30,SEHHO-COBL,10,152003479687522893,300000,300000,921.3425566702261,21.342556670226145,21.342556670226145,17.545154564024415
E6_popsize_N30,cec2017,9,30,SEHHO-COBL,11,4839314541139986980,300000,300000,939.5762905148476,39.57629051484764,39.57629051484764,15.702753320976626
E6_popsize_N30,cec2017,9,30,SEHHO-COBL,12,1204049921389129949,300000,300000,902.7192613450363,2.7192613450363297,2.7192613450363297,16.123077166994335
E6_popsize_N30,cec2017,9,30,SEHHO-COBL,13,5852387200255622940,300000,300000,929.9672265961204,29.96722659612044,29.96722659612044,17.120771215006243
E6_popsize_N30,cec2017,9,30,SEHHO-COBL,14,1974875057589521405,300000,300000,915.9711980362761,15.971198036276064,15.971198036276064,17.34338921000017
E6_popsize_N30,cec2017,9,30,SEHHO-COBL,15,6567099348588404520,300000,300000,903.359303475055,3.3593034750549577,3.3593034750549577,17.184782876021927
E6_popsize_N30,cec2017,9,30,SEHHO-COBL,16,4121650048991404051,300000,300000,901.7210850574384,1.7210850574383585,1.7210850574383585,17.3644725040067
E6_popsize_N30,cec2017,9,30,SEHHO-COBL,17,7741891244431805664,300000,300000,906.2692036942043,6.269203694204293,6.269203694204293,17.44393885298632
E6_popsize_N30,cec2017,9,30,SEHHO-COBL,18,8726857862825389153,300000,300000,919.1709487449057,19.170948744905672,19.170948744905672,9.62083983400953
E6_popsize_N30,cec2017,9,30,SEHHO-COBL,19,7026522027970035583,300000,300000,906.7186069501093,6.718606950109347,6.718606950109347,15.84278647901374
E6_popsize_N30,cec2017,9,30,SEHHO-COBL,20,7811858712841535311,300000,300000,900.4476412520823,0.44764125208234873,0.44764125208234873,9.18127942897263
E6_popsize_N30,cec2017,9,30,SEHHO-COBL,21,1662858508064135064,300000,300000,907.354447850876,7.354447850875999,7.354447850875999,9.143004870973527
E6_popsize_N30,cec2017,9,30,SEHHO-COBL,22,4705223321914073642,300000,300000,918.4554182478321,18.455418247832085,18.455418247832085,11.404626178002218
E6_popsize_N30,cec2017,9,30,SEHHO-COBL,23,8228907610716516991,300000,300000,912.6470810346394,12.647081034639427,12.647081034639427,10.27582749701105
E6_popsize_N30,cec2017,9,30,SEHHO-COBL,24,3137835421579838042,300000,300000,910.3593632468044,10.359363246804378,10.359363246804378,12.2972790490021
E6_popsize_N30,cec2017,9,30,SEHHO-COBL,25,5513783886432160291,300000,300000,909.7841549109803,9.784154910980305,9.784154910980305,12.757115363987396
E6_popsize_N30,cec2017,9,30,SEHHO-COBL,26,864692888559054888,300000,300000,928.7113223769727,28.711322376972703,28.711322376972703,17.40764909700374
E6_popsize_N30,cec2017,9,30,SEHHO-COBL,27,6990375593210923603,300000,300000,914.4506874166248,14.45068741662476,14.45068741662476,15.361457352992147
E6_popsize_N30,cec2017,9,30,SEHHO-COBL,28,6060822867590604062,300000,300000,913.2790298224108,13.279029822410848,13.279029822410848,17.239254203013843
E6_popsize_N30,cec2017,9,30,SEHHO-COBL,29,1485796272247119220,300000,300000,925.0472794954917,25.047279495491694,25.047279495491694,15.0969951240113
E6_popsize_N60,cec2017,9,30,SEHHO-COBL,0,2330266665400200275,300000,300000,900.179056500833,0.17905650083298497,0.17905650083298497,15.037042225012556
E6_popsize_N60,cec2017,9,30,SEHHO-COBL,1,6589689257675578080,300000,300000,903.5450427423962,3.545042742396163,3.545042742396163,15.743135824013734
E6_popsize_N60,cec2017,9,30,SEHHO-COBL,2,504680725015729310,300000,300000,900.5438522690074,0.5438522690074024,0.5438522690074024,15.496672643988859
E6_popsize_N60,cec2017,9,30,SEHHO-COBL,3,1405585418891079608,300000,300000,900.0000000000001,0.0,1.1368683772161603e-13,15.540856896986952
E6_popsize_N60,cec2017,9,30,SEHHO-COBL,4,8569438884452977837,300000,300000,903.4253905371194,3.4253905371193696,3.4253905371193696,9.755917278002016
E6_popsize_N60,cec2017,9,30,SEHHO-COBL,5,7652036074403928833,300000,300000,905.0870501430877,5.087050143087708,5.087050143087708,11.178604178014211
E6_popsize_N60,cec2017,9,30,SEHHO-COBL,6,3840466085619999695,300000,300000,900.9086480371817,0.9086480371817061,0.9086480371817061,15.262023752991809
E6_popsize_N60,cec2017,9,30,SEHHO-COBL,7,7913770391022568376,300000,300000,900.7229087698403,0.7229087698402736,0.7229087698402736,16.2671927009942
E6_popsize_N60,cec2017,9,30,SEHHO-COBL,8,506982408164085492,300000,300000,902.4506554378731,2.450655437873138,2.450655437873138,15.223499287007144
E6_popsize_N60,cec2017,9,30,SEHHO-COBL,9,4463183434604022217,300000,300000,903.180246974222,3.1802469742219728,3.1802469742219728,16.2241417549958
E6_popsize_N60,cec2017,9,30,SEHHO-COBL,10,825358871458271863,300000,300000,903.180246974222,3.1802469742219728,3.1802469742219728,15.612527542980388
E6_popsize_N60,cec2017,9,30,SEHHO-COBL,11,8337538117297803170,300000,300000,900.6333805194238,0.6333805194237812,0.6333805194237812,8.346263232000638
E6_popsize_N60,cec2017,9,30,SEHHO-COBL,12,8115876882073728026,300000,300000,900.9019652706733,0.9019652706732586,0.9019652706732586,13.432471100008115
E6_popsize_N60,cec2017,9,30,SEHHO-COBL,13,7846246774959531440,300000,300000,902.158629498272,2.1586294982720347,2.1586294982720347,12.541933967004297
E6_popsize_N60,cec2017,9,30,SEHHO-COBL,14,4539765059102321840,300000,300000,900.0000000000001,0.0,1.1368683772161603e-13,9.414193696982693
E6_popsize_N60,cec2017,9,30,SEHHO-COBL,15,353023236162623338,300000,300000,903.0840359572969,3.084035957296919,3.084035957296919,13.219532289018389
E6_popsize_N60,cec2017,9,30,SEHHO-COBL,16,276346778560507390,300000,300000,901.0877045380146,1.0877045380145773,1.0877045380145773,14.032026684988523
E6_popsize_N60,cec2017,9,30,SEHHO-COBL,17,1117539018649651639,300000,300000,900.8124370202567,0.8124370202566524,0.8124370202566524,10.322309570008656
E6_popsize_N60,cec2017,9,30,SEHHO-COBL,18,5158249050138295188,300000,300000,902.994528862794,2.994528862794027,2.994528862794027,13.422850717004621
E6_popsize_N60,cec2017,9,30,SEHHO-COBL,19,3573830833518821230,300000,300000,903.6034235342829,3.6034235342829106,3.6034235342829106,13.943473783001537
E6_popsize_N60,cec2017,9,30,SEHHO-COBL,20,5110000827044189816,300000,300000,900.4543240185908,0.4543240185907962,0.4543240185907962,10.502502032002667
E6_popsize_N60,cec2017,9,30,SEHHO-COBL,21,7309942919034959242,300000,300000,900.179056500833,0.17905650083298497,0.17905650083298497,16.104897588986205
E6_popsize_N60,cec2017,9,30,SEHHO-COBL,22,5808031008783457644,300000,300000,902.0858808256125,2.0858808256125485,2.0858808256125485,16.215747049980564
E6_popsize_N60,cec2017,9,30,SEHHO-COBL,23,3400308538184234159,300000,300000,901.1772327884311,1.1772327884310698,1.1772327884310698,16.112589084979845
E6_popsize_N60,cec2017,9,30,SEHHO-COBL,24,5796941394592922166,300000,300000,900.6333805194238,0.6333805194237812,0.6333805194237812,16.08956993999891
E6_popsize_N60,cec2017,9,30,SEHHO-COBL,25,6553040298512845502,300000,300000,902.5401836882896,2.5401836882896305,2.5401836882896305,16.10488728902419
E6_popsize_N60,cec2017,9,30,SEHHO-COBL,26,8225006780126585354,300000,300000,903.8136274936456,3.8136274936456402,3.8136274936456402,16.02808959700633
E6_popsize_N60,cec2017,9,30,SEHHO-COBL,27,542168644065051365,300000,300000,901.9068243247797,1.9068243247796772,1.9068243247796772,16.080951976007782
E6_popsize_N60,cec2017,9,30,SEHHO-COBL,28,6089548956532052630,300000,300000,900.1790565008331,0.17905650083309865,0.17905650083309865,16.169093084987253
E6_popsize_N60,cec2017,9,30,SEHHO-COBL,29,5162871924661844055,300000,300000,902.0858808256125,2.0858808256125485,2.0858808256125485,15.931056689994875
E6_popsize_N30,cec2017,12,30,SEHHO-COBL,0,2892664498134329040,300000,300000,2520.2153890270783,1320.2153890270783,1320.2153890270783,15.2136210789904
E6_popsize_N30,cec2017,12,30,SEHHO-COBL,1,4827568851251081897,300000,300000,22934.126057112975,21734.126057112975,21734.126057112975,17.98556295898743
E6_popsize_N30,cec2017,12,30,SEHHO-COBL,2,7332022252017573058,300000,300000,29330.822119806606,28130.822119806606,28130.822119806606,19.581019169010688
E6_popsize_N30,cec2017,12,30,SEHHO-COBL,3,6211125134643340028,300000,300000,1803.8214098420249,603.8214098420249,603.8214098420249,19.516128227987792
E6_popsize_N30,cec2017,12,30,SEHHO-COBL,4,479466462667897093,300000,300000,2830.498074260446,1630.4980742604462,1630.4980742604462,18.648179112002254
E6_popsize_N30,cec2017,12,30,SEHHO-COBL,5,6637237097317373199,300000,300000,2578.8955179403406,1378.8955179403406,1378.8955179403406,17.211500278004678
E6_popsize_N30,cec2017,12,30,SEHHO-COBL,6,3464248690686663585,300000,300000,2911.140383910877,1711.140383910877,1711.140383910877,12.696067592012696
E6_popsize_N30,cec2017,12,30,SEHHO-COBL,7,3488119618370597257,300000,300000,2765.6296662988984,1565.6296662988984,1565.6296662988984,10.506579339009477
E6_popsize_N30,cec2017,12,30,SEHHO-COBL,8,8775116960859643753,300000,300000,2577.2399712584665,1377.2399712584665,1377.2399712584665,10.412189389986452
E6_popsize_N30,cec2017,12,30,SEHHO-COBL,9,404730626184414165,300000,300000,3281.2482310825612,2081.2482310825612,2081.2482310825612,11.775956921017496
E6_popsize_N30,cec2017,12,30,SEHHO-COBL,10,3195178128680446791,300000,300000,3070.3763430767162,1870.3763430767162,1870.3763430767162,10.505106096010422
E6_popsize_N30,cec2017,12,30,SEHHO-COBL,11,7663374322645044142,300000,300000,3270.250543780148,2070.250543780148,2070.250543780148,10.499516921991017
E6_popsize_N30,cec2017,12,30,SEHHO-COBL,12,2228391888109386581,300000,300000,3261.8021889656384,2061.8021889656384,2061.8021889656384,10.119185228017159
E6_popsize_N30,cec2017,12,30,SEHHO-COBL,13,1143146697705679557,300000,300000,3107.287100738902,1907.2871007389022,1907.2871007389022,10.289077118999558
E6_popsize_N30,cec2017,12,30,SEHHO-COBL,14,1861832043952275156,300000,300000,17786.33756594896,16586.33756594896,16586.33756594896,11.567384710011538
E6_popsize_N30,cec2017,12,30,SEHHO-COBL,15,6083240533723933984,300000,300000,4460.106352441954,3260.106352441954,3260.106352441954,17.992678205017
E6_popsize_N30,cec2017,12,30,SEHHO-COBL,16,845162879952282116,300000,300000,2538.1795510939423,1338.1795510939423,1338.1795510939423,15.299621732992819
E6_popsize_N30,cec2017,12,30,SEHHO-COBL,17,6455511557185425448,300000,300000,11640.775275324728,10440.775275324728,10440.775275324728,18.729340038000373
E6_popsize_N30,cec2017,12,30,SEHHO-COBL,18,3375937505000314815,300000,300000,1823.387941907578,623.3879419075779,623.3879419075779,10.333124255004805
E6_popsize_N30,cec2017,12,30,SEHHO-COBL,19,5828077434625678422,300000,300000,3191.045242000007,1991.045242000007,1991.045242000007,16.596454348997213
E6_popsize_N30,cec2017,12,30,SEHHO-COBL,20,3797129582399055220,300000,300000,5463.896736458194,4263.896736458194,4263.896736458194,18.887264482997125
E6_popsize_N30,cec2017,12,30,SEHHO-COBL,21,7513573504393695675,300000,300000,3003.1439409132245,1803.1439409132245,1803.1439409132245,18.448930778016802
E6_popsize_N30,cec2017,12,30,SEHHO-COBL,22,2591900880203472672,300000,300000,2791.290692853865,1591.290692853865,1591.290692853865,10.445343444007449
E6_popsize_N30,cec2017,12,30,SEHHO-COBL,23,8270677487540230802,300000,300000,5072.671857566298,3872.671857566298,3872.671857566298,11.666328590014018
E6_popsize_N30,cec2017,12,30,SEHHO-COBL,24,4553314661394218608,300000,300000,4373.859754104187,3173.8597541041872,3173.8597541041872,10.76522608002415
E6_popsize_N30,cec2017,12,30,SEHHO-COBL,25,5250463596963417579,300000,300000,2641.0329038414684,1441.0329038414684,1441.0329038414684,11.460855170997093
E6_popsize_N30,cec2017,12,30,SEHHO-COBL,26,2011755553869282244,300000,300000,4973.152952814954,3773.152952814954,3773.152952814954,12.148866153991548
E6_popsize_N30,cec2017,12,30,SEHHO-COBL,27,5722406872792124604,300000,300000,2765.4196828441336,1565.4196828441336,1565.4196828441336,12.29524789901916
E6_popsize_N30,cec2017,12,30,SEHHO-COBL,28,3221734454717503251,300000,300000,2929.0374765335455,1729.0374765335455,1729.0374765335455,19.212212238984648
E6_popsize_N30,cec2017,12,30,SEHHO-COBL,29,3346346334255089393,300000,300000,2912.66030434063,1712.6603043406299,1712.6603043406299,19.121145863988204
E6_popsize_N30,cec2017,18,30,SEHHO-COBL,0,1667559886045062478,300000,300000,6617.784536425159,4817.784536425159,4817.784536425159,12.148243676987477
E6_popsize_N30,cec2017,18,30,SEHHO-COBL,1,9177477920806027844,300000,300000,1972.2101615232668,172.21016152326683,172.21016152326683,10.021998302981956
E6_popsize_N30,cec2017,18,30,SEHHO-COBL,2,9151374368467572531,300000,300000,1942.1848279086046,142.18482790860457,142.18482790860457,16.227136241010157
E6_popsize_N30,cec2017,18,30,SEHHO-COBL,3,7086470724309309309,300000,300000,1857.0107872289723,57.010787228972276,57.010787228972276,18.445212032995187
E6_popsize_N30,cec2017,18,30,SEHHO-COBL,4,8819273753020395111,300000,300000,2589.058901894476,789.0589018944761,789.0589018944761,19.334526493010344
E6_popsize_N30,cec2017,18,30,SEHHO-COBL,5,5590553024682006182,300000,300000,1999.6541754814514,199.65417548145138,199.65417548145138,19.146860355016543
E6_popsize_N30,cec2017,18,30,SEHHO-COBL,6,4657870038895329275,300000,300000,2564.9398033871344,764.9398033871344,764.9398033871344,11.704732140991837
E6_popsize_N30,cec2017,18,30,SEHHO-COBL,7,7711122216236783256,300000,300000,4804.3768224434425,3004.3768224434425,3004.3768224434425,10.665393633011263
E6_popsize_N30,cec2017,18,30,SEHHO-COBL,8,7899536660284055184,300000,300000,1979.5690358329216,179.5690358329216,179.5690358329216,18.25854306499241
E6_popsize_N30,cec2017,18,30,SEHHO-COBL,9,8095537148799470602,300000,300000,1902.5522423595958,102.55224235959577,102.55224235959577,18.42726061400026
E6_popsize_N30,cec2017,18,30,SEHHO-COBL,10,5075265948142282513,300000,300000,2166.0432509318007,366.0432509318007,366.0432509318007,16.86664054400171
E6_popsize_N30,cec2017,18,30,SEHHO-COBL,11,7277474226661960903,300000,300000,2157.9522332953065,357.95223329530654,357.95223329530654,10.459273481974378
E6_popsize_N30,cec2017,18,30,SEHHO-COBL,12,6289928059724085167,300000,300000,1928.3820278196144,128.38202781961445,128.38202781961445,10.287246905994834
E6_popsize_N30,cec2017,18,30,SEHHO-COBL,13,8434725351109519181,300000,300000,1994.196606842276,194.19660684227597,194.19660684227597,10.127900733990828
E6_popsize_N30,cec2017,18,30,SEHHO-COBL,14,923431658627481449,300000,300000,2246.7811994786775,446.78119947867754,446.78119947867754,12.51130969802034
E6_popsize_N30,cec2017,18,30,SEHHO-COBL,15,6447971461322771907,300000,300000,1928.31717393102,128.31717393102008,128.31717393102008,10.196910200000275
E6_popsize_N30,cec2017,18,30,SEHHO-COBL,16,7104186233622610374,300000,300000,1949.5727849230434,149.5727849230434,149.5727849230434,13.393989964999491
E6_popsize_N30,cec2017,18,30,SEHHO-COBL,17,1743093869047146971,300000,300000,1913.5108577296123,113.51085772961233,113.51085772961233,18.653751984005794
E6_popsize_N30,cec2017,18,30,SEHHO-COBL,18,8560854892802954039,300000,300000,2017.836964461627,217.83696446162708,217.83696446162708,18.126707171992166
E6_popsize_N30,cec2017,18,30,SEHHO-COBL,19,7455374195857723391,300000,300000,2150.8034537597555,350.8034537597555,350.8034537597555,17.149858491000487
E6_popsize_N30,cec2017,18,30,SEHHO-COBL,20,175068015050484508,300000,300000,1948.5847950583707,148.58479505837067,148.58479505837067,16.808045512007084
E6_popsize_N30,cec2017,18,30,SEHHO-COBL,21,3807460712494983976,300000,300000,1950.3089406549602,150.30894065496022,150.30894065496022,17.141613937012153
E6_popsize_N30,cec2017,18,30,SEHHO-COBL,22,2583965046243033062,300000,300000,1916.259854516457,116.25985451645693,116.25985451645693,17.164947633020347
E6_popsize_N30,cec2017,18,30,SEHHO-COBL,23,1060886377810634867,300000,300000,1846.7092949861599,46.709294986159875,46.709294986159875,16.950448174000485
E6_popsize_N30,cec2017,18,30,SEHHO-COBL,24,4826047729988989022,300000,300000,2597.4043176345385,797.4043176345385,797.4043176345385,16.82311658002436
E6_popsize_N30,cec2017,18,30,SEHHO-COBL,25,4995784662985813389,300000,300000,3509.222451329977,1709.222451329977,1709.222451329977,13.104211170983035
E6_popsize_N30,cec2017,18,30,SEHHO-COBL,26,7329951847343918520,300000,300000,3034.7390967088877,1234.7390967088877,1234.7390967088877,10.25786344401422
E6_popsize_N30,cec2017,18,30,SEHHO-COBL,27,8605227435027337088,300000,300000,2848.336734127156,1048.336734127156,1048.336734127156,11.26301893699565
E6_popsize_N30,cec2017,18,30,SEHHO-COBL,28,4893005892717700318,300000,300000,1891.6413263855313,91.64132638553133,91.64132638553133,14.058020578988362
E6_popsize_N30,cec2017,18,30,SEHHO-COBL,29,6650342919260023187,300000,300000,1859.1793957712655,59.17939577126549,59.17939577126549,15.13468863198068
E6_popsize_N30,cec2017,10,30,SEHHO-COBL,0,183832762018106948,300000,300000,3383.494329205687,2383.494329205687,2383.494329205687,18.148843170987675
E6_popsize_N30,cec2017,10,30,SEHHO-COBL,1,2386545534855611126,300000,300000,3305.735000086195,2305.735000086195,2305.735000086195,13.407402871991508
E6_popsize_N30,cec2017,10,30,SEHHO-COBL,2,3770733270870307261,300000,300000,3130.9704198561485,2130.9704198561485,2130.9704198561485,9.48431028801133
E6_popsize_N30,cec2017,10,30,SEHHO-COBL,3,8330699098094348213,300000,300000,3210.920809374753,2210.920809374753,2210.920809374753,9.692472589027602
E6_popsize_N30,cec2017,10,30,SEHHO-COBL,4,1531615396873845393,300000,300000,3435.4982383066053,2435.4982383066053,2435.4982383066053,16.848076355003286
E6_popsize_N30,cec2017,10,30,SEHHO-COBL,5,5029969593731666330,300000,300000,2536.04118126942,1536.0411812694201,1536.0411812694201,15.568019854021259
E6_popsize_N30,cec2017,10,30,SEHHO-COBL,6,6604561436352868520,300000,300000,3293.985568466198,2293.985568466198,2293.985568466198,13.15436849699472
E6_popsize_N30,cec2017,10,30,SEHHO-COBL,7,3296798956145733851,300000,300000,3504.665029284024,2504.665029284024,2504.665029284024,17.921972337993793
E6_popsize_N30,cec2017,10,30,SEHHO-COBL,8,5541246507761891915,300000,300000,3393.708668306377,2393.708668306377,2393.708668306377,16.07907224999508
E6_popsize_N30,cec2017,10,30,SEHHO-COBL,9,1586017257961648781,300000,300000,3266.5103509566325,2266.5103509566325,2266.5103509566325,16.038090645015473
E6_popsize_N30,cec2017,10,30,SEHHO-COBL,10,8160789301144157095,300000,300000,2534.316169798287,1534.3161697982869,1534.3161697982869,16.124565589008853
E6_popsize_N30,cec2017,10,30,SEHHO-COBL,11,7896090705765679384,300000,300000,2644.2426776011325,1644.2426776011325,1644.2426776011325,16.060446035000496
E6_popsize_N30,cec2017,10,30,SEHHO-COBL,12,6139076269901323725,300000,300000,3453.0815019405163,2453.0815019405163,2453.0815019405163,16.04324064400862
E6_popsize_N30,cec2017,10,30,SEHHO-COBL,13,7390360332941952500,300000,300000,3344.2462499362173,2344.2462499362173,2344.2462499362173,16.044223196979146
E6_popsize_N30,cec2017,10,30,SEHHO-COBL,14,7667035609925481822,300000,300000,2443.567727729225,1443.5677277292252,1443.5677277292252,15.937153014994692
E6_popsize_N30,cec2017,10,30,SEHHO-COBL,15,8274455147819898696,300000,300000,3328.810133223442,2328.810133223442,2328.810133223442,16.093786598998122
E6_popsize_N30,cec2017,10,30,SEHHO-COBL,16,4382086104189961521,300000,300000,3114.921831583937,2114.921831583937,2114.921831583937,16.04317739600083
E6_popsize_N30,cec2017,10,30,SEHHO-COBL,17,3210317851379432821,300000,300000,3450.3679412755246,2450.3679412755246,2450.3679412755246,16.102135106979404
E6_popsize_N30,cec2017,10,30,SEHHO-COBL,18,4251938902161124687,300000,300000,3026.5505189436844,2026.5505189436844,2026.5505189436844,12.698411468998529
E6_popsize_N30,cec2017,10,30,SEHHO-COBL,19,7868998468414848407,300000,300000,3169.659223868306,2169.659223868306,2169.659223868306,14.106922029983252
E6_popsize_N30,cec2017,10,30,SEHHO-COBL,20,5007929141335648736,300000,300000,3100.3825734462516,2100.3825734462516,2100.3825734462516,17.93425669899443
E6_popsize_N30,cec2017,10,30,SEHHO-COBL,21,8162346678608080920,300000,300000,3348.676517926335,2348.676517926335,2348.676517926335,17.330142944992986
E6_popsize_N30,cec2017,10,30,SEHHO-COBL,22,7097231546322067388,300000,300000,3070.8922058736134,2070.8922058736134,2070.8922058736134,17.567972832010128
E6_popsize_N30,cec2017,10,30,SEHHO-COBL,23,765253982301442638,300000,300000,3565.3778594183295,2565.3778594183295,2565.3778594183295,14.867494729987811
E6_popsize_N30,cec2017,10,30,SEHHO-COBL,24,6202123060525517101,300000,300000,3612.2259263374435,2612.2259263374435,2612.2259263374435,12.35858963400824
E6_popsize_N30,cec2017,10,30,SEHHO-COBL,25,937971349246222556,300000,300000,3489.870022856012,2489.870022856012,2489.870022856012,15.285282687982544
E6_popsize_N30,cec2017,10,30,SEHHO-COBL,26,3869875369741665123,300000,300000,2860.753760790025,1860.753760790025,1860.753760790025,16.303693533001933
E6_popsize_N30,cec2017,10,30,SEHHO-COBL,27,2160330999787913375,300000,300000,3444.140513629225,2444.140513629225,2444.140513629225,10.06860535001033
E6_popsize_N30,cec2017,10,30,SEHHO-COBL,28,4052159686443947243,300000,300000,3072.067077678392,2072.067077678392,2072.067077678392,9.797155484004179
E6_popsize_N30,cec2017,10,30,SEHHO-COBL,29,5021227675149640386,300000,300000,3335.4382826603523,2335.4382826603523,2335.4382826603523,17.119747013988672
E6_popsize_N30,cec2017,8,30,SEHHO-COBL,0,2751444893213821966,300000,300000,840.8356141061079,40.83561410610787,40.83561410610787,15.207912671990925
E6_popsize_N30,cec2017,8,30,SEHHO-COBL,1,4704743791011177524,300000,300000,834.8875471205431,34.887547120543104,34.887547120543104,9.111145244998625
E6_popsize_N30,cec2017,8,30,SEHHO-COBL,2,2075371677368522969,300000,300000,851.7781721361937,51.77817213619369,51.77817213619369,14.335042374994373
E6_popsize_N30,cec2017,8,30,SEHHO-COBL,3,4967854723786062438,300000,300000,828.8644695841786,28.86446958417855,28.86446958417855,16.921074742014753
E6_popsize_N30,cec2017,8,30,SEHHO-COBL,4,4697383874103100838,300000,300000,838.8380709591474,38.838070959147444,38.838070959147444,16.962449223996373
E6_popsize_N30,cec2017,8,30,SEHHO-COBL,5,6356905655478424760,300000,300000,829.890408073001,29.890408073001026,29.890408073001026,16.66550709598232
E6_popsize_N30,cec2017,8,30,SEHHO-COBL,6,8430601196072479753,300000,300000,845.7847318804181,45.78473188041812,45.78473188041812,16.5168900770077
E6_popsize_N30,cec2017,8,30,SEHHO-COBL,7,8680519698522199486,300000,300000,831.8600097720539,31.8600097720539,31.8600097720539,12.27263104901067
E6_popsize_N30,cec2017,8,30,SEHHO-COBL,8,5345693135301274983,300000,300000,830.8964614141055,30.896461414105488,30.896461414105488,9.593124341015937
E6_popsize_N30,cec2017,8,30,SEHHO-COBL,9,5996066403203608319,300000,300000,846.8812924466051,46.88129244660513,46.88129244660513,11.616097986989189
E6_popsize_N30,cec2017,8,30,SEHHO-COBL,10,6795256998118238652,300000,300000,832.8771693872545,32.877169387254526,32.877169387254526,17.26681277199532
E6_popsize_N30,cec2017,8,30,SEHHO-COBL,11,4776361658812584292,300000,300000,849.7962925192886,49.79629251928861,49.79629251928861,17.084600984002464
E6_popsize_N30,cec2017,8,30,SEHHO-COBL,12,3001708037966250773,300000,300000,838.864887026135,38.864887026134966,38.864887026134966,16.90565727397916
E6_popsize_N30,cec2017,8,30,SEHHO-COBL,13,7069203332665563674,300000,300000,849.819065744431,49.819065744430986,49.819065744430986,16.872720056999242
E6_popsize_N30,cec2017,8,30,SEHHO-COBL,14,3199922597068605083,300000,300000,852.8212569834118,52.821256983411786,52.821256983411786,16.739485199999763
E6_popsize_N30,cec2017,8,30,SEHHO-COBL,15,8313972337621480180,300000,300000,838.8370822816157,38.83708228161572,38.83708228161572,16.903843612992205
E6_popsize_N30,cec2017,8,30,SEHHO-COBL,16,4081156709472877002,300000,300000,832.8673160037035,32.867316003703536,32.867316003703536,16.899902581004426
E6_popsize_N30,cec2017,8,30,SEHHO-COBL,17,2914351446834735726,300000,300000,816.9437516934735,16.943751693473473,16.943751693473473,16.761982034979155
E6_popsize_N30,cec2017,8,30,SEHHO-COBL,18,3253067072354189763,300000,300000,853.7869557630502,53.78695576305017,53.78695576305017,16.71762571000727
E6_popsize_N30,cec2017,8,30,SEHHO-COBL,19,3964090025577381284,300000,300000,843.8005316960798,43.800531696079815,43.800531696079815,15.672620013006963
E6_popsize_N30,cec2017,8,30,SEHHO-COBL,20,404507081889787829,300000,300000,834.8489534406264,34.84895344062636,34.84895344062636,12.902803859993583
E6_popsize_N30,cec2017,8,30,SEHHO-COBL,21,2342762481998788414,300000,300000,847.8246509150408,47.82465091504082,47.82465091504082,16.060797935002483
E6_popsize_N30,cec2017,8,30,SEHHO-COBL,22,5527664606068600298,300000,300000,846.8732743799534,46.873274379953386,46.873274379953386,16.688580882997485
E6_popsize_N30,cec2017,8,30,SEHHO-COBL,23,3933241026986326168,300000,300000,825.9171213413213,25.917121341321263,25.917121341321263,12.26504794601351
E6_popsize_N30,cec2017,8,30,SEHHO-COBL,24,5410516192771651236,300000,300000,824.9366158186479,24.93661581864785,24.93661581864785,12.269070681009907
E6_popsize_N30,cec2017,8,30,SEHHO-COBL,25,8848921474605166324,300000,300000,848.8190494595375,48.819049459537496,48.819049459537496,9.768231444002595
E6_popsize_N30,cec2017,8,30,SEHHO-COBL,26,2745738424921200824,300000,300000,834.8606225645817,34.86062256458172,34.86062256458172,12.904327828000532
E6_popsize_N30,cec2017,8,30,SEHHO-COBL,27,5754468122052988896,300000,300000,839.8407688640065,39.84076886400646,39.84076886400646,17.180642599996645
E6_popsize_N30,cec2017,8,30,SEHHO-COBL,28,1115452477496807421,300000,300000,832.88663646427,32.886636464270055,32.886636464270055,17.140479739988223
E6_popsize_N30,cec2017,8,30,SEHHO-COBL,29,2232670130932284637,300000,300000,838.8679373949305,38.86793739493055,38.86793739493055,16.44796862700605
E6_popsize_N60,cec2017,12,30,SEHHO-COBL,0,2843422981870860481,300000,300000,3459.0300769996134,2259.0300769996134,2259.0300769996134,13.361175025987905
E6_popsize_N60,cec2017,12,30,SEHHO-COBL,1,1444706182243644843,300000,300000,1970.8877343384402,770.8877343384402,770.8877343384402,12.668787244998384
E6_popsize_N60,cec2017,12,30,SEHHO-COBL,2,3358089625984286639,300000,300000,2670.520407203509,1470.520407203509,1470.520407203509,10.14680019300431
E6_popsize_N60,cec2017,12,30,SEHHO-COBL,3,2010873231385800179,300000,300000,2041.9525435284777,841.9525435284777,841.9525435284777,9.516590392013313
E6_popsize_N60,cec2017,12,30,SEHHO-COBL,4,1648831910270770617,300000,300000,4204.355718583,3004.3557185830005,3004.3557185830005,18.03461231701658
E6_popsize_N60,cec2017,12,30,SEHHO-COBL,5,191758245238296674,300000,300000,2941.6141458118755,1741.6141458118755,1741.6141458118755,17.884570286987582
E6_popsize_N60,cec2017,12,30,SEHHO-COBL,6,5168202713678441062,300000,300000,5605.3871709427885,4405.3871709427885,4405.3871709427885,17.75164299600874
E6_popsize_N60,cec2017,12,30,SEHHO-COBL,7,2937828922286707009,300000,300000,14522.630181412653,13322.630181412653,13322.630181412653,15.63081405099365
E6_popsize_N60,cec2017,12,30,SEHHO-COBL,8,5371763291621132415,300000,300000,9535.573098875686,8335.573098875686,8335.573098875686,10.176651521993335
E6_popsize_N60,cec2017,12,30,SEHHO-COBL,9,5424559123533429165,300000,300000,2559.8847838351603,1359.8847838351603,1359.8847838351603,11.46456475899322
E6_popsize_N60,cec2017,12,30,SEHHO-COBL,10,2184613182665149949,300000,300000,9362.38582625985,8162.38582625985,8162.38582625985,17.93986610000138
E6_popsize_N60,cec2017,12,30,SEHHO-COBL,11,6837489362902199346,300000,300000,11872.57241419901,10672.57241419901,10672.57241419901,15.831673084991053
E6_popsize_N60,cec2017,12,30,SEHHO-COBL,12,7463791653953155694,300000,300000,5563.53036933731,4363.53036933731,4363.53036933731,10.385071366996272
E6_popsize_N60,cec2017,12,30,SEHHO-COBL,13,4889261950565678768,300000,300000,3161.5082961930293,1961.5082961930293,1961.5082961930293,13.339649672998348
E6_popsize_N60,cec2017,12,30,SEHHO-COBL,14,1095847292178100925,300000,300000,8315.386796591207,7115.386796591207,7115.386796591207,17.889829490013653
E6_popsize_N60,cec2017,12,30,SEHHO-COBL,15,5923146182670891909,300000,300000,3774.689388256726,2574.689388256726,2574.689388256726,9.618005327996798
E6_popsize_N60,cec2017,12,30,SEHHO-COBL,16,1096300253175978936,300000,300000,3746.679623382382,2546.679623382382,2546.679623382382,14.770317303016782
E6_popsize_N60,cec2017,12,30,SEHHO-COBL,17,2253732452680882999,300000,300000,5601.133152503406,4401.133152503406,4401.133152503406,16.77705457500997
E6_popsize_N60,cec2017,12,30,SEHHO-COBL,18,2236937955081615433,300000,300000,8127.909367973046,6927.909367973046,6927.909367973046,16.27096334399539
E6_popsize_N60,cec2017,12,30,SEHHO-COBL,19,5781061800511316592,300000,300000,8662.557789645336,7462.557789645336,7462.557789645336,18.101360219996423
E6_popsize_N60,cec2017,12,30,SEHHO-COBL,20,1941634694333388520,300000,300000,2250.628209054951,1050.6282090549512,1050.6282090549512,17.895425316004548
E6_popsize_N60,cec2017,12,30,SEHHO-COBL,21,5465557209525314167,300000,300000,5768.053763300028,4568.053763300028,4568.053763300028,16.01813903299626
E6_popsize_N60,cec2017,12,30,SEHHO-COBL,22,7386826170520020553,300000,300000,2200.3087126091887,1000.3087126091887,1000.3087126091887,10.575150180986384
E6_popsize_N60,cec2017,12,30,SEHHO-COBL,23,5591709820576499951,300000,300000,3404.6177059272577,2204.6177059272577,2204.6177059272577,16.16768005400081
E6_popsize_N60,cec2017,12,30,SEHHO-COBL,24,7880246998452216877,300000,300000,19843.784493312003,18643.784493312003,18643.784493312003,17.99696438398678
E6_popsize_N60,cec2017,12,30,SEHHO-COBL,25,7727413923030666771,300000,300000,2794.2350516153983,1594.2350516153983,1594.2350516153983,18.01016804901883
E6_popsize_N60,cec2017,12,30,SEHHO-COBL,26,8665470603463112932,300000,300000,9097.707578317379,7897.707578317379,7897.707578317379,16.32905123400269
E6_popsize_N60,cec2017,12,30,SEHHO-COBL,27,6405165724967994260,300000,300000,4247.884050609113,3047.884050609113,3047.884050609113,17.229188213997986
E6_popsize_N60,cec2017,12,30,SEHHO-COBL,28,7879529053768097827,300000,300000,3199.263439809127,1999.2634398091268,1999.2634398091268,17.146016595012043
E6_popsize_N60,cec2017,12,30,SEHHO-COBL,29,8446410370760887197,300000,300000,2151.1421058145866,951.1421058145866,951.1421058145866,17.41797474399209
E6_popsize_N30,cec2017,6,30,SEHHO-COBL,0,2753079802886246749,300000,300000,600.0000000000005,0.0,4.547473508864641e-13,11.942647096992005
E6_popsize_N30,cec2017,6,30,SEHHO-COBL,1,3112358391895444829,300000,300000,600.0,0.0,0.0,17.12414875999093
E6_popsize_N30,cec2017,6,30,SEHHO-COBL,2,2081091089688760623,300000,300000,600.0000056273066,5.627306563837919e-06,5.627306563837919e-06,18.308901086973492
E6_popsize_N30,cec2017,6,30,SEHHO-COBL,3,3822822797468210916,300000,300000,600.000014369933,1.4369932955560216e-05,1.4369932955560216e-05,18.055211182014318
E6_popsize_N30,cec2017,6,30,SEHHO-COBL,4,2905854976467458006,300000,300000,600.0000000000009,0.0,9.094947017729282e-13,16.92485655497876
E6_popsize_N30,cec2017,6,30,SEHHO-COBL,5,491264182207600227,300000,300000,600.0,0.0,0.0,18.07921514500049
E6_popsize_N30,cec2017,6,30,SEHHO-COBL,6,3852917269382004876,300000,300000,600.000000000001,0.0,1.0231815394945443e-12,18.735570863995235
E6_popsize_N30,cec2017,6,30,SEHHO-COBL,7,776627416316918129,300000,300000,600.0000000000002,0.0,2.2737367544323206e-13,11.481672427005833
E6_popsize_N30,cec2017,6,30,SEHHO-COBL,8,4016788898340151535,300000,300000,600.0000000000001,0.0,1.1368683772161603e-13,9.960992158012232
E6_popsize_N30,cec2017,6,30,SEHHO-COBL,9,6009755519275940456,300000,300000,600.0000000000001,0.0,1.1368683772161603e-13,13.50945847897674
E6_popsize_N30,cec2017,6,30,SEHHO-COBL,10,5731402327681716250,300000,300000,600.0028618404,0.002861840399987159,0.002861840399987159,18.527274952008156
E6_popsize_N30,cec2017,6,30,SEHHO-COBL,11,9202923212564943125,300000,300000,600.0000000000008,0.0,7.958078640513122e-13,18.8795709630067
E6_popsize_N30,cec2017,6,30,SEHHO-COBL,12,2870192931645273118,300000,300000,600.0000000000005,0.0,4.547473508864641e-13,18.590319207985885
E6_popsize_N30,cec2017,6,30,SEHHO-COBL,13,307170776201421882,300000,300000,600.0000000000005,0.0,4.547473508864641e-13,18.54111837700475
E6_popsize_N30,cec2017,6,30,SEHHO-COBL,14,7478297282047126090,300000,300000,600.0000000000005,0.0,4.547473508864641e-13,18.62281010800507
E6_popsize_N30,cec2017,6,30,SEHHO-COBL,15,4190986007428767100,300000,300000,600.0103376132421,0.010337613242086263,0.010337613242086263,18.130846696003573
E6_popsize_N30,cec2017,6,30,SEHHO-COBL,16,771399934346918548,300000,300000,600.2405688563231,0.24056885632307967,0.24056885632307967,18.309872268990148
E6_popsize_N30,cec2017,6,30,SEHHO-COBL,17,8771407342411776888,300000,300000,600.0867037563636,0.0867037563635904,0.0867037563635904,18.386316849006107
E6_popsize_N30,cec2017,6,30,SEHHO-COBL,18,374371006703062377,300000,300000,600.0008136111838,0.0008136111838439319,0.0008136111838439319,18.523925799992867
E6_popsize_N30,cec2017,6,30,SEHHO-COBL,19,8274320726840175192,300000,300000,600.0000000000003,0.0,3.410605131648481e-13,16.23679042799631
E6_popsize_N30,cec2017,6,30,SEHHO-COBL,20,3791779224212261247,300000,300000,600.0000001368736,1.3687360933545278e-07,1.3687360933545278e-07,12.6686759860022
E6_popsize_N30,cec2017,6,30,SEHHO-COBL,21,3882449999854024147,300000,300000,600.0000000000033,0.0,3.296918293926865e-12,12.972895384009462
E6_popsize_N30,cec2017,6,30,SEHHO-COBL,22,4925523464540159367,300000,300000,600.0000000000051,0.0,5.115907697472721e-12,12.239080190018285
E6_popsize_N30,cec2017,6,30,SEHHO-COBL,23,4899367923987844100,300000,300000,600.0000000000002,0.0,2.2737367544323206e-13,14.366840296017472
E6_popsize_N30,cec2017,6,30,SEHHO-COBL,24,7796591527187992318,300000,300000,600.0000000000013,0.0,1.2505552149377763e-12,14.085785355011467
E6_popsize_N30,cec2017,6,30,SEHHO-COBL,25,5741128384610880678,300000,300000,600.0000000000003,0.0,3.410605131648481e-13,10.254043869994348
E6_popsize_N30,cec2017,6,30,SEHHO-COBL,26,1632639229144395210,300000,300000,600.0000000000019,0.0,1.9326762412674725e-12,10.012634829996387
E6_popsize_N30,cec2017,6,30,SEHHO-COBL,27,5495593876255520095,300000,300000,600.0000000000003,0.0,3.410605131648481e-13,10.025784873985685
E6_popsize_N30,cec2017,6,30,SEHHO-COBL,28,5459691409102787339,300000,300000,600.0075325888804,0.007532588880394542,0.007532588880394542,9.584645947994431
E6_popsize_N30,cec2017,6,30,SEHHO-COBL,29,832831826704418371,300000,300000,600.0000000000002,0.0,2.2737367544323206e-13,12.827310402994044
E6_popsize_N30,cec2017,15,30,SEHHO-COBL,0,3087504209633999408,300000,300000,1677.2667794254573,177.26677942545734,177.26677942545734,18.129927871981636
E6_popsize_N30,cec2017,15,30,SEHHO-COBL,1,2776510019859597684,300000,300000,1574.0021473353277,74.00214733532766,74.00214733532766,18.014039280009456
E6_popsize_N30,cec2017,15,30,SEHHO-COBL,2,9133489499132119004,300000,300000,1596.140679239222,96.14067923922198,96.14067923922198,16.547648238018155
E6_popsize_N30,cec2017,15,30,SEHHO-COBL,3,1331614725435356922,300000,300000,1589.8122228259977,89.81222282599765,89.81222282599765,11.299429108010372
E6_popsize_N30,cec2017,15,30,SEHHO-COBL,4,4393043423666683050,300000,300000,1611.725202768419,111.72520276841897,111.72520276841897,11.633373479009606
E6_popsize_N30,cec2017,15,30,SEHHO-COBL,5,1763036662056012586,300000,300000,1842.98101540068,342.98101540068,342.98101540068,18.278984764998313
E6_popsize_N30,cec2017,15,30,SEHHO-COBL,6,856615511991059515,300000,300000,2029.4558971907975,529.4558971907975,529.4558971907975,16.263252561009722
E6_popsize_N30,cec2017,15,30,SEHHO-COBL,7,7919157830845252177,300000,300000,2001.770089943336,501.77008994333596,501.77008994333596,12.386051601992222
E6_popsize_N30,cec2017,15,30,SEHHO-COBL,8,8670138330397522864,300000,300000,1673.395780983517,173.39578098351694,173.39578098351694,9.837581127998419
E6_popsize_N30,cec2017,15,30,SEHHO-COBL,9,7180961422875910225,300000,300000,1775.8719833063706,275.87198330637057,275.87198330637057,9.70676999600255
E6_popsize_N30,cec2017,15,30,SEHHO-COBL,10,2513931819334281726,300000,300000,2037.3478760548855,537.3478760548855,537.3478760548855,11.616903548012488
E6_popsize_N30,cec2017,15,30,SEHHO-COBL,11,2009924723769540403,300000,300000,1866.1913099058256,366.1913099058256,366.1913099058256,17.698473811004078
E6_popsize_N30,cec2017,15,30,SEHHO-COBL,12,7707915197477916258,300000,300000,1576.075277009806,76.07527700980609,76.07527700980609,15.878589061991079
E6_popsize_N30,cec2017,15,30,SEHHO-COBL,13,1002676481801759374,300000,300000,1527.1746296122685,27.174629612268518,27.174629612268518,17.555735139001627
E6_popsize_N30,cec2017,15,30,SEHHO-COBL,14,3261011165959170625,300000,300000,1719.685262245234,219.68526224523407,219.68526224523407,18.008941308013164
E6_popsize_N30,cec2017,15,30,SEHHO-COBL,15,8147231322130467151,300000,300000,1723.7526216325157,223.75262163251568,223.75262163251568,14.688420104997931
E6_popsize_N30,cec2017,15,30,SEHHO-COBL,16,1104711470741157926,300000,300000,1872.3992256037427,372.3992256037427,372.3992256037427,16.49073372798739
E6_popsize_N30,cec2017,15,30,SEHHO-COBL,17,2322765976648947273,300000,300000,1897.2280154282043,397.22801542820434,397.22801542820434,14.635439934005262
E6_popsize_N30,cec2017,15,30,SEHHO-COBL,18,4061119464111871824,300000,300000,1581.784278574714,81.78427857471411,81.78427857471411,18.635926110000582
E6_popsize_N30,cec2017,15,30,SEHHO-COBL,19,3287083764580928596,300000,300000,1857.232691968559,357.23269196855904,357.23269196855904,17.07491143999505
E6_popsize_N30,cec2017,15,30,SEHHO-COBL,20,4523601792656005418,300000,300000,1786.726541037244,286.72654103724403,286.72654103724403,17.913512920989888
E6_popsize_N30,cec2017,15,30,SEHHO-COBL,21,8138728383536189443,300000,300000,1881.333226979016,381.333226979016,381.333226979016,17.91616852299194
E6_popsize_N30,cec2017,15,30,SEHHO-COBL,22,1710471054697421387,300000,300000,1991.7714293818776,491.7714293818776,491.7714293818776,16.729119256982813
E6_popsize_N30,cec2017,15,30,SEHHO-COBL,23,8323425265211591975,300000,300000,1622.8436045324604,122.8436045324604,122.8436045324604,13.627837031002855
E6_popsize_N30,cec2017,15,30,SEHHO-COBL,24,8148016013113510480,300000,300000,1602.1782081195613,102.1782081195613,102.1782081195613,10.143390558019746
E6_popsize_N30,cec2017,15,30,SEHHO-COBL,25,2305898777305339713,300000,300000,1747.9501399718804,247.9501399718804,247.9501399718804,17.196973631012952
E6_popsize_N30,cec2017,15,30,SEHHO-COBL,26,1963590387648136656,300000,300000,1948.0766047337354,448.0766047337354,448.0766047337354,9.531944902002579
E6_popsize_N30,cec2017,15,30,SEHHO-COBL,27,8980645237254264519,300000,300000,1616.359617005688,116.35961700568805,116.35961700568805,16.547816743986914
E6_popsize_N30,cec2017,15,30,SEHHO-COBL,28,3858918448450062528,300000,300000,1738.1512575108434,238.15125751084338,238.15125751084338,18.251432958990335
E6_popsize_N30,cec2017,15,30,SEHHO-COBL,29,4615075505930012092,300000,300000,1670.4479949087417,170.44799490874175,170.44799490874175,13.709947639028542
E6_popsize_N60,cec2017,6,30,SEHHO-COBL,0,5458505467355258637,300000,300000,600.0000611664043,6.116640429354447e-05,6.116640429354447e-05,12.656508704996668
E6_popsize_N60,cec2017,6,30,SEHHO-COBL,1,2995143680967804234,300000,300000,600.0000647703705,6.477037049990031e-05,6.477037049990031e-05,16.56362637699931
E6_popsize_N60,cec2017,6,30,SEHHO-COBL,2,865570893680655834,300000,300000,600.0000000000002,0.0,2.2737367544323206e-13,17.692184485000325
E6_popsize_N60,cec2017,6,30,SEHHO-COBL,3,7644865385286194841,300000,300000,600.0000000000003,0.0,3.410605131648481e-13,17.568010632996447
E6_popsize_N60,cec2017,6,30,SEHHO-COBL,4,2368188190347197047,300000,300000,600.0001605815314,0.00016058153141784715,0.00016058153141784715,17.238137499021832
E6_popsize_N60,cec2017,6,30,SEHHO-COBL,5,5465663075186145466,300000,300000,600.0000000000002,0.0,2.2737367544323206e-13,17.823879022995243
E6_popsize_N60,cec2017,6,30,SEHHO-COBL,6,4966620719802626118,300000,300000,600.0000519129243,5.191292427753069e-05,5.191292427753069e-05,17.172658013994806
E6_popsize_N60,cec2017,6,30,SEHHO-COBL,7,6979278327809867576,300000,300000,600.0011835403033,0.0011835403032591785,0.0011835403032591785,17.08769864300848
E6_popsize_N60,cec2017,6,30,SEHHO-COBL,8,5072469717640726116,300000,300000,600.0000000000006,0.0,5.684341886080801e-13,17.68803098401986
E6_popsize_N60,cec2017,6,30,SEHHO-COBL,9,2181700226531863772,300000,300000,600.0002472889468,0.0002472889467526329,0.0002472889467526329,13.640480806003325
E6_popsize_N60,cec2017,6,30,SEHHO-COBL,10,464186610219317786,300000,300000,600.0000357370458,3.573704577775061e-05,3.573704577775061e-05,9.190906256000744
E6_popsize_N60,cec2017,6,30,SEHHO-COBL,11,5091860525254342500,300000,300000,600.0000876507546,8.765075460814842e-05,8.765075460814842e-05,9.873874670010991
E6_popsize_N60,cec2017,6,30,SEHHO-COBL,12,6182031342326154464,300000,300000,600.0001573525318,0.0001573525318008251,0.0001573525318008251,17.453892721998272
E6_popsize_N60,cec2017,6,30,SEHHO-COBL,13,7309034551217011035,300000,300000,600.0000000000002,0.0,2.2737367544323206e-13,17.32386801598477
E6_popsize_N60,cec2017,6,30,SEHHO-COBL,14,2104789339091097278,300000,300000,600.0002589246429,0.0002589246429351988,0.0002589246429351988,16.963310319988523
E6_popsize_N60,cec2017,6,30,SEHHO-COBL,15,8228587678069872506,300000,300000,600.0000000000002,0.0,2.2737367544323206e-13,17.17757840300328
E6_popsize_N60,cec2017,6,30,SEHHO-COBL,16,992314159993181217,300000,300000,600.0000000000002,0.0,2.2737367544323206e-13,12.925181992002763
E6_popsize_N60,cec2017,6,30,SEHHO-COBL,17,7658341666992413924,300000,300000,600.0064992017828,0.006499201782844466,0.006499201782844466,16.469558962009614
E6_popsize_N60,cec2017,6,30,SEHHO-COBL,18,263151513249694265,300000,300000,600.0002254303124,0.00022543031241184508,0.00022543031241184508,16.76655361900339
E6_popsize_N60,cec2017,6,30,SEHHO-COBL,19,740068514287572366,300000,300000,600.0000000000001,0.0,1.1368683772161603e-13,16.811716558004264
E6_popsize_N60,cec2017,6,30,SEHHO-COBL,20,9212327680526453717,300000,300000,600.0000000000005,0.0,4.547473508864641e-13,17.501886439014925
E6_popsize_N60,cec2017,6,30,SEHHO-COBL,21,4565090838925695755,300000,300000,600.0000005474942,5.474942099681357e-07,5.474942099681357e-07,17.50306982899201
E6_popsize_N60,cec2017,6,30,SEHHO-COBL,22,1772279519916226057,300000,300000,600.0000000000002,0.0,2.2737367544323206e-13,18.02754541201284
E6_popsize_N60,cec2017,6,30,SEHHO-COBL,23,9121344586826801784,300000,300000,600.0000010914947,1.0914947097262484e-06,1.0914947097262484e-06,17.47908499298501
E6_popsize_N60,cec2017,6,30,SEHHO-COBL,24,1672371154180713107,300000,300000,600.0000000000002,0.0,2.2737367544323206e-13,18.022409398981836
E6_popsize_N60,cec2017,6,30,SEHHO-COBL,25,5330409180853860297,300000,300000,600.0000000000002,0.0,2.2737367544323206e-13,18.018085609015543
E6_popsize_N60,cec2017,6,30,SEHHO-COBL,26,7982375306669677384,300000,300000,600.0177631675542,0.01776316755422158,0.01776316755422158,15.104408799001249
E6_popsize_N60,cec2017,6,30,SEHHO-COBL,27,3113326898406405429,300000,300000,600.0001933025018,0.00019330250177063135,0.00019330250177063135,11.506240226997761
E6_popsize_N60,cec2017,6,30,SEHHO-COBL,28,5586736296359259159,300000,300000,600.0000000000002,0.0,2.2737367544323206e-13,9.669352174998494
E6_popsize_N60,cec2017,6,30,SEHHO-COBL,29,624717885493746355,300000,300000,600.0000000000002,0.0,2.2737367544323206e-13,14.165959481004393
E6_popsize_N30,cec2017,4,30,SEHHO-COBL,0,2825836284523485198,300000,300000,458.56155730238527,58.56155730238527,58.56155730238527,16.969454303005477
E6_popsize_N30,cec2017,4,30,SEHHO-COBL,1,8101319457355131664,300000,300000,400.0000407922556,4.079225561781641e-05,4.079225561781641e-05,18.425693554978352
E6_popsize_N30,cec2017,4,30,SEHHO-COBL,2,7510948684629536454,300000,300000,464.1173950133551,64.11739501335512,64.11739501335512,16.397917540976778
E6_popsize_N30,cec2017,4,30,SEHHO-COBL,3,379487662954142152,300000,300000,403.98662406313167,3.9866240631316714,3.9866240631316714,19.309367174020736
E6_popsize_N30,cec2017,4,30,SEHHO-COBL,4,3219676004946132939,300000,300000,464.1173950133551,64.11739501335512,64.11739501335512,12.078908130002674
E6_popsize_N30,cec2017,4,30,SEHHO-COBL,5,3947884099225776198,300000,300000,403.98662386972256,3.986623869722564,3.986623869722564,18.38488441199297
E6_popsize_N30,cec2017,4,30,SEHHO-COBL,6,2704064578744688966,300000,300000,464.1173950133551,64.11739501335512,64.11739501335512,16.231061442987993
E6_popsize_N30,cec2017,4,30,SEHHO-COBL,7,8791192912805592553,300000,300000,464.11739501335524,64.11739501335524,64.11739501335524,16.224140742997406
E6_popsize_N30,cec2017,4,30,SEHHO-COBL,8,307614908076228407,300000,300000,400.0000000136096,1.3609621873911237e-08,1.3609621873911237e-08,18.993743425991852
E6_popsize_N30,cec2017,4,30,SEHHO-COBL,9,7624028565003610692,300000,300000,471.888972909608,71.88897290960801,71.88897290960801,15.575893561996054
E6_popsize_N30,cec2017,4,30,SEHHO-COBL,10,3704634568123412199,300000,300000,458.5615573023853,58.561557302385324,58.561557302385324,9.756001375004416
E6_popsize_N30,cec2017,4,30,SEHHO-COBL,11,5170891640860116251,300000,300000,400.00003319515594,3.319515593602773e-05,3.319515593602773e-05,15.123017942009028
E6_popsize_N30,cec2017,4,30,SEHHO-COBL,12,6167784497040913428,300000,300000,400.0000000061329,0.0,6.1328933043114375e-09,19.30288276198553
E6_popsize_N30,cec2017,4,30,SEHHO-COBL,13,3093439167587391455,300000,300000,403.9866238834771,3.9866238834770797,3.9866238834770797,18.66452758401283
E6_popsize_N30,cec2017,4,30,SEHHO-COBL,14,1750458663506766600,300000,300000,403.986623859562,3.9866238595619734,3.9866238595619734,16.65714934899006
E6_popsize_N30,cec2017,4,30,SEHHO-COBL,15,7883404919491451629,300000,300000,464.1173950133551,64.11739501335512,64.11739501335512,8.926468452002155
E6_popsize_N30,cec2017,4,30,SEHHO-COBL,16,2319428094518583099,300000,300000,458.5615573023853,58.561557302385324,58.561557302385324,15.966801294009201
E6_popsize_N30,cec2017,4,30,SEHHO-COBL,17,4411367634299567973,300000,300000,403.9866238956069,3.986623895606897,3.986623895606897,15.383495296991896
E6_popsize_N30,cec2017,4,30,SEHHO-COBL,18,2535919984240925996,300000,300000,403.98662401697965,3.986624016979647,3.986624016979647,19.182856469007675
E6_popsize_N30,cec2017,4,30,SEHHO-COBL,19,633119100278252817,300000,300000,458.56155730238527,58.56155730238527,58.56155730238527,9.978188733017305
E6_popsize_N30,cec2017,4,30,SEHHO-COBL,20,2363178092414819874,300000,300000,458.5615573023854,58.56155730238538,58.56155730238538,10.069024655997055
E6_popsize_N30,cec2017,4,30,SEHHO-COBL,21,3392716047765976429,300000,300000,403.9866312470521,3.9866312470521166,3.9866312470521166,18.223358562012436
E6_popsize_N30,cec2017,4,30,SEHHO-COBL,22,8291105752016199801,300000,300000,403.98662690899334,3.986626908993344,3.986626908993344,18.965535098017426
E6_popsize_N30,cec2017,4,30,SEHHO-COBL,23,551102499645508681,300000,300000,400.00000128017473,1.2801747288904153e-06,1.2801747288904153e-06,18.853098119987408
E6_popsize_N30,cec2017,4,30,SEHHO-COBL,24,8921425701527035675,300000,300000,464.1173950133551,64.11739501335512,64.11739501335512,16.6978403099929
E6_popsize_N30,cec2017,4,30,SEHHO-COBL,25,6644398678085830869,300000,300000,458.56155730238527,58.56155730238527,58.56155730238527,16.541295232018456
E6_popsize_N30,cec2017,4,30,SEHHO-COBL,26,7608807030492825361,300000,300000,464.1173950133551,64.11739501335512,64.11739501335512,16.71380831897841
E6_popsize_N30,cec2017,4,30,SEHHO-COBL,27,788018668217695271,300000,300000,458.5615573023854,58.56155730238538,58.56155730238538,9.523637951002456
E6_popsize_N30,cec2017,4,30,SEHHO-COBL,28,9060903471923303304,300000,300000,464.1173950133551,64.11739501335512,64.11739501335512,15.92980236801668
E6_popsize_N30,cec2017,4,30,SEHHO-COBL,29,4021561373375417376,300000,300000,403.9866238575664,3.9866238575664283,3.9866238575664283,18.662345622025896
E6_popsize_N30,cec2017,5,30,SEHHO-COBL,0,4978091708209780990,300000,300000,535.833185346971,35.83318534697105,35.83318534697105,17.23850552897784
E6_popsize_N30,cec2017,5,30,SEHHO-COBL,1,6314550127410564130,300000,300000,551.8263511814577,51.82635118145765,51.82635118145765,16.7588514329982
E6_popsize_N30,cec2017,5,30,SEHHO-COBL,2,8060013588629670907,300000,300000,530.248849050283,30.248849050282956,30.248849050282956,16.675648976990487
E6_popsize_N30,cec2017,5,30,SEHHO-COBL,3,2543560676270924490,300000,300000,531.8635755978087,31.863575597808676,31.863575597808676,16.800210466986755
E6_popsize_N30,cec2017,5,30,SEHHO-COBL,4,5904179439060904796,300000,300000,547.7795296759987,47.779529675998674,47.779529675998674,16.587816999002825
E6_popsize_N30,cec2017,5,30,SEHHO-COBL,5,848378541980108267,300000,300000,543.8125287799655,43.81252877996553,43.81252877996553,16.5990421329916
E6_popsize_N30,cec2017,5,30,SEHHO-COBL,6,6363599752969848811,300000,300000,530.8653585377491,30.865358537749103,30.865358537749103,14.243911577999825
E6_popsize_N30,cec2017,5,30,SEHHO-COBL,7,4104750317191452515,300000,300000,541.8106836253625,41.81068362536246,41.81068362536246,15.676052521012025
E6_popsize_N30,cec2017,5,30,SEHHO-COBL,8,3635920277295608087,300000,300000,541.8416839031439,41.84168390314392,41.84168390314392,16.960204483999405
E6_popsize_N30,cec2017,5,30,SEHHO-COBL,9,6323469129623547189,300000,300000,533.8687022096341,33.86870220963408,33.86870220963408,17.198579382995376
E6_popsize_N30,cec2017,5,30,SEHHO-COBL,10,8641597698656171974,300000,300000,530.8617570839759,30.86175708397593,30.86175708397593,17.12768544300343
E6_popsize_N30,cec2017,5,30,SEHHO-COBL,11,5303771108091701034,300000,300000,536.8676481788425,36.8676481788425,36.8676481788425,13.177050599973882
E6_popsize_N30,cec2017,5,30,SEHHO-COBL,12,2653088742769627756,300000,300000,529.8855721359006,29.88557213590059,29.88557213590059,9.11376539900084
E6_popsize_N30,cec2017,5,30,SEHHO-COBL,13,890708667720746181,300000,300000,553.8829003168194,53.88290031681936,53.88290031681936,9.30309628098621
E6_popsize_N30,cec2017,5,30,SEHHO-COBL,14,5272129681870853712,300000,300000,533.9059726785542,33.905972678554235,33.905972678554235,15.101778985990677
E6_popsize_N30,cec2017,5,30,SEHHO-COBL,15,1826029505758335073,300000,300000,545.8234494118303,45.823449411830325,45.823449411830325,15.648286271985853
E6_popsize_N30,cec2017,5,30,SEHHO-COBL,16,3008624791186703436,300000,300000,536.8898133444636,36.88981334446362,36.88981334446362,16.806868685001973
E6_popsize_N30,cec2017,5,30,SEHHO-COBL,17,6394221176003200044,300000,300000,543.8559753402873,43.85597534028727,43.85597534028727,16.75196770200273
E6_popsize_N30,cec2017,5,30,SEHHO-COBL,18,2744688080512326852,300000,300000,556.791262422571,56.79126242257098,56.79126242257098,16.763433648011414
E6_popsize_N30,cec2017,5,30,SEHHO-COBL,19,2398491850977071459,300000,300000,540.8680898637872,40.86808986378719,40.86808986378719,16.752547509007854
E6_popsize_N30,cec2017,5,30,SEHHO-COBL,20,895962833280328102,300000,300000,541.8878764644495,41.887876464449505,41.887876464449505,16.42155698899296
E6_popsize_N30,cec2017,5,30,SEHHO-COBL,21,80273643640022457,300000,300000,549.8041649099486,49.804164909948554,49.804164909948554,16.68875103199389
E6_popsize_N30,cec2017,5,30,SEHHO-COBL,22,7510054556302359879,300000,300000,547.846971646137,47.846971646137035,47.846971646137035,16.66655371899833
E6_popsize_N30,cec2017,5,30,SEHHO-COBL,23,1500200501969946663,300000,300000,540.8547742908822,40.85477429088223,40.85477429088223,16.813237850990845
E6_popsize_N30,cec2017,5,30,SEHHO-COBL,24,7804173483789490494,300000,300000,535.868040796904,35.86804079690398,35.86804079690398,16.745637419022387
E6_popsize_N30,cec2017,5,30,SEHHO-COBL,25,7831261639226345098,300000,300000,528.895767919362,28.895767919362015,28.895767919362015,16.80406167000183
E6_popsize_N30,cec2017,5,30,SEHHO-COBL,26,5196254050253054283,300000,300000,551.8158291257065,51.8158291257065,51.8158291257065,16.741995738993865
E6_popsize_N30,cec2017,5,30,SEHHO-COBL,27,4209938513821913900,300000,300000,545.8276204337268,45.82762043372679,45.82762043372679,16.676015614997596
E6_popsize_N30,cec2017,5,30,SEHHO-COBL,28,4769638646248702848,300000,300000,540.8941031943334,40.89410319433341,40.89410319433341,16.70415574501385
E6_popsize_N30,cec2017,5,30,SEHHO-COBL,29,6542121589818328694,300000,300000,540.827816935525,40.82781693552499,40.82781693552499,16.67299902701052
E6_popsize_N60,cec2017,11,30,SEHHO-COBL,0,4378242801736321634,300000,300000,1171.6366876495931,71.63668764959311,71.63668764959311,16.18895170101314
E6_popsize_N60,cec2017,11,30,SEHHO-COBL,1,8495132398121801059,300000,300000,1180.5980945174676,80.59809451746764,80.59809451746764,16.38354267901741
E6_popsize_N60,cec2017,11,30,SEHHO-COBL,2,4988144471636954772,300000,300000,1177.6125449276838,77.61254492768376,77.61254492768376,16.188856352993753
E6_popsize_N60,cec2017,11,30,SEHHO-COBL,3,4866286619647180320,300000,300000,1214.4262139502227,114.42621395022275,114.42621395022275,16.221503195003606
E6_popsize_N60,cec2017,11,30,SEHHO-COBL,4,4833836357130643229,300000,300000,1137.8083228972387,37.80832289723867,37.80832289723867,16.394270780991064
E6_popsize_N60,cec2017,11,30,SEHHO-COBL,5,7328136616968396754,300000,300000,1144.7729858278258,44.77298582782578,44.77298582782578,16.31467976901331
E6_popsize_N60,cec2017,11,30,SEHHO-COBL,6,5203877003289207476,300000,300000,1193.5252475169302,93.52524751693022,93.52524751693022,16.207566786004463
E6_popsize_N60,cec2017,11,30,SEHHO-COBL,7,5168043735042817417,300000,300000,1165.6735655832867,65.67356558328675,65.67356558328675,16.28484873700654
E6_popsize_N60,cec2017,11,30,SEHHO-COBL,8,734354780760131647,300000,300000,1144.773066797579,44.77306679757908,44.77306679757908,16.213862725009676
E6_popsize_N60,cec2017,11,30,SEHHO-COBL,9,3078397947633919098,300000,300000,1187.562797841483,87.56279784148296,87.56279784148296,16.250313533004373
E6_popsize_N60,cec2017,11,30,SEHHO-COBL,10,3885609796580185269,300000,300000,1187.5558048581552,87.55580485815517,87.55580485815517,16.26835148499231
E6_popsize_N60,cec2017,11,30,SEHHO-COBL,11,3709117404244542617,300000,300000,1147.76455101058,47.76455101057991,47.76455101057991,16.314382751996163
E6_popsize_N60,cec2017,11,30,SEHHO-COBL,12,3719173953721276574,300000,300000,1159.6972142746456,59.6972142746456,59.6972142746456,16.426498678018106
E6_popsize_N60,cec2017,11,30,SEHHO-COBL,13,8649166781293210257,300000,300000,1183.576115963724,83.57611596372408,83.57611596372408,16.325358388014138
E6_popsize_N60,cec2017,11,30,SEHHO-COBL,14,4284221549194982194,300000,300000,1155.7173830840914,55.71738308409135,55.71738308409135,16.44710798302549
E6_popsize_N60,cec2017,11,30,SEHHO-COBL,15,2771052400385563558,300000,300000,1193.532200106829,93.5322001068289,93.5322001068289,16.193551049014786
E6_popsize_N60,cec2017,11,30,SEHHO-COBL,16,1121614875263216702,300000,300000,1152.732510950634,52.73251095063392,52.73251095063392,16.32898169400869
E6_popsize_N60,cec2017,11,30,SEHHO-COBL,17,1119681530303040850,300000,300000,1174.6212942667476,74.62129426674755,74.62129426674755,16.260014869010774
E6_popsize_N60,cec2017,11,30,SEHHO-COBL,18,1400135024844601706,300000,300000,1133.8353221971768,33.835322197176765,33.835322197176765,16.311709507979685
E6_popsize_N60,cec2017,11,30,SEHHO-COBL,19,7873898879030066968,300000,300000,1246.2559585539757,146.2559585539757,146.2559585539757,16.22219438198954
E6_popsize_N60,cec2017,11,30,SEHHO-COBL,20,3190956327354890434,300000,300000,1192.8126426732906,92.81264267329061,92.81264267329061,16.145017729024403
E6_popsize_N60,cec2017,11,30,SEHHO-COBL,21,2140722411339196361,300000,300000,1220.6712427791126,120.67124277911262,120.67124277911262,15.228363108995836
E6_popsize_N60,cec2017,11,30,SEHHO-COBL,22,7185211728377508062,300000,300000,1225.6461957024922,125.64619570249215,125.64619570249215,15.46819171498646
E6_popsize_N60,cec2017,11,30,SEHHO-COBL,23,8905307048412405313,300000,300000,1216.6915336879651,116.69153368796515,116.69153368796515,15.411540247994708
E6_popsize_N60,cec2017,11,30,SEHHO-COBL,24,5059375490170653266,300000,300000,1191.5354515021497,91.53545150214973,91.53545150214973,15.630999079003232
E6_popsize_N60,cec2017,11,30,SEHHO-COBL,25,4626790844036727341,300000,300000,1173.6334671253885,73.6334671253885,73.6334671253885,15.64812608200009
E6_popsize_N60,cec2017,11,30,SEHHO-COBL,26,1998201570631748001,300000,300000,1214.7016408083118,114.70164080831182,114.70164080831182,15.41166110499762
E6_popsize_N60,cec2017,11,30,SEHHO-COBL,27,2522994416032141342,300000,300000,1167.6637836315085,67.66378363150852,67.66378363150852,15.600356844981434
E6_popsize_N60,cec2017,11,30,SEHHO-COBL,28,4891707757346662722,300000,300000,1166.6618974019468,66.66189740194682,66.66189740194682,15.618218968011206
E6_popsize_N60,cec2017,11,30,SEHHO-COBL,29,7904522194416792962,300000,300000,1167.6637228584668,67.66372285846683,67.66372285846683,15.652286955999443
E6_popsize_N30,cec2017,25,30,SEHHO-COBL,0,7435140090553376167,300000,300000,2888.5408329964175,388.5408329964175,388.5408329964175,16.398182297998574
E6_popsize_N30,cec2017,25,30,SEHHO-COBL,1,2962378395804423054,300000,300000,2941.767242613516,441.7672426135159,441.7672426135159,14.682330512994668
E6_popsize_N30,cec2017,25,30,SEHHO-COBL,2,4445674944106777832,300000,300000,2888.162772775106,388.1627727751061,388.1627727751061,12.424736159999156
E6_popsize_N30,cec2017,25,30,SEHHO-COBL,3,2928211396487701390,300000,300000,2887.59047413593,387.59047413593,387.59047413593,19.681929807993583
E6_popsize_N30,cec2017,25,30,SEHHO-COBL,4,6614974675082993794,300000,300000,2889.1354812990894,389.1354812990894,389.1354812990894,19.73600905999774
E6_popsize_N30,cec2017,25,30,SEHHO-COBL,5,6166437314836020669,300000,300000,2888.7370478418416,388.73704784184156,388.73704784184156,11.405997288995422
E6_popsize_N30,cec2017,25,30,SEHHO-COBL,6,1597723302030574399,300000,300000,2887.09285155331,387.0928515533101,387.0928515533101,10.649227852001786
E6_popsize_N30,cec2017,25,30,SEHHO-COBL,7,1977071389630384128,300000,300000,2887.16505460818,387.16505460818007,387.16505460818007,14.052042135997908
E6_popsize_N30,cec2017,25,30,SEHHO-COBL,8,5886954820728751988,300000,300000,2889.421815581035,389.42181558103493,389.42181558103493,19.75217307699495
E6_popsize_N30,cec2017,25,30,SEHHO-COBL,9,7916463760930002409,300000,300000,2887.4008487140645,387.4008487140645,387.4008487140645,19.761914116999833
E6_popsize_N30,cec2017,25,30,SEHHO-COBL,10,6823513823299906896,300000,300000,2887.9520205604795,387.95202056047947,387.95202056047947,19.782425899000373
E6_popsize_N30,cec2017,25,30,SEHHO-COBL,11,76942770269251685,300000,300000,2887.3089725462823,387.30897254628235,387.30897254628235,19.807558918982977
E6_popsize_N30,cec2017,25,30,SEHHO-COBL,12,6719635215758121562,300000,300000,2886.972662783048,386.9726627830478,386.9726627830478,19.88131047898787
E6_popsize_N30,cec2017,25,30,SEHHO-COBL,13,3604858519413819105,300000,300000,2888.0569088645652,388.05690886456523,388.05690886456523,19.68219759000931
E6_popsize_N30,cec2017,25,30,SEHHO-COBL,14,987549234131914151,300000,300000,2886.9686679442193,386.9686679442193,386.9686679442193,19.6762710440089
E6_popsize_N30,cec2017,25,30,SEHHO-COBL,15,828753774498175882,300000,300000,2888.167562095108,388.1675620951082,388.1675620951082,19.79962506800075
E6_popsize_N30,cec2017,25,30,SEHHO-COBL,16,6596998822954445728,300000,300000,2888.107505364048,388.10750536404794,388.10750536404794,19.744557482976234
E6_popsize_N30,cec2017,25,30,SEHHO-COBL,17,8879224902701087440,300000,300000,2887.5196253786517,387.51962537865165,387.51962537865165,19.025501091004116
E6_popsize_N30,cec2017,25,30,SEHHO-COBL,18,1024811921668732773,300000,300000,2887.680105096615,387.6801050966151,387.6801050966151,16.88381163001759
E6_popsize_N30,cec2017,25,30,SEHHO-COBL,19,437485222083071043,300000,300000,2883.64956141309,383.64956141308994,383.64956141308994,10.589520194014767
E6_popsize_N30,cec2017,25,30,SEHHO-COBL,20,1397518009258706739,300000,300000,2883.595151193367,383.5951511933672,383.5951511933672,14.31605922000017
E6_popsize_N30,cec2017,25,30,SEHHO-COBL,21,3773143509319010832,300000,300000,2888.012730336676,388.0127303366762,388.0127303366762,11.395753996999701
E6_popsize_N30,cec2017,25,30,SEHHO-COBL,22,7017424384311270913,300000,300000,2887.552946458547,387.552946458547,387.552946458547,15.105628215998877
E6_popsize_N30,cec2017,25,30,SEHHO-COBL,23,7220786314715030949,300000,300000,2888.54129576123,388.5412957612298,388.5412957612298,10.368101879023015
E6_popsize_N30,cec2017,25,30,SEHHO-COBL,24,8872967894584155816,300000,300000,2889.044212124155,389.0442121241549,389.0442121241549,10.320924392988672
E6_popsize_N30,cec2017,25,30,SEHHO-COBL,25,7105118520898809855,300000,300000,2888.799516685105,388.7995166851051,388.7995166851051,11.687669497012394
E6_popsize_N30,cec2017,25,30,SEHHO-COBL,26,3456259084003183373,300000,300000,2888.0255638685358,388.02556386853576,388.02556386853576,18.383495708025293
E6_popsize_N30,cec2017,25,30,SEHHO-COBL,27,3173562295892975978,300000,300000,2888.6218265158527,388.6218265158527,388.6218265158527,17.83441261999542
E6_popsize_N30,cec2017,25,30,SEHHO-COBL,28,133750577664113955,300000,300000,2887.6152918623848,387.61529186238477,387.61529186238477,17.952259915997274
E6_popsize_N30,cec2017,25,30,SEHHO-COBL,29,6492046319248896517,300000,300000,2887.180809946274,387.18080994627417,387.18080994627417,14.90253662399482
E6_popsize_N30,cec2017,16,30,SEHHO-COBL,0,12781977267578523,300000,300000,2250.1843660534805,650.1843660534805,650.1843660534805,12.196617647015955
E6_popsize_N30,cec2017,16,30,SEHHO-COBL,1,499493407508565229,300000,300000,1984.6041900063249,384.60419000632487,384.60419000632487,17.56214109400753
E6_popsize_N30,cec2017,16,30,SEHHO-COBL,2,3729975329477447034,300000,300000,2189.9070447858753,589.9070447858753,589.9070447858753,17.130978650006
E6_popsize_N30,cec2017,16,30,SEHHO-COBL,3,4750159723326829141,300000,300000,2302.9709087309293,702.9709087309293,702.9709087309293,14.482959460001439
E6_popsize_N30,cec2017,16,30,SEHHO-COBL,4,7080988314348640268,300000,300000,2170.023402049254,570.023402049254,570.023402049254,9.818091101013124
E6_popsize_N30,cec2017,16,30,SEHHO-COBL,5,2143442312659147545,300000,300000,1879.1148838736558,279.1148838736558,279.1148838736558,9.509625138016418
E6_popsize_N30,cec2017,16,30,SEHHO-COBL,6,4350742770771814992,300000,300000,2067.104201981613,467.1042019816132,467.1042019816132,16.568638376978924
E6_popsize_N30,cec2017,16,30,SEHHO-COBL,7,3294740456356915244,300000,300000,2122.6644978928257,522.6644978928257,522.6644978928257,17.151135677006096
E6_popsize_N30,cec2017,16,30,SEHHO-COBL,8,2437028576661079051,300000,300000,2276.5108284070543,676.5108284070543,676.5108284070543,16.93061147799017
E6_popsize_N30,cec2017,16,30,SEHHO-COBL,9,3096707887413796360,300000,300000,1924.7644474199296,324.76444741992964,324.76444741992964,17.012442762003047
E6_popsize_N30,cec2017,16,30,SEHHO-COBL,10,4734956409210260467,300000,300000,2156.548522168772,556.5485221687718,556.5485221687718,17.095858227985445
E6_popsize_N30,cec2017,16,30,SEHHO-COBL,11,2114942997433103758,300000,300000,2076.8980047429322,476.89800474293224,476.89800474293224,17.13380077399779
E6_popsize_N30,cec2017,16,30,SEHHO-COBL,12,1355766938104514545,300000,300000,1985.650001031213,385.6500010312129,385.6500010312129,16.858513912011404
E6_popsize_N30,cec2017,16,30,SEHHO-COBL,13,431315562533993919,300000,300000,2024.5006006061685,424.5006006061685,424.5006006061685,17.848846342007164
E6_popsize_N30,cec2017,16,30,SEHHO-COBL,14,7455569217568771918,300000,300000,2069.5495431725344,469.5495431725344,469.5495431725344,14.507201077998616
E6_popsize_N30,cec2017,16,30,SEHHO-COBL,15,454930065371069387,300000,300000,2161.8114828367416,561.8114828367416,561.8114828367416,17.295201017986983
E6_popsize_N30,cec2017,16,30,SEHHO-COBL,16,7787843878825975557,300000,300000,2219.647907299631,619.6479072996308,619.6479072996308,17.684017998020863
E6_popsize_N30,cec2017,16,30,SEHHO-COBL,17,2992948101398168054,300000,300000,2321.9263445003544,721.9263445003544,721.9263445003544,17.467614959023194
E6_popsize_N30,cec2017,16,30,SEHHO-COBL,18,7010226784971592422,300000,300000,2083.706243022837,483.70624302283704,483.70624302283704,17.384090570005355
E6_popsize_N30,cec2017,16,30,SEHHO-COBL,19,3658045852819173153,300000,300000,2085.347697047367,485.3476970473671,485.3476970473671,17.318504726019455
E6_popsize_N30,cec2017,16,30,SEHHO-COBL,20,3356020046533134229,300000,300000,2309.961593135977,709.9615931359772,709.9615931359772,16.55641318700509
E6_popsize_N30,cec2017,16,30,SEHHO-COBL,21,4976212616750436699,300000,300000,2357.648458987091,757.6484589870911,757.6484589870911,11.588179131998913
E6_popsize_N30,cec2017,16,30,SEHHO-COBL,22,6909273633109051982,300000,300000,1893.2319957346053,293.23199573460533,293.23199573460533,16.789996017992962
E6_popsize_N30,cec2017,16,30,SEHHO-COBL,23,4670912896964196194,300000,300000,2211.4625506448483,611.4625506448483,611.4625506448483,17.804532957001356
E6_popsize_N30,cec2017,16,30,SEHHO-COBL,24,2516762945771419564,300000,300000,2057.3467399717824,457.3467399717824,457.3467399717824,16.72093957499601
E6_popsize_N30,cec2017,16,30,SEHHO-COBL,25,6612274021717346870,300000,300000,2004.3563614682257,404.3563614682257,404.3563614682257,17.904929092008388
E6_popsize_N30,cec2017,16,30,SEHHO-COBL,26,6563864855983664500,300000,300000,2091.945121186739,491.945121186739,491.945121186739,17.853208463988267
E6_popsize_N30,cec2017,16,30,SEHHO-COBL,27,6137854398175285453,300000,300000,2157.8743365972896,557.8743365972896,557.8743365972896,17.213861967000412
E6_popsize_N30,cec2017,16,30,SEHHO-COBL,28,8534603848668851118,300000,300000,2220.012016091364,620.0120160913639,620.0120160913639,17.33076571399579
E6_popsize_N30,cec2017,16,30,SEHHO-COBL,29,3039992982601031387,300000,300000,2258.561537971844,658.5615379718438,658.5615379718438,17.316129832004663
E6_popsize_N30,cec2017,20,30,SEHHO-COBL,0,3262298741816437509,300000,300000,2039.8704094332338,39.87040943323382,39.87040943323382,16.94750219900743
E6_popsize_N30,cec2017,20,30,SEHHO-COBL,1,5231016471676168650,300000,300000,2174.5511117162887,174.5511117162887,174.5511117162887,11.221123116993112
E6_popsize_N30,cec2017,20,30,SEHHO-COBL,2,499662894560811229,300000,300000,2153.017369480309,153.01736948030884,153.01736948030884,10.787545052007772
E6_popsize_N30,cec2017,20,30,SEHHO-COBL,3,3086641051390234017,300000,300000,2167.274324717065,167.27432471706516,167.27432471706516,17.854017161007505
E6_popsize_N30,cec2017,20,30,SEHHO-COBL,4,302523757034595757,300000,300000,2249.186187262332,249.18618726233217,249.18618726233217,12.950285516999429
E6_popsize_N30,cec2017,20,30,SEHHO-COBL,5,5819172015829406634,300000,300000,2189.307710722049,189.3077107220488,189.3077107220488,16.277312983991578
E6_popsize_N30,cec2017,20,30,SEHHO-COBL,6,790992484723493443,300000,300000,2063.4547172245875,63.45471722458751,63.45471722458751,19.27266133899684
E6_popsize_N30,cec2017,20,30,SEHHO-COBL,7,5761345239437190277,300000,300000,2149.646844627487,149.6468446274871,149.6468446274871,18.627610783005366
E6_popsize_N30,cec2017,20,30,SEHHO-COBL,8,6631710997599832751,300000,300000,2191.457649714131,191.4576497141311,191.4576497141311,14.257444590999512
E6_popsize_N30,cec2017,20,30,SEHHO-COBL,9,7436293077174379993,300000,300000,2177.438579098376,177.43857909837607,177.43857909837607,17.38130758999614
E6_popsize_N30,cec2017,20,30,SEHHO-COBL,10,5288083705015735793,300000,300000,2203.1665733625864,203.1665733625864,203.1665733625864,14.883248768019257
E6_popsize_N30,cec2017,20,30,SEHHO-COBL,11,1226714047414513835,300000,300000,2295.028978925773,295.0289789257731,295.0289789257731,15.070413946988992
E6_popsize_N30,cec2017,20,30,SEHHO-COBL,12,1765133439913365323,300000,300000,2186.4159720465514,186.41597204655136,186.41597204655136,12.80100824998226
E6_popsize_N30,cec2017,20,30,SEHHO-COBL,13,3357201826659174407,300000,300000,2423.6752250240997,423.67522502409975,423.67522502409975,19.07642388198292
E6_popsize_N30,cec2017,20,30,SEHHO-COBL,14,5865295649276313192,300000,300000,2134.2755029686323,134.27550296863228,134.27550296863228,19.059498968010303
E6_popsize_N30,cec2017,20,30,SEHHO-COBL,15,8607515064745378448,300000,300000,2078.528913344388,78.528913344388,78.528913344388,18.890622671024175
E6_popsize_N30,cec2017,20,30,SEHHO-COBL,16,5571187335385315716,300000,300000,2193.7678193617166,193.76781936171665,193.76781936171665,19.133693839015905
E6_popsize_N30,cec2017,20,30,SEHHO-COBL,17,7074827305261415537,300000,300000,2263.435405047804,263.4354050478041,263.4354050478041,19.092145750997588
E6_popsize_N30,cec2017,20,30,SEHHO-COBL,18,3476554378091148018,300000,300000,2164.5805630353184,164.5805630353184,164.5805630353184,19.085201014997438
E6_popsize_N30,cec2017,20,30,SEHHO-COBL,19,3577933619110938612,300000,300000,2255.4239052677635,255.42390526776353,255.42390526776353,14.55102418398019
E6_popsize_N30,cec2017,20,30,SEHHO-COBL,20,2840891400297513623,300000,300000,2210.9856626574683,210.9856626574683,210.9856626574683,17.536913927004207
E6_popsize_N30,cec2017,20,30,SEHHO-COBL,21,8494873240148937177,300000,300000,2060.0449009225417,60.04490092254173,60.04490092254173,14.413378251978429
E6_popsize_N30,cec2017,20,30,SEHHO-COBL,22,2026229454543112782,300000,300000,2052.4899357942795,52.48993579427952,52.48993579427952,16.896160502015846
E6_popsize_N30,cec2017,20,30,SEHHO-COBL,23,8474250790781359333,300000,300000,2262.3644193785303,262.36441937853033,262.36441937853033,18.612171646003844
E6_popsize_N30,cec2017,20,30,SEHHO-COBL,24,6885426682769517969,300000,300000,2061.9051652690705,61.905165269070494,61.905165269070494,19.54606295400299
E6_popsize_N30,cec2017,20,30,SEHHO-COBL,25,6261158856786844844,300000,300000,2212.610867477181,212.61086747718082,212.61086747718082,19.54857436500606
E6_popsize_N30,cec2017,20,30,SEHHO-COBL,26,2608592244176753354,300000,300000,2289.348364817287,289.3483648172869,289.3483648172869,19.45900135001284
E6_popsize_N30,cec2017,20,30,SEHHO-COBL,27,7316915046219904721,300000,300000,2135.2389589539084,135.23895895390842,135.23895895390842,15.824679808982182
E6_popsize_N30,cec2017,20,30,SEHHO-COBL,28,7424902024004781716,300000,300000,2290.2839571088716,290.2839571088716,290.2839571088716,13.868465297011426
E6_popsize_N30,cec2017,20,30,SEHHO-COBL,29,6219620054195502435,300000,300000,2184.270376215698,184.27037621569798,184.27037621569798,10.639967192983022
E6_popsize_N30,cec2017,7,30,SEHHO-COBL,0,3900709665574608885,300000,300000,768.3829546500233,68.3829546500233,68.3829546500233,17.218170347012347
E6_popsize_N30,cec2017,7,30,SEHHO-COBL,1,8026998325244411403,300000,300000,784.9555600703534,84.95556007035339,84.95556007035339,17.193203580012778
E6_popsize_N30,cec2017,7,30,SEHHO-COBL,2,4525849352926357474,300000,300000,761.6444675634384,61.64446756343841,61.64446756343841,17.177702075015986
E6_popsize_N30,cec2017,7,30,SEHHO-COBL,3,3942186583253493406,300000,300000,773.4531786241148,73.4531786241148,73.4531786241148,17.163103483995656
E6_popsize_N30,cec2017,7,30,SEHHO-COBL,4,4759734321295691169,300000,300000,775.2222383372019,75.22223833720193,75.22223833720193,17.219393973005936
E6_popsize_N30,cec2017,7,30,SEHHO-COBL,5,8590712270637136659,300000,300000,757.2815934924573,57.28159349245732,57.28159349245732,17.315111452015117
E6_popsize_N30,cec2017,7,30,SEHHO-COBL,6,5532732289375258942,300000,300000,766.6162151632461,66.61621516324612,66.61621516324612,17.161822730995482
E6_popsize_N30,cec2017,7,30,SEHHO-COBL,7,911941325007917883,300000,300000,781.3810857797056,81.38108577970559,81.38108577970559,17.208549803995993
E6_popsize_N30,cec2017,7,30,SEHHO-COBL,8,7188841730804021234,300000,300000,782.5720444060615,82.57204440606154,82.57204440606154,17.181945955002448
E6_popsize_N30,cec2017,7,30,SEHHO-COBL,9,8483648299125753197,300000,300000,766.9035373779972,66.90353737799717,66.90353737799717,17.220005951006897
E6_popsize_N30,cec2017,7,30,SEHHO-COBL,10,4330983149452723673,300000,300000,767.0708314879954,67.0708314879954,67.0708314879954,17.244649984000716
E6_popsize_N30,cec2017,7,30,SEHHO-COBL,11,5481076190730235911,300000,300000,788.9481865564745,88.94818655647452,88.94818655647452,17.258231457002694
E6_popsize_N30,cec2017,7,30,SEHHO-COBL,12,8271902956065936988,300000,300000,768.9995458030753,68.9995458030753,68.9995458030753,17.23016615799861
E6_popsize_N30,cec2017,7,30,SEHHO-COBL,13,8690086800397974199,300000,300000,764.0533037530486,64.05330375304857,64.05330375304857,17.141844469995704
E6_popsize_N30,cec2017,7,30,SEHHO-COBL,14,7766763331958479660,300000,300000,771.1008648545869,71.10086485458692,71.10086485458692,17.155283467000118
E6_popsize_N30,cec2017,7,30,SEHHO-COBL,15,6302968926809271070,300000,300000,781.0737527809405,81.07375278094048,81.07375278094048,17.132074334978824
E6_popsize_N30,cec2017,7,30,SEHHO-COBL,16,3840863008822828818,300000,300000,762.1882846182909,62.188284618290936,62.188284618290936,17.142384052014677
E6_popsize_N30,cec2017,7,30,SEHHO-COBL,17,78681246312727077,300000,300000,774.6550708065874,74.65507080658745,74.65507080658745,17.14790280300076
E6_popsize_N30,cec2017,7,30,SEHHO-COBL,18,3051519821192213300,300000,300000,769.6174546163969,69.61745461639691,69.61745461639691,17.14663438400021
E6_popsize_N30,cec2017,7,30,SEHHO-COBL,19,3135488697252620059,300000,300000,755.1403878600147,55.1403878600147,55.1403878600147,16.733000766980695
E6_popsize_N30,cec2017,7,30,SEHHO-COBL,20,2541009048479882483,300000,300000,777.8041582186243,77.80415821862425,77.80415821862425,16.02977392601315
E6_popsize_N30,cec2017,7,30,SEHHO-COBL,21,3236210342561391463,300000,300000,784.3285612634106,84.32856126341062,84.32856126341062,17.08854244602844
E6_popsize_N30,cec2017,7,30,SEHHO-COBL,22,4783204777465422122,300000,300000,769.5712694859758,69.57126948597579,69.57126948597579,17.15110344599816
E6_popsize_N30,cec2017,7,30,SEHHO-COBL,23,2276078037013690848,300000,300000,770.6116673007433,70.6116673007433,70.6116673007433,13.70092536698212
E6_popsize_N30,cec2017,7,30,SEHHO-COBL,24,3120889925775554242,300000,300000,767.6172867742073,67.61728677420729,67.61728677420729,16.555362666986184
E6_popsize_N30,cec2017,7,30,SEHHO-COBL,25,6569769747693713423,300000,300000,771.186967429806,71.18696742980603,71.18696742980603,17.044845758005977
E6_popsize_N30,cec2017,7,30,SEHHO-COBL,26,5002717926199046752,300000,300000,771.3718311929214,71.37183119292138,71.37183119292138,17.09015962900594
E6_popsize_N30,cec2017,7,30,SEHHO-COBL,27,7806364459845582252,300000,300000,769.389160905589,69.38916090558905,69.38916090558905,15.311728811007924
E6_popsize_N30,cec2017,7,30,SEHHO-COBL,28,2355748364827286637,300000,300000,766.202099928194,66.202099928194,66.202099928194,14.455870381003479
E6_popsize_N30,cec2017,7,30,SEHHO-COBL,29,6380985543378503034,300000,300000,778.8785031593285,78.87850315932849,78.87850315932849,15.860532484977739
E6_popsize_N30,cec2017,29,30,SEHHO-COBL,0,563561933159358695,300000,300000,3570.6795192090904,670.6795192090904,670.6795192090904,17.136582711013034
E6_popsize_N30,cec2017,29,30,SEHHO-COBL,1,567481240250531437,300000,300000,3343.974671907467,443.9746719074669,443.9746719074669,15.944157101999735
E6_popsize_N30,cec2017,29,30,SEHHO-COBL,2,8007047880493380605,300000,300000,3294.4840795404125,394.4840795404125,394.4840795404125,14.509431321988814
E6_popsize_N30,cec2017,29,30,SEHHO-COBL,3,3557746543093613055,300000,300000,3383.3662950957387,483.3662950957387,483.3662950957387,11.554361702990718
E6_popsize_N30,cec2017,29,30,SEHHO-COBL,4,876903234687187273,300000,300000,3399.6574440583336,499.65744405833357,499.65744405833357,17.107666194991907
E6_popsize_N30,cec2017,29,30,SEHHO-COBL,5,1202557583822971052,300000,300000,3464.6379939006047,564.6379939006047,564.6379939006047,15.164304339996306
E6_popsize_N30,cec2017,29,30,SEHHO-COBL,6,462430180191783529,300000,300000,3462.109711420343,562.109711420343,562.109711420343,16.41991446900647
E6_popsize_N30,cec2017,29,30,SEHHO-COBL,7,3511548251282559873,300000,300000,3502.6496408140556,602.6496408140556,602.6496408140556,17.959859449008945
E6_popsize_N30,cec2017,29,30,SEHHO-COBL,8,8387534252872814410,300000,300000,3571.3916131396772,671.3916131396772,671.3916131396772,13.710440873983316
E6_popsize_N30,cec2017,29,30,SEHHO-COBL,9,1650120600313824438,300000,300000,3389.338882808032,489.33888280803194,489.33888280803194,13.286387222993653
E6_popsize_N30,cec2017,29,30,SEHHO-COBL,10,5554028761103442623,300000,300000,3363.9512613224565,463.9512613224565,463.9512613224565,12.894608747999882
E6_popsize_N30,cec2017,29,30,SEHHO-COBL,11,7312813038510534536,300000,300000,3528.5554833738047,628.5554833738047,628.5554833738047,20.328420044010272
E6_popsize_N30,cec2017,29,30,SEHHO-COBL,12,3022792957518028308,300000,300000,3563.432322804968,663.432322804968,663.432322804968,17.302184725995176
E6_popsize_N30,cec2017,29,30,SEHHO-COBL,13,8366227632978306868,300000,300000,3372.392178732154,472.3921787321542,472.3921787321542,21.15935600802186
E6_popsize_N30,cec2017,29,30,SEHHO-COBL,14,6371344903414352231,300000,300000,3440.1626116465354,540.1626116465354,540.1626116465354,13.15357805500389
E6_popsize_N30,cec2017,29,30,SEHHO-COBL,15,2280781890841449393,300000,300000,3449.5200516125374,549.5200516125374,549.5200516125374,20.474208314990392
E6_popsize_N30,cec2017,29,30,SEHHO-COBL,16,6025175650187271407,300000,300000,3515.188574113195,615.188574113195,615.188574113195,20.706225900998106
E6_popsize_N30,cec2017,29,30,SEHHO-COBL,17,2936157957873386356,300000,300000,3539.980484117599,639.9804841175992,639.9804841175992,15.734497640980408
E6_popsize_N30,cec2017,29,30,SEHHO-COBL,18,2293423466712622705,300000,300000,3552.8559602214023,652.8559602214023,652.8559602214023,21.05829058800009
E6_popsize_N30,cec2017,29,30,SEHHO-COBL,19,32977945169525505,300000,300000,3512.0680329767747,612.0680329767747,612.0680329767747,21.096712924016174
E6_popsize_N30,cec2017,29,30,SEHHO-COBL,20,4035253160250721010,300000,300000,3435.706029118559,535.706029118559,535.706029118559,19.867503982997732
E6_popsize_N30,cec2017,29,30,SEHHO-COBL,21,897017759020846035,300000,300000,3433.415571770568,533.415571770568,533.415571770568,20.228517314011697
E6_popsize_N30,cec2017,29,30,SEHHO-COBL,22,3972611495926710687,300000,300000,3488.946753910474,588.946753910474,588.946753910474,14.510808393999469
E6_popsize_N30,cec2017,29,30,SEHHO-COBL,23,1156593155744536047,300000,300000,3421.5412027865536,521.5412027865536,521.5412027865536,19.592372983985115
E6_popsize_N30,cec2017,29,30,SEHHO-COBL,24,763931874434980137,300000,300000,3474.9650057264535,574.9650057264535,574.9650057264535,21.046869797020918
E6_popsize_N30,cec2017,29,30,SEHHO-COBL,25,4949864189861555759,300000,300000,3424.1660221728634,524.1660221728634,524.1660221728634,11.454973449988756
E6_popsize_N30,cec2017,29,30,SEHHO-COBL,26,7490258998677579707,300000,300000,3423.683957157447,523.6839571574469,523.6839571574469,18.265959174983436
E6_popsize_N30,cec2017,29,30,SEHHO-COBL,27,3660762699293259696,300000,300000,3522.8858048738616,622.8858048738616,622.8858048738616,17.251871226995718
E6_popsize_N30,cec2017,29,30,SEHHO-COBL,28,8706972183921373646,300000,300000,3567.8917248347666,667.8917248347666,667.8917248347666,20.990536547993543
E6_popsize_N30,cec2017,29,30,SEHHO-COBL,29,5582168653155718262,300000,300000,3484.1730995667995,584.1730995667995,584.1730995667995,18.962031236005714
E6_popsize_N30,cec2017,13,30,SEHHO-COBL,0,3126476029952864034,300000,300000,2463.1542761302753,1163.1542761302753,1163.1542761302753,17.385271634993842
E6_popsize_N30,cec2017,13,30,SEHHO-COBL,1,3221150094267240497,300000,300000,2301.470534892892,1001.4705348928919,1001.4705348928919,18.894091497000773
E6_popsize_N30,cec2017,13,30,SEHHO-COBL,2,7342967503019415540,300000,300000,3061.3948560593553,1761.3948560593553,1761.3948560593553,18.737790797982598
E6_popsize_N30,cec2017,13,30,SEHHO-COBL,3,348959293265587786,300000,300000,1605.7292428986939,305.7292428986939,305.7292428986939,18.720456955983536
E6_popsize_N30,cec2017,13,30,SEHHO-COBL,4,3957241169074359594,300000,300000,2486.6278728589823,1186.6278728589823,1186.6278728589823,18.39538596899365
E6_popsize_N30,cec2017,13,30,SEHHO-COBL,5,7982574690618158646,300000,300000,1335.9801694918349,35.980169491834886,35.980169491834886,18.027023744012695
E6_popsize_N30,cec2017,13,30,SEHHO-COBL,6,5564932519322930441,300000,300000,3001.1789997073597,1701.1789997073597,1701.1789997073597,18.257271891023265
E6_popsize_N30,cec2017,13,30,SEHHO-COBL,7,4041994267770723048,300000,300000,1711.863606321078,411.8636063210779,411.8636063210779,18.402005915995687
E6_popsize_N30,cec2017,13,30,SEHHO-COBL,8,5402761938025013316,300000,300000,12851.385446745224,11551.385446745224,11551.385446745224,17.945446727011586
E6_popsize_N30,cec2017,13,30,SEHHO-COBL,9,16926191695720856,300000,300000,1851.1699050638526,551.1699050638526,551.1699050638526,18.75363560699043
E6_popsize_N30,cec2017,13,30,SEHHO-COBL,10,6484246742445253597,300000,300000,1521.925416355361,221.925416355361,221.925416355361,18.217284398997435
E6_popsize_N30,cec2017,13,30,SEHHO-COBL,11,6887854247934232885,300000,300000,2663.70594878473,1363.70594878473,1363.70594878473,18.331573371979175
E6_popsize_N30,cec2017,13,30,SEHHO-COBL,12,1746959796607032171,300000,300000,2318.025158483433,1018.0251584834332,1018.0251584834332,18.6579136599903
E6_popsize_N30,cec2017,13,30,SEHHO-COBL,13,1837665718000621329,300000,300000,1567.0858558778677,267.08585587786774,267.08585587786774,18.562170914025046
E6_popsize_N30,cec2017,13,30,SEHHO-COBL,14,3063016054243642977,300000,300000,1501.0308022115726,201.03080221157256,201.03080221157256,16.208096910995664
E6_popsize_N30,cec2017,13,30,SEHHO-COBL,15,1800795368273878003,300000,300000,1945.6972004971421,645.6972004971421,645.6972004971421,10.804533635993721
E6_popsize_N30,cec2017,13,30,SEHHO-COBL,16,7213537923595680856,300000,300000,1496.5605768562577,196.56057685625774,196.56057685625774,14.104188072000397
E6_popsize_N30,cec2017,13,30,SEHHO-COBL,17,3255446578006215850,300000,300000,1346.9304378820025,46.93043788200248,46.93043788200248,10.231026648980333
E6_popsize_N30,cec2017,13,30,SEHHO-COBL,18,7140639468044688527,300000,300000,2538.830130836762,1238.8301308367618,1238.8301308367618,14.579127914999845
E6_popsize_N30,cec2017,13,30,SEHHO-COBL,19,1187868836876916121,300000,300000,2268.982151820248,968.982151820248,968.982151820248,17.889766331994906
E6_popsize_N30,cec2017,13,30,SEHHO-COBL,20,1798692593115179495,300000,300000,1811.0483803107552,511.0483803107552,511.0483803107552,18.81435231701471
E6_popsize_N30,cec2017,13,30,SEHHO-COBL,21,714865840169757415,300000,300000,1464.0111851825382,164.01118518253816,164.01118518253816,18.126579973002663
E6_popsize_N30,cec2017,13,30,SEHHO-COBL,22,5668062165465204476,300000,300000,1426.9490785400774,126.94907854007738,126.94907854007738,18.8645838330267
E6_popsize_N30,cec2017,13,30,SEHHO-COBL,23,5138878950962916768,300000,300000,1395.9352112646272,95.93521126462724,95.93521126462724,18.41307575898827
E6_popsize_N30,cec2017,13,30,SEHHO-COBL,24,5442653197421882714,300000,300000,1401.386465122114,101.38646512211403,101.38646512211403,18.123547524999594
E6_popsize_N30,cec2017,13,30,SEHHO-COBL,25,4026647681034654350,300000,300000,1711.0965472080807,411.09654720808066,411.09654720808066,18.846385429991642
E6_popsize_N30,cec2017,13,30,SEHHO-COBL,26,6727345043268250185,300000,300000,3707.802692601771,2407.802692601771,2407.802692601771,17.910092114994768
E6_popsize_N30,cec2017,13,30,SEHHO-COBL,27,4979980254004405778,300000,300000,2071.8386196662095,771.8386196662095,771.8386196662095,15.329627792001702
E6_popsize_N30,cec2017,13,30,SEHHO-COBL,28,4383734922560927736,300000,300000,1766.203420759461,466.2034207594611,466.2034207594611,18.75175781501457
E6_popsize_N30,cec2017,13,30,SEHHO-COBL,29,5691242517190848024,300000,300000,2785.307898781559,1485.3078987815588,1485.3078987815588,18.64608076500008
E6_popsize_N30,cec2017,24,30,SEHHO-COBL,0,5560955067411882997,300000,300000,2881.2398489099787,481.2398489099787,481.2398489099787,16.898354817007203
E6_popsize_N30,cec2017,24,30,SEHHO-COBL,1,3282359560003564763,300000,300000,2849.987970697478,449.987970697478,449.987970697478,19.279869227990275
E6_popsize_N30,cec2017,24,30,SEHHO-COBL,2,6936418609530403002,300000,300000,2864.7026534884485,464.7026534884485,464.7026534884485,20.298954647994833
E6_popsize_N30,cec2017,24,30,SEHHO-COBL,3,5972473300576302032,300000,300000,2866.2373002301815,466.2373002301815,466.2373002301815,20.306696799001656
E6_popsize_N30,cec2017,24,30,SEHHO-COBL,4,7658951403820542242,300000,300000,2875.585475741855,475.58547574185513,475.58547574185513,20.199766247998923
E6_popsize_N30,cec2017,24,30,SEHHO-COBL,5,665240417585888316,300000,300000,2854.9686311909354,454.9686311909354,454.9686311909354,19.965172030992107
E6_popsize_N30,cec2017,24,30,SEHHO-COBL,6,477481492751862158,300000,300000,2870.2162731878307,470.21627318783067,470.21627318783067,20.028113884996856
E6_popsize_N30,cec2017,24,30,SEHHO-COBL,7,3413875234726829602,300000,300000,2850.154846325189,450.1548463251888,450.1548463251888,18.305052637995686
E6_popsize_N30,cec2017,24,30,SEHHO-COBL,8,4005136190738980912,300000,300000,2855.2977841096344,455.29778410963445,455.29778410963445,18.540664005005965
E6_popsize_N30,cec2017,24,30,SEHHO-COBL,9,192191870157144762,300000,300000,2868.4176363065126,468.4176363065126,468.4176363065126,18.66634253799566
E6_popsize_N30,cec2017,24,30,SEHHO-COBL,10,725901895760492810,300000,300000,2877.7134376295126,477.71343762951255,477.71343762951255,19.071267291001277
E6_popsize_N30,cec2017,24,30,SEHHO-COBL,11,5194609851770013861,300000,300000,2845.690951191017,445.6909511910171,445.6909511910171,19.834055867017014
E6_popsize_N30,cec2017,24,30,SEHHO-COBL,12,7959267870194200584,300000,300000,2889.840931980652,489.84093198065193,489.84093198065193,19.67796048297896
E6_popsize_N30,cec2017,24,30,SEHHO-COBL,13,1959505927392978805,300000,300000,2862.824525175749,462.82452517574893,462.82452517574893,19.850299173005624
E6_popsize_N30,cec2017,24,30,SEHHO-COBL,14,5570620352594912325,300000,300000,2887.1226945252174,487.1226945252174,487.1226945252174,19.803280474996427
E6_popsize_N30,cec2017,24,30,SEHHO-COBL,15,4921693481310256755,300000,300000,2855.354771065201,455.354771065201,455.354771065201,19.80713852099143
E6_popsize_N30,cec2017,24,30,SEHHO-COBL,16,7122765959007720674,300000,300000,2853.449860135591,453.4498601355908,453.4498601355908,19.041300304001197
E6_popsize_N30,cec2017,24,30,SEHHO-COBL,17,6724035582829629674,300000,300000,2868.795417694668,468.7954176946678,468.7954176946678,20.37586994099547
E6_popsize_N30,cec2017,24,30,SEHHO-COBL,18,5977210737998987489,300000,300000,2848.4457546795675,448.4457546795675,448.4457546795675,20.428659824014176
E6_popsize_N30,cec2017,24,30,SEHHO-COBL,19,411264144145440420,300000,300000,2853.476951991301,453.4769519913011,453.4769519913011,19.973503838002216
E6_popsize_N30,cec2017,24,30,SEHHO-COBL,20,1071051520783849180,300000,300000,2857.619269961319,457.6192699613189,457.6192699613189,18.848870540998178
E6_popsize_N30,cec2017,24,30,SEHHO-COBL,21,1505803109278313967,300000,300000,2862.0834634406006,462.08346344060055,462.08346344060055,13.314304796018405
E6_popsize_N30,cec2017,24,30,SEHHO-COBL,22,3385660457674218408,300000,300000,2856.153541404664,456.1535414046639,456.1535414046639,11.024298920994624
E6_popsize_N30,cec2017,24,30,SEHHO-COBL,23,6511555688735760805,300000,300000,2841.645571400885,441.6455714008848,441.6455714008848,11.512534772977233
E6_popsize_N30,cec2017,24,30,SEHHO-COBL,24,3579068966616343291,300000,300000,2867.9124245220223,467.9124245220223,467.9124245220223,14.256010170996888
E6_popsize_N30,cec2017,24,30,SEHHO-COBL,25,3812010661096671549,300000,300000,2861.7020849208207,461.70208492082065,461.70208492082065,16.611907232989324
E6_popsize_N30,cec2017,24,30,SEHHO-COBL,26,848184753794052672,300000,300000,2865.4010802520074,465.40108025200743,465.40108025200743,12.61368594598025
E6_popsize_N30,cec2017,24,30,SEHHO-COBL,27,3470359503850921420,300000,300000,2846.729062151885,446.72906215188505,446.72906215188505,16.494408020022092
E6_popsize_N30,cec2017,24,30,SEHHO-COBL,28,2761860164570585858,300000,300000,2862.0390384520106,462.0390384520106,462.0390384520106,17.11592086701421
E6_popsize_N30,cec2017,24,30,SEHHO-COBL,29,9047459203107446034,300000,300000,2877.6021181356214,477.60211813562137,477.60211813562137,16.110511388018494
E6_popsize_N30,cec2017,28,30,SEHHO-COBL,0,543278859680101154,300000,300000,3240.1259916389135,440.12599163891355,440.12599163891355,21.12597261299379
E6_popsize_N30,cec2017,28,30,SEHHO-COBL,1,5055889390062563920,300000,300000,3203.285680653329,403.2856806533291,403.2856806533291,21.642328757996438
E6_popsize_N30,cec2017,28,30,SEHHO-COBL,2,149936491430778063,300000,300000,3100.0000000000014,300.00000000000136,300.00000000000136,18.3307760960015
E6_popsize_N30,cec2017,28,30,SEHHO-COBL,3,1912659017952306306,300000,300000,3203.2856806533314,403.2856806533314,403.2856806533314,20.156236654001987
E6_popsize_N30,cec2017,28,30,SEHHO-COBL,4,6028374916881728663,300000,300000,3100.000000000002,300.0000000000018,300.0000000000018,21.495863094984088
E6_popsize_N30,cec2017,28,30,SEHHO-COBL,5,7376172203309788276,300000,300000,3100.000000000002,300.0000000000018,300.0000000000018,19.67979140699026
E6_popsize_N30,cec2017,28,30,SEHHO-COBL,6,8638153307335214814,300000,300000,3100.000000000002,300.0000000000018,300.0000000000018,17.049885539978277
E6_popsize_N30,cec2017,28,30,SEHHO-COBL,7,5139793092009070779,300000,300000,3100.000000000001,300.0000000000009,300.0000000000009,19.583267584996065
E6_popsize_N30,cec2017,28,30,SEHHO-COBL,8,7693097374613037087,300000,300000,3100.000000000001,300.0000000000009,300.0000000000009,21.216497884015553
E6_popsize_N30,cec2017,28,30,SEHHO-COBL,9,4230810214196362720,300000,300000,3213.975165773647,413.97516577364695,413.97516577364695,19.97678895900026
E6_popsize_N30,cec2017,28,30,SEHHO-COBL,10,2385690556590583878,300000,300000,3100.000000000002,300.0000000000018,300.0000000000018,18.464615948003484
E6_popsize_N30,cec2017,28,30,SEHHO-COBL,11,1906695650887815862,300000,300000,3100.0000000000014,300.00000000000136,300.00000000000136,17.42110770000727
E6_popsize_N30,cec2017,28,30,SEHHO-COBL,12,2638561188858162660,300000,300000,3100.000000000001,300.0000000000009,300.0000000000009,15.174132933985675
E6_popsize_N30,cec2017,28,30,SEHHO-COBL,13,8923658273802340344,300000,300000,3240.1259916389126,440.12599163891264,440.12599163891264,17.530849042988848
E6_popsize_N30,cec2017,28,30,SEHHO-COBL,14,2258070575685786775,300000,300000,3257.6684621534605,457.6684621534605,457.6684621534605,17.633743020996917
E6_popsize_N30,cec2017,28,30,SEHHO-COBL,15,4923334891051940544,300000,300000,3100.0000000000036,300.00000000000364,300.00000000000364,11.124340550013585
E6_popsize_N30,cec2017,28,30,SEHHO-COBL,16,7950512155030043161,300000,300000,3100.000000000002,300.0000000000018,300.0000000000018,11.114633854012936
E6_popsize_N30,cec2017,28,30,SEHHO-COBL,17,8779232150633056345,300000,300000,3100.000000000002,300.0000000000018,300.0000000000018,11.098237681988394
E6_popsize_N30,cec2017,28,30,SEHHO-COBL,18,5530218220782854196,300000,300000,3240.1259916389135,440.12599163891355,440.12599163891355,12.203806541016093
E6_popsize_N30,cec2017,28,30,SEHHO-COBL,19,4405121057121813007,300000,300000,3100.0000000000014,300.00000000000136,300.00000000000136,20.443704683013493
E6_popsize_N30,cec2017,28,30,SEHHO-COBL,20,4280638115389799679,300000,300000,3100.0000000000014,300.00000000000136,300.00000000000136,21.058485032990575
E6_popsize_N30,cec2017,28,30,SEHHO-COBL,21,9006917566754626624,300000,300000,3100.0000000000027,300.00000000000273,300.00000000000273,21.104820209991885
E6_popsize_N30,cec2017,28,30,SEHHO-COBL,22,232044782184420688,300000,300000,3100.000000000002,300.0000000000018,300.0000000000018,20.975747940974543
E6_popsize_N30,cec2017,28,30,SEHHO-COBL,23,7380640978200953565,300000,300000,3100.0000000000014,300.00000000000136,300.00000000000136,21.066892030998133
E6_popsize_N30,cec2017,28,30,SEHHO-COBL,24,523855906800776999,300000,300000,3201.487722320161,401.4877223201611,401.4877223201611,21.740082136006095
E6_popsize_N30,cec2017,28,30,SEHHO-COBL,25,5782589367710479613,300000,300000,3100.000000000001,300.0000000000009,300.0000000000009,21.559456340997713
E6_popsize_N30,cec2017,28,30,SEHHO-COBL,26,6613752034581803489,300000,300000,3100.0000000000027,300.00000000000273,300.00000000000273,21.030771883990383
E6_popsize_N30,cec2017,28,30,SEHHO-COBL,27,1593168529778927459,300000,300000,3100.0000000000014,300.00000000000136,300.00000000000136,21.295102546020644
E6_popsize_N30,cec2017,28,30,SEHHO-COBL,28,2988085504928185783,300000,300000,3100.0000000000014,300.00000000000136,300.00000000000136,14.145886901998892
E6_popsize_N30,cec2017,28,30,SEHHO-COBL,29,6892136658190466712,300000,300000,3203.285680653329,403.2856806533291,403.2856806533291,12.203237604000606
E6_popsize_N30,cec2017,22,30,SEHHO-COBL,0,845007511952847837,300000,300000,2300.000000000001,100.00000000000091,100.00000000000091,19.74918526300462
E6_popsize_N30,cec2017,22,30,SEHHO-COBL,1,4312083205404902319,300000,300000,5079.3956353117,2879.3956353117,2879.3956353117,18.713099226006307
E6_popsize_N30,cec2017,22,30,SEHHO-COBL,2,2424736008767496865,300000,300000,2310.1045602624217,110.10456026242173,110.10456026242173,20.13011826600996
E6_popsize_N30,cec2017,22,30,SEHHO-COBL,3,7127510708890704475,300000,300000,4768.241516494289,2568.2415164942886,2568.2415164942886,20.10318677299074
E6_popsize_N30,cec2017,22,30,SEHHO-COBL,4,5708770075963211121,300000,300000,2300.0000000000014,100.00000000000136,100.00000000000136,19.52528095501475
E6_popsize_N30,cec2017,22,30,SEHHO-COBL,5,4881789777165066907,300000,300000,2306.6820254209606,106.6820254209606,106.6820254209606,20.008674675016664
E6_popsize_N30,cec2017,22,30,SEHHO-COBL,6,3576304566045176685,300000,300000,2302.4533626032735,102.45336260327349,102.45336260327349,19.559553406987106
E6_popsize_N30,cec2017,22,30,SEHHO-COBL,7,8887733112097934824,300000,300000,2300.000000000002,100.00000000000182,100.00000000000182,19.40392065999913
E6_popsize_N30,cec2017,22,30,SEHHO-COBL,8,7012668006299956001,300000,300000,2300.000000000001,100.00000000000091,100.00000000000091,19.25221649199375
E6_popsize_N30,cec2017,22,30,SEHHO-COBL,9,7792630672453563232,300000,300000,2304.8205195611818,104.82051956118175,104.82051956118175,19.938389265997102
E6_popsize_N30,cec2017,22,30,SEHHO-COBL,10,195664800676201798,300000,300000,2300.0000000000023,100.00000000000227,100.00000000000227,19.880234771000687
E6_popsize_N30,cec2017,22,30,SEHHO-COBL,11,6311305491022741523,300000,300000,2300.0000000000023,100.00000000000227,100.00000000000227,19.788244141993346
E6_popsize_N30,cec2017,22,30,SEHHO-COBL,12,304113402723728539,300000,300000,2300.000000000001,100.00000000000091,100.00000000000091,19.903200997010572
E6_popsize_N30,cec2017,22,30,SEHHO-COBL,13,8982766930554662047,300000,300000,2303.3213016807613,103.32130168076128,103.32130168076128,14.541344808996655
E6_popsize_N30,cec2017,22,30,SEHHO-COBL,14,6676674315661806145,300000,300000,2308.2018901738784,108.20189017387838,108.20189017387838,11.498660409997683
E6_popsize_N30,cec2017,22,30,SEHHO-COBL,15,2172467546265675322,300000,300000,4366.20300129888,2166.20300129888,2166.20300129888,20.04603697199491
E6_popsize_N30,cec2017,22,30,SEHHO-COBL,16,386444294754875164,300000,300000,2312.2525585722137,112.25255857221373,112.25255857221373,19.51264995400561
E6_popsize_N30,cec2017,22,30,SEHHO-COBL,17,7552144973450426990,300000,300000,2301.235244788491,101.23524478849095,101.23524478849095,18.04698321997421
E6_popsize_N30,cec2017,22,30,SEHHO-COBL,18,9111584451310393749,300000,300000,4900.383136161328,2700.3831361613284,2700.3831361613284,16.2276467079937
E6_popsize_N30,cec2017,22,30,SEHHO-COBL,19,6382183210982871694,300000,300000,2300.0000000000014,100.00000000000136,100.00000000000136,15.153696624009172
E6_popsize_N30,cec2017,22,30,SEHHO-COBL,20,4214860522453379594,300000,300000,2304.236650165117,104.23665016511723,104.23665016511723,13.570744347001892
E6_popsize_N30,cec2017,22,30,SEHHO-COBL,21,95065910644126041,300000,300000,2305.3336881636,105.33368816360007,105.33368816360007,18.9984547830245
E6_popsize_N30,cec2017,22,30,SEHHO-COBL,22,6777896647884343977,300000,300000,2300.204350299499,100.20435029949886,100.20435029949886,19.42260062598507
E6_popsize_N30,cec2017,22,30,SEHHO-COBL,23,5653483850093679532,300000,300000,2310.388202458303,110.38820245830311,110.38820245830311,18.468292893987382
E6_popsize_N30,cec2017,22,30,SEHHO-COBL,24,7660824016161988754,300000,300000,2300.000000000001,100.00000000000091,100.00000000000091,16.612548445002176
E6_popsize_N30,cec2017,22,30,SEHHO-COBL,25,3033664234203155802,300000,300000,2300.000000000002,100.00000000000182,100.00000000000182,17.81678656101576
E6_popsize_N30,cec2017,22,30,SEHHO-COBL,26,4388032850692079302,300000,300000,4986.940901035392,2786.940901035392,2786.940901035392,19.942188521992648
E6_popsize_N30,cec2017,22,30,SEHHO-COBL,27,78215572773390155,300000,300000,2305.943177547711,105.943177547711,105.943177547711,19.9749202739913
E6_popsize_N30,cec2017,22,30,SEHHO-COBL,28,5046030238872371452,300000,300000,4880.200481118076,2680.200481118076,2680.200481118076,19.95343420500285
E6_popsize_N30,cec2017,22,30,SEHHO-COBL,29,5738770958646569617,300000,300000,2300.000000000001,100.00000000000091,100.00000000000091,19.495264426019276
E6_popsize_N30,cec2017,27,30,SEHHO-COBL,0,4895399396122858336,300000,300000,3213.366055348609,513.3660553486088,513.3660553486088,13.254286094976123
E6_popsize_N30,cec2017,27,30,SEHHO-COBL,1,2364222071334220138,300000,300000,3199.5718234419396,499.5718234419396,499.5718234419396,22.436932737997267
E6_popsize_N30,cec2017,27,30,SEHHO-COBL,2,4411178088092833203,300000,300000,3224.6964191132915,524.6964191132915,524.6964191132915,21.702116245985962
E6_popsize_N30,cec2017,27,30,SEHHO-COBL,3,5627568167688602922,300000,300000,3214.629081789667,514.629081789667,514.629081789667,19.70323531801114
E6_popsize_N30,cec2017,27,30,SEHHO-COBL,4,1684117934448964269,300000,300000,3214.7802601873923,514.7802601873923,514.7802601873923,16.358248106000246
E6_popsize_N30,cec2017,27,30,SEHHO-COBL,5,433454291691246400,300000,300000,3217.956698640816,517.9566986408158,517.9566986408158,20.0948730300006
E6_popsize_N30,cec2017,27,30,SEHHO-COBL,6,1548182595406627755,300000,300000,3211.613781724402,511.6137817244021,511.6137817244021,23.180110041023
E6_popsize_N30,cec2017,27,30,SEHHO-COBL,7,4245787333738109481,300000,300000,3219.014767396642,519.0147673966421,519.0147673966421,21.442604902986204
E6_popsize_N30,cec2017,27,30,SEHHO-COBL,8,782411386269257904,300000,300000,3209.203789571317,509.203789571317,509.203789571317,23.25354192100349
E6_popsize_N30,cec2017,27,30,SEHHO-COBL,9,5343825544562848882,300000,300000,3211.920685882681,511.920685882681,511.920685882681,18.129209324979456
E6_popsize_N30,cec2017,27,30,SEHHO-COBL,10,8489541830023035043,300000,300000,3228.2525325602273,528.2525325602273,528.2525325602273,19.778139749978436
E6_popsize_N30,cec2017,27,30,SEHHO-COBL,11,1798988491895881974,300000,300000,3217.659914867817,517.659914867817,517.659914867817,19.990745625982527
E6_popsize_N30,cec2017,27,30,SEHHO-COBL,12,5226715401526713035,300000,300000,3240.6048942842044,540.6048942842044,540.6048942842044,13.623964948987123
E6_popsize_N30,cec2017,27,30,SEHHO-COBL,13,1769830890855703334,300000,300000,3224.4830494866846,524.4830494866846,524.4830494866846,19.825194787001237
E6_popsize_N30,cec2017,27,30,SEHHO-COBL,14,7518587534989449716,300000,300000,3225.184268097457,525.1842680974569,525.1842680974569,22.005443440983072
E6_popsize_N30,cec2017,27,30,SEHHO-COBL,15,8650069045848371632,300000,300000,3205.2158137426095,505.2158137426095,505.2158137426095,21.981823308975436
E6_popsize_N30,cec2017,27,30,SEHHO-COBL,16,4198830596792410298,300000,300000,3227.548632523193,527.5486325231932,527.5486325231932,20.55291615097667
E6_popsize_N30,cec2017,27,30,SEHHO-COBL,17,3518713544254661987,300000,300000,3211.417857821345,511.417857821345,511.417857821345,19.47606013598852
E6_popsize_N30,cec2017,27,30,SEHHO-COBL,18,5560248985632081191,300000,300000,3224.773425110025,524.7734251100251,524.7734251100251,21.219084134994773
E6_popsize_N30,cec2017,27,30,SEHHO-COBL,19,8419137587982662737,300000,300000,3227.4590207628926,527.4590207628926,527.4590207628926,22.292467426974326
E6_popsize_N30,cec2017,27,30,SEHHO-COBL,20,8311434477845319702,300000,300000,3211.8549075000933,511.8549075000933,511.8549075000933,18.619621899008052
E6_popsize_N30,cec2017,27,30,SEHHO-COBL,21,6271061300542047304,300000,300000,3227.234069662062,527.2340696620622,527.2340696620622,12.679927600023802
E6_popsize_N30,cec2017,27,30,SEHHO-COBL,22,7272556122233415328,300000,300000,3210.5504011032626,510.55040110326263,510.55040110326263,11.84367626599851
E6_popsize_N30,cec2017,27,30,SEHHO-COBL,23,1754723029676897738,300000,300000,3212.2658070155394,512.2658070155394,512.2658070155394,20.99959911502083
E6_popsize_N30,cec2017,27,30,SEHHO-COBL,24,6847576496631771779,300000,300000,3199.5854032869875,499.58540328698746,499.58540328698746,17.710651671979576
E6_popsize_N30,cec2017,27,30,SEHHO-COBL,25,5862318439440167557,300000,300000,3226.099545203834,526.0995452038342,526.0995452038342,18.27687774397782
E6_popsize_N30,cec2017,27,30,SEHHO-COBL,26,2711667423897645452,300000,300000,3207.704622066897,507.7046220668972,507.7046220668972,14.873570775991539
E6_popsize_N30,cec2017,27,30,SEHHO-COBL,27,7177929825973429986,300000,300000,3218.9933235316303,518.9933235316303,518.9933235316303,11.882423459988786
E6_popsize_N30,cec2017,27,30,SEHHO-COBL,28,6980125561970203485,300000,300000,3232.264579441149,532.2645794411492,532.2645794411492,16.604758343979483
E6_popsize_N30,cec2017,27,30,SEHHO-COBL,29,4775909760442454869,300000,300000,3222.2458666663733,522.2458666663733,522.2458666663733,21.484921552997548
E6_popsize_N30,cec2017,23,30,SEHHO-COBL,0,7038343051804123946,300000,300000,2687.9830511710006,387.9830511710006,387.9830511710006,17.28295379699557
E6_popsize_N30,cec2017,23,30,SEHHO-COBL,1,6661560328583806719,300000,300000,2697.182749111341,397.18274911134085,397.18274911134085,20.678568136005197
E6_popsize_N30,cec2017,23,30,SEHHO-COBL,2,512428831796919554,300000,300000,2683.487560322288,383.4875603222881,383.4875603222881,18.027086421992863
E6_popsize_N30,cec2017,23,30,SEHHO-COBL,3,4191433687582757840,300000,300000,2699.0179173529805,399.0179173529805,399.0179173529805,19.917905256006634
E6_popsize_N30,cec2017,23,30,SEHHO-COBL,4,5001443538211492081,300000,300000,2695.7078458367478,395.70784583674777,395.70784583674777,20.980992066004546
E6_popsize_N30,cec2017,23,30,SEHHO-COBL,5,3612580794402401293,300000,300000,2690.389630099096,390.38963009909594,390.38963009909594,19.878664526011562
E6_popsize_N30,cec2017,23,30,SEHHO-COBL,6,3654131765190722339,300000,300000,2688.4987581350147,388.49875813501467,388.49875813501467,20.02390604201355
E6_popsize_N30,cec2017,23,30,SEHHO-COBL,7,5444778447764324150,300000,300000,2706.7767221734816,406.77672217348163,406.77672217348163,20.023985782987438
E6_popsize_N30,cec2017,23,30,SEHHO-COBL,8,4534979601915156606,300000,300000,2674.0631043031567,374.0631043031567,374.0631043031567,20.226604257011786
E6_popsize_N30,cec2017,23,30,SEHHO-COBL,9,5729303126030644234,300000,300000,2691.720284835749,391.7202848357492,391.7202848357492,20.60157473498839
E6_popsize_N30,cec2017,23,30,SEHHO-COBL,10,7391852968769379297,300000,300000,2675.210032719776,375.2100327197759,375.2100327197759,18.885494123009266
E6_popsize_N30,cec2017,23,30,SEHHO-COBL,11,1130078688146465409,300000,300000,2684.9109879204657,384.9109879204657,384.9109879204657,11.355344413983403
E6_popsize_N30,cec2017,23,30,SEHHO-COBL,12,5468074314514858950,300000,300000,2683.7991020645554,383.7991020645554,383.7991020645554,13.637699259008514
E6_popsize_N30,cec2017,23,30,SEHHO-COBL,13,4443318713263098662,300000,300000,2688.4991388431954,388.4991388431954,388.4991388431954,17.427340791007737
E6_popsize_N30,cec2017,23,30,SEHHO-COBL,14,8029926220032933776,300000,300000,2683.3904093934666,383.3904093934666,383.3904093934666,21.1424059959827
E6_popsize_N30,cec2017,23,30,SEHHO-COBL,15,9073436347396230091,300000,300000,2678.6981864205914,378.69818642059136,378.69818642059136,20.999307379010133
E6_popsize_N30,cec2017,23,30,SEHHO-COBL,16,6497069329052285307,300000,300000,2696.2757368574353,396.2757368574353,396.2757368574353,20.958284505002666
E6_popsize_N30,cec2017,23,30,SEHHO-COBL,17,7429772158965095745,300000,300000,2687.8236920876134,387.8236920876134,387.8236920876134,20.958627858984983
E6_popsize_N30,cec2017,23,30,SEHHO-COBL,18,1259186690275425057,300000,300000,2686.1398039485666,386.1398039485666,386.1398039485666,21.021861921995878
E6_popsize_N30,cec2017,23,30,SEHHO-COBL,19,7335554856267172652,300000,300000,2699.9371934129204,399.93719341292035,399.93719341292035,21.03883287301869
E6_popsize_N30,cec2017,23,30,SEHHO-COBL,20,3485533967098340458,300000,300000,2708.866832241348,408.8668322413482,408.8668322413482,21.058896083006402
E6_popsize_N30,cec2017,23,30,SEHHO-COBL,21,5610918476940903519,300000,300000,2686.168468965438,386.168468965438,386.168468965438,21.07327241799794
E6_popsize_N30,cec2017,23,30,SEHHO-COBL,22,563130580815331299,300000,300000,2702.9200952740384,402.92009527403843,402.92009527403843,20.96725977997994
E6_popsize_N30,cec2017,23,30,SEHHO-COBL,23,1926279454125856378,300000,300000,2682.8275196517056,382.82751965170564,382.82751965170564,20.963964930007933
E6_popsize_N30,cec2017,23,30,SEHHO-COBL,24,4613286010947225501,300000,300000,2691.524563193367,391.52456319336716,391.52456319336716,20.882594149996294
E6_popsize_N30,cec2017,23,30,SEHHO-COBL,25,4836734017030717739,300000,300000,2697.772000750359,397.772000750359,397.772000750359,20.889704346016515
E6_popsize_N30,cec2017,23,30,SEHHO-COBL,26,2796263903975476841,300000,300000,2684.8249512948328,384.8249512948328,384.8249512948328,20.89632935100235
E6_popsize_N30,cec2017,23,30,SEHHO-COBL,27,1387450233507020243,300000,300000,2678.7149177452407,378.71491774524065,378.71491774524065,20.92536143399775
E6_popsize_N30,cec2017,23,30,SEHHO-COBL,28,7712967133934051289,300000,300000,2688.9329325894932,388.93293258949325,388.93293258949325,20.950938377005514
E6_popsize_N30,cec2017,23,30,SEHHO-COBL,29,4596078319073072075,300000,300000,2697.866234089821,397.86623408982086,397.86623408982086,21.005703425005777
E6_popsize_N30,cec2017,26,30,SEHHO-COBL,0,4896286071021618533,300000,300000,3797.755077805674,1197.7550778056739,1197.7550778056739,12.82130930700805
E6_popsize_N30,cec2017,26,30,SEHHO-COBL,1,4945009911155124092,300000,300000,3976.0527240659567,1376.0527240659567,1376.0527240659567,20.23863389901817
E6_popsize_N30,cec2017,26,30,SEHHO-COBL,2,1991840002109200370,300000,300000,4194.69195717887,1594.6919571788703,1594.6919571788703,21.848834522999823
E6_popsize_N30,cec2017,26,30,SEHHO-COBL,3,3030087586784714712,300000,300000,4071.225470657433,1471.225470657433,1471.225470657433,22.076670484995702
E6_popsize_N30,cec2017,26,30,SEHHO-COBL,4,2754765904460314225,300000,300000,4124.948962947522,1524.948962947522,1524.948962947522,21.9830549180042
E6_popsize_N30,cec2017,26,30,SEHHO-COBL,5,3788647244355045203,300000,300000,4025.10119130564,1425.10119130564,1425.10119130564,22.065244934987277
E6_popsize_N30,cec2017,26,30,SEHHO-COBL,6,6819218105607659721,300000,300000,4128.8543547876,1528.8543547875997,1528.8543547875997,19.446782140992582
E6_popsize_N30,cec2017,26,30,SEHHO-COBL,7,8614320462804349316,300000,300000,4092.25349887804,1492.2534988780399,1492.2534988780399,14.948449259012705
E6_popsize_N30,cec2017,26,30,SEHHO-COBL,8,2550506850510634938,300000,300000,3816.8751347360553,1216.8751347360553,1216.8751347360553,12.607708896015538
E6_popsize_N30,cec2017,26,30,SEHHO-COBL,9,8001102028857219767,300000,300000,3895.1956282172655,1295.1956282172655,1295.1956282172655,20.278954665001947
E6_popsize_N30,cec2017,26,30,SEHHO-COBL,10,6927852094484329108,300000,300000,4042.203803310268,1442.203803310268,1442.203803310268,21.705095523997443
E6_popsize_N30,cec2017,26,30,SEHHO-COBL,11,2535592936931098862,300000,300000,4221.663536868327,1621.6635368683274,1621.6635368683274,21.512799891002942
E6_popsize_N30,cec2017,26,30,SEHHO-COBL,12,4762128115720092821,300000,300000,4188.815308815371,1588.8153088153713,1588.8153088153713,21.39557890102151
E6_popsize_N30,cec2017,26,30,SEHHO-COBL,13,3190816427388692239,300000,300000,4116.803662393439,1516.8036623934386,1516.8036623934386,21.564525878988206
E6_popsize_N30,cec2017,26,30,SEHHO-COBL,14,6016027820707826484,300000,300000,3813.562103184535,1213.5621031845349,1213.5621031845349,17.669979265978327
E6_popsize_N30,cec2017,26,30,SEHHO-COBL,15,1251028408066533406,300000,300000,4299.471333698399,1699.4713336983987,1699.4713336983987,15.196477753983345
E6_popsize_N30,cec2017,26,30,SEHHO-COBL,16,4918388472528527461,300000,300000,4099.607948777366,1499.607948777366,1499.607948777366,15.814617455005646
E6_popsize_N30,cec2017,26,30,SEHHO-COBL,17,4668487604280110234,300000,300000,4329.240230383173,1729.2402303831732,1729.2402303831732,19.59519332300988
E6_popsize_N30,cec2017,26,30,SEHHO-COBL,18,1256499686730967155,300000,300000,4020.3121125912967,1420.3121125912967,1420.3121125912967,16.817436826997437
E6_popsize_N30,cec2017,26,30,SEHHO-COBL,19,5715386481625692533,300000,300000,4059.932928074365,1459.932928074365,1459.932928074365,21.319341769994935
E6_popsize_N30,cec2017,26,30,SEHHO-COBL,20,313810598998690497,300000,300000,4065.5563516197008,1465.5563516197008,1465.5563516197008,21.44503061301657
E6_popsize_N30,cec2017,26,30,SEHHO-COBL,21,3295608567088512643,300000,300000,3923.289288713142,1323.289288713142,1323.289288713142,21.787379666988272
E6_popsize_N30,cec2017,26,30,SEHHO-COBL,22,474427475004733347,300000,300000,4271.659280545411,1671.659280545411,1671.659280545411,21.782148645987036
E6_popsize_N30,cec2017,26,30,SEHHO-COBL,23,8006321271519929739,300000,300000,4019.5508434064905,1419.5508434064905,1419.5508434064905,21.806623280979693
E6_popsize_N30,cec2017,26,30,SEHHO-COBL,24,8687226296158107992,300000,300000,4050.2318033617817,1450.2318033617817,1450.2318033617817,21.7543359400006
E6_popsize_N30,cec2017,26,30,SEHHO-COBL,25,8279060543191352383,300000,300000,4119.134181821989,1519.134181821989,1519.134181821989,21.800414124998497
E6_popsize_N30,cec2017,26,30,SEHHO-COBL,26,1210812995812676859,300000,300000,4294.741022197947,1694.7410221979471,1694.7410221979471,21.814220180007396
E6_popsize_N30,cec2017,26,30,SEHHO-COBL,27,3189185123400567265,300000,300000,4300.521917182196,1700.5219171821964,1700.5219171821964,21.833978718990693
E6_popsize_N30,cec2017,26,30,SEHHO-COBL,28,7586222720503637455,300000,300000,4128.604915234404,1528.604915234404,1528.604915234404,21.79213498698664
E6_popsize_N30,cec2017,26,30,SEHHO-COBL,29,2277341004571984125,300000,300000,4073.9685112021657,1473.9685112021657,1473.9685112021657,21.82061006402364
E6_popsize_N30,cec2017,19,30,SEHHO-COBL,0,7487525018080144735,300000,300000,2066.2246833206136,166.22468332061362,166.22468332061362,22.009137720015133
E6_popsize_N30,cec2017,19,30,SEHHO-COBL,1,8603737346255704520,300000,300000,2061.6434963773045,161.64349637730447,161.64349637730447,27.069416023994563
E6_popsize_N30,cec2017,19,30,SEHHO-COBL,2,4939669867248276817,300000,300000,2217.441093943571,317.4410939435711,317.4410939435711,21.99921674199868
E6_popsize_N30,cec2017,19,30,SEHHO-COBL,3,5929045093602569136,300000,300000,2035.660303329461,135.66030332946093,135.66030332946093,19.522720101987943
E6_popsize_N30,cec2017,19,30,SEHHO-COBL,4,4501496685077613311,300000,300000,2051.033429393156,151.03342939315598,151.03342939315598,20.084533397021005
E6_popsize_N30,cec2017,19,30,SEHHO-COBL,5,622960936426820042,300000,300000,2099.1213226274886,199.12132262748855,199.12132262748855,19.668944842997007
E6_popsize_N30,cec2017,19,30,SEHHO-COBL,6,3816727895765181760,300000,300000,1970.2318265601077,70.23182656010772,70.23182656010772,23.289940300019225
E6_popsize_N30,cec2017,19,30,SEHHO-COBL,7,3195125760120221483,300000,300000,1984.7456471606852,84.74564716068517,84.74564716068517,27.856129283987684
E6_popsize_N30,cec2017,19,30,SEHHO-COBL,8,7212793854761581924,300000,300000,2034.9649729671132,134.96497296711323,134.96497296711323,24.75806613601162
E6_popsize_N30,cec2017,19,30,SEHHO-COBL,9,6877049547686660790,300000,300000,2024.5768519987441,124.57685199874413,124.57685199874413,21.843400691024726
E6_popsize_N30,cec2017,19,30,SEHHO-COBL,10,4404842926188130659,300000,300000,2081.4012336017267,181.40123360172674,181.40123360172674,25.295483894005883
E6_popsize_N30,cec2017,19,30,SEHHO-COBL,11,5554177246745714076,300000,300000,1945.5294296558466,45.52942965584657,45.52942965584657,23.678242524998495
E6_popsize_N30,cec2017,19,30,SEHHO-COBL,12,3982109200262258745,300000,300000,2001.7269074343023,101.72690743430235,101.72690743430235,27.4274520619947
E6_popsize_N30,cec2017,19,30,SEHHO-COBL,13,3281194725964658576,300000,300000,2055.4456711188277,155.4456711188277,155.4456711188277,27.501918191002915
E6_popsize_N30,cec2017,19,30,SEHHO-COBL,14,3020826131450894501,300000,300000,2015.2881627447214,115.28816274472138,115.28816274472138,27.29271745198639
E6_popsize_N30,cec2017,19,30,SEHHO-COBL,15,616027910967160802,300000,300000,2039.7135888438493,139.71358884384927,139.71358884384927,23.86235768298502
E6_popsize_N30,cec2017,19,30,SEHHO-COBL,16,7181161029292975477,300000,300000,2170.5305050180873,270.5305050180873,270.5305050180873,27.449713876005262
E6_popsize_N30,cec2017,19,30,SEHHO-COBL,17,7763208084316864507,300000,300000,2126.694643641719,226.6946436417188,226.6946436417188,23.08898533601314
E6_popsize_N30,cec2017,19,30,SEHHO-COBL,18,8890986737521554357,300000,300000,2100.848171644132,200.84817164413198,200.84817164413198,22.990991367027164
E6_popsize_N30,cec2017,19,30,SEHHO-COBL,19,6340537580367513523,300000,300000,2114.7328607337736,214.73286073377358,214.73286073377358,23.292029708973132
E6_popsize_N30,cec2017,19,30,SEHHO-COBL,20,2497356086767721890,300000,300000,2039.9518207230603,139.95182072306034,139.95182072306034,27.243603612994775
E6_popsize_N30,cec2017,19,30,SEHHO-COBL,21,2905453655346573678,300000,300000,2027.5935940467766,127.59359404677662,127.59359404677662,24.680910111026606
E6_popsize_N30,cec2017,19,30,SEHHO-COBL,22,5109702061012229793,300000,300000,2068.4181105467483,168.41811054674827,168.41811054674827,25.750118954019854
E6_popsize_N30,cec2017,19,30,SEHHO-COBL,23,7314320822786857320,300000,300000,1960.3081382638761,60.30813826387612,60.30813826387612,25.605445481982315
E6_popsize_N30,cec2017,19,30,SEHHO-COBL,24,5238847372512941130,300000,300000,2063.225399602051,163.22539960205086,163.22539960205086,27.274073162989225
E6_popsize_N30,cec2017,19,30,SEHHO-COBL,25,4502089041158297918,300000,300000,1999.162091851442,99.16209185144203,99.16209185144203,23.307230911013903
E6_popsize_N30,cec2017,19,30,SEHHO-COBL,26,7985852592429441195,300000,300000,2136.585022177891,236.585022177891,236.585022177891,24.825776965008117
E6_popsize_N30,cec2017,19,30,SEHHO-COBL,27,681648479603815824,300000,300000,2044.6593781969812,144.65937819698115,144.65937819698115,24.84598930599168
E6_popsize_N30,cec2017,19,30,SEHHO-COBL,28,4265318130604108758,300000,300000,1946.9681273072122,46.96812730721217,46.96812730721217,19.7729975960101
E6_popsize_N30,cec2017,19,30,SEHHO-COBL,29,8983237331891539235,300000,300000,1990.831797672134,90.83179767213392,90.83179767213392,18.25752029599971
E6_popsize_N120,cec2017,1,30,SEHHO-COBL,0,5394069697590149990,300000,300000,100.00000000000001,0.0,1.4210854715202004e-14,7.848162356996909
E6_popsize_N120,cec2017,1,30,SEHHO-COBL,1,2350235606113885019,300000,300000,100.00000000000001,0.0,1.4210854715202004e-14,7.93611012402107
E6_popsize_N120,cec2017,1,30,SEHHO-COBL,2,3201136901242957940,300000,300000,100.00000000000001,0.0,1.4210854715202004e-14,13.284253091027495
E6_popsize_N120,cec2017,1,30,SEHHO-COBL,3,5045916669249613007,300000,300000,100.00000000000001,0.0,1.4210854715202004e-14,14.66810311799054
E6_popsize_N120,cec2017,1,30,SEHHO-COBL,4,7294239738338003740,300000,300000,100.00000000000001,0.0,1.4210854715202004e-14,10.277494484995259
E6_popsize_N120,cec2017,1,30,SEHHO-COBL,5,622978256553136175,300000,300000,100.00000000000001,0.0,1.4210854715202004e-14,11.711384777998319
E6_popsize_N120,cec2017,1,30,SEHHO-COBL,6,4916269142336441126,300000,300000,100.00000000000001,0.0,1.4210854715202004e-14,13.922986466990551
E6_popsize_N120,cec2017,1,30,SEHHO-COBL,7,3869384841359558524,300000,300000,100.00000000000001,0.0,1.4210854715202004e-14,9.439000935002696
E6_popsize_N120,cec2017,1,30,SEHHO-COBL,8,2267255957956794914,300000,300000,100.00000000000003,0.0,2.842170943040401e-14,7.868671974982135
E6_popsize_N120,cec2017,1,30,SEHHO-COBL,9,4663651694270598323,300000,300000,100.00000000000001,0.0,1.4210854715202004e-14,7.928033705014968
E6_popsize_N120,cec2017,1,30,SEHHO-COBL,10,2848454095603927533,300000,300000,100.00000000000001,0.0,1.4210854715202004e-14,8.27254622700275
E6_popsize_N120,cec2017,1,30,SEHHO-COBL,11,467878966261803805,300000,300000,100.00000000000003,0.0,2.842170943040401e-14,9.320236016996205
E6_popsize_N120,cec2017,1,30,SEHHO-COBL,12,3894450968395024122,300000,300000,100.00000000000003,0.0,2.842170943040401e-14,12.088756671990268
E6_popsize_N120,cec2017,1,30,SEHHO-COBL,13,8777800699426273236,300000,300000,100.00000000000001,0.0,1.4210854715202004e-14,9.435890089982422
E6_popsize_N120,cec2017,1,30,SEHHO-COBL,14,284412562098349061,300000,300000,100.00000000000003,0.0,2.842170943040401e-14,13.988582238991512
E6_popsize_N120,cec2017,1,30,SEHHO-COBL,15,8560013765497758330,300000,300000,100.00000000000001,0.0,1.4210854715202004e-14,10.253414890001295
E6_popsize_N120,cec2017,1,30,SEHHO-COBL,16,7507048258215522662,300000,300000,100.00000000000001,0.0,1.4210854715202004e-14,9.602841296000406
E6_popsize_N120,cec2017,1,30,SEHHO-COBL,17,1472066505331654207,300000,300000,100.00000000000001,0.0,1.4210854715202004e-14,7.885037511005066
E6_popsize_N120,cec2017,1,30,SEHHO-COBL,18,4171388648188255724,300000,300000,100.00000000000003,0.0,2.842170943040401e-14,8.050078442989616
E6_popsize_N120,cec2017,1,30,SEHHO-COBL,19,5136051203814742709,300000,300000,100.00000000000001,0.0,1.4210854715202004e-14,8.207559656992089
E6_popsize_N120,cec2017,1,30,SEHHO-COBL,20,1763335343462027899,300000,300000,100.00000000000001,0.0,1.4210854715202004e-14,7.993181137018837
E6_popsize_N120,cec2017,1,30,SEHHO-COBL,21,3439960858200457178,300000,300000,100.00000000000003,0.0,2.842170943040401e-14,8.052850723994197
E6_popsize_N120,cec2017,1,30,SEHHO-COBL,22,7079596781615951672,300000,300000,100.00000000000001,0.0,1.4210854715202004e-14,7.967597290989943
E6_popsize_N120,cec2017,1,30,SEHHO-COBL,23,9180963433608691695,300000,300000,100.00000000000001,0.0,1.4210854715202004e-14,8.090454021992628
E6_popsize_N120,cec2017,1,30,SEHHO-COBL,24,1094786480419580179,300000,300000,100.00000000000001,0.0,1.4210854715202004e-14,11.903321266989224
E6_popsize_N120,cec2017,1,30,SEHHO-COBL,25,6688780161466484572,300000,300000,100.00000000000003,0.0,2.842170943040401e-14,12.096450162003748
E6_popsize_N120,cec2017,1,30,SEHHO-COBL,26,875716405888236992,300000,300000,100.00000000000001,0.0,1.4210854715202004e-14,8.264182540006004
E6_popsize_N120,cec2017,1,30,SEHHO-COBL,27,298725767779196034,300000,300000,100.00000000000001,0.0,1.4210854715202004e-14,11.163829926983453
E6_popsize_N120,cec2017,1,30,SEHHO-COBL,28,1119858819542275396,300000,300000,100.00000000000001,0.0,1.4210854715202004e-14,9.169076972000767
E6_popsize_N120,cec2017,1,30,SEHHO-COBL,29,6216188740796601264,300000,300000,100.00000000000001,0.0,1.4210854715202004e-14,10.468064209999284
E6_popsize_N60,cec2017,13,30,SEHHO-COBL,0,6140222210336622914,300000,300000,1458.9730725453915,158.97307254539146,158.97307254539146,16.564896619005594
E6_popsize_N60,cec2017,13,30,SEHHO-COBL,1,5562484418200517679,300000,300000,1621.887020943925,321.8870209439251,321.8870209439251,13.068681150994962
E6_popsize_N60,cec2017,13,30,SEHHO-COBL,2,3306804826013227136,300000,300000,1452.76195328281,152.76195328281005,152.76195328281005,13.530356144998223
E6_popsize_N60,cec2017,13,30,SEHHO-COBL,3,8823150698186980728,300000,300000,1402.4940195732981,102.49401957329815,102.49401957329815,17.13447663100669
E6_popsize_N60,cec2017,13,30,SEHHO-COBL,4,2243772789767096448,300000,300000,1372.6316318260122,72.63163182601215,72.63163182601215,17.26322881001397
E6_popsize_N60,cec2017,13,30,SEHHO-COBL,5,4547934543303803687,300000,300000,1383.0490270040373,83.04902700403727,83.04902700403727,14.180890917021316
E6_popsize_N60,cec2017,13,30,SEHHO-COBL,6,3242516961465250265,300000,300000,1441.1272271145456,141.12722711454558,141.12722711454558,11.062547199020628
E6_popsize_N60,cec2017,13,30,SEHHO-COBL,7,6643565308875589125,300000,300000,1452.6394085109143,152.63940851091434,152.63940851091434,10.95476259800489
E6_popsize_N60,cec2017,13,30,SEHHO-COBL,8,4721402349136309463,300000,300000,1336.8133842217537,36.81338422175372,36.81338422175372,10.34366250000312
E6_popsize_N60,cec2017,13,30,SEHHO-COBL,9,7173195785939898346,300000,300000,1784.5254074138188,484.5254074138188,484.5254074138188,16.759876035008347
E6_popsize_N60,cec2017,13,30,SEHHO-COBL,10,3992810515670155291,300000,300000,1562.6525348976936,262.6525348976936,262.6525348976936,17.549956030008616
E6_popsize_N60,cec2017,13,30,SEHHO-COBL,11,6090998852995931762,300000,300000,3709.4269786036716,2409.4269786036716,2409.4269786036716,17.106764023017604
E6_popsize_N60,cec2017,13,30,SEHHO-COBL,12,2352629449674718462,300000,300000,1385.7938044986654,85.7938044986654,85.7938044986654,17.380334435001714
E6_popsize_N60,cec2017,13,30,SEHHO-COBL,13,2553396638462422344,300000,300000,2771.04635738438,1471.04635738438,1471.04635738438,13.694009525002912
E6_popsize_N60,cec2017,13,30,SEHHO-COBL,14,9168616054473965922,300000,300000,2016.3263896998005,716.3263896998005,716.3263896998005,9.270330694998847
E6_popsize_N60,cec2017,13,30,SEHHO-COBL,15,4020351990572553385,300000,300000,1889.729703996487,589.7297039964869,589.7297039964869,11.91505853200215
E6_popsize_N60,cec2017,13,30,SEHHO-COBL,16,926789845482291598,300000,300000,1413.9498596021026,113.9498596021026,113.9498596021026,14.14216327900067
E6_popsize_N60,cec2017,13,30,SEHHO-COBL,17,6125749957459188416,300000,300000,1464.1648560650997,164.16485606509968,164.16485606509968,15.94249711901648
E6_popsize_N60,cec2017,13,30,SEHHO-COBL,18,7091748979003577828,300000,300000,1434.9277144777202,134.9277144777202,134.9277144777202,14.180580054002348
E6_popsize_N60,cec2017,13,30,SEHHO-COBL,19,568920639181128945,300000,300000,1677.627364054788,377.6273640547879,377.6273640547879,11.831915737013333
E6_popsize_N60,cec2017,13,30,SEHHO-COBL,20,4600089236556278031,300000,300000,1345.7679448851407,45.76794488514065,45.76794488514065,12.611355224013096
E6_popsize_N60,cec2017,13,30,SEHHO-COBL,21,1226860304508690276,300000,300000,1370.6532490881445,70.65324908814455,70.65324908814455,15.702044742996804
E6_popsize_N60,cec2017,13,30,SEHHO-COBL,22,4404970376049730641,300000,300000,1348.1547168360098,48.15471683600981,48.15471683600981,15.706827833986608
E6_popsize_N60,cec2017,13,30,SEHHO-COBL,23,8445671610808965853,300000,300000,1367.2646378639051,67.26463786390514,67.26463786390514,9.656372600002214
E6_popsize_N60,cec2017,13,30,SEHHO-COBL,24,2194310676906522631,300000,300000,1565.731725046253,265.7317250462529,265.7317250462529,9.11488605098566
E6_popsize_N60,cec2017,13,30,SEHHO-COBL,25,7900292669475591539,300000,300000,1338.0131203558608,38.01312035586079,38.01312035586079,11.881152086018119
E6_popsize_N60,cec2017,13,30,SEHHO-COBL,26,7160496481130421785,300000,300000,1564.0954391295927,264.0954391295927,264.0954391295927,16.962673866015393
E6_popsize_N60,cec2017,13,30,SEHHO-COBL,27,6069743010309078365,300000,300000,1384.054735705248,84.05473570524805,84.05473570524805,17.676476904016454
E6_popsize_N60,cec2017,13,30,SEHHO-COBL,28,3498646661315312912,300000,300000,1473.18617432574,173.18617432574,173.18617432574,15.080506187019637
E6_popsize_N60,cec2017,13,30,SEHHO-COBL,29,2956966025602953326,300000,300000,1468.1454174713108,168.1454174713108,168.1454174713108,9.31888507399708
E6_popsize_N30,cec2017,30,30,SEHHO-COBL,0,3549210401410807119,300000,300000,5121.568672814483,2121.568672814483,2121.568672814483,29.785650629986776
E6_popsize_N30,cec2017,30,30,SEHHO-COBL,1,9146436322319750586,300000,300000,5394.735325113934,2394.735325113934,2394.735325113934,27.703807918005623
E6_popsize_N30,cec2017,30,30,SEHHO-COBL,2,3751373662733850670,300000,300000,5078.203800900368,2078.203800900368,2078.203800900368,23.790216244000476
E6_popsize_N30,cec2017,30,30,SEHHO-COBL,3,2334780106650414417,300000,300000,6226.826099429287,3226.826099429287,3226.826099429287,28.756427095009713
E6_popsize_N30,cec2017,30,30,SEHHO-COBL,4,3689212472027360563,300000,300000,5138.973113334177,2138.9731133341766,2138.9731133341766,27.732183519983664
E6_popsize_N30,cec2017,30,30,SEHHO-COBL,5,2400693412486881179,300000,300000,6871.461821288591,3871.4618212885907,3871.4618212885907,29.691150144004496
E6_popsize_N30,cec2017,30,30,SEHHO-COBL,6,3983939048608698411,300000,300000,5586.0371264648375,2586.0371264648375,2586.0371264648375,29.613625027006492
E6_popsize_N30,cec2017,30,30,SEHHO-COBL,7,8950939535427889555,300000,300000,5615.102025730962,2615.102025730962,2615.102025730962,28.89033558499068
E6_popsize_N30,cec2017,30,30,SEHHO-COBL,8,1080289693573115497,300000,300000,5657.43204217504,2657.43204217504,2657.43204217504,29.653225671994733
E6_popsize_N30,cec2017,30,30,SEHHO-COBL,9,2854047997836682616,300000,300000,5196.827799086588,2196.827799086588,2196.827799086588,29.62371352899936
E6_popsize_N30,cec2017,30,30,SEHHO-COBL,10,4399084000169448031,300000,300000,5838.362912996429,2838.3629129964293,2838.3629129964293,26.948792882001726
E6_popsize_N30,cec2017,30,30,SEHHO-COBL,11,6040051845600007795,300000,300000,5732.776498571771,2732.7764985717713,2732.7764985717713,26.667013563012006
E6_popsize_N30,cec2017,30,30,SEHHO-COBL,12,4673992920972099538,300000,300000,5890.247083998714,2890.2470839987136,2890.2470839987136,25.15549803499016
E6_popsize_N30,cec2017,30,30,SEHHO-COBL,13,2476165725203849513,300000,300000,5158.270633377501,2158.2706333775013,2158.2706333775013,18.25576300098328
E6_popsize_N30,cec2017,30,30,SEHHO-COBL,14,2907113511644157100,300000,300000,5474.162203234067,2474.1622032340674,2474.1622032340674,21.477311780006858
E6_popsize_N30,cec2017,30,30,SEHHO-COBL,15,6521957208336288426,300000,300000,5166.9097006719885,2166.9097006719885,2166.9097006719885,22.42424473000574
E6_popsize_N30,cec2017,30,30,SEHHO-COBL,16,2215930505656319275,300000,300000,5186.016789604839,2186.016789604839,2186.016789604839,29.630927339021582
E6_popsize_N30,cec2017,30,30,SEHHO-COBL,17,18515585281761949,300000,300000,5096.654379030816,2096.654379030816,2096.654379030816,24.26829291100148
E6_popsize_N30,cec2017,30,30,SEHHO-COBL,18,3311764594253185186,300000,300000,5051.228825694321,2051.228825694321,2051.228825694321,22.776083633012604
E6_popsize_N30,cec2017,30,30,SEHHO-COBL,19,3053783829360719283,300000,300000,10928.32457250767,7928.32457250767,7928.32457250767,24.161593683995306
E6_popsize_N30,cec2017,30,30,SEHHO-COBL,20,1641874661172327887,300000,300000,16452.460768957557,13452.460768957557,13452.460768957557,28.459296552988235
E6_popsize_N30,cec2017,30,30,SEHHO-COBL,21,4812346927508351201,300000,300000,5209.018966420074,2209.0189664200743,2209.0189664200743,23.664345208992017
E6_popsize_N30,cec2017,30,30,SEHHO-COBL,22,2068116345726960577,300000,300000,5221.256431085384,2221.256431085384,2221.256431085384,20.51277036301326
E6_popsize_N30,cec2017,30,30,SEHHO-COBL,23,3487750680767856501,300000,300000,5301.365509777662,2301.365509777662,2301.365509777662,24.834140863007633
E6_popsize_N30,cec2017,30,30,SEHHO-COBL,24,7623107023989386492,300000,300000,6544.529323303042,3544.5293233030416,3544.5293233030416,18.93806787999347
E6_popsize_N30,cec2017,30,30,SEHHO-COBL,25,2469803747879096645,300000,300000,5736.186489124871,2736.1864891248706,2736.1864891248706,28.939833153010113
E6_popsize_N30,cec2017,30,30,SEHHO-COBL,26,2993480115005415869,300000,300000,5465.753939913235,2465.7539399132347,2465.7539399132347,27.469288320979103
E6_popsize_N30,cec2017,30,30,SEHHO-COBL,27,2525332650890926089,300000,300000,5963.806869342023,2963.8068693420228,2963.8068693420228,21.158012889005477
E6_popsize_N30,cec2017,30,30,SEHHO-COBL,28,3368203712063375542,300000,300000,5926.563039703345,2926.5630397033447,2926.5630397033447,27.86509035198833
E6_popsize_N30,cec2017,30,30,SEHHO-COBL,29,2913791042191475560,300000,300000,6227.853772573551,3227.8537725735514,3227.8537725735514,28.451952067000093
E6_popsize_N120,cec2017,5,30,SEHHO-COBL,0,4386573812262232943,300000,300000,524.6824951016026,24.682495101602626,24.682495101602626,8.124686179013224
E6_popsize_N120,cec2017,5,30,SEHHO-COBL,1,983871891274878611,300000,300000,523.3848915782953,23.38489157829531,23.38489157829531,13.235092293994967
E6_popsize_N120,cec2017,5,30,SEHHO-COBL,2,7808938265136970949,300000,300000,521.4129177869777,21.412917786977687,21.412917786977687,9.47096600898658
E6_popsize_N120,cec2017,5,30,SEHHO-COBL,3,1103361308423326373,300000,300000,522.7758800017986,22.775880001798555,22.775880001798555,10.370125835004728
E6_popsize_N120,cec2017,5,30,SEHHO-COBL,4,6787837171399516975,300000,300000,527.2182681487496,27.218268148749644,27.218268148749644,14.008198802999686
E6_popsize_N120,cec2017,5,30,SEHHO-COBL,5,4184527878048395640,300000,300000,523.6947397406157,23.69473974061566,23.69473974061566,12.032570718001807
E6_popsize_N120,cec2017,5,30,SEHHO-COBL,6,5186506826175069963,300000,300000,524.2028514279684,24.202851427968426,24.202851427968426,10.216708453022875
E6_popsize_N120,cec2017,5,30,SEHHO-COBL,7,6751993096857800572,300000,300000,520.6170938595956,20.61709385959557,20.61709385959557,13.61445953999646
E6_popsize_N120,cec2017,5,30,SEHHO-COBL,8,7596179111676480901,300000,300000,523.7535561313011,23.75355613130114,23.75355613130114,15.66570244799368
E6_popsize_N120,cec2017,5,30,SEHHO-COBL,9,8073989196120590266,300000,300000,521.1920014889091,21.192001488909114,21.192001488909114,9.477899393998086
E6_popsize_N120,cec2017,5,30,SEHHO-COBL,10,7798889041890902267,300000,300000,521.703029140348,21.703029140348008,21.703029140348008,8.554545098013477
E6_popsize_N120,cec2017,5,30,SEHHO-COBL,11,3484572123974761538,300000,300000,527.285160546886,27.285160546886004,27.285160546886004,8.34366530898842
E6_popsize_N120,cec2017,5,30,SEHHO-COBL,12,4697881631604339396,300000,300000,526.2736970595636,26.273697059563574,26.273697059563574,8.103099901985843
E6_popsize_N120,cec2017,5,30,SEHHO-COBL,13,1206782220658799801,300000,300000,526.4775862972512,26.47758629725115,26.47758629725115,10.465133263001917
E6_popsize_N120,cec2017,5,30,SEHHO-COBL,14,1110074508032755270,300000,300000,520.9945493257825,20.994549325782486,20.994549325782486,8.056692619982641
E6_popsize_N120,cec2017,5,30,SEHHO-COBL,15,5415788720627366067,300000,300000,523.4853651826934,23.485365182693386,23.485365182693386,8.141163703985512
E6_popsize_N120,cec2017,5,30,SEHHO-COBL,16,8104181224788182379,300000,300000,525.8572387303794,25.857238730379436,25.857238730379436,8.227029515022878
E6_popsize_N120,cec2017,5,30,SEHHO-COBL,17,1296097588266813513,300000,300000,526.1612728927121,26.161272892712077,26.161272892712077,8.09859115400468
E6_popsize_N120,cec2017,5,30,SEHHO-COBL,18,4789018658687506130,300000,300000,530.99102012412,30.99102012412004,30.99102012412004,8.221890665998217
E6_popsize_N120,cec2017,5,30,SEHHO-COBL,19,3999227023924591429,300000,300000,521.0703963317197,21.070396331719735,21.070396331719735,10.294548450998263
E6_popsize_N120,cec2017,5,30,SEHHO-COBL,20,3677634902928867304,300000,300000,526.4312748960737,26.43127489607366,26.43127489607366,11.56324073698488
E6_popsize_N120,cec2017,5,30,SEHHO-COBL,21,8986696198556671292,300000,300000,519.5880392195244,19.588039219524376,19.588039219524376,8.11401502400986
E6_popsize_N120,cec2017,5,30,SEHHO-COBL,22,4935716103384194196,300000,300000,526.692541629903,26.692541629902962,26.692541629902962,9.16344968698104
E6_popsize_N120,cec2017,5,30,SEHHO-COBL,23,940148867617767016,300000,300000,522.8816123923539,22.881612392353873,22.881612392353873,15.637276722991373
E6_popsize_N120,cec2017,5,30,SEHHO-COBL,24,6484965474748191021,300000,300000,521.5984043927687,21.598404392768657,21.598404392768657,15.801581445004558
E6_popsize_N120,cec2017,5,30,SEHHO-COBL,25,3022840728356443139,300000,300000,528.4224808008568,28.42248080085676,28.42248080085676,11.35944605700206
E6_popsize_N120,cec2017,5,30,SEHHO-COBL,26,7345721479845941793,300000,300000,523.9075370835086,23.9075370835086,23.9075370835086,11.497040029993514
E6_popsize_N120,cec2017,5,30,SEHHO-COBL,27,2036315138392006598,300000,300000,522.907273294023,22.907273294022957,22.907273294022957,14.523810029990273
E6_popsize_N120,cec2017,5,30,SEHHO-COBL,28,4244682366388336631,300000,300000,521.876934332781,21.876934332781047,21.876934332781047,10.413475463021314
E6_popsize_N120,cec2017,5,30,SEHHO-COBL,29,5323518289895216974,300000,300000,516.653124116274,16.653124116273943,16.653124116273943,15.367291946022306
E6_popsize_N60,cec2017,14,30,SEHHO-COBL,0,4433593726108328494,300000,300000,1471.0349218271865,71.03492182718651,71.03492182718651,9.29239065098227
E6_popsize_N60,cec2017,14,30,SEHHO-COBL,1,6608229445377171532,300000,300000,1450.9953457534464,50.99534575344637,50.99534575344637,13.549032615002943
E6_popsize_N60,cec2017,14,30,SEHHO-COBL,2,7293537648919595325,300000,300000,1476.74082326194,76.74082326194002,76.74082326194002,16.323734591976972
E6_popsize_N60,cec2017,14,30,SEHHO-COBL,3,224725463302638213,300000,300000,1560.451090754479,160.45109075447908,160.45109075447908,16.92969414801337
E6_popsize_N60,cec2017,14,30,SEHHO-COBL,4,6901634906713575875,300000,300000,1430.1153849453226,30.115384945322603,30.115384945322603,10.89006409799913
E6_popsize_N60,cec2017,14,30,SEHHO-COBL,5,6702996832904592754,300000,300000,1465.7873589114065,65.7873589114065,65.7873589114065,14.836065209994558
E6_popsize_N60,cec2017,14,30,SEHHO-COBL,6,2039153394197126171,300000,300000,1486.7291769692247,86.72917696922468,86.72917696922468,16.847417117998702
E6_popsize_N60,cec2017,14,30,SEHHO-COBL,7,4796292960934917521,300000,300000,1495.902929353523,95.90292935352295,95.90292935352295,16.0918806240079
E6_popsize_N60,cec2017,14,30,SEHHO-COBL,8,2448102359229032922,300000,300000,1469.8222514330423,69.82225143304231,69.82225143304231,11.206050726003014
E6_popsize_N60,cec2017,14,30,SEHHO-COBL,9,4642499921586235066,300000,300000,1469.7820454938096,69.78204549380962,69.78204549380962,11.791990522993729
E6_popsize_N60,cec2017,14,30,SEHHO-COBL,10,377610680165161269,300000,300000,1444.0835056012866,44.08350560128656,44.08350560128656,15.382381197006907
E6_popsize_N60,cec2017,14,30,SEHHO-COBL,11,4691243873349539689,300000,300000,1530.4746350745752,130.4746350745752,130.4746350745752,15.790848414006177
E6_popsize_N60,cec2017,14,30,SEHHO-COBL,12,5451967508874679717,300000,300000,1476.0215425362703,76.02154253627032,76.02154253627032,10.002456168993376
E6_popsize_N60,cec2017,14,30,SEHHO-COBL,13,4009515258898571652,300000,300000,1480.0461525039054,80.04615250390543,80.04615250390543,16.402498351992108
E6_popsize_N60,cec2017,14,30,SEHHO-COBL,14,8579473541982974426,300000,300000,1445.903890711732,45.90389071173195,45.90389071173195,15.685393180989195
E6_popsize_N60,cec2017,14,30,SEHHO-COBL,15,4003503285143077647,300000,300000,1468.753035382761,68.75303538276103,68.75303538276103,17.212641007005004
E6_popsize_N60,cec2017,14,30,SEHHO-COBL,16,5357693321446648055,300000,300000,1552.3552445693504,152.35524456935036,152.35524456935036,14.322873942001024
E6_popsize_N60,cec2017,14,30,SEHHO-COBL,17,4405708145649931866,300000,300000,1460.9168469575454,60.91684695754543,60.91684695754543,9.811189627012936
E6_popsize_N60,cec2017,14,30,SEHHO-COBL,18,505650061267401110,300000,300000,1531.5009153439664,131.50091534396643,131.50091534396643,10.984918528003618
E6_popsize_N60,cec2017,14,30,SEHHO-COBL,19,840736081499397695,300000,300000,1486.7394199393898,86.73941993938979,86.73941993938979,16.64742071198998
E6_popsize_N60,cec2017,14,30,SEHHO-COBL,20,6710136147006416142,300000,300000,1496.6424823600871,96.64248236008712,96.64248236008712,16.284805436996976
E6_popsize_N60,cec2017,14,30,SEHHO-COBL,21,8272286515909876764,300000,300000,1523.7627741520173,123.7627741520173,123.7627741520173,14.780579449987272
E6_popsize_N60,cec2017,14,30,SEHHO-COBL,22,8039406031116628865,300000,300000,1589.142831136867,189.14283113686702,189.14283113686702,13.549367451982107
E6_popsize_N60,cec2017,14,30,SEHHO-COBL,23,6238672601633115606,300000,300000,1459.8144156055607,59.814415605560725,59.814415605560725,9.448493247997249
E6_popsize_N60,cec2017,14,30,SEHHO-COBL,24,2316804255984756046,300000,300000,1585.1840978073396,185.18409780733964,185.18409780733964,11.772319187992252
E6_popsize_N60,cec2017,14,30,SEHHO-COBL,25,564306906602460988,300000,300000,1499.9410484478833,99.9410484478833,99.9410484478833,10.491098764003254
E6_popsize_N60,cec2017,14,30,SEHHO-COBL,26,4921585848633493080,300000,300000,1500.6054433997601,100.60544339976013,100.60544339976013,16.002769926009933
E6_popsize_N60,cec2017,14,30,SEHHO-COBL,27,1991865916450706856,300000,300000,1477.7035371986528,77.70353719865284,77.70353719865284,16.217243988008704
E6_popsize_N60,cec2017,14,30,SEHHO-COBL,28,7603197142516290804,300000,300000,1506.5620775803004,106.56207758030041,106.56207758030041,16.754748787992867
E6_popsize_N60,cec2017,14,30,SEHHO-COBL,29,8060384730247095187,300000,300000,1474.8115554613298,74.81155546132982,74.81155546132982,14.741355812002439
E6_popsize_N60,cec2017,16,30,SEHHO-COBL,0,5454237832981738872,300000,300000,1893.6148351067425,293.6148351067425,293.6148351067425,13.66670182699454
E6_popsize_N60,cec2017,16,30,SEHHO-COBL,1,2522546631020341576,300000,300000,2055.8461093849114,455.8461093849114,455.8461093849114,11.262878103007097
E6_popsize_N60,cec2017,16,30,SEHHO-COBL,2,7685874781677166239,300000,300000,1983.604808149716,383.60480814971606,383.60480814971606,9.09696233298746
E6_popsize_N60,cec2017,16,30,SEHHO-COBL,3,4590147653626597593,300000,300000,2220.2192658453205,620.2192658453205,620.2192658453205,14.433954114996595
E6_popsize_N60,cec2017,16,30,SEHHO-COBL,4,5355646148930635023,300000,300000,1945.3176617564122,345.31766175641224,345.31766175641224,15.941823003988247
E6_popsize_N60,cec2017,16,30,SEHHO-COBL,5,1626198084784451086,300000,300000,1827.4900328416243,227.49003284162427,227.49003284162427,15.73142444700352
E6_popsize_N60,cec2017,16,30,SEHHO-COBL,6,5764052454633428902,300000,300000,2042.3551993160347,442.3551993160347,442.3551993160347,14.377880341984564
E6_popsize_N60,cec2017,16,30,SEHHO-COBL,7,3471651164729816827,300000,300000,1887.3571891037734,287.3571891037734,287.3571891037734,15.37291515301331
E6_popsize_N60,cec2017,16,30,SEHHO-COBL,8,6442418724642570653,300000,300000,1798.6559340492106,198.6559340492106,198.6559340492106,11.22313014199608
E6_popsize_N60,cec2017,16,30,SEHHO-COBL,9,6460553824229561829,300000,300000,1943.8042900043076,343.80429000430763,343.80429000430763,16.977671896020183
E6_popsize_N60,cec2017,16,30,SEHHO-COBL,10,375240459323195120,300000,300000,2140.4219318096857,540.4219318096857,540.4219318096857,17.090372990001924
E6_popsize_N60,cec2017,16,30,SEHHO-COBL,11,3913137287096148085,300000,300000,1990.0898240424922,390.0898240424922,390.0898240424922,16.81122374397819
E6_popsize_N60,cec2017,16,30,SEHHO-COBL,12,6430877215260848103,300000,300000,1995.4893806095806,395.4893806095806,395.4893806095806,15.682877502025804
E6_popsize_N60,cec2017,16,30,SEHHO-COBL,13,6747877797482134540,300000,300000,2244.4384714484104,644.4384714484104,644.4384714484104,16.571444149973104
E6_popsize_N60,cec2017,16,30,SEHHO-COBL,14,8633670568825442685,300000,300000,2232.8126658606197,632.8126658606197,632.8126658606197,14.001946124975802
E6_popsize_N60,cec2017,16,30,SEHHO-COBL,15,4736123413703988138,300000,300000,2114.782059098292,514.7820590982919,514.7820590982919,15.292709158005891
E6_popsize_N60,cec2017,16,30,SEHHO-COBL,16,4321096463877111390,300000,300000,1899.4391630912792,299.43916309127917,299.43916309127917,16.162965230992995
E6_popsize_N60,cec2017,16,30,SEHHO-COBL,17,8747953103432357266,300000,300000,1731.8721821414526,131.87218214145264,131.87218214145264,15.199148323008558
E6_popsize_N60,cec2017,16,30,SEHHO-COBL,18,8404343566632097675,300000,300000,1686.7918234478095,86.79182344780952,86.79182344780952,15.12254439399112
E6_popsize_N60,cec2017,16,30,SEHHO-COBL,19,2646355601785722787,300000,300000,1889.2705203636306,289.27052036363057,289.27052036363057,13.996203173999675
E6_popsize_N60,cec2017,16,30,SEHHO-COBL,20,3214694730944358029,300000,300000,2078.5097230475117,478.50972304751167,478.50972304751167,13.686012536025373
E6_popsize_N60,cec2017,16,30,SEHHO-COBL,21,2834611292071834441,300000,300000,2210.300291047547,610.300291047547,610.300291047547,12.918514907010831
E6_popsize_N60,cec2017,16,30,SEHHO-COBL,22,7363692255536508627,300000,300000,2011.8018591103664,411.8018591103664,411.8018591103664,11.413429198990343
E6_popsize_N60,cec2017,16,30,SEHHO-COBL,23,8671556755420161400,300000,300000,2015.6808498435794,415.6808498435794,415.6808498435794,10.758111216011457
E6_popsize_N60,cec2017,16,30,SEHHO-COBL,24,9079809820004907051,300000,300000,1991.123579181776,391.123579181776,391.123579181776,16.698924644006183
E6_popsize_N60,cec2017,16,30,SEHHO-COBL,25,8671983064225793075,300000,300000,1995.9017408311033,395.9017408311033,395.9017408311033,12.245448945992393
E6_popsize_N60,cec2017,16,30,SEHHO-COBL,26,2391883981740320831,300000,300000,1971.5361273312408,371.5361273312408,371.5361273312408,10.432813482999336
E6_popsize_N60,cec2017,16,30,SEHHO-COBL,27,2185618224801716704,300000,300000,1878.3397989065552,278.3397989065552,278.3397989065552,8.898143705999246
E6_popsize_N60,cec2017,16,30,SEHHO-COBL,28,8204357519908338197,300000,300000,1859.8622433205283,259.86224332052825,259.86224332052825,10.549219897016883
E6_popsize_N60,cec2017,16,30,SEHHO-COBL,29,6915489546864514692,300000,300000,2220.748943462229,620.7489434622289,620.7489434622289,12.60751172498567
E6_popsize_N120,cec2017,3,30,SEHHO-COBL,0,2279112801691075421,300000,300000,300.0000000000001,0.0,1.1368683772161603e-13,14.947650451009395
E6_popsize_N120,cec2017,3,30,SEHHO-COBL,1,4115879793781307511,300000,300000,300.0000000000001,0.0,1.1368683772161603e-13,15.04945099898032
E6_popsize_N120,cec2017,3,30,SEHHO-COBL,2,4026737654837638977,300000,300000,300.00000000000017,0.0,1.7053025658242404e-13,12.2067328900157
E6_popsize_N120,cec2017,3,30,SEHHO-COBL,3,1011953817513283080,300000,300000,300.00000000000017,0.0,1.7053025658242404e-13,14.805939015001059
E6_popsize_N120,cec2017,3,30,SEHHO-COBL,4,4436191315982415780,300000,300000,300.0000000000001,0.0,1.1368683772161603e-13,15.613646701996913
E6_popsize_N120,cec2017,3,30,SEHHO-COBL,5,221452797132160179,300000,300000,300.00000000000017,0.0,1.7053025658242404e-13,13.73515402697376
E6_popsize_N120,cec2017,3,30,SEHHO-COBL,6,3450925080077839198,300000,300000,300.00000000000017,0.0,1.7053025658242404e-13,13.663604115979979
E6_popsize_N120,cec2017,3,30,SEHHO-COBL,7,386329302129122764,300000,300000,300.0000000000002,0.0,2.2737367544323206e-13,14.262401228013914
E6_popsize_N120,cec2017,3,30,SEHHO-COBL,8,2985309107625475954,300000,300000,300.00000000000017,0.0,1.7053025658242404e-13,15.634293979004724
E6_popsize_N120,cec2017,3,30,SEHHO-COBL,9,8039977465535466634,300000,300000,300.0000000000002,0.0,2.2737367544323206e-13,15.73753437801497
E6_popsize_N120,cec2017,3,30,SEHHO-COBL,10,7222716364785152726,300000,300000,300.0000000000001,0.0,1.1368683772161603e-13,15.059759793977719
E6_popsize_N120,cec2017,3,30,SEHHO-COBL,11,2103016620344589721,300000,300000,300.00000000000017,0.0,1.7053025658242404e-13,13.394617842015577
E6_popsize_N120,cec2017,3,30,SEHHO-COBL,12,6309850813403406225,300000,300000,300.0000000000001,0.0,1.1368683772161603e-13,8.424844830995426
E6_popsize_N120,cec2017,3,30,SEHHO-COBL,13,526453426833059753,300000,300000,300.0000000000001,0.0,1.1368683772161603e-13,8.10836447501788
E6_popsize_N120,cec2017,3,30,SEHHO-COBL,14,1804807128010881370,300000,300000,300.00000000000017,0.0,1.7053025658242404e-13,8.076858612999786
E6_popsize_N120,cec2017,3,30,SEHHO-COBL,15,7530785008881728401,300000,300000,300.0000000000002,0.0,2.2737367544323206e-13,8.693654022004921
E6_popsize_N120,cec2017,3,30,SEHHO-COBL,16,6453365092680269127,300000,300000,300.0000000000001,0.0,1.1368683772161603e-13,8.555870533979032
E6_popsize_N120,cec2017,3,30,SEHHO-COBL,17,4659904122181206015,300000,300000,300.0000000000003,0.0,2.8421709430404007e-13,8.010484420985449
E6_popsize_N120,cec2017,3,30,SEHHO-COBL,18,1885464124344457248,300000,300000,300.0000000000002,0.0,2.2737367544323206e-13,8.061062255001161
E6_popsize_N120,cec2017,3,30,SEHHO-COBL,19,7953795962625740197,300000,300000,300.0000000000001,0.0,1.1368683772161603e-13,11.00721148098819
E6_popsize_N120,cec2017,3,30,SEHHO-COBL,20,1826069443964142880,300000,300000,300.0000000000001,0.0,1.1368683772161603e-13,8.228875066997716
E6_popsize_N120,cec2017,3,30,SEHHO-COBL,21,7303469671762972509,300000,300000,300.0000000000001,0.0,1.1368683772161603e-13,11.78571999198175
E6_popsize_N120,cec2017,3,30,SEHHO-COBL,22,7116411785844407344,300000,300000,300.0000000000002,0.0,2.2737367544323206e-13,15.095828845980577
E6_popsize_N120,cec2017,3,30,SEHHO-COBL,23,8413552970815944598,300000,300000,300.00000000000017,0.0,1.7053025658242404e-13,10.183393167011673
E6_popsize_N120,cec2017,3,30,SEHHO-COBL,24,7901243792544891482,300000,300000,300.00000000000017,0.0,1.7053025658242404e-13,10.115066953992937
E6_popsize_N120,cec2017,3,30,SEHHO-COBL,25,7470791430423580435,300000,300000,300.0000000000001,0.0,1.1368683772161603e-13,7.915719898999669
E6_popsize_N120,cec2017,3,30,SEHHO-COBL,26,1589052253297509472,300000,300000,300.0000000000001,0.0,1.1368683772161603e-13,10.667665825021686
E6_popsize_N120,cec2017,3,30,SEHHO-COBL,27,7877899720502551253,300000,300000,300.00000000000017,0.0,1.7053025658242404e-13,15.598146500007715
E6_popsize_N120,cec2017,3,30,SEHHO-COBL,28,7924673708182380591,300000,300000,300.00000000000017,0.0,1.7053025658242404e-13,15.118091001000721
E6_popsize_N120,cec2017,3,30,SEHHO-COBL,29,9009501030330528320,300000,300000,300.00000000000006,0.0,5.684341886080802e-14,13.95053775300039
E6_popsize_N60,cec2017,18,30,SEHHO-COBL,0,4597932037725139805,300000,300000,2022.5563659806282,222.55636598062824,222.55636598062824,16.703643925022334
E6_popsize_N60,cec2017,18,30,SEHHO-COBL,1,6660838570049060946,300000,300000,1915.1920736603258,115.19207366032583,115.19207366032583,16.78595720298472
E6_popsize_N60,cec2017,18,30,SEHHO-COBL,2,34628003290866119,300000,300000,1838.6282645008719,38.628264500871865,38.628264500871865,16.724622423003893
E6_popsize_N60,cec2017,18,30,SEHHO-COBL,3,763970702908297820,300000,300000,2149.568701219285,349.5687012192848,349.5687012192848,16.656479914003285
E6_popsize_N60,cec2017,18,30,SEHHO-COBL,4,2525165260303822091,300000,300000,1891.4555143786909,91.45551437869085,91.45551437869085,16.80784016699181
E6_popsize_N60,cec2017,18,30,SEHHO-COBL,5,1228021417442212276,300000,300000,1890.8384504457833,90.83845044578334,90.83845044578334,16.70410986902425
E6_popsize_N60,cec2017,18,30,SEHHO-COBL,6,8306262905217466011,300000,300000,1938.9467178191146,138.9467178191146,138.9467178191146,16.86950935499044
E6_popsize_N60,cec2017,18,30,SEHHO-COBL,7,7238904289477221347,300000,300000,2009.4952577596662,209.49525775966617,209.49525775966617,16.789932448999025
E6_popsize_N60,cec2017,18,30,SEHHO-COBL,8,4371406705486692942,300000,300000,1866.981058104212,66.98105810421202,66.98105810421202,16.62549555901205
E6_popsize_N60,cec2017,18,30,SEHHO-COBL,9,3211523413760357020,300000,300000,1919.0918978455056,119.09189784550563,119.09189784550563,16.867920343996957
E6_popsize_N60,cec2017,18,30,SEHHO-COBL,10,3522554543656836145,300000,300000,1883.4381960965638,83.43819609656384,83.43819609656384,16.76630513300188
E6_popsize_N60,cec2017,18,30,SEHHO-COBL,11,513586774677505630,300000,300000,2066.963457387855,266.9634573878552,266.9634573878552,16.814096101006726
E6_popsize_N60,cec2017,18,30,SEHHO-COBL,12,5751979440136574969,300000,300000,1889.0731933289112,89.0731933289112,89.0731933289112,12.762331157020526
E6_popsize_N60,cec2017,18,30,SEHHO-COBL,13,3496981701825980999,300000,300000,1858.3033998005324,58.30339980053236,58.30339980053236,12.207158387987874
E6_popsize_N60,cec2017,18,30,SEHHO-COBL,14,5176356088201201380,300000,300000,1855.8609604756891,55.860960475689126,55.860960475689126,9.794223645003513
E6_popsize_N60,cec2017,18,30,SEHHO-COBL,15,8728983959718086070,300000,300000,1912.398734860192,112.39873486019201,112.39873486019201,13.072577999992063
E6_popsize_N60,cec2017,18,30,SEHHO-COBL,16,6661646475147613506,300000,300000,2000.521168514374,200.52116851437404,200.52116851437404,11.616183667996665
E6_popsize_N60,cec2017,18,30,SEHHO-COBL,17,7885545694587660578,300000,300000,1872.3583418001979,72.35834180019788,72.35834180019788,9.188698874990223
E6_popsize_N60,cec2017,18,30,SEHHO-COBL,18,5054602562355042696,300000,300000,1849.976578536422,49.97657853642204,49.97657853642204,9.019191144005163
E6_popsize_N60,cec2017,18,30,SEHHO-COBL,19,539260105352082998,300000,300000,1932.6490549959747,132.64905499597467,132.64905499597467,12.267113280016929
E6_popsize_N60,cec2017,18,30,SEHHO-COBL,20,4379734228540183866,300000,300000,2035.291721579271,235.2917215792711,235.2917215792711,8.888793318998069
E6_popsize_N60,cec2017,18,30,SEHHO-COBL,21,6862941218808204559,300000,300000,1908.0603819211437,108.06038192114374,108.06038192114374,9.041388067009393
E6_popsize_N60,cec2017,18,30,SEHHO-COBL,22,537337103978164108,300000,300000,1855.039655358511,55.03965535851103,55.03965535851103,10.554403348010965
E6_popsize_N60,cec2017,18,30,SEHHO-COBL,23,550363901163655331,300000,300000,1915.6752351505793,115.67523515057928,115.67523515057928,10.417544433992589
E6_popsize_N60,cec2017,18,30,SEHHO-COBL,24,7768167326690967359,300000,300000,1993.5296277811744,193.52962778117444,193.52962778117444,9.114166421000846
E6_popsize_N60,cec2017,18,30,SEHHO-COBL,25,8264878807476800545,300000,300000,1958.58617295087,158.58617295086992,158.58617295086992,13.570124445017427
E6_popsize_N60,cec2017,18,30,SEHHO-COBL,26,855005727292915867,300000,300000,2081.0699325216397,281.06993252163966,281.06993252163966,12.847679247002816
E6_popsize_N60,cec2017,18,30,SEHHO-COBL,27,7529544117941920332,300000,300000,1991.3895649945234,191.38956499452343,191.38956499452343,16.811958411009982
E6_popsize_N60,cec2017,18,30,SEHHO-COBL,28,3347778324287068012,300000,300000,1843.603132670171,43.60313267017091,43.60313267017091,16.3578910860233
E6_popsize_N60,cec2017,18,30,SEHHO-COBL,29,301697881073438391,300000,300000,2133.5594065276623,333.5594065276623,333.5594065276623,11.719526517990744
E6_popsize_N60,cec2017,15,30,SEHHO-COBL,0,5981370848266343074,300000,300000,1614.5623176827262,114.56231768272619,114.56231768272619,12.107547696999973
E6_popsize_N60,cec2017,15,30,SEHHO-COBL,1,2253838203265492421,300000,300000,1632.3729807991022,132.37298079910215,132.37298079910215,17.524575174989877
E6_popsize_N60,cec2017,15,30,SEHHO-COBL,2,8944615923098676104,300000,300000,1652.1012637996682,152.10126379966823,152.10126379966823,16.933934541011695
E6_popsize_N60,cec2017,15,30,SEHHO-COBL,3,3797001477809770622,300000,300000,1719.979670669994,219.979670669994,219.979670669994,17.272968237986788
E6_popsize_N60,cec2017,15,30,SEHHO-COBL,4,5735514380626684239,300000,300000,1692.3236488453651,192.32364884536514,192.32364884536514,17.73542748199543
E6_popsize_N60,cec2017,15,30,SEHHO-COBL,5,6449010501707048424,300000,300000,1750.9677738961536,250.96777389615363,250.96777389615363,11.528438982000807
E6_popsize_N60,cec2017,15,30,SEHHO-COBL,6,120640879315903975,300000,300000,1789.1981401843536,289.19814018435363,289.19814018435363,9.130643345008139
E6_popsize_N60,cec2017,15,30,SEHHO-COBL,7,3429178726327698018,300000,300000,1597.4564923315515,97.45649233155154,97.45649233155154,13.817407240974717
E6_popsize_N60,cec2017,15,30,SEHHO-COBL,8,7987222508503565637,300000,300000,1614.724010317009,114.72401031700906,114.72401031700906,17.26681075899978
E6_popsize_N60,cec2017,15,30,SEHHO-COBL,9,3473093109153906933,300000,300000,1630.5208430421344,130.5208430421344,130.5208430421344,17.6088955370069
E6_popsize_N60,cec2017,15,30,SEHHO-COBL,10,2956067846604800208,300000,300000,1565.0467752710324,65.0467752710324,65.0467752710324,17.34231860199361
E6_popsize_N60,cec2017,15,30,SEHHO-COBL,11,137450916760722699,300000,300000,1788.6537148041643,288.65371480416434,288.65371480416434,17.52510979800718
E6_popsize_N60,cec2017,15,30,SEHHO-COBL,12,7213246045848123267,300000,300000,1662.2958934387152,162.2958934387152,162.2958934387152,17.594913381995866
E6_popsize_N60,cec2017,15,30,SEHHO-COBL,13,6582663219269878072,300000,300000,1668.2412603365237,168.24126033652374,168.24126033652374,17.24282977898838
E6_popsize_N60,cec2017,15,30,SEHHO-COBL,14,3479561791695532960,300000,300000,1592.6259839689878,92.62598396898784,92.62598396898784,17.96582083098474
E6_popsize_N60,cec2017,15,30,SEHHO-COBL,15,5264275255819376820,300000,300000,1786.7177347636803,286.71773476368026,286.71773476368026,17.17739288500161
E6_popsize_N60,cec2017,15,30,SEHHO-COBL,16,3356914867074034761,300000,300000,1795.7511010242376,295.75110102423764,295.75110102423764,11.423892683989834
E6_popsize_N60,cec2017,15,30,SEHHO-COBL,17,7583752488809028941,300000,300000,1642.749999422682,142.7499994226821,142.7499994226821,15.019391530018765
E6_popsize_N60,cec2017,15,30,SEHHO-COBL,18,4267646990697803307,300000,300000,1866.3496821537753,366.34968215377535,366.34968215377535,17.071680989989545
E6_popsize_N60,cec2017,15,30,SEHHO-COBL,19,4560399551696555746,300000,300000,1534.0539053186142,34.05390531861417,34.05390531861417,16.415681327984203
E6_popsize_N60,cec2017,15,30,SEHHO-COBL,20,8296055384480440230,300000,300000,1857.5200367020404,357.52003670204044,357.52003670204044,12.025878968008328
E6_popsize_N60,cec2017,15,30,SEHHO-COBL,21,3574758557370381469,300000,300000,1700.0340114022038,200.03401140220376,200.03401140220376,15.416471097007161
E6_popsize_N60,cec2017,15,30,SEHHO-COBL,22,5166652753356528712,300000,300000,1650.3615082003507,150.36150820035073,150.36150820035073,15.443487679003738
E6_popsize_N60,cec2017,15,30,SEHHO-COBL,23,3755062519538692860,300000,300000,1638.560077035031,138.5600770350311,138.5600770350311,15.342855974013219
E6_popsize_N60,cec2017,15,30,SEHHO-COBL,24,920567544635239192,300000,300000,1809.8220143733042,309.8220143733042,309.8220143733042,15.349533367989352
E6_popsize_N60,cec2017,15,30,SEHHO-COBL,25,3711643420896103654,300000,300000,1604.666385053593,104.6663850535931,104.6663850535931,14.448593072011136
E6_popsize_N60,cec2017,15,30,SEHHO-COBL,26,7547323346552831467,300000,300000,1589.8939887715103,89.8939887715103,89.8939887715103,8.92843472000095
E6_popsize_N60,cec2017,15,30,SEHHO-COBL,27,7793732967632195117,300000,300000,1735.9071095490865,235.9071095490865,235.9071095490865,13.630718775995774
E6_popsize_N60,cec2017,15,30,SEHHO-COBL,28,1098715302372792194,300000,300000,1861.4777541208434,361.47775412084343,361.47775412084343,16.880816823017085
E6_popsize_N60,cec2017,15,30,SEHHO-COBL,29,2805978132531621448,300000,300000,1649.426040086931,149.42604008693093,149.42604008693093,16.853953257988906
E6_popsize_N60,cec2017,20,30,SEHHO-COBL,0,666884784731692033,300000,300000,2066.1848542027287,66.18485420272873,66.18485420272873,10.017380620993208
E6_popsize_N60,cec2017,20,30,SEHHO-COBL,1,4045561767293178032,300000,300000,2175.0085738887997,175.00857388879967,175.00857388879967,11.781704821012681
E6_popsize_N60,cec2017,20,30,SEHHO-COBL,2,3476928885421745752,300000,300000,2070.196156492259,70.19615649225898,70.19615649225898,17.31776465801522
E6_popsize_N60,cec2017,20,30,SEHHO-COBL,3,2150762930225615750,300000,300000,2051.5225890721467,51.52258907214673,51.52258907214673,18.50145858002361
E6_popsize_N60,cec2017,20,30,SEHHO-COBL,4,1187985161996271051,300000,300000,2071.103467665035,71.10346766503517,71.10346766503517,16.657924983999692
E6_popsize_N60,cec2017,20,30,SEHHO-COBL,5,5310031472250256204,300000,300000,2110.6221979834277,110.62219798342767,110.62219798342767,11.44747026701225
E6_popsize_N60,cec2017,20,30,SEHHO-COBL,6,7843297570252815373,300000,300000,2049.3945949064982,49.39459490649824,49.39459490649824,14.7732958990091
E6_popsize_N60,cec2017,20,30,SEHHO-COBL,7,2368174807956082484,300000,300000,2047.23516907414,47.23516907414,47.23516907414,11.005363755015424
E6_popsize_N60,cec2017,20,30,SEHHO-COBL,8,7787668991616124490,300000,300000,2193.839507855342,193.83950785534216,193.83950785534216,13.335921660007443
E6_popsize_N60,cec2017,20,30,SEHHO-COBL,9,333727220752306002,300000,300000,2049.74861733723,49.748617337229916,49.748617337229916,17.709879343979992
E6_popsize_N60,cec2017,20,30,SEHHO-COBL,10,5811526949069867922,300000,300000,2039.591895463391,39.59189546339098,39.59189546339098,13.504617609025445
E6_popsize_N60,cec2017,20,30,SEHHO-COBL,11,5398391838701651531,300000,300000,2055.559076652499,55.55907665249879,55.55907665249879,16.131120061996626
E6_popsize_N60,cec2017,20,30,SEHHO-COBL,12,1258211508217718267,300000,300000,2082.6561870155947,82.6561870155947,82.6561870155947,10.6898058509978
E6_popsize_N60,cec2017,20,30,SEHHO-COBL,13,4059830286109385585,300000,300000,2198.2052160708245,198.20521607082446,198.20521607082446,12.669983878993662
E6_popsize_N60,cec2017,20,30,SEHHO-COBL,14,3230331098579382624,300000,300000,2183.634366435187,183.63436643518708,183.63436643518708,14.126403678994393
E6_popsize_N60,cec2017,20,30,SEHHO-COBL,15,7689816792316942848,300000,300000,2046.9618248720733,46.961824872073294,46.961824872073294,18.520910535007715
E6_popsize_N60,cec2017,20,30,SEHHO-COBL,16,8050073162253880671,300000,300000,2069.1788465507543,69.17884655075432,69.17884655075432,18.328511208004784
E6_popsize_N60,cec2017,20,30,SEHHO-COBL,17,7363055870911322739,300000,300000,2184.8564905149456,184.85649051494556,184.85649051494556,13.102485074021388
E6_popsize_N60,cec2017,20,30,SEHHO-COBL,18,2007676281263358367,300000,300000,2085.31336159365,85.31336159364992,85.31336159364992,17.25504247500794
E6_popsize_N60,cec2017,20,30,SEHHO-COBL,19,2141711053523743828,300000,300000,2071.0064808132524,71.00648081325244,71.00648081325244,10.051777054992272
E6_popsize_N60,cec2017,20,30,SEHHO-COBL,20,6085045938936322383,300000,300000,2201.65551237793,201.65551237792988,201.65551237792988,10.333349235996138
E6_popsize_N60,cec2017,20,30,SEHHO-COBL,21,5503057214935472015,300000,300000,2100.698045786757,100.69804578675712,100.69804578675712,14.319080356013728
E6_popsize_N60,cec2017,20,30,SEHHO-COBL,22,3530665768270705174,300000,300000,2164.747203479951,164.74720347995117,164.74720347995117,16.56798958001309
E6_popsize_N60,cec2017,20,30,SEHHO-COBL,23,8704832007178101730,300000,300000,2148.987784475228,148.98778447522818,148.98778447522818,17.955054346995894
E6_popsize_N60,cec2017,20,30,SEHHO-COBL,24,4916242158802774400,300000,300000,2063.241133744437,63.241133744436866,63.241133744436866,16.8927187770023
E6_popsize_N60,cec2017,20,30,SEHHO-COBL,25,8507097852563894498,300000,300000,2057.437351824564,57.43735182456385,57.43735182456385,18.41433981899172
E6_popsize_N60,cec2017,20,30,SEHHO-COBL,26,5156859248441093210,300000,300000,2100.956285219548,100.95628521954814,100.95628521954814,17.93330652700388
E6_popsize_N60,cec2017,20,30,SEHHO-COBL,27,8934238412918682722,300000,300000,2080.221094915449,80.22109491544916,80.22109491544916,17.893832439003745
E6_popsize_N60,cec2017,20,30,SEHHO-COBL,28,6598940058752535171,300000,300000,2160.9447524434895,160.9447524434895,160.9447524434895,11.455551513994578
E6_popsize_N60,cec2017,20,30,SEHHO-COBL,29,5004966548089373370,300000,300000,2174.165387274437,174.16538727443685,174.16538727443685,18.18579771302757
E6_popsize_N60,cec2017,17,30,SEHHO-COBL,0,3308802911381119951,300000,300000,1769.1641152221378,69.16411522213775,69.16411522213775,18.243245822988683
E6_popsize_N60,cec2017,17,30,SEHHO-COBL,1,8240263008682151853,300000,300000,1750.8415558952606,50.841555895260626,50.841555895260626,12.384368234983413
E6_popsize_N60,cec2017,17,30,SEHHO-COBL,2,8456144027750599899,300000,300000,1775.1063049183513,75.10630491835127,75.10630491835127,9.946637144021224
E6_popsize_N60,cec2017,17,30,SEHHO-COBL,3,3486881096212502698,300000,300000,1809.4123090705602,109.41230907056024,109.41230907056024,9.895361661998322
E6_popsize_N60,cec2017,17,30,SEHHO-COBL,4,5054988721298239597,300000,300000,1772.63577427565,72.63577427564996,72.63577427564996,9.88533594700857
E6_popsize_N60,cec2017,17,30,SEHHO-COBL,5,595487226641809856,300000,300000,1770.7002792131868,70.70027921318683,70.70027921318683,10.379174327012151
E6_popsize_N60,cec2017,17,30,SEHHO-COBL,6,3021412865919133499,300000,300000,1738.6191720722397,38.619172072239735,38.619172072239735,13.83592865098035
E6_popsize_N60,cec2017,17,30,SEHHO-COBL,7,8943104348270029190,300000,300000,1883.4878787786138,183.48787877861378,183.48787877861378,16.483020270999987
E6_popsize_N60,cec2017,17,30,SEHHO-COBL,8,4279533384453221715,300000,300000,1795.1454376919705,95.14543769197053,95.14543769197053,15.511190254008397
E6_popsize_N60,cec2017,17,30,SEHHO-COBL,9,5727746753785499129,300000,300000,1786.8284663720465,86.82846637204648,86.82846637204648,9.705944938992616
E6_popsize_N60,cec2017,17,30,SEHHO-COBL,10,8774473189365990143,300000,300000,1793.8631299627345,93.86312996273455,93.86312996273455,10.762866795994341
E6_popsize_N60,cec2017,17,30,SEHHO-COBL,11,8035707060104509156,300000,300000,1761.989388433879,61.98938843387896,61.98938843387896,9.893232628004625
E6_popsize_N60,cec2017,17,30,SEHHO-COBL,12,4654245165121720900,300000,300000,1799.4575263971328,99.45752639713282,99.45752639713282,9.767196181986947
E6_popsize_N60,cec2017,17,30,SEHHO-COBL,13,2848970676828660569,300000,300000,1781.5120129928373,81.5120129928373,81.5120129928373,12.389064382994547
E6_popsize_N60,cec2017,17,30,SEHHO-COBL,14,4478025646499617265,300000,300000,1876.0903224318436,176.09032243184356,176.09032243184356,18.011164878989803
E6_popsize_N60,cec2017,17,30,SEHHO-COBL,15,5270119020305494421,300000,300000,1756.6596266695994,56.65962666959945,56.65962666959945,17.994464015006088
E6_popsize_N60,cec2017,17,30,SEHHO-COBL,16,3965167414720557686,300000,300000,1849.219513253187,149.21951325318696,149.21951325318696,18.025147534994176
E6_popsize_N60,cec2017,17,30,SEHHO-COBL,17,8371743622401372606,300000,300000,1754.8234233685907,54.82342336859074,54.82342336859074,17.86178921800456
E6_popsize_N60,cec2017,17,30,SEHHO-COBL,18,2387876749634396538,300000,300000,1756.4580364756453,56.45803647564526,56.45803647564526,17.990647074999288
E6_popsize_N60,cec2017,17,30,SEHHO-COBL,19,7019786893604973659,300000,300000,1764.2422245445437,64.24222454454366,64.24222454454366,18.01017491199309
E6_popsize_N60,cec2017,17,30,SEHHO-COBL,20,7067745294866407519,300000,300000,1780.2224854751166,80.22248547511663,80.22248547511663,17.970245901000453
E6_popsize_N60,cec2017,17,30,SEHHO-COBL,21,6415823963045430150,300000,300000,1774.664461511346,74.66446151134596,74.66446151134596,17.952773850003723
E6_popsize_N60,cec2017,17,30,SEHHO-COBL,22,7335543034996453582,300000,300000,1792.7840297988287,92.78402979882867,92.78402979882867,17.64535681399866
E6_popsize_N60,cec2017,17,30,SEHHO-COBL,23,5012695475654557171,300000,300000,1759.5445580918924,59.54455809189244,59.54455809189244,17.96002124302322
E6_popsize_N60,cec2017,17,30,SEHHO-COBL,24,284915318554760076,300000,300000,1752.805118416174,52.80511841617408,52.80511841617408,18.032668270985596
E6_popsize_N60,cec2017,17,30,SEHHO-COBL,25,2864426483538653381,300000,300000,1755.4648508788455,55.46485087884548,55.46485087884548,17.952504635002697
E6_popsize_N60,cec2017,17,30,SEHHO-COBL,26,6121344098657897058,300000,300000,1767.9470336974653,67.94703369746526,67.94703369746526,18.226177739008563
E6_popsize_N60,cec2017,17,30,SEHHO-COBL,27,1258563103364875191,300000,300000,1751.4647615704523,51.46476157045231,51.46476157045231,18.337663183017867
E6_popsize_N60,cec2017,17,30,SEHHO-COBL,28,7438385876093358501,300000,300000,1765.4881563136396,65.48815631363959,65.48815631363959,18.312714458996197
E6_popsize_N60,cec2017,17,30,SEHHO-COBL,29,2823842047309172059,300000,300000,1774.6288828378013,74.62888283780126,74.62888283780126,18.346960401016986
E6_popsize_N60,cec2017,22,30,SEHHO-COBL,0,4213931341703069862,300000,300000,2300.000000000001,100.00000000000091,100.00000000000091,16.41692498102202
E6_popsize_N60,cec2017,22,30,SEHHO-COBL,1,6192967940528802530,300000,300000,2317.5286662848066,117.5286662848066,117.5286662848066,18.42885397200007
E6_popsize_N60,cec2017,22,30,SEHHO-COBL,2,7645016756848302171,300000,300000,2300.000000000001,100.00000000000091,100.00000000000091,16.383693553012563
E6_popsize_N60,cec2017,22,30,SEHHO-COBL,3,6956684775167905178,300000,300000,2312.213249925442,112.21324992544214,112.21324992544214,17.721614904992748
E6_popsize_N60,cec2017,22,30,SEHHO-COBL,4,8243331879890265467,300000,300000,2300.000000000001,100.00000000000091,100.00000000000091,18.331449999997858
E6_popsize_N60,cec2017,22,30,SEHHO-COBL,5,8056958218246190372,300000,300000,2302.453362603273,102.45336260327304,102.45336260327304,17.67384950601263
E6_popsize_N60,cec2017,22,30,SEHHO-COBL,6,4123725387375978215,300000,300000,2300.000000000001,100.00000000000091,100.00000000000091,15.483532268001
E6_popsize_N60,cec2017,22,30,SEHHO-COBL,7,603087178826335752,300000,300000,2300.000000000001,100.00000000000091,100.00000000000091,9.76473506601178
E6_popsize_N60,cec2017,22,30,SEHHO-COBL,8,5528119026366183719,300000,300000,2300.000000000001,100.00000000000091,100.00000000000091,9.847594268008834
E6_popsize_N60,cec2017,22,30,SEHHO-COBL,9,8678331826356151645,300000,300000,2300.000000000001,100.00000000000091,100.00000000000091,17.121455608983524
E6_popsize_N60,cec2017,22,30,SEHHO-COBL,10,7147768353534050903,300000,300000,5206.192940417712,3006.1929404177117,3006.1929404177117,11.778120378003223
E6_popsize_N60,cec2017,22,30,SEHHO-COBL,11,4501738638120002447,300000,300000,2300.000000000001,100.00000000000091,100.00000000000091,10.83957166399341
E6_popsize_N60,cec2017,22,30,SEHHO-COBL,12,9199799136403394058,300000,300000,2300.0000000000005,100.00000000000045,100.00000000000045,9.75454647699371
E6_popsize_N60,cec2017,22,30,SEHHO-COBL,13,819181587133842413,300000,300000,2311.4058315477655,111.4058315477655,111.4058315477655,11.345988626009785
E6_popsize_N60,cec2017,22,30,SEHHO-COBL,14,1426619687029849470,300000,300000,2313.850940379817,113.85094037981708,113.85094037981708,13.398761914984789
E6_popsize_N60,cec2017,22,30,SEHHO-COBL,15,4615914138299800548,300000,300000,2313.736673247157,113.73667324715689,113.73667324715689,15.090297051006928
E6_popsize_N60,cec2017,22,30,SEHHO-COBL,16,802845679463007100,300000,300000,4505.317567527343,2305.3175675273433,2305.3175675273433,10.453547551995143
E6_popsize_N60,cec2017,22,30,SEHHO-COBL,17,5509390789659009257,300000,300000,2300.000000000001,100.00000000000091,100.00000000000091,15.197452062013326
E6_popsize_N60,cec2017,22,30,SEHHO-COBL,18,4491408975855826661,300000,300000,2306.614423103556,106.61442310355596,106.61442310355596,18.892090323992306
E6_popsize_N60,cec2017,22,30,SEHHO-COBL,19,1254162933790505878,300000,300000,2300.000000000001,100.00000000000091,100.00000000000091,10.361698448978132
E6_popsize_N60,cec2017,22,30,SEHHO-COBL,20,1378819645448051712,300000,300000,2300.000000000001,100.00000000000091,100.00000000000091,18.4499401919893
E6_popsize_N60,cec2017,22,30,SEHHO-COBL,21,2238670375330354157,300000,300000,2300.000000000001,100.00000000000091,100.00000000000091,17.815449001005618
E6_popsize_N60,cec2017,22,30,SEHHO-COBL,22,3070292553418704061,300000,300000,2300.000000000001,100.00000000000091,100.00000000000091,10.147408323013224
E6_popsize_N60,cec2017,22,30,SEHHO-COBL,23,3202024203529450407,300000,300000,2314.715272401869,114.71527240186879,114.71527240186879,10.5705283730058
E6_popsize_N60,cec2017,22,30,SEHHO-COBL,24,581361184502049850,300000,300000,2307.3413114773716,107.34131147737162,107.34131147737162,10.625874821009347
E6_popsize_N60,cec2017,22,30,SEHHO-COBL,25,1298626016078624666,300000,300000,2300.7546993421897,100.75469934218972,100.75469934218972,18.875008355011232
E6_popsize_N60,cec2017,22,30,SEHHO-COBL,26,2453328210465875401,300000,300000,4775.633470074085,2575.6334700740854,2575.6334700740854,18.76971415398293
E6_popsize_N60,cec2017,22,30,SEHHO-COBL,27,4812644060160867520,300000,300000,2302.453362603273,102.45336260327304,102.45336260327304,18.10021078499267
E6_popsize_N60,cec2017,22,30,SEHHO-COBL,28,447039926559699471,300000,300000,2300.000000000001,100.00000000000091,100.00000000000091,17.59014785400359
E6_popsize_N60,cec2017,22,30,SEHHO-COBL,29,8106884957049452772,300000,300000,2300.000000000001,100.00000000000091,100.00000000000091,17.60004128998844
E6_popsize_N60,cec2017,23,30,SEHHO-COBL,0,5309175167575492216,300000,300000,2665.3059431010083,365.3059431010083,365.3059431010083,14.942826903017703
E6_popsize_N60,cec2017,23,30,SEHHO-COBL,1,207229727001569851,300000,300000,2684.9875149631066,384.9875149631066,384.9875149631066,15.696246508014156
E6_popsize_N60,cec2017,23,30,SEHHO-COBL,2,4401502561314564117,300000,300000,2681.723065486504,381.72306548650386,381.72306548650386,11.292974381998647
E6_popsize_N60,cec2017,23,30,SEHHO-COBL,3,2549579659536180998,300000,300000,2675.6020234741873,375.60202347418726,375.60202347418726,10.863094182976056
E6_popsize_N60,cec2017,23,30,SEHHO-COBL,4,8573607450416546276,300000,300000,2678.77495898459,378.77495898458983,378.77495898458983,11.862837223976385
E6_popsize_N60,cec2017,23,30,SEHHO-COBL,5,8962542164651849079,300000,300000,2670.647143090223,370.6471430902229,370.6471430902229,10.640850278985454
E6_popsize_N60,cec2017,23,30,SEHHO-COBL,6,8285005989322502332,300000,300000,2677.8322570716327,377.83225707163274,377.83225707163274,10.873608303983929
E6_popsize_N60,cec2017,23,30,SEHHO-COBL,7,8629934882115953616,300000,300000,2672.60671366176,372.60671366175984,372.60671366175984,10.776596967014484
E6_popsize_N60,cec2017,23,30,SEHHO-COBL,8,2834703457270876354,300000,300000,2684.5208795726667,384.5208795726667,384.5208795726667,11.490769369003829
E6_popsize_N60,cec2017,23,30,SEHHO-COBL,9,3648950442927714699,300000,300000,2693.236705592345,393.23670559234506,393.23670559234506,13.81158873901586
E6_popsize_N60,cec2017,23,30,SEHHO-COBL,10,4486687663645593230,300000,300000,2685.2835871884486,385.28358718844856,385.28358718844856,19.48037645200384
E6_popsize_N60,cec2017,23,30,SEHHO-COBL,11,5169990046315950141,300000,300000,2676.4464070596596,376.4464070596596,376.4464070596596,19.68913651400362
E6_popsize_N60,cec2017,23,30,SEHHO-COBL,12,884931637993113954,300000,300000,2677.0334173937026,377.0334173937026,377.0334173937026,16.151734677987406
E6_popsize_N60,cec2017,23,30,SEHHO-COBL,13,5524436670018679157,300000,300000,2679.9846944286855,379.98469442868554,379.98469442868554,13.083948957995744
E6_popsize_N60,cec2017,23,30,SEHHO-COBL,14,3046927394381763531,300000,300000,2689.5410859006643,389.54108590066426,389.54108590066426,19.15564550200361
E6_popsize_N60,cec2017,23,30,SEHHO-COBL,15,7072808380729052450,300000,300000,2666.723828592178,366.72382859217805,366.72382859217805,18.132525213994086
E6_popsize_N60,cec2017,23,30,SEHHO-COBL,16,8610645528007458484,300000,300000,2674.3088104337903,374.3088104337903,374.3088104337903,16.956883234000998
E6_popsize_N60,cec2017,23,30,SEHHO-COBL,17,6535614156019410703,300000,300000,2690.200160041974,390.20016004197396,390.20016004197396,19.364434590010205
E6_popsize_N60,cec2017,23,30,SEHHO-COBL,18,4336307617131768601,300000,300000,2685.926653557889,385.92665355788904,385.92665355788904,15.018791162990965
E6_popsize_N60,cec2017,23,30,SEHHO-COBL,19,4332028382836078587,300000,300000,2678.267447689062,378.267447689062,378.267447689062,12.606062737992033
E6_popsize_N60,cec2017,23,30,SEHHO-COBL,20,6593951955196616179,300000,300000,2672.362503533466,372.3625035334662,372.3625035334662,19.63505800499115
E6_popsize_N60,cec2017,23,30,SEHHO-COBL,21,1429435257836789366,300000,300000,2671.3449296026974,371.34492960269745,371.34492960269745,17.519279562024167
E6_popsize_N60,cec2017,23,30,SEHHO-COBL,22,4483888797757142535,300000,300000,2676.432099777944,376.43209977794413,376.43209977794413,10.829992938000942
E6_popsize_N60,cec2017,23,30,SEHHO-COBL,23,4303463791559539547,300000,300000,2681.588379474357,381.5883794743572,381.5883794743572,10.77977108102641
E6_popsize_N60,cec2017,23,30,SEHHO-COBL,24,321050076294607251,300000,300000,2663.4193504751997,363.41935047519974,363.41935047519974,11.457342192996293
E6_popsize_N60,cec2017,23,30,SEHHO-COBL,25,2834229557862797795,300000,300000,2681.8024334033707,381.80243340337074,381.80243340337074,10.514987498987466
E6_popsize_N60,cec2017,23,30,SEHHO-COBL,26,7340496340749773051,300000,300000,2682.751605280991,382.75160528099104,382.75160528099104,13.44057634199271
E6_popsize_N60,cec2017,23,30,SEHHO-COBL,27,1627167203778313179,300000,300000,2681.523509530572,381.523509530572,381.523509530572,18.578893980011344
E6_popsize_N60,cec2017,23,30,SEHHO-COBL,28,3368488340511170968,300000,300000,2670.0480016104916,370.0480016104916,370.0480016104916,19.86632919998374
E6_popsize_N60,cec2017,23,30,SEHHO-COBL,29,8115585170535092097,300000,300000,2682.0947414212906,382.09474142129056,382.09474142129056,19.98045323198312
E6_popsize_N120,cec2017,4,30,SEHHO-COBL,0,1636302573651290747,300000,300000,458.56155730238527,58.56155730238527,58.56155730238527,13.748817994986894
E6_popsize_N120,cec2017,4,30,SEHHO-COBL,1,2121431563267380739,300000,300000,464.1173950133551,64.11739501335512,64.11739501335512,8.07803320599487
E6_popsize_N120,cec2017,4,30,SEHHO-COBL,2,1296164691506889143,300000,300000,458.5615573023852,58.56155730238521,58.56155730238521,8.011892190988874
E6_popsize_N120,cec2017,4,30,SEHHO-COBL,3,2003997281492452068,300000,300000,458.5615573023852,58.56155730238521,58.56155730238521,8.096785728004761
E6_popsize_N120,cec2017,4,30,SEHHO-COBL,4,9027093698696326330,300000,300000,458.56155730238527,58.56155730238527,58.56155730238527,13.201258275017608
E6_popsize_N120,cec2017,4,30,SEHHO-COBL,5,170087215980611116,300000,300000,464.117395013355,64.11739501335501,64.11739501335501,15.756237967987545
E6_popsize_N120,cec2017,4,30,SEHHO-COBL,6,4858613383863623085,300000,300000,458.5615573023852,58.56155730238521,58.56155730238521,15.794451282010414
E6_popsize_N120,cec2017,4,30,SEHHO-COBL,7,1891660335407589260,300000,300000,458.56155730238527,58.56155730238527,58.56155730238527,15.961118345003342
E6_popsize_N120,cec2017,4,30,SEHHO-COBL,8,4130894412344071260,300000,300000,458.56155730238527,58.56155730238527,58.56155730238527,15.765934065013425
E6_popsize_N120,cec2017,4,30,SEHHO-COBL,9,2170798221812266079,300000,300000,464.1173950133551,64.11739501335512,64.11739501335512,15.753235526994104
E6_popsize_N120,cec2017,4,30,SEHHO-COBL,10,6718459572728990828,300000,300000,458.56155730238527,58.56155730238527,58.56155730238527,15.755839902005391
E6_popsize_N120,cec2017,4,30,SEHHO-COBL,11,8417788336929249848,300000,300000,400.0000000000001,0.0,1.1368683772161603e-13,15.186766861006618
E6_popsize_N120,cec2017,4,30,SEHHO-COBL,12,5398295525901960060,300000,300000,458.56155730238527,58.56155730238527,58.56155730238527,8.895873558009043
E6_popsize_N120,cec2017,4,30,SEHHO-COBL,13,3065420037385800295,300000,300000,458.5615573023852,58.56155730238521,58.56155730238521,14.792504467011895
E6_popsize_N120,cec2017,4,30,SEHHO-COBL,14,5690356473199101954,300000,300000,458.5615573023852,58.56155730238521,58.56155730238521,13.106519261025824
E6_popsize_N120,cec2017,4,30,SEHHO-COBL,15,359437054405553270,300000,300000,458.5615573023852,58.56155730238521,58.56155730238521,12.144922737992601
E6_popsize_N120,cec2017,4,30,SEHHO-COBL,16,4873700547616100462,300000,300000,458.5615573023852,58.56155730238521,58.56155730238521,13.49027676100377
E6_popsize_N120,cec2017,4,30,SEHHO-COBL,17,8193780002095309680,300000,300000,458.56155730238527,58.56155730238527,58.56155730238527,13.22311583001283
E6_popsize_N120,cec2017,4,30,SEHHO-COBL,18,5994734925382467580,300000,300000,464.11739501335506,64.11739501335506,64.11739501335506,13.641767649998656
E6_popsize_N120,cec2017,4,30,SEHHO-COBL,19,8318774675169834402,300000,300000,458.56155730238527,58.56155730238527,58.56155730238527,15.866737622010987
E6_popsize_N120,cec2017,4,30,SEHHO-COBL,20,7867210547853886343,300000,300000,464.1173950133551,64.11739501335512,64.11739501335512,15.652618938998785
E6_popsize_N120,cec2017,4,30,SEHHO-COBL,21,1657930303520458796,300000,300000,458.56155730238527,58.56155730238527,58.56155730238527,15.84583830399788
E6_popsize_N120,cec2017,4,30,SEHHO-COBL,22,1001062174958831402,300000,300000,458.56155730238527,58.56155730238527,58.56155730238527,14.810898447001819
E6_popsize_N120,cec2017,4,30,SEHHO-COBL,23,1448453890374547658,300000,300000,458.5615573023852,58.56155730238521,58.56155730238521,14.626652692997595
E6_popsize_N120,cec2017,4,30,SEHHO-COBL,24,5448100231333637200,300000,300000,464.1173950133551,64.11739501335512,64.11739501335512,15.535122842004057
E6_popsize_N120,cec2017,4,30,SEHHO-COBL,25,8257634836998270003,300000,300000,458.5615573023852,58.56155730238521,58.56155730238521,15.401362459000666
E6_popsize_N120,cec2017,4,30,SEHHO-COBL,26,5626319297118960756,300000,300000,467.89741986747947,67.89741986747947,67.89741986747947,14.702299697994022
E6_popsize_N120,cec2017,4,30,SEHHO-COBL,27,8873991236562117631,300000,300000,458.5615573023852,58.56155730238521,58.56155730238521,13.832992253999691
E6_popsize_N120,cec2017,4,30,SEHHO-COBL,28,2490780350799224241,300000,300000,400.0000000000002,0.0,2.2737367544323206e-13,14.365816726000048
E6_popsize_N120,cec2017,4,30,SEHHO-COBL,29,2534938092877184835,300000,300000,458.56155730238527,58.56155730238527,58.56155730238527,14.05786429598811
E6_popsize_N120,cec2017,13,30,SEHHO-COBL,0,7678812239115383843,300000,300000,1377.6064932428817,77.6064932428817,77.6064932428817,9.913722828991013
E6_popsize_N120,cec2017,13,30,SEHHO-COBL,1,3870879293339558430,300000,300000,1350.35791631742,50.35791631741995,50.35791631741995,8.63981260600849
E6_popsize_N120,cec2017,13,30,SEHHO-COBL,2,7176646380977792189,300000,300000,1433.5623215497026,133.56232154970257,133.56232154970257,8.370642719004536
E6_popsize_N120,cec2017,13,30,SEHHO-COBL,3,5777950340928569439,300000,300000,1329.9338422268163,29.933842226816296,29.933842226816296,13.909012618009001
E6_popsize_N120,cec2017,13,30,SEHHO-COBL,4,8109528857557160091,300000,300000,1403.5266477885693,103.52664778856933,103.52664778856933,15.822924316016724
E6_popsize_N120,cec2017,13,30,SEHHO-COBL,5,7171667230069027893,300000,300000,1310.9445445902084,10.944544590208352,10.944544590208352,10.35495743501815
E6_popsize_N120,cec2017,13,30,SEHHO-COBL,6,420788494915221169,300000,300000,1339.1086614794585,39.10866147945853,39.10866147945853,9.870324421004625
E6_popsize_N120,cec2017,13,30,SEHHO-COBL,7,2366249354594885705,300000,300000,1336.8277014666014,36.82770146660141,36.82770146660141,15.468852403981145
E6_popsize_N120,cec2017,13,30,SEHHO-COBL,8,8751462622529711431,300000,300000,1365.9626404998162,65.96264049981619,65.96264049981619,9.972374738019425
E6_popsize_N120,cec2017,13,30,SEHHO-COBL,9,1419737439859109123,300000,300000,1372.1350335088177,72.13503350881774,72.13503350881774,16.665618142986204
E6_popsize_N120,cec2017,13,30,SEHHO-COBL,10,7240488433972867164,300000,300000,1362.367525423386,62.36752542338604,62.36752542338604,16.24855357198976
E6_popsize_N120,cec2017,13,30,SEHHO-COBL,11,8932890876052008989,300000,300000,1341.7758448805996,41.77584488059961,41.77584488059961,16.63599926000461
E6_popsize_N120,cec2017,13,30,SEHHO-COBL,12,6821802707518376207,300000,300000,1377.921130257825,77.9211302578251,77.9211302578251,16.500368209002772
E6_popsize_N120,cec2017,13,30,SEHHO-COBL,13,8561796122100023890,300000,300000,1348.8761523360263,48.87615233602628,48.87615233602628,16.700185719004367
E6_popsize_N120,cec2017,13,30,SEHHO-COBL,14,1126604783960716233,300000,300000,1407.5070653209496,107.50706532094955,107.50706532094955,16.2155309439986
E6_popsize_N120,cec2017,13,30,SEHHO-COBL,15,6308578313712198113,300000,300000,1317.5890171272868,17.589017127286752,17.589017127286752,16.681013850000454
E6_popsize_N120,cec2017,13,30,SEHHO-COBL,16,2245271577316612131,300000,300000,1338.8033174928414,38.803317492841416,38.803317492841416,16.7119897690136
E6_popsize_N120,cec2017,13,30,SEHHO-COBL,17,2165949969058752374,300000,300000,1347.9482404997993,47.94824049979934,47.94824049979934,15.904541268013418
E6_popsize_N120,cec2017,13,30,SEHHO-COBL,18,8349393045195214432,300000,300000,1408.7831555886846,108.78315558868462,108.78315558868462,16.214691649976885
E6_popsize_N120,cec2017,13,30,SEHHO-COBL,19,4381583285930995509,300000,300000,1365.0471087543992,65.04710875439923,65.04710875439923,8.731754403997911
E6_popsize_N120,cec2017,13,30,SEHHO-COBL,20,2191968944587968676,300000,300000,1444.386489254974,144.3864892549741,144.3864892549741,8.766643712995574
E6_popsize_N120,cec2017,13,30,SEHHO-COBL,21,5893978012688883535,300000,300000,1382.5812430971007,82.5812430971007,82.5812430971007,8.709772453992628
E6_popsize_N120,cec2017,13,30,SEHHO-COBL,22,4324649407092998618,300000,300000,1354.4170090589014,54.417009058901385,54.417009058901385,13.513037311000517
E6_popsize_N120,cec2017,13,30,SEHHO-COBL,23,5003469679006292137,300000,300000,1338.0519909350853,38.051990935085314,38.051990935085314,9.297507167008007
E6_popsize_N120,cec2017,13,30,SEHHO-COBL,24,1831743792349372663,300000,300000,1351.2470053661527,51.247005366152734,51.247005366152734,11.10745456800214
E6_popsize_N120,cec2017,13,30,SEHHO-COBL,25,6425508075928875667,300000,300000,1337.1629272410098,37.16292724100981,37.16292724100981,12.106653700000606
E6_popsize_N120,cec2017,13,30,SEHHO-COBL,26,3833671002742316023,300000,300000,1342.664909990388,42.66490999038797,42.66490999038797,10.009767051989911
E6_popsize_N120,cec2017,13,30,SEHHO-COBL,27,7646575542057900270,300000,300000,1374.62153958634,74.62153958634008,74.62153958634008,9.061814189015422
E6_popsize_N120,cec2017,13,30,SEHHO-COBL,28,581569646167924030,300000,300000,1384.3510876697376,84.35108766973758,84.35108766973758,10.201749575993745
E6_popsize_N120,cec2017,13,30,SEHHO-COBL,29,9137516399425945938,300000,300000,1352.0461698676797,52.04616986767974,52.04616986767974,8.395892517000902
E6_popsize_N60,cec2017,25,30,SEHHO-COBL,0,9174812340687942533,300000,300000,2886.9222959156223,386.92229591562227,386.92229591562227,16.86541052602115
E6_popsize_N60,cec2017,25,30,SEHHO-COBL,1,6574449556896741123,300000,300000,2886.9847976515493,386.98479765154934,386.98479765154934,16.698197469988372
E6_popsize_N60,cec2017,25,30,SEHHO-COBL,2,6974458946816390707,300000,300000,2886.8716562636255,386.8716562636255,386.8716562636255,18.92525187198771
E6_popsize_N60,cec2017,25,30,SEHHO-COBL,3,6005023900801437218,300000,300000,2887.5102531362563,387.5102531362563,387.5102531362563,18.812470117991325
E6_popsize_N60,cec2017,25,30,SEHHO-COBL,4,6145097119531394032,300000,300000,2888.0004082876612,388.00040828766123,388.00040828766123,18.875769632984884
E6_popsize_N60,cec2017,25,30,SEHHO-COBL,5,1477140884008893151,300000,300000,2887.6810607949783,387.6810607949783,387.6810607949783,18.841364662977867
E6_popsize_N60,cec2017,25,30,SEHHO-COBL,6,5032638939546207379,300000,300000,2888.4092918364995,388.4092918364995,388.4092918364995,18.835520181019092
E6_popsize_N60,cec2017,25,30,SEHHO-COBL,7,7481946362784551487,300000,300000,2887.0788645033394,387.07886450333945,387.07886450333945,14.782007838977734
E6_popsize_N60,cec2017,25,30,SEHHO-COBL,8,2015702892912491274,300000,300000,2886.9758976020194,386.97589760201936,386.97589760201936,10.703019676002441
E6_popsize_N60,cec2017,25,30,SEHHO-COBL,9,6979883017373156058,300000,300000,2887.9519609561494,387.9519609561494,387.9519609561494,16.547389632993145
E6_popsize_N60,cec2017,25,30,SEHHO-COBL,10,8082897286895788215,300000,300000,2886.9732324434594,386.97323244345944,386.97323244345944,17.57819025599747
E6_popsize_N60,cec2017,25,30,SEHHO-COBL,11,2524994321439571712,300000,300000,2883.4932733616897,383.4932733616897,383.4932733616897,10.947439482988557
E6_popsize_N60,cec2017,25,30,SEHHO-COBL,12,1495043341236823025,300000,300000,2888.5242866467906,388.52428664679064,388.52428664679064,14.173263239994412
E6_popsize_N60,cec2017,25,30,SEHHO-COBL,13,7485405861316509078,300000,300000,2887.3304166045396,387.33041660453955,387.33041660453955,14.225744013005169
E6_popsize_N60,cec2017,25,30,SEHHO-COBL,14,8532331106089601533,300000,300000,2883.473881199373,383.47388119937295,383.47388119937295,12.8794173450151
E6_popsize_N60,cec2017,25,30,SEHHO-COBL,15,5224737745893667176,300000,300000,2887.645294535957,387.64529453595696,387.64529453595696,18.478720803017495
E6_popsize_N60,cec2017,25,30,SEHHO-COBL,16,7860372539339037231,300000,300000,2887.380790889696,387.3807908896961,387.3807908896961,12.83337282401044
E6_popsize_N60,cec2017,25,30,SEHHO-COBL,17,2477913934577759844,300000,300000,2887.2601376624125,387.2601376624125,387.2601376624125,16.52263375101029
E6_popsize_N60,cec2017,25,30,SEHHO-COBL,18,939365280493494912,300000,300000,2887.2992248976734,387.2992248976734,387.2992248976734,10.27651534799952
E6_popsize_N60,cec2017,25,30,SEHHO-COBL,19,299367186007355631,300000,300000,2888.420049974887,388.4200499748872,388.4200499748872,13.369273185991915
E6_popsize_N60,cec2017,25,30,SEHHO-COBL,20,4320001735304946159,300000,300000,2887.5605718085035,387.5605718085035,387.5605718085035,17.76440034501138
E6_popsize_N60,cec2017,25,30,SEHHO-COBL,21,3582864284478038157,300000,300000,2887.284431760135,387.2844317601348,387.2844317601348,14.880950787977781
E6_popsize_N60,cec2017,25,30,SEHHO-COBL,22,6960629357561452351,300000,300000,2887.9914473600547,387.99144736005474,387.99144736005474,17.231177594978362
E6_popsize_N60,cec2017,25,30,SEHHO-COBL,23,3357560304224094381,300000,300000,2887.1569883981906,387.1569883981906,387.1569883981906,17.08808373598731
E6_popsize_N60,cec2017,25,30,SEHHO-COBL,24,6718714493957582985,300000,300000,2886.7815889582116,386.7815889582116,386.7815889582116,16.94832551298896
E6_popsize_N60,cec2017,25,30,SEHHO-COBL,25,720569083116010759,300000,300000,2887.262370816946,387.2623708169458,387.2623708169458,16.912303038989194
E6_popsize_N60,cec2017,25,30,SEHHO-COBL,26,4125439192782014890,300000,300000,2887.4813545902107,387.4813545902107,387.4813545902107,12.318031002010684
E6_popsize_N60,cec2017,25,30,SEHHO-COBL,27,7227759451336170197,300000,300000,2886.8607031915362,386.86070319153623,386.86070319153623,9.88714415798313
E6_popsize_N60,cec2017,25,30,SEHHO-COBL,28,7659684055276361669,300000,300000,2887.257224732698,387.257224732698,387.257224732698,12.150309299991932
E6_popsize_N60,cec2017,25,30,SEHHO-COBL,29,6785404511137184388,300000,300000,2887.265446531761,387.265446531761,387.265446531761,18.220884462003596
E6_popsize_N60,cec2017,24,30,SEHHO-COBL,0,2086655048828581328,300000,300000,2844.6777484780305,444.6777484780305,444.6777484780305,18.667346561996965
E6_popsize_N60,cec2017,24,30,SEHHO-COBL,1,1551427362456926311,300000,300000,2856.488900071755,456.48890007175487,456.48890007175487,18.54243119902094
E6_popsize_N60,cec2017,24,30,SEHHO-COBL,2,5453097037525963219,300000,300000,2851.150423435303,451.15042343530286,451.15042343530286,18.50160129799042
E6_popsize_N60,cec2017,24,30,SEHHO-COBL,3,8204745953887201052,300000,300000,2854.038343989033,454.0383439890329,454.0383439890329,18.466615577985067
E6_popsize_N60,cec2017,24,30,SEHHO-COBL,4,6270936379424656475,300000,300000,2840.938868715289,440.9388687152891,440.9388687152891,18.485252793994732
E6_popsize_N60,cec2017,24,30,SEHHO-COBL,5,5855401511752838383,300000,300000,2854.146129060696,454.1461290606958,454.1461290606958,18.49511996199726
E6_popsize_N60,cec2017,24,30,SEHHO-COBL,6,5917062714013932316,300000,300000,2839.635223300673,439.6352233006728,439.6352233006728,18.49644118998549
E6_popsize_N60,cec2017,24,30,SEHHO-COBL,7,5660675971040691455,300000,300000,2845.2668152753063,445.26681527530627,445.26681527530627,18.53406827300205
E6_popsize_N60,cec2017,24,30,SEHHO-COBL,8,8050516534173683093,300000,300000,2843.4618897776745,443.4618897776745,443.4618897776745,11.833605316991452
E6_popsize_N60,cec2017,24,30,SEHHO-COBL,9,4240325522997436013,300000,300000,2847.7546167610208,447.75461676102077,447.75461676102077,12.03075070498744
E6_popsize_N60,cec2017,24,30,SEHHO-COBL,10,1275699420137360126,300000,300000,2845.2126390322237,445.2126390322237,445.2126390322237,10.617096025001956
E6_popsize_N60,cec2017,24,30,SEHHO-COBL,11,4654815457590161432,300000,300000,2858.086252395835,458.0862523958349,458.0862523958349,11.88505909399828
E6_popsize_N60,cec2017,24,30,SEHHO-COBL,12,219842506619345436,300000,300000,2858.4497217170483,458.4497217170483,458.4497217170483,11.236680767004145
E6_popsize_N60,cec2017,24,30,SEHHO-COBL,13,8909525941560970754,300000,300000,2844.89375146472,444.89375146472,444.89375146472,10.572504037991166
E6_popsize_N60,cec2017,24,30,SEHHO-COBL,14,5007484494018028609,300000,300000,2862.0700599265306,462.0700599265306,462.0700599265306,15.668528178997803
E6_popsize_N60,cec2017,24,30,SEHHO-COBL,15,4608695320020645243,300000,300000,2848.859808389535,448.8598083895349,448.8598083895349,18.821336647000862
E6_popsize_N60,cec2017,24,30,SEHHO-COBL,16,8977909112238094117,300000,300000,2847.1692974670477,447.1692974670477,447.1692974670477,19.081506936985534
E6_popsize_N60,cec2017,24,30,SEHHO-COBL,17,5563135809543886762,300000,300000,2833.487380093403,433.48738009340286,433.48738009340286,18.553146757010836
E6_popsize_N60,cec2017,24,30,SEHHO-COBL,18,3481108335759811346,300000,300000,2836.461386079749,436.461386079749,436.461386079749,13.88997494999785
E6_popsize_N60,cec2017,24,30,SEHHO-COBL,19,9170634933350583171,300000,300000,2849.1061525950286,449.10615259502856,449.10615259502856,11.380076522007585
E6_popsize_N60,cec2017,24,30,SEHHO-COBL,20,2408047263744513536,300000,300000,2847.2839634299053,447.28396342990527,447.28396342990527,15.937763790017925
E6_popsize_N60,cec2017,24,30,SEHHO-COBL,21,8286086635931805002,300000,300000,2854.0688359890646,454.0688359890646,454.0688359890646,18.86078504699981
E6_popsize_N60,cec2017,24,30,SEHHO-COBL,22,8295470976765975006,300000,300000,2842.3785627418974,442.37856274189744,442.37856274189744,15.624263405014062
E6_popsize_N60,cec2017,24,30,SEHHO-COBL,23,7748688277315161360,300000,300000,2838.4779250484075,438.47792504840754,438.47792504840754,18.503365035983734
E6_popsize_N60,cec2017,24,30,SEHHO-COBL,24,5515653013841242133,300000,300000,2855.739128418614,455.7391284186142,455.7391284186142,13.88361314800568
E6_popsize_N60,cec2017,24,30,SEHHO-COBL,25,2976312376540115330,300000,300000,2842.1938013154813,442.1938013154813,442.1938013154813,17.15490140998736
E6_popsize_N60,cec2017,24,30,SEHHO-COBL,26,8334365247045327425,300000,300000,2853.4392071577236,453.43920715772356,453.43920715772356,15.396805813012179
E6_popsize_N60,cec2017,24,30,SEHHO-COBL,27,4489977439211772669,300000,300000,2845.092893854578,445.09289385457805,445.09289385457805,15.360764633020153
E6_popsize_N60,cec2017,24,30,SEHHO-COBL,28,666742844592866682,300000,300000,2849.9635224066574,449.9635224066574,449.9635224066574,10.21883927998715
E6_popsize_N60,cec2017,24,30,SEHHO-COBL,29,8587070037506451611,300000,300000,2867.8052856044374,467.80528560443736,467.80528560443736,10.892964197002584
E6_popsize_N120,cec2017,10,30,SEHHO-COBL,0,3983979563342964510,300000,300000,3441.8585432899945,2441.8585432899945,2441.8585432899945,16.632789789990056
E6_popsize_N120,cec2017,10,30,SEHHO-COBL,1,1784632737392525858,300000,300000,3033.7038005882914,2033.7038005882914,2033.7038005882914,13.75930676801363
E6_popsize_N120,cec2017,10,30,SEHHO-COBL,2,1549478146135771285,300000,300000,3229.757583865643,2229.757583865643,2229.757583865643,8.903772484016372
E6_popsize_N120,cec2017,10,30,SEHHO-COBL,3,7415812981683180626,300000,300000,2998.376333820501,1998.3763338205008,1998.3763338205008,8.718009734991938
E6_popsize_N120,cec2017,10,30,SEHHO-COBL,4,4882589471444153412,300000,300000,3489.7098575149175,2489.7098575149175,2489.7098575149175,8.637855926994234
E6_popsize_N120,cec2017,10,30,SEHHO-COBL,5,3428957869781595769,300000,300000,3767.9176282590743,2767.9176282590743,2767.9176282590743,8.727439601992955
E6_popsize_N120,cec2017,10,30,SEHHO-COBL,6,5092418808804092372,300000,300000,2898.604300459605,1898.604300459605,1898.604300459605,8.729615051008295
E6_popsize_N120,cec2017,10,30,SEHHO-COBL,7,5942428240969958563,300000,300000,3273.559206760654,2273.559206760654,2273.559206760654,9.86904348898679
E6_popsize_N120,cec2017,10,30,SEHHO-COBL,8,7933160254026674457,300000,300000,3121.365882959888,2121.365882959888,2121.365882959888,16.36841172000277
E6_popsize_N120,cec2017,10,30,SEHHO-COBL,9,7743735374112347110,300000,300000,3156.35992710768,2156.35992710768,2156.35992710768,13.931899004004663
E6_popsize_N120,cec2017,10,30,SEHHO-COBL,10,8475093744720046709,300000,300000,2710.693311441102,1710.6933114411022,1710.6933114411022,15.532830953015946
E6_popsize_N120,cec2017,10,30,SEHHO-COBL,11,6313119143932606685,300000,300000,3171.695940089221,2171.695940089221,2171.695940089221,14.389385181013495
E6_popsize_N120,cec2017,10,30,SEHHO-COBL,12,3472601117934044339,300000,300000,2965.2972432492334,1965.2972432492334,1965.2972432492334,16.4226839330222
E6_popsize_N120,cec2017,10,30,SEHHO-COBL,13,7008440291347008460,300000,300000,3268.374770858065,2268.374770858065,2268.374770858065,13.267457790003391
E6_popsize_N120,cec2017,10,30,SEHHO-COBL,14,8484662234191706721,300000,300000,3161.436437051827,2161.436437051827,2161.436437051827,15.191531907999888
E6_popsize_N120,cec2017,10,30,SEHHO-COBL,15,6093573421236346423,300000,300000,3187.1179935707532,2187.1179935707532,2187.1179935707532,16.697742557007587
E6_popsize_N120,cec2017,10,30,SEHHO-COBL,16,7129925649596314954,300000,300000,3011.2736361960087,2011.2736361960087,2011.2736361960087,15.269702256016899
E6_popsize_N120,cec2017,10,30,SEHHO-COBL,17,7366473607936854301,300000,300000,3194.389896351635,2194.389896351635,2194.389896351635,14.036296433012467
E6_popsize_N120,cec2017,10,30,SEHHO-COBL,18,1336612960533623887,300000,300000,3224.6791265090433,2224.6791265090433,2224.6791265090433,12.697589325980516
E6_popsize_N120,cec2017,10,30,SEHHO-COBL,19,3826538214397105572,300000,300000,3294.2764219801174,2294.2764219801174,2294.2764219801174,10.009570333000738
E6_popsize_N120,cec2017,10,30,SEHHO-COBL,20,3832202432383030601,300000,300000,3315.7425236966046,2315.7425236966046,2315.7425236966046,8.98753886698978
E6_popsize_N120,cec2017,10,30,SEHHO-COBL,21,2347579913869161595,300000,300000,3130.6413889092983,2130.6413889092983,2130.6413889092983,13.048430538998218
E6_popsize_N120,cec2017,10,30,SEHHO-COBL,22,415161955767993061,300000,300000,3293.1496007065834,2293.1496007065834,2293.1496007065834,16.67092649001279
E6_popsize_N120,cec2017,10,30,SEHHO-COBL,23,5518028684691779062,300000,300000,3117.622319441258,2117.622319441258,2117.622319441258,16.83017440699041
E6_popsize_N120,cec2017,10,30,SEHHO-COBL,24,1205338352843464443,300000,300000,3090.292592941001,2090.292592941001,2090.292592941001,16.996851258998504
E6_popsize_N120,cec2017,10,30,SEHHO-COBL,25,1877984066338910861,300000,300000,2933.0882910792734,1933.0882910792734,1933.0882910792734,12.795683312986512
E6_popsize_N120,cec2017,10,30,SEHHO-COBL,26,1871984320401760042,300000,300000,3358.8328328223106,2358.8328328223106,2358.8328328223106,10.79886808001902
E6_popsize_N120,cec2017,10,30,SEHHO-COBL,27,323857293672492142,300000,300000,3301.0302774218308,2301.0302774218308,2301.0302774218308,16.20658578700386
E6_popsize_N120,cec2017,10,30,SEHHO-COBL,28,4710385101537949845,300000,300000,2578.3809819744183,1578.3809819744183,1578.3809819744183,16.680556952982442
E6_popsize_N120,cec2017,10,30,SEHHO-COBL,29,5129160583539962745,300000,300000,3248.565920885878,2248.565920885878,2248.565920885878,15.821235829003854
E6_popsize_N120,cec2017,12,30,SEHHO-COBL,0,8329819529621273022,300000,300000,3092.064384067854,1892.064384067854,1892.064384067854,13.513092704990413
E6_popsize_N120,cec2017,12,30,SEHHO-COBL,1,3371889103570010747,300000,300000,1800.1852554876627,600.1852554876627,600.1852554876627,17.3360392350005
E6_popsize_N120,cec2017,12,30,SEHHO-COBL,2,6116118173765083483,300000,300000,6453.517055342609,5253.517055342609,5253.517055342609,15.421930597018218
E6_popsize_N120,cec2017,12,30,SEHHO-COBL,3,4843471710554990888,300000,300000,2404.8838554581544,1204.8838554581544,1204.8838554581544,9.15544689699891
E6_popsize_N120,cec2017,12,30,SEHHO-COBL,4,2865284440252781396,300000,300000,3237.7527843556554,2037.7527843556554,2037.7527843556554,9.74019503899035
E6_popsize_N120,cec2017,12,30,SEHHO-COBL,5,886510556505770000,300000,300000,2720.618513194582,1520.6185131945822,1520.6185131945822,15.4183226400055
E6_popsize_N120,cec2017,12,30,SEHHO-COBL,6,3112966821238316126,300000,300000,2408.642194536394,1208.642194536394,1208.642194536394,16.442770877998555
E6_popsize_N120,cec2017,12,30,SEHHO-COBL,7,2971858556043966385,300000,300000,1771.9644423166537,571.9644423166537,571.9644423166537,15.414449906005757
E6_popsize_N120,cec2017,12,30,SEHHO-COBL,8,5756794242155187832,300000,300000,2898.71939473581,1698.71939473581,1698.71939473581,9.014509624015773
E6_popsize_N120,cec2017,12,30,SEHHO-COBL,9,890132512939242422,300000,300000,2741.89874989669,1541.8987498966899,1541.8987498966899,9.25872208099463
E6_popsize_N120,cec2017,12,30,SEHHO-COBL,10,3105770133375081699,300000,300000,2201.863619124628,1001.8636191246278,1001.8636191246278,16.45887336099986
E6_popsize_N120,cec2017,12,30,SEHHO-COBL,11,5378535126150157805,300000,300000,2839.8032655883644,1639.8032655883644,1639.8032655883644,16.421533435001038
E6_popsize_N120,cec2017,12,30,SEHHO-COBL,12,7274015641770553759,300000,300000,2190.017088442819,990.0170884428189,990.0170884428189,16.8554972030106
E6_popsize_N120,cec2017,12,30,SEHHO-COBL,13,6075414287663310839,300000,300000,3231.9065725586406,2031.9065725586406,2031.9065725586406,14.924682692013448
E6_popsize_N120,cec2017,12,30,SEHHO-COBL,14,5429607315918284435,300000,300000,3132.6243470202585,1932.6243470202585,1932.6243470202585,15.967710679018637
E6_popsize_N120,cec2017,12,30,SEHHO-COBL,15,8367479512142262616,300000,300000,1994.7557398880635,794.7557398880635,794.7557398880635,12.633395563985687
E6_popsize_N120,cec2017,12,30,SEHHO-COBL,16,5475435681380775661,300000,300000,2906.0963486839455,1706.0963486839455,1706.0963486839455,16.572526720003225
E6_popsize_N120,cec2017,12,30,SEHHO-COBL,17,4779947055283680990,300000,300000,1669.8458053250326,469.84580532503264,469.84580532503264,11.966379589983262
E6_popsize_N120,cec2017,12,30,SEHHO-COBL,18,1531085666965806634,300000,300000,1861.185716913577,661.1857169135769,661.1857169135769,9.7573488719936
E6_popsize_N120,cec2017,12,30,SEHHO-COBL,19,3370896711421154490,300000,300000,2508.648725038356,1308.6487250383561,1308.6487250383561,11.991984405001858
E6_popsize_N120,cec2017,12,30,SEHHO-COBL,20,3093920750173715840,300000,300000,3178.371487890402,1978.371487890402,1978.371487890402,10.931756267003948
E6_popsize_N120,cec2017,12,30,SEHHO-COBL,21,7471991537915320282,300000,300000,2266.4889225037664,1066.4889225037664,1066.4889225037664,9.93753838801058
E6_popsize_N120,cec2017,12,30,SEHHO-COBL,22,5678714491094127877,300000,300000,3010.782330759769,1810.7823307597691,1810.7823307597691,14.139473543997156
E6_popsize_N120,cec2017,12,30,SEHHO-COBL,23,6085681341545268581,300000,300000,2266.0164359536902,1066.0164359536902,1066.0164359536902,12.666915002977476
E6_popsize_N120,cec2017,12,30,SEHHO-COBL,24,5691930653450747345,300000,300000,2122.912759547779,922.9127595477789,922.9127595477789,9.281820284988498
E6_popsize_N120,cec2017,12,30,SEHHO-COBL,25,2093247613860287174,300000,300000,2789.881881625158,1589.8818816251578,1589.8818816251578,13.283393007004634
E6_popsize_N120,cec2017,12,30,SEHHO-COBL,26,3722894330002683784,300000,300000,2657.7705099587897,1457.7705099587897,1457.7705099587897,13.535730505012907
E6_popsize_N120,cec2017,12,30,SEHHO-COBL,27,8705929826150833399,300000,300000,2131.552548669463,931.5525486694628,931.5525486694628,13.372663304005982
E6_popsize_N120,cec2017,12,30,SEHHO-COBL,28,8745262915879794609,300000,300000,2423.797300521053,1223.7973005210529,1223.7973005210529,9.420587678992888
E6_popsize_N120,cec2017,12,30,SEHHO-COBL,29,2220583995300116834,300000,300000,2635.9877912788133,1435.9877912788133,1435.9877912788133,15.500099601980764
E6_popsize_N120,cec2017,7,30,SEHHO-COBL,0,5037513967398793600,300000,300000,749.3328956231402,49.33289562314019,49.33289562314019,15.419553939020261
E6_popsize_N120,cec2017,7,30,SEHHO-COBL,1,7020747787937540182,300000,300000,749.6145225738258,49.61452257382575,49.61452257382575,15.523336104000919
E6_popsize_N120,cec2017,7,30,SEHHO-COBL,2,6557089669930291779,300000,300000,750.0667005915548,50.06670059155476,50.06670059155476,15.5555274230137
E6_popsize_N120,cec2017,7,30,SEHHO-COBL,3,1260461419966377173,300000,300000,752.6128522544861,52.61285225448614,52.61285225448614,15.513878043973818
E6_popsize_N120,cec2017,7,30,SEHHO-COBL,4,8857249633086177712,300000,300000,743.7305305082049,43.73053050820488,43.73053050820488,15.56035443599103
E6_popsize_N120,cec2017,7,30,SEHHO-COBL,5,3348244901847477012,300000,300000,757.1720729329639,57.17207293296394,57.17207293296394,15.282092144014314
E6_popsize_N120,cec2017,7,30,SEHHO-COBL,6,9116973189316915481,300000,300000,751.2335530945204,51.2335530945204,51.2335530945204,15.168169058015337
E6_popsize_N120,cec2017,7,30,SEHHO-COBL,7,1394490575805828929,300000,300000,751.5747471429721,51.574747142972114,51.574747142972114,14.725193507998483
E6_popsize_N120,cec2017,7,30,SEHHO-COBL,8,8044075023063862290,300000,300000,757.292186032101,57.29218603210097,57.29218603210097,15.890875145996688
E6_popsize_N120,cec2017,7,30,SEHHO-COBL,9,1975444424226558100,300000,300000,754.520334594336,54.520334594335964,54.520334594335964,14.26594262101571
E6_popsize_N120,cec2017,7,30,SEHHO-COBL,10,7910254115880572449,300000,300000,753.2277462151882,53.227746215188176,53.227746215188176,14.052442155982135
E6_popsize_N120,cec2017,7,30,SEHHO-COBL,11,4532547770716456403,300000,300000,758.3873958866221,58.38739588662213,58.38739588662213,14.100074685993604
E6_popsize_N120,cec2017,7,30,SEHHO-COBL,12,443738813454851231,300000,300000,752.3841967753664,52.38419677536638,52.38419677536638,14.11230801200145
E6_popsize_N120,cec2017,7,30,SEHHO-COBL,13,8765358716900562402,300000,300000,757.3978794807241,57.3978794807241,57.3978794807241,13.993557431997033
E6_popsize_N120,cec2017,7,30,SEHHO-COBL,14,3165107378183006013,300000,300000,753.2475579604646,53.24755796046463,53.24755796046463,14.063314419006929
E6_popsize_N120,cec2017,7,30,SEHHO-COBL,15,1137434135111390836,300000,300000,750.8005877760236,50.800587776023576,50.800587776023576,14.07326216698857
E6_popsize_N120,cec2017,7,30,SEHHO-COBL,16,8665587579543820780,300000,300000,753.9384972456029,53.93849724560289,53.93849724560289,14.452582094003446
E6_popsize_N120,cec2017,7,30,SEHHO-COBL,17,4630153911837829140,300000,300000,759.4785571350634,59.4785571350634,59.4785571350634,13.075640123017365
E6_popsize_N120,cec2017,7,30,SEHHO-COBL,18,8837505170157071717,300000,300000,749.2562639633744,49.25626396337441,49.25626396337441,15.576792759005912
E6_popsize_N120,cec2017,7,30,SEHHO-COBL,19,4499520411414343228,300000,300000,761.8271344252121,61.82713442521208,61.82713442521208,14.885157509008422
E6_popsize_N120,cec2017,7,30,SEHHO-COBL,20,913780058325322074,300000,300000,749.6929055525056,49.692905552505636,49.692905552505636,12.296829526021611
E6_popsize_N120,cec2017,7,30,SEHHO-COBL,21,627377292272679264,300000,300000,759.2032671899499,59.203267189949884,59.203267189949884,13.770090873993468
E6_popsize_N120,cec2017,7,30,SEHHO-COBL,22,8167131853562284380,300000,300000,755.1846815919577,55.184681591957656,55.184681591957656,15.405992893996881
E6_popsize_N120,cec2017,7,30,SEHHO-COBL,23,6715413204646492286,300000,300000,750.5581788331353,50.558178833135344,50.558178833135344,13.78797567897709
E6_popsize_N120,cec2017,7,30,SEHHO-COBL,24,7362222883780419414,300000,300000,752.9610141966323,52.96101419663228,52.96101419663228,8.091882762004388
E6_popsize_N120,cec2017,7,30,SEHHO-COBL,25,7138265016392707640,300000,300000,752.8355555793651,52.835555579365064,52.835555579365064,11.649660397000844
E6_popsize_N120,cec2017,7,30,SEHHO-COBL,26,5393502587638638383,300000,300000,757.5978379389409,57.59783793894087,57.59783793894087,15.592190218012547
E6_popsize_N120,cec2017,7,30,SEHHO-COBL,27,2451779138155966556,300000,300000,752.6884850250907,52.6884850250907,52.6884850250907,12.00662433297839
E6_popsize_N120,cec2017,7,30,SEHHO-COBL,28,8795337749220081188,300000,300000,753.1255420641818,53.125542064181786,53.125542064181786,8.100805398018565
E6_popsize_N120,cec2017,7,30,SEHHO-COBL,29,2920099824204756216,300000,300000,763.8969898211225,63.896989821122474,63.896989821122474,8.985776341025485
E6_popsize_N120,cec2017,14,30,SEHHO-COBL,0,3894642117127905873,300000,300000,1442.890489713917,42.89048971391708,42.89048971391708,16.54189899400808
E6_popsize_N120,cec2017,14,30,SEHHO-COBL,1,8633602510353795077,300000,300000,1438.942797866027,38.94279786602692,38.94279786602692,16.478491705987835
E6_popsize_N120,cec2017,14,30,SEHHO-COBL,2,7076304904342195298,300000,300000,1434.996767606042,34.99676760604211,34.99676760604211,16.227282354986528
E6_popsize_N120,cec2017,14,30,SEHHO-COBL,3,1599485046521356937,300000,300000,1446.9299216743218,46.929921674321804,46.929921674321804,8.649601356999483
E6_popsize_N120,cec2017,14,30,SEHHO-COBL,4,2051024775361884978,300000,300000,1492.6551341641243,92.65513416412432,92.65513416412432,8.727251469012117
E6_popsize_N120,cec2017,14,30,SEHHO-COBL,5,2549215581266230759,300000,300000,1439.9879290493357,39.98792904933566,39.98792904933566,8.738223117019515
E6_popsize_N120,cec2017,14,30,SEHHO-COBL,6,4126886027405734763,300000,300000,1449.8503802572109,49.85038025721087,49.85038025721087,16.448165385983884
E6_popsize_N120,cec2017,14,30,SEHHO-COBL,7,4010561958349246213,300000,300000,1465.765838643367,65.76583864336703,65.76583864336703,16.06924513899139
E6_popsize_N120,cec2017,14,30,SEHHO-COBL,8,2196139715200908979,300000,300000,1430.967726782052,30.96772678205207,30.96772678205207,15.568981387012172
E6_popsize_N120,cec2017,14,30,SEHHO-COBL,9,5166760889195735660,300000,300000,1443.8953580913999,43.895358091399885,43.895358091399885,10.733663682010956
E6_popsize_N120,cec2017,14,30,SEHHO-COBL,10,2448611181990936367,300000,300000,1437.942576537537,37.94257653753698,37.94257653753698,14.401505284011364
E6_popsize_N120,cec2017,14,30,SEHHO-COBL,11,5966726969632330153,300000,300000,1453.8955672427564,53.89556724275644,53.89556724275644,8.58487265999429
E6_popsize_N120,cec2017,14,30,SEHHO-COBL,12,5298550090563703248,300000,300000,1437.9330602755927,37.93306027559265,37.93306027559265,9.543145078991074
E6_popsize_N120,cec2017,14,30,SEHHO-COBL,13,8070677445158535406,300000,300000,1434.024554617841,34.02455461784098,34.02455461784098,12.391001976997359
E6_popsize_N120,cec2017,14,30,SEHHO-COBL,14,1769269668586319359,300000,300000,1441.8911881272152,41.89118812721517,41.89118812721517,16.495966593007324
E6_popsize_N120,cec2017,14,30,SEHHO-COBL,15,68372589038988442,300000,300000,1436.9171931153792,36.91719311537918,36.91719311537918,16.45551078300923
E6_popsize_N120,cec2017,14,30,SEHHO-COBL,16,6786963595561411429,300000,300000,1444.882226175014,44.88222617501401,44.88222617501401,11.745944989990676
E6_popsize_N120,cec2017,14,30,SEHHO-COBL,17,5378984927470637086,300000,300000,1434.824120933052,34.82412093305197,34.82412093305197,10.848837152007036
E6_popsize_N120,cec2017,14,30,SEHHO-COBL,18,2842779772497542661,300000,300000,1435.9851455701228,35.98514557012277,35.98514557012277,9.669362604006892
E6_popsize_N120,cec2017,14,30,SEHHO-COBL,19,1548435046762262361,300000,300000,1436.9382843221042,36.93828432210421,36.93828432210421,8.686173872003565
E6_popsize_N120,cec2017,14,30,SEHHO-COBL,20,575346728798677331,300000,300000,1455.8392307539198,55.839230753919765,55.839230753919765,9.115869104978628
E6_popsize_N120,cec2017,14,30,SEHHO-COBL,21,95162128376097490,300000,300000,1455.0401847531316,55.0401847531316,55.0401847531316,8.574917559017194
E6_popsize_N120,cec2017,14,30,SEHHO-COBL,22,8849238959119827668,300000,300000,1454.987160027177,54.98716002717697,54.98716002717697,8.46726288998616
E6_popsize_N120,cec2017,14,30,SEHHO-COBL,23,4555533468143619842,300000,300000,1450.8994760717665,50.89947607176646,50.89947607176646,12.262340697983745
E6_popsize_N120,cec2017,14,30,SEHHO-COBL,24,4550394424767912468,300000,300000,1435.9210555906725,35.921055590672495,35.921055590672495,14.652985713008093
E6_popsize_N120,cec2017,14,30,SEHHO-COBL,25,7880332144378924282,300000,300000,1444.8887874394854,44.88878743948544,44.88878743948544,16.0414274839859
E6_popsize_N120,cec2017,14,30,SEHHO-COBL,26,8566004452745373439,300000,300000,1434.9339657989917,34.93396579899172,34.93396579899172,16.087708619015757
E6_popsize_N120,cec2017,14,30,SEHHO-COBL,27,6721616734413193269,300000,300000,1451.841380217021,51.84138021702097,51.84138021702097,16.285245953011326
E6_popsize_N120,cec2017,14,30,SEHHO-COBL,28,2148747089532950432,300000,300000,1439.9871086783196,39.9871086783196,39.9871086783196,16.331089636980323
E6_popsize_N120,cec2017,14,30,SEHHO-COBL,29,8101415042221421656,300000,300000,1432.9458529446424,32.94585294464241,32.94585294464241,16.743734739982756
E6_popsize_N120,cec2017,6,30,SEHHO-COBL,0,9195274530118908657,300000,300000,600.0000008554598,8.55459802551195e-07,8.55459802551195e-07,16.627535294974223
E6_popsize_N120,cec2017,6,30,SEHHO-COBL,1,4412755414228887863,300000,300000,600.0000000000002,0.0,2.2737367544323206e-13,14.644148908992065
E6_popsize_N120,cec2017,6,30,SEHHO-COBL,2,1000783098249753554,300000,300000,600.0000115222728,1.1522272757247265e-05,1.1522272757247265e-05,15.59613265201915
E6_popsize_N120,cec2017,6,30,SEHHO-COBL,3,8914238272933867805,300000,300000,600.0002256103832,0.00022561038315416226,0.00022561038315416226,17.27194795399555
E6_popsize_N120,cec2017,6,30,SEHHO-COBL,4,4959692221650121625,300000,300000,600.0000098234522,9.82345216016256e-06,9.82345216016256e-06,17.156539882998914
E6_popsize_N120,cec2017,6,30,SEHHO-COBL,5,5901456422034412969,300000,300000,600.0000000000005,0.0,4.547473508864641e-13,17.479359488002956
E6_popsize_N120,cec2017,6,30,SEHHO-COBL,6,8832724283696401340,300000,300000,600.0000325005782,3.250057818604546e-05,3.250057818604546e-05,17.237724564009113
E6_popsize_N120,cec2017,6,30,SEHHO-COBL,7,5023257334531694137,300000,300000,600.0001134893873,0.00011348938733135583,0.00011348938733135583,17.34987730998546
E6_popsize_N120,cec2017,6,30,SEHHO-COBL,8,5052251948814757958,300000,300000,600.0000074338418,7.433841801685048e-06,7.433841801685048e-06,17.30775693798205
E6_popsize_N120,cec2017,6,30,SEHHO-COBL,9,7161537699910389837,300000,300000,600.0000054738272,5.473827172863821e-06,5.473827172863821e-06,17.221669621008914
E6_popsize_N120,cec2017,6,30,SEHHO-COBL,10,2783017727979714725,300000,300000,600.0000279723316,2.7972331622549973e-05,2.7972331622549973e-05,17.339805698982673
E6_popsize_N120,cec2017,6,30,SEHHO-COBL,11,4243343286254929631,300000,300000,600.0000396109687,3.9610968656234036e-05,3.9610968656234036e-05,17.27550382298068
E6_popsize_N120,cec2017,6,30,SEHHO-COBL,12,7293731470658868409,300000,300000,600.0000025590165,2.5590164796085446e-06,2.5590164796085446e-06,17.034926163003547
E6_popsize_N120,cec2017,6,30,SEHHO-COBL,13,5456263303158623710,300000,300000,600.0000506323088,5.063230878477043e-05,5.063230878477043e-05,17.339195003005443
E6_popsize_N120,cec2017,6,30,SEHHO-COBL,14,2250080583928974204,300000,300000,600.0000042094154,4.209415351397183e-06,4.209415351397183e-06,15.234232798015
E6_popsize_N120,cec2017,6,30,SEHHO-COBL,15,6090181657729768785,300000,300000,600.0000564390822,5.6439082186443557e-05,5.6439082186443557e-05,11.077483153989306
E6_popsize_N120,cec2017,6,30,SEHHO-COBL,16,8141013017142003542,300000,300000,600.0000070826314,7.082631441335252e-06,7.082631441335252e-06,13.774422688991763
E6_popsize_N120,cec2017,6,30,SEHHO-COBL,17,9040589239742173238,300000,300000,600.0000046424693,4.642469320970122e-06,4.642469320970122e-06,11.508837447996484
E6_popsize_N120,cec2017,6,30,SEHHO-COBL,18,523599305715133335,300000,300000,600.0000114542095,1.1454209470684873e-05,1.1454209470684873e-05,9.956544676999329
E6_popsize_N120,cec2017,6,30,SEHHO-COBL,19,4419575728219859623,300000,300000,600.0000354902032,3.549020323134755e-05,3.549020323134755e-05,10.053502562019276
E6_popsize_N120,cec2017,6,30,SEHHO-COBL,20,7565307764775109941,300000,300000,600.0000107055025,1.0705502518248977e-05,1.0705502518248977e-05,8.958489011012716
E6_popsize_N120,cec2017,6,30,SEHHO-COBL,21,3663731006954399613,300000,300000,600.0000208556746,2.0855674620179343e-05,2.0855674620179343e-05,9.248296386998845
E6_popsize_N120,cec2017,6,30,SEHHO-COBL,22,2641762666863889631,300000,300000,600.0000332987428,3.329874277824274e-05,3.329874277824274e-05,9.174570525996387
E6_popsize_N120,cec2017,6,30,SEHHO-COBL,23,6051020761786919741,300000,300000,600.0000219645656,2.1964565576126915e-05,2.1964565576126915e-05,11.146946840977762
E6_popsize_N120,cec2017,6,30,SEHHO-COBL,24,4360413511065041428,300000,300000,600.000009086745,9.086744967135019e-06,9.086744967135019e-06,13.260704232001444
E6_popsize_N120,cec2017,6,30,SEHHO-COBL,25,8527288649913340627,300000,300000,600.0000020014058,2.001405846385751e-06,2.001405846385751e-06,16.83791959399241
E6_popsize_N120,cec2017,6,30,SEHHO-COBL,26,5983650692749352799,300000,300000,600.0000490668959,4.90668959400864e-05,4.90668959400864e-05,17.122361167013878
E6_popsize_N120,cec2017,6,30,SEHHO-COBL,27,6416243012325050952,300000,300000,600.0000170708665,1.7070866533686058e-05,1.7070866533686058e-05,17.097159077005927
E6_popsize_N120,cec2017,6,30,SEHHO-COBL,28,7853488444715713364,300000,300000,600.0000114542091,1.145420912962436e-05,1.145420912962436e-05,14.760412604984595
E6_popsize_N120,cec2017,6,30,SEHHO-COBL,29,8296648343274136864,300000,300000,600.0000458163046,4.581630457778374e-05,4.581630457778374e-05,11.039966426993487
E6_popsize_N120,cec2017,9,30,SEHHO-COBL,0,4800361182022094126,300000,300000,900.179056500833,0.17905650083298497,0.17905650083298497,15.105738612997811
E6_popsize_N120,cec2017,9,30,SEHHO-COBL,1,2613419437479448436,300000,300000,900.0000000000001,0.0,1.1368683772161603e-13,15.143746762012597
E6_popsize_N120,cec2017,9,30,SEHHO-COBL,2,5066561608198793453,300000,300000,900.0000000000001,0.0,1.1368683772161603e-13,15.108081888989545
E6_popsize_N120,cec2017,9,30,SEHHO-COBL,3,3343825509430589570,300000,300000,900.4543240185908,0.4543240185907962,0.4543240185907962,15.131349899980705
E6_popsize_N120,cec2017,9,30,SEHHO-COBL,4,8791887200854255710,300000,300000,900.0000000000001,0.0,1.1368683772161603e-13,15.255626174010104
E6_popsize_N120,cec2017,9,30,SEHHO-COBL,5,2555606529849766640,300000,300000,900.0000000000001,0.0,1.1368683772161603e-13,14.062115098990034
E6_popsize_N120,cec2017,9,30,SEHHO-COBL,6,3140928620245553686,300000,300000,900.2685847512494,0.26858475124936376,0.26858475124936376,13.91282584000146
E6_popsize_N120,cec2017,9,30,SEHHO-COBL,7,2924195919706304888,300000,300000,900.179056500833,0.17905650083298497,0.17905650083298497,13.879702534002718
E6_popsize_N120,cec2017,9,30,SEHHO-COBL,8,5861643530707324180,300000,300000,900.0000000000001,0.0,1.1368683772161603e-13,13.971469273004914
E6_popsize_N120,cec2017,9,30,SEHHO-COBL,9,3278310181905034420,300000,300000,900.0000000000001,0.0,1.1368683772161603e-13,15.163001225999324
E6_popsize_N120,cec2017,9,30,SEHHO-COBL,10,4558730215803398813,300000,300000,900.0895282504165,0.08952825041649248,0.08952825041649248,15.745086353010265
E6_popsize_N120,cec2017,9,30,SEHHO-COBL,11,8293540240690679674,300000,300000,900.0895282504166,0.08952825041660617,0.08952825041660617,15.773844721989008
E6_popsize_N120,cec2017,9,30,SEHHO-COBL,12,1891086294983468800,300000,300000,900.0000000000001,0.0,1.1368683772161603e-13,15.75945448098355
E6_popsize_N120,cec2017,9,30,SEHHO-COBL,13,7561906956784565054,300000,300000,900.0,0.0,0.0,15.800979456020286
E6_popsize_N120,cec2017,9,30,SEHHO-COBL,14,543348373180280151,300000,300000,900.0000000000001,0.0,1.1368683772161603e-13,15.770567124010995
E6_popsize_N120,cec2017,9,30,SEHHO-COBL,15,6787370813589666626,300000,300000,900.0000000000001,0.0,1.1368683772161603e-13,15.785918376990594
E6_popsize_N120,cec2017,9,30,SEHHO-COBL,16,3124154739378850216,300000,300000,900.0000000000001,0.0,1.1368683772161603e-13,15.831512064003618
E6_popsize_N120,cec2017,9,30,SEHHO-COBL,17,3709959096353723687,300000,300000,900.0000000000001,0.0,1.1368683772161603e-13,14.263688712992007
E6_popsize_N120,cec2017,9,30,SEHHO-COBL,18,9209474329749341573,300000,300000,900.0000000000001,0.0,1.1368683772161603e-13,8.159255306993145
E6_popsize_N120,cec2017,9,30,SEHHO-COBL,19,6143422032313864221,300000,300000,900.0895282504165,0.08952825041649248,0.08952825041649248,10.622923606017139
E6_popsize_N120,cec2017,9,30,SEHHO-COBL,20,3438214114348336061,300000,300000,900.0895282504165,0.08952825041649248,0.08952825041649248,15.30421036898042
E6_popsize_N120,cec2017,9,30,SEHHO-COBL,21,5068884464965652400,300000,300000,900.2685847512494,0.26858475124936376,0.26858475124936376,15.239725331019145
E6_popsize_N120,cec2017,9,30,SEHHO-COBL,22,6407371563210378282,300000,300000,900.0895282504165,0.08952825041649248,0.08952825041649248,15.282365056016715
E6_popsize_N120,cec2017,9,30,SEHHO-COBL,23,1880250085236202359,300000,300000,900.0000000000001,0.0,1.1368683772161603e-13,15.111945354001364
E6_popsize_N120,cec2017,9,30,SEHHO-COBL,24,4102858017120612133,300000,300000,900.0,0.0,0.0,15.129541548027191
E6_popsize_N120,cec2017,9,30,SEHHO-COBL,25,441039275202198080,300000,300000,900.179056500833,0.17905650083298497,0.17905650083298497,14.675427485984983
E6_popsize_N120,cec2017,9,30,SEHHO-COBL,26,2122924908831262562,300000,300000,900.6333805194238,0.6333805194237812,0.6333805194237812,15.444785273022717
E6_popsize_N120,cec2017,9,30,SEHHO-COBL,27,8264530263598360390,300000,300000,900.179056500833,0.17905650083298497,0.17905650083298497,15.517909235000843
E6_popsize_N120,cec2017,9,30,SEHHO-COBL,28,5650376042122424271,300000,300000,900.4543240185908,0.4543240185907962,0.4543240185907962,15.512147499015555
E6_popsize_N120,cec2017,9,30,SEHHO-COBL,29,6966754138977792301,300000,300000,900.5438522690073,0.5438522690072887,0.5438522690072887,15.51428815399413
E6_popsize_N120,cec2017,15,30,SEHHO-COBL,0,3644880627667250427,300000,300000,1547.359177210064,47.35917721006399,47.35917721006399,12.5084413580189
E6_popsize_N120,cec2017,15,30,SEHHO-COBL,1,4051261292357527846,300000,300000,1556.1608235815218,56.160823581521754,56.160823581521754,9.344431469013216
E6_popsize_N120,cec2017,15,30,SEHHO-COBL,2,1513787297025265813,300000,300000,1514.6554903255403,14.655490325540313,14.655490325540313,11.594573043985292
E6_popsize_N120,cec2017,15,30,SEHHO-COBL,3,8255157213873136802,300000,300000,1529.3027137229678,29.302713722967837,29.302713722967837,11.031860081973718
E6_popsize_N120,cec2017,15,30,SEHHO-COBL,4,8521514626677059521,300000,300000,1583.7532084849881,83.75320848498814,83.75320848498814,14.671133201016346
E6_popsize_N120,cec2017,15,30,SEHHO-COBL,5,1731659229994213010,300000,300000,1553.120008426943,53.12000842694306,53.12000842694306,15.103015594999306
E6_popsize_N120,cec2017,15,30,SEHHO-COBL,6,5170493892026844542,300000,300000,1518.3885487006846,18.388548700684623,18.388548700684623,14.942326624994166
E6_popsize_N120,cec2017,15,30,SEHHO-COBL,7,8454084110328708003,300000,300000,1550.389860205716,50.389860205716104,50.389860205716104,15.163887488015462
E6_popsize_N120,cec2017,15,30,SEHHO-COBL,8,5887851344105445225,300000,300000,1559.2818651755094,59.28186517550944,59.28186517550944,15.55233019599109
E6_popsize_N120,cec2017,15,30,SEHHO-COBL,9,8363018163750612905,300000,300000,1583.718862582835,83.71886258283507,83.71886258283507,16.97849217397743
E6_popsize_N120,cec2017,15,30,SEHHO-COBL,10,1521720656066468593,300000,300000,1549.0580599646294,49.058059964629365,49.058059964629365,16.86375532200327
E6_popsize_N120,cec2017,15,30,SEHHO-COBL,11,1998155618245755927,300000,300000,1592.033556894683,92.03355689468299,92.03355689468299,9.52535563299898
E6_popsize_N120,cec2017,15,30,SEHHO-COBL,12,7638438940537420395,300000,300000,1539.9800021861897,39.98000218618972,39.98000218618972,14.029541823983891
E6_popsize_N120,cec2017,15,30,SEHHO-COBL,13,6831790490354582547,300000,300000,1626.4955545395521,126.49555453955213,126.49555453955213,16.85326257199631
E6_popsize_N120,cec2017,15,30,SEHHO-COBL,14,2693038157881240985,300000,300000,1521.279731360998,21.279731360998085,21.279731360998085,14.362720418022946
E6_popsize_N120,cec2017,15,30,SEHHO-COBL,15,4319876732200247868,300000,300000,1632.6231941628635,132.62319416286346,132.62319416286346,10.521893722994719
E6_popsize_N120,cec2017,15,30,SEHHO-COBL,16,2371503411619462865,300000,300000,1520.999416453327,20.999416453327058,20.999416453327058,12.439450417004991
E6_popsize_N120,cec2017,15,30,SEHHO-COBL,17,8466885459138115128,300000,300000,1527.5431080969147,27.543108096914693,27.543108096914693,16.015652689995477
E6_popsize_N120,cec2017,15,30,SEHHO-COBL,18,9016083901385677976,300000,300000,1539.1120313089687,39.11203130896865,39.11203130896865,15.77485950497794
E6_popsize_N120,cec2017,15,30,SEHHO-COBL,19,7756977807319703130,300000,300000,1529.1941531502005,29.194153150200464,29.194153150200464,13.926170168997487
E6_popsize_N120,cec2017,15,30,SEHHO-COBL,20,8040067047871409317,300000,300000,1541.4386881217213,41.43868812172127,41.43868812172127,10.507570929010399
E6_popsize_N120,cec2017,15,30,SEHHO-COBL,21,9079787633731564178,300000,300000,1583.6400123685246,83.6400123685246,83.6400123685246,16.467772631993284
E6_popsize_N120,cec2017,15,30,SEHHO-COBL,22,5420140446916561749,300000,300000,1531.6786510044967,31.678651004496714,31.678651004496714,10.564723825023975
E6_popsize_N120,cec2017,15,30,SEHHO-COBL,23,5912540386587401811,300000,300000,1573.8888028296942,73.88880282969421,73.88880282969421,13.653430444013793
E6_popsize_N120,cec2017,15,30,SEHHO-COBL,24,7816775688878338147,300000,300000,1517.6653669039808,17.66536690398084,17.66536690398084,8.478770062996773
E6_popsize_N120,cec2017,15,30,SEHHO-COBL,25,8017662320288415138,300000,300000,1543.1162417396392,43.116241739639236,43.116241739639236,14.66826399997808
E6_popsize_N120,cec2017,15,30,SEHHO-COBL,26,4504234252401859626,300000,300000,1513.3155967886876,13.315596788687571,13.315596788687571,15.94890668100561
E6_popsize_N120,cec2017,15,30,SEHHO-COBL,27,4250873511834450135,300000,300000,1511.1848444624268,11.184844462426781,11.184844462426781,13.664144659996964
E6_popsize_N120,cec2017,15,30,SEHHO-COBL,28,8873216895552027381,300000,300000,1506.3130026640958,6.313002664095848,6.313002664095848,12.043245220003882
E6_popsize_N120,cec2017,15,30,SEHHO-COBL,29,7719295519674462124,300000,300000,1566.755238664584,66.75523866458411,66.75523866458411,11.268469009024557
E6_popsize_N60,cec2017,21,30,SEHHO-COBL,0,8751070060354333666,300000,300000,2330.4600886481444,230.4600886481444,230.4600886481444,12.77152756502619
E6_popsize_N60,cec2017,21,30,SEHHO-COBL,1,6200789840996264427,300000,300000,2331.341743330252,231.34174333025203,231.34174333025203,17.88669447999564
E6_popsize_N60,cec2017,21,30,SEHHO-COBL,2,6658260729799087749,300000,300000,2327.1883091289765,227.18830912897647,227.18830912897647,17.0178593719902
E6_popsize_N60,cec2017,21,30,SEHHO-COBL,3,4655679618509127570,300000,300000,2318.089852178181,218.089852178181,218.089852178181,17.74913266801741
E6_popsize_N60,cec2017,21,30,SEHHO-COBL,4,4364831994195953320,300000,300000,2323.743766569416,223.74376656941604,223.74376656941604,17.642926155007444
E6_popsize_N60,cec2017,21,30,SEHHO-COBL,5,7649805079089905023,300000,300000,2338.99033895239,238.99033895239018,238.99033895239018,17.682780857023317
E6_popsize_N60,cec2017,21,30,SEHHO-COBL,6,2333019690638020502,300000,300000,2331.7461753826333,231.74617538263328,231.74617538263328,17.668009993009036
E6_popsize_N60,cec2017,21,30,SEHHO-COBL,7,2478578660576192117,300000,300000,2340.1683579642745,240.1683579642745,240.1683579642745,17.8280161730072
E6_popsize_N60,cec2017,21,30,SEHHO-COBL,8,5110709244588291099,300000,300000,2326.4157287841867,226.41572878418674,226.41572878418674,18.002919804974226
E6_popsize_N60,cec2017,21,30,SEHHO-COBL,9,2893651738897440166,300000,300000,2324.800509018407,224.80050901840696,224.80050901840696,18.010689116985304
E6_popsize_N60,cec2017,21,30,SEHHO-COBL,10,5911886904785596558,300000,300000,2322.0572264719935,222.05722647199354,222.05722647199354,18.03740219998872
E6_popsize_N60,cec2017,21,30,SEHHO-COBL,11,7255372370323822984,300000,300000,2334.9517100645958,234.95171006459577,234.95171006459577,18.053743771015434
E6_popsize_N60,cec2017,21,30,SEHHO-COBL,12,5146692667484388984,300000,300000,2327.2085802585493,227.20858025854932,227.20858025854932,17.93654170402442
E6_popsize_N60,cec2017,21,30,SEHHO-COBL,13,4658590924950146748,300000,300000,2325.263661657036,225.2636616570362,225.2636616570362,18.148542336013634
E6_popsize_N60,cec2017,21,30,SEHHO-COBL,14,8224469672296233188,300000,300000,2328.1874475839613,228.18744758396133,228.18744758396133,18.071859859017422
E6_popsize_N60,cec2017,21,30,SEHHO-COBL,15,4493528841763122015,300000,300000,2337.759038765311,237.75903876531083,237.75903876531083,17.992710376012838
E6_popsize_N60,cec2017,21,30,SEHHO-COBL,16,3655830431883416896,300000,300000,2337.7657301505137,237.76573015051372,237.76573015051372,18.046098771999823
E6_popsize_N60,cec2017,21,30,SEHHO-COBL,17,8127479289309246246,300000,300000,2337.2573596624175,237.25735966241746,237.25735966241746,17.97536623501219
E6_popsize_N60,cec2017,21,30,SEHHO-COBL,18,3576392426660383106,300000,300000,2334.489272856358,234.48927285635818,234.48927285635818,18.034091501001967
E6_popsize_N60,cec2017,21,30,SEHHO-COBL,19,205216167590551020,300000,300000,2335.5457053457267,235.54570534572667,235.54570534572667,18.061083626991604
E6_popsize_N60,cec2017,21,30,SEHHO-COBL,20,3201233409632481438,300000,300000,2327.3272560638525,227.32725606385247,227.32725606385247,18.008409891015617
E6_popsize_N60,cec2017,21,30,SEHHO-COBL,21,6635296041329493193,300000,300000,2321.0905570150226,221.09055701502257,221.09055701502257,17.973332891007885
E6_popsize_N60,cec2017,21,30,SEHHO-COBL,22,5243712676844438525,300000,300000,2333.3098793922186,233.3098793922186,233.3098793922186,18.122049375990173
E6_popsize_N60,cec2017,21,30,SEHHO-COBL,23,6529502207926616178,300000,300000,2329.862826751867,229.86282675186703,229.86282675186703,17.969573700014735
E6_popsize_N60,cec2017,21,30,SEHHO-COBL,24,1572159447591850667,300000,300000,2331.8251351072076,231.82513510720764,231.82513510720764,12.476935405022232
E6_popsize_N60,cec2017,21,30,SEHHO-COBL,25,4733948855646473351,300000,300000,2333.755770091325,233.75577009132485,233.75577009132485,9.852159060013946
E6_popsize_N60,cec2017,21,30,SEHHO-COBL,26,1914686480285260732,300000,300000,2327.952137345736,227.952137345736,227.952137345736,13.333269377006218
E6_popsize_N60,cec2017,21,30,SEHHO-COBL,27,3880551863446549492,300000,300000,2322.22647215936,222.22647215936013,222.22647215936013,17.941624227009015
E6_popsize_N60,cec2017,21,30,SEHHO-COBL,28,1027886749098893228,300000,300000,2318.632029844002,218.63202984400186,218.63202984400186,17.944836762995692
E6_popsize_N60,cec2017,21,30,SEHHO-COBL,29,1916570760592478718,300000,300000,2317.179417506201,217.17941750620093,217.17941750620093,17.84837978699943
E6_popsize_N120,cec2017,11,30,SEHHO-COBL,0,2974614583180666283,300000,300000,1123.8789719844297,23.878971984429654,23.878971984429654,15.276153835991863
E6_popsize_N120,cec2017,11,30,SEHHO-COBL,1,8314542010478404906,300000,300000,1168.6518155161325,68.6518155161325,68.6518155161325,15.3961876630201
E6_popsize_N120,cec2017,11,30,SEHHO-COBL,2,1980564118629680589,300000,300000,1140.7999647481508,40.79996474815084,40.79996474815084,15.248530885990476
E6_popsize_N120,cec2017,11,30,SEHHO-COBL,3,2094076430451211853,300000,300000,1161.6871430632336,61.687143063233634,61.687143063233634,15.27972699800739
E6_popsize_N120,cec2017,11,30,SEHHO-COBL,4,7337741056899152853,300000,300000,1138.8033225306572,38.80332253065717,38.80332253065717,15.308876872004475
E6_popsize_N120,cec2017,11,30,SEHHO-COBL,5,7165000150122349220,300000,300000,1136.8134246131854,36.81342461318536,36.81342461318536,15.298432493000291
E6_popsize_N120,cec2017,11,30,SEHHO-COBL,6,961537539135137134,300000,300000,1114.924375780762,14.92437578076192,14.92437578076192,15.333303166000405
E6_popsize_N120,cec2017,11,30,SEHHO-COBL,7,5855839285862375169,300000,300000,1140.7932356070246,40.7932356070246,40.7932356070246,15.318140988005325
E6_popsize_N120,cec2017,11,30,SEHHO-COBL,8,5121972712635977410,300000,300000,1151.7444841038243,51.744484103824334,51.744484103824334,15.342468496994115
E6_popsize_N120,cec2017,11,30,SEHHO-COBL,9,3926934580398956463,300000,300000,1141.7881744674035,41.78817446740345,41.78817446740345,15.301515244005714
E6_popsize_N120,cec2017,11,30,SEHHO-COBL,10,5182572483753325789,300000,300000,1143.784902692471,43.78490269247095,43.78490269247095,15.32741015299689
E6_popsize_N120,cec2017,11,30,SEHHO-COBL,11,1304885587596944646,300000,300000,1206.7420797765699,106.74207977656988,106.74207977656988,15.276753991987789
E6_popsize_N120,cec2017,11,30,SEHHO-COBL,12,4890785952753760418,300000,300000,1207.737013416233,107.73701341623291,107.73701341623291,15.21577946699108
E6_popsize_N120,cec2017,11,30,SEHHO-COBL,13,6727072171190716936,300000,300000,1176.6112073431068,76.6112073431068,76.6112073431068,15.352683976991102
E6_popsize_N120,cec2017,11,30,SEHHO-COBL,14,1277474806265474498,300000,300000,1158.3084421062345,58.30844210623445,58.30844210623445,15.334721407009056
E6_popsize_N120,cec2017,11,30,SEHHO-COBL,15,5845423326854630823,300000,300000,1186.560275285249,86.56027528524896,86.56027528524896,15.26081921500736
E6_popsize_N120,cec2017,11,30,SEHHO-COBL,16,4127030716491790960,300000,300000,1135.8184503971966,35.81845039719656,35.81845039719656,13.152247600024566
E6_popsize_N120,cec2017,11,30,SEHHO-COBL,17,5103509346439014203,300000,300000,1129.8555112033366,29.85551120333662,29.85551120333662,15.067950828000903
E6_popsize_N120,cec2017,11,30,SEHHO-COBL,18,2296607154346607210,300000,300000,1190.8228156044968,90.82281560449678,90.82281560449678,14.984989644988673
E6_popsize_N120,cec2017,11,30,SEHHO-COBL,19,3738114285909446419,300000,300000,1177.613161057641,77.61316105764104,77.61316105764104,15.239407865010435
E6_popsize_N120,cec2017,11,30,SEHHO-COBL,20,7991308027299480752,300000,300000,1154.7225663231188,54.722566323118826,54.722566323118826,15.283380199980456
E6_popsize_N120,cec2017,11,30,SEHHO-COBL,21,3739315108459020425,300000,300000,1159.7041262882183,59.704126288218276,59.704126288218276,15.206209177005803
E6_popsize_N120,cec2017,11,30,SEHHO-COBL,22,7153771199741537625,300000,300000,1114.243261761334,14.243261761333997,14.243261761333997,15.377349590009544
E6_popsize_N120,cec2017,11,30,SEHHO-COBL,23,8198203558880936744,300000,300000,1121.8890791047763,21.88907910477633,21.88907910477633,15.143679725995753
E6_popsize_N120,cec2017,11,30,SEHHO-COBL,24,1900414189675702475,300000,300000,1198.7823362428098,98.78233624280983,98.78233624280983,15.11081446299795
E6_popsize_N120,cec2017,11,30,SEHHO-COBL,25,3877221117373649409,300000,300000,1138.8032617576168,38.80326175761684,38.80326175761684,15.190083731984487
E6_popsize_N120,cec2017,11,30,SEHHO-COBL,26,8148927353117129158,300000,300000,1125.8689102953308,25.868910295330807,25.868910295330807,14.855401617998723
E6_popsize_N120,cec2017,11,30,SEHHO-COBL,27,683277271293241859,300000,300000,1194.8026265983365,94.80262659833647,94.80262659833647,13.930399561009835
E6_popsize_N120,cec2017,11,30,SEHHO-COBL,28,2969596589390010272,300000,300000,1175.923481938111,75.92348193811108,75.92348193811108,13.773074359982274
E6_popsize_N120,cec2017,11,30,SEHHO-COBL,29,1051093863873562899,300000,300000,1190.2350947414318,90.2350947414318,90.2350947414318,13.141349949000869
E6_popsize_N60,cec2017,26,30,SEHHO-COBL,0,6973378522884246851,300000,300000,3842.413317594766,1242.4133175947659,1242.4133175947659,21.166972433013143
E6_popsize_N60,cec2017,26,30,SEHHO-COBL,1,875908712822285791,300000,300000,3914.413307305553,1314.4133073055532,1314.4133073055532,16.668189045012696
E6_popsize_N60,cec2017,26,30,SEHHO-COBL,2,7506515236999984580,300000,300000,3825.868532716831,1225.868532716831,1225.868532716831,17.532905379019212
E6_popsize_N60,cec2017,26,30,SEHHO-COBL,3,7294170434832590045,300000,300000,3943.641926012206,1343.641926012206,1343.641926012206,12.007359381997958
E6_popsize_N60,cec2017,26,30,SEHHO-COBL,4,6699557764023319143,300000,300000,3869.433104919413,1269.433104919413,1269.433104919413,11.82777688500937
E6_popsize_N60,cec2017,26,30,SEHHO-COBL,5,607118109495328627,300000,300000,4120.28430044714,1520.2843004471397,1520.2843004471397,16.915848599019228
E6_popsize_N60,cec2017,26,30,SEHHO-COBL,6,672651563691156339,300000,300000,3909.912477377089,1309.912477377089,1309.912477377089,17.56411016799393
E6_popsize_N60,cec2017,26,30,SEHHO-COBL,7,2918510242595449517,300000,300000,3816.176733792899,1216.176733792899,1216.176733792899,19.836110191012267
E6_popsize_N60,cec2017,26,30,SEHHO-COBL,8,7628997462027869210,300000,300000,3862.4331515282183,1262.4331515282183,1262.4331515282183,17.451652531017317
E6_popsize_N60,cec2017,26,30,SEHHO-COBL,9,9050287934166694291,300000,300000,3971.557529371466,1371.557529371466,1371.557529371466,13.64954732102342
E6_popsize_N60,cec2017,26,30,SEHHO-COBL,10,2479361976164661374,300000,300000,3905.7771238787573,1305.7771238787573,1305.7771238787573,11.85076158499578
E6_popsize_N60,cec2017,26,30,SEHHO-COBL,11,306795930780740263,300000,300000,3923.233654603678,1323.2336546036781,1323.2336546036781,11.655272903997684
E6_popsize_N60,cec2017,26,30,SEHHO-COBL,12,6305808958216919130,300000,300000,3965.7488749921954,1365.7488749921954,1365.7488749921954,15.914393997984007
E6_popsize_N60,cec2017,26,30,SEHHO-COBL,13,7215054344408626769,300000,300000,3874.1921849621644,1274.1921849621644,1274.1921849621644,20.27224010200007
E6_popsize_N60,cec2017,26,30,SEHHO-COBL,14,4221046072273309710,300000,300000,3791.741004439541,1191.741004439541,1191.741004439541,20.391893685999094
E6_popsize_N60,cec2017,26,30,SEHHO-COBL,15,2726636136577759480,300000,300000,3946.664984280913,1346.664984280913,1346.664984280913,17.682824218994938
E6_popsize_N60,cec2017,26,30,SEHHO-COBL,16,1475385044081716163,300000,300000,3698.3841138630214,1098.3841138630214,1098.3841138630214,17.158117953018518
E6_popsize_N60,cec2017,26,30,SEHHO-COBL,17,1680235747564941985,300000,300000,3948.5268843298686,1348.5268843298686,1348.5268843298686,19.28981154601206
E6_popsize_N60,cec2017,26,30,SEHHO-COBL,18,6567126559370554753,300000,300000,3796.075324069043,1196.0753240690428,1196.0753240690428,21.178066352003952
E6_popsize_N60,cec2017,26,30,SEHHO-COBL,19,8976262430202110034,300000,300000,3843.0718559517404,1243.0718559517404,1243.0718559517404,20.98592008900596
E6_popsize_N60,cec2017,26,30,SEHHO-COBL,20,3748434247981319983,300000,300000,3807.9574303801664,1207.9574303801664,1207.9574303801664,20.949660669983132
E6_popsize_N60,cec2017,26,30,SEHHO-COBL,21,5049648498773264735,300000,300000,3755.7663524470727,1155.7663524470727,1155.7663524470727,20.997039825015236
E6_popsize_N60,cec2017,26,30,SEHHO-COBL,22,3509510173160577922,300000,300000,3976.149228538713,1376.149228538713,1376.149228538713,20.953576235013315
E6_popsize_N60,cec2017,26,30,SEHHO-COBL,23,423895240157294374,300000,300000,3951.350035849355,1351.3500358493552,1351.3500358493552,20.95356179800001
E6_popsize_N60,cec2017,26,30,SEHHO-COBL,24,5968266546126855178,300000,300000,3791.2862472242646,1191.2862472242646,1191.2862472242646,20.985765638994053
E6_popsize_N60,cec2017,26,30,SEHHO-COBL,25,7161069518733032715,300000,300000,4019.4631876660715,1419.4631876660715,1419.4631876660715,20.92780591000337
E6_popsize_N60,cec2017,26,30,SEHHO-COBL,26,6951364150405012189,300000,300000,3949.4929222195906,1349.4929222195906,1349.4929222195906,11.960759979992872
E6_popsize_N60,cec2017,26,30,SEHHO-COBL,27,7250196435576947186,300000,300000,3820.305224376915,1220.3052243769148,1220.3052243769148,11.518075483996654
E6_popsize_N60,cec2017,26,30,SEHHO-COBL,28,257014851676239128,300000,300000,3912.2346148860315,1312.2346148860315,1312.2346148860315,15.209422353014816
E6_popsize_N60,cec2017,26,30,SEHHO-COBL,29,6261218142956445227,300000,300000,3861.3644558977608,1261.3644558977608,1261.3644558977608,13.239664058986818
E6_popsize_N120,cec2017,16,30,SEHHO-COBL,0,7601244169888626350,300000,300000,1850.366179330724,250.36617933072398,250.36617933072398,8.514567754988093
E6_popsize_N120,cec2017,16,30,SEHHO-COBL,1,6530888620708732793,300000,300000,2185.3903931490995,585.3903931490995,585.3903931490995,8.606053889001487
E6_popsize_N120,cec2017,16,30,SEHHO-COBL,2,781075926434450164,300000,300000,2082.450106264253,482.450106264253,482.450106264253,9.821825916995294
E6_popsize_N120,cec2017,16,30,SEHHO-COBL,3,7202125221585255020,300000,300000,1823.4752341443664,223.47523414436637,223.47523414436637,16.388829885981977
E6_popsize_N120,cec2017,16,30,SEHHO-COBL,4,7798714249700944893,300000,300000,2178.8837377884074,578.8837377884074,578.8837377884074,16.359023611003067
E6_popsize_N120,cec2017,16,30,SEHHO-COBL,5,4196103439996732471,300000,300000,1968.2266247187413,368.2266247187413,368.2266247187413,15.553236345993355
E6_popsize_N120,cec2017,16,30,SEHHO-COBL,6,4900411632388115772,300000,300000,2190.4738836493434,590.4738836493434,590.4738836493434,13.239661915024044
E6_popsize_N120,cec2017,16,30,SEHHO-COBL,7,5340504111787205679,300000,300000,1905.113283056921,305.1132830569211,305.1132830569211,14.748357423988637
E6_popsize_N120,cec2017,16,30,SEHHO-COBL,8,4342669294353620068,300000,300000,1838.1221419788342,238.12214197883418,238.12214197883418,8.645076238986803
E6_popsize_N120,cec2017,16,30,SEHHO-COBL,9,2614815275565720576,300000,300000,1827.5737301186805,227.5737301186805,227.5737301186805,9.89687603097991
E6_popsize_N120,cec2017,16,30,SEHHO-COBL,10,4710759861788885441,300000,300000,1923.293471204785,323.29347120478496,323.29347120478496,9.580590922996635
E6_popsize_N120,cec2017,16,30,SEHHO-COBL,11,8035369483503888361,300000,300000,2106.6899967958243,506.6899967958243,506.6899967958243,8.99489942198852
E6_popsize_N120,cec2017,16,30,SEHHO-COBL,12,5761690091001556595,300000,300000,2030.4503547186714,430.4503547186714,430.4503547186714,9.72963632500614
E6_popsize_N120,cec2017,16,30,SEHHO-COBL,13,8155803668513783845,300000,300000,1802.506144661422,202.506144661422,202.506144661422,8.50533278399962
E6_popsize_N120,cec2017,16,30,SEHHO-COBL,14,5405897116175869733,300000,300000,1939.5215696494777,339.52156964947767,339.52156964947767,8.440944236994255
E6_popsize_N120,cec2017,16,30,SEHHO-COBL,15,2076309478993405478,300000,300000,2016.8990364419233,416.8990364419233,416.8990364419233,11.709329312987393
E6_popsize_N120,cec2017,16,30,SEHHO-COBL,16,4822853542763791125,300000,300000,1991.2473575927845,391.2473575927845,391.2473575927845,15.160118308005622
E6_popsize_N120,cec2017,16,30,SEHHO-COBL,17,5044088640734709837,300000,300000,1920.9029215218882,320.9029215218882,320.9029215218882,14.113047869002912
E6_popsize_N120,cec2017,16,30,SEHHO-COBL,18,1841372850573715225,300000,300000,1981.5823691625078,381.5823691625078,381.5823691625078,16.3464306909882
E6_popsize_N120,cec2017,16,30,SEHHO-COBL,19,8387799750638583960,300000,300000,1980.0655260138574,380.0655260138574,380.0655260138574,16.33842388400808
E6_popsize_N120,cec2017,16,30,SEHHO-COBL,20,4627674284255367699,300000,300000,2175.5291198872815,575.5291198872815,575.5291198872815,16.314351392997196
E6_popsize_N120,cec2017,16,30,SEHHO-COBL,21,5647297780801854408,300000,300000,1874.7332757339798,274.7332757339798,274.7332757339798,16.29189680700074
E6_popsize_N120,cec2017,16,30,SEHHO-COBL,22,6241931383857362529,300000,300000,1868.834451908526,268.83445190852603,268.83445190852603,16.24044465299812
E6_popsize_N120,cec2017,16,30,SEHHO-COBL,23,568489190583631985,300000,300000,2062.9683273501587,462.9683273501587,462.9683273501587,16.253097795008216
E6_popsize_N120,cec2017,16,30,SEHHO-COBL,24,6812828518781583323,300000,300000,1987.140414600323,387.1404146003231,387.1404146003231,16.34547379601281
E6_popsize_N120,cec2017,16,30,SEHHO-COBL,25,5243526814293634727,300000,300000,2141.3153224441276,541.3153224441276,541.3153224441276,16.411559048021445
E6_popsize_N120,cec2017,16,30,SEHHO-COBL,26,3945486067980566073,300000,300000,2028.3889030489659,428.38890304896586,428.38890304896586,16.565587594988756
E6_popsize_N120,cec2017,16,30,SEHHO-COBL,27,1782042342475997949,300000,300000,1978.1225671485017,378.12256714850173,378.12256714850173,16.666974506981205
E6_popsize_N120,cec2017,16,30,SEHHO-COBL,28,6891155364254986363,300000,300000,1776.7312823189693,176.7312823189693,176.7312823189693,16.695124185993336
E6_popsize_N120,cec2017,16,30,SEHHO-COBL,29,8901656986113481313,300000,300000,2035.6907766012507,435.6907766012507,435.6907766012507,16.560704937000992
E6_popsize_N120,cec2017,8,30,SEHHO-COBL,0,6479179387753987801,300000,300000,822.1082285955849,22.108228595584933,22.108228595584933,15.301285874011228
E6_popsize_N120,cec2017,8,30,SEHHO-COBL,1,995262895620286342,300000,300000,824.5533426296092,24.553342629609233,24.553342629609233,15.398759686999256
E6_popsize_N120,cec2017,8,30,SEHHO-COBL,2,3086491506719909867,300000,300000,816.8970961649229,16.897096164922914,16.897096164922914,15.467901841009734
E6_popsize_N120,cec2017,8,30,SEHHO-COBL,3,6366686545325418915,300000,300000,826.1354521174761,26.13545211747612,26.13545211747612,15.294341489003273
E6_popsize_N120,cec2017,8,30,SEHHO-COBL,4,7078512418144474407,300000,300000,827.7035485978653,27.70354859786528,27.70354859786528,15.39466647998779
E6_popsize_N120,cec2017,8,30,SEHHO-COBL,5,7769009271959213686,300000,300000,827.812451519321,27.81245151932103,27.81245151932103,15.393340492999414
E6_popsize_N120,cec2017,8,30,SEHHO-COBL,6,7557047189041836165,300000,300000,822.568062573974,22.568062573973975,22.568062573973975,15.437766970018856
E6_popsize_N120,cec2017,8,30,SEHHO-COBL,7,690455262183698018,300000,300000,830.0568463699304,30.05684636993044,30.05684636993044,15.493965888017556
E6_popsize_N120,cec2017,8,30,SEHHO-COBL,8,6454609421000219845,300000,300000,823.2720817118005,23.272081711800524,23.272081711800524,15.578489801002434
E6_popsize_N120,cec2017,8,30,SEHHO-COBL,9,7793942098144837398,300000,300000,825.592964788071,25.592964788070958,25.592964788070958,15.45027805599966
E6_popsize_N120,cec2017,8,30,SEHHO-COBL,10,3142406610834957339,300000,300000,826.7178744996527,26.71787449965268,26.71787449965268,15.526770045980811
E6_popsize_N120,cec2017,8,30,SEHHO-COBL,11,6242486471308156635,300000,300000,824.6196343062373,24.619634306237344,24.619634306237344,15.652555901004234
E6_popsize_N120,cec2017,8,30,SEHHO-COBL,12,3488444345368684754,300000,300000,826.896910838387,26.896910838387043,26.896910838387043,15.381494013010524
E6_popsize_N120,cec2017,8,30,SEHHO-COBL,13,1051230007702355197,300000,300000,825.2676762537441,25.26767625374407,25.26767625374407,15.544659788982244
E6_popsize_N120,cec2017,8,30,SEHHO-COBL,14,3694330856542234432,300000,300000,830.0794386712228,30.07943867122276,30.07943867122276,15.577157843013993
E6_popsize_N120,cec2017,8,30,SEHHO-COBL,15,6866285388459074784,300000,300000,821.0656718913309,21.065671891330908,21.065671891330908,15.52696192500298
E6_popsize_N120,cec2017,8,30,SEHHO-COBL,16,5490779994874777924,300000,300000,821.3559590339087,21.355959033908675,21.355959033908675,15.489968909998424
E6_popsize_N120,cec2017,8,30,SEHHO-COBL,17,405944880349192802,300000,300000,824.7166030258376,24.71660302583757,24.71660302583757,15.61440889100777
E6_popsize_N120,cec2017,8,30,SEHHO-COBL,18,8563723968360801871,300000,300000,821.2443297311527,21.244329731152675,21.244329731152675,15.58846165498835
E6_popsize_N120,cec2017,8,30,SEHHO-COBL,19,9019077148452765626,300000,300000,829.4306864941562,29.430686494156248,29.430686494156248,15.550156899000285
E6_popsize_N120,cec2017,8,30,SEHHO-COBL,20,2477291348928336749,300000,300000,825.715942786334,25.71594278633404,25.71594278633404,15.544042791996617
E6_popsize_N120,cec2017,8,30,SEHHO-COBL,21,4462241311168203611,300000,300000,829.7201623518439,29.720162351843896,29.720162351843896,15.634009504981805
E6_popsize_N120,cec2017,8,30,SEHHO-COBL,22,6436675455912263834,300000,300000,818.7518529597593,18.751852959759276,18.751852959759276,15.624238547985442
E6_popsize_N120,cec2017,8,30,SEHHO-COBL,23,763705757373325062,300000,300000,824.9704260126529,24.970426012652865,24.970426012652865,15.600941342010628
E6_popsize_N120,cec2017,8,30,SEHHO-COBL,24,4540539578801933133,300000,300000,830.488339075768,30.488339075767954,30.488339075767954,15.497225089988206
E6_popsize_N120,cec2017,8,30,SEHHO-COBL,25,5331709007696733278,300000,300000,822.6870518645939,22.687051864593855,22.687051864593855,15.570998871990014
E6_popsize_N120,cec2017,8,30,SEHHO-COBL,26,7386829776668904678,300000,300000,825.535146503136,25.535146503136048,25.535146503136048,15.619602132006548
E6_popsize_N120,cec2017,8,30,SEHHO-COBL,27,5297758455407964638,300000,300000,826.459440737151,26.459440737151,26.459440737151,15.746422898984747
E6_popsize_N120,cec2017,8,30,SEHHO-COBL,28,8188350831200883521,300000,300000,829.0119558359509,29.011955835950857,29.011955835950857,15.665768221981125
E6_popsize_N120,cec2017,8,30,SEHHO-COBL,29,3844391608104717093,300000,300000,821.6245405095356,21.624540509535564,21.624540509535564,15.588758430996677
E6_popsize_N60,cec2017,29,30,SEHHO-COBL,0,5369187029077865180,300000,300000,3378.568775692542,478.5687756925422,478.5687756925422,14.748199177003698
E6_popsize_N60,cec2017,29,30,SEHHO-COBL,1,6589072481112428261,300000,300000,3417.6640161005635,517.6640161005635,517.6640161005635,20.55177544199978
E6_popsize_N60,cec2017,29,30,SEHHO-COBL,2,1113681137182814611,300000,300000,3463.5859205700012,563.5859205700012,563.5859205700012,20.46684617799474
E6_popsize_N60,cec2017,29,30,SEHHO-COBL,3,7456003722239342523,300000,300000,3461.22138227552,561.2213822755202,561.2213822755202,17.21189915499417
E6_popsize_N60,cec2017,29,30,SEHHO-COBL,4,2726514964780595302,300000,300000,3370.3327573851902,470.33275738519023,470.33275738519023,18.745675226993626
E6_popsize_N60,cec2017,29,30,SEHHO-COBL,5,7504659661812987209,300000,300000,3388.104837971908,488.1048379719082,488.1048379719082,18.1649293419905
E6_popsize_N60,cec2017,29,30,SEHHO-COBL,6,6828623336499343997,300000,300000,3362.1086378386626,462.1086378386626,462.1086378386626,16.02715732800425
E6_popsize_N60,cec2017,29,30,SEHHO-COBL,7,84131593855720799,300000,300000,3386.6426568145093,486.64265681450934,486.64265681450934,12.180810940015363
E6_popsize_N60,cec2017,29,30,SEHHO-COBL,8,4746258033453524932,300000,300000,3374.397569102476,474.39756910247615,474.39756910247615,19.154448236018652
E6_popsize_N60,cec2017,29,30,SEHHO-COBL,9,6769869045714926809,300000,300000,3387.5574020130703,487.55740201307026,487.55740201307026,11.133622670022305
E6_popsize_N60,cec2017,29,30,SEHHO-COBL,10,4521274136265862244,300000,300000,3381.6076946307267,481.60769463072666,481.60769463072666,17.0701667300018
E6_popsize_N60,cec2017,29,30,SEHHO-COBL,11,7009594734859368116,300000,300000,3385.637920307022,485.6379203070219,485.6379203070219,20.320148708997294
E6_popsize_N60,cec2017,29,30,SEHHO-COBL,12,990818343784967690,300000,300000,3352.2701553534234,452.27015535342343,452.27015535342343,17.579950777988415
E6_popsize_N60,cec2017,29,30,SEHHO-COBL,13,2974379305656860285,300000,300000,3423.1372385936506,523.1372385936506,523.1372385936506,10.802145166002447
E6_popsize_N60,cec2017,29,30,SEHHO-COBL,14,5964488856693112728,300000,300000,3438.133742695697,538.133742695697,538.133742695697,10.98834094699123
E6_popsize_N60,cec2017,29,30,SEHHO-COBL,15,7194158100244945965,300000,300000,3451.204978859233,551.204978859233,551.204978859233,16.885907071002293
E6_popsize_N60,cec2017,29,30,SEHHO-COBL,16,4525254898926827457,300000,300000,3447.809840017427,547.8098400174272,547.8098400174272,18.708471056015696
E6_popsize_N60,cec2017,29,30,SEHHO-COBL,17,3955469269754417243,300000,300000,3382.0847164970924,482.08471649709236,482.08471649709236,16.015148073987802
E6_popsize_N60,cec2017,29,30,SEHHO-COBL,18,5177544699335476363,300000,300000,3379.2209578167904,479.22095781679036,479.22095781679036,19.960104205994867
E6_popsize_N60,cec2017,29,30,SEHHO-COBL,19,5597549345271065431,300000,300000,3401.7753359757594,501.7753359757594,501.7753359757594,18.972436362004373
E6_popsize_N60,cec2017,29,30,SEHHO-COBL,20,968576603080635518,300000,300000,3402.8546935802647,502.85469358026467,502.85469358026467,20.4650224869838
E6_popsize_N60,cec2017,29,30,SEHHO-COBL,21,2971930057282244284,300000,300000,3519.4471372021453,619.4471372021453,619.4471372021453,13.09218055702513
E6_popsize_N60,cec2017,29,30,SEHHO-COBL,22,2986480342938713554,300000,300000,3378.515285506083,478.5152855060828,478.5152855060828,19.135557334986515
E6_popsize_N60,cec2017,29,30,SEHHO-COBL,23,8927871896223061990,300000,300000,3459.325278944138,559.3252789441381,559.3252789441381,19.611069962993497
E6_popsize_N60,cec2017,29,30,SEHHO-COBL,24,2394534868690422481,300000,300000,3423.252384105374,523.252384105374,523.252384105374,18.45855122298235
E6_popsize_N60,cec2017,29,30,SEHHO-COBL,25,4055147724005565557,300000,300000,3375.042611581784,475.04261158178406,475.04261158178406,18.3970327579882
E6_popsize_N60,cec2017,29,30,SEHHO-COBL,26,2585839830144184177,300000,300000,3474.934439700748,574.934439700748,574.934439700748,15.52370960501139
E6_popsize_N60,cec2017,29,30,SEHHO-COBL,27,5815264197855411273,300000,300000,3429.9086523709875,529.9086523709875,529.9086523709875,14.488301589997718
E6_popsize_N60,cec2017,29,30,SEHHO-COBL,28,5994904353247731226,300000,300000,3496.9855089725843,596.9855089725843,596.9855089725843,15.001646216027439
E6_popsize_N60,cec2017,29,30,SEHHO-COBL,29,9048940771804632586,300000,300000,3378.180247361175,478.18024736117513,478.18024736117513,14.874830358021427
E6_popsize_N60,cec2017,28,30,SEHHO-COBL,0,8285798366216750257,300000,300000,3203.2856806533273,403.2856806533273,403.2856806533273,20.128965013020206
E6_popsize_N60,cec2017,28,30,SEHHO-COBL,1,470664145869994986,300000,300000,3100.000000000001,300.0000000000009,300.0000000000009,19.899010588007513
E6_popsize_N60,cec2017,28,30,SEHHO-COBL,2,2871402869137885496,300000,300000,3213.975165773642,413.97516577364195,413.97516577364195,19.935452107019955
E6_popsize_N60,cec2017,28,30,SEHHO-COBL,3,8928054550581135324,300000,300000,3203.2856806533273,403.2856806533273,403.2856806533273,20.032360319019062
E6_popsize_N60,cec2017,28,30,SEHHO-COBL,4,6681177600872795102,300000,300000,3100.000000000001,300.0000000000009,300.0000000000009,19.980477056989912
E6_popsize_N60,cec2017,28,30,SEHHO-COBL,5,6686759886378531138,300000,300000,3100.000000000002,300.0000000000018,300.0000000000018,20.319548784988
E6_popsize_N60,cec2017,28,30,SEHHO-COBL,6,6274212721033994586,300000,300000,3213.975165773644,413.9751657736442,413.9751657736442,19.988086308003403
E6_popsize_N60,cec2017,28,30,SEHHO-COBL,7,8895847798116309866,300000,300000,3251.711289945144,451.711289945144,451.711289945144,20.31668629599153
E6_popsize_N60,cec2017,28,30,SEHHO-COBL,8,1351361417775146476,300000,300000,3100.000000000001,300.0000000000009,300.0000000000009,20.6272869919776
E6_popsize_N60,cec2017,28,30,SEHHO-COBL,9,6294445847828551043,300000,300000,3100.000000000001,300.0000000000009,300.0000000000009,20.179729687981308
E6_popsize_N60,cec2017,28,30,SEHHO-COBL,10,2103355901551010592,300000,300000,3100.000000000001,300.0000000000009,300.0000000000009,20.157413932000054
E6_popsize_N60,cec2017,28,30,SEHHO-COBL,11,5073844521316031997,300000,300000,3100.000000000001,300.0000000000009,300.0000000000009,20.207851322978968
E6_popsize_N60,cec2017,28,30,SEHHO-COBL,12,6376992750049789440,300000,300000,3203.285680653332,403.28568065333184,403.28568065333184,20.146236527973088
E6_popsize_N60,cec2017,28,30,SEHHO-COBL,13,7018797610189321270,300000,300000,3257.668462153424,457.6684621534241,457.6684621534241,20.218632464006077
E6_popsize_N60,cec2017,28,30,SEHHO-COBL,14,1735965923100881390,300000,300000,3100.000000000001,300.0000000000009,300.0000000000009,20.005096323002363
E6_popsize_N60,cec2017,28,30,SEHHO-COBL,15,2017076267582240172,300000,300000,3100.000000000001,300.0000000000009,300.0000000000009,17.21310964602162
E6_popsize_N60,cec2017,28,30,SEHHO-COBL,16,7056761061861085615,300000,300000,3100.000000000001,300.0000000000009,300.0000000000009,17.93912710400764
E6_popsize_N60,cec2017,28,30,SEHHO-COBL,17,1509509368235415558,300000,300000,3100.000000000001,300.0000000000009,300.0000000000009,18.939248205017066
E6_popsize_N60,cec2017,28,30,SEHHO-COBL,18,2152070923621689004,300000,300000,3100.000000000001,300.0000000000009,300.0000000000009,19.107189848000417
E6_popsize_N60,cec2017,28,30,SEHHO-COBL,19,4481848309602592940,300000,300000,3260.1093624488585,460.1093624488585,460.1093624488585,18.11815804601065
E6_popsize_N60,cec2017,28,30,SEHHO-COBL,20,332936302432699816,300000,300000,3251.711289945143,451.7112899451431,451.7112899451431,20.4094449650147
E6_popsize_N60,cec2017,28,30,SEHHO-COBL,21,4953238482011591106,300000,300000,3266.6400212024837,466.6400212024837,466.6400212024837,19.93883585400181
E6_popsize_N60,cec2017,28,30,SEHHO-COBL,22,4249636783959635890,300000,300000,3203.285680653331,403.2856806533309,403.2856806533309,16.692524830024922
E6_popsize_N60,cec2017,28,30,SEHHO-COBL,23,2499267313600194456,300000,300000,3100.000000000001,300.0000000000009,300.0000000000009,10.525003304996062
E6_popsize_N60,cec2017,28,30,SEHHO-COBL,24,1673353045012600562,300000,300000,3203.285680653328,403.2856806533282,403.2856806533282,16.951627337024547
E6_popsize_N60,cec2017,28,30,SEHHO-COBL,25,8773007518857083870,300000,300000,3213.975165773643,413.97516577364286,413.97516577364286,19.390679714997532
E6_popsize_N60,cec2017,28,30,SEHHO-COBL,26,7761416478093531916,300000,300000,3100.000000000001,300.0000000000009,300.0000000000009,16.417904368019663
E6_popsize_N60,cec2017,28,30,SEHHO-COBL,27,5593654716561806294,300000,300000,3213.9751657736424,413.9751657736424,413.9751657736424,14.2308839239995
E6_popsize_N60,cec2017,28,30,SEHHO-COBL,28,1629399270530901964,300000,300000,3100.000000000001,300.0000000000009,300.0000000000009,17.228446151013486
E6_popsize_N60,cec2017,28,30,SEHHO-COBL,29,5357163809038435162,300000,300000,3100.000000000001,300.0000000000009,300.0000000000009,19.60038955998607
E6_popsize_N60,cec2017,27,30,SEHHO-COBL,0,1068945543575970897,300000,300000,3225.2205900376894,525.2205900376894,525.2205900376894,21.135779186995933
E6_popsize_N60,cec2017,27,30,SEHHO-COBL,1,2641408016770736228,300000,300000,3203.8573200658575,503.8573200658575,503.8573200658575,20.122383439011173
E6_popsize_N60,cec2017,27,30,SEHHO-COBL,2,3240237656811569517,300000,300000,3210.921784170968,510.92178417096784,510.92178417096784,20.11123013900942
E6_popsize_N60,cec2017,27,30,SEHHO-COBL,3,351314951669306606,300000,300000,3205.7713332532467,505.77133325324667,505.77133325324667,21.565781774988864
E6_popsize_N60,cec2017,27,30,SEHHO-COBL,4,4495089675569517185,300000,300000,3213.773096196448,513.773096196448,513.773096196448,21.478115867997985
E6_popsize_N60,cec2017,27,30,SEHHO-COBL,5,268911206109693565,300000,300000,3199.0590380461463,499.05903804614627,499.05903804614627,21.58347979001701
E6_popsize_N60,cec2017,27,30,SEHHO-COBL,6,735496836857633297,300000,300000,3203.042103565201,503.04210356520116,503.04210356520116,21.472512638982153
E6_popsize_N60,cec2017,27,30,SEHHO-COBL,7,3062228901913674009,300000,300000,3212.708221002102,512.7082210021022,512.7082210021022,20.158612029015785
E6_popsize_N60,cec2017,27,30,SEHHO-COBL,8,7224678783079231548,300000,300000,3211.384490550441,511.3844905504411,511.3844905504411,20.79500148902298
E6_popsize_N60,cec2017,27,30,SEHHO-COBL,9,2573243042656256414,300000,300000,3208.659510420206,508.65951042020606,508.65951042020606,21.231921622995287
E6_popsize_N60,cec2017,27,30,SEHHO-COBL,10,6748080745079611974,300000,300000,3218.718700022754,518.7187000227541,518.7187000227541,21.210062373022083
E6_popsize_N60,cec2017,27,30,SEHHO-COBL,11,8639938895277545891,300000,300000,3211.0116264749713,511.0116264749713,511.0116264749713,22.018060125003103
E6_popsize_N60,cec2017,27,30,SEHHO-COBL,12,3215873579074701721,300000,300000,3204.5063649404083,504.5063649404083,504.5063649404083,20.565763448015787
E6_popsize_N60,cec2017,27,30,SEHHO-COBL,13,352238534868882140,300000,300000,3214.4507028021117,514.4507028021117,514.4507028021117,20.63751550699817
E6_popsize_N60,cec2017,27,30,SEHHO-COBL,14,8098070858064505492,300000,300000,3223.725018504115,523.7250185041148,523.7250185041148,21.867526290996466
E6_popsize_N60,cec2017,27,30,SEHHO-COBL,15,1929119708313633376,300000,300000,3205.8769169141856,505.8769169141856,505.8769169141856,21.765102873992873
E6_popsize_N60,cec2017,27,30,SEHHO-COBL,16,6611411217093546819,300000,300000,3202.1813029330915,502.1813029330915,502.1813029330915,21.995816182985436
E6_popsize_N60,cec2017,27,30,SEHHO-COBL,17,5206681844647080080,300000,300000,3212.853972375976,512.8539723759759,512.8539723759759,21.903718984976877
E6_popsize_N60,cec2017,27,30,SEHHO-COBL,18,7184656849375518136,300000,300000,3207.882416617372,507.8824166173722,507.8824166173722,21.79042515900801
E6_popsize_N60,cec2017,27,30,SEHHO-COBL,19,4166635793527548295,300000,300000,3219.211069455113,519.2110694551129,519.2110694551129,18.88066998400609
E6_popsize_N60,cec2017,27,30,SEHHO-COBL,20,4429131786414076638,300000,300000,3225.0478828543437,525.0478828543437,525.0478828543437,11.40214520401787
E6_popsize_N60,cec2017,27,30,SEHHO-COBL,21,8779453467316138850,300000,300000,3207.6496717707814,507.6496717707814,507.6496717707814,15.059157834999496
E6_popsize_N60,cec2017,27,30,SEHHO-COBL,22,4415768059911501922,300000,300000,3211.0619576786357,511.06195767863574,511.06195767863574,18.437271820992464
E6_popsize_N60,cec2017,27,30,SEHHO-COBL,23,5962741066864220761,300000,300000,3214.4464092988574,514.4464092988574,514.4464092988574,16.001048147008987
E6_popsize_N60,cec2017,27,30,SEHHO-COBL,24,1582565177645890471,300000,300000,3195.5187596395513,495.51875963955126,495.51875963955126,20.33435406399076
E6_popsize_N60,cec2017,27,30,SEHHO-COBL,25,4636873103286300708,300000,300000,3214.0506536634657,514.0506536634657,514.0506536634657,18.455792828986887
E6_popsize_N60,cec2017,27,30,SEHHO-COBL,26,3579672915378511282,300000,300000,3207.4775579734237,507.4775579734237,507.4775579734237,18.73430347800604
E6_popsize_N60,cec2017,27,30,SEHHO-COBL,27,1814928980291168398,300000,300000,3208.717758456576,508.7177584565761,508.7177584565761,12.12872153997887
E6_popsize_N60,cec2017,27,30,SEHHO-COBL,28,6863208878727228809,300000,300000,3215.917942112039,515.9179421120389,515.9179421120389,12.248360315978061
E6_popsize_N60,cec2017,27,30,SEHHO-COBL,29,7667099979019669196,300000,300000,3208.7047844445015,508.70478444450146,508.70478444450146,12.132817361998605
E6_popsize_N120,cec2017,17,30,SEHHO-COBL,0,1319973494906112092,300000,300000,1768.4872708303365,68.48727083033646,68.48727083033646,14.783880963019328
E6_popsize_N120,cec2017,17,30,SEHHO-COBL,1,5273850505535214677,300000,300000,1754.4784375162335,54.4784375162335,54.4784375162335,15.52238957901136
E6_popsize_N120,cec2017,17,30,SEHHO-COBL,2,430103466859634409,300000,300000,1753.066439177842,53.066439177842085,53.066439177842085,9.789617114991415
E6_popsize_N120,cec2017,17,30,SEHHO-COBL,3,3481455813019501496,300000,300000,1783.7616836948196,83.76168369481957,83.76168369481957,9.785759660007898
E6_popsize_N120,cec2017,17,30,SEHHO-COBL,4,7626568022812826892,300000,300000,1757.1194543161928,57.11945431619279,57.11945431619279,14.504126511019422
E6_popsize_N120,cec2017,17,30,SEHHO-COBL,5,2335169953963487434,300000,300000,1765.5897891221457,65.5897891221457,65.5897891221457,15.43003981700167
E6_popsize_N120,cec2017,17,30,SEHHO-COBL,6,7671803248967903115,300000,300000,1754.1152872575894,54.11528725758944,54.11528725758944,17.40434460900724
E6_popsize_N120,cec2017,17,30,SEHHO-COBL,7,3671049256898931461,300000,300000,1769.4471871471983,69.44718714719829,69.44718714719829,17.643791699025314
E6_popsize_N120,cec2017,17,30,SEHHO-COBL,8,5205272789817976608,300000,300000,1740.96394926784,40.96394926784001,40.96394926784001,17.346259563986678
E6_popsize_N120,cec2017,17,30,SEHHO-COBL,9,8996239237428248296,300000,300000,1775.5065537978937,75.50655379789373,75.50655379789373,17.433979152003303
E6_popsize_N120,cec2017,17,30,SEHHO-COBL,10,1940665301065715410,300000,300000,1770.048616586545,70.048616586545,70.048616586545,17.672271344985347
E6_popsize_N120,cec2017,17,30,SEHHO-COBL,11,6799282669960393497,300000,300000,1757.9137274069583,57.91372740695829,57.91372740695829,11.705272032995708
E6_popsize_N120,cec2017,17,30,SEHHO-COBL,12,8035096327610447484,300000,300000,1771.480240485871,71.48024048587104,71.48024048587104,14.742808045994025
E6_popsize_N120,cec2017,17,30,SEHHO-COBL,13,5536509695945379702,300000,300000,1806.8905630256572,106.89056302565723,106.89056302565723,11.855711900017923
E6_popsize_N120,cec2017,17,30,SEHHO-COBL,14,1316596804485662304,300000,300000,1768.4998312928071,68.49983129280713,68.49983129280713,9.637068733019987
E6_popsize_N120,cec2017,17,30,SEHHO-COBL,15,5602950978997274319,300000,300000,1767.7940507186227,67.79405071862266,67.79405071862266,15.22279424397857
E6_popsize_N120,cec2017,17,30,SEHHO-COBL,16,2456900941089698715,300000,300000,1776.9783139227757,76.97831392277567,76.97831392277567,15.716957013006322
E6_popsize_N120,cec2017,17,30,SEHHO-COBL,17,5171544602593308143,300000,300000,1759.1764294133093,59.17642941330928,59.17642941330928,11.330091729993
E6_popsize_N120,cec2017,17,30,SEHHO-COBL,18,5883372461764150224,300000,300000,1766.8633588968112,66.86335889681118,66.86335889681118,17.362321769993287
E6_popsize_N120,cec2017,17,30,SEHHO-COBL,19,6403085095436309455,300000,300000,1771.1092355857863,71.10923558578634,71.10923558578634,17.707008859986672
E6_popsize_N120,cec2017,17,30,SEHHO-COBL,20,3401405399670799709,300000,300000,1768.6872424900976,68.68724249009756,68.68724249009756,17.571258153999224
E6_popsize_N120,cec2017,17,30,SEHHO-COBL,21,6988595313931818801,300000,300000,1750.1367728848595,50.13677288485951,50.13677288485951,17.63774094998371
E6_popsize_N120,cec2017,17,30,SEHHO-COBL,22,7198985537257434160,300000,300000,1758.7013579897848,58.70135798978481,58.70135798978481,17.44861905000289
E6_popsize_N120,cec2017,17,30,SEHHO-COBL,23,8167323663203091392,300000,300000,1789.4649732506164,89.46497325061637,89.46497325061637,17.692933710000943
E6_popsize_N120,cec2017,17,30,SEHHO-COBL,24,7373210724052791102,300000,300000,1759.2176996719397,59.21769967193973,59.21769967193973,17.755056608992163
E6_popsize_N120,cec2017,17,30,SEHHO-COBL,25,4226580035525584326,300000,300000,1779.7511583385976,79.75115833859763,79.75115833859763,17.66092625699821
E6_popsize_N120,cec2017,17,30,SEHHO-COBL,26,8449480864176922499,300000,300000,1750.3519369912553,50.35193699125534,50.35193699125534,17.719891312997788
E6_popsize_N120,cec2017,17,30,SEHHO-COBL,27,3159540249638183988,300000,300000,1761.852452913431,61.85245291343108,61.85245291343108,17.66232659301022
E6_popsize_N120,cec2017,17,30,SEHHO-COBL,28,6579055768846680509,300000,300000,1762.5257537757036,62.525753775703606,62.525753775703606,17.708697466994636
E6_popsize_N120,cec2017,17,30,SEHHO-COBL,29,6709029120989241113,300000,300000,1787.79536189378,87.79536189377995,87.79536189377995,17.733963056001812
E6_popsize_N120,cec2017,18,30,SEHHO-COBL,0,3041317442646490713,300000,300000,1971.5079793034276,171.50797930342765,171.50797930342765,16.592929578007897
E6_popsize_N120,cec2017,18,30,SEHHO-COBL,1,2534029469123694237,300000,300000,1951.7369837730023,151.7369837730023,151.7369837730023,16.504561162990285
E6_popsize_N120,cec2017,18,30,SEHHO-COBL,2,2520183612279427604,300000,300000,1998.864391257938,198.864391257938,198.864391257938,16.669765703001758
E6_popsize_N120,cec2017,18,30,SEHHO-COBL,3,8746487020618231676,300000,300000,1894.1936325815896,94.19363258158955,94.19363258158955,16.4328384490218
E6_popsize_N120,cec2017,18,30,SEHHO-COBL,4,7406442792129423352,300000,300000,1896.9106667897622,96.91066678976222,96.91066678976222,16.60883596201893
E6_popsize_N120,cec2017,18,30,SEHHO-COBL,5,1599656998790099280,300000,300000,1915.1118280779353,115.11182807793534,115.11182807793534,16.37588084899471
E6_popsize_N120,cec2017,18,30,SEHHO-COBL,6,2674991568527779668,300000,300000,2069.9473955122658,269.94739551226576,269.94739551226576,16.741825699980836
E6_popsize_N120,cec2017,18,30,SEHHO-COBL,7,2591855210709752907,300000,300000,1947.613589300947,147.61358930094707,147.61358930094707,16.698093585000606
E6_popsize_N120,cec2017,18,30,SEHHO-COBL,8,8068120016495906358,300000,300000,1924.3091635836306,124.3091635836306,124.3091635836306,16.510546870005783
E6_popsize_N120,cec2017,18,30,SEHHO-COBL,9,6805427031894966264,300000,300000,1959.7870122760733,159.78701227607326,159.78701227607326,16.542378764017485
E6_popsize_N120,cec2017,18,30,SEHHO-COBL,10,4261824787729125052,300000,300000,1871.3015761845975,71.30157618459748,71.30157618459748,16.574008259020047
E6_popsize_N120,cec2017,18,30,SEHHO-COBL,11,3078667261521119149,300000,300000,1861.0350186646726,61.035018664672634,61.035018664672634,16.61409009702038
E6_popsize_N120,cec2017,18,30,SEHHO-COBL,12,4603349656718262313,300000,300000,1903.531574859256,103.5315748592559,103.5315748592559,16.407686123013264
E6_popsize_N120,cec2017,18,30,SEHHO-COBL,13,7467644076400816779,300000,300000,1993.386836852387,193.38683685238698,193.38683685238698,16.61932304201764
E6_popsize_N120,cec2017,18,30,SEHHO-COBL,14,304464514789470641,300000,300000,1847.431824729283,47.43182472928311,47.43182472928311,16.546346485993126
E6_popsize_N120,cec2017,18,30,SEHHO-COBL,15,675163747991343580,300000,300000,1857.9797014366918,57.97970143669181,57.97970143669181,16.59896498901071
E6_popsize_N120,cec2017,18,30,SEHHO-COBL,16,5577359591664091514,300000,300000,1895.8839588497206,95.88395884972056,95.88395884972056,16.58726691699121
E6_popsize_N120,cec2017,18,30,SEHHO-COBL,17,2819373450502655540,300000,300000,1911.7307759870673,111.73077598706732,111.73077598706732,16.384739814006025
E6_popsize_N120,cec2017,18,30,SEHHO-COBL,18,5819512434623714638,300000,300000,2055.15287043736,255.15287043735998,255.15287043735998,16.531968959985534
E6_popsize_N120,cec2017,18,30,SEHHO-COBL,19,5716379587860471981,300000,300000,1907.3711306817722,107.37113068177223,107.37113068177223,16.56231951501104
E6_popsize_N120,cec2017,18,30,SEHHO-COBL,20,5861392636388299905,300000,300000,2050.7188940384094,250.71889403840942,250.71889403840942,14.66624937101733
E6_popsize_N120,cec2017,18,30,SEHHO-COBL,21,1159256219037994063,300000,300000,1908.7826583470865,108.78265834708645,108.78265834708645,16.163356736011337
E6_popsize_N120,cec2017,18,30,SEHHO-COBL,22,4876770426980313001,300000,300000,1916.13246453278,116.13246453277998,116.13246453277998,14.963554469984956
E6_popsize_N120,cec2017,18,30,SEHHO-COBL,23,5251306094537357566,300000,300000,1875.1113552306629,75.11135523066287,75.11135523066287,15.016242482990492
E6_popsize_N120,cec2017,18,30,SEHHO-COBL,24,7192715860726324121,300000,300000,1897.761500673524,97.7615006735241,97.7615006735241,14.8137912430102
E6_popsize_N120,cec2017,18,30,SEHHO-COBL,25,1357403012905267698,300000,300000,1904.6414763152047,104.64147631520473,104.64147631520473,10.329559669014998
E6_popsize_N120,cec2017,18,30,SEHHO-COBL,26,6073972823878085697,300000,300000,1858.164462759247,58.164462759247044,58.164462759247044,9.454698738001753
E6_popsize_N120,cec2017,18,30,SEHHO-COBL,27,4127585568058715416,300000,300000,1906.519409736426,106.51940973642604,106.51940973642604,13.882455457001925
E6_popsize_N120,cec2017,18,30,SEHHO-COBL,28,6676722273798283787,300000,300000,1925.9229680904764,125.92296809047639,125.92296809047639,14.83886611298658
E6_popsize_N120,cec2017,18,30,SEHHO-COBL,29,6360460595219819216,300000,300000,2102.5802020744322,302.58020207443224,302.58020207443224,12.433316473005107
E6_popsize_N120,cec2017,21,30,SEHHO-COBL,0,4483588606934456390,300000,300000,2322.3297370764867,222.3297370764867,222.3297370764867,11.820415647991467
E6_popsize_N120,cec2017,21,30,SEHHO-COBL,1,3444137692963188895,300000,300000,2319.2293364086718,219.22933640867177,219.22933640867177,16.633824210992316
E6_popsize_N120,cec2017,21,30,SEHHO-COBL,2,6346970986733374797,300000,300000,2318.246200666942,218.24620066694206,218.24620066694206,16.6832542619959
E6_popsize_N120,cec2017,21,30,SEHHO-COBL,3,1280646398246884216,300000,300000,2320.666828577691,220.66682857769092,220.66682857769092,16.716349545982666
E6_popsize_N120,cec2017,21,30,SEHHO-COBL,4,2575679687840419428,300000,300000,2319.7899006904463,219.7899006904463,219.7899006904463,16.67202089302009
E6_popsize_N120,cec2017,21,30,SEHHO-COBL,5,630254646030818106,300000,300000,2318.1298735369683,218.12987353696826,218.12987353696826,16.614736579998862
E6_popsize_N120,cec2017,21,30,SEHHO-COBL,6,1654452979909174668,300000,300000,2316.2998293106048,216.29982931060476,216.29982931060476,16.65496047399938
E6_popsize_N120,cec2017,21,30,SEHHO-COBL,7,2107274546515855835,300000,300000,2327.2923440363347,227.29234403633473,227.29234403633473,16.623097521980526
E6_popsize_N120,cec2017,21,30,SEHHO-COBL,8,7176965610843827026,300000,300000,2319.2525106472376,219.2525106472376,219.2525106472376,16.64389869599836
E6_popsize_N120,cec2017,21,30,SEHHO-COBL,9,784898142182617092,300000,300000,2328.2550808047863,228.2550808047863,228.2550808047863,16.66013883598498
E6_popsize_N120,cec2017,21,30,SEHHO-COBL,10,8897036171863937579,300000,300000,2325.8063510088023,225.80635100880227,225.80635100880227,16.64708442101255
E6_popsize_N120,cec2017,21,30,SEHHO-COBL,11,4763805131768578571,300000,300000,2322.299348646446,222.2993486464461,222.2993486464461,16.635671955998987
E6_popsize_N120,cec2017,21,30,SEHHO-COBL,12,1478589082222476331,300000,300000,2331.7589810200584,231.7589810200584,231.7589810200584,16.663893188990187
E6_popsize_N120,cec2017,21,30,SEHHO-COBL,13,5153612662636884981,300000,300000,2324.425174236868,224.42517423686786,224.42517423686786,16.633927955001127
E6_popsize_N120,cec2017,21,30,SEHHO-COBL,14,1985192355603180163,300000,300000,2322.4596845996625,222.45968459966252,222.45968459966252,16.494658549985616
E6_popsize_N120,cec2017,21,30,SEHHO-COBL,15,4248373562304770844,300000,300000,2324.3760228796186,224.37602287961863,224.37602287961863,16.799123318021884
E6_popsize_N120,cec2017,21,30,SEHHO-COBL,16,5089157377976445943,300000,300000,2322.254613964678,222.2546139646779,222.2546139646779,17.09335054497933
E6_popsize_N120,cec2017,21,30,SEHHO-COBL,17,159034922907958733,300000,300000,2327.0520861612913,227.0520861612913,227.0520861612913,17.11038808999001
E6_popsize_N120,cec2017,21,30,SEHHO-COBL,18,550097109624946380,300000,300000,2318.22153305584,218.22153305584015,218.22153305584015,15.923033111001132
E6_popsize_N120,cec2017,21,30,SEHHO-COBL,19,7731756055999228896,300000,300000,2325.564827838261,225.56482783826095,225.56482783826095,16.04638912898372
E6_popsize_N120,cec2017,21,30,SEHHO-COBL,20,7052279686014401315,300000,300000,2316.0660136253578,216.06601362535775,216.06601362535775,16.607281386997784
E6_popsize_N120,cec2017,21,30,SEHHO-COBL,21,3426210657582016796,300000,300000,2325.418009380897,225.41800938089682,225.41800938089682,17.230067392985802
E6_popsize_N120,cec2017,21,30,SEHHO-COBL,22,5732715812230187288,300000,300000,2325.017244918954,225.01724491895402,225.01724491895402,17.160285307996674
E6_popsize_N120,cec2017,21,30,SEHHO-COBL,23,8094950830723060501,300000,300000,2318.0051191139287,218.00511911392869,218.00511911392869,17.181182553002145
E6_popsize_N120,cec2017,21,30,SEHHO-COBL,24,350703456510587615,300000,300000,2323.8856028308273,223.88560283082734,223.88560283082734,17.185924106976017
E6_popsize_N120,cec2017,21,30,SEHHO-COBL,25,1938162997553162120,300000,300000,2323.139031585888,223.139031585888,223.139031585888,17.2085017139907
E6_popsize_N120,cec2017,21,30,SEHHO-COBL,26,6873032240401359455,300000,300000,2330.8324761364765,230.83247613647654,230.83247613647654,17.14330094101024
E6_popsize_N120,cec2017,21,30,SEHHO-COBL,27,6372198417492393413,300000,300000,2322.7048710424365,222.70487104243648,222.70487104243648,17.073970413999632
E6_popsize_N120,cec2017,21,30,SEHHO-COBL,28,6395627773324526493,300000,300000,2321.8034343097347,221.8034343097347,221.8034343097347,17.097416661010357
E6_popsize_N120,cec2017,21,30,SEHHO-COBL,29,2537247742340529492,300000,300000,2323.0964220495616,223.09642204956162,223.09642204956162,16.9769954069925
E6_popsize_N60,cec2017,19,30,SEHHO-COBL,0,3501593956006464803,300000,300000,2028.954424552063,128.95442455206307,128.95442455206307,26.477086633007275
E6_popsize_N60,cec2017,19,30,SEHHO-COBL,1,4154462761934791917,300000,300000,1916.324106307998,16.32410630799791,16.32410630799791,16.134382501011714
E6_popsize_N60,cec2017,19,30,SEHHO-COBL,2,8844224525889434215,300000,300000,1955.5576959733312,55.55769597333119,55.55769597333119,20.44455157199991
E6_popsize_N60,cec2017,19,30,SEHHO-COBL,3,3003275063053693634,300000,300000,1942.349753967415,42.34975396741493,42.34975396741493,22.1338185229979
E6_popsize_N60,cec2017,19,30,SEHHO-COBL,4,2067328505818323482,300000,300000,2082.431829812247,182.4318298122471,182.4318298122471,19.320829544012668
E6_popsize_N60,cec2017,19,30,SEHHO-COBL,5,2768507782119441572,300000,300000,1970.000182667097,70.00018266709708,70.00018266709708,24.772216236015083
E6_popsize_N60,cec2017,19,30,SEHHO-COBL,6,4382980921786358019,300000,300000,1982.7652998690014,82.76529986900141,82.76529986900141,25.492876556992996
E6_popsize_N60,cec2017,19,30,SEHHO-COBL,7,1385495388976273445,300000,300000,2152.7952486495406,252.79524864954055,252.79524864954055,21.568689339008415
E6_popsize_N60,cec2017,19,30,SEHHO-COBL,8,8149079330895325221,300000,300000,2063.1031150921854,163.10311509218536,163.10311509218536,23.144518034008797
E6_popsize_N60,cec2017,19,30,SEHHO-COBL,9,646804942113154438,300000,300000,1997.9824726588129,97.98247265881287,97.98247265881287,25.82947807002347
E6_popsize_N60,cec2017,19,30,SEHHO-COBL,10,6063855920077908565,300000,300000,1948.6058997133898,48.60589971338982,48.60589971338982,26.803537950007012
E6_popsize_N60,cec2017,19,30,SEHHO-COBL,11,1745836562160501142,300000,300000,1981.2390239087217,81.23902390872172,81.23902390872172,26.01075045799371
E6_popsize_N60,cec2017,19,30,SEHHO-COBL,12,5757798973063528220,300000,300000,1954.1111500182662,54.111150018266244,54.111150018266244,26.532497363019502
E6_popsize_N60,cec2017,19,30,SEHHO-COBL,13,1285017036892876365,300000,300000,1975.9458548777534,75.94585487775339,75.94585487775339,25.07119484501891
E6_popsize_N60,cec2017,19,30,SEHHO-COBL,14,4137594021750839840,300000,300000,1951.0548310562367,51.05483105623671,51.05483105623671,25.572308880015044
E6_popsize_N60,cec2017,19,30,SEHHO-COBL,15,1858355243095147088,300000,300000,1924.0849164338554,24.08491643385537,24.08491643385537,26.623536808008794
E6_popsize_N60,cec2017,19,30,SEHHO-COBL,16,8128554338713856744,300000,300000,2033.672012380819,133.67201238081907,133.67201238081907,25.37334921900765
E6_popsize_N60,cec2017,19,30,SEHHO-COBL,17,2113329928688108786,300000,300000,1971.9757882046274,71.9757882046274,71.9757882046274,22.906288466998376
E6_popsize_N60,cec2017,19,30,SEHHO-COBL,18,3343474648756890589,300000,300000,1979.7025435136024,79.70254351360245,79.70254351360245,25.624217600998236
E6_popsize_N60,cec2017,19,30,SEHHO-COBL,19,584903431566323632,300000,300000,2101.746601487171,201.74660148717112,201.74660148717112,16.421512565982994
E6_popsize_N60,cec2017,19,30,SEHHO-COBL,20,7414590780976547485,300000,300000,1992.1998569993054,92.19985699930544,92.19985699930544,19.57132510599331
E6_popsize_N60,cec2017,19,30,SEHHO-COBL,21,3817378745618237205,300000,300000,1966.5722808410096,66.57228084100961,66.57228084100961,18.92107837399817
E6_popsize_N60,cec2017,19,30,SEHHO-COBL,22,8000390934228830671,300000,300000,2045.044076160621,145.044076160621,145.044076160621,26.56584708398441
E6_popsize_N60,cec2017,19,30,SEHHO-COBL,23,3753625499940325005,300000,300000,2036.2485321578552,136.24853215785515,136.24853215785515,21.525476197974058
E6_popsize_N60,cec2017,19,30,SEHHO-COBL,24,306578036238932337,300000,300000,1928.6761019895391,28.67610198953912,28.67610198953912,26.073090163001325
E6_popsize_N60,cec2017,19,30,SEHHO-COBL,25,7005921525987204261,300000,300000,1934.6850028739977,34.685002873997746,34.685002873997746,26.73402063298272
E6_popsize_N60,cec2017,19,30,SEHHO-COBL,26,1698991388910116865,300000,300000,1968.7215465917693,68.72154659176931,68.72154659176931,26.959324566007126
E6_popsize_N60,cec2017,19,30,SEHHO-COBL,27,7877388481983096665,300000,300000,2107.4934020828427,207.49340208284275,207.49340208284275,25.646901838015765
E6_popsize_N60,cec2017,19,30,SEHHO-COBL,28,505306317290541410,300000,300000,2118.2678552308644,218.26785523086437,218.26785523086437,26.81537181598833
E6_popsize_N60,cec2017,19,30,SEHHO-COBL,29,7822036333133728041,300000,300000,1964.5304987821414,64.53049878214142,64.53049878214142,25.823485931003233
E6_popsize_N120,cec2017,20,30,SEHHO-COBL,0,7767975426120615514,300000,300000,2061.1918913752793,61.19189137527928,61.19189137527928,18.146912017982686
E6_popsize_N120,cec2017,20,30,SEHHO-COBL,1,2703671145066462492,300000,300000,2066.2478651806923,66.24786518069232,66.24786518069232,18.123644537001383
E6_popsize_N120,cec2017,20,30,SEHHO-COBL,2,1044406937109597852,300000,300000,2049.8282542763177,49.82825427631769,49.82825427631769,18.132575799012557
E6_popsize_N120,cec2017,20,30,SEHHO-COBL,3,5397088366404525450,300000,300000,2098.107561495361,98.1075614953611,98.1075614953611,18.247247318009613
E6_popsize_N120,cec2017,20,30,SEHHO-COBL,4,4154732396121769596,300000,300000,2067.057782876017,67.05778287601697,67.05778287601697,18.046417058008956
E6_popsize_N120,cec2017,20,30,SEHHO-COBL,5,5884809036887725717,300000,300000,2057.3109183864663,57.310918386466255,57.310918386466255,18.14542590000201
E6_popsize_N120,cec2017,20,30,SEHHO-COBL,6,2371365353704355123,300000,300000,2174.2335672326044,174.2335672326044,174.2335672326044,18.13361492799595
E6_popsize_N120,cec2017,20,30,SEHHO-COBL,7,5264233115479710356,300000,300000,2169.191534874428,169.19153487442782,169.19153487442782,18.178256437997334
E6_popsize_N120,cec2017,20,30,SEHHO-COBL,8,8119286980930811310,300000,300000,2055.8260874553234,55.82608745532343,55.82608745532343,18.24371884998982
E6_popsize_N120,cec2017,20,30,SEHHO-COBL,9,6939804728324050088,300000,300000,2205.7214835439763,205.72148354397632,205.72148354397632,18.136053101014113
E6_popsize_N120,cec2017,20,30,SEHHO-COBL,10,3129116847395260250,300000,300000,2059.1879166683107,59.18791666831066,59.18791666831066,18.15362331600045
E6_popsize_N120,cec2017,20,30,SEHHO-COBL,11,2967047562407788423,300000,300000,2174.408462256275,174.40846225627502,174.40846225627502,18.200379032001365
E6_popsize_N120,cec2017,20,30,SEHHO-COBL,12,1040536795202278314,300000,300000,2047.709643049772,47.70964304977201,47.70964304977201,18.20785534402239
E6_popsize_N120,cec2017,20,30,SEHHO-COBL,13,3268788726043024995,300000,300000,2064.254018424956,64.25401842495603,64.25401842495603,18.196536964998813
E6_popsize_N120,cec2017,20,30,SEHHO-COBL,14,8297446565007450319,300000,300000,2074.650217557275,74.65021755727503,74.65021755727503,18.10017930599861
E6_popsize_N120,cec2017,20,30,SEHHO-COBL,15,2644384347957315263,300000,300000,2050.2019887289784,50.20198872897845,50.20198872897845,18.159170489991084
E6_popsize_N120,cec2017,20,30,SEHHO-COBL,16,1455754064684610576,300000,300000,2185.131075846696,185.13107584669615,185.13107584669615,18.233753940003226
E6_popsize_N120,cec2017,20,30,SEHHO-COBL,17,7926022325474145588,300000,300000,2121.603300652754,121.60330065275411,121.60330065275411,18.309074963006424
E6_popsize_N120,cec2017,20,30,SEHHO-COBL,18,2347015519433013114,300000,300000,2057.1162344773684,57.11623447736838,57.11623447736838,18.278602749021957
E6_popsize_N120,cec2017,20,30,SEHHO-COBL,19,5689963184172115175,300000,300000,2073.687572428981,73.68757242898118,73.68757242898118,17.89223025299725
E6_popsize_N120,cec2017,20,30,SEHHO-COBL,20,2863439308693445734,300000,300000,2184.2887631648073,184.28876316480728,184.28876316480728,17.876527361018816
E6_popsize_N120,cec2017,20,30,SEHHO-COBL,21,6106145083424653879,300000,300000,2057.154201889217,57.15420188921689,57.15420188921689,17.891087160009192
E6_popsize_N120,cec2017,20,30,SEHHO-COBL,22,677304690656755148,300000,300000,2066.779784944376,66.77978494437593,66.77978494437593,17.80360601900611
E6_popsize_N120,cec2017,20,30,SEHHO-COBL,23,2783557203330453474,300000,300000,2070.352150066922,70.35215006692215,70.35215006692215,17.911076231015613
E6_popsize_N120,cec2017,20,30,SEHHO-COBL,24,1207556440698919784,300000,300000,2061.299443799149,61.299443799148776,61.299443799148776,17.754166760016233
E6_popsize_N120,cec2017,20,30,SEHHO-COBL,25,6820988260323444917,300000,300000,2060.19925517868,60.19925517867978,60.19925517867978,17.81590943597257
E6_popsize_N120,cec2017,20,30,SEHHO-COBL,26,6403951526104680899,300000,300000,2175.7033420274797,175.70334202747972,175.70334202747972,17.835745749995112
E6_popsize_N120,cec2017,20,30,SEHHO-COBL,27,1012484631965688567,300000,300000,2172.023890080831,172.02389008083082,172.02389008083082,17.84845071999007
E6_popsize_N120,cec2017,20,30,SEHHO-COBL,28,9096473194689850468,300000,300000,2075.4371033642637,75.43710336426375,75.43710336426375,17.87117217699415
E6_popsize_N120,cec2017,20,30,SEHHO-COBL,29,7536937644098318029,300000,300000,2177.5605598133943,177.56055981339432,177.56055981339432,17.823667737015057
E6_popsize_N270,cec2017,3,30,SEHHO-COBL,0,1499950571642325081,300000,300000,300.0000000000001,0.0,1.1368683772161603e-13,15.684105556021677
E6_popsize_N270,cec2017,3,30,SEHHO-COBL,1,3836171885863418755,300000,300000,300.00000000000006,0.0,5.684341886080802e-14,14.591998495016014
E6_popsize_N270,cec2017,3,30,SEHHO-COBL,2,8930144094847781962,300000,300000,300.00000000000006,0.0,5.684341886080802e-14,12.910655535990372
E6_popsize_N270,cec2017,3,30,SEHHO-COBL,3,2166341452712078807,300000,300000,300.0000000000001,0.0,1.1368683772161603e-13,12.97464090801077
E6_popsize_N270,cec2017,3,30,SEHHO-COBL,4,6853660197401884669,300000,300000,300.00000000000006,0.0,5.684341886080802e-14,15.718669855006738
E6_popsize_N270,cec2017,3,30,SEHHO-COBL,5,7037838328371298619,300000,300000,300.00000000000006,0.0,5.684341886080802e-14,15.485491030995036
E6_popsize_N270,cec2017,3,30,SEHHO-COBL,6,8471239766618525787,300000,300000,300.00000000000006,0.0,5.684341886080802e-14,12.15548237299663
E6_popsize_N270,cec2017,3,30,SEHHO-COBL,7,6661004442166735068,300000,300000,300.0000000000001,0.0,1.1368683772161603e-13,8.4898075350211
E6_popsize_N270,cec2017,3,30,SEHHO-COBL,8,119768974759581524,300000,300000,300.0000000000001,0.0,1.1368683772161603e-13,9.29988991600112
E6_popsize_N270,cec2017,3,30,SEHHO-COBL,9,1369657257158859601,300000,300000,300.00000000000017,0.0,1.7053025658242404e-13,8.449451052001677
E6_popsize_N270,cec2017,3,30,SEHHO-COBL,10,7403926564417444669,300000,300000,300.00000000000006,0.0,5.684341886080802e-14,8.261741422000341
E6_popsize_N270,cec2017,3,30,SEHHO-COBL,11,725031218605275951,300000,300000,300.0000000000001,0.0,1.1368683772161603e-13,8.362147033010842
E6_popsize_N270,cec2017,3,30,SEHHO-COBL,12,8096653830328724294,300000,300000,300.0000000000001,0.0,1.1368683772161603e-13,8.20709126899601
E6_popsize_N270,cec2017,3,30,SEHHO-COBL,13,4767664402011118027,300000,300000,300.00000000000006,0.0,5.684341886080802e-14,8.19131064999965
E6_popsize_N270,cec2017,3,30,SEHHO-COBL,14,251455865111799718,300000,300000,300.0000000000001,0.0,1.1368683772161603e-13,11.637964949972229
E6_popsize_N270,cec2017,3,30,SEHHO-COBL,15,2533473683358917153,300000,300000,300.00000000000006,0.0,5.684341886080802e-14,12.911790465004742
E6_popsize_N270,cec2017,3,30,SEHHO-COBL,16,3336004709864146446,300000,300000,300.00000000000017,0.0,1.7053025658242404e-13,12.38854238402564
E6_popsize_N270,cec2017,3,30,SEHHO-COBL,17,6227770900235424983,300000,300000,300.00000000000006,0.0,5.684341886080802e-14,14.874501662008697
E6_popsize_N270,cec2017,3,30,SEHHO-COBL,18,5483958454822931495,300000,300000,300.0000000000001,0.0,1.1368683772161603e-13,15.134858390985755
E6_popsize_N270,cec2017,3,30,SEHHO-COBL,19,3810267109261482184,300000,300000,300.0000000000001,0.0,1.1368683772161603e-13,12.42150966799818
E6_popsize_N270,cec2017,3,30,SEHHO-COBL,20,1853085204077789900,300000,300000,300.00000000000006,0.0,5.684341886080802e-14,11.614135456009535
E6_popsize_N270,cec2017,3,30,SEHHO-COBL,21,7071479273031403075,300000,300000,300.00000000000006,0.0,5.684341886080802e-14,13.74956274102442
E6_popsize_N270,cec2017,3,30,SEHHO-COBL,22,1040221126200702360,300000,300000,300.0000000000001,0.0,1.1368683772161603e-13,9.67184219500632
E6_popsize_N270,cec2017,3,30,SEHHO-COBL,23,2351692710468201785,300000,300000,300.00000000000006,0.0,5.684341886080802e-14,7.985595678008394
E6_popsize_N270,cec2017,3,30,SEHHO-COBL,24,1084189987986039232,300000,300000,300.00000000000006,0.0,5.684341886080802e-14,8.125691634981195
E6_popsize_N270,cec2017,3,30,SEHHO-COBL,25,303914546890716371,300000,300000,300.0000000000001,0.0,1.1368683772161603e-13,7.956985928001814
E6_popsize_N270,cec2017,3,30,SEHHO-COBL,26,648618953522952891,300000,300000,300.0000000000001,0.0,1.1368683772161603e-13,8.039218213991262
E6_popsize_N270,cec2017,3,30,SEHHO-COBL,27,1675269494892113814,300000,300000,300.00000000000006,0.0,5.684341886080802e-14,8.024265579006169
E6_popsize_N270,cec2017,3,30,SEHHO-COBL,28,8663676690955452280,300000,300000,300.0000000000001,0.0,1.1368683772161603e-13,7.998022807005327
E6_popsize_N270,cec2017,3,30,SEHHO-COBL,29,8884845551935707277,300000,300000,300.0000000000001,0.0,1.1368683772161603e-13,9.160205783002311
E6_popsize_N60,cec2017,30,30,SEHHO-COBL,0,1959546703874392651,300000,300000,5183.729416814718,2183.729416814718,2183.729416814718,19.476371099008247
E6_popsize_N60,cec2017,30,30,SEHHO-COBL,1,992429155719404672,300000,300000,5098.788068772788,2098.7880687727884,2098.7880687727884,23.574342308013
E6_popsize_N60,cec2017,30,30,SEHHO-COBL,2,7358453831131984574,300000,300000,5247.86018886109,2247.86018886109,2247.86018886109,20.814898379001534
E6_popsize_N60,cec2017,30,30,SEHHO-COBL,3,2417970025237633625,300000,300000,5927.37092674184,2927.37092674184,2927.37092674184,17.023903708992293
E6_popsize_N60,cec2017,30,30,SEHHO-COBL,4,2593948953034125472,300000,300000,5288.772890726338,2288.772890726338,2288.772890726338,25.392172684980324
E6_popsize_N60,cec2017,30,30,SEHHO-COBL,5,3490373009801224732,300000,300000,5063.3904893148765,2063.3904893148765,2063.3904893148765,28.43828439200297
E6_popsize_N60,cec2017,30,30,SEHHO-COBL,6,2731780423455158100,300000,300000,5959.927187007164,2959.9271870071643,2959.9271870071643,27.976427827990847
E6_popsize_N60,cec2017,30,30,SEHHO-COBL,7,7198041999006952071,300000,300000,5181.381798518341,2181.3817985183414,2181.3817985183414,28.016004978999263
E6_popsize_N60,cec2017,30,30,SEHHO-COBL,8,8931472518852069649,300000,300000,4972.04311426695,1972.0431142669504,1972.0431142669504,23.964116303017363
E6_popsize_N60,cec2017,30,30,SEHHO-COBL,9,316079426557482089,300000,300000,5470.369171302064,2470.3691713020644,2470.3691713020644,28.57832970301388
E6_popsize_N60,cec2017,30,30,SEHHO-COBL,10,5504556154571304579,300000,300000,4972.547791901817,1972.5477919018167,1972.5477919018167,26.45006685500266
E6_popsize_N60,cec2017,30,30,SEHHO-COBL,11,4286203036514990939,300000,300000,5372.621008042413,2372.6210080424135,2372.6210080424135,22.770131589000812
E6_popsize_N60,cec2017,30,30,SEHHO-COBL,12,6208045162683383913,300000,300000,5067.774283091179,2067.7742830911793,2067.7742830911793,25.078228667989606
E6_popsize_N60,cec2017,30,30,SEHHO-COBL,13,2321583020191718165,300000,300000,5006.849439420312,2006.8494394203117,2006.8494394203117,20.439460883004358
E6_popsize_N60,cec2017,30,30,SEHHO-COBL,14,5193745109856848360,300000,300000,5091.349575563299,2091.3495755632994,2091.3495755632994,17.57750492100604
E6_popsize_N60,cec2017,30,30,SEHHO-COBL,15,2560753004925704956,300000,300000,5251.198174212275,2251.1981742122753,2251.1981742122753,17.305288739007665
E6_popsize_N60,cec2017,30,30,SEHHO-COBL,16,7827557097302103937,300000,300000,4985.332166666014,1985.332166666014,1985.332166666014,27.55565629299963
E6_popsize_N60,cec2017,30,30,SEHHO-COBL,17,5071425071294448257,300000,300000,5125.338693334501,2125.338693334501,2125.338693334501,28.561136605974752
E6_popsize_N60,cec2017,30,30,SEHHO-COBL,18,6088329277414453588,300000,300000,4985.647194102944,1985.647194102944,1985.647194102944,27.650658911006758
E6_popsize_N60,cec2017,30,30,SEHHO-COBL,19,4389713276272156468,300000,300000,5337.193727331214,2337.193727331214,2337.193727331214,28.753470789990388
E6_popsize_N60,cec2017,30,30,SEHHO-COBL,20,6234841086888456265,300000,300000,5456.079177435518,2456.0791774355184,2456.0791774355184,28.87546050499077
E6_popsize_N60,cec2017,30,30,SEHHO-COBL,21,3023533815328659592,300000,300000,5468.32800136438,2468.32800136438,2468.32800136438,23.61463234698749
E6_popsize_N60,cec2017,30,30,SEHHO-COBL,22,1727813793306704256,300000,300000,5060.909519619958,2060.909519619958,2060.909519619958,25.43998938999721
E6_popsize_N60,cec2017,30,30,SEHHO-COBL,23,2126094276339073150,300000,300000,5321.972073730538,2321.972073730538,2321.972073730538,19.9741459620127
E6_popsize_N60,cec2017,30,30,SEHHO-COBL,24,7444080701513061512,300000,300000,4960.80382134298,1960.80382134298,1960.80382134298,18.630064475000836
E6_popsize_N60,cec2017,30,30,SEHHO-COBL,25,5459199634630932493,300000,300000,5850.555399854303,2850.555399854303,2850.555399854303,22.774434860999463
E6_popsize_N60,cec2017,30,30,SEHHO-COBL,26,506279231408926705,300000,300000,5608.94875633697,2608.9487563369703,2608.9487563369703,28.435975882021012
E6_popsize_N60,cec2017,30,30,SEHHO-COBL,27,6351610933085014786,300000,300000,5542.772974885264,2542.7729748852644,2542.7729748852644,28.355450898990966
E6_popsize_N60,cec2017,30,30,SEHHO-COBL,28,7533836552375203145,300000,300000,5564.810371074113,2564.8103710741134,2564.8103710741134,28.325063633994432
E6_popsize_N60,cec2017,30,30,SEHHO-COBL,29,6220844047622050962,300000,300000,4972.045509717316,1972.0455097173162,1972.0455097173162,27.05719514298835
E6_popsize_N270,cec2017,5,30,SEHHO-COBL,0,403738696154236181,300000,300000,533.9665851509585,33.96658515095851,33.96658515095851,15.613540142017882
E6_popsize_N270,cec2017,5,30,SEHHO-COBL,1,5814215174791416290,300000,300000,529.8025317055416,29.802531705541583,29.802531705541583,15.623717030015541
E6_popsize_N270,cec2017,5,30,SEHHO-COBL,2,4205584452402058264,300000,300000,541.7920143074787,41.79201430747867,41.79201430747867,15.68384764197981
E6_popsize_N270,cec2017,5,30,SEHHO-COBL,3,7789109368024997071,300000,300000,536.8166214616447,36.81662146164467,36.81662146164467,15.625085587002104
E6_popsize_N270,cec2017,5,30,SEHHO-COBL,4,3494849929685082653,300000,300000,530.4956272194611,30.495627219461085,30.495627219461085,15.73368020899943
E6_popsize_N270,cec2017,5,30,SEHHO-COBL,5,2336228088898511533,300000,300000,529.2976415009086,29.29764150090864,29.29764150090864,15.72059273198829
E6_popsize_N270,cec2017,5,30,SEHHO-COBL,6,6550041553386788901,300000,300000,544.2208672647172,44.220867264717185,44.220867264717185,15.63277400797233
E6_popsize_N270,cec2017,5,30,SEHHO-COBL,7,8959634781367202959,300000,300000,531.203697584991,31.203697584991005,31.203697584991005,15.73115530301584
E6_popsize_N270,cec2017,5,30,SEHHO-COBL,8,1614840400889915931,300000,300000,544.239087449881,44.239087449881026,44.239087449881026,13.3843387629895
E6_popsize_N270,cec2017,5,30,SEHHO-COBL,9,6498684945192636820,300000,300000,530.2235031224334,30.223503122433385,30.223503122433385,12.685993065999355
E6_popsize_N270,cec2017,5,30,SEHHO-COBL,10,2901904967411581981,300000,300000,536.8374334024535,36.837433402453485,36.837433402453485,15.306934829015518
E6_popsize_N270,cec2017,5,30,SEHHO-COBL,11,8562444854015340006,300000,300000,536.3739426772368,36.373942677236755,36.373942677236755,10.633874316001311
E6_popsize_N270,cec2017,5,30,SEHHO-COBL,12,3165201143178649051,300000,300000,526.4613021465401,26.461302146540106,26.461302146540106,7.860217667999677
E6_popsize_N270,cec2017,5,30,SEHHO-COBL,13,7906653163178360080,300000,300000,529.9085121944775,29.908512194477453,29.908512194477453,8.024683301977348
E6_popsize_N270,cec2017,5,30,SEHHO-COBL,14,235461670650105175,300000,300000,530.0622971428929,30.06229714289293,30.06229714289293,8.289648814999964
E6_popsize_N270,cec2017,5,30,SEHHO-COBL,15,59684203344606939,300000,300000,532.2908919818426,32.290891981842606,32.290891981842606,8.255553725990467
E6_popsize_N270,cec2017,5,30,SEHHO-COBL,16,5628441124087826712,300000,300000,535.2245445269912,35.22454452699117,35.22454452699117,8.153582427010406
E6_popsize_N270,cec2017,5,30,SEHHO-COBL,17,7511738449077392316,300000,300000,535.4850947682169,35.48509476821687,35.48509476821687,8.073531812988222
E6_popsize_N270,cec2017,5,30,SEHHO-COBL,18,2601842591279739931,300000,300000,538.6644098415737,38.66440984157373,38.66440984157373,12.145235242991475
E6_popsize_N270,cec2017,5,30,SEHHO-COBL,19,2750451098733974017,300000,300000,541.1833773108525,41.18337731085251,41.18337731085251,8.477064753999002
E6_popsize_N270,cec2017,5,30,SEHHO-COBL,20,3829488492224370600,300000,300000,536.6457623857075,36.645762385707485,36.645762385707485,7.850251505995402
E6_popsize_N270,cec2017,5,30,SEHHO-COBL,21,4980733541496961339,300000,300000,541.7209241501545,41.720924150154474,41.720924150154474,8.2468681250175
E6_popsize_N270,cec2017,5,30,SEHHO-COBL,22,7104389221840110036,300000,300000,535.2651227844003,35.26512278440032,35.26512278440032,10.022601903998293
E6_popsize_N270,cec2017,5,30,SEHHO-COBL,23,6471591310311528593,300000,300000,543.6312935134904,43.63129351349039,43.63129351349039,7.9483347919886
E6_popsize_N270,cec2017,5,30,SEHHO-COBL,24,1697801229092103736,300000,300000,544.3362948211849,44.33629482118488,44.33629482118488,7.890421438001795
E6_popsize_N270,cec2017,5,30,SEHHO-COBL,25,3033992296352880163,300000,300000,536.0393314557513,36.03933145575127,36.03933145575127,8.15319976999308
E6_popsize_N270,cec2017,5,30,SEHHO-COBL,26,5746809555333601000,300000,300000,525.1638529853835,25.163852985383528,25.163852985383528,8.108806354983244
E6_popsize_N270,cec2017,5,30,SEHHO-COBL,27,5257403444623888441,300000,300000,537.0076440137577,37.00764401375773,37.00764401375773,8.065222136996454
E6_popsize_N270,cec2017,5,30,SEHHO-COBL,28,4233272352574951501,300000,300000,537.7069273958415,37.70692739584149,37.70692739584149,7.90713144998881
E6_popsize_N270,cec2017,5,30,SEHHO-COBL,29,2479725720380140170,300000,300000,535.996105232579,35.996105232579,35.996105232579,7.929288749000989
E6_popsize_N120,cec2017,22,30,SEHHO-COBL,0,2239449774360992658,300000,300000,2300.000000000001,100.00000000000091,100.00000000000091,11.36918911099201
E6_popsize_N120,cec2017,22,30,SEHHO-COBL,1,217517248119849777,300000,300000,2300.000000000001,100.00000000000091,100.00000000000091,15.878531884984113
E6_popsize_N120,cec2017,22,30,SEHHO-COBL,2,5757556286573123462,300000,300000,2300.000000000001,100.00000000000091,100.00000000000091,18.339800301997457
E6_popsize_N120,cec2017,22,30,SEHHO-COBL,3,7447239312969613112,300000,300000,2300.000000000001,100.00000000000091,100.00000000000091,12.866661890991963
E6_popsize_N120,cec2017,22,30,SEHHO-COBL,4,8718644492002657197,300000,300000,2303.3627019503883,103.36270195038833,103.36270195038833,9.665349307004362
E6_popsize_N120,cec2017,22,30,SEHHO-COBL,5,6212084622583008295,300000,300000,2318.099509379974,118.09950937997382,118.09950937997382,10.742797243001405
E6_popsize_N120,cec2017,22,30,SEHHO-COBL,6,1064497069623604630,300000,300000,2300.0000000000005,100.00000000000045,100.00000000000045,11.787842452991754
E6_popsize_N120,cec2017,22,30,SEHHO-COBL,7,7066608196129274166,300000,300000,2312.913260635386,112.913260635386,112.913260635386,10.311057655984769
E6_popsize_N120,cec2017,22,30,SEHHO-COBL,8,1553552537567988599,300000,300000,2300.000000000001,100.00000000000091,100.00000000000091,10.092338924005162
E6_popsize_N120,cec2017,22,30,SEHHO-COBL,9,3917853176029582105,300000,300000,2300.000000000001,100.00000000000091,100.00000000000091,9.858120912016602
E6_popsize_N120,cec2017,22,30,SEHHO-COBL,10,739089521031215209,300000,300000,2318.3548337911466,118.35483379114658,118.35483379114658,13.600554820994148
E6_popsize_N120,cec2017,22,30,SEHHO-COBL,11,772760753461727070,300000,300000,2318.105797181326,118.10579718132612,118.10579718132612,18.38319608499296
E6_popsize_N120,cec2017,22,30,SEHHO-COBL,12,604796156153272763,300000,300000,2300.0000000000005,100.00000000000045,100.00000000000045,16.985162163997302
E6_popsize_N120,cec2017,22,30,SEHHO-COBL,13,5263776170024871614,300000,300000,2300.000000000001,100.00000000000091,100.00000000000091,18.306797330995323
E6_popsize_N120,cec2017,22,30,SEHHO-COBL,14,5267972640335382873,300000,300000,2318.024417202122,118.0244172021221,118.0244172021221,18.647224181011552
E6_popsize_N120,cec2017,22,30,SEHHO-COBL,15,7380075852092683836,300000,300000,2300.0000000000005,100.00000000000045,100.00000000000045,18.2550253070076
E6_popsize_N120,cec2017,22,30,SEHHO-COBL,16,469587036612860654,300000,300000,2300.0000000000005,100.00000000000045,100.00000000000045,18.11496289400384
E6_popsize_N120,cec2017,22,30,SEHHO-COBL,17,6874269457806109242,300000,300000,2300.000000000001,100.00000000000091,100.00000000000091,18.117323982005473
E6_popsize_N120,cec2017,22,30,SEHHO-COBL,18,7876344828009292832,300000,300000,2300.000000000001,100.00000000000091,100.00000000000091,18.131721265992383
E6_popsize_N120,cec2017,22,30,SEHHO-COBL,19,2197042564011943006,300000,300000,2300.000000000001,100.00000000000091,100.00000000000091,18.221559147001244
E6_popsize_N120,cec2017,22,30,SEHHO-COBL,20,6107911534021436456,300000,300000,2300.000000000001,100.00000000000091,100.00000000000091,18.129255912004737
E6_popsize_N120,cec2017,22,30,SEHHO-COBL,21,132481696670327137,300000,300000,2300.000000000001,100.00000000000091,100.00000000000091,18.08836286200676
E6_popsize_N120,cec2017,22,30,SEHHO-COBL,22,6794825799267023102,300000,300000,2300.000000000001,100.00000000000091,100.00000000000091,18.13554402597947
E6_popsize_N120,cec2017,22,30,SEHHO-COBL,23,126574654046514906,300000,300000,2319.2861077361244,119.28610773612445,119.28610773612445,18.487263385992264
E6_popsize_N120,cec2017,22,30,SEHHO-COBL,24,3838678893907237922,300000,300000,2319.07040384904,119.07040384903985,119.07040384903985,18.399404747004155
E6_popsize_N120,cec2017,22,30,SEHHO-COBL,25,5282958905473074275,300000,300000,2300.000000000001,100.00000000000091,100.00000000000091,17.931241362995934
E6_popsize_N120,cec2017,22,30,SEHHO-COBL,26,4639939974209192544,300000,300000,2300.0000000000005,100.00000000000045,100.00000000000045,18.005912017019
E6_popsize_N120,cec2017,22,30,SEHHO-COBL,27,7259021455415003813,300000,300000,2300.000000000001,100.00000000000091,100.00000000000091,18.08098670799518
E6_popsize_N120,cec2017,22,30,SEHHO-COBL,28,3217875469331789314,300000,300000,2300.000000000001,100.00000000000091,100.00000000000091,18.071113097976195
E6_popsize_N120,cec2017,22,30,SEHHO-COBL,29,886904967459368783,300000,300000,2317.111869968675,117.11186996867491,117.11186996867491,18.39983066599234
E6_popsize_N270,cec2017,1,30,SEHHO-COBL,0,2831676543962267421,300000,300000,100.00000000000001,0.0,1.4210854715202004e-14,15.01004675301374
E6_popsize_N270,cec2017,1,30,SEHHO-COBL,1,3306446866875934060,300000,300000,100.00000000000001,0.0,1.4210854715202004e-14,12.692421193001792
E6_popsize_N270,cec2017,1,30,SEHHO-COBL,2,5999725543577709053,300000,300000,100.00000000000001,0.0,1.4210854715202004e-14,8.495514559006551
E6_popsize_N270,cec2017,1,30,SEHHO-COBL,3,3215058899261720892,300000,300000,100.00000000000001,0.0,1.4210854715202004e-14,14.867306517000543
E6_popsize_N270,cec2017,1,30,SEHHO-COBL,4,1831227791203192356,300000,300000,100.00000000000001,0.0,1.4210854715202004e-14,15.81767182398471
E6_popsize_N270,cec2017,1,30,SEHHO-COBL,5,4072957315722794678,300000,300000,100.00000000000001,0.0,1.4210854715202004e-14,11.222557506989688
E6_popsize_N270,cec2017,1,30,SEHHO-COBL,6,8808578053582111394,300000,300000,100.00000000000001,0.0,1.4210854715202004e-14,11.646621386986226
E6_popsize_N270,cec2017,1,30,SEHHO-COBL,7,115600677345300412,300000,300000,100.00000000000001,0.0,1.4210854715202004e-14,8.747007792990189
E6_popsize_N270,cec2017,1,30,SEHHO-COBL,8,5669000188440053228,300000,300000,100.00000000000001,0.0,1.4210854715202004e-14,10.561910628981423
E6_popsize_N270,cec2017,1,30,SEHHO-COBL,9,3261283617889977657,300000,300000,100.00000000000001,0.0,1.4210854715202004e-14,14.67500895098783
E6_popsize_N270,cec2017,1,30,SEHHO-COBL,10,7898769005731970431,300000,300000,100.00000000000001,0.0,1.4210854715202004e-14,12.538486249977723
E6_popsize_N270,cec2017,1,30,SEHHO-COBL,11,1696791070959640843,300000,300000,100.00000000000001,0.0,1.4210854715202004e-14,8.117810762982117
E6_popsize_N270,cec2017,1,30,SEHHO-COBL,12,1677405419513614596,300000,300000,100.00000000000001,0.0,1.4210854715202004e-14,8.81919306499185
E6_popsize_N270,cec2017,1,30,SEHHO-COBL,13,5484174168580854869,300000,300000,100.00000000000001,0.0,1.4210854715202004e-14,13.358994055975927
E6_popsize_N270,cec2017,1,30,SEHHO-COBL,14,1302317504824316713,300000,300000,100.00000000000001,0.0,1.4210854715202004e-14,14.96332291699946
E6_popsize_N270,cec2017,1,30,SEHHO-COBL,15,6351318002062845131,300000,300000,100.00000000000001,0.0,1.4210854715202004e-14,10.68343775800895
E6_popsize_N270,cec2017,1,30,SEHHO-COBL,16,5590727624378897492,300000,300000,100.00000000000001,0.0,1.4210854715202004e-14,8.045750355988275
E6_popsize_N270,cec2017,1,30,SEHHO-COBL,17,6473260166260965233,300000,300000,100.00000000000001,0.0,1.4210854715202004e-14,7.926285605994053
E6_popsize_N270,cec2017,1,30,SEHHO-COBL,18,8090814394354448380,300000,300000,100.00000000000001,0.0,1.4210854715202004e-14,8.040274144994328
E6_popsize_N270,cec2017,1,30,SEHHO-COBL,19,3784899759820517984,300000,300000,100.00000000000001,0.0,1.4210854715202004e-14,14.885594246996334
E6_popsize_N270,cec2017,1,30,SEHHO-COBL,20,7168711968348343568,300000,300000,100.00000000000001,0.0,1.4210854715202004e-14,15.960219928994775
E6_popsize_N270,cec2017,1,30,SEHHO-COBL,21,2462504625490911490,300000,300000,100.00000000000001,0.0,1.4210854715202004e-14,16.05703776300652
E6_popsize_N270,cec2017,1,30,SEHHO-COBL,22,5710902947870168277,300000,300000,100.00000000000001,0.0,1.4210854715202004e-14,15.979655453003943
E6_popsize_N270,cec2017,1,30,SEHHO-COBL,23,4709918618166489508,300000,300000,100.00000000000001,0.0,1.4210854715202004e-14,9.997325595992152
E6_popsize_N270,cec2017,1,30,SEHHO-COBL,24,7550383776340476804,300000,300000,100.00000000000001,0.0,1.4210854715202004e-14,7.906991157011362
E6_popsize_N270,cec2017,1,30,SEHHO-COBL,25,4169501909364136238,300000,300000,100.00000000000001,0.0,1.4210854715202004e-14,9.543606824998278
E6_popsize_N270,cec2017,1,30,SEHHO-COBL,26,6715893905336036933,300000,300000,100.00000000000001,0.0,1.4210854715202004e-14,9.869453406980028
E6_popsize_N270,cec2017,1,30,SEHHO-COBL,27,7116390274242233900,300000,300000,100.00000000000001,0.0,1.4210854715202004e-14,8.109544288017787
E6_popsize_N270,cec2017,1,30,SEHHO-COBL,28,1001871143787690709,300000,300000,100.00000000000001,0.0,1.4210854715202004e-14,8.045484277012292
E6_popsize_N270,cec2017,1,30,SEHHO-COBL,29,1694216473575788007,300000,300000,100.00000000000001,0.0,1.4210854715202004e-14,14.7708817810053
E6_popsize_N120,cec2017,23,30,SEHHO-COBL,0,1676856620160731230,300000,300000,2671.840886059598,371.8408860595978,371.8408860595978,17.647046994999982
E6_popsize_N120,cec2017,23,30,SEHHO-COBL,1,669080970556582527,300000,300000,2669.9308586537227,369.9308586537227,369.9308586537227,18.03781941300258
E6_popsize_N120,cec2017,23,30,SEHHO-COBL,2,7579285138957978480,300000,300000,2671.1312030676772,371.13120306767723,371.13120306767723,18.86639514999115
E6_popsize_N120,cec2017,23,30,SEHHO-COBL,3,2297090787407628608,300000,300000,2677.5663406883295,377.56634068832955,377.56634068832955,17.71307916601654
E6_popsize_N120,cec2017,23,30,SEHHO-COBL,4,835763087169477715,300000,300000,2666.506841100629,366.5068411006291,366.5068411006291,13.45817260700278
E6_popsize_N120,cec2017,23,30,SEHHO-COBL,5,8222856535085772525,300000,300000,2672.650520084574,372.65052008457405,372.65052008457405,16.58013314701384
E6_popsize_N120,cec2017,23,30,SEHHO-COBL,6,1766183227552544293,300000,300000,2659.566442223011,359.5664422230111,359.5664422230111,17.839292962977197
E6_popsize_N120,cec2017,23,30,SEHHO-COBL,7,8710228913914098024,300000,300000,2656.7643047085144,356.7643047085144,356.7643047085144,18.715597702015657
E6_popsize_N120,cec2017,23,30,SEHHO-COBL,8,8816444862561615865,300000,300000,2671.7500248921056,371.75002489210556,371.75002489210556,14.476147303008474
E6_popsize_N120,cec2017,23,30,SEHHO-COBL,9,392320963475296576,300000,300000,2673.6770450310896,373.6770450310896,373.6770450310896,17.533741227001883
E6_popsize_N120,cec2017,23,30,SEHHO-COBL,10,1768269175549091850,300000,300000,2678.1393226544087,378.1393226544087,378.1393226544087,19.395320169016486
E6_popsize_N120,cec2017,23,30,SEHHO-COBL,11,8502040397864790132,300000,300000,2672.0770494869744,372.0770494869744,372.0770494869744,15.64120237599127
E6_popsize_N120,cec2017,23,30,SEHHO-COBL,12,1053417479568484906,300000,300000,2676.1579853649255,376.1579853649255,376.1579853649255,13.937968256999739
E6_popsize_N120,cec2017,23,30,SEHHO-COBL,13,7546417238093794637,300000,300000,2678.871066380106,378.8710663801062,378.8710663801062,11.814999840018572
E6_popsize_N120,cec2017,23,30,SEHHO-COBL,14,4006194677081061974,300000,300000,2672.4827096252147,372.48270962521474,372.48270962521474,13.002379885001574
E6_popsize_N120,cec2017,23,30,SEHHO-COBL,15,1380658943801577602,300000,300000,2676.4308516278224,376.43085162782245,376.43085162782245,19.021101079008076
E6_popsize_N120,cec2017,23,30,SEHHO-COBL,16,3863250662833260365,300000,300000,2670.0224487487812,370.02244874878124,370.02244874878124,18.772208392008906
E6_popsize_N120,cec2017,23,30,SEHHO-COBL,17,5432338144461156068,300000,300000,2671.6355539844653,371.63555398446533,371.63555398446533,17.34268748399336
E6_popsize_N120,cec2017,23,30,SEHHO-COBL,18,1016982684469719198,300000,300000,2674.7653128641937,374.7653128641937,374.7653128641937,10.801741739996942
E6_popsize_N120,cec2017,23,30,SEHHO-COBL,19,5997438332153476433,300000,300000,2667.279664886174,367.27966488617403,367.27966488617403,10.245590495003853
E6_popsize_N120,cec2017,23,30,SEHHO-COBL,20,3269147856020805990,300000,300000,2673.4176662590658,373.41766625906575,373.41766625906575,10.72561749999295
E6_popsize_N120,cec2017,23,30,SEHHO-COBL,21,1746668981736181175,300000,300000,2681.14907192598,381.14907192598,381.14907192598,10.54135031599435
E6_popsize_N120,cec2017,23,30,SEHHO-COBL,22,2074689415945161198,300000,300000,2684.6465094835153,384.6465094835153,384.6465094835153,13.940322001988534
E6_popsize_N120,cec2017,23,30,SEHHO-COBL,23,9219854385314221590,300000,300000,2676.357821520116,376.357821520116,376.357821520116,12.429227273009019
E6_popsize_N120,cec2017,23,30,SEHHO-COBL,24,4458826498508395452,300000,300000,2666.641409184854,366.6414091848542,366.6414091848542,10.423530431988183
E6_popsize_N120,cec2017,23,30,SEHHO-COBL,25,2044980411493438831,300000,300000,2672.8430503734844,372.8430503734844,372.8430503734844,12.732549939013552
E6_popsize_N120,cec2017,23,30,SEHHO-COBL,26,7394622732183380122,300000,300000,2677.1404994165187,377.14049941651865,377.14049941651865,19.516751978022512
E6_popsize_N120,cec2017,23,30,SEHHO-COBL,27,3863414300739540190,300000,300000,2673.6002090612533,373.6002090612533,373.6002090612533,18.474626544018975
E6_popsize_N120,cec2017,23,30,SEHHO-COBL,28,7785839052455746981,300000,300000,2666.0229471150064,366.02294711500645,366.02294711500645,17.973075778980274
E6_popsize_N120,cec2017,23,30,SEHHO-COBL,29,2934408031346971279,300000,300000,2672.0622796661482,372.06227966614824,372.06227966614824,10.537628085003234
E6_popsize_N120,cec2017,25,30,SEHHO-COBL,0,3176002392397799471,300000,300000,2887.180786703403,387.1807867034031,387.1807867034031,18.072899779013824
E6_popsize_N120,cec2017,25,30,SEHHO-COBL,1,3530459671880170429,300000,300000,2886.845457282694,386.84545728269404,386.84545728269404,18.242132343992125
E6_popsize_N120,cec2017,25,30,SEHHO-COBL,2,1863774674286924942,300000,300000,2886.8398406698643,386.8398406698643,386.8398406698643,18.653573560004588
E6_popsize_N120,cec2017,25,30,SEHHO-COBL,3,3857373185243340173,300000,300000,2886.7793001721107,386.77930017211065,386.77930017211065,15.323835258022882
E6_popsize_N120,cec2017,25,30,SEHHO-COBL,4,3734713240338502434,300000,300000,2887.0270229485704,387.02702294857045,387.02702294857045,12.154233870998723
E6_popsize_N120,cec2017,25,30,SEHHO-COBL,5,5851014653088775379,300000,300000,2887.1475688530663,387.14756885306633,387.14756885306633,17.151746432005893
E6_popsize_N120,cec2017,25,30,SEHHO-COBL,6,7610797640784438858,300000,300000,2887.451443280942,387.45144328094193,387.45144328094193,9.514059786015423
E6_popsize_N120,cec2017,25,30,SEHHO-COBL,7,4636982069791798739,300000,300000,2886.831641200199,386.8316412001991,386.8316412001991,12.08638974200585
E6_popsize_N120,cec2017,25,30,SEHHO-COBL,8,5065742977714149193,300000,300000,2887.3056983512097,387.3056983512097,387.3056983512097,12.23767421298544
E6_popsize_N120,cec2017,25,30,SEHHO-COBL,9,445335212675132254,300000,300000,2887.1327089255665,387.1327089255665,387.1327089255665,10.830114756012335
E6_popsize_N120,cec2017,25,30,SEHHO-COBL,10,2433149258089924539,300000,300000,2886.9157610649127,386.91576106491266,386.91576106491266,10.235286348994123
E6_popsize_N120,cec2017,25,30,SEHHO-COBL,11,9062018843587357408,300000,300000,2887.139379290533,387.1393792905328,387.1393792905328,11.297925457998645
E6_popsize_N120,cec2017,25,30,SEHHO-COBL,12,774849071198449120,300000,300000,2886.8445413993218,386.84454139932177,386.84454139932177,13.538365988002624
E6_popsize_N120,cec2017,25,30,SEHHO-COBL,13,1869680694854987747,300000,300000,2886.990997421305,386.9909974213051,386.9909974213051,9.749547390005318
E6_popsize_N120,cec2017,25,30,SEHHO-COBL,14,6679339148700960244,300000,300000,2887.0985292794912,387.09852927949123,387.09852927949123,16.460516411985736
E6_popsize_N120,cec2017,25,30,SEHHO-COBL,15,4298746934411485222,300000,300000,2886.873939110991,386.87393911099116,386.87393911099116,17.165162466000766
E6_popsize_N120,cec2017,25,30,SEHHO-COBL,16,2581401445980162432,300000,300000,2887.4861687716143,387.4861687716143,387.4861687716143,14.132521182997152
E6_popsize_N120,cec2017,25,30,SEHHO-COBL,17,2656639684742565468,300000,300000,2886.907594253158,386.9075942531581,386.9075942531581,13.921375897014514
E6_popsize_N120,cec2017,25,30,SEHHO-COBL,18,542838285830933262,300000,300000,2887.1569101417763,387.1569101417763,387.1569101417763,9.613810158974957
E6_popsize_N120,cec2017,25,30,SEHHO-COBL,19,3321801556970596282,300000,300000,2886.8787136318306,386.8787136318306,386.8787136318306,12.421558278991142
E6_popsize_N120,cec2017,25,30,SEHHO-COBL,20,2063053727180843856,300000,300000,2886.9025173636187,386.9025173636187,386.9025173636187,18.056704935006564
E6_popsize_N120,cec2017,25,30,SEHHO-COBL,21,7124995570986973826,300000,300000,2887.2281132319586,387.22811323195856,387.22811323195856,18.11049374099821
E6_popsize_N120,cec2017,25,30,SEHHO-COBL,22,1434492569241469093,300000,300000,2886.8224321318166,386.82243213181664,386.82243213181664,18.067796127987094
E6_popsize_N120,cec2017,25,30,SEHHO-COBL,23,4040292835788150629,300000,300000,2886.998751911455,386.9987519114552,386.9987519114552,18.380505859997356
E6_popsize_N120,cec2017,25,30,SEHHO-COBL,24,2061892169591828008,300000,300000,2887.0833045150666,387.08330451506663,387.08330451506663,15.576368192007067
E6_popsize_N120,cec2017,25,30,SEHHO-COBL,25,5141172611539635509,300000,300000,2886.7513755752516,386.7513755752516,386.7513755752516,15.273405201005517
E6_popsize_N120,cec2017,25,30,SEHHO-COBL,26,3324712229387039581,300000,300000,2886.763048651149,386.7630486511489,386.7630486511489,14.956464351998875
E6_popsize_N120,cec2017,25,30,SEHHO-COBL,27,1573525623957697833,300000,300000,2887.0229498437257,387.02294984372566,387.02294984372566,18.39785530100926
E6_popsize_N120,cec2017,25,30,SEHHO-COBL,28,290448235275450798,300000,300000,2886.841223564703,386.8412235647029,386.8412235647029,18.297292393021053
E6_popsize_N120,cec2017,25,30,SEHHO-COBL,29,5426128843587313973,300000,300000,2886.995116676473,386.9951166764731,386.9951166764731,15.568528588017216
E6_popsize_N120,cec2017,26,30,SEHHO-COBL,0,3412854694749468867,300000,300000,3746.8827865919793,1146.8827865919793,1146.8827865919793,18.831034978997195
E6_popsize_N120,cec2017,26,30,SEHHO-COBL,1,8076800022707926842,300000,300000,3808.624101157895,1208.624101157895,1208.624101157895,13.769487162993755
E6_popsize_N120,cec2017,26,30,SEHHO-COBL,2,5547915584514380954,300000,300000,3899.9987530512067,1299.9987530512067,1299.9987530512067,11.574623127002269
E6_popsize_N120,cec2017,26,30,SEHHO-COBL,3,5022429761793550618,300000,300000,3904.5729683931268,1304.5729683931268,1304.5729683931268,11.64044697600184
E6_popsize_N120,cec2017,26,30,SEHHO-COBL,4,1002803428727558025,300000,300000,3901.2461585368533,1301.2461585368533,1301.2461585368533,11.40368537302129
E6_popsize_N120,cec2017,26,30,SEHHO-COBL,5,7307966175774312088,300000,300000,3747.236057184678,1147.236057184678,1147.236057184678,13.740993409010116
E6_popsize_N120,cec2017,26,30,SEHHO-COBL,6,7616325758111430151,300000,300000,3838.1106971408562,1238.1106971408562,1238.1106971408562,19.88607582700206
E6_popsize_N120,cec2017,26,30,SEHHO-COBL,7,7900786108685030460,300000,300000,3779.3668696823065,1179.3668696823065,1179.3668696823065,13.475903693994042
E6_popsize_N120,cec2017,26,30,SEHHO-COBL,8,7785575450090558647,300000,300000,3856.5536463510343,1256.5536463510343,1256.5536463510343,18.02635298599489
E6_popsize_N120,cec2017,26,30,SEHHO-COBL,9,4470532289216829832,300000,300000,3797.4278747945523,1197.4278747945523,1197.4278747945523,15.402400907012634
E6_popsize_N120,cec2017,26,30,SEHHO-COBL,10,6067162016736623896,300000,300000,3750.8616672240123,1150.8616672240123,1150.8616672240123,12.660937331005698
E6_popsize_N120,cec2017,26,30,SEHHO-COBL,11,549287981726238772,300000,300000,3759.617563270377,1159.617563270377,1159.617563270377,20.312316939991433
E6_popsize_N120,cec2017,26,30,SEHHO-COBL,12,3427232781334164917,300000,300000,3790.8059999745024,1190.8059999745024,1190.8059999745024,20.111029583000345
E6_popsize_N120,cec2017,26,30,SEHHO-COBL,13,7878670976757609592,300000,300000,3834.2157037043753,1234.2157037043753,1234.2157037043753,18.247014872002183
E6_popsize_N120,cec2017,26,30,SEHHO-COBL,14,6134533496662866140,300000,300000,3825.178629382194,1225.1786293821938,1225.1786293821938,15.624939943983918
E6_popsize_N120,cec2017,26,30,SEHHO-COBL,15,6396374094093496160,300000,300000,3853.6704967046076,1253.6704967046076,1253.6704967046076,16.542505192017416
E6_popsize_N120,cec2017,26,30,SEHHO-COBL,16,4200670322467810368,300000,300000,3831.2995444875496,1231.2995444875496,1231.2995444875496,20.04426315499586
E6_popsize_N120,cec2017,26,30,SEHHO-COBL,17,3593441093825323532,300000,300000,3760.3926166265373,1160.3926166265373,1160.3926166265373,19.198938974004705
E6_popsize_N120,cec2017,26,30,SEHHO-COBL,18,7140449468394973989,300000,300000,3817.3257839932203,1217.3257839932203,1217.3257839932203,14.459589025995228
E6_popsize_N120,cec2017,26,30,SEHHO-COBL,19,8291516676900322273,300000,300000,3828.827442345303,1228.827442345303,1228.827442345303,18.312141434988007
E6_popsize_N120,cec2017,26,30,SEHHO-COBL,20,5644335478292172551,300000,300000,3892.5092505876723,1292.5092505876723,1292.5092505876723,18.597407753986772
E6_popsize_N120,cec2017,26,30,SEHHO-COBL,21,5947611487295707396,300000,300000,3769.382365400573,1169.3823654005728,1169.3823654005728,11.44015071800095
E6_popsize_N120,cec2017,26,30,SEHHO-COBL,22,6418687196216867753,300000,300000,3725.796920196446,1125.796920196446,1125.796920196446,11.193761828006245
E6_popsize_N120,cec2017,26,30,SEHHO-COBL,23,6100213799599011774,300000,300000,3924.804891471883,1324.804891471883,1324.804891471883,11.51757842200459
E6_popsize_N120,cec2017,26,30,SEHHO-COBL,24,1246695865750482932,300000,300000,3699.6681843303613,1099.6681843303613,1099.6681843303613,11.52972400301951
E6_popsize_N120,cec2017,26,30,SEHHO-COBL,25,1165275882085367696,300000,300000,3746.7150878154725,1146.7150878154725,1146.7150878154725,15.959963006986072
E6_popsize_N120,cec2017,26,30,SEHHO-COBL,26,2701387891890468349,300000,300000,3805.243090526037,1205.2430905260371,1205.2430905260371,11.534646835993044
E6_popsize_N120,cec2017,26,30,SEHHO-COBL,27,7534470206386981836,300000,300000,3862.318987566666,1262.3189875666658,1262.3189875666658,11.43328705400927
E6_popsize_N120,cec2017,26,30,SEHHO-COBL,28,1557081217256555221,300000,300000,3809.372806387024,1209.372806387024,1209.372806387024,14.187682464980753
E6_popsize_N120,cec2017,26,30,SEHHO-COBL,29,9156111368644676016,300000,300000,3772.7914452944265,1172.7914452944265,1172.7914452944265,20.581429340993054
E6_popsize_N270,cec2017,8,30,SEHHO-COBL,0,5498372916913545213,300000,300000,828.9690319915776,28.969031991577594,28.969031991577594,11.310243913001614
E6_popsize_N270,cec2017,8,30,SEHHO-COBL,1,7391053459368334717,300000,300000,836.2335472002661,36.233547200266116,36.233547200266116,14.525740531011252
E6_popsize_N270,cec2017,8,30,SEHHO-COBL,2,4199338755029767386,300000,300000,840.8162629860739,40.816262986073866,40.816262986073866,13.91281474000425
E6_popsize_N270,cec2017,8,30,SEHHO-COBL,3,182887131034905510,300000,300000,828.2310943685558,28.231094368555773,28.231094368555773,14.545170804980444
E6_popsize_N270,cec2017,8,30,SEHHO-COBL,4,8096618742606023363,300000,300000,833.5793928565738,33.579392856573804,33.579392856573804,14.111383246985497
E6_popsize_N270,cec2017,8,30,SEHHO-COBL,5,5717503462955415733,300000,300000,839.8868983659241,39.88689836592414,39.88689836592414,14.93460206699092
E6_popsize_N270,cec2017,8,30,SEHHO-COBL,6,9201791955040320096,300000,300000,839.3080327070584,39.30803270705837,39.30803270705837,13.575275256007444
E6_popsize_N270,cec2017,8,30,SEHHO-COBL,7,6097551039985305728,300000,300000,840.3878117442091,40.3878117442091,40.3878117442091,14.845517308014678
E6_popsize_N270,cec2017,8,30,SEHHO-COBL,8,3220810421516722606,300000,300000,837.3501269291821,37.350126929182125,37.350126929182125,11.053238941007294
E6_popsize_N270,cec2017,8,30,SEHHO-COBL,9,4139703380183898498,300000,300000,835.3348680137176,35.334868013717596,35.334868013717596,10.763949936983408
E6_popsize_N270,cec2017,8,30,SEHHO-COBL,10,6249162949179920836,300000,300000,837.6362386596566,37.636238659656556,37.636238659656556,15.157864050008357
E6_popsize_N270,cec2017,8,30,SEHHO-COBL,11,9157946928073039554,300000,300000,837.582339003963,37.58233900396306,37.58233900396306,10.096499628009042
E6_popsize_N270,cec2017,8,30,SEHHO-COBL,12,4850963681126527209,300000,300000,837.0793888899578,37.07938888995784,37.07938888995784,8.88627248100238
E6_popsize_N270,cec2017,8,30,SEHHO-COBL,13,7922751332907438334,300000,300000,836.1045501284223,36.10455012842226,36.10455012842226,10.08529692600132
E6_popsize_N270,cec2017,8,30,SEHHO-COBL,14,263613768684343277,300000,300000,824.0245989669362,24.024598966936196,24.024598966936196,8.820958555996185
E6_popsize_N270,cec2017,8,30,SEHHO-COBL,15,8620773950559771747,300000,300000,832.3841491713005,32.384149171300464,32.384149171300464,8.14030934101902
E6_popsize_N270,cec2017,8,30,SEHHO-COBL,16,8716837805966439674,300000,300000,839.5324865733847,39.532486573384745,39.532486573384745,11.523248447017977
E6_popsize_N270,cec2017,8,30,SEHHO-COBL,17,2175440337624490658,300000,300000,837.6488714696504,37.64887146965043,37.64887146965043,11.642177542002173
E6_popsize_N270,cec2017,8,30,SEHHO-COBL,18,8052992462832450906,300000,300000,831.1313099721539,31.131309972153872,31.131309972153872,8.119939927011728
E6_popsize_N270,cec2017,8,30,SEHHO-COBL,19,3858196902771292526,300000,300000,835.3672473496786,35.367247349678564,35.367247349678564,8.07764803300961
E6_popsize_N270,cec2017,8,30,SEHHO-COBL,20,2492427809916440544,300000,300000,833.4991474037037,33.49914740370366,33.49914740370366,8.006250378995901
E6_popsize_N270,cec2017,8,30,SEHHO-COBL,21,7333897920277433301,300000,300000,836.496164332098,36.49616433209803,36.49616433209803,13.290667772002053
E6_popsize_N270,cec2017,8,30,SEHHO-COBL,22,7924279184266592324,300000,300000,833.4556612682463,33.45566126824633,33.45566126824633,13.930951987975277
E6_popsize_N270,cec2017,8,30,SEHHO-COBL,23,2730224971142713074,300000,300000,833.2432230177507,33.243223017750665,33.243223017750665,13.879522907023784
E6_popsize_N270,cec2017,8,30,SEHHO-COBL,24,100422780872554162,300000,300000,839.9231589952649,39.923158995264885,39.923158995264885,13.928459813003428
E6_popsize_N270,cec2017,8,30,SEHHO-COBL,25,1406333225398315839,300000,300000,842.378972717036,42.37897271703605,42.37897271703605,14.268109143973561
E6_popsize_N270,cec2017,8,30,SEHHO-COBL,26,3004537042609089254,300000,300000,834.4543208536185,34.45432085361847,34.45432085361847,15.261035099014407
E6_popsize_N270,cec2017,8,30,SEHHO-COBL,27,5199496459801902925,300000,300000,824.9823777625702,24.982377762570195,24.982377762570195,12.468038517981768
E6_popsize_N270,cec2017,8,30,SEHHO-COBL,28,391258780144767795,300000,300000,837.3380366067579,37.338036606757896,37.338036606757896,13.708035632007523
E6_popsize_N270,cec2017,8,30,SEHHO-COBL,29,2811410360592821899,300000,300000,845.6745761962843,45.674576196284306,45.674576196284306,14.232383927999763
E6_popsize_N270,cec2017,13,30,SEHHO-COBL,0,2334494052405880593,300000,300000,1366.20794323282,66.20794323282007,66.20794323282007,16.040382834005868
E6_popsize_N270,cec2017,13,30,SEHHO-COBL,1,7372705945931288228,300000,300000,1335.322603490286,35.32260349028593,35.32260349028593,13.367315323994262
E6_popsize_N270,cec2017,13,30,SEHHO-COBL,2,3101945073210730327,300000,300000,1383.1416091267824,83.14160912678244,83.14160912678244,9.06658508599503
E6_popsize_N270,cec2017,13,30,SEHHO-COBL,3,5059239164494470400,300000,300000,1336.4778669462103,36.47786694621027,36.47786694621027,8.528505438007414
E6_popsize_N270,cec2017,13,30,SEHHO-COBL,4,2475270890353997836,300000,300000,1335.9801797325524,35.980179732552415,35.980179732552415,8.320831360993907
E6_popsize_N270,cec2017,13,30,SEHHO-COBL,5,7770178900993759105,300000,300000,1336.6000408013062,36.60004080130625,36.60004080130625,8.02021269701072
E6_popsize_N270,cec2017,13,30,SEHHO-COBL,6,7996188306918479054,300000,300000,1332.8735733151686,32.87357331516864,32.87357331516864,8.24719242300489
E6_popsize_N270,cec2017,13,30,SEHHO-COBL,7,8451168462790187316,300000,300000,1323.632681877122,23.632681877121968,23.632681877121968,8.430211986997165
E6_popsize_N270,cec2017,13,30,SEHHO-COBL,8,4773902589419767426,300000,300000,1335.6422963335763,35.64229633357627,35.64229633357627,8.271251458994811
E6_popsize_N270,cec2017,13,30,SEHHO-COBL,9,7039933384722469513,300000,300000,1351.5433475349923,51.543347534992336,51.543347534992336,8.354969682026422
E6_popsize_N270,cec2017,13,30,SEHHO-COBL,10,3564130403750284855,300000,300000,1338.2318424955042,38.231842495504225,38.231842495504225,8.72729670300032
E6_popsize_N270,cec2017,13,30,SEHHO-COBL,11,7577504206981505355,300000,300000,1340.7932356070255,40.79323560702551,40.79323560702551,8.454026053019334
E6_popsize_N270,cec2017,13,30,SEHHO-COBL,12,7962428202609235463,300000,300000,1406.602017160013,106.60201716001302,106.60201716001302,8.159742450981867
E6_popsize_N270,cec2017,13,30,SEHHO-COBL,13,2311776495524196257,300000,300000,1349.0862219569688,49.08622195696876,49.08622195696876,11.527072600001702
E6_popsize_N270,cec2017,13,30,SEHHO-COBL,14,4776308558890011206,300000,300000,1329.2639859957521,29.263985995752137,29.263985995752137,11.39954553899588
E6_popsize_N270,cec2017,13,30,SEHHO-COBL,15,5111814170121233116,300000,300000,1941.7760500582503,641.7760500582503,641.7760500582503,16.056812119000824
E6_popsize_N270,cec2017,13,30,SEHHO-COBL,16,3270580418639848544,300000,300000,1331.8706693799768,31.87066937997679,31.87066937997679,16.035446925990982
E6_popsize_N270,cec2017,13,30,SEHHO-COBL,17,1702002700899697552,300000,300000,1310.9456459099465,10.945645909946506,10.945645909946506,16.356294081982924
E6_popsize_N270,cec2017,13,30,SEHHO-COBL,18,5849770691831917877,300000,300000,1320.5915480170409,20.59154801704085,20.59154801704085,11.533714727993356
E6_popsize_N270,cec2017,13,30,SEHHO-COBL,19,8308806748358542970,300000,300000,1326.0105616831752,26.010561683175183,26.010561683175183,12.754379371996038
E6_popsize_N270,cec2017,13,30,SEHHO-COBL,20,2380585632109298069,300000,300000,1382.711214952939,82.71121495293892,82.71121495293892,15.532971937995171
E6_popsize_N270,cec2017,13,30,SEHHO-COBL,21,4138422993875644778,300000,300000,1314.924375780762,14.92437578076192,14.92437578076192,16.0935234859935
E6_popsize_N270,cec2017,13,30,SEHHO-COBL,22,8228071663908952662,300000,300000,1339.5912722030248,39.5912722030248,39.5912722030248,15.982610095001291
E6_popsize_N270,cec2017,13,30,SEHHO-COBL,23,5354908823404204876,300000,300000,1337.1286149062635,37.128614906263465,37.128614906263465,8.69993902099668
E6_popsize_N270,cec2017,13,30,SEHHO-COBL,24,3130910822805694272,300000,300000,1338.9503475549743,38.950347554974314,38.950347554974314,10.758802391996142
E6_popsize_N270,cec2017,13,30,SEHHO-COBL,25,3974059932063612632,300000,300000,1338.9021927474655,38.902192747465506,38.902192747465506,12.59418347699102
E6_popsize_N270,cec2017,13,30,SEHHO-COBL,26,8984873344420930740,300000,300000,1334.8440299776462,34.84402997764619,34.84402997764619,15.56434175602044
E6_popsize_N270,cec2017,13,30,SEHHO-COBL,27,3318665349483471405,300000,300000,1344.6883585590201,44.688358559020116,44.688358559020116,16.188295711996034
E6_popsize_N270,cec2017,13,30,SEHHO-COBL,28,1377647461750893398,300000,300000,1330.6178574013406,30.617857401340643,30.617857401340643,15.995590670994716
E6_popsize_N270,cec2017,13,30,SEHHO-COBL,29,8450749031959822197,300000,300000,1346.793476221356,46.79347622135606,46.79347622135606,15.482960145018296
E6_popsize_N120,cec2017,19,30,SEHHO-COBL,0,4381222297800842906,300000,300000,1937.1162384473337,37.11623844733367,37.11623844733367,25.43511037901044
E6_popsize_N120,cec2017,19,30,SEHHO-COBL,1,27450713450438668,300000,300000,1954.366487915951,54.366487915950984,54.366487915950984,26.089885363995563
E6_popsize_N120,cec2017,19,30,SEHHO-COBL,2,1475510233607820563,300000,300000,1909.3317246703284,9.331724670328413,9.331724670328413,25.23780438999529
E6_popsize_N120,cec2017,19,30,SEHHO-COBL,3,2292250815930248265,300000,300000,1980.8072002632298,80.80720026322979,80.80720026322979,19.393797242984874
E6_popsize_N120,cec2017,19,30,SEHHO-COBL,4,3678474816134636861,300000,300000,1927.782816788839,27.782816788839,27.782816788839,17.909541041997727
E6_popsize_N120,cec2017,19,30,SEHHO-COBL,5,2720676298734182346,300000,300000,1919.753921659771,19.753921659771095,19.753921659771095,25.945750101993326
E6_popsize_N120,cec2017,19,30,SEHHO-COBL,6,1624853048834197337,300000,300000,1977.491350626222,77.4913506262219,77.4913506262219,24.704557474004105
E6_popsize_N120,cec2017,19,30,SEHHO-COBL,7,7861198836224869649,300000,300000,1908.6555211857744,8.655521185774433,8.655521185774433,25.761910330009414
E6_popsize_N120,cec2017,19,30,SEHHO-COBL,8,1213131957292976062,300000,300000,1920.4927307098055,20.492730709805528,20.492730709805528,25.46537859001546
E6_popsize_N120,cec2017,19,30,SEHHO-COBL,9,4113861246257011812,300000,300000,1917.7749201840722,17.774920184072244,17.774920184072244,25.14497554799891
E6_popsize_N120,cec2017,19,30,SEHHO-COBL,10,7963295167015840164,300000,300000,1909.8130978774216,9.81309787742157,9.81309787742157,25.034819388005417
E6_popsize_N120,cec2017,19,30,SEHHO-COBL,11,1513723772126208933,300000,300000,1912.4219354527684,12.421935452768366,12.421935452768366,24.79215876001399
E6_popsize_N120,cec2017,19,30,SEHHO-COBL,12,6032435097517120804,300000,300000,2075.2040293747855,175.20402937478548,175.20402937478548,24.883302290021675
E6_popsize_N120,cec2017,19,30,SEHHO-COBL,13,1481693387673447161,300000,300000,1985.1658350452958,85.16583504529581,85.16583504529581,24.710867029003566
E6_popsize_N120,cec2017,19,30,SEHHO-COBL,14,904440483041800476,300000,300000,1910.2206220231471,10.220622023147143,10.220622023147143,23.78782090099412
E6_popsize_N120,cec2017,19,30,SEHHO-COBL,15,8417696286312813317,300000,300000,2048.018256999355,148.0182569993549,148.0182569993549,25.651875346986344
E6_popsize_N120,cec2017,19,30,SEHHO-COBL,16,6888517471891643878,300000,300000,1920.8438742753642,20.843874275364215,20.843874275364215,24.514570672996342
E6_popsize_N120,cec2017,19,30,SEHHO-COBL,17,1513624730600630321,300000,300000,1911.3576891483804,11.35768914838036,11.35768914838036,22.443601436010795
E6_popsize_N120,cec2017,19,30,SEHHO-COBL,18,114727245215953034,300000,300000,1913.7770791248572,13.77707912485721,13.77707912485721,25.625555431004614
E6_popsize_N120,cec2017,19,30,SEHHO-COBL,19,8759716532084322259,300000,300000,1911.8241167995009,11.824116799500871,11.824116799500871,25.439722960989457
E6_popsize_N120,cec2017,19,30,SEHHO-COBL,20,7255384900001003084,300000,300000,1912.1489152150602,12.148915215060242,12.148915215060242,25.068853573000524
E6_popsize_N120,cec2017,19,30,SEHHO-COBL,21,2827703579686771185,300000,300000,1953.6141003033786,53.614100303378564,53.614100303378564,24.488166979019297
E6_popsize_N120,cec2017,19,30,SEHHO-COBL,22,792633297638166800,300000,300000,1918.7842605568371,18.784260556837125,18.784260556837125,15.43214064699714
E6_popsize_N120,cec2017,19,30,SEHHO-COBL,23,7398338552074412577,300000,300000,1951.9125543314715,51.91255433147148,51.91255433147148,21.177008237020345
E6_popsize_N120,cec2017,19,30,SEHHO-COBL,24,482650024271646657,300000,300000,1907.775223090173,7.775223090173085,7.775223090173085,24.37393199899816
E6_popsize_N120,cec2017,19,30,SEHHO-COBL,25,676237758806898101,300000,300000,1989.7121386818844,89.71213868188443,89.71213868188443,24.108622961997753
E6_popsize_N120,cec2017,19,30,SEHHO-COBL,26,2556874099507801899,300000,300000,1910.986233179556,10.986233179555938,10.986233179555938,19.06581575598102
E6_popsize_N120,cec2017,19,30,SEHHO-COBL,27,4404841390780909365,300000,300000,1920.6158718939605,20.615871893960502,20.615871893960502,21.81206098999246
E6_popsize_N120,cec2017,19,30,SEHHO-COBL,28,5727239225116911142,300000,300000,1912.5567847439659,12.556784743965864,12.556784743965864,15.82174459399539
E6_popsize_N120,cec2017,19,30,SEHHO-COBL,29,7080998047593194502,300000,300000,2017.90130550059,117.90130550059007,117.90130550059007,15.850847309018718
E6_popsize_N270,cec2017,15,30,SEHHO-COBL,0,7261079840444773319,300000,300000,1520.6633898360108,20.663389836010765,20.663389836010765,8.80157564097317
E6_popsize_N270,cec2017,15,30,SEHHO-COBL,1,5492906990364435716,300000,300000,1510.3629135414133,10.362913541413263,10.362913541413263,9.971025247010402
E6_popsize_N270,cec2017,15,30,SEHHO-COBL,2,5560003071024086179,300000,300000,1515.2656424678687,15.265642467868702,15.265642467868702,11.822861626016675
E6_popsize_N270,cec2017,15,30,SEHHO-COBL,3,8600884899689463435,300000,300000,1522.9047782221842,22.904778222184177,22.904778222184177,12.93554900601157
E6_popsize_N270,cec2017,15,30,SEHHO-COBL,4,6490713518972446335,300000,300000,1512.2764361152783,12.27643611527833,12.27643611527833,14.158583085023565
E6_popsize_N270,cec2017,15,30,SEHHO-COBL,5,3458001002135339259,300000,300000,1508.392587889218,8.39258788921802,8.39258788921802,8.288306065980578
E6_popsize_N270,cec2017,15,30,SEHHO-COBL,6,4747161527510920334,300000,300000,1514.0947486941586,14.094748694158625,14.094748694158625,9.86860665900167
E6_popsize_N270,cec2017,15,30,SEHHO-COBL,7,5026981223700785233,300000,300000,1518.9998277370134,18.999827737013447,18.999827737013447,8.208203313988633
E6_popsize_N270,cec2017,15,30,SEHHO-COBL,8,5787136214385265680,300000,300000,1520.4714016335174,20.471401633517416,20.471401633517416,8.232926907017827
E6_popsize_N270,cec2017,15,30,SEHHO-COBL,9,2857774737317224778,300000,300000,1545.304611123511,45.304611123510995,45.304611123510995,11.080755722010508
E6_popsize_N270,cec2017,15,30,SEHHO-COBL,10,4006738851964644995,300000,300000,1508.4560800722252,8.456080072225177,8.456080072225177,8.14247099601198
E6_popsize_N270,cec2017,15,30,SEHHO-COBL,11,200549300628721372,300000,300000,1512.5408030679387,12.540803067938668,12.540803067938668,8.654815426009009
E6_popsize_N270,cec2017,15,30,SEHHO-COBL,12,3074546883693178286,300000,300000,1514.519941711409,14.519941711409047,14.519941711409047,8.2817443490203
E6_popsize_N270,cec2017,15,30,SEHHO-COBL,13,3174286143561547730,300000,300000,1520.0374504558151,20.037450455815133,20.037450455815133,8.619332293019397
E6_popsize_N270,cec2017,15,30,SEHHO-COBL,14,1299858300534419161,300000,300000,1727.1250415954241,227.12504159542414,227.12504159542414,15.318645674007712
E6_popsize_N270,cec2017,15,30,SEHHO-COBL,15,4750311609636069575,300000,300000,1502.3579679035056,2.357967903505596,2.357967903505596,14.689174248982454
E6_popsize_N270,cec2017,15,30,SEHHO-COBL,16,7955479221629204589,300000,300000,1520.4505097094157,20.450509709415655,20.450509709415655,14.518582885997603
E6_popsize_N270,cec2017,15,30,SEHHO-COBL,17,7501173507316379716,300000,300000,1512.5491483138992,12.549148313899195,12.549148313899195,12.073683631024323
E6_popsize_N270,cec2017,15,30,SEHHO-COBL,18,4705652499900855842,300000,300000,1518.3242213085666,18.32422130856662,18.32422130856662,10.062461875990266
E6_popsize_N270,cec2017,15,30,SEHHO-COBL,19,7908663487983743236,300000,300000,1534.6344076536404,34.63440765364044,34.63440765364044,8.54647640400799
E6_popsize_N270,cec2017,15,30,SEHHO-COBL,20,6912811209691586656,300000,300000,1509.0347956813675,9.034795681367541,9.034795681367541,14.698790605994873
E6_popsize_N270,cec2017,15,30,SEHHO-COBL,21,3773386533979155141,300000,300000,1518.113330120261,18.113330120261026,18.113330120261026,14.911498964007478
E6_popsize_N270,cec2017,15,30,SEHHO-COBL,22,2762860921332879220,300000,300000,1506.123910192173,6.123910192173071,6.123910192173071,12.63094325401471
E6_popsize_N270,cec2017,15,30,SEHHO-COBL,23,3110437730172131826,300000,300000,1508.4150221650336,8.415022165033633,8.415022165033633,14.773738038988085
E6_popsize_N270,cec2017,15,30,SEHHO-COBL,24,2977595856784392983,300000,300000,1515.9310870174138,15.931087017413802,15.931087017413802,14.07534290899639
E6_popsize_N270,cec2017,15,30,SEHHO-COBL,25,3440346126491130115,300000,300000,1626.6374501272724,126.63745012727236,126.63745012727236,12.178681205987232
E6_popsize_N270,cec2017,15,30,SEHHO-COBL,26,3399529064170123980,300000,300000,1593.1684919333684,93.16849193336839,93.16849193336839,10.487062903994229
E6_popsize_N270,cec2017,15,30,SEHHO-COBL,27,1187099483149360133,300000,300000,1529.0636425155017,29.06364251550167,29.06364251550167,14.372580001014285
E6_popsize_N270,cec2017,15,30,SEHHO-COBL,28,2393887087923655999,300000,300000,1512.4504369643964,12.450436964396431,12.450436964396431,15.416133824008284
E6_popsize_N270,cec2017,15,30,SEHHO-COBL,29,8338023066515889917,300000,300000,1535.0939567942698,35.09395679426984,35.09395679426984,15.518131563003408
E6_popsize_N270,cec2017,6,30,SEHHO-COBL,0,6217563401469746178,300000,300000,600.0000016767011,1.6767011175033986e-06,1.6767011175033986e-06,16.345643765991554
E6_popsize_N270,cec2017,6,30,SEHHO-COBL,1,4264334788849039185,300000,300000,600.0000016767011,1.6767011175033986e-06,1.6767011175033986e-06,18.32652487201267
E6_popsize_N270,cec2017,6,30,SEHHO-COBL,2,3378376207901586991,300000,300000,600.0000054738272,5.473827172863821e-06,5.473827172863821e-06,17.22322382600396
E6_popsize_N270,cec2017,6,30,SEHHO-COBL,3,7144700358745813264,300000,300000,600.0000199921153,1.999211531256151e-05,1.999211531256151e-05,10.081110264000017
E6_popsize_N270,cec2017,6,30,SEHHO-COBL,4,7129776572610257019,300000,300000,600.0000074336274,7.433627388309105e-06,7.433627388309105e-06,9.899691330996575
E6_popsize_N270,cec2017,6,30,SEHHO-COBL,5,7246376321169130747,300000,300000,600.0000064593502,6.4593501747367554e-06,6.4593501747367554e-06,9.643854811001802
E6_popsize_N270,cec2017,6,30,SEHHO-COBL,6,2384733619606581494,300000,300000,600.0000484576216,4.845762157401623e-05,4.845762157401623e-05,9.80664075500681
E6_popsize_N270,cec2017,6,30,SEHHO-COBL,7,3964518771775546499,300000,300000,600.0000003079804,3.0798037187196314e-07,3.0798037187196314e-07,11.09246514501865
E6_popsize_N270,cec2017,6,30,SEHHO-COBL,8,7702074700019706020,300000,300000,600.0000164770125,1.6477012536597613e-05,1.6477012536597613e-05,16.04744011099683
E6_popsize_N270,cec2017,6,30,SEHHO-COBL,9,3489827621969334328,300000,300000,600.0000237326768,2.3732676822874055e-05,2.3732676822874055e-05,16.082352964003803
E6_popsize_N270,cec2017,6,30,SEHHO-COBL,10,7349884759247497210,300000,300000,600.0000127930984,1.2793098449037643e-05,1.2793098449037643e-05,15.564748458011309
E6_popsize_N270,cec2017,6,30,SEHHO-COBL,11,4033054123859151477,300000,300000,600.000011453943,1.1453942988737253e-05,1.1453942988737253e-05,16.74740891199326
E6_popsize_N270,cec2017,6,30,SEHHO-COBL,12,4201189361078343548,300000,300000,600.0000080056434,8.005643394426443e-06,8.005643394426443e-06,14.14529642497655
E6_popsize_N270,cec2017,6,30,SEHHO-COBL,13,4428595472691998562,300000,300000,600.0000046426396,4.642639623853029e-06,4.642639623853029e-06,18.097742674988694
E6_popsize_N270,cec2017,6,30,SEHHO-COBL,14,7851785011202471494,300000,300000,600.0000180755077,1.8075507682624448e-05,1.8075507682624448e-05,14.812551376991905
E6_popsize_N270,cec2017,6,30,SEHHO-COBL,15,5999472521777070165,300000,300000,600.0000063736219,6.3736218862686655e-06,6.3736218862686655e-06,15.894835963990772
E6_popsize_N270,cec2017,6,30,SEHHO-COBL,16,8998053956314017879,300000,300000,600.0000185698777,1.8569877738627838e-05,1.8569877738627838e-05,15.760712801013142
E6_popsize_N270,cec2017,6,30,SEHHO-COBL,17,7379255237148218670,300000,300000,600.0000258637788,2.5863778773782542e-05,2.5863778773782542e-05,14.425003847980406
E6_popsize_N270,cec2017,6,30,SEHHO-COBL,18,6716457819935549558,300000,300000,600.0000021900042,2.1900042384004337e-06,2.1900042384004337e-06,10.237455005990341
E6_popsize_N270,cec2017,6,30,SEHHO-COBL,19,4494680153142737464,300000,300000,600.0000206936837,2.0693683723038703e-05,2.0693683723038703e-05,9.76874292298453
E6_popsize_N270,cec2017,6,30,SEHHO-COBL,20,6900129307028923350,300000,300000,600.0000280695623,2.8069562290511385e-05,2.8069562290511385e-05,9.504460391995963
E6_popsize_N270,cec2017,6,30,SEHHO-COBL,21,2123822867299060200,300000,300000,600.0000094838684,9.483868439019716e-06,9.483868439019716e-06,9.584844880999299
E6_popsize_N270,cec2017,6,30,SEHHO-COBL,22,514672874152126294,300000,300000,600.0000017652841,1.7652840824666782e-06,1.7652840824666782e-06,15.684960137994494
E6_popsize_N270,cec2017,6,30,SEHHO-COBL,23,1985604969291645091,300000,300000,600.0000005492617,5.492616992341937e-07,5.492616992341937e-07,16.738999458990293
E6_popsize_N270,cec2017,6,30,SEHHO-COBL,24,6918573873398130482,300000,300000,600.0000138514854,1.385148539156944e-05,1.385148539156944e-05,10.008401871018577
E6_popsize_N270,cec2017,6,30,SEHHO-COBL,25,1253373047401827380,300000,300000,600.0000027718211,2.771821073110914e-06,2.771821073110914e-06,13.017305930989096
E6_popsize_N270,cec2017,6,30,SEHHO-COBL,26,8808361896816853218,300000,300000,600.0000300441546,3.0044154641473142e-05,3.0044154641473142e-05,9.788632207986666
E6_popsize_N270,cec2017,6,30,SEHHO-COBL,27,1582114531035960879,300000,300000,600.0000002736417,2.736417172854999e-07,2.736417172854999e-07,9.986852603004081
E6_popsize_N270,cec2017,6,30,SEHHO-COBL,28,858988457281298303,300000,300000,600.0000008869744,8.869743624018156e-07,8.869743624018156e-07,12.092015845002607
E6_popsize_N270,cec2017,6,30,SEHHO-COBL,29,5665029199679250340,300000,300000,600.0000005474943,5.474943236549734e-07,5.474943236549734e-07,14.498023394000484
E6_popsize_N120,cec2017,24,30,SEHHO-COBL,0,1948324048647869816,300000,300000,2837.3739448693873,437.3739448693873,437.3739448693873,18.530516420985805
E6_popsize_N120,cec2017,24,30,SEHHO-COBL,1,7967088656487220732,300000,300000,2840.0616232088782,440.06162320887825,440.06162320887825,18.27473352101515
E6_popsize_N120,cec2017,24,30,SEHHO-COBL,2,291346293317725584,300000,300000,2850.0602700326717,450.0602700326717,450.0602700326717,10.150352305005072
E6_popsize_N120,cec2017,24,30,SEHHO-COBL,3,7479547522037114847,300000,300000,2840.2453377061256,440.2453377061256,440.2453377061256,10.190707175002899
E6_popsize_N120,cec2017,24,30,SEHHO-COBL,4,7739472635776869317,300000,300000,2843.541341411731,443.5413414117311,443.5413414117311,10.087730030005332
E6_popsize_N120,cec2017,24,30,SEHHO-COBL,5,1515437395705731390,300000,300000,2844.04916010404,444.04916010403986,444.04916010403986,12.185382214025594
E6_popsize_N120,cec2017,24,30,SEHHO-COBL,6,6324892911451806637,300000,300000,2841.7612807170144,441.7612807170144,441.7612807170144,15.482766000000993
E6_popsize_N120,cec2017,24,30,SEHHO-COBL,7,729000124491629237,300000,300000,2854.3341740150427,454.33417401504266,454.33417401504266,16.0443086779851
E6_popsize_N120,cec2017,24,30,SEHHO-COBL,8,5138766706875682853,300000,300000,2848.067184726407,448.06718472640705,448.06718472640705,15.188911673991242
E6_popsize_N120,cec2017,24,30,SEHHO-COBL,9,1455747883228326025,300000,300000,2847.9266310923995,447.9266310923995,447.9266310923995,17.295030608016532
E6_popsize_N120,cec2017,24,30,SEHHO-COBL,10,6628450279657765389,300000,300000,2849.557990385408,449.5579903854082,449.5579903854082,13.684298981999746
E6_popsize_N120,cec2017,24,30,SEHHO-COBL,11,4247828687461783125,300000,300000,2844.6529286645664,444.6529286645664,444.6529286645664,15.773639074992388
E6_popsize_N120,cec2017,24,30,SEHHO-COBL,12,7519261229558782611,300000,300000,2856.919863046095,456.9198630460951,456.9198630460951,18.90198973202496
E6_popsize_N120,cec2017,24,30,SEHHO-COBL,13,2260278739813242922,300000,300000,2845.6361625036607,445.63616250366067,445.63616250366067,18.554169855982764
E6_popsize_N120,cec2017,24,30,SEHHO-COBL,14,8880533444947979254,300000,300000,2848.4231690868855,448.42316908688554,448.42316908688554,18.39380240900209
E6_popsize_N120,cec2017,24,30,SEHHO-COBL,15,2123128537803542676,300000,300000,2842.495705952409,442.495705952409,442.495705952409,12.823698538006283
E6_popsize_N120,cec2017,24,30,SEHHO-COBL,16,4271558377607895739,300000,300000,2842.197912854459,442.197912854459,442.197912854459,13.16019652801333
E6_popsize_N120,cec2017,24,30,SEHHO-COBL,17,1509324665509857488,300000,300000,2844.971087968957,444.9710879689569,444.9710879689569,11.588252549991012
E6_popsize_N120,cec2017,24,30,SEHHO-COBL,18,5597773726403933928,300000,300000,2848.54280592424,448.54280592423993,448.54280592423993,17.26411114502116
E6_popsize_N120,cec2017,24,30,SEHHO-COBL,19,7459643978325333912,300000,300000,2858.1642660697453,458.1642660697453,458.1642660697453,16.415407455002423
E6_popsize_N120,cec2017,24,30,SEHHO-COBL,20,8522958717156574810,300000,300000,2856.820042973846,456.82004297384583,456.82004297384583,19.01588212000206
E6_popsize_N120,cec2017,24,30,SEHHO-COBL,21,7990155127542433847,300000,300000,2847.4214469067238,447.42144690672376,447.42144690672376,19.18961146901711
E6_popsize_N120,cec2017,24,30,SEHHO-COBL,22,3246174270474857197,300000,300000,2846.0635153479243,446.0635153479243,446.0635153479243,19.16559693700401
E6_popsize_N120,cec2017,24,30,SEHHO-COBL,23,8211865426605273746,300000,300000,2836.245810826081,436.2458108260812,436.2458108260812,19.056514230003813
E6_popsize_N120,cec2017,24,30,SEHHO-COBL,24,3497776866868918316,300000,300000,2842.199745748111,442.1997457481111,442.1997457481111,19.111076308006886
E6_popsize_N120,cec2017,24,30,SEHHO-COBL,25,5345630479057683868,300000,300000,2841.4408298595004,441.44082985950035,441.44082985950035,19.096155240986263
E6_popsize_N120,cec2017,24,30,SEHHO-COBL,26,8693108979659134633,300000,300000,2852.6685165733234,452.66851657332336,452.66851657332336,19.18755078400136
E6_popsize_N120,cec2017,24,30,SEHHO-COBL,27,1343823051873855364,300000,300000,2844.183111334123,444.18311133412317,444.18311133412317,19.140313003998017
E6_popsize_N120,cec2017,24,30,SEHHO-COBL,28,5901768593922007110,300000,300000,2847.3013465207446,447.3013465207446,447.3013465207446,19.093034627992893
E6_popsize_N120,cec2017,24,30,SEHHO-COBL,29,7688918170405247924,300000,300000,2844.412464961343,444.4124649613432,444.4124649613432,19.287260850978782
E6_popsize_N270,cec2017,12,30,SEHHO-COBL,0,8248877811967134192,300000,300000,2624.1494417529466,1424.1494417529466,1424.1494417529466,13.707968916976824
E6_popsize_N270,cec2017,12,30,SEHHO-COBL,1,648156828270519062,300000,300000,2365.823532506214,1165.8235325062142,1165.8235325062142,16.17449377401499
E6_popsize_N270,cec2017,12,30,SEHHO-COBL,2,158107028448116188,300000,300000,1954.158891194751,754.158891194751,754.158891194751,14.868827700003749
E6_popsize_N270,cec2017,12,30,SEHHO-COBL,3,1050820005832436184,300000,300000,2882.732786193107,1682.7327861931071,1682.7327861931071,15.094172730023274
E6_popsize_N270,cec2017,12,30,SEHHO-COBL,4,8979225401003227401,300000,300000,2392.6008777806865,1192.6008777806865,1192.6008777806865,15.206222672015429
E6_popsize_N270,cec2017,12,30,SEHHO-COBL,5,3268647755417760606,300000,300000,2217.672881777603,1017.6728817776029,1017.6728817776029,14.89725694200024
E6_popsize_N270,cec2017,12,30,SEHHO-COBL,6,6459304457289416360,300000,300000,2626.011584330988,1426.0115843309882,1426.0115843309882,10.98705285100732
E6_popsize_N270,cec2017,12,30,SEHHO-COBL,7,1048093561719883861,300000,300000,1778.6467939520153,578.6467939520153,578.6467939520153,8.90930989899789
E6_popsize_N270,cec2017,12,30,SEHHO-COBL,8,7061945844359305427,300000,300000,1780.016572186982,580.0165721869821,580.0165721869821,8.935661003022688
E6_popsize_N270,cec2017,12,30,SEHHO-COBL,9,1791625209183021213,300000,300000,2753.1769187604905,1553.1769187604905,1553.1769187604905,12.04978779098019
E6_popsize_N270,cec2017,12,30,SEHHO-COBL,10,2862530679648288366,300000,300000,2068.871861319511,868.871861319511,868.871861319511,11.444398744992213
E6_popsize_N270,cec2017,12,30,SEHHO-COBL,11,269673682539151203,300000,300000,1558.1078871185898,358.1078871185898,358.1078871185898,15.951660576014547
E6_popsize_N270,cec2017,12,30,SEHHO-COBL,12,8601818983867629709,300000,300000,2797.3692868137396,1597.3692868137396,1597.3692868137396,15.793979015987134
E6_popsize_N270,cec2017,12,30,SEHHO-COBL,13,2205944483546402796,300000,300000,2793.6752848079723,1593.6752848079723,1593.6752848079723,16.639253914996516
E6_popsize_N270,cec2017,12,30,SEHHO-COBL,14,3386928513736590410,300000,300000,2334.2684856622745,1134.2684856622745,1134.2684856622745,16.86717669997597
E6_popsize_N270,cec2017,12,30,SEHHO-COBL,15,9182068148497396034,300000,300000,2773.1291755831926,1573.1291755831926,1573.1291755831926,16.864822773990454
E6_popsize_N270,cec2017,12,30,SEHHO-COBL,16,3068941242805914501,300000,300000,2100.176936081595,900.1769360815952,900.1769360815952,16.918169653014047
E6_popsize_N270,cec2017,12,30,SEHHO-COBL,17,7589023503059314529,300000,300000,2013.0773586475007,813.0773586475007,813.0773586475007,16.647758356004488
E6_popsize_N270,cec2017,12,30,SEHHO-COBL,18,352355912416815125,300000,300000,3069.7437235482175,1869.7437235482175,1869.7437235482175,17.067097554012435
E6_popsize_N270,cec2017,12,30,SEHHO-COBL,19,7130444130757420982,300000,300000,2481.203575149286,1281.2035751492858,1281.2035751492858,10.136400537012378
E6_popsize_N270,cec2017,12,30,SEHHO-COBL,20,5370567761932388745,300000,300000,1724.6519705212208,524.6519705212208,524.6519705212208,9.425164824002422
E6_popsize_N270,cec2017,12,30,SEHHO-COBL,21,7763514302160348291,300000,300000,2143.931486587179,943.9314865871788,943.9314865871788,8.968441867997171
E6_popsize_N270,cec2017,12,30,SEHHO-COBL,22,7922663016699458111,300000,300000,2871.1557811342536,1671.1557811342536,1671.1557811342536,12.132478788000299
E6_popsize_N270,cec2017,12,30,SEHHO-COBL,23,5519147128220419960,300000,300000,2379.6890958957033,1179.6890958957033,1179.6890958957033,11.13415517899557
E6_popsize_N270,cec2017,12,30,SEHHO-COBL,24,1670036090026647880,300000,300000,2922.325737384791,1722.325737384791,1722.325737384791,9.006394441996235
E6_popsize_N270,cec2017,12,30,SEHHO-COBL,25,5000643411371594696,300000,300000,2663.1657201100425,1463.1657201100425,1463.1657201100425,8.872331341990503
E6_popsize_N270,cec2017,12,30,SEHHO-COBL,26,2830228056301491020,300000,300000,2007.3318812875327,807.3318812875327,807.3318812875327,8.724606025993126
E6_popsize_N270,cec2017,12,30,SEHHO-COBL,27,7326434276598901561,300000,300000,2507.712036141321,1307.7120361413208,1307.7120361413208,8.550823277997551
E6_popsize_N270,cec2017,12,30,SEHHO-COBL,28,4692959921180612380,300000,300000,1770.0890972309667,570.0890972309667,570.0890972309667,9.304358928027796
E6_popsize_N270,cec2017,12,30,SEHHO-COBL,29,2050420278194147953,300000,300000,1964.7441503903524,764.7441503903524,764.7441503903524,8.603312978026224
E6_popsize_N270,cec2017,7,30,SEHHO-COBL,0,3498468507175015321,300000,300000,769.3640824896943,69.36408248969428,69.36408248969428,14.034821406006813
E6_popsize_N270,cec2017,7,30,SEHHO-COBL,1,1197132433219784486,300000,300000,768.0465398066012,68.04653980660123,68.04653980660123,13.73167190499953
E6_popsize_N270,cec2017,7,30,SEHHO-COBL,2,5292426267549699946,300000,300000,766.684194800444,66.68419480044395,66.68419480044395,14.51725337197422
E6_popsize_N270,cec2017,7,30,SEHHO-COBL,3,5396853174747034498,300000,300000,763.8155563009627,63.815556300962726,63.815556300962726,15.378938860987546
E6_popsize_N270,cec2017,7,30,SEHHO-COBL,4,1045418448116584629,300000,300000,762.6240041024254,62.624004102425374,62.624004102425374,15.23351938999258
E6_popsize_N270,cec2017,7,30,SEHHO-COBL,5,2540460801114088741,300000,300000,765.0593625261367,65.05936252613674,65.05936252613674,15.262011871003779
E6_popsize_N270,cec2017,7,30,SEHHO-COBL,6,1452820830068906269,300000,300000,770.1069759993582,70.10697599935816,70.10697599935816,15.339479760994436
E6_popsize_N270,cec2017,7,30,SEHHO-COBL,7,1901858880581124442,300000,300000,771.4933788977426,71.49337889774256,71.49337889774256,15.27168091601925
E6_popsize_N270,cec2017,7,30,SEHHO-COBL,8,6104499756362521386,300000,300000,772.3747790445054,72.37477904450543,72.37477904450543,15.267667598993285
E6_popsize_N270,cec2017,7,30,SEHHO-COBL,9,5643920804976646205,300000,300000,762.8930588364473,62.89305883644727,62.89305883644727,15.231319713988341
E6_popsize_N270,cec2017,7,30,SEHHO-COBL,10,7375867513916632320,300000,300000,763.6134808452402,63.61348084524025,63.61348084524025,15.326944840984652
E6_popsize_N270,cec2017,7,30,SEHHO-COBL,11,6847246527057791683,300000,300000,776.8763647573855,76.87636475738555,76.87636475738555,12.616881469992222
E6_popsize_N270,cec2017,7,30,SEHHO-COBL,12,773265172360574601,300000,300000,768.3004101443116,68.30041014431163,68.30041014431163,13.97551453000051
E6_popsize_N270,cec2017,7,30,SEHHO-COBL,13,5571433457524878098,300000,300000,776.2877537576392,76.28775375763917,76.28775375763917,15.132183302979684
E6_popsize_N270,cec2017,7,30,SEHHO-COBL,14,8281584576789987660,300000,300000,771.7914121394496,71.79141213944956,71.79141213944956,14.612389811023604
E6_popsize_N270,cec2017,7,30,SEHHO-COBL,15,8479005559266049879,300000,300000,768.1756493670543,68.17564936705435,68.17564936705435,15.062046593986452
E6_popsize_N270,cec2017,7,30,SEHHO-COBL,16,1126317311174126994,300000,300000,761.1887744903638,61.18877449036381,61.18877449036381,15.31736523201107
E6_popsize_N270,cec2017,7,30,SEHHO-COBL,17,2335125306229850887,300000,300000,764.6881678529469,64.68816785294689,64.68816785294689,12.95243399598985
E6_popsize_N270,cec2017,7,30,SEHHO-COBL,18,7498512924375471382,300000,300000,765.544685709633,65.54468570963297,65.54468570963297,14.878662485978566
E6_popsize_N270,cec2017,7,30,SEHHO-COBL,19,4053991655811906574,300000,300000,773.4903726025233,73.49037260252328,73.49037260252328,15.13115808001021
E6_popsize_N270,cec2017,7,30,SEHHO-COBL,20,6167156892268387552,300000,300000,772.8172778226781,72.81727782267808,72.81727782267808,8.516927972988924
E6_popsize_N270,cec2017,7,30,SEHHO-COBL,21,1541859218668169432,300000,300000,763.7985892101281,63.79858921012806,63.79858921012806,8.033999905979726
E6_popsize_N270,cec2017,7,30,SEHHO-COBL,22,3736435527114541722,300000,300000,771.1457935026903,71.14579350269025,71.14579350269025,11.498476083972491
E6_popsize_N270,cec2017,7,30,SEHHO-COBL,23,1946718102315264701,300000,300000,761.7923588045704,61.792358804570426,61.792358804570426,15.454814995988272
E6_popsize_N270,cec2017,7,30,SEHHO-COBL,24,2267930145071969396,300000,300000,763.3745858466814,63.374585846681384,63.374585846681384,15.277147941000294
E6_popsize_N270,cec2017,7,30,SEHHO-COBL,25,8663413548573884130,300000,300000,766.7272240272878,66.72722402728778,66.72722402728778,13.524694535997696
E6_popsize_N270,cec2017,7,30,SEHHO-COBL,26,2917097190446047633,300000,300000,774.2999093834043,74.29990938340427,74.29990938340427,13.825574971997412
E6_popsize_N270,cec2017,7,30,SEHHO-COBL,27,4323169628644125114,300000,300000,766.7870027735781,66.78700277357814,66.78700277357814,13.95033559401054
E6_popsize_N270,cec2017,7,30,SEHHO-COBL,28,3279408618177055503,300000,300000,766.155468172313,66.15546817231302,66.15546817231302,13.70212926500244
E6_popsize_N270,cec2017,7,30,SEHHO-COBL,29,2308661676117029780,300000,300000,768.4403118068971,68.44031180689706,68.44031180689706,13.819843090022914
E6_popsize_N120,cec2017,29,30,SEHHO-COBL,0,2841756472080644299,300000,300000,3368.5860710311536,468.58607103115355,468.58607103115355,18.17268573900219
E6_popsize_N120,cec2017,29,30,SEHHO-COBL,1,6013510440774919585,300000,300000,3372.526532645409,472.52653264540913,472.52653264540913,15.90259893500479
E6_popsize_N120,cec2017,29,30,SEHHO-COBL,2,9147009935324912793,300000,300000,3388.497976881321,488.49797688132094,488.49797688132094,10.737976509990403
E6_popsize_N120,cec2017,29,30,SEHHO-COBL,3,6249936792684690683,300000,300000,3339.1434276624777,439.14342766247773,439.14342766247773,10.84786485900986
E6_popsize_N120,cec2017,29,30,SEHHO-COBL,4,1076198354179461887,300000,300000,3409.250913116524,509.25091311652386,509.25091311652386,11.080923095985781
E6_popsize_N120,cec2017,29,30,SEHHO-COBL,5,3394427255060564417,300000,300000,3386.4427542757853,486.4427542757853,486.4427542757853,15.832324837014312
E6_popsize_N120,cec2017,29,30,SEHHO-COBL,6,5458551406648984582,300000,300000,3369.670725119762,469.6707251197622,469.6707251197622,17.18455992700183
E6_popsize_N120,cec2017,29,30,SEHHO-COBL,7,6587174159808320614,300000,300000,3390.262636354384,490.2626363543841,490.2626363543841,10.797839881008258
E6_popsize_N120,cec2017,29,30,SEHHO-COBL,8,7515889754941957261,300000,300000,3398.8561276920896,498.85612769208956,498.85612769208956,13.3473214720143
E6_popsize_N120,cec2017,29,30,SEHHO-COBL,9,6940222608418339422,300000,300000,3359.2622554584027,459.2622554584027,459.2622554584027,17.951191351981834
E6_popsize_N120,cec2017,29,30,SEHHO-COBL,10,1465376771996045629,300000,300000,3366.2818472717245,466.2818472717245,466.2818472717245,14.639399461011635
E6_popsize_N120,cec2017,29,30,SEHHO-COBL,11,7953013162729935974,300000,300000,3558.2928408903063,658.2928408903063,658.2928408903063,11.587473669002065
E6_popsize_N120,cec2017,29,30,SEHHO-COBL,12,7667681625065394142,300000,300000,3374.319701802183,474.31970180218286,474.31970180218286,10.753311373002362
E6_popsize_N120,cec2017,29,30,SEHHO-COBL,13,7221129787175096019,300000,300000,3386.559036705142,486.5590367051418,486.5590367051418,14.125273169018328
E6_popsize_N120,cec2017,29,30,SEHHO-COBL,14,1016764833052969083,300000,300000,3361.5098535491775,461.5098535491775,461.5098535491775,14.071087748015998
E6_popsize_N120,cec2017,29,30,SEHHO-COBL,15,5333932204861537367,300000,300000,3346.3742131926515,446.3742131926515,446.3742131926515,11.699935282988008
E6_popsize_N120,cec2017,29,30,SEHHO-COBL,16,5883045199690262061,300000,300000,3338.906045912059,438.9060459120592,438.9060459120592,19.770084310992388
E6_popsize_N120,cec2017,29,30,SEHHO-COBL,17,7463721894958072752,300000,300000,3400.7596054081055,500.7596054081055,500.7596054081055,10.803997590992367
E6_popsize_N120,cec2017,29,30,SEHHO-COBL,18,452384645622093975,300000,300000,3355.214304566245,455.2143045662451,455.2143045662451,12.009835506003583
E6_popsize_N120,cec2017,29,30,SEHHO-COBL,19,162991438053444962,300000,300000,3360.301289118515,460.3012891185149,460.3012891185149,19.738496384990867
E6_popsize_N120,cec2017,29,30,SEHHO-COBL,20,926915503377672882,300000,300000,3413.9742358658277,513.9742358658277,513.9742358658277,19.722199889016338
E6_popsize_N120,cec2017,29,30,SEHHO-COBL,21,7104860222007199934,300000,300000,3409.2601146366214,509.26011463662144,509.26011463662144,19.79051266697934
E6_popsize_N120,cec2017,29,30,SEHHO-COBL,22,7327905398102240280,300000,300000,3374.690112561396,474.69011256139584,474.69011256139584,19.784027904010145
E6_popsize_N120,cec2017,29,30,SEHHO-COBL,23,9180878036427052434,300000,300000,3395.150455753155,495.1504557531548,495.1504557531548,19.825823104998562
E6_popsize_N120,cec2017,29,30,SEHHO-COBL,24,3064796939585609484,300000,300000,3402.869919441472,502.8699194414721,502.8699194414721,19.834601340000518
E6_popsize_N120,cec2017,29,30,SEHHO-COBL,25,7665437027176072865,300000,300000,3368.8068329894472,468.80683298944723,468.80683298944723,19.798964098998113
E6_popsize_N120,cec2017,29,30,SEHHO-COBL,26,4816424603892153255,300000,300000,3422.126193707089,522.126193707089,522.126193707089,19.838395546976244
E6_popsize_N120,cec2017,29,30,SEHHO-COBL,27,6515400453049633526,300000,300000,3351.0721336272045,451.0721336272045,451.0721336272045,19.809097454999574
E6_popsize_N120,cec2017,29,30,SEHHO-COBL,28,6013745053722542658,300000,300000,3386.2694605576107,486.2694605576107,486.2694605576107,19.879848445998505
E6_popsize_N120,cec2017,29,30,SEHHO-COBL,29,26228241801994162,300000,300000,3312.2054530697746,412.20545306977465,412.20545306977465,19.861772913020104
E6_popsize_N270,cec2017,9,30,SEHHO-COBL,0,2559132081745739660,300000,300000,900.0000000000001,0.0,1.1368683772161603e-13,11.140892905998044
E6_popsize_N270,cec2017,9,30,SEHHO-COBL,1,6843229022768781579,300000,300000,900.0000000000001,0.0,1.1368683772161603e-13,8.124626136996085
E6_popsize_N270,cec2017,9,30,SEHHO-COBL,2,1554794112312781304,300000,300000,900.0,0.0,0.0,8.178819713008124
E6_popsize_N270,cec2017,9,30,SEHHO-COBL,3,7777373518639048778,300000,300000,900.4543240185908,0.4543240185907962,0.4543240185907962,8.257295952993445
E6_popsize_N270,cec2017,9,30,SEHHO-COBL,4,5200785375638531587,300000,300000,900.0000000000001,0.0,1.1368683772161603e-13,8.231201952003175
E6_popsize_N270,cec2017,9,30,SEHHO-COBL,5,412863437284467861,300000,300000,900.0895282504165,0.08952825041649248,0.08952825041649248,13.463731914001983
E6_popsize_N270,cec2017,9,30,SEHHO-COBL,6,5516387403609657264,300000,300000,900.0000000000001,0.0,1.1368683772161603e-13,15.523399113008054
E6_popsize_N270,cec2017,9,30,SEHHO-COBL,7,6631308717990123173,300000,300000,900.0000000000001,0.0,1.1368683772161603e-13,12.510751701018307
E6_popsize_N270,cec2017,9,30,SEHHO-COBL,8,7837455506230683295,300000,300000,900.0,0.0,0.0,13.954005737992702
E6_popsize_N270,cec2017,9,30,SEHHO-COBL,9,7486422747882420233,300000,300000,900.0000000000001,0.0,1.1368683772161603e-13,13.917932458018186
E6_popsize_N270,cec2017,9,30,SEHHO-COBL,10,3519143903647512370,300000,300000,900.0895282504165,0.08952825041649248,0.08952825041649248,14.09354252499179
E6_popsize_N270,cec2017,9,30,SEHHO-COBL,11,8488113307724164027,300000,300000,900.0000000000001,0.0,1.1368683772161603e-13,14.013969316001749
E6_popsize_N270,cec2017,9,30,SEHHO-COBL,12,2355124645613528068,300000,300000,900.0895282504165,0.08952825041649248,0.08952825041649248,14.08252382799401
E6_popsize_N270,cec2017,9,30,SEHHO-COBL,13,5000824799344209464,300000,300000,900.0000000000001,0.0,1.1368683772161603e-13,14.205268499004887
E6_popsize_N270,cec2017,9,30,SEHHO-COBL,14,7400562676672207484,300000,300000,900.0,0.0,0.0,14.17594518099213
E6_popsize_N270,cec2017,9,30,SEHHO-COBL,15,6847797943762216957,300000,300000,900.0,0.0,0.0,14.295145283977035
E6_popsize_N270,cec2017,9,30,SEHHO-COBL,16,4907706794919419599,300000,300000,900.0000000000001,0.0,1.1368683772161603e-13,14.217378252971685
E6_popsize_N270,cec2017,9,30,SEHHO-COBL,17,7384648535475677767,300000,300000,900.0000000000001,0.0,1.1368683772161603e-13,14.23240913398331
E6_popsize_N270,cec2017,9,30,SEHHO-COBL,18,7442319905823025604,300000,300000,900.0,0.0,0.0,14.275469899992459
E6_popsize_N270,cec2017,9,30,SEHHO-COBL,19,7357876261455372245,300000,300000,900.0000000000001,0.0,1.1368683772161603e-13,15.272205040004337
E6_popsize_N270,cec2017,9,30,SEHHO-COBL,20,7477233487386973869,300000,300000,900.0000000000001,0.0,1.1368683772161603e-13,15.316710715007503
E6_popsize_N270,cec2017,9,30,SEHHO-COBL,21,754745679981320163,300000,300000,900.0000000000001,0.0,1.1368683772161603e-13,15.238832996983547
E6_popsize_N270,cec2017,9,30,SEHHO-COBL,22,1916918858000050224,300000,300000,900.0,0.0,0.0,15.24468219699338
E6_popsize_N270,cec2017,9,30,SEHHO-COBL,23,5327140769069540312,300000,300000,900.0,0.0,0.0,15.23527972199372
E6_popsize_N270,cec2017,9,30,SEHHO-COBL,24,5376513977432741991,300000,300000,900.0895282504165,0.08952825041649248,0.08952825041649248,15.291917543014279
E6_popsize_N270,cec2017,9,30,SEHHO-COBL,25,3003684152687991337,300000,300000,900.0,0.0,0.0,15.302060226007598
E6_popsize_N270,cec2017,9,30,SEHHO-COBL,26,1421677912585621331,300000,300000,900.0,0.0,0.0,15.269325939996634
E6_popsize_N270,cec2017,9,30,SEHHO-COBL,27,877601661878587677,300000,300000,900.0000000000001,0.0,1.1368683772161603e-13,15.36306818301091
E6_popsize_N270,cec2017,9,30,SEHHO-COBL,28,8600594525428765418,300000,300000,900.0,0.0,0.0,15.244277848978527
E6_popsize_N270,cec2017,9,30,SEHHO-COBL,29,8965091830715804620,300000,300000,900.0000000000001,0.0,1.1368683772161603e-13,15.256627502007177
E6_popsize_N120,cec2017,27,30,SEHHO-COBL,0,7399041298334237612,300000,300000,3197.523934831187,497.52393483118703,497.52393483118703,18.65749237901764
E6_popsize_N120,cec2017,27,30,SEHHO-COBL,1,5687490112186835738,300000,300000,3208.238440433859,508.23844043385907,508.23844043385907,20.877252421021694
E6_popsize_N120,cec2017,27,30,SEHHO-COBL,2,2406731979932654035,300000,300000,3202.031732579301,502.0317325793012,502.0317325793012,15.560329830012051
E6_popsize_N120,cec2017,27,30,SEHHO-COBL,3,635082766238146972,300000,300000,3204.058133454775,504.0581334547751,504.0581334547751,20.01081450798665
E6_popsize_N120,cec2017,27,30,SEHHO-COBL,4,8590325914269765884,300000,300000,3185.7440559233864,485.74405592338644,485.74405592338644,18.03424699199968
E6_popsize_N120,cec2017,27,30,SEHHO-COBL,5,5535648757667825538,300000,300000,3215.8460752243873,515.8460752243873,515.8460752243873,20.852032458002213
E6_popsize_N120,cec2017,27,30,SEHHO-COBL,6,4434960069267681761,300000,300000,3214.6527886586045,514.6527886586045,514.6527886586045,17.643556708004326
E6_popsize_N120,cec2017,27,30,SEHHO-COBL,7,5580289382264160438,300000,300000,3212.1161074169822,512.1161074169822,512.1161074169822,13.138918398995884
E6_popsize_N120,cec2017,27,30,SEHHO-COBL,8,5581974097795173671,300000,300000,3212.5221300766234,512.5221300766234,512.5221300766234,12.063074662000872
E6_popsize_N120,cec2017,27,30,SEHHO-COBL,9,4191684568205931731,300000,300000,3204.1128849949505,504.1128849949505,504.1128849949505,18.79546626500087
E6_popsize_N120,cec2017,27,30,SEHHO-COBL,10,6205493571949558036,300000,300000,3192.782262578062,492.7822625780618,492.7822625780618,19.15767456800677
E6_popsize_N120,cec2017,27,30,SEHHO-COBL,11,2231023400473733669,300000,300000,3203.729159999433,503.7291599994328,503.7291599994328,16.494670752988895
E6_popsize_N120,cec2017,27,30,SEHHO-COBL,12,1722646388759062040,300000,300000,3195.4295369299934,495.42953692999345,495.42953692999345,17.11216222800431
E6_popsize_N120,cec2017,27,30,SEHHO-COBL,13,7730681746640684963,300000,300000,3209.2779479997016,509.2779479997016,509.2779479997016,20.443902194005204
E6_popsize_N120,cec2017,27,30,SEHHO-COBL,14,3965081879023639575,300000,300000,3207.755372534629,507.7553725346288,507.7553725346288,11.733066524990136
E6_popsize_N120,cec2017,27,30,SEHHO-COBL,15,7150278064261187246,300000,300000,3201.899558552672,501.8995585526718,501.8995585526718,11.911644567997428
E6_popsize_N120,cec2017,27,30,SEHHO-COBL,16,7191024117083729192,300000,300000,3207.1027715233076,507.10277152330764,507.10277152330764,11.198783255997114
E6_popsize_N120,cec2017,27,30,SEHHO-COBL,17,5501924857679361990,300000,300000,3198.2249924349967,498.2249924349967,498.2249924349967,11.953908930008765
E6_popsize_N120,cec2017,27,30,SEHHO-COBL,18,9154583115378166171,300000,300000,3213.420112426634,513.4201124266342,513.4201124266342,13.187305964995176
E6_popsize_N120,cec2017,27,30,SEHHO-COBL,19,4668616483403260092,300000,300000,3202.3948611475626,502.39486114756255,502.39486114756255,19.817553485016106
E6_popsize_N120,cec2017,27,30,SEHHO-COBL,20,5030504774949588605,300000,300000,3196.680965479438,496.6809654794379,496.6809654794379,20.545809551986167
E6_popsize_N120,cec2017,27,30,SEHHO-COBL,21,3748729667538075670,300000,300000,3206.989715364989,506.989715364989,506.989715364989,19.88520212797448
E6_popsize_N120,cec2017,27,30,SEHHO-COBL,22,3041782011678119710,300000,300000,3214.5950659208693,514.5950659208693,514.5950659208693,19.863640386989573
E6_popsize_N120,cec2017,27,30,SEHHO-COBL,23,6392341086845992032,300000,300000,3201.8763681833643,501.8763681833643,501.8763681833643,18.248607108020224
E6_popsize_N120,cec2017,27,30,SEHHO-COBL,24,1820983283199866289,300000,300000,3207.672492571781,507.6724925717808,507.6724925717808,11.05996270198375
E6_popsize_N120,cec2017,27,30,SEHHO-COBL,25,1985424415848593716,300000,300000,3206.7509722816694,506.7509722816694,506.7509722816694,17.07954735500971
E6_popsize_N120,cec2017,27,30,SEHHO-COBL,26,2662195511904152644,300000,300000,3206.758535352864,506.7585353528639,506.7585353528639,20.855556346999947
E6_popsize_N120,cec2017,27,30,SEHHO-COBL,27,7153197505154163733,300000,300000,3201.965578536273,501.9655785362729,501.9655785362729,19.475850141985575
E6_popsize_N120,cec2017,27,30,SEHHO-COBL,28,5336763532760781503,300000,300000,3224.6878791616587,524.6878791616587,524.6878791616587,11.835360198980197
E6_popsize_N120,cec2017,27,30,SEHHO-COBL,29,4996584959582885973,300000,300000,3192.0113544871383,492.0113544871383,492.0113544871383,12.299062803998822
E6_popsize_N270,cec2017,11,30,SEHHO-COBL,0,7350478728484760161,300000,300000,1134.8234913401031,34.823491340103146,34.823491340103146,13.525849000987364
E6_popsize_N270,cec2017,11,30,SEHHO-COBL,1,4838000608932885300,300000,300000,1116.9210787712957,16.921078771295697,16.921078771295697,11.319589090999216
E6_popsize_N270,cec2017,11,30,SEHHO-COBL,2,7351970976133349725,300000,300000,1121.8890791047766,21.889079104776556,21.889079104776556,8.102963506011292
E6_popsize_N270,cec2017,11,30,SEHHO-COBL,3,1573207573850045913,300000,300000,1172.688191718565,72.6881917185649,72.6881917185649,12.689693256979808
E6_popsize_N270,cec2017,11,30,SEHHO-COBL,4,1868187591589411435,300000,300000,1192.8127084841499,92.81270848414988,92.81270848414988,14.269711469998583
E6_popsize_N270,cec2017,11,30,SEHHO-COBL,5,4964978881379404675,300000,300000,1163.958971486607,63.95897148660697,63.95897148660697,13.970330676995218
E6_popsize_N270,cec2017,11,30,SEHHO-COBL,6,4447666840982270461,300000,300000,1119.8991407938752,19.899140793875176,19.899140793875176,14.157901918020798
E6_popsize_N270,cec2017,11,30,SEHHO-COBL,7,7336729712848393886,300000,300000,1114.9243757807615,14.924375780761466,14.924375780761466,14.115990348014748
E6_popsize_N270,cec2017,11,30,SEHHO-COBL,8,725728450193942388,300000,300000,1114.9243555840471,14.924355584047134,14.924355584047134,14.16569303200231
E6_popsize_N270,cec2017,11,30,SEHHO-COBL,9,6719996090169966443,300000,300000,1103.9798362283734,3.979836228373415,3.979836228373415,14.104814356018323
E6_popsize_N270,cec2017,11,30,SEHHO-COBL,10,527452068397910017,300000,300000,1107.9596674189277,7.9596674189276655,7.9596674189276655,14.024877425981686
E6_popsize_N270,cec2017,11,30,SEHHO-COBL,11,3274378230359830185,300000,300000,1150.74271493585,50.74271493585002,50.74271493585002,14.24495060800109
E6_popsize_N270,cec2017,11,30,SEHHO-COBL,12,6773774263707230127,300000,300000,1117.9160327905697,17.916032790569716,17.916032790569716,14.590557972987881
E6_popsize_N270,cec2017,11,30,SEHHO-COBL,13,7891805870949804918,300000,300000,1181.8682143630099,81.86821436300988,81.86821436300988,13.999201156984782
E6_popsize_N270,cec2017,11,30,SEHHO-COBL,14,162277870781932813,300000,300000,1112.934462704394,12.934462704394036,12.934462704394036,14.086962291999953
E6_popsize_N270,cec2017,11,30,SEHHO-COBL,15,2286590221710963635,300000,300000,1142.7830727514565,42.78307275145653,42.78307275145653,14.431930719991215
E6_popsize_N270,cec2017,11,30,SEHHO-COBL,16,5705699413220448527,300000,300000,1142.7898828623372,42.78988286233721,42.78988286233721,14.267006865993608
E6_popsize_N270,cec2017,11,30,SEHHO-COBL,17,4574666358243818179,300000,300000,1135.0055935097414,35.0055935097414,35.0055935097414,14.07684263199917
E6_popsize_N270,cec2017,11,30,SEHHO-COBL,18,1601058442081086571,300000,300000,1142.7899234386634,42.789923438663436,42.789923438663436,14.220434315007878
E6_popsize_N270,cec2017,11,30,SEHHO-COBL,19,5687775030408771231,300000,300000,1133.8353221971763,33.83532219717631,33.83532219717631,14.212143725017086
E6_popsize_N270,cec2017,11,30,SEHHO-COBL,20,1476918840836072039,300000,300000,1117.909232755327,17.90923275532691,17.90923275532691,14.332462766993558
E6_popsize_N270,cec2017,11,30,SEHHO-COBL,21,5191028775735249990,300000,300000,1193.8076827001387,93.80768270013868,93.80768270013868,14.150872011989122
E6_popsize_N270,cec2017,11,30,SEHHO-COBL,22,169327466112295851,300000,300000,1147.7578781579991,47.75787815799913,47.75787815799913,14.43390327898669
E6_popsize_N270,cec2017,11,30,SEHHO-COBL,23,7941071010970828100,300000,300000,1145.7748157688384,45.77481576883838,45.77481576883838,14.165812153980369
E6_popsize_N270,cec2017,11,30,SEHHO-COBL,24,5015326098753379850,300000,300000,1178.8833220328345,78.88332203283449,78.88332203283449,14.06837346800603
E6_popsize_N270,cec2017,11,30,SEHHO-COBL,25,2361555878033159067,300000,300000,1117.5083248921374,17.508324892137352,17.508324892137352,14.042195276997518
E6_popsize_N270,cec2017,11,30,SEHHO-COBL,26,5205933413400901903,300000,300000,1111.9395036473009,11.939503647300853,11.939503647300853,14.253879365016473
E6_popsize_N270,cec2017,11,30,SEHHO-COBL,27,8585617600578897985,300000,300000,1139.7981550038508,39.79815500385075,39.79815500385075,14.264534579997417
E6_popsize_N270,cec2017,11,30,SEHHO-COBL,28,8020704791067344555,300000,300000,1114.9243757807615,14.924375780761466,14.924375780761466,14.16473863099236
E6_popsize_N270,cec2017,11,30,SEHHO-COBL,29,7110573223733465039,300000,300000,1183.9053731774345,83.90537317743451,83.90537317743451,14.084319045010488
E6_popsize_N270,cec2017,14,30,SEHHO-COBL,0,3346282833506052142,300000,300000,1428.4042034360407,28.40420343604069,28.40420343604069,16.127831414021784
E6_popsize_N270,cec2017,14,30,SEHHO-COBL,1,8483157364044546928,300000,300000,1434.3602054273586,34.36020542735855,34.36020542735855,16.156352849007817
E6_popsize_N270,cec2017,14,30,SEHHO-COBL,2,5667720511313067837,300000,300000,1431.559099865062,31.55909986506208,31.55909986506208,16.144691105990205
E6_popsize_N270,cec2017,14,30,SEHHO-COBL,3,1728097988500719301,300000,300000,1424.6736069095537,24.673606909553655,24.673606909553655,16.07220822601812
E6_popsize_N270,cec2017,14,30,SEHHO-COBL,4,75843724970539269,300000,300000,1427.5522757625895,27.55227576258949,27.55227576258949,16.153620604018215
E6_popsize_N270,cec2017,14,30,SEHHO-COBL,5,7729476855774252872,300000,300000,1435.99470964408,35.9947096440801,35.9947096440801,11.037982154986821
E6_popsize_N270,cec2017,14,30,SEHHO-COBL,6,5353725579430776884,300000,300000,1428.4434692903972,28.44346929039716,28.44346929039716,8.094089059974067
E6_popsize_N270,cec2017,14,30,SEHHO-COBL,7,6075325191005678068,300000,300000,1442.4056348936945,42.40563489369447,42.40563489369447,10.733893822995014
E6_popsize_N270,cec2017,14,30,SEHHO-COBL,8,7194995323171411600,300000,300000,1438.7027085388595,38.7027085388595,38.7027085388595,11.759481940011028
E6_popsize_N270,cec2017,14,30,SEHHO-COBL,9,3183508483342912314,300000,300000,1426.995832198782,26.995832198781955,26.995832198781955,13.2966353649972
E6_popsize_N270,cec2017,14,30,SEHHO-COBL,10,1658609914848955521,300000,300000,1441.2950373334616,41.29503733346155,41.29503733346155,14.10702797799604
E6_popsize_N270,cec2017,14,30,SEHHO-COBL,11,1789142853921045151,300000,300000,1433.4235946893682,33.4235946893682,33.4235946893682,14.590526594984112
E6_popsize_N270,cec2017,14,30,SEHHO-COBL,12,3827097970167058339,300000,300000,1428.1104096054787,28.110409605478708,28.110409605478708,14.796812657994451
E6_popsize_N270,cec2017,14,30,SEHHO-COBL,13,6836973465269523101,300000,300000,1434.3373515749367,34.33735157493675,34.33735157493675,15.708585170010338
E6_popsize_N270,cec2017,14,30,SEHHO-COBL,14,5355946885172248514,300000,300000,1433.7484736402391,33.748473640239126,33.748473640239126,15.869423550000647
E6_popsize_N270,cec2017,14,30,SEHHO-COBL,15,5161425128547392932,300000,300000,1425.6714290615382,25.67142906153822,25.67142906153822,11.831175900006201
E6_popsize_N270,cec2017,14,30,SEHHO-COBL,16,7896644634597926942,300000,300000,1442.819244152737,42.81924415273693,42.81924415273693,8.316795491991797
E6_popsize_N270,cec2017,14,30,SEHHO-COBL,17,1083124233886472688,300000,300000,1426.4668424592012,26.46684245920119,26.46684245920119,8.250394730013795
E6_popsize_N270,cec2017,14,30,SEHHO-COBL,18,5162329480303614562,300000,300000,1424.696060878364,24.69606087836405,24.69606087836405,8.51585218499531
E6_popsize_N270,cec2017,14,30,SEHHO-COBL,19,3225553642854116265,300000,300000,1434.68295304216,34.68295304216008,34.68295304216008,15.959797215997241
E6_popsize_N270,cec2017,14,30,SEHHO-COBL,20,8170485060568633680,300000,300000,1427.281624760969,27.281624760968953,27.281624760968953,15.958229185984237
E6_popsize_N270,cec2017,14,30,SEHHO-COBL,21,7873109854206674597,300000,300000,1433.4016659660995,33.40166596609947,33.40166596609947,15.933934528002283
E6_popsize_N270,cec2017,14,30,SEHHO-COBL,22,4736049295132988678,300000,300000,1424.4584474288474,24.45844742884742,24.45844742884742,15.994735537999077
E6_popsize_N270,cec2017,14,30,SEHHO-COBL,23,8620245550239324882,300000,300000,1430.6608563335626,30.660856333562606,30.660856333562606,16.021364302985603
E6_popsize_N270,cec2017,14,30,SEHHO-COBL,24,7056782121183660038,300000,300000,1426.090605864718,26.0906058647181,26.0906058647181,14.912514098978136
E6_popsize_N270,cec2017,14,30,SEHHO-COBL,25,4333308895336043738,300000,300000,1428.7179892631207,28.71798926312067,28.71798926312067,12.797913807007717
E6_popsize_N270,cec2017,14,30,SEHHO-COBL,26,6207708284200896346,300000,300000,1431.8021832967734,31.802183296773364,31.802183296773364,8.98602445598226
E6_popsize_N270,cec2017,14,30,SEHHO-COBL,27,1043719935531470910,300000,300000,1424.7021056943163,24.702105694316288,24.702105694316288,8.252049242000794
E6_popsize_N270,cec2017,14,30,SEHHO-COBL,28,49949981023951515,300000,300000,1426.126525603811,26.126525603810933,26.126525603810933,13.129748750012368
E6_popsize_N270,cec2017,14,30,SEHHO-COBL,29,1617606120098667517,300000,300000,1430.2635380723752,30.26353807237524,30.26353807237524,11.310142403002828
E6_popsize_N270,cec2017,18,30,SEHHO-COBL,0,7835877026959748144,300000,300000,1829.3181118251264,29.31811182512638,29.31811182512638,15.595697978016688
E6_popsize_N270,cec2017,18,30,SEHHO-COBL,1,7473523040201264912,300000,300000,1828.5748535620382,28.574853562038243,28.574853562038243,15.699357732984936
E6_popsize_N270,cec2017,18,30,SEHHO-COBL,2,879715191875385083,300000,300000,1831.6083702671217,31.6083702671217,31.6083702671217,15.71363325798302
E6_popsize_N270,cec2017,18,30,SEHHO-COBL,3,1360949659970839084,300000,300000,1824.7698258721784,24.769825872178444,24.769825872178444,15.674479109991807
E6_popsize_N270,cec2017,18,30,SEHHO-COBL,4,8897951845306352787,300000,300000,1847.3927865810438,47.392786581043765,47.392786581043765,15.71578821100411
E6_popsize_N270,cec2017,18,30,SEHHO-COBL,5,7744719778271697358,300000,300000,1825.2411464255902,25.24114642559016,25.24114642559016,11.965328999009216
E6_popsize_N270,cec2017,18,30,SEHHO-COBL,6,7757817014924233291,300000,300000,1898.2177515143449,98.21775151434485,98.21775151434485,8.32294564699987
E6_popsize_N270,cec2017,18,30,SEHHO-COBL,7,8140957932705814145,300000,300000,1834.693543634391,34.69354363439106,34.69354363439106,8.345467819017358
E6_popsize_N270,cec2017,18,30,SEHHO-COBL,8,9194016136115798541,300000,300000,1867.1121692492586,67.11216924925861,67.11216924925861,8.09889455299708
E6_popsize_N270,cec2017,18,30,SEHHO-COBL,9,4486218328346313315,300000,300000,1834.8524837347115,34.85248373471154,34.85248373471154,8.19918011999107
E6_popsize_N270,cec2017,18,30,SEHHO-COBL,10,3728622654587846812,300000,300000,1827.406995448766,27.40699544876611,27.40699544876611,8.269065077998675
E6_popsize_N270,cec2017,18,30,SEHHO-COBL,11,7664400881102806148,300000,300000,1839.7153105946586,39.715310594658604,39.715310594658604,15.203309307980817
E6_popsize_N270,cec2017,18,30,SEHHO-COBL,12,7746534119357926084,300000,300000,1838.852316617253,38.85231661725311,38.85231661725311,10.975742056005402
E6_popsize_N270,cec2017,18,30,SEHHO-COBL,13,754172033805441940,300000,300000,1830.5530097997193,30.553009799719348,30.553009799719348,8.199646805005614
E6_popsize_N270,cec2017,18,30,SEHHO-COBL,14,3337381260818457596,300000,300000,1842.6656079487998,42.66560794879979,42.66560794879979,8.128368486010004
E6_popsize_N270,cec2017,18,30,SEHHO-COBL,15,5079510981659428571,300000,300000,1824.213821855647,24.213821855646984,24.213821855646984,12.418744882015744
E6_popsize_N270,cec2017,18,30,SEHHO-COBL,16,3250213297206908161,300000,300000,1848.7930127683753,48.79301276837532,48.79301276837532,15.591259802982677
E6_popsize_N270,cec2017,18,30,SEHHO-COBL,17,360557582678602525,300000,300000,1823.803987563666,23.80398756366594,23.80398756366594,15.751180673018098
E6_popsize_N270,cec2017,18,30,SEHHO-COBL,18,1083163318091173075,300000,300000,1826.5985412284056,26.598541228405566,26.598541228405566,12.036799810011871
E6_popsize_N270,cec2017,18,30,SEHHO-COBL,19,4804387746031801201,300000,300000,1829.1134270547827,29.113427054782733,29.113427054782733,12.951268048986094
E6_popsize_N270,cec2017,18,30,SEHHO-COBL,20,3957610887015794637,300000,300000,1824.9463423328675,24.946342332867516,24.946342332867516,14.509499989973847
E6_popsize_N270,cec2017,18,30,SEHHO-COBL,21,3369897450265920763,300000,300000,1827.5774723031523,27.577472303152263,27.577472303152263,12.537590589985484
E6_popsize_N270,cec2017,18,30,SEHHO-COBL,22,6575508992779165380,300000,300000,1822.8499655137812,22.84996551378117,22.84996551378117,15.355516580020776
E6_popsize_N270,cec2017,18,30,SEHHO-COBL,23,3717594734289764926,300000,300000,1824.1553584226638,24.155358422663767,24.155358422663767,14.248365192004712
E6_popsize_N270,cec2017,18,30,SEHHO-COBL,24,8581764958167684451,300000,300000,1845.5029031845017,45.50290318450175,45.50290318450175,14.998324554995634
E6_popsize_N270,cec2017,18,30,SEHHO-COBL,25,6235870478708593731,300000,300000,1859.5354753137328,59.53547531373283,59.53547531373283,14.032955186004983
E6_popsize_N270,cec2017,18,30,SEHHO-COBL,26,1079869725342373570,300000,300000,1827.9388821700297,27.93888217002973,27.93888217002973,15.735516312008258
E6_popsize_N270,cec2017,18,30,SEHHO-COBL,27,592327107912565715,300000,300000,1833.4244079921607,33.424407992160695,33.424407992160695,15.76394722700934
E6_popsize_N270,cec2017,18,30,SEHHO-COBL,28,683610088352528530,300000,300000,1839.3306573108407,39.33065731084071,39.33065731084071,10.165598701976705
E6_popsize_N270,cec2017,18,30,SEHHO-COBL,29,4683202406646216816,300000,300000,1825.1461261135064,25.146126113506398,25.146126113506398,8.471871474001091
E6_popsize_N120,cec2017,28,30,SEHHO-COBL,0,5088088274856393168,300000,300000,3213.9751657736415,413.9751657736415,413.9751657736415,19.626211401977343
E6_popsize_N120,cec2017,28,30,SEHHO-COBL,1,2818745269541518327,300000,300000,3100.000000000001,300.0000000000009,300.0000000000009,19.78088000000571
E6_popsize_N120,cec2017,28,30,SEHHO-COBL,2,2098539007530912073,300000,300000,3100.000000000001,300.0000000000009,300.0000000000009,13.69149971700972
E6_popsize_N120,cec2017,28,30,SEHHO-COBL,3,1378158109548700251,300000,300000,3203.2856806533273,403.2856806533273,403.2856806533273,10.806924270000309
E6_popsize_N120,cec2017,28,30,SEHHO-COBL,4,1062924680367275899,300000,300000,3100.000000000001,300.0000000000009,300.0000000000009,10.742589662986575
E6_popsize_N120,cec2017,28,30,SEHHO-COBL,5,4734888023394465952,300000,300000,3100.000000000001,300.0000000000009,300.0000000000009,11.37352023497806
E6_popsize_N120,cec2017,28,30,SEHHO-COBL,6,4334621806205866391,300000,300000,3100.000000000001,300.0000000000009,300.0000000000009,10.70408838998992
E6_popsize_N120,cec2017,28,30,SEHHO-COBL,7,1880037628483979377,300000,300000,3261.84504951975,461.84504951974986,461.84504951974986,12.29758649499854
E6_popsize_N120,cec2017,28,30,SEHHO-COBL,8,7396583115724304031,300000,300000,3251.7112899451404,451.7112899451404,451.7112899451404,18.453535544977058
E6_popsize_N120,cec2017,28,30,SEHHO-COBL,9,41473614434362026,300000,300000,3203.2856806533273,403.2856806533273,403.2856806533273,19.11418561899336
E6_popsize_N120,cec2017,28,30,SEHHO-COBL,10,6302095306090566925,300000,300000,3203.2856806533264,403.2856806533264,403.2856806533264,10.220136863994412
E6_popsize_N120,cec2017,28,30,SEHHO-COBL,11,2856756241330915674,300000,300000,3100.000000000001,300.0000000000009,300.0000000000009,10.726299328991445
E6_popsize_N120,cec2017,28,30,SEHHO-COBL,12,7794142449385162206,300000,300000,3203.2856806533264,403.2856806533264,403.2856806533264,18.476549189013895
E6_popsize_N120,cec2017,28,30,SEHHO-COBL,13,3785693737155816790,300000,300000,3100.000000000001,300.0000000000009,300.0000000000009,18.13780930498615
E6_popsize_N120,cec2017,28,30,SEHHO-COBL,14,5872579502553903342,300000,300000,3203.2856806533287,403.28568065332865,403.28568065332865,19.04183954600012
E6_popsize_N120,cec2017,28,30,SEHHO-COBL,15,2342918407081149571,300000,300000,3100.000000000001,300.0000000000009,300.0000000000009,19.261267979018157
E6_popsize_N120,cec2017,28,30,SEHHO-COBL,16,4182112153560341743,300000,300000,3213.9751657736415,413.9751657736415,413.9751657736415,19.06012724697939
E6_popsize_N120,cec2017,28,30,SEHHO-COBL,17,4716418918694621789,300000,300000,3213.9751657736424,413.9751657736424,413.9751657736424,18.991708840010688
E6_popsize_N120,cec2017,28,30,SEHHO-COBL,18,7372461531274058379,300000,300000,3213.9751657736415,413.9751657736415,413.9751657736415,19.006371230992954
E6_popsize_N120,cec2017,28,30,SEHHO-COBL,19,6084413812441691343,300000,300000,3213.9751657736424,413.9751657736424,413.9751657736424,18.98352905799402
E6_popsize_N120,cec2017,28,30,SEHHO-COBL,20,1180146362604232747,300000,300000,3100.000000000001,300.0000000000009,300.0000000000009,19.1927659859939
E6_popsize_N120,cec2017,28,30,SEHHO-COBL,21,5707203144308146582,300000,300000,3100.0000000000005,300.00000000000045,300.00000000000045,19.301017163001234
E6_popsize_N120,cec2017,28,30,SEHHO-COBL,22,16643252021694644,300000,300000,3213.9751657736424,413.9751657736424,413.9751657736424,19.06968427199172
E6_popsize_N120,cec2017,28,30,SEHHO-COBL,23,1920611914064532911,300000,300000,3203.2856806533273,403.2856806533273,403.2856806533273,19.212178526009666
E6_popsize_N120,cec2017,28,30,SEHHO-COBL,24,6968776564011475612,300000,300000,3213.975165773643,413.97516577364286,413.97516577364286,19.03529143499327
E6_popsize_N120,cec2017,28,30,SEHHO-COBL,25,4653074246918143249,300000,300000,3203.285680653327,403.28568065332684,403.28568065332684,19.127725194004597
E6_popsize_N120,cec2017,28,30,SEHHO-COBL,26,415851310272629860,300000,300000,3100.000000000001,300.0000000000009,300.0000000000009,19.142153205000795
E6_popsize_N120,cec2017,28,30,SEHHO-COBL,27,2070448103260320327,300000,300000,3100.000000000001,300.0000000000009,300.0000000000009,19.103860161994817
E6_popsize_N120,cec2017,28,30,SEHHO-COBL,28,5076783138819137608,300000,300000,3213.9751657736415,413.9751657736415,413.9751657736415,19.012170959002106
E6_popsize_N120,cec2017,28,30,SEHHO-COBL,29,9206172743152282087,300000,300000,3100.000000000001,300.0000000000009,300.0000000000009,19.94925233098911
E6_popsize_N270,cec2017,4,30,SEHHO-COBL,0,410204386963661673,300000,300000,458.5615573023852,58.56155730238521,58.56155730238521,16.066819027997553
E6_popsize_N270,cec2017,4,30,SEHHO-COBL,1,8939024991370724040,300000,300000,458.5615573023852,58.56155730238521,58.56155730238521,16.17557230699458
E6_popsize_N270,cec2017,4,30,SEHHO-COBL,2,5663453557662291093,300000,300000,464.11739501335506,64.11739501335506,64.11739501335506,16.1998037059966
E6_popsize_N270,cec2017,4,30,SEHHO-COBL,3,7517919023923951810,300000,300000,458.56155730238527,58.56155730238527,58.56155730238527,16.40205047299969
E6_popsize_N270,cec2017,4,30,SEHHO-COBL,4,4545545492992948559,300000,300000,458.5615573023852,58.56155730238521,58.56155730238521,16.306465201021638
E6_popsize_N270,cec2017,4,30,SEHHO-COBL,5,5243459762265420368,300000,300000,403.986623854301,3.9866238543010013,3.9866238543010013,16.052725804998772
E6_popsize_N270,cec2017,4,30,SEHHO-COBL,6,3633055316915812786,300000,300000,458.5615573023852,58.56155730238521,58.56155730238521,16.176223838992883
E6_popsize_N270,cec2017,4,30,SEHHO-COBL,7,880971573852841416,300000,300000,464.11739501335506,64.11739501335506,64.11739501335506,15.779984677996254
E6_popsize_N270,cec2017,4,30,SEHHO-COBL,8,51232965933848893,300000,300000,458.5615573023852,58.56155730238521,58.56155730238521,15.900206468009856
E6_popsize_N270,cec2017,4,30,SEHHO-COBL,9,2354508269125200193,300000,300000,458.5615573023852,58.56155730238521,58.56155730238521,16.005776615987998
E6_popsize_N270,cec2017,4,30,SEHHO-COBL,10,6593458163417096186,300000,300000,458.56155730238527,58.56155730238527,58.56155730238527,15.903167201002361
E6_popsize_N270,cec2017,4,30,SEHHO-COBL,11,2151162531445215293,300000,300000,458.5615573023852,58.56155730238521,58.56155730238521,15.774047501996392
E6_popsize_N270,cec2017,4,30,SEHHO-COBL,12,1442570790564586639,300000,300000,458.56155730238527,58.56155730238527,58.56155730238527,16.033291021973127
E6_popsize_N270,cec2017,4,30,SEHHO-COBL,13,6275605203942088084,300000,300000,400.00000000000006,0.0,5.684341886080802e-14,14.171186304010917
E6_popsize_N270,cec2017,4,30,SEHHO-COBL,14,5299461414485194447,300000,300000,458.5615573023852,58.56155730238521,58.56155730238521,11.62950195799931
E6_popsize_N270,cec2017,4,30,SEHHO-COBL,15,8089956018830092928,300000,300000,458.56155730238527,58.56155730238527,58.56155730238527,15.640509856981225
E6_popsize_N270,cec2017,4,30,SEHHO-COBL,16,5568763590415577489,300000,300000,458.5615573023852,58.56155730238521,58.56155730238521,15.75626738302526
E6_popsize_N270,cec2017,4,30,SEHHO-COBL,17,8093569728935706167,300000,300000,458.5615573023852,58.56155730238521,58.56155730238521,15.623371633002535
E6_popsize_N270,cec2017,4,30,SEHHO-COBL,18,5957630261163114662,300000,300000,464.1173950133551,64.11739501335512,64.11739501335512,15.58011295599863
E6_popsize_N270,cec2017,4,30,SEHHO-COBL,19,3532502836375099468,300000,300000,458.56155730238527,58.56155730238527,58.56155730238527,15.599886954994872
E6_popsize_N270,cec2017,4,30,SEHHO-COBL,20,7542196996816556219,300000,300000,458.5615573023852,58.56155730238521,58.56155730238521,15.529347028990742
E6_popsize_N270,cec2017,4,30,SEHHO-COBL,21,2504369693060465243,300000,300000,458.5615573023852,58.56155730238521,58.56155730238521,15.594731575023616
E6_popsize_N270,cec2017,4,30,SEHHO-COBL,22,7986890918082232035,300000,300000,458.5615573023852,58.56155730238521,58.56155730238521,15.679403957008617
E6_popsize_N270,cec2017,4,30,SEHHO-COBL,23,5552653786240902021,300000,300000,458.5615573023852,58.56155730238521,58.56155730238521,15.743175017007161
E6_popsize_N270,cec2017,4,30,SEHHO-COBL,24,6916793263497892414,300000,300000,458.5615573023852,58.56155730238521,58.56155730238521,15.70106512500206
E6_popsize_N270,cec2017,4,30,SEHHO-COBL,25,8538376803200297300,300000,300000,458.5615573023852,58.56155730238521,58.56155730238521,15.607708394003566
E6_popsize_N270,cec2017,4,30,SEHHO-COBL,26,2161297910313337206,300000,300000,458.5615573023852,58.56155730238521,58.56155730238521,16.464631451002788
E6_popsize_N270,cec2017,4,30,SEHHO-COBL,27,6081623292963907051,300000,300000,458.5615573023852,58.56155730238521,58.56155730238521,16.5783377699845
E6_popsize_N270,cec2017,4,30,SEHHO-COBL,28,5144689708977542983,300000,300000,458.5615573023852,58.56155730238521,58.56155730238521,16.267998943978455
E6_popsize_N270,cec2017,4,30,SEHHO-COBL,29,4248267315374031351,300000,300000,458.56155730238527,58.56155730238527,58.56155730238527,15.866895819985075
E6_popsize_N270,cec2017,10,30,SEHHO-COBL,0,1611867600745117063,300000,300000,4311.263339487226,3311.2633394872264,3311.2633394872264,12.489083310007118
E6_popsize_N270,cec2017,10,30,SEHHO-COBL,1,2592056244895730582,300000,300000,3958.550419532814,2958.550419532814,2958.550419532814,12.229243371024495
E6_popsize_N270,cec2017,10,30,SEHHO-COBL,2,5673142985793522581,300000,300000,3896.8825729815744,2896.8825729815744,2896.8825729815744,15.728038737986935
E6_popsize_N270,cec2017,10,30,SEHHO-COBL,3,8893495557994314601,300000,300000,3646.9097901986934,2646.9097901986934,2646.9097901986934,16.082157917990116
E6_popsize_N270,cec2017,10,30,SEHHO-COBL,4,3025042246933604486,300000,300000,4206.795686761958,3206.7956867619578,3206.7956867619578,16.064501991990255
E6_popsize_N270,cec2017,10,30,SEHHO-COBL,5,3227210144502474111,300000,300000,3411.5940647454718,2411.5940647454718,2411.5940647454718,16.01460846097325
E6_popsize_N270,cec2017,10,30,SEHHO-COBL,6,5617338027833843838,300000,300000,4283.4641090710775,3283.4641090710775,3283.4641090710775,16.062860284000635
E6_popsize_N270,cec2017,10,30,SEHHO-COBL,7,420894237390699658,300000,300000,3815.3558756016955,2815.3558756016955,2815.3558756016955,16.099501407996286
E6_popsize_N270,cec2017,10,30,SEHHO-COBL,8,2729164307433535215,300000,300000,4269.202884036269,3269.202884036269,3269.202884036269,15.576836461026687
E6_popsize_N270,cec2017,10,30,SEHHO-COBL,9,3978879317639968574,300000,300000,3969.977097868823,2969.977097868823,2969.977097868823,10.477756208012579
E6_popsize_N270,cec2017,10,30,SEHHO-COBL,10,4749333635411834818,300000,300000,3818.5303128339783,2818.5303128339783,2818.5303128339783,11.026851737988181
E6_popsize_N270,cec2017,10,30,SEHHO-COBL,11,1651044526053001641,300000,300000,4094.927266119468,3094.927266119468,3094.927266119468,16.3776921259996
E6_popsize_N270,cec2017,10,30,SEHHO-COBL,12,6162613290336224608,300000,300000,4246.80599036668,3246.80599036668,3246.80599036668,16.120004563999828
E6_popsize_N270,cec2017,10,30,SEHHO-COBL,13,1571670588912549724,300000,300000,3903.437702711044,2903.437702711044,2903.437702711044,15.866678232006961
E6_popsize_N270,cec2017,10,30,SEHHO-COBL,14,5978791641383380795,300000,300000,3994.091390894575,2994.091390894575,2994.091390894575,15.877233298990177
E6_popsize_N270,cec2017,10,30,SEHHO-COBL,15,522147833176765884,300000,300000,4292.156187504417,3292.156187504417,3292.156187504417,15.945247738010949
E6_popsize_N270,cec2017,10,30,SEHHO-COBL,16,2450004285126593025,300000,300000,3884.4304806987257,2884.4304806987257,2884.4304806987257,15.911988156003645
E6_popsize_N270,cec2017,10,30,SEHHO-COBL,17,2455744874117771448,300000,300000,4169.667292428563,3169.667292428563,3169.667292428563,15.886927260988159
E6_popsize_N270,cec2017,10,30,SEHHO-COBL,18,2375978154464145955,300000,300000,4226.9420933471865,3226.9420933471865,3226.9420933471865,15.9076107449946
E6_popsize_N270,cec2017,10,30,SEHHO-COBL,19,1337768670894666351,300000,300000,4031.685810669718,3031.685810669718,3031.685810669718,15.94546415298828
E6_popsize_N270,cec2017,10,30,SEHHO-COBL,20,8146350399863856308,300000,300000,4213.972059182688,3213.972059182688,3213.972059182688,15.867199689993868
E6_popsize_N270,cec2017,10,30,SEHHO-COBL,21,2373393928744222855,300000,300000,3536.2825792159165,2536.2825792159165,2536.2825792159165,15.855631202022778
E6_popsize_N270,cec2017,10,30,SEHHO-COBL,22,4736999958998148219,300000,300000,3291.5614967624188,2291.5614967624188,2291.5614967624188,15.991805863013724
E6_popsize_N270,cec2017,10,30,SEHHO-COBL,23,6686096800106994052,300000,300000,4226.702009772935,3226.7020097729346,3226.7020097729346,15.890483600989683
E6_popsize_N270,cec2017,10,30,SEHHO-COBL,24,1029532172022004491,300000,300000,3935.9050310035,2935.9050310035,2935.9050310035,16.030510006006807
E6_popsize_N270,cec2017,10,30,SEHHO-COBL,25,7817220085904983702,300000,300000,4181.283155155255,3181.2831551552554,3181.2831551552554,15.940753077011323
E6_popsize_N270,cec2017,10,30,SEHHO-COBL,26,2504542877893308269,300000,300000,4146.7315388722745,3146.7315388722745,3146.7315388722745,16.21198481300962
E6_popsize_N270,cec2017,10,30,SEHHO-COBL,27,748256464929226950,300000,300000,3870.5920432914627,2870.5920432914627,2870.5920432914627,16.58008608900127
E6_popsize_N270,cec2017,10,30,SEHHO-COBL,28,281185519703052522,300000,300000,3702.9976891666065,2702.9976891666065,2702.9976891666065,16.624887137993937
E6_popsize_N270,cec2017,10,30,SEHHO-COBL,29,7028313213388983148,300000,300000,4080.225810754202,3080.225810754202,3080.225810754202,16.692177830002038
E6_popsize_N270,cec2017,17,30,SEHHO-COBL,0,3618466888714299437,300000,300000,1775.9649586285013,75.96495862850134,75.96495862850134,17.247357031010324
E6_popsize_N270,cec2017,17,30,SEHHO-COBL,1,2510562604581358994,300000,300000,1759.8756341636733,59.87563416367334,59.87563416367334,17.284696826012805
E6_popsize_N270,cec2017,17,30,SEHHO-COBL,2,9009194931162579338,300000,300000,1795.7054080208518,95.70540802085179,95.70540802085179,17.276524226996116
E6_popsize_N270,cec2017,17,30,SEHHO-COBL,3,2072556296470631377,300000,300000,1820.1916096561886,120.19160965618858,120.19160965618858,17.29352539399406
E6_popsize_N270,cec2017,17,30,SEHHO-COBL,4,680847436755816944,300000,300000,1790.9714992271527,90.97149922715266,90.97149922715266,17.09538201399846
E6_popsize_N270,cec2017,17,30,SEHHO-COBL,5,1022546656225683039,300000,300000,1785.3051445137924,85.30514451379236,85.30514451379236,17.492656707996503
E6_popsize_N270,cec2017,17,30,SEHHO-COBL,6,1598241440200887984,300000,300000,1783.8881397477348,83.88813974773484,83.88813974773484,15.203184814017732
E6_popsize_N270,cec2017,17,30,SEHHO-COBL,7,8379089793305618802,300000,300000,1799.27356710291,99.27356710290996,99.27356710290996,10.472260050009936
E6_popsize_N270,cec2017,17,30,SEHHO-COBL,8,4261466216462946008,300000,300000,1786.0289505332287,86.02895053322868,86.02895053322868,9.998977925017243
E6_popsize_N270,cec2017,17,30,SEHHO-COBL,9,2552242805221337409,300000,300000,1771.5653384242073,71.56533842420731,71.56533842420731,9.541047924984014
E6_popsize_N270,cec2017,17,30,SEHHO-COBL,10,5025799251552244201,300000,300000,1831.1788506435096,131.17885064350958,131.17885064350958,11.504638070997316
E6_popsize_N270,cec2017,17,30,SEHHO-COBL,11,8719421560300330317,300000,300000,1837.031477757916,137.03147775791604,137.03147775791604,15.435765625996282
E6_popsize_N270,cec2017,17,30,SEHHO-COBL,12,1963322857742911302,300000,300000,1811.74076286393,111.74076286393006,111.74076286393006,11.2994176170032
E6_popsize_N270,cec2017,17,30,SEHHO-COBL,13,2315397985368647260,300000,300000,1797.1530358993787,97.15303589937866,97.15303589937866,10.114199797011679
E6_popsize_N270,cec2017,17,30,SEHHO-COBL,14,6759736266688802678,300000,300000,1882.1360147069838,182.13601470698381,182.13601470698381,9.598167449003085
E6_popsize_N270,cec2017,17,30,SEHHO-COBL,15,8417118114977733327,300000,300000,1796.4597538894116,96.45975388941156,96.45975388941156,9.482978188985726
E6_popsize_N270,cec2017,17,30,SEHHO-COBL,16,1725414727228728824,300000,300000,1814.332040352595,114.33204035259496,114.33204035259496,9.461144828004763
E6_popsize_N270,cec2017,17,30,SEHHO-COBL,17,1858859382197973846,300000,300000,1803.1246453195017,103.12464531950172,103.12464531950172,10.729717630019877
E6_popsize_N270,cec2017,17,30,SEHHO-COBL,18,3497407184322783682,300000,300000,1805.59639522644,105.59639522644011,105.59639522644011,16.542506223981036
E6_popsize_N270,cec2017,17,30,SEHHO-COBL,19,6159711826606210076,300000,300000,1799.824641761824,99.82464176182407,99.82464176182407,17.54390337699442
E6_popsize_N270,cec2017,17,30,SEHHO-COBL,20,1321648013980623294,300000,300000,1771.605271058176,71.60527105817596,71.60527105817596,17.56625706399791
E6_popsize_N270,cec2017,17,30,SEHHO-COBL,21,977668944154187391,300000,300000,1813.2102442980363,113.21024429803629,113.21024429803629,17.703506701014703
E6_popsize_N270,cec2017,17,30,SEHHO-COBL,22,4399142560072302597,300000,300000,1812.114754887781,112.11475488778092,112.11475488778092,16.238377635978395
E6_popsize_N270,cec2017,17,30,SEHHO-COBL,23,6561220994978308657,300000,300000,1810.2918940593793,110.29189405937927,110.29189405937927,15.223024676000932
E6_popsize_N270,cec2017,17,30,SEHHO-COBL,24,3377452241252960462,300000,300000,1818.6278052530045,118.62780525300445,118.62780525300445,17.363898226991296
E6_popsize_N270,cec2017,17,30,SEHHO-COBL,25,6967448011135371361,300000,300000,1794.947179943253,94.9471799432531,94.9471799432531,17.112181554024573
E6_popsize_N270,cec2017,17,30,SEHHO-COBL,26,5961337906325717080,300000,300000,1775.500866807704,75.50086680770391,75.50086680770391,15.67761602398241
E6_popsize_N270,cec2017,17,30,SEHHO-COBL,27,5316162297713905951,300000,300000,1798.140772410259,98.14077241025893,98.14077241025893,16.032172214007005
E6_popsize_N270,cec2017,17,30,SEHHO-COBL,28,440792436373004999,300000,300000,1764.0735893371684,64.07358933716841,64.07358933716841,17.18112986398046
E6_popsize_N270,cec2017,17,30,SEHHO-COBL,29,718313353941859670,300000,300000,1823.3872178718568,123.38721787185682,123.38721787185682,16.959881427988876
E6_popsize_N270,cec2017,16,30,SEHHO-COBL,0,3689513712359333848,300000,300000,2010.3929611768954,410.39296117689537,410.39296117689537,15.986463712004479
E6_popsize_N270,cec2017,16,30,SEHHO-COBL,1,5666096139247702600,300000,300000,1818.640382857632,218.64038285763195,218.64038285763195,16.10769228002755
E6_popsize_N270,cec2017,16,30,SEHHO-COBL,2,1954569530103360237,300000,300000,1834.8757837223986,234.87578372239864,234.87578372239864,16.1025875560008
E6_popsize_N270,cec2017,16,30,SEHHO-COBL,3,2005243111993097127,300000,300000,1868.7432338193462,268.7432338193462,268.7432338193462,16.096385562996147
E6_popsize_N270,cec2017,16,30,SEHHO-COBL,4,2817739228364731538,300000,300000,2045.4979898279926,445.49798982799257,445.49798982799257,16.033776814001612
E6_popsize_N270,cec2017,16,30,SEHHO-COBL,5,3625924173288885420,300000,300000,1930.062406098661,330.0624060986611,330.0624060986611,15.443103428988252
E6_popsize_N270,cec2017,16,30,SEHHO-COBL,6,5447745191129939628,300000,300000,1965.6891853453417,365.6891853453417,365.6891853453417,15.093357449979521
E6_popsize_N270,cec2017,16,30,SEHHO-COBL,7,3081858120215946790,300000,300000,1669.9939541533017,69.99395415330173,69.99395415330173,15.116116588993464
E6_popsize_N270,cec2017,16,30,SEHHO-COBL,8,5155340837647951600,300000,300000,2021.340359533962,421.3403595339621,421.3403595339621,16.120012317987857
E6_popsize_N270,cec2017,16,30,SEHHO-COBL,9,2818490815592726852,300000,300000,2190.3109239999226,590.3109239999226,590.3109239999226,16.09026492299745
E6_popsize_N270,cec2017,16,30,SEHHO-COBL,10,8538894885937658558,300000,300000,1731.0403058657866,131.04030586578665,131.04030586578665,15.595302916015498
E6_popsize_N270,cec2017,16,30,SEHHO-COBL,11,4372275193241988861,300000,300000,1956.7537905028967,356.75379050289666,356.75379050289666,16.027062450011726
E6_popsize_N270,cec2017,16,30,SEHHO-COBL,12,2792992672114538365,300000,300000,2039.7616102377553,439.76161023775535,439.76161023775535,16.02251346799312
E6_popsize_N270,cec2017,16,30,SEHHO-COBL,13,6596311295648437004,300000,300000,2047.782705618802,447.7827056188021,447.7827056188021,16.098810260999016
E6_popsize_N270,cec2017,16,30,SEHHO-COBL,14,5032152221720295610,300000,300000,1817.901937960304,217.90193796030394,217.90193796030394,15.903020355995977
E6_popsize_N270,cec2017,16,30,SEHHO-COBL,15,6808550211893284794,300000,300000,1999.674247803096,399.674247803096,399.674247803096,12.94674773098086
E6_popsize_N270,cec2017,16,30,SEHHO-COBL,16,2215381499260813739,300000,300000,2090.492413903253,490.4924139032528,490.4924139032528,14.105378112988546
E6_popsize_N270,cec2017,16,30,SEHHO-COBL,17,5290169744956476024,300000,300000,1980.54065751288,380.54065751288,380.54065751288,15.976145991007797
E6_popsize_N270,cec2017,16,30,SEHHO-COBL,18,1858179296796113436,300000,300000,1929.4858463418836,329.48584634188364,329.48584634188364,16.03044780899654
E6_popsize_N270,cec2017,16,30,SEHHO-COBL,19,3127086619265173240,300000,300000,2030.638955327717,430.638955327717,430.638955327717,16.035903181997128
E6_popsize_N270,cec2017,16,30,SEHHO-COBL,20,7009370315964070011,300000,300000,2037.4187511733421,437.4187511733421,437.4187511733421,13.019583904009778
E6_popsize_N270,cec2017,16,30,SEHHO-COBL,21,3309128566785239989,300000,300000,1901.2065311363724,301.2065311363724,301.2065311363724,9.017431644024327
E6_popsize_N270,cec2017,16,30,SEHHO-COBL,22,6738602477494270325,300000,300000,1810.155759364859,210.15575936485902,210.15575936485902,9.816759202978574
E6_popsize_N270,cec2017,16,30,SEHHO-COBL,23,7398479930320700092,300000,300000,2209.319168310582,609.319168310582,609.319168310582,12.469904197001597
E6_popsize_N270,cec2017,16,30,SEHHO-COBL,24,5626073923949873697,300000,300000,1878.0532083653875,278.0532083653875,278.0532083653875,11.42837232601596
E6_popsize_N270,cec2017,16,30,SEHHO-COBL,25,2042338037667014006,300000,300000,2039.0780836126196,439.0780836126196,439.0780836126196,15.513149197009625
E6_popsize_N270,cec2017,16,30,SEHHO-COBL,26,3343042786860588498,300000,300000,2036.4573674588387,436.4573674588387,436.4573674588387,14.45197575702332
E6_popsize_N270,cec2017,16,30,SEHHO-COBL,27,1769786089915348840,300000,300000,2004.2568370083877,404.2568370083877,404.2568370083877,14.24589825500152
E6_popsize_N270,cec2017,16,30,SEHHO-COBL,28,9017942301191372789,300000,300000,2044.4350460916503,444.4350460916503,444.4350460916503,13.501679007982602
E6_popsize_N270,cec2017,16,30,SEHHO-COBL,29,3824950738315429603,300000,300000,1988.0563605929392,388.0563605929392,388.0563605929392,16.111263920000056
E6_popsize_N270,cec2017,21,30,SEHHO-COBL,0,6887795873757044314,300000,300000,2340.9259034471647,240.92590344716473,240.92590344716473,17.5744257059996
E6_popsize_N270,cec2017,21,30,SEHHO-COBL,1,6291709546057441386,300000,300000,2337.808558834527,237.80855883452705,237.80855883452705,17.61955886799842
E6_popsize_N270,cec2017,21,30,SEHHO-COBL,2,5989982683287120146,300000,300000,2339.603497598371,239.60349759837118,239.60349759837118,17.60331176497857
E6_popsize_N270,cec2017,21,30,SEHHO-COBL,3,8675981275762919202,300000,300000,2335.3546552680286,235.35465526802864,235.35465526802864,17.57769848301541
E6_popsize_N270,cec2017,21,30,SEHHO-COBL,4,8815592622147315254,300000,300000,2331.0084532890132,231.00845328901323,231.00845328901323,17.613196303980658
E6_popsize_N270,cec2017,21,30,SEHHO-COBL,5,8645623607496446774,300000,300000,2338.604795283229,238.60479528322912,238.60479528322912,17.516190719004953
E6_popsize_N270,cec2017,21,30,SEHHO-COBL,6,639710306865071054,300000,300000,2334.6703699851137,234.67036998511367,234.67036998511367,17.61345187301049
E6_popsize_N270,cec2017,21,30,SEHHO-COBL,7,882298719822969859,300000,300000,2330.0484391547275,230.04843915472748,230.04843915472748,15.879971615009708
E6_popsize_N270,cec2017,21,30,SEHHO-COBL,8,6941613211957151138,300000,300000,2338.9405705184668,238.94057051846676,238.94057051846676,10.921892245998606
E6_popsize_N270,cec2017,21,30,SEHHO-COBL,9,8945685487655392007,300000,300000,2333.5168766469897,233.51687664698966,233.51687664698966,9.333116055000573
E6_popsize_N270,cec2017,21,30,SEHHO-COBL,10,1160081574864893826,300000,300000,2332.850418581432,232.85041858143222,232.85041858143222,16.75156779200188
E6_popsize_N270,cec2017,21,30,SEHHO-COBL,11,3168170566284641537,300000,300000,2315.758603291176,215.75860329117586,215.75860329117586,17.088316462002695
E6_popsize_N270,cec2017,21,30,SEHHO-COBL,12,7905850371892235353,300000,300000,2328.2204579866057,228.22045798660565,228.22045798660565,16.930755979992682
E6_popsize_N270,cec2017,21,30,SEHHO-COBL,13,8419222668575775552,300000,300000,2335.272147978989,235.27214797898887,235.27214797898887,17.004404515988426
E6_popsize_N270,cec2017,21,30,SEHHO-COBL,14,8543335368537730370,300000,300000,2330.922411194764,230.9224111947642,230.9224111947642,17.08017621500767
E6_popsize_N270,cec2017,21,30,SEHHO-COBL,15,2867525774717331038,300000,300000,2339.626739646233,239.6267396462331,239.6267396462331,17.12806302201352
E6_popsize_N270,cec2017,21,30,SEHHO-COBL,16,5223259553203163572,300000,300000,2321.2533517135926,221.25335171359256,221.25335171359256,17.06404353599646
E6_popsize_N270,cec2017,21,30,SEHHO-COBL,17,686389036529482122,300000,300000,2329.6316711960826,229.6316711960826,229.6316711960826,17.084781412006123
E6_popsize_N270,cec2017,21,30,SEHHO-COBL,18,6948178089713213057,300000,300000,2335.203417361368,235.20341736136788,235.20341736136788,17.276278776989784
E6_popsize_N270,cec2017,21,30,SEHHO-COBL,19,8090318035904438943,300000,300000,2330.001748457474,230.00174845747415,230.00174845747415,17.570919949997915
E6_popsize_N270,cec2017,21,30,SEHHO-COBL,20,9145990156992060281,300000,300000,2338.4553830768027,238.45538307680272,238.45538307680272,11.084464387997286
E6_popsize_N270,cec2017,21,30,SEHHO-COBL,21,7802545642642570743,300000,300000,2333.9418843900335,233.94188439003347,233.94188439003347,9.10946997301653
E6_popsize_N270,cec2017,21,30,SEHHO-COBL,22,6915680242503930534,300000,300000,2335.081569013098,235.08156901309803,235.08156901309803,9.958775772014633
E6_popsize_N270,cec2017,21,30,SEHHO-COBL,23,7948844907438403292,300000,300000,2339.805153169493,239.80515316949322,239.80515316949322,14.16496187998564
E6_popsize_N270,cec2017,21,30,SEHHO-COBL,24,4405551972731076968,300000,300000,2332.780663530334,232.7806635303341,232.7806635303341,9.712445512006525
E6_popsize_N270,cec2017,21,30,SEHHO-COBL,25,1129613350324747318,300000,300000,2333.9838476724826,233.98384767248263,233.98384767248263,9.44942044801428
E6_popsize_N270,cec2017,21,30,SEHHO-COBL,26,5311034157416545446,300000,300000,2341.9826486814713,241.98264868147135,241.98264868147135,15.044319143984467
E6_popsize_N270,cec2017,21,30,SEHHO-COBL,27,4184349009338255430,300000,300000,2332.1003927246024,232.10039272460244,232.10039272460244,15.610395585012157
E6_popsize_N270,cec2017,21,30,SEHHO-COBL,28,1632112931521057581,300000,300000,2339.4887206461262,239.48872064612624,239.48872064612624,15.641646688978653
E6_popsize_N270,cec2017,21,30,SEHHO-COBL,29,642382727593033864,300000,300000,2327.4063653389194,227.4063653389194,227.4063653389194,15.679172764008399
E6_popsize_N270,cec2017,24,30,SEHHO-COBL,0,8391427926987734339,300000,300000,2844.155441337503,444.1554413375029,444.1554413375029,17.86526768299518
E6_popsize_N270,cec2017,24,30,SEHHO-COBL,1,844432384104100144,300000,300000,2847.464783660321,447.4647836603208,447.4647836603208,12.54424717600341
E6_popsize_N270,cec2017,24,30,SEHHO-COBL,2,3323718843798320348,300000,300000,2858.517029565766,458.5170295657658,458.5170295657658,13.747525379993021
E6_popsize_N270,cec2017,24,30,SEHHO-COBL,3,8385394099965335297,300000,300000,2854.1377410270898,454.13774102708976,454.13774102708976,17.380407211981947
E6_popsize_N270,cec2017,24,30,SEHHO-COBL,4,5425945978445258478,300000,300000,2843.474110634209,443.47411063420896,443.47411063420896,18.08664284698898
E6_popsize_N270,cec2017,24,30,SEHHO-COBL,5,1366337014335020942,300000,300000,2857.160604317606,457.16060431760616,457.16060431760616,18.094524638989242
E6_popsize_N270,cec2017,24,30,SEHHO-COBL,6,624256524544787081,300000,300000,2845.6977100718495,445.69771007184954,445.69771007184954,17.57088533398928
E6_popsize_N270,cec2017,24,30,SEHHO-COBL,7,2682233515921550393,300000,300000,2857.426514088228,457.42651408822803,457.42651408822803,18.00637446399196
E6_popsize_N270,cec2017,24,30,SEHHO-COBL,8,6823660020609728154,300000,300000,2846.1947758912943,446.1947758912943,446.1947758912943,18.043692709004972
E6_popsize_N270,cec2017,24,30,SEHHO-COBL,9,4683477563890739024,300000,300000,2852.99531185749,452.9953118574899,452.9953118574899,18.053097107011126
E6_popsize_N270,cec2017,24,30,SEHHO-COBL,10,6715333115699944465,300000,300000,2845.9162526409805,445.9162526409805,445.9162526409805,18.02261407399783
E6_popsize_N270,cec2017,24,30,SEHHO-COBL,11,3610332056179571260,300000,300000,2855.12652963195,455.1265296319498,455.1265296319498,12.2679290100059
E6_popsize_N270,cec2017,24,30,SEHHO-COBL,12,5341335699885833467,300000,300000,2850.509359786585,450.5093597865848,450.5093597865848,17.964110723987687
E6_popsize_N270,cec2017,24,30,SEHHO-COBL,13,2481777995079344993,300000,300000,2849.089105665829,449.0891056658288,449.0891056658288,17.91008338899701
E6_popsize_N270,cec2017,24,30,SEHHO-COBL,14,1015230536199779883,300000,300000,2847.3967155036416,447.39671550364164,447.39671550364164,14.801929924986325
E6_popsize_N270,cec2017,24,30,SEHHO-COBL,15,2577230574900451541,300000,300000,2859.2014424654044,459.2014424654044,459.2014424654044,15.35403654401307
E6_popsize_N270,cec2017,24,30,SEHHO-COBL,16,527317969918251173,300000,300000,2849.0598892896533,449.05988928965326,449.05988928965326,14.854171540995594
E6_popsize_N270,cec2017,24,30,SEHHO-COBL,17,6083266010573276001,300000,300000,2858.2320619061297,458.23206190612973,458.23206190612973,15.36883409897564
E6_popsize_N270,cec2017,24,30,SEHHO-COBL,18,1552076419811072188,300000,300000,2854.847479882074,454.8474798820739,454.8474798820739,16.675352460995782
E6_popsize_N270,cec2017,24,30,SEHHO-COBL,19,8981999654123387803,300000,300000,2852.3746611994766,452.3746611994766,452.3746611994766,13.0036363019899
E6_popsize_N270,cec2017,24,30,SEHHO-COBL,20,5687374506400755654,300000,300000,2852.8619631350257,452.8619631350257,452.8619631350257,10.052230797009543
E6_popsize_N270,cec2017,24,30,SEHHO-COBL,21,6201121681957717265,300000,300000,2849.4773558608304,449.47735586083036,449.47735586083036,13.631952510011615
E6_popsize_N270,cec2017,24,30,SEHHO-COBL,22,6809819774887588713,300000,300000,2848.078732554601,448.0787325546012,448.0787325546012,10.555705300008412
E6_popsize_N270,cec2017,24,30,SEHHO-COBL,23,2249083703682759000,300000,300000,2838.583098258756,438.58309825875585,438.58309825875585,10.176090569992084
E6_popsize_N270,cec2017,24,30,SEHHO-COBL,24,2477171325954718179,300000,300000,2846.3056984797095,446.30569847970946,446.30569847970946,11.195704651006963
E6_popsize_N270,cec2017,24,30,SEHHO-COBL,25,1956497749559719724,300000,300000,2857.829729336924,457.8297293369242,457.8297293369242,12.41568987199571
E6_popsize_N270,cec2017,24,30,SEHHO-COBL,26,6575211188089903163,300000,300000,2848.7384047683204,448.7384047683204,448.7384047683204,12.469927692000056
E6_popsize_N270,cec2017,24,30,SEHHO-COBL,27,7872389922377857205,300000,300000,2841.5865451199606,441.58654511996065,441.58654511996065,14.078938543010736
E6_popsize_N270,cec2017,24,30,SEHHO-COBL,28,5526043546469341325,300000,300000,2848.117789192803,448.1177891928028,448.1177891928028,14.167428655986441
E6_popsize_N270,cec2017,24,30,SEHHO-COBL,29,748656878102321422,300000,300000,2841.3128038813575,441.31280388135747,441.31280388135747,11.874202440987574
E6_popsize_N270,cec2017,20,30,SEHHO-COBL,0,8417384971524748087,300000,300000,2089.811746073457,89.81174607345702,89.81174607345702,9.47406466101529
E6_popsize_N270,cec2017,20,30,SEHHO-COBL,1,8850202260287159767,300000,300000,2142.7945354479234,142.7945354479234,142.7945354479234,17.640893372998107
E6_popsize_N270,cec2017,20,30,SEHHO-COBL,2,4274266066391125004,300000,300000,2116.5442214532377,116.5442214532377,116.5442214532377,16.775058961997274
E6_popsize_N270,cec2017,20,30,SEHHO-COBL,3,1551808109964363630,300000,300000,2095.9559651289896,95.95596512898965,95.95596512898965,16.048420018982142
E6_popsize_N270,cec2017,20,30,SEHHO-COBL,4,864188019982791424,300000,300000,2132.7369097646388,132.73690976463877,132.73690976463877,17.520556106988806
E6_popsize_N270,cec2017,20,30,SEHHO-COBL,5,3884171827777838105,300000,300000,2113.788724028047,113.788724028047,113.788724028047,17.415683286002604
E6_popsize_N270,cec2017,20,30,SEHHO-COBL,6,2773545417504086503,300000,300000,2109.949390884869,109.94939088486899,109.94939088486899,17.456749399978435
E6_popsize_N270,cec2017,20,30,SEHHO-COBL,7,6299106161440491815,300000,300000,2102.303170409574,102.3031704095738,102.3031704095738,17.385097268008394
E6_popsize_N270,cec2017,20,30,SEHHO-COBL,8,5505049464446770397,300000,300000,2103.856404918277,103.8564049182769,103.8564049182769,17.41747037798632
E6_popsize_N270,cec2017,20,30,SEHHO-COBL,9,505306328493379807,300000,300000,2098.959742633671,98.95974263367088,98.95974263367088,17.32218142200145
E6_popsize_N270,cec2017,20,30,SEHHO-COBL,10,1176070010487421889,300000,300000,2100.7045848490943,100.70458484909432,100.70458484909432,17.329579648008803
E6_popsize_N270,cec2017,20,30,SEHHO-COBL,11,6197691906257502130,300000,300000,2095.0763803501677,95.07638035016771,95.07638035016771,17.351744982996024
E6_popsize_N270,cec2017,20,30,SEHHO-COBL,12,8512044146148143309,300000,300000,2098.1063121012485,98.10631210124848,98.10631210124848,17.326599268999416
E6_popsize_N270,cec2017,20,30,SEHHO-COBL,13,8124186562281598985,300000,300000,2116.8345226261386,116.83452262613855,116.83452262613855,17.380765613983385
E6_popsize_N270,cec2017,20,30,SEHHO-COBL,14,7112906268142264923,300000,300000,2149.776761939189,149.77676193918887,149.77676193918887,17.299021013022866
E6_popsize_N270,cec2017,20,30,SEHHO-COBL,15,6403354878580710633,300000,300000,2134.9139243230866,134.91392432308658,134.91392432308658,17.338495762000093
E6_popsize_N270,cec2017,20,30,SEHHO-COBL,16,3145008249965474768,300000,300000,2106.4694611379523,106.4694611379523,106.4694611379523,17.368130595015828
E6_popsize_N270,cec2017,20,30,SEHHO-COBL,17,2836039689083865071,300000,300000,2097.7681548639057,97.76815486390569,97.76815486390569,17.413512353989063
E6_popsize_N270,cec2017,20,30,SEHHO-COBL,18,7132747859885650747,300000,300000,2174.0145068382362,174.01450683823623,174.01450683823623,17.450492123985896
E6_popsize_N270,cec2017,20,30,SEHHO-COBL,19,6672350747191988327,300000,300000,2134.038302821681,134.0383028216811,134.0383028216811,17.343087644025218
E6_popsize_N270,cec2017,20,30,SEHHO-COBL,20,8806645881554525103,300000,300000,2091.296772307535,91.29677230753487,91.29677230753487,17.362300579989096
E6_popsize_N270,cec2017,20,30,SEHHO-COBL,21,7505691457309524631,300000,300000,2117.0454035435955,117.04540354359551,117.04540354359551,17.253973251004936
E6_popsize_N270,cec2017,20,30,SEHHO-COBL,22,321645262251864147,300000,300000,2129.8789894999686,129.8789894999686,129.8789894999686,17.398952254996402
E6_popsize_N270,cec2017,20,30,SEHHO-COBL,23,8298090757061765939,300000,300000,2096.301645840452,96.30164584045178,96.30164584045178,17.41885533501045
E6_popsize_N270,cec2017,20,30,SEHHO-COBL,24,4283041482142317535,300000,300000,2067.278989395747,67.27898939574698,67.27898939574698,17.433386599994265
E6_popsize_N270,cec2017,20,30,SEHHO-COBL,25,70869105694494425,300000,300000,2083.8918919502453,83.89189195024528,83.89189195024528,17.51048431597883
E6_popsize_N270,cec2017,20,30,SEHHO-COBL,26,8441852435714306867,300000,300000,2111.6602842180655,111.6602842180655,111.6602842180655,17.508042266010307
E6_popsize_N270,cec2017,20,30,SEHHO-COBL,27,6344982494547484654,300000,300000,2158.747673629799,158.747673629799,158.747673629799,17.55175309002516
E6_popsize_N270,cec2017,20,30,SEHHO-COBL,28,2372160223272458836,300000,300000,2210.376287662266,210.3762876622659,210.3762876622659,17.505341870011762
E6_popsize_N270,cec2017,20,30,SEHHO-COBL,29,4799872295349652679,300000,300000,2095.2924195951477,95.29241959514775,95.29241959514775,17.50635345801129
E6_popsize_N270,cec2017,22,30,SEHHO-COBL,0,70095478975551790,300000,300000,2300.000000000001,100.00000000000091,100.00000000000091,18.5901179810171
E6_popsize_N270,cec2017,22,30,SEHHO-COBL,1,2846078890814988657,300000,300000,2300.000000000001,100.00000000000091,100.00000000000091,18.543244434986264
E6_popsize_N270,cec2017,22,30,SEHHO-COBL,2,699829764626908414,300000,300000,2302.453362603273,102.45336260327304,102.45336260327304,18.24954150200938
E6_popsize_N270,cec2017,22,30,SEHHO-COBL,3,6581013500317137889,300000,300000,2300.000000000001,100.00000000000091,100.00000000000091,18.579456895007752
E6_popsize_N270,cec2017,22,30,SEHHO-COBL,4,3302260133574047915,300000,300000,2300.000000000001,100.00000000000091,100.00000000000091,18.55135195099865
E6_popsize_N270,cec2017,22,30,SEHHO-COBL,5,7539435435853026088,300000,300000,2300.000000000001,100.00000000000091,100.00000000000091,18.540081702987663
E6_popsize_N270,cec2017,22,30,SEHHO-COBL,6,3957467113413590803,300000,300000,2300.000000000001,100.00000000000091,100.00000000000091,18.575404714996694
E6_popsize_N270,cec2017,22,30,SEHHO-COBL,7,3184164834660773214,300000,300000,2381.1927971361033,181.1927971361033,181.1927971361033,18.19074915899546
E6_popsize_N270,cec2017,22,30,SEHHO-COBL,8,1676989105898836996,300000,300000,2300.000000000001,100.00000000000091,100.00000000000091,18.604539680003654
E6_popsize_N270,cec2017,22,30,SEHHO-COBL,9,4443342233553854083,300000,300000,2300.000000000001,100.00000000000091,100.00000000000091,18.561458636977477
E6_popsize_N270,cec2017,22,30,SEHHO-COBL,10,2920484286459257794,300000,300000,2300.000000000001,100.00000000000091,100.00000000000091,13.25876900201547
E6_popsize_N270,cec2017,22,30,SEHHO-COBL,11,6843464325242365636,300000,300000,2300.000000000001,100.00000000000091,100.00000000000091,10.651399845984997
E6_popsize_N270,cec2017,22,30,SEHHO-COBL,12,2258115370155838854,300000,300000,2300.000000000001,100.00000000000091,100.00000000000091,17.87154764099978
E6_popsize_N270,cec2017,22,30,SEHHO-COBL,13,1708438151924862039,300000,300000,2300.000000000001,100.00000000000091,100.00000000000091,18.576087515015388
E6_popsize_N270,cec2017,22,30,SEHHO-COBL,14,5783862627824650647,300000,300000,2300.000000000001,100.00000000000091,100.00000000000091,19.209321026020916
E6_popsize_N270,cec2017,22,30,SEHHO-COBL,15,3512761041380810233,300000,300000,2300.000000000001,100.00000000000091,100.00000000000091,19.16804019000847
E6_popsize_N270,cec2017,22,30,SEHHO-COBL,16,7787123260494078712,300000,300000,2300.000000000001,100.00000000000091,100.00000000000091,19.056737509003142
E6_popsize_N270,cec2017,22,30,SEHHO-COBL,17,2046202922847569182,300000,300000,2300.000000000001,100.00000000000091,100.00000000000091,19.26384774700273
E6_popsize_N270,cec2017,22,30,SEHHO-COBL,18,9005534460754942444,300000,300000,2300.000000000001,100.00000000000091,100.00000000000091,19.289302821009187
E6_popsize_N270,cec2017,22,30,SEHHO-COBL,19,2960057827688845087,300000,300000,2300.000000000001,100.00000000000091,100.00000000000091,19.171063780988334
E6_popsize_N270,cec2017,22,30,SEHHO-COBL,20,9119568629127127044,300000,300000,2300.000000000001,100.00000000000091,100.00000000000091,14.154781454999465
E6_popsize_N270,cec2017,22,30,SEHHO-COBL,21,5918382401375847654,300000,300000,2300.000000000001,100.00000000000091,100.00000000000091,18.30978550601867
E6_popsize_N270,cec2017,22,30,SEHHO-COBL,22,7632758272212314834,300000,300000,2302.453362603273,102.45336260327304,102.45336260327304,17.08124849500018
E6_popsize_N270,cec2017,22,30,SEHHO-COBL,23,7032242050255075484,300000,300000,2300.000000000001,100.00000000000091,100.00000000000091,16.9151365130092
E6_popsize_N270,cec2017,22,30,SEHHO-COBL,24,3277546552080916414,300000,300000,2300.0000000000005,100.00000000000045,100.00000000000045,18.89366505801445
E6_popsize_N270,cec2017,22,30,SEHHO-COBL,25,2863421573150114958,300000,300000,2300.000000000001,100.00000000000091,100.00000000000091,18.32795929297572
E6_popsize_N270,cec2017,22,30,SEHHO-COBL,26,2967925930680495348,300000,300000,2372.089690558626,172.089690558626,172.089690558626,18.78935916098999
E6_popsize_N270,cec2017,22,30,SEHHO-COBL,27,1923161755319434383,300000,300000,2300.000000000001,100.00000000000091,100.00000000000091,10.592114079976454
E6_popsize_N270,cec2017,22,30,SEHHO-COBL,28,55969424970679598,300000,300000,2300.000000000001,100.00000000000091,100.00000000000091,18.53355620300863
E6_popsize_N270,cec2017,22,30,SEHHO-COBL,29,5006006549894826498,300000,300000,2300.000000000001,100.00000000000091,100.00000000000091,11.462683410994941
E6_popsize_N270,cec2017,23,30,SEHHO-COBL,0,8679175824399093201,300000,300000,2676.9234577507727,376.92345775077274,376.92345775077274,15.286065707012312
E6_popsize_N270,cec2017,23,30,SEHHO-COBL,1,9082752764205676229,300000,300000,2685.511848755872,385.51184875587205,385.51184875587205,18.75081708098878
E6_popsize_N270,cec2017,23,30,SEHHO-COBL,2,3355637548734144995,300000,300000,2676.332742924735,376.33274292473516,376.33274292473516,18.802738254977157
E6_popsize_N270,cec2017,23,30,SEHHO-COBL,3,9153793867237972471,300000,300000,2685.2762196481654,385.27621964816535,385.27621964816535,19.11910175002413
E6_popsize_N270,cec2017,23,30,SEHHO-COBL,4,999533799335433044,300000,300000,2684.5586283773905,384.5586283773905,384.5586283773905,17.64844760199776
E6_popsize_N270,cec2017,23,30,SEHHO-COBL,5,661938228518208445,300000,300000,2678.6850221948644,378.68502219486436,378.68502219486436,17.653109074017266
E6_popsize_N270,cec2017,23,30,SEHHO-COBL,6,5542661994168025335,300000,300000,2684.136566977526,384.13656697752594,384.13656697752594,17.50241740597994
E6_popsize_N270,cec2017,23,30,SEHHO-COBL,7,7926015587872190552,300000,300000,2697.8166031098776,397.81660310987763,397.81660310987763,17.53850025299471
E6_popsize_N270,cec2017,23,30,SEHHO-COBL,8,3072224821373271435,300000,300000,2676.933297667404,376.9332976674041,376.9332976674041,17.793236609984888
E6_popsize_N270,cec2017,23,30,SEHHO-COBL,9,2216882676136953914,300000,300000,2678.873151240193,378.8731512401928,378.8731512401928,18.905410869017942
E6_popsize_N270,cec2017,23,30,SEHHO-COBL,10,7184041721133622256,300000,300000,2690.22292678215,390.2229267821499,390.2229267821499,18.856782110000495
E6_popsize_N270,cec2017,23,30,SEHHO-COBL,11,5444149524481615046,300000,300000,2690.8662939525966,390.8662939525966,390.8662939525966,18.80729766600416
E6_popsize_N270,cec2017,23,30,SEHHO-COBL,12,8766030859611611750,300000,300000,2683.2394240931635,383.2394240931635,383.2394240931635,18.67562638199888
E6_popsize_N270,cec2017,23,30,SEHHO-COBL,13,5370517151961305399,300000,300000,2685.4660202303376,385.46602023033756,385.46602023033756,18.919481540011475
E6_popsize_N270,cec2017,23,30,SEHHO-COBL,14,5224722060849356231,300000,300000,2684.888453022604,384.88845302260415,384.88845302260415,18.734790550981415
E6_popsize_N270,cec2017,23,30,SEHHO-COBL,15,8917568657749407525,300000,300000,2670.992222567069,370.9922225670689,370.9922225670689,19.463525486004073
E6_popsize_N270,cec2017,23,30,SEHHO-COBL,16,6288767329253108369,300000,300000,2689.7886915347576,389.7886915347576,389.7886915347576,19.447186670004157
E6_popsize_N270,cec2017,23,30,SEHHO-COBL,17,1729226526648726430,300000,300000,2692.397263261974,392.3972632619739,392.3972632619739,18.692376399005298
E6_popsize_N270,cec2017,23,30,SEHHO-COBL,18,1259284950884785223,300000,300000,2687.30018287719,387.30018287718985,387.30018287718985,19.344881965982495
E6_popsize_N270,cec2017,23,30,SEHHO-COBL,19,4945379713404540022,300000,300000,2683.3922492712945,383.39224927129453,383.39224927129453,19.448066860990366
E6_popsize_N270,cec2017,23,30,SEHHO-COBL,20,4303688526907626805,300000,300000,2689.7609007594156,389.76090075941556,389.76090075941556,17.19493819301715
E6_popsize_N270,cec2017,23,30,SEHHO-COBL,21,7776975143154409048,300000,300000,2691.107509375991,391.10750937599096,391.10750937599096,15.327317209012108
E6_popsize_N270,cec2017,23,30,SEHHO-COBL,22,7176381562417620841,300000,300000,2686.2503906094626,386.25039060946256,386.25039060946256,19.34572634001961
E6_popsize_N270,cec2017,23,30,SEHHO-COBL,23,482457086220840023,300000,300000,2680.8928722093865,380.8928722093865,380.8928722093865,14.77217489699251
E6_popsize_N270,cec2017,23,30,SEHHO-COBL,24,6131872484921084179,300000,300000,2681.5955768244335,381.59557682443346,381.59557682443346,12.362998232973041
E6_popsize_N270,cec2017,23,30,SEHHO-COBL,25,7300602133587785744,300000,300000,2686.557598661931,386.557598661931,386.557598661931,10.67282259700005
E6_popsize_N270,cec2017,23,30,SEHHO-COBL,26,3624139786813829417,300000,300000,2687.0512002583023,387.0512002583023,387.0512002583023,17.132260865007993
E6_popsize_N270,cec2017,23,30,SEHHO-COBL,27,5098035213201780423,300000,300000,2677.0356794595355,377.03567945953546,377.03567945953546,18.61715096401167
E6_popsize_N270,cec2017,23,30,SEHHO-COBL,28,5252921818316797332,300000,300000,2681.866358422273,381.86635842227315,381.86635842227315,19.356526657007635
E6_popsize_N270,cec2017,23,30,SEHHO-COBL,29,9200029516204307857,300000,300000,2675.7411155040572,375.74111550405723,375.74111550405723,19.18702003901126
E6_popsize_N120,cec2017,30,30,SEHHO-COBL,0,5763335087004740144,300000,300000,5372.372520535551,2372.3725205355513,2372.3725205355513,16.27658876500209
E6_popsize_N120,cec2017,30,30,SEHHO-COBL,1,2308621050789371561,300000,300000,5249.182004261756,2249.1820042617564,2249.1820042617564,17.997027642995818
E6_popsize_N120,cec2017,30,30,SEHHO-COBL,2,8756856444519058204,300000,300000,4979.43570181463,1979.4357018146302,1979.4357018146302,22.46911244399962
E6_popsize_N120,cec2017,30,30,SEHHO-COBL,3,7031727403064573772,300000,300000,5272.493248702916,2272.4932487029164,2272.4932487029164,26.952589813998202
E6_popsize_N120,cec2017,30,30,SEHHO-COBL,4,62710620833258997,300000,300000,5086.65934901217,2086.6593490121704,2086.6593490121704,27.54128309499356
E6_popsize_N120,cec2017,30,30,SEHHO-COBL,5,6617448083101431713,300000,300000,5066.294780646138,2066.294780646138,2066.294780646138,20.475963287986815
E6_popsize_N120,cec2017,30,30,SEHHO-COBL,6,6957215446629241023,300000,300000,4942.0166343924575,1942.0166343924575,1942.0166343924575,16.78233115200419
E6_popsize_N120,cec2017,30,30,SEHHO-COBL,7,2660038371877290421,300000,300000,5373.860516128223,2373.860516128223,2373.860516128223,26.475879320001695
E6_popsize_N120,cec2017,30,30,SEHHO-COBL,8,2883675754380545509,300000,300000,5369.4469562016075,2369.4469562016075,2369.4469562016075,26.19485089799855
E6_popsize_N120,cec2017,30,30,SEHHO-COBL,9,63272722573168085,300000,300000,4980.8790117939025,1980.8790117939025,1980.8790117939025,27.476050413009943
E6_popsize_N120,cec2017,30,30,SEHHO-COBL,10,502371863202470860,300000,300000,5094.452173606137,2094.452173606137,2094.452173606137,27.40314633300295
E6_popsize_N120,cec2017,30,30,SEHHO-COBL,11,2410079333986608099,300000,300000,5011.964023073122,2011.964023073122,2011.964023073122,18.825132066005608
E6_popsize_N120,cec2017,30,30,SEHHO-COBL,12,6379800211601137889,300000,300000,5270.06850042959,2270.06850042959,2270.06850042959,17.96957413101336
E6_popsize_N120,cec2017,30,30,SEHHO-COBL,13,5269904797680050782,300000,300000,5397.007602119688,2397.0076021196883,2397.0076021196883,16.278550593997352
E6_popsize_N120,cec2017,30,30,SEHHO-COBL,14,680835754375947397,300000,300000,5122.2961565681435,2122.2961565681435,2122.2961565681435,25.027873250015546
E6_popsize_N120,cec2017,30,30,SEHHO-COBL,15,1106047331055212232,300000,300000,5377.747606966703,2377.7476069667027,2377.7476069667027,22.083244424982695
E6_popsize_N120,cec2017,30,30,SEHHO-COBL,16,8563374836576533347,300000,300000,5188.817981577504,2188.817981577504,2188.817981577504,16.915498221991584
E6_popsize_N120,cec2017,30,30,SEHHO-COBL,17,8863798512305492065,300000,300000,5280.429527679542,2280.429527679542,2280.429527679542,20.708934641996166
E6_popsize_N120,cec2017,30,30,SEHHO-COBL,18,5085350476402751835,300000,300000,5091.577072279287,2091.5770722792868,2091.5770722792868,23.764029498008313
E6_popsize_N120,cec2017,30,30,SEHHO-COBL,19,2798824391577854253,300000,300000,5324.738259933595,2324.738259933595,2324.738259933595,26.04683919600211
E6_popsize_N120,cec2017,30,30,SEHHO-COBL,20,7325516435110543015,300000,300000,4984.702977260246,1984.7029772602464,1984.7029772602464,27.273329887975706
E6_popsize_N120,cec2017,30,30,SEHHO-COBL,21,5956357237774676255,300000,300000,5059.463177446523,2059.4631774465233,2059.4631774465233,25.940272959007416
E6_popsize_N120,cec2017,30,30,SEHHO-COBL,22,2259137082805954625,300000,300000,5513.63785686855,2513.6378568685504,2513.6378568685504,24.871884224994574
E6_popsize_N120,cec2017,30,30,SEHHO-COBL,23,8440522560580358524,300000,300000,5312.3909745817255,2312.3909745817255,2312.3909745817255,27.284079711011145
E6_popsize_N120,cec2017,30,30,SEHHO-COBL,24,7506247194869776380,300000,300000,4968.073551790947,1968.073551790947,1968.073551790947,22.389492808986688
E6_popsize_N120,cec2017,30,30,SEHHO-COBL,25,3933128621809246712,300000,300000,5488.605729522898,2488.6057295228984,2488.6057295228984,26.595767313003307
E6_popsize_N120,cec2017,30,30,SEHHO-COBL,26,3356670412385650064,300000,300000,5346.4136261740205,2346.4136261740205,2346.4136261740205,27.005141070025275
E6_popsize_N120,cec2017,30,30,SEHHO-COBL,27,2897728971872665311,300000,300000,4941.6574524216985,1941.6574524216985,1941.6574524216985,27.113457429019036
E6_popsize_N120,cec2017,30,30,SEHHO-COBL,28,5913762606044984704,300000,300000,5062.02589372237,2062.02589372237,2062.02589372237,23.378963212977396
E6_popsize_N120,cec2017,30,30,SEHHO-COBL,29,2884108059659413331,300000,300000,5185.600655779372,2185.6006557793717,2185.6006557793717,16.481087945983745
E6_popsize_N270,cec2017,25,30,SEHHO-COBL,0,4294703095354984679,300000,300000,2886.8520452772714,386.8520452772714,386.8520452772714,12.87972873900435
E6_popsize_N270,cec2017,25,30,SEHHO-COBL,1,8920982094364517643,300000,300000,2886.8018599786537,386.80185997865374,386.80185997865374,11.521169597981498
E6_popsize_N270,cec2017,25,30,SEHHO-COBL,2,9015159482115849445,300000,300000,2886.845845915744,386.8458459157441,386.8458459157441,17.85621024397551
E6_popsize_N270,cec2017,25,30,SEHHO-COBL,3,6336516523345905708,300000,300000,2886.87670706912,386.87670706912013,386.87670706912013,15.951780841016443
E6_popsize_N270,cec2017,25,30,SEHHO-COBL,4,1167080277163493140,300000,300000,2886.802142601613,386.802142601613,386.802142601613,17.894258006999735
E6_popsize_N270,cec2017,25,30,SEHHO-COBL,5,5436475389016893225,300000,300000,2886.847518358798,386.84751835879797,386.84751835879797,13.098318779986585
E6_popsize_N270,cec2017,25,30,SEHHO-COBL,6,25312602028544198,300000,300000,2886.813238927919,386.813238927919,386.813238927919,18.605403410998406
E6_popsize_N270,cec2017,25,30,SEHHO-COBL,7,607250616562202165,300000,300000,2886.757987357329,386.75798735732906,386.75798735732906,18.067567739024526
E6_popsize_N270,cec2017,25,30,SEHHO-COBL,8,2938246379612727718,300000,300000,2886.8447756087166,386.84477560871665,386.84477560871665,18.162566480023088
E6_popsize_N270,cec2017,25,30,SEHHO-COBL,9,2807235862973028853,300000,300000,2886.937279691238,386.937279691238,386.937279691238,18.17822597999475
E6_popsize_N270,cec2017,25,30,SEHHO-COBL,10,2284565931189266005,300000,300000,2886.8683134028624,386.86831340286244,386.86831340286244,18.189976850990206
E6_popsize_N270,cec2017,25,30,SEHHO-COBL,11,8426103572734287020,300000,300000,2887.1340159382335,387.13401593823346,387.13401593823346,18.14254126997548
E6_popsize_N270,cec2017,25,30,SEHHO-COBL,12,1698155370631227543,300000,300000,2886.7422326089627,386.7422326089627,386.7422326089627,18.120418256003177
E6_popsize_N270,cec2017,25,30,SEHHO-COBL,13,2823635641596404090,300000,300000,2886.9089630929043,386.9089630929043,386.9089630929043,18.082024214003468
E6_popsize_N270,cec2017,25,30,SEHHO-COBL,14,7305312790349736552,300000,300000,2886.8402811721776,386.8402811721776,386.8402811721776,17.757862021011533
E6_popsize_N270,cec2017,25,30,SEHHO-COBL,15,6160104675497816938,300000,300000,2886.927508121592,386.9275081215919,386.9275081215919,18.190563832002226
E6_popsize_N270,cec2017,25,30,SEHHO-COBL,16,6008617867124415915,300000,300000,2886.7709547552777,386.77095475527767,386.77095475527767,18.210467864002567
E6_popsize_N270,cec2017,25,30,SEHHO-COBL,17,5977912682405437972,300000,300000,2886.941140867003,386.941140867003,386.941140867003,16.807177042996045
E6_popsize_N270,cec2017,25,30,SEHHO-COBL,18,4700557706455472912,300000,300000,2887.020755132107,387.02075513210684,387.02075513210684,15.834090007992927
E6_popsize_N270,cec2017,25,30,SEHHO-COBL,19,1248305730037052437,300000,300000,2886.751932100351,386.75193210035104,386.75193210035104,17.954432200989686
E6_popsize_N270,cec2017,25,30,SEHHO-COBL,20,7954779194233025483,300000,300000,2886.83763118783,386.8376311878301,386.8376311878301,18.11674128897721
E6_popsize_N270,cec2017,25,30,SEHHO-COBL,21,7360783997457728269,300000,300000,2886.8021773403966,386.8021773403966,386.8021773403966,18.299219186999835
E6_popsize_N270,cec2017,25,30,SEHHO-COBL,22,4583179692710432600,300000,300000,2886.8728342165805,386.8728342165805,386.8728342165805,16.97682132999762
E6_popsize_N270,cec2017,25,30,SEHHO-COBL,23,1791348610736330022,300000,300000,2886.8353854416882,386.83538544168823,386.83538544168823,18.005703194998205
E6_popsize_N270,cec2017,25,30,SEHHO-COBL,24,1073451864063319763,300000,300000,2886.775909467114,386.77590946711416,386.77590946711416,18.040040908992523
E6_popsize_N270,cec2017,25,30,SEHHO-COBL,25,3163269425718417545,300000,300000,2886.7693114798153,386.7693114798153,386.7693114798153,17.959396360995015
E6_popsize_N270,cec2017,25,30,SEHHO-COBL,26,3777296186655114959,300000,300000,2886.816812837318,386.81681283731814,386.81681283731814,18.08926181899733
E6_popsize_N270,cec2017,25,30,SEHHO-COBL,27,3365403787948782502,300000,300000,2886.825318972047,386.82531897204717,386.82531897204717,11.98879287901218
E6_popsize_N270,cec2017,25,30,SEHHO-COBL,28,7577950571780999485,300000,300000,2886.833831737793,386.83383173779293,386.83383173779293,12.899981575988932
E6_popsize_N270,cec2017,25,30,SEHHO-COBL,29,6971024180854677595,300000,300000,2886.851282951743,386.8512829517431,386.8512829517431,15.774579630000517
E6_popsize_N270,cec2017,27,30,SEHHO-COBL,0,2499382592673882559,300000,300000,3215.1263380285964,515.1263380285964,515.1263380285964,18.96607886799029
E6_popsize_N270,cec2017,27,30,SEHHO-COBL,1,3400429810447470966,300000,300000,3212.201024719714,512.201024719714,512.201024719714,15.404535761015723
E6_popsize_N270,cec2017,27,30,SEHHO-COBL,2,3921613576152344929,300000,300000,3198.576342986719,498.5763429867188,498.5763429867188,19.433589508000296
E6_popsize_N270,cec2017,27,30,SEHHO-COBL,3,307313476846511352,300000,300000,3196.3777915345627,496.3777915345627,496.3777915345627,14.790100316982716
E6_popsize_N270,cec2017,27,30,SEHHO-COBL,4,6626247564975161956,300000,300000,3211.866737083147,511.8667370831472,511.8667370831472,15.982999594998546
E6_popsize_N270,cec2017,27,30,SEHHO-COBL,5,6217785188325220946,300000,300000,3190.893286597574,490.89328659757393,490.89328659757393,20.29292860502028
E6_popsize_N270,cec2017,27,30,SEHHO-COBL,6,7807937033453834602,300000,300000,3186.8524948002214,486.8524948002214,486.8524948002214,20.091431985987583
E6_popsize_N270,cec2017,27,30,SEHHO-COBL,7,3711758474551083373,300000,300000,3196.7542587942235,496.75425879422346,496.75425879422346,20.1761358169897
E6_popsize_N270,cec2017,27,30,SEHHO-COBL,8,6610028425556037670,300000,300000,3195.5948905944497,495.5948905944497,495.5948905944497,13.219865534978453
E6_popsize_N270,cec2017,27,30,SEHHO-COBL,9,4901111203735982866,300000,300000,3204.5553584640493,504.5553584640493,504.5553584640493,11.298581688984996
E6_popsize_N270,cec2017,27,30,SEHHO-COBL,10,5456752194518959392,300000,300000,3209.9242344240292,509.92423442402924,509.92423442402924,11.490258570003789
E6_popsize_N270,cec2017,27,30,SEHHO-COBL,11,2361314325947252196,300000,300000,3196.9724130141512,496.97241301415124,496.97241301415124,11.176901373983128
E6_popsize_N270,cec2017,27,30,SEHHO-COBL,12,8841278033468212269,300000,300000,3196.1386478565983,496.13864785659825,496.13864785659825,18.388240087020677
E6_popsize_N270,cec2017,27,30,SEHHO-COBL,13,2846620337160784201,300000,300000,3198.239374397692,498.2393743976918,498.2393743976918,21.081284726999
E6_popsize_N270,cec2017,27,30,SEHHO-COBL,14,8752325047811873423,300000,300000,3207.9078091564797,507.90780915647974,507.90780915647974,20.11389900499489
E6_popsize_N270,cec2017,27,30,SEHHO-COBL,15,3027108536016462835,300000,300000,3212.608831671435,512.6088316714349,512.6088316714349,20.859089764999226
E6_popsize_N270,cec2017,27,30,SEHHO-COBL,16,1050960890530103570,300000,300000,3196.7029975015535,496.70299750155345,496.70299750155345,20.80657428500126
E6_popsize_N270,cec2017,27,30,SEHHO-COBL,17,5606743252132882113,300000,300000,3203.204043733871,503.204043733871,503.204043733871,20.407956112001557
E6_popsize_N270,cec2017,27,30,SEHHO-COBL,18,4949597985044608876,300000,300000,3210.7972864051844,510.7972864051844,510.7972864051844,20.4171732699906
E6_popsize_N270,cec2017,27,30,SEHHO-COBL,19,3627129400377338501,300000,300000,3220.112265377913,520.112265377913,520.112265377913,19.255442822992336
E6_popsize_N270,cec2017,27,30,SEHHO-COBL,20,1647792852219147872,300000,300000,3204.0454831153384,504.04548311533836,504.04548311533836,19.556535066018114
E6_popsize_N270,cec2017,27,30,SEHHO-COBL,21,170675784778239714,300000,300000,3197.7490184087665,497.74901840876646,497.74901840876646,16.035994262987515
E6_popsize_N270,cec2017,27,30,SEHHO-COBL,22,6235428359187282615,300000,300000,3202.7171486590346,502.7171486590346,502.7171486590346,11.33060693598236
E6_popsize_N270,cec2017,27,30,SEHHO-COBL,23,8156666207546481528,300000,300000,3211.64553409577,511.64553409577,511.64553409577,11.438227189995814
E6_popsize_N270,cec2017,27,30,SEHHO-COBL,24,6282189246075326956,300000,300000,3211.3802084724107,511.3802084724107,511.3802084724107,11.192767872998957
E6_popsize_N270,cec2017,27,30,SEHHO-COBL,25,1386814858035116407,300000,300000,3198.7755930823523,498.7755930823523,498.7755930823523,11.330280633992516
E6_popsize_N270,cec2017,27,30,SEHHO-COBL,26,5778662477368213042,300000,300000,3203.1596892187636,503.15968921876356,503.15968921876356,16.01586305501405
E6_popsize_N270,cec2017,27,30,SEHHO-COBL,27,1868315115233792588,300000,300000,3199.7126703026042,499.71267030260424,499.71267030260424,12.07020952401217
E6_popsize_N270,cec2017,27,30,SEHHO-COBL,28,6030449678174831899,300000,300000,3197.06187289002,497.0618728900199,497.0618728900199,16.17837581600179
E6_popsize_N270,cec2017,27,30,SEHHO-COBL,29,6714088708962692952,300000,300000,3218.0046566847423,518.0046566847423,518.0046566847423,13.226537538022967
E6_popsize_N540,cec2017,8,30,SEHHO-COBL,0,8970091906574557916,300000,300000,859.3972669853063,59.39726698530626,59.39726698530626,8.188124203996267
E6_popsize_N540,cec2017,8,30,SEHHO-COBL,1,4310072916217053707,300000,300000,868.4803824084998,68.48038240849985,68.48038240849985,8.227863529988099
E6_popsize_N540,cec2017,8,30,SEHHO-COBL,2,2145203848408980844,300000,300000,856.044232102002,56.044232102001956,56.044232102001956,8.190219604002777
E6_popsize_N540,cec2017,8,30,SEHHO-COBL,3,7475320253318389706,300000,300000,867.641462556606,67.64146255660603,67.64146255660603,8.229290024988586
E6_popsize_N540,cec2017,8,30,SEHHO-COBL,4,1947023419750910907,300000,300000,852.1565311675779,52.156531167577896,52.156531167577896,11.821609056001762
E6_popsize_N540,cec2017,8,30,SEHHO-COBL,5,2898851550659631525,300000,300000,855.250720760658,55.250720760658055,55.250720760658055,12.257314240996493
E6_popsize_N540,cec2017,8,30,SEHHO-COBL,6,4623869981971606645,300000,300000,863.490268122937,63.49026812293698,63.49026812293698,8.199991531990236
E6_popsize_N540,cec2017,8,30,SEHHO-COBL,7,5427186512550779790,300000,300000,865.662028263461,65.66202826346102,65.66202826346102,12.260845604003407
E6_popsize_N540,cec2017,8,30,SEHHO-COBL,8,8058365928729490773,300000,300000,863.8285383022123,63.82853830221234,63.82853830221234,9.946669174009003
E6_popsize_N540,cec2017,8,30,SEHHO-COBL,9,7895859257942378299,300000,300000,878.1649446797423,78.16494467974235,78.16494467974235,10.394155795976985
E6_popsize_N540,cec2017,8,30,SEHHO-COBL,10,5187899069548366020,300000,300000,857.7366076204233,57.73660762042334,57.73660762042334,8.123923889012076
E6_popsize_N540,cec2017,8,30,SEHHO-COBL,11,7722134470398266905,300000,300000,853.4824767053027,53.4824767053027,53.4824767053027,8.05372516301577
E6_popsize_N540,cec2017,8,30,SEHHO-COBL,12,6130967700776610155,300000,300000,860.146791888186,60.146791888186044,60.146791888186044,8.27431649697246
E6_popsize_N540,cec2017,8,30,SEHHO-COBL,13,3319482238688927521,300000,300000,866.7607795414726,66.76077954147263,66.76077954147263,8.035880643990822
E6_popsize_N540,cec2017,8,30,SEHHO-COBL,14,7731204155605833670,300000,300000,857.7842593679098,57.78425936790984,57.78425936790984,8.221913048997521
E6_popsize_N540,cec2017,8,30,SEHHO-COBL,15,4174509850573636432,300000,300000,865.1214360959762,65.12143609597615,65.12143609597615,12.751280480006244
E6_popsize_N540,cec2017,8,30,SEHHO-COBL,16,5206442717878922822,300000,300000,863.9723400625267,63.972340062526655,63.972340062526655,10.83545537298778
E6_popsize_N540,cec2017,8,30,SEHHO-COBL,17,4481698761794651591,300000,300000,863.0482999015417,63.04829990154167,63.04829990154167,8.23244525300106
E6_popsize_N540,cec2017,8,30,SEHHO-COBL,18,4504295944890405630,300000,300000,848.6560193958784,48.65601939587839,48.65601939587839,8.142395223985659
E6_popsize_N540,cec2017,8,30,SEHHO-COBL,19,459628060397535739,300000,300000,865.2505474249369,65.25054742493694,65.25054742493694,8.627762696007267
E6_popsize_N540,cec2017,8,30,SEHHO-COBL,20,1200028007300253017,300000,300000,851.9711749901712,51.97117499017122,51.97117499017122,8.226329602999613
E6_popsize_N540,cec2017,8,30,SEHHO-COBL,21,391021670952926998,300000,300000,865.8394477217419,65.83944772174186,65.83944772174186,8.49192461601342
E6_popsize_N540,cec2017,8,30,SEHHO-COBL,22,1281459685058600480,300000,300000,875.429835664687,75.42983566468695,75.42983566468695,9.319664184993599
E6_popsize_N540,cec2017,8,30,SEHHO-COBL,23,5014820406391146691,300000,300000,857.5802162823918,57.5802162823918,57.5802162823918,16.022943494986976
E6_popsize_N540,cec2017,8,30,SEHHO-COBL,24,4298281834641192200,300000,300000,858.910845426585,58.910845426584956,58.910845426584956,15.789754943019943
E6_popsize_N540,cec2017,8,30,SEHHO-COBL,25,6353940713912962526,300000,300000,857.069715859173,57.069715859173016,57.069715859173016,11.090915438020602
E6_popsize_N540,cec2017,8,30,SEHHO-COBL,26,7027028704983821481,300000,300000,847.3840990154812,47.38409901548118,47.38409901548118,10.595624273002613
E6_popsize_N540,cec2017,8,30,SEHHO-COBL,27,1587572153812128234,300000,300000,867.381156880159,67.38115688015898,67.38115688015898,10.472439926990774
E6_popsize_N540,cec2017,8,30,SEHHO-COBL,28,6475854770581285465,300000,300000,867.882680669435,67.88268066943499,67.88268066943499,14.208392569009447
E6_popsize_N540,cec2017,8,30,SEHHO-COBL,29,7119549735010827587,300000,300000,857.5519070731671,57.55190707316706,57.55190707316706,7.955371339980047
E6_popsize_N540,cec2017,13,30,SEHHO-COBL,0,8848108853776633415,300000,300000,1380.7231296330106,80.72312963301056,80.72312963301056,8.433598028001143
E6_popsize_N540,cec2017,13,30,SEHHO-COBL,1,296148351686083454,300000,300000,1365.7758506737962,65.77585067379619,65.77585067379619,8.04391362098977
E6_popsize_N540,cec2017,13,30,SEHHO-COBL,2,8831492770185149238,300000,300000,1369.2098123668322,69.20981236683224,69.20981236683224,9.861226326000178
E6_popsize_N540,cec2017,13,30,SEHHO-COBL,3,1058177359727879805,300000,300000,1355.0563544478746,55.05635444787458,55.05635444787458,8.431274850008776
E6_popsize_N540,cec2017,13,30,SEHHO-COBL,4,5894276663212655013,300000,300000,1378.630585765332,78.63058576533194,78.63058576533194,8.085785997012863
E6_popsize_N540,cec2017,13,30,SEHHO-COBL,5,7127504821969731550,300000,300000,1448.085680406099,148.08568040609907,148.08568040609907,8.06642136600567
E6_popsize_N540,cec2017,13,30,SEHHO-COBL,6,5202378869765040749,300000,300000,1368.9749460874693,68.97494608746933,68.97494608746933,8.148097338998923
E6_popsize_N540,cec2017,13,30,SEHHO-COBL,7,4389736518400541072,300000,300000,1385.5146353210273,85.5146353210273,85.5146353210273,8.38198399002431
E6_popsize_N540,cec2017,13,30,SEHHO-COBL,8,4631584806192343315,300000,300000,1462.7664377770466,162.76643777704658,162.76643777704658,8.06917084401357
E6_popsize_N540,cec2017,13,30,SEHHO-COBL,9,2952606391898029605,300000,300000,1621.4456079344905,321.44560793449045,321.44560793449045,8.156747633009218
E6_popsize_N540,cec2017,13,30,SEHHO-COBL,10,2372442276353339976,300000,300000,1388.6325613821625,88.63256138216252,88.63256138216252,8.064503269008128
E6_popsize_N540,cec2017,13,30,SEHHO-COBL,11,6358244219991551473,300000,300000,1349.6931590127592,49.693159012759224,49.693159012759224,8.046729833004065
E6_popsize_N540,cec2017,13,30,SEHHO-COBL,12,3646292684145359182,300000,300000,1351.3360038499732,51.33600384997317,51.33600384997317,8.351678448991152
E6_popsize_N540,cec2017,13,30,SEHHO-COBL,13,2415779343266799905,300000,300000,1384.8326469372876,84.83264693728756,84.83264693728756,8.210919780016411
E6_popsize_N540,cec2017,13,30,SEHHO-COBL,14,1370398789131292115,300000,300000,1403.4393978608268,103.43939786082683,103.43939786082683,8.105740254017292
E6_popsize_N540,cec2017,13,30,SEHHO-COBL,15,1081694196092301890,300000,300000,1378.8761706383514,78.87617063835137,78.87617063835137,8.100184764014557
E6_popsize_N540,cec2017,13,30,SEHHO-COBL,16,6920292689966887013,300000,300000,1364.3462892347786,64.34628923477862,64.34628923477862,8.113027791987406
E6_popsize_N540,cec2017,13,30,SEHHO-COBL,17,2829024815636963238,300000,300000,1392.027391295489,92.027391295489,92.027391295489,8.16102028801106
E6_popsize_N540,cec2017,13,30,SEHHO-COBL,18,8153232427362725532,300000,300000,1443.5855842558972,143.58558425589717,143.58558425589717,8.126203705003718
E6_popsize_N540,cec2017,13,30,SEHHO-COBL,19,236981930818245011,300000,300000,1371.3533753452666,71.35337534526661,71.35337534526661,7.993587558012223
E6_popsize_N540,cec2017,13,30,SEHHO-COBL,20,8880101184480969790,300000,300000,1426.8302703722118,126.83027037221177,126.83027037221177,8.097015920007834
E6_popsize_N540,cec2017,13,30,SEHHO-COBL,21,448340383193729354,300000,300000,1398.0561857862638,98.05618578626377,98.05618578626377,8.023573009006213
E6_popsize_N540,cec2017,13,30,SEHHO-COBL,22,6109509263711666370,300000,300000,1384.9849591760178,84.98495917601781,84.98495917601781,10.505372836021706
E6_popsize_N540,cec2017,13,30,SEHHO-COBL,23,5655843444532871754,300000,300000,1383.0403357372938,83.04033573729384,83.04033573729384,10.518138339015422
E6_popsize_N540,cec2017,13,30,SEHHO-COBL,24,6901992322163160130,300000,300000,1364.6693038054239,64.66930380542385,64.66930380542385,8.646418025979074
E6_popsize_N540,cec2017,13,30,SEHHO-COBL,25,1863983891279127443,300000,300000,1414.7988205536385,114.7988205536385,114.7988205536385,8.264423191983951
E6_popsize_N540,cec2017,13,30,SEHHO-COBL,26,5821834698842052780,300000,300000,1608.549674183188,308.549674183188,308.549674183188,9.259254430013243
E6_popsize_N540,cec2017,13,30,SEHHO-COBL,27,4368097541725783214,300000,300000,1475.9660493029796,175.96604930297963,175.96604930297963,10.000363033002941
E6_popsize_N540,cec2017,13,30,SEHHO-COBL,28,1423326293035984752,300000,300000,1355.5438347947309,55.543834794730856,55.543834794730856,8.482409629999893
E6_popsize_N540,cec2017,13,30,SEHHO-COBL,29,544795889595040554,300000,300000,1472.9599805991165,172.95998059911653,172.95998059911653,14.276335212984122
E6_popsize_N540,cec2017,7,30,SEHHO-COBL,0,8458273982536768195,300000,300000,791.4933256104973,91.49332561049732,91.49332561049732,8.666972968989285
E6_popsize_N540,cec2017,7,30,SEHHO-COBL,1,6768394781719188954,300000,300000,808.6807697834305,108.68076978343049,108.68076978343049,8.390094461996341
E6_popsize_N540,cec2017,7,30,SEHHO-COBL,2,4453762964279178261,300000,300000,787.5392239637829,87.53922396378289,87.53922396378289,8.000259321997873
E6_popsize_N540,cec2017,7,30,SEHHO-COBL,3,7097137331642749830,300000,300000,796.6759570975538,96.6759570975538,96.6759570975538,8.100514913006919
E6_popsize_N540,cec2017,7,30,SEHHO-COBL,4,3732624603537039532,300000,300000,793.1529059880119,93.15290598801187,93.15290598801187,8.004924812004901
E6_popsize_N540,cec2017,7,30,SEHHO-COBL,5,4936668064217924278,300000,300000,797.1518210814991,97.15182108149907,97.15182108149907,8.214569164003478
E6_popsize_N540,cec2017,7,30,SEHHO-COBL,6,1983007246995913094,300000,300000,809.1659613550977,109.16596135509769,109.16596135509769,9.423154532996705
E6_popsize_N540,cec2017,7,30,SEHHO-COBL,7,7355809353538431920,300000,300000,796.3185560296416,96.31855602964163,96.31855602964163,14.96425592599553
E6_popsize_N540,cec2017,7,30,SEHHO-COBL,8,8824807653506645717,300000,300000,787.4903192021301,87.49031920213008,87.49031920213008,15.044616861996474
E6_popsize_N540,cec2017,7,30,SEHHO-COBL,9,4466476548824826552,300000,300000,801.0014350159324,101.00143501593243,101.00143501593243,14.83097099600127
E6_popsize_N540,cec2017,7,30,SEHHO-COBL,10,5217758559768877434,300000,300000,807.0080227815192,107.00802278151923,107.00802278151923,11.52477266601636
E6_popsize_N540,cec2017,7,30,SEHHO-COBL,11,2348915449272880565,300000,300000,802.602608669742,102.60260866974204,102.60260866974204,13.695993316010572
E6_popsize_N540,cec2017,7,30,SEHHO-COBL,12,9216054100750174259,300000,300000,808.5850008842082,108.58500088420817,108.58500088420817,9.58050439998624
E6_popsize_N540,cec2017,7,30,SEHHO-COBL,13,6159044198190434107,300000,300000,792.4089840667749,92.4089840667749,92.4089840667749,12.780097109003691
E6_popsize_N540,cec2017,7,30,SEHHO-COBL,14,2704067294522492349,300000,300000,788.523865191184,88.52386519118397,88.52386519118397,14.478510104003362
E6_popsize_N540,cec2017,7,30,SEHHO-COBL,15,7908843469316982393,300000,300000,802.0278593014123,102.02785930141226,102.02785930141226,8.541913846012903
E6_popsize_N540,cec2017,7,30,SEHHO-COBL,16,2767737479962404422,300000,300000,801.707347352047,101.70734735204701,101.70734735204701,8.181917172012618
E6_popsize_N540,cec2017,7,30,SEHHO-COBL,17,5438958139524979664,300000,300000,800.1650760953445,100.16507609534449,100.16507609534449,8.36420565500157
E6_popsize_N540,cec2017,7,30,SEHHO-COBL,18,6791736283635539841,300000,300000,792.5807820983741,92.58078209837413,92.58078209837413,8.3559483870049
E6_popsize_N540,cec2017,7,30,SEHHO-COBL,19,1924384565542073305,300000,300000,803.8002936223115,103.80029362231153,103.80029362231153,13.057115578994853
E6_popsize_N540,cec2017,7,30,SEHHO-COBL,20,8210910965816547314,300000,300000,812.5713531670269,112.57135316702693,112.57135316702693,15.356973391986685
E6_popsize_N540,cec2017,7,30,SEHHO-COBL,21,3210032408215618571,300000,300000,799.8757451047798,99.87574510477975,99.87574510477975,8.828281622001668
E6_popsize_N540,cec2017,7,30,SEHHO-COBL,22,6471645950015062388,300000,300000,801.0085521750906,101.00855217509059,101.00855217509059,10.47094905000995
E6_popsize_N540,cec2017,7,30,SEHHO-COBL,23,5984623614963548158,300000,300000,789.576534535398,89.57653453539797,89.57653453539797,8.79357708999305
E6_popsize_N540,cec2017,7,30,SEHHO-COBL,24,1457760089684509614,300000,300000,798.4261798911518,98.42617989115183,98.42617989115183,9.05701932500233
E6_popsize_N540,cec2017,7,30,SEHHO-COBL,25,835729129129696373,300000,300000,791.9706837065888,91.97068370658883,91.97068370658883,10.320406621001894
E6_popsize_N540,cec2017,7,30,SEHHO-COBL,26,2999685975568003904,300000,300000,793.1614323444361,93.1614323444361,93.1614323444361,7.915657652018126
E6_popsize_N540,cec2017,7,30,SEHHO-COBL,27,1211378442316100660,300000,300000,801.8583099945808,101.85830999458085,101.85830999458085,8.089083642000332
E6_popsize_N540,cec2017,7,30,SEHHO-COBL,28,6400335761975616901,300000,300000,803.2361060363866,103.23610603638656,103.23610603638656,11.56981973699294
E6_popsize_N540,cec2017,7,30,SEHHO-COBL,29,2734839244864013747,300000,300000,791.3391938936072,91.33919389360722,91.33919389360722,14.768595172994537
E6_popsize_N270,cec2017,26,30,SEHHO-COBL,0,7866225507234343611,300000,300000,3873.575564999491,1273.5755649994908,1273.5755649994908,20.34314826800255
E6_popsize_N270,cec2017,26,30,SEHHO-COBL,1,8620173068529480473,300000,300000,3801.6572323041682,1201.6572323041682,1201.6572323041682,20.44061891498859
E6_popsize_N270,cec2017,26,30,SEHHO-COBL,2,7089593608865835793,300000,300000,3883.771443727034,1283.7714437270338,1283.7714437270338,17.3850142529991
E6_popsize_N270,cec2017,26,30,SEHHO-COBL,3,7726258718232793541,300000,300000,3815.0829099465386,1215.0829099465386,1215.0829099465386,14.511162148002768
E6_popsize_N270,cec2017,26,30,SEHHO-COBL,4,966529976335971869,300000,300000,3813.72080655104,1213.72080655104,1213.72080655104,10.987148921994958
E6_popsize_N270,cec2017,26,30,SEHHO-COBL,5,6588811814122446558,300000,300000,3844.19525333711,1244.19525333711,1244.19525333711,11.377619943988975
E6_popsize_N270,cec2017,26,30,SEHHO-COBL,6,2765370150425239554,300000,300000,3971.502511115849,1371.5025111158488,1371.5025111158488,11.266701915999874
E6_popsize_N270,cec2017,26,30,SEHHO-COBL,7,654015534864064382,300000,300000,3926.9955882946883,1326.9955882946883,1326.9955882946883,11.107400025997777
E6_popsize_N270,cec2017,26,30,SEHHO-COBL,8,6272597773326497485,300000,300000,3924.765259813957,1324.765259813957,1324.765259813957,18.68716825998854
E6_popsize_N270,cec2017,26,30,SEHHO-COBL,9,5209440529500113288,300000,300000,3886.829664855777,1286.829664855777,1286.829664855777,20.064120378985535
E6_popsize_N270,cec2017,26,30,SEHHO-COBL,10,3157381676379510481,300000,300000,3844.9554232332493,1244.9554232332493,1244.9554232332493,20.062024638988078
E6_popsize_N270,cec2017,26,30,SEHHO-COBL,11,6177726710393254958,300000,300000,3857.2696946247797,1257.2696946247797,1257.2696946247797,14.095709579007234
E6_popsize_N270,cec2017,26,30,SEHHO-COBL,12,3626535192533491437,300000,300000,3910.129961663883,1310.129961663883,1310.129961663883,13.506096212018747
E6_popsize_N270,cec2017,26,30,SEHHO-COBL,13,1140520466177906817,300000,300000,3768.0737848768604,1168.0737848768604,1168.0737848768604,15.810239835001994
E6_popsize_N270,cec2017,26,30,SEHHO-COBL,14,8375852644253810752,300000,300000,3918.173874395532,1318.173874395532,1318.173874395532,19.809745701000793
E6_popsize_N270,cec2017,26,30,SEHHO-COBL,15,2251315690338705003,300000,300000,3937.3271671682332,1337.3271671682332,1337.3271671682332,19.638352582987864
E6_popsize_N270,cec2017,26,30,SEHHO-COBL,16,5920357584592898811,300000,300000,3854.1859821438848,1254.1859821438848,1254.1859821438848,18.119122225005412
E6_popsize_N270,cec2017,26,30,SEHHO-COBL,17,7212762300649194040,300000,300000,3818.013325704892,1218.013325704892,1218.013325704892,11.197397176001687
E6_popsize_N270,cec2017,26,30,SEHHO-COBL,18,2245539170198996026,300000,300000,3810.889941035569,1210.8899410355689,1210.8899410355689,19.087404899008106
E6_popsize_N270,cec2017,26,30,SEHHO-COBL,19,5657450171499806259,300000,300000,3920.7046904752424,1320.7046904752424,1320.7046904752424,19.945572288997937
E6_popsize_N270,cec2017,26,30,SEHHO-COBL,20,7330559968814065456,300000,300000,3924.830363356168,1324.8303633561682,1324.8303633561682,19.55124137600069
E6_popsize_N270,cec2017,26,30,SEHHO-COBL,21,6440060410605029180,300000,300000,3866.569214247405,1266.569214247405,1266.569214247405,19.922103180986596
E6_popsize_N270,cec2017,26,30,SEHHO-COBL,22,1483674115301715568,300000,300000,3814.8020120801148,1214.8020120801148,1214.8020120801148,20.057422406011028
E6_popsize_N270,cec2017,26,30,SEHHO-COBL,23,7976510940391909408,300000,300000,3852.9915302942572,1252.9915302942572,1252.9915302942572,20.003681108995806
E6_popsize_N270,cec2017,26,30,SEHHO-COBL,24,5578382448960128981,300000,300000,3883.1640192267573,1283.1640192267573,1283.1640192267573,19.941117362992372
E6_popsize_N270,cec2017,26,30,SEHHO-COBL,25,6813991886089660179,300000,300000,3984.0823578703958,1384.0823578703958,1384.0823578703958,20.00740931200562
E6_popsize_N270,cec2017,26,30,SEHHO-COBL,26,4082270936532483387,300000,300000,3712.512571653833,1112.5125716538332,1112.5125716538332,15.802629690995673
E6_popsize_N270,cec2017,26,30,SEHHO-COBL,27,6007473986881401699,300000,300000,3914.530837457027,1314.5308374570268,1314.5308374570268,19.969841990008717
E6_popsize_N270,cec2017,26,30,SEHHO-COBL,28,1956869356733604013,300000,300000,3919.5607829426926,1319.5607829426926,1319.5607829426926,19.596460911008762
E6_popsize_N270,cec2017,26,30,SEHHO-COBL,29,8799905359659325938,300000,300000,3800.709766131984,1200.709766131984,1200.709766131984,11.096157610008959
E6_popsize_N540,cec2017,1,30,SEHHO-COBL,0,4849814075043466380,300000,300000,100.00000000000001,0.0,1.4210854715202004e-14,12.390472873987164
E6_popsize_N540,cec2017,1,30,SEHHO-COBL,1,1880984862927272660,300000,300000,100.00000000000001,0.0,1.4210854715202004e-14,8.527084020985058
E6_popsize_N540,cec2017,1,30,SEHHO-COBL,2,182592714414270829,300000,300000,100.00000000000001,0.0,1.4210854715202004e-14,15.347067522001453
E6_popsize_N540,cec2017,1,30,SEHHO-COBL,3,939016094189383323,300000,300000,100.00000000000001,0.0,1.4210854715202004e-14,9.692238821997307
E6_popsize_N540,cec2017,1,30,SEHHO-COBL,4,6946325709557738618,300000,300000,100.0,0.0,0.0,8.381933074997505
E6_popsize_N540,cec2017,1,30,SEHHO-COBL,5,4770781774227707652,300000,300000,100.00000000000001,0.0,1.4210854715202004e-14,10.889753716008272
E6_popsize_N540,cec2017,1,30,SEHHO-COBL,6,6602696050603197081,300000,300000,100.00000000000001,0.0,1.4210854715202004e-14,12.72585815700586
E6_popsize_N540,cec2017,1,30,SEHHO-COBL,7,5951154598173266643,300000,300000,100.00000000000001,0.0,1.4210854715202004e-14,16.407538555999054
E6_popsize_N540,cec2017,1,30,SEHHO-COBL,8,732300437398185601,300000,300000,100.00000000000001,0.0,1.4210854715202004e-14,11.97043960497831
E6_popsize_N540,cec2017,1,30,SEHHO-COBL,9,3222620980297269941,300000,300000,100.00000000000001,0.0,1.4210854715202004e-14,16.059924347006017
E6_popsize_N540,cec2017,1,30,SEHHO-COBL,10,2802273966404512903,300000,300000,100.00000000000001,0.0,1.4210854715202004e-14,11.657311707996996
E6_popsize_N540,cec2017,1,30,SEHHO-COBL,11,1515006823217100318,300000,300000,100.00000000000001,0.0,1.4210854715202004e-14,13.686962778010638
E6_popsize_N540,cec2017,1,30,SEHHO-COBL,12,7939962451653592676,300000,300000,100.00000000000001,0.0,1.4210854715202004e-14,14.931982302980032
E6_popsize_N540,cec2017,1,30,SEHHO-COBL,13,1323765509295804673,300000,300000,100.00000000000001,0.0,1.4210854715202004e-14,14.887364497000817
E6_popsize_N540,cec2017,1,30,SEHHO-COBL,14,5607299156428991262,300000,300000,100.00000000000001,0.0,1.4210854715202004e-14,14.624041545001091
E6_popsize_N540,cec2017,1,30,SEHHO-COBL,15,5960351025852527626,300000,300000,100.00000000000001,0.0,1.4210854715202004e-14,16.43305295202299
E6_popsize_N540,cec2017,1,30,SEHHO-COBL,16,1311956032094483200,300000,300000,100.00000000000001,0.0,1.4210854715202004e-14,16.1783868369821
E6_popsize_N540,cec2017,1,30,SEHHO-COBL,17,8078209835235927749,300000,300000,100.00000000000001,0.0,1.4210854715202004e-14,16.67327836199547
E6_popsize_N540,cec2017,1,30,SEHHO-COBL,18,76833010235192851,300000,300000,100.00000000000001,0.0,1.4210854715202004e-14,16.752371568989474
E6_popsize_N540,cec2017,1,30,SEHHO-COBL,19,3841347060924862515,300000,300000,100.00000000000001,0.0,1.4210854715202004e-14,16.852757885993924
E6_popsize_N540,cec2017,1,30,SEHHO-COBL,20,7506141933805750997,300000,300000,100.00000000000001,0.0,1.4210854715202004e-14,11.787598505994538
E6_popsize_N540,cec2017,1,30,SEHHO-COBL,21,7234872024006291149,300000,300000,100.00000000000001,0.0,1.4210854715202004e-14,12.553031572024338
E6_popsize_N540,cec2017,1,30,SEHHO-COBL,22,1445007142638388898,300000,300000,100.00000000000001,0.0,1.4210854715202004e-14,8.57636404200457
E6_popsize_N540,cec2017,1,30,SEHHO-COBL,23,38593574291238049,300000,300000,100.00000000000001,0.0,1.4210854715202004e-14,10.623989225015976
E6_popsize_N540,cec2017,1,30,SEHHO-COBL,24,1045924288255557510,300000,300000,100.00000000000001,0.0,1.4210854715202004e-14,9.30279733001953
E6_popsize_N540,cec2017,1,30,SEHHO-COBL,25,3938836979782541962,300000,300000,100.00000000000001,0.0,1.4210854715202004e-14,8.044795936002629
E6_popsize_N540,cec2017,1,30,SEHHO-COBL,26,3081716576851912019,300000,300000,100.00000000000001,0.0,1.4210854715202004e-14,8.17384427099023
E6_popsize_N540,cec2017,1,30,SEHHO-COBL,27,669993395815622425,300000,300000,100.00000000000001,0.0,1.4210854715202004e-14,7.978536598995561
E6_popsize_N540,cec2017,1,30,SEHHO-COBL,28,7392091553217529116,300000,300000,100.00000000000001,0.0,1.4210854715202004e-14,7.99626858701231
E6_popsize_N540,cec2017,1,30,SEHHO-COBL,29,5933664741110832291,300000,300000,100.00000000000001,0.0,1.4210854715202004e-14,7.955325333023211
E6_popsize_N540,cec2017,4,30,SEHHO-COBL,0,3818797333822902468,300000,300000,458.56155730238527,58.56155730238527,58.56155730238527,13.8565057060041
E6_popsize_N540,cec2017,4,30,SEHHO-COBL,1,3534081722491975381,300000,300000,400.00000000000006,0.0,5.684341886080802e-14,16.46619830900454
E6_popsize_N540,cec2017,4,30,SEHHO-COBL,2,1007856529850785354,300000,300000,458.5615573023852,58.56155730238521,58.56155730238521,16.044311281992123
E6_popsize_N540,cec2017,4,30,SEHHO-COBL,3,6889911331607722848,300000,300000,458.56155730238527,58.56155730238527,58.56155730238527,16.24147392300074
E6_popsize_N540,cec2017,4,30,SEHHO-COBL,4,4482713385007582739,300000,300000,458.5615573023852,58.56155730238521,58.56155730238521,15.621893189003458
E6_popsize_N540,cec2017,4,30,SEHHO-COBL,5,366211716096578265,300000,300000,458.5615573023852,58.56155730238521,58.56155730238521,9.554936685977736
E6_popsize_N540,cec2017,4,30,SEHHO-COBL,6,6650846052389952672,300000,300000,458.56155730238527,58.56155730238527,58.56155730238527,13.850047782994807
E6_popsize_N540,cec2017,4,30,SEHHO-COBL,7,2076205364449784485,300000,300000,458.5615573023852,58.56155730238521,58.56155730238521,16.41023427201435
E6_popsize_N540,cec2017,4,30,SEHHO-COBL,8,3058682413108674208,300000,300000,458.5615573023852,58.56155730238521,58.56155730238521,16.53134483899339
E6_popsize_N540,cec2017,4,30,SEHHO-COBL,9,3818490370662100207,300000,300000,458.5615573023852,58.56155730238521,58.56155730238521,16.755920105002588
E6_popsize_N540,cec2017,4,30,SEHHO-COBL,10,5219376411572992507,300000,300000,458.5615573023852,58.56155730238521,58.56155730238521,16.726030483987415
E6_popsize_N540,cec2017,4,30,SEHHO-COBL,11,201105538745896162,300000,300000,458.56155730238527,58.56155730238527,58.56155730238527,16.38270573000773
E6_popsize_N540,cec2017,4,30,SEHHO-COBL,12,8081808650243435743,300000,300000,458.5615573023852,58.56155730238521,58.56155730238521,16.33006352299708
E6_popsize_N540,cec2017,4,30,SEHHO-COBL,13,5957169066546541637,300000,300000,458.5615573023852,58.56155730238521,58.56155730238521,16.826235039014136
E6_popsize_N540,cec2017,4,30,SEHHO-COBL,14,4938684451753007257,300000,300000,458.5615573023852,58.56155730238521,58.56155730238521,15.4311609089782
E6_popsize_N540,cec2017,4,30,SEHHO-COBL,15,250376784239628315,300000,300000,458.5615573023852,58.56155730238521,58.56155730238521,10.724511325999629
E6_popsize_N540,cec2017,4,30,SEHHO-COBL,16,953193322478989432,300000,300000,458.5615573023852,58.56155730238521,58.56155730238521,8.797710112005007
E6_popsize_N540,cec2017,4,30,SEHHO-COBL,17,3783506258355915468,300000,300000,458.56155730238527,58.56155730238527,58.56155730238527,8.724136474978877
E6_popsize_N540,cec2017,4,30,SEHHO-COBL,18,9160815685657139190,300000,300000,458.5615573023852,58.56155730238521,58.56155730238521,8.530987923993962
E6_popsize_N540,cec2017,4,30,SEHHO-COBL,19,8939048136207978819,300000,300000,458.5615573023852,58.56155730238521,58.56155730238521,9.066193864011439
E6_popsize_N540,cec2017,4,30,SEHHO-COBL,20,1303694200500368192,300000,300000,458.56155730238527,58.56155730238527,58.56155730238527,13.415792257001158
E6_popsize_N540,cec2017,4,30,SEHHO-COBL,21,8247422847242441120,300000,300000,458.5615573023852,58.56155730238521,58.56155730238521,10.432658853009343
E6_popsize_N540,cec2017,4,30,SEHHO-COBL,22,1739575745588186482,300000,300000,458.5615573023852,58.56155730238521,58.56155730238521,11.179198852973059
E6_popsize_N540,cec2017,4,30,SEHHO-COBL,23,5394033470877533339,300000,300000,458.56155730238527,58.56155730238527,58.56155730238527,12.984402186993975
E6_popsize_N540,cec2017,4,30,SEHHO-COBL,24,8154091817382553617,300000,300000,464.11739501335506,64.11739501335506,64.11739501335506,8.34294384601526
E6_popsize_N540,cec2017,4,30,SEHHO-COBL,25,2873780578825664731,300000,300000,464.11739501335506,64.11739501335506,64.11739501335506,8.335366412997246
E6_popsize_N540,cec2017,4,30,SEHHO-COBL,26,2149950505838941215,300000,300000,458.56155730238527,58.56155730238527,58.56155730238527,8.25216676297714
E6_popsize_N540,cec2017,4,30,SEHHO-COBL,27,4813007735880091028,300000,300000,458.5615573023852,58.56155730238521,58.56155730238521,8.190030379017117
E6_popsize_N540,cec2017,4,30,SEHHO-COBL,28,2566991038495159221,300000,300000,458.5615573023852,58.56155730238521,58.56155730238521,7.9350110219966155
E6_popsize_N540,cec2017,4,30,SEHHO-COBL,29,4938731403035012857,300000,300000,458.56155730238527,58.56155730238527,58.56155730238527,7.883860272995662
E6_popsize_N540,cec2017,5,30,SEHHO-COBL,0,6052987311206492437,300000,300000,578.668580399594,78.66858039959402,78.66858039959402,14.878810032998445
E6_popsize_N540,cec2017,5,30,SEHHO-COBL,1,4347384333581646753,300000,300000,565.5636311605733,65.56363116057332,65.56363116057332,14.964441705000354
E6_popsize_N540,cec2017,5,30,SEHHO-COBL,2,6139704572297467758,300000,300000,573.6349247725321,73.63492477253214,73.63492477253214,14.908723439002642
E6_popsize_N540,cec2017,5,30,SEHHO-COBL,3,3203949713061572486,300000,300000,555.4108818663196,55.41088186631964,55.41088186631964,14.922708869999042
E6_popsize_N540,cec2017,5,30,SEHHO-COBL,4,5696101201750112948,300000,300000,556.7515063426232,56.7515063426232,56.7515063426232,15.050795621005818
E6_popsize_N540,cec2017,5,30,SEHHO-COBL,5,6516373966984595895,300000,300000,565.0810573816411,65.08105738164113,65.08105738164113,14.94344965199707
E6_popsize_N540,cec2017,5,30,SEHHO-COBL,6,4030662154251661199,300000,300000,563.2808051744745,63.280805174474494,63.280805174474494,14.975136524008121
E6_popsize_N540,cec2017,5,30,SEHHO-COBL,7,943481436285305755,300000,300000,564.578232209456,64.57823220945602,64.57823220945602,14.993556672998238
E6_popsize_N540,cec2017,5,30,SEHHO-COBL,8,4337008064652457811,300000,300000,565.19864832493,65.19864832492999,65.19864832492999,15.026778113999171
E6_popsize_N540,cec2017,5,30,SEHHO-COBL,9,4517681434996593412,300000,300000,555.9392728632073,55.93927286320729,55.93927286320729,15.493029872013722
E6_popsize_N540,cec2017,5,30,SEHHO-COBL,10,7227681672142949348,300000,300000,542.6449231992998,42.6449231992998,42.6449231992998,15.564809393021278
E6_popsize_N540,cec2017,5,30,SEHHO-COBL,11,6656296457494726708,300000,300000,571.749299088015,71.74929908801505,71.74929908801505,15.551979519019369
E6_popsize_N540,cec2017,5,30,SEHHO-COBL,12,4459209255691468488,300000,300000,543.908143793588,43.90814379358801,43.90814379358801,15.651621658995282
E6_popsize_N540,cec2017,5,30,SEHHO-COBL,13,4141735901395484249,300000,300000,552.521184152556,52.521184152555975,52.521184152555975,15.661404095997568
E6_popsize_N540,cec2017,5,30,SEHHO-COBL,14,177356259692776752,300000,300000,560.2551282357912,60.255128235791176,60.255128235791176,15.638050834997557
E6_popsize_N540,cec2017,5,30,SEHHO-COBL,15,2586585996385202615,300000,300000,566.379752745212,66.37975274521204,66.37975274521204,15.581971901992802
E6_popsize_N540,cec2017,5,30,SEHHO-COBL,16,2710124302112381711,300000,300000,562.9607175470512,62.96071754705122,62.96071754705122,15.446825290011475
E6_popsize_N540,cec2017,5,30,SEHHO-COBL,17,5906134059189160188,300000,300000,568.0012268695409,68.00122686954091,68.00122686954091,15.451294272002997
E6_popsize_N540,cec2017,5,30,SEHHO-COBL,18,3391895237607360767,300000,300000,565.1894510287464,65.18945102874636,65.18945102874636,12.864418192999437
E6_popsize_N540,cec2017,5,30,SEHHO-COBL,19,5615471573332762855,300000,300000,559.4519672542345,59.451967254234546,59.451967254234546,9.839325629000086
E6_popsize_N540,cec2017,5,30,SEHHO-COBL,20,6777596068095128679,300000,300000,557.2889799290178,57.28897992901784,57.28897992901784,8.38154687001952
E6_popsize_N540,cec2017,5,30,SEHHO-COBL,21,1466631871549141653,300000,300000,565.5334565967072,65.5334565967072,65.5334565967072,7.685865821986226
E6_popsize_N540,cec2017,5,30,SEHHO-COBL,22,8869369804045173660,300000,300000,559.2775657438973,59.2775657438973,59.2775657438973,7.589982751989737
E6_popsize_N540,cec2017,5,30,SEHHO-COBL,23,7433887072466235934,300000,300000,571.9444221837199,71.9444221837199,71.9444221837199,7.57050086199888
E6_popsize_N540,cec2017,5,30,SEHHO-COBL,24,4561832858473358971,300000,300000,567.9230415441496,67.92304154414956,67.92304154414956,7.549774267012253
E6_popsize_N540,cec2017,5,30,SEHHO-COBL,25,7095708074385261899,300000,300000,574.1548443353377,74.15484433533766,74.15484433533766,7.524375739012612
E6_popsize_N540,cec2017,5,30,SEHHO-COBL,26,7073698997390661031,300000,300000,559.9462639971803,59.94626399718027,59.94626399718027,7.487473743996816
E6_popsize_N540,cec2017,5,30,SEHHO-COBL,27,1230812705075289151,300000,300000,568.3377045069336,68.33770450693362,68.33770450693362,7.425594773027115
E6_popsize_N540,cec2017,5,30,SEHHO-COBL,28,2530690236992011614,300000,300000,556.6394292843883,56.63942928438826,56.63942928438826,7.42384683599812
E6_popsize_N540,cec2017,5,30,SEHHO-COBL,29,1104866504494237620,300000,300000,564.8746732692141,64.8746732692141,64.8746732692141,7.350574826006778
E6_popsize_N540,cec2017,3,30,SEHHO-COBL,0,2922747382211822137,300000,300000,300.00000000000006,0.0,5.684341886080802e-14,8.472319233987946
E6_popsize_N540,cec2017,3,30,SEHHO-COBL,1,6684622244620685451,300000,300000,300.0000000000001,0.0,1.1368683772161603e-13,8.270927189994836
E6_popsize_N540,cec2017,3,30,SEHHO-COBL,2,2093131817344981653,300000,300000,300.01583179899467,0.015831798994668134,0.015831798994668134,7.850160033995053
E6_popsize_N540,cec2017,3,30,SEHHO-COBL,3,731490810638481894,300000,300000,300.4475165484076,0.4475165484075774,0.4475165484075774,10.06950275201234
E6_popsize_N540,cec2017,3,30,SEHHO-COBL,4,6659973629373550805,300000,300000,300.0000000000001,0.0,1.1368683772161603e-13,8.55983864699374
E6_popsize_N540,cec2017,3,30,SEHHO-COBL,5,892761130149156776,300000,300000,300.00000000000006,0.0,5.684341886080802e-14,8.201379656005884
E6_popsize_N540,cec2017,3,30,SEHHO-COBL,6,2845108766855556619,300000,300000,300.00000000000006,0.0,5.684341886080802e-14,12.642537760984851
E6_popsize_N540,cec2017,3,30,SEHHO-COBL,7,7072484923709279823,300000,300000,300.000001227456,1.2274559821889852e-06,1.2274559821889852e-06,14.929690134013072
E6_popsize_N540,cec2017,3,30,SEHHO-COBL,8,2358811203576533377,300000,300000,300.00000000000006,0.0,5.684341886080802e-14,11.906072145997314
E6_popsize_N540,cec2017,3,30,SEHHO-COBL,9,5893741304729644861,300000,300000,300.00000000000006,0.0,5.684341886080802e-14,9.051165165001294
E6_popsize_N540,cec2017,3,30,SEHHO-COBL,10,4766704780041500187,300000,300000,300.00000000000006,0.0,5.684341886080802e-14,8.447496416018112
E6_popsize_N540,cec2017,3,30,SEHHO-COBL,11,6018587782209645285,300000,300000,300.00000000000006,0.0,5.684341886080802e-14,13.086326908000046
E6_popsize_N540,cec2017,3,30,SEHHO-COBL,12,9018536956447495495,300000,300000,300.00000016923696,1.6923695511650294e-07,1.6923695511650294e-07,15.861162887013052
E6_popsize_N540,cec2017,3,30,SEHHO-COBL,13,5704814973720948057,300000,300000,300.00115765296596,0.0011576529659578227,0.0011576529659578227,15.728924258000916
E6_popsize_N540,cec2017,3,30,SEHHO-COBL,14,8267579444212694440,300000,300000,300.00000000000006,0.0,5.684341886080802e-14,16.406585748976795
E6_popsize_N540,cec2017,3,30,SEHHO-COBL,15,7484069171836515486,300000,300000,300.0000348375757,3.483757569711088e-05,3.483757569711088e-05,15.95311095600482
E6_popsize_N540,cec2017,3,30,SEHHO-COBL,16,7418404593670398010,300000,300000,300.0010903628546,0.0010903628545975153,0.0010903628545975153,15.80114045800292
E6_popsize_N540,cec2017,3,30,SEHHO-COBL,17,1752885420385965923,300000,300000,300.00003591347775,3.591347774545284e-05,3.591347774545284e-05,15.924452373001259
E6_popsize_N540,cec2017,3,30,SEHHO-COBL,18,7731234852229718721,300000,300000,300.00000000000006,0.0,5.684341886080802e-14,16.37037559298915
E6_popsize_N540,cec2017,3,30,SEHHO-COBL,19,1807711787992965152,300000,300000,300.00000000000006,0.0,5.684341886080802e-14,16.311881950998213
E6_popsize_N540,cec2017,3,30,SEHHO-COBL,20,5758257192415290196,300000,300000,300.00000000000006,0.0,5.684341886080802e-14,16.45883477802272
E6_popsize_N540,cec2017,3,30,SEHHO-COBL,21,3891174124959021370,300000,300000,300.00000000000006,0.0,5.684341886080802e-14,16.30026286901557
E6_popsize_N540,cec2017,3,30,SEHHO-COBL,22,7877020983132769315,300000,300000,300.00000000000006,0.0,5.684341886080802e-14,16.17887997199432
E6_popsize_N540,cec2017,3,30,SEHHO-COBL,23,6242799137419233378,300000,300000,300.00000000000006,0.0,5.684341886080802e-14,16.13218900701031
E6_popsize_N540,cec2017,3,30,SEHHO-COBL,24,384758973004876353,300000,300000,300.00000000000006,0.0,5.684341886080802e-14,15.990588468994247
E6_popsize_N540,cec2017,3,30,SEHHO-COBL,25,7636977095290304559,300000,300000,300.0000000000001,0.0,1.1368683772161603e-13,15.772642666997854
E6_popsize_N540,cec2017,3,30,SEHHO-COBL,26,2621854932212445904,300000,300000,300.00000000000006,0.0,5.684341886080802e-14,15.532490424986463
E6_popsize_N540,cec2017,3,30,SEHHO-COBL,27,3898366445213667664,300000,300000,300.00000531645014,5.316450142345275e-06,5.316450142345275e-06,15.169579153007362
E6_popsize_N540,cec2017,3,30,SEHHO-COBL,28,2936075724574155079,300000,300000,300.00000000000006,0.0,5.684341886080802e-14,8.890066585998284
E6_popsize_N540,cec2017,3,30,SEHHO-COBL,29,1717684981462107602,300000,300000,300.00000000000006,0.0,5.684341886080802e-14,7.8949347639863845
E6_popsize_N540,cec2017,15,30,SEHHO-COBL,0,1275125761836998106,300000,300000,1542.2639022831506,42.26390228315063,42.26390228315063,16.013118996983394
E6_popsize_N540,cec2017,15,30,SEHHO-COBL,1,4748805899730751055,300000,300000,1517.0074997491847,17.007499749184717,17.007499749184717,15.990104200987844
E6_popsize_N540,cec2017,15,30,SEHHO-COBL,2,4608875377879227330,300000,300000,1517.8144035378555,17.81440353785547,17.81440353785547,16.130176713020774
E6_popsize_N540,cec2017,15,30,SEHHO-COBL,3,3462897366521752155,300000,300000,1519.0581476113157,19.05814761131569,19.05814761131569,14.126739698986057
E6_popsize_N540,cec2017,15,30,SEHHO-COBL,4,5433615629247423149,300000,300000,1509.6810952512353,9.68109525123532,9.68109525123532,9.417828053003177
E6_popsize_N540,cec2017,15,30,SEHHO-COBL,5,2895858097734502968,300000,300000,1506.6390688552945,6.639068855294454,6.639068855294454,8.531458365992876
E6_popsize_N540,cec2017,15,30,SEHHO-COBL,6,8126244137695562700,300000,300000,1532.493352391706,32.49335239170591,32.49335239170591,8.187582508020569
E6_popsize_N540,cec2017,15,30,SEHHO-COBL,7,8319963075312105273,300000,300000,1504.5803620542436,4.580362054243551,4.580362054243551,8.258155376010109
E6_popsize_N540,cec2017,15,30,SEHHO-COBL,8,5302286767085396275,300000,300000,1514.3507780680275,14.350778068027466,14.350778068027466,9.182187541999156
E6_popsize_N540,cec2017,15,30,SEHHO-COBL,9,7935588979629980834,300000,300000,1533.0438202892208,33.043820289220776,33.043820289220776,10.947928799985675
E6_popsize_N540,cec2017,15,30,SEHHO-COBL,10,8014419678160857247,300000,300000,1511.6763203122496,11.676320312249572,11.676320312249572,11.265602142986609
E6_popsize_N540,cec2017,15,30,SEHHO-COBL,11,7592427373778786469,300000,300000,1528.281111793336,28.281111793336095,28.281111793336095,14.127301413012901
E6_popsize_N540,cec2017,15,30,SEHHO-COBL,12,7467743208199830875,300000,300000,1520.2818750809774,20.281875080977443,20.281875080977443,9.933067383011803
E6_popsize_N540,cec2017,15,30,SEHHO-COBL,13,94956158313747553,300000,300000,1524.3248389714283,24.324838971428335,24.324838971428335,10.641868289007107
E6_popsize_N540,cec2017,15,30,SEHHO-COBL,14,56554189099303925,300000,300000,1546.7025048560897,46.70250485608972,46.70250485608972,10.521424142993055
E6_popsize_N540,cec2017,15,30,SEHHO-COBL,15,7720245399671670765,300000,300000,1505.2529263421743,5.252926342174305,5.252926342174305,13.745161075989017
E6_popsize_N540,cec2017,15,30,SEHHO-COBL,16,7889745127036696185,300000,300000,1526.6214166380482,26.62141663804823,26.62141663804823,15.536275683989516
E6_popsize_N540,cec2017,15,30,SEHHO-COBL,17,7272248350916989405,300000,300000,1525.0043047844802,25.004304784480155,25.004304784480155,15.694707621005364
E6_popsize_N540,cec2017,15,30,SEHHO-COBL,18,1129964456388415529,300000,300000,1568.7996643782099,68.79966437820985,68.79966437820985,13.742890797002474
E6_popsize_N540,cec2017,15,30,SEHHO-COBL,19,7940921082479226225,300000,300000,1507.9487702906222,7.948770290622178,7.948770290622178,7.91438874299638
E6_popsize_N540,cec2017,15,30,SEHHO-COBL,20,2208772021156198227,300000,300000,1519.5626803686312,19.562680368631163,19.562680368631163,7.907371781009715
E6_popsize_N540,cec2017,15,30,SEHHO-COBL,21,8989655523778560851,300000,300000,1529.0755289855183,29.075528985518304,29.075528985518304,7.619052966998424
E6_popsize_N540,cec2017,15,30,SEHHO-COBL,22,4156495003717998155,300000,300000,1507.7075763618066,7.707576361806559,7.707576361806559,7.715895925997756
E6_popsize_N540,cec2017,15,30,SEHHO-COBL,23,8011236433432573636,300000,300000,1512.050690429586,12.050690429585984,12.050690429585984,7.575078586989548
E6_popsize_N540,cec2017,15,30,SEHHO-COBL,24,1155880324343118997,300000,300000,1698.527702711489,198.52770271148893,198.52770271148893,7.682689514011145
E6_popsize_N540,cec2017,15,30,SEHHO-COBL,25,2653091269384998543,300000,300000,1555.2998394295778,55.29983942957779,55.29983942957779,7.502797074994305
E6_popsize_N540,cec2017,15,30,SEHHO-COBL,26,957580955093866971,300000,300000,1543.399008671779,43.39900867177903,43.39900867177903,7.845498601003783
E6_popsize_N540,cec2017,15,30,SEHHO-COBL,27,6028896087914854708,300000,300000,1521.9926163633631,21.99261636336314,21.99261636336314,7.7057240169961005
E6_popsize_N540,cec2017,15,30,SEHHO-COBL,28,107049585375444742,300000,300000,1517.1768447087848,17.176844708784756,17.176844708784756,7.759788021008717
E6_popsize_N540,cec2017,15,30,SEHHO-COBL,29,5275367040026682168,300000,300000,1510.7453276280096,10.74532762800959,10.74532762800959,7.46948517501005
E6_popsize_N540,cec2017,10,30,SEHHO-COBL,0,1218095769313753388,300000,300000,5001.518117850477,4001.518117850477,4001.518117850477,9.462078709999332
E6_popsize_N540,cec2017,10,30,SEHHO-COBL,1,8319480661577119738,300000,300000,5117.3534106831885,4117.3534106831885,4117.3534106831885,15.063401065010112
E6_popsize_N540,cec2017,10,30,SEHHO-COBL,2,4804222423226447186,300000,300000,4853.801993098037,3853.801993098037,3853.801993098037,13.667373036005301
E6_popsize_N540,cec2017,10,30,SEHHO-COBL,3,1930466585651256061,300000,300000,5121.904438127916,4121.904438127916,4121.904438127916,8.66275916597806
E6_popsize_N540,cec2017,10,30,SEHHO-COBL,4,7133264746230646111,300000,300000,5074.597125380582,4074.597125380582,4074.597125380582,12.510136075987248
E6_popsize_N540,cec2017,10,30,SEHHO-COBL,5,1200896894676511533,300000,300000,5241.826815905028,4241.826815905028,4241.826815905028,16.324472275999142
E6_popsize_N540,cec2017,10,30,SEHHO-COBL,6,4946943491138344752,300000,300000,4868.928634457594,3868.928634457594,3868.928634457594,9.443475236999802
E6_popsize_N540,cec2017,10,30,SEHHO-COBL,7,6692188393957046395,300000,300000,5122.918383937467,4122.918383937467,4122.918383937467,9.23567569599254
E6_popsize_N540,cec2017,10,30,SEHHO-COBL,8,6022954246620000015,300000,300000,5073.5113275570475,4073.5113275570475,4073.5113275570475,9.069067233009264
E6_popsize_N540,cec2017,10,30,SEHHO-COBL,9,6753298631153836347,300000,300000,5006.790851848476,4006.7908518484764,4006.7908518484764,8.97247261798475
E6_popsize_N540,cec2017,10,30,SEHHO-COBL,10,3364195855026553165,300000,300000,4840.300737202657,3840.300737202657,3840.300737202657,8.986434966005618
E6_popsize_N540,cec2017,10,30,SEHHO-COBL,11,2526377252816270161,300000,300000,4864.720182652227,3864.720182652227,3864.720182652227,12.344476081983885
E6_popsize_N540,cec2017,10,30,SEHHO-COBL,12,5868198024313370582,300000,300000,5292.827554245792,4292.827554245792,4292.827554245792,16.400900055014063
E6_popsize_N540,cec2017,10,30,SEHHO-COBL,13,4556156392389894430,300000,300000,5052.002081986851,4052.0020819868514,4052.0020819868514,16.41014221002115
E6_popsize_N540,cec2017,10,30,SEHHO-COBL,14,7480871532362646334,300000,300000,4501.327729367602,3501.327729367602,3501.327729367602,16.28674815001432
E6_popsize_N540,cec2017,10,30,SEHHO-COBL,15,4074662122635094723,300000,300000,4922.9046257317295,3922.9046257317295,3922.9046257317295,16.485954514995683
E6_popsize_N540,cec2017,10,30,SEHHO-COBL,16,12473249515070715,300000,300000,5117.306291027982,4117.306291027982,4117.306291027982,15.458318667020649
E6_popsize_N540,cec2017,10,30,SEHHO-COBL,17,3388012961830846141,300000,300000,4727.755256171002,3727.7552561710017,3727.7552561710017,16.084578978974605
E6_popsize_N540,cec2017,10,30,SEHHO-COBL,18,6898237141589850040,300000,300000,5429.039181167871,4429.039181167871,4429.039181167871,10.486475170997437
E6_popsize_N540,cec2017,10,30,SEHHO-COBL,19,6791310284837630921,300000,300000,4728.733115458788,3728.7331154587882,3728.7331154587882,16.304076702013845
E6_popsize_N540,cec2017,10,30,SEHHO-COBL,20,5778773986684228502,300000,300000,5244.0091493071395,4244.0091493071395,4244.0091493071395,9.967082802002551
E6_popsize_N540,cec2017,10,30,SEHHO-COBL,21,5620654989569494377,300000,300000,5166.568667601692,4166.568667601692,4166.568667601692,8.323467295005685
E6_popsize_N540,cec2017,10,30,SEHHO-COBL,22,1761276061703822663,300000,300000,4969.085847240252,3969.0858472402524,3969.0858472402524,8.184539690992096
E6_popsize_N540,cec2017,10,30,SEHHO-COBL,23,5688997609502789550,300000,300000,5273.380732902853,4273.380732902853,4273.380732902853,8.188545253011398
E6_popsize_N540,cec2017,10,30,SEHHO-COBL,24,8578122417952708039,300000,300000,5152.712540838325,4152.712540838325,4152.712540838325,8.014119778992608
E6_popsize_N540,cec2017,10,30,SEHHO-COBL,25,327885695596770698,300000,300000,5088.278024642708,4088.2780246427083,4088.2780246427083,8.047684423014289
E6_popsize_N540,cec2017,10,30,SEHHO-COBL,26,4818258639163320805,300000,300000,4577.024826965653,3577.024826965653,3577.024826965653,8.10212683599093
E6_popsize_N540,cec2017,10,30,SEHHO-COBL,27,4168458845006819609,300000,300000,5369.140877147558,4369.140877147558,4369.140877147558,8.023136600997532
E6_popsize_N540,cec2017,10,30,SEHHO-COBL,28,8079590471147329951,300000,300000,5458.594990792703,4458.594990792703,4458.594990792703,8.059236039000098
E6_popsize_N540,cec2017,10,30,SEHHO-COBL,29,3706860749283437132,300000,300000,4447.933836847547,3447.9338368475474,3447.9338368475474,7.930762634001439
E6_popsize_N540,cec2017,14,30,SEHHO-COBL,0,3762440867352201601,300000,300000,1454.567906431706,54.56790643170598,54.56790643170598,8.520408790995134
E6_popsize_N540,cec2017,14,30,SEHHO-COBL,1,5107896684043009444,300000,300000,1448.4009967652787,48.400996765278705,48.400996765278705,9.01430018999963
E6_popsize_N540,cec2017,14,30,SEHHO-COBL,2,4396181384985854449,300000,300000,1439.517747397356,39.51774739735606,39.51774739735606,8.2964431179862
E6_popsize_N540,cec2017,14,30,SEHHO-COBL,3,6615909892554083203,300000,300000,1439.937853582353,39.937853582353,39.937853582353,11.109012521017576
E6_popsize_N540,cec2017,14,30,SEHHO-COBL,4,4875695156951908848,300000,300000,1448.2276320792964,48.22763207929643,48.22763207929643,9.38008841802366
E6_popsize_N540,cec2017,14,30,SEHHO-COBL,5,4380682626639289284,300000,300000,1453.8091976918274,53.80919769182742,53.80919769182742,15.05064264498651
E6_popsize_N540,cec2017,14,30,SEHHO-COBL,6,796529911161554323,300000,300000,1446.9949890436717,46.994989043671694,46.994989043671694,15.695440876006614
E6_popsize_N540,cec2017,14,30,SEHHO-COBL,7,2187658858859522427,300000,300000,1442.2738597362993,42.2738597362993,42.2738597362993,15.531668743002228
E6_popsize_N540,cec2017,14,30,SEHHO-COBL,8,7151563174363488569,300000,300000,1448.7361015180982,48.73610151809817,48.73610151809817,15.706497794977622
E6_popsize_N540,cec2017,14,30,SEHHO-COBL,9,7707357628173521342,300000,300000,1445.0100894116158,45.01008941161581,45.01008941161581,14.400250039994717
E6_popsize_N540,cec2017,14,30,SEHHO-COBL,10,611165284392743091,300000,300000,1444.5708926376574,44.57089263765738,44.57089263765738,8.987141933001112
E6_popsize_N540,cec2017,14,30,SEHHO-COBL,11,4133896668672356789,300000,300000,1443.637714581057,43.637714581057025,43.637714581057025,10.754411326983245
E6_popsize_N540,cec2017,14,30,SEHHO-COBL,12,508203829839660909,300000,300000,1441.8759929312575,41.87599293125754,41.87599293125754,16.325161720014876
E6_popsize_N540,cec2017,14,30,SEHHO-COBL,13,5584177858638834084,300000,300000,1442.995019296504,42.9950192965041,42.9950192965041,10.647449486976257
E6_popsize_N540,cec2017,14,30,SEHHO-COBL,14,4324908265900280350,300000,300000,1441.592065033016,41.59206503301607,41.59206503301607,15.074406415980775
E6_popsize_N540,cec2017,14,30,SEHHO-COBL,15,1821447206249597103,300000,300000,1445.8069130207596,45.806913020759566,45.806913020759566,15.20462372302427
E6_popsize_N540,cec2017,14,30,SEHHO-COBL,16,2791806795830870752,300000,300000,1447.9505649485645,47.95056494856453,47.95056494856453,9.709289883001475
E6_popsize_N540,cec2017,14,30,SEHHO-COBL,17,7400988040946467431,300000,300000,1444.495318336286,44.49531833628589,44.49531833628589,13.406645230978029
E6_popsize_N540,cec2017,14,30,SEHHO-COBL,18,519345953855428566,300000,300000,1442.9078035051004,42.907803505100446,42.907803505100446,11.76536304000183
E6_popsize_N540,cec2017,14,30,SEHHO-COBL,19,8693200058872680522,300000,300000,1457.0425403286613,57.04254032866129,57.04254032866129,8.262517066003056
E6_popsize_N540,cec2017,14,30,SEHHO-COBL,20,8428952107024384927,300000,300000,1446.9357317111353,46.935731711135304,46.935731711135304,9.423564130993327
E6_popsize_N540,cec2017,14,30,SEHHO-COBL,21,4096054175879071759,300000,300000,1441.4894395182328,41.48943951823276,41.48943951823276,7.936270943988347
E6_popsize_N540,cec2017,14,30,SEHHO-COBL,22,1105123377572345425,300000,300000,1442.47792472825,42.477924728249945,42.477924728249945,7.908893915999215
E6_popsize_N540,cec2017,14,30,SEHHO-COBL,23,7073644896677133965,300000,300000,1447.1077993964914,47.10779939649137,47.10779939649137,7.794068007002352
E6_popsize_N540,cec2017,14,30,SEHHO-COBL,24,1320282180573970010,300000,300000,1441.4389791781268,41.43897917812683,41.43897917812683,7.9347829339967575
E6_popsize_N540,cec2017,14,30,SEHHO-COBL,25,8066820228783674068,300000,300000,1463.9758240931526,63.975824093152596,63.975824093152596,7.752176695008529
E6_popsize_N540,cec2017,14,30,SEHHO-COBL,26,8325926194933887588,300000,300000,1446.1209297991186,46.120929799118585,46.120929799118585,7.902846412995132
E6_popsize_N540,cec2017,14,30,SEHHO-COBL,27,4622427277682077822,300000,300000,1449.425442552147,49.42544255214693,49.42544255214693,7.937641225027619
E6_popsize_N540,cec2017,14,30,SEHHO-COBL,28,2808304967043469402,300000,300000,1443.2270922241785,43.22709222417848,43.22709222417848,7.937762382993242
E6_popsize_N540,cec2017,14,30,SEHHO-COBL,29,1847376183975348017,300000,300000,1441.8543157905242,41.8543157905242,41.8543157905242,7.911474316002568
E6_popsize_N540,cec2017,6,30,SEHHO-COBL,0,647943143279203630,300000,300000,600.0000090945559,9.09455593500752e-06,9.09455593500752e-06,18.188443815975916
E6_popsize_N540,cec2017,6,30,SEHHO-COBL,1,7895007132864365797,300000,300000,600.0000008791632,8.791631671556388e-07,8.791631671556388e-07,17.995819526986452
E6_popsize_N540,cec2017,6,30,SEHHO-COBL,2,8572537232227360617,300000,300000,600.0000134064826,1.3406482594291447e-05,1.3406482594291447e-05,14.36390705400845
E6_popsize_N540,cec2017,6,30,SEHHO-COBL,3,9002927156702483703,300000,300000,600.0000028616804,2.861680400201294e-06,2.861680400201294e-06,10.107567647006363
E6_popsize_N540,cec2017,6,30,SEHHO-COBL,4,3794234279063640919,300000,300000,600.0000026088051,2.6088050617545377e-06,2.6088050617545377e-06,13.172936504008248
E6_popsize_N540,cec2017,6,30,SEHHO-COBL,5,320574277522682860,300000,300000,600.0000149929576,1.4992957630965975e-05,1.4992957630965975e-05,15.17965667397948
E6_popsize_N540,cec2017,6,30,SEHHO-COBL,6,7884706854492486043,300000,300000,600.0000468680589,4.686805891651602e-05,4.686805891651602e-05,15.401195084996289
E6_popsize_N540,cec2017,6,30,SEHHO-COBL,7,8979017162777693230,300000,300000,600.0000005557439,5.557438953474048e-07,5.557438953474048e-07,11.78739331100951
E6_popsize_N540,cec2017,6,30,SEHHO-COBL,8,6101997839636284954,300000,300000,600.0000245609716,2.456097161029902e-05,2.456097161029902e-05,12.111222128005465
E6_popsize_N540,cec2017,6,30,SEHHO-COBL,9,1041741252572325558,300000,300000,600.0000393806513,3.938065128750168e-05,3.938065128750168e-05,14.354326204018435
E6_popsize_N540,cec2017,6,30,SEHHO-COBL,10,5527454588985208914,300000,300000,600.0000273705306,2.7370530574444274e-05,2.7370530574444274e-05,14.129250308993505
E6_popsize_N540,cec2017,6,30,SEHHO-COBL,11,7632362972193505124,300000,300000,600.0000080934436,8.093443625512009e-06,8.093443625512009e-06,17.470767802995397
E6_popsize_N540,cec2017,6,30,SEHHO-COBL,12,4328792254491010005,300000,300000,600.0000034750809,3.4750809163597296e-06,3.4750809163597296e-06,17.39303927498986
E6_popsize_N540,cec2017,6,30,SEHHO-COBL,13,7574862385294978928,300000,300000,600.0000146232608,1.4623260767621105e-05,1.4623260767621105e-05,17.559576955012744
E6_popsize_N540,cec2017,6,30,SEHHO-COBL,14,4450614578980483040,300000,300000,600.0000822144897,8.221448968015466e-05,8.221448968015466e-05,17.606409013009397
E6_popsize_N540,cec2017,6,30,SEHHO-COBL,15,4733415576634117256,300000,300000,600.0000098983002,9.89830016351334e-06,9.89830016351334e-06,17.603842509997776
E6_popsize_N540,cec2017,6,30,SEHHO-COBL,16,7937252192518479073,300000,300000,600.0000139485039,1.3948503919891664e-05,1.3948503919891664e-05,17.64373370099929
E6_popsize_N540,cec2017,6,30,SEHHO-COBL,17,5175997424280514059,300000,300000,600.0000388963105,3.889631045694841e-05,3.889631045694841e-05,10.039463980996516
E6_popsize_N540,cec2017,6,30,SEHHO-COBL,18,2954802555466361929,300000,300000,600.0000255769927,2.5576992698006507e-05,2.5576992698006507e-05,10.427805510000326
E6_popsize_N540,cec2017,6,30,SEHHO-COBL,19,2897971117961831309,300000,300000,600.0000167750969,1.677509692399326e-05,1.677509692399326e-05,11.454577076015994
E6_popsize_N540,cec2017,6,30,SEHHO-COBL,20,1801516847487661644,300000,300000,600.0000158647908,1.5864790839259513e-05,1.5864790839259513e-05,13.553554265992716
E6_popsize_N540,cec2017,6,30,SEHHO-COBL,21,2534129605067328178,300000,300000,600.0000035540199,3.5540199405659223e-06,3.5540199405659223e-06,12.940513938985532
E6_popsize_N540,cec2017,6,30,SEHHO-COBL,22,1897497987219846392,300000,300000,600.0000496824449,4.9682444910104095e-05,4.9682444910104095e-05,9.415489336010069
E6_popsize_N540,cec2017,6,30,SEHHO-COBL,23,6086786998999581144,300000,300000,600.0000233151865,2.3315186467698368e-05,2.3315186467698368e-05,9.525676083983853
E6_popsize_N540,cec2017,6,30,SEHHO-COBL,24,8674457398146940226,300000,300000,600.0000031703005,3.1703004879091168e-06,3.1703004879091168e-06,9.622945243987488
E6_popsize_N540,cec2017,6,30,SEHHO-COBL,25,6421844094332479652,300000,300000,600.0000098327847,9.832784712671128e-06,9.832784712671128e-06,9.5893269579974
E6_popsize_N540,cec2017,6,30,SEHHO-COBL,26,3966559287220265054,300000,300000,600.0000383653096,3.8365309592336416e-05,3.8365309592336416e-05,9.535849665000569
E6_popsize_N540,cec2017,6,30,SEHHO-COBL,27,3004927445493949389,300000,300000,600.0000110909167,1.1090916700595699e-05,1.1090916700595699e-05,9.547070611006347
E6_popsize_N540,cec2017,6,30,SEHHO-COBL,28,102402303461121366,300000,300000,600.0000148455601,1.484556014474947e-05,1.484556014474947e-05,9.39920048500062
E6_popsize_N540,cec2017,6,30,SEHHO-COBL,29,4367211702955154526,300000,300000,600.0000226046543,2.2604654304814176e-05,2.2604654304814176e-05,8.885287812998286
E6_popsize_N540,cec2017,12,30,SEHHO-COBL,0,6673030269497815760,300000,300000,1785.7011594141418,585.7011594141418,585.7011594141418,8.701211637991946
E6_popsize_N540,cec2017,12,30,SEHHO-COBL,1,5329851236433165448,300000,300000,2192.9316944425104,992.9316944425104,992.9316944425104,9.114561221998883
E6_popsize_N540,cec2017,12,30,SEHHO-COBL,2,5135868888887868757,300000,300000,2667.212910337511,1467.212910337511,1467.212910337511,14.998883794003632
E6_popsize_N540,cec2017,12,30,SEHHO-COBL,3,7412541347372165624,300000,300000,2968.443213350556,1768.443213350556,1768.443213350556,17.015942555997754
E6_popsize_N540,cec2017,12,30,SEHHO-COBL,4,4496642983444880132,300000,300000,2407.885407182161,1207.885407182161,1207.885407182161,17.101731002010638
E6_popsize_N540,cec2017,12,30,SEHHO-COBL,5,3511980533066818216,300000,300000,1882.9029722013884,682.9029722013884,682.9029722013884,17.22339723201003
E6_popsize_N540,cec2017,12,30,SEHHO-COBL,6,4060456136398317893,300000,300000,2576.4784864426465,1376.4784864426465,1376.4784864426465,17.04457265601377
E6_popsize_N540,cec2017,12,30,SEHHO-COBL,7,8993983410841578209,300000,300000,2422.746573861644,1222.7465738616438,1222.7465738616438,15.582718593010213
E6_popsize_N540,cec2017,12,30,SEHHO-COBL,8,6019741832206277856,300000,300000,2725.440874664192,1525.440874664192,1525.440874664192,13.501841612014687
E6_popsize_N540,cec2017,12,30,SEHHO-COBL,9,7353591142022823313,300000,300000,1817.8783509756706,617.8783509756706,617.8783509756706,16.569267526996555
E6_popsize_N540,cec2017,12,30,SEHHO-COBL,10,6956950580309048862,300000,300000,2568.789082623445,1368.7890826234452,1368.7890826234452,12.256943765998585
E6_popsize_N540,cec2017,12,30,SEHHO-COBL,11,4602565725782564892,300000,300000,2295.34177277407,1095.3417727740698,1095.3417727740698,14.032889002002776
E6_popsize_N540,cec2017,12,30,SEHHO-COBL,12,3612523979476024545,300000,300000,2416.9925885695657,1216.9925885695657,1216.9925885695657,11.041049599007238
E6_popsize_N540,cec2017,12,30,SEHHO-COBL,13,3265622999802312798,300000,300000,2748.6388224934753,1548.6388224934753,1548.6388224934753,8.690985016000923
E6_popsize_N540,cec2017,12,30,SEHHO-COBL,14,7486168777547236756,300000,300000,2975.664140884889,1775.664140884889,1775.664140884889,14.010218910989352
E6_popsize_N540,cec2017,12,30,SEHHO-COBL,15,6602732219331555052,300000,300000,3278.975690948038,2078.975690948038,2078.975690948038,14.81367297100951
E6_popsize_N540,cec2017,12,30,SEHHO-COBL,16,7642081623251943291,300000,300000,2512.965807473999,1312.9658074739991,1312.9658074739991,13.928294443001505
E6_popsize_N540,cec2017,12,30,SEHHO-COBL,17,1441985878008533908,300000,300000,2595.6498323184856,1395.6498323184856,1395.6498323184856,9.876556920004077
E6_popsize_N540,cec2017,12,30,SEHHO-COBL,18,4050832497844425709,300000,300000,2370.3051646495314,1170.3051646495314,1170.3051646495314,14.619542708009249
E6_popsize_N540,cec2017,12,30,SEHHO-COBL,19,1048455822973379067,300000,300000,2562.814158812611,1362.814158812611,1362.814158812611,8.374281763011822
E6_popsize_N540,cec2017,12,30,SEHHO-COBL,20,5978485374207107793,300000,300000,2706.1306981162843,1506.1306981162843,1506.1306981162843,8.348729596997146
E6_popsize_N540,cec2017,12,30,SEHHO-COBL,21,7011377797659945051,300000,300000,2053.117692814365,853.117692814365,853.117692814365,8.568638722004835
E6_popsize_N540,cec2017,12,30,SEHHO-COBL,22,3963192972066240185,300000,300000,1705.9022148130239,505.9022148130239,505.9022148130239,8.545589730987558
E6_popsize_N540,cec2017,12,30,SEHHO-COBL,23,3410467513044430162,300000,300000,1681.3749746485203,481.37497464852026,481.37497464852026,8.61778569300077
E6_popsize_N540,cec2017,12,30,SEHHO-COBL,24,6335273203646693587,300000,300000,2509.9261330166246,1309.9261330166246,1309.9261330166246,8.48619445899385
E6_popsize_N540,cec2017,12,30,SEHHO-COBL,25,7454512538908398511,300000,300000,2517.5775544097414,1317.5775544097414,1317.5775544097414,8.354065485997126
E6_popsize_N540,cec2017,12,30,SEHHO-COBL,26,6117874325062071171,300000,300000,1945.9228921557733,745.9228921557733,745.9228921557733,12.058355971996207
E6_popsize_N540,cec2017,12,30,SEHHO-COBL,27,9045939233583574011,300000,300000,2302.1724272577367,1102.1724272577367,1102.1724272577367,7.712731531006284
E6_popsize_N540,cec2017,12,30,SEHHO-COBL,28,6879071015848330299,300000,300000,1776.6554601643434,576.6554601643434,576.6554601643434,7.727237940009218
E6_popsize_N540,cec2017,12,30,SEHHO-COBL,29,6690853251800840485,300000,300000,2632.218572225337,1432.218572225337,1432.218572225337,7.7014618730172515
E6_popsize_N540,cec2017,9,30,SEHHO-COBL,0,594324151376266726,300000,300000,900.5438522690073,0.5438522690072887,0.5438522690072887,16.4559677799989
E6_popsize_N540,cec2017,9,30,SEHHO-COBL,1,1349506603425011324,300000,300000,900.0895282504165,0.08952825041649248,0.08952825041649248,16.443593180010794
E6_popsize_N540,cec2017,9,30,SEHHO-COBL,2,4752481004220200692,300000,300000,900.0000000000001,0.0,1.1368683772161603e-13,16.328547949990025
E6_popsize_N540,cec2017,9,30,SEHHO-COBL,3,7026444483924686312,300000,300000,900.0000000000001,0.0,1.1368683772161603e-13,9.662528896995354
E6_popsize_N540,cec2017,9,30,SEHHO-COBL,4,6899092636133198626,300000,300000,900.0000000000001,0.0,1.1368683772161603e-13,8.413399532990297
E6_popsize_N540,cec2017,9,30,SEHHO-COBL,5,7069951172011347324,300000,300000,900.0000000000001,0.0,1.1368683772161603e-13,9.62569435898331
E6_popsize_N540,cec2017,9,30,SEHHO-COBL,6,6919233341458964255,300000,300000,900.0000000000001,0.0,1.1368683772161603e-13,14.435657489986625
E6_popsize_N540,cec2017,9,30,SEHHO-COBL,7,1576308871430306645,300000,300000,900.0000000000001,0.0,1.1368683772161603e-13,15.995348175987601
E6_popsize_N540,cec2017,9,30,SEHHO-COBL,8,8291481512833471850,300000,300000,900.0000000000001,0.0,1.1368683772161603e-13,16.344970221980475
E6_popsize_N540,cec2017,9,30,SEHHO-COBL,9,3208231788417818190,300000,300000,900.0000000000001,0.0,1.1368683772161603e-13,16.33912474900717
E6_popsize_N540,cec2017,9,30,SEHHO-COBL,10,2655412189685010590,300000,300000,900.0000000000001,0.0,1.1368683772161603e-13,16.461678420979297
E6_popsize_N540,cec2017,9,30,SEHHO-COBL,11,527498740723074102,300000,300000,900.0,0.0,0.0,16.41387084298185
E6_popsize_N540,cec2017,9,30,SEHHO-COBL,12,9098874852616990334,300000,300000,900.0,0.0,0.0,16.393926525022835
E6_popsize_N540,cec2017,9,30,SEHHO-COBL,13,5591837579114540794,300000,300000,900.0000000000001,0.0,1.1368683772161603e-13,14.439884688996244
E6_popsize_N540,cec2017,9,30,SEHHO-COBL,14,2994751019122024341,300000,300000,900.0000000000001,0.0,1.1368683772161603e-13,8.340084853989538
E6_popsize_N540,cec2017,9,30,SEHHO-COBL,15,8449628010626187059,300000,300000,900.0000000000001,0.0,1.1368683772161603e-13,8.350534252997022
E6_popsize_N540,cec2017,9,30,SEHHO-COBL,16,4032106101851836231,300000,300000,900.0895282504165,0.08952825041649248,0.08952825041649248,8.502305567002622
E6_popsize_N540,cec2017,9,30,SEHHO-COBL,17,3533880965925843628,300000,300000,900.0000000000001,0.0,1.1368683772161603e-13,8.17856893199496
E6_popsize_N540,cec2017,9,30,SEHHO-COBL,18,8055870286998767035,300000,300000,900.0000000000001,0.0,1.1368683772161603e-13,8.182063585991273
E6_popsize_N540,cec2017,9,30,SEHHO-COBL,19,4623850072846692142,300000,300000,900.0000000000001,0.0,1.1368683772161603e-13,13.92550031200517
E6_popsize_N540,cec2017,9,30,SEHHO-COBL,20,7216059010168352965,300000,300000,900.0,0.0,0.0,15.49498147200211
E6_popsize_N540,cec2017,9,30,SEHHO-COBL,21,6838101187244500252,300000,300000,900.0000000000001,0.0,1.1368683772161603e-13,15.393542250996688
E6_popsize_N540,cec2017,9,30,SEHHO-COBL,22,6932324814879547190,300000,300000,900.0000000000001,0.0,1.1368683772161603e-13,15.192820183990989
E6_popsize_N540,cec2017,9,30,SEHHO-COBL,23,385236202985636827,300000,300000,900.0000000000001,0.0,1.1368683772161603e-13,15.167676363984356
E6_popsize_N540,cec2017,9,30,SEHHO-COBL,24,7993621887236839866,300000,300000,900.0000000000001,0.0,1.1368683772161603e-13,14.996023179002805
E6_popsize_N540,cec2017,9,30,SEHHO-COBL,25,3233531873496718646,300000,300000,900.0000000000001,0.0,1.1368683772161603e-13,8.978179561992874
E6_popsize_N540,cec2017,9,30,SEHHO-COBL,26,5809757639100643031,300000,300000,900.0000000000001,0.0,1.1368683772161603e-13,7.527654859004542
E6_popsize_N540,cec2017,9,30,SEHHO-COBL,27,8746719619397988922,300000,300000,900.0000000000001,0.0,1.1368683772161603e-13,7.502257975022076
E6_popsize_N540,cec2017,9,30,SEHHO-COBL,28,855588830771149884,300000,300000,900.0000000000001,0.0,1.1368683772161603e-13,7.5547702469921205
E6_popsize_N540,cec2017,9,30,SEHHO-COBL,29,5082840008766397959,300000,300000,900.0000000000001,0.0,1.1368683772161603e-13,7.365398269001162
E6_popsize_N270,cec2017,19,30,SEHHO-COBL,0,4224647140493050480,300000,300000,1913.2458363120127,13.24583631201267,13.24583631201267,25.402800208015833
E6_popsize_N270,cec2017,19,30,SEHHO-COBL,1,1371918516074226693,300000,300000,1911.129414409382,11.12941440938198,11.12941440938198,25.457932744990103
E6_popsize_N270,cec2017,19,30,SEHHO-COBL,2,1792718646512490156,300000,300000,1912.042686193317,12.042686193316968,12.042686193316968,25.490923312987434
E6_popsize_N270,cec2017,19,30,SEHHO-COBL,3,798825747050544432,300000,300000,1910.6384233970284,10.638423397028419,10.638423397028419,25.51493209300679
E6_popsize_N270,cec2017,19,30,SEHHO-COBL,4,3317319806605795565,300000,300000,1913.4816695983204,13.481669598320423,13.481669598320423,23.62406515897601
E6_popsize_N270,cec2017,19,30,SEHHO-COBL,5,4384722315114356042,300000,300000,1913.676519719972,13.67651971997202,13.67651971997202,25.44678909398499
E6_popsize_N270,cec2017,19,30,SEHHO-COBL,6,9064692564577190445,300000,300000,1912.9875098085774,12.987509808577443,12.987509808577443,25.530996935005533
E6_popsize_N270,cec2017,19,30,SEHHO-COBL,7,7452621886866799713,300000,300000,1916.5161132086137,16.51611320861366,16.51611320861366,25.510918556014076
E6_popsize_N270,cec2017,19,30,SEHHO-COBL,8,7263518135444465191,300000,300000,1907.2749950744521,7.274995074452136,7.274995074452136,25.580248212005245
E6_popsize_N270,cec2017,19,30,SEHHO-COBL,9,2238432644674984582,300000,300000,1947.127682505205,47.12768250520503,47.12768250520503,25.71927029301878
E6_popsize_N270,cec2017,19,30,SEHHO-COBL,10,4585493336163565710,300000,300000,1916.0392266634117,16.039226663411682,16.039226663411682,25.655196175008314
E6_popsize_N270,cec2017,19,30,SEHHO-COBL,11,3600799615859166598,300000,300000,1906.8309726332848,6.830972633284773,6.830972633284773,25.523743931989884
E6_popsize_N270,cec2017,19,30,SEHHO-COBL,12,8851059461054174819,300000,300000,1904.7637138486689,4.7637138486688855,4.7637138486688855,25.518553776986664
E6_popsize_N270,cec2017,19,30,SEHHO-COBL,13,8512154334516354161,300000,300000,1912.4594860115646,12.45948601156465,12.45948601156465,25.579383218981093
E6_popsize_N270,cec2017,19,30,SEHHO-COBL,14,282577858808315254,300000,300000,1912.766386132082,12.766386132082062,12.766386132082062,25.438355495978612
E6_popsize_N270,cec2017,19,30,SEHHO-COBL,15,2948154986454901095,300000,300000,1912.4457265096758,12.445726509675751,12.445726509675751,24.68153872102266
E6_popsize_N270,cec2017,19,30,SEHHO-COBL,16,3966784623888356535,300000,300000,1921.2465628647485,21.246562864748512,21.246562864748512,25.200958570989314
E6_popsize_N270,cec2017,19,30,SEHHO-COBL,17,1844258019686086976,300000,300000,1915.6963184328863,15.6963184328863,15.6963184328863,25.239347562979674
E6_popsize_N270,cec2017,19,30,SEHHO-COBL,18,8200469580752951681,300000,300000,1909.0279576438213,9.02795764382131,9.02795764382131,24.9869742289884
E6_popsize_N270,cec2017,19,30,SEHHO-COBL,19,4463303908520261386,300000,300000,1916.7654272718441,16.765427271844146,16.765427271844146,24.92144088400528
E6_popsize_N270,cec2017,19,30,SEHHO-COBL,20,8707265253006521990,300000,300000,1909.229345368979,9.229345368979011,9.229345368979011,24.911290526011726
E6_popsize_N270,cec2017,19,30,SEHHO-COBL,21,5184873062930778732,300000,300000,1907.9337429019242,7.933742901924234,7.933742901924234,24.71950911800377
E6_popsize_N270,cec2017,19,30,SEHHO-COBL,22,1532662333347167159,300000,300000,1909.8102656754272,9.810265675427218,9.810265675427218,23.812404780997895
E6_popsize_N270,cec2017,19,30,SEHHO-COBL,23,3666707956271947739,300000,300000,1918.3158374547916,18.315837454791563,18.315837454791563,14.577368394006044
E6_popsize_N270,cec2017,19,30,SEHHO-COBL,24,3294975391703705906,300000,300000,1913.4862541123737,13.486254112373672,13.486254112373672,14.551432117994409
E6_popsize_N270,cec2017,19,30,SEHHO-COBL,25,4890148135325156318,300000,300000,1910.6086041801568,10.608604180156817,10.608604180156817,14.381724222010234
E6_popsize_N270,cec2017,19,30,SEHHO-COBL,26,1481893865663733829,300000,300000,1912.6796762375693,12.67967623756931,12.67967623756931,14.25513243500609
E6_popsize_N270,cec2017,19,30,SEHHO-COBL,27,3224295344738874816,300000,300000,1908.0705000440862,8.070500044086202,8.070500044086202,17.293798637983855
E6_popsize_N270,cec2017,19,30,SEHHO-COBL,28,7479979957044522169,300000,300000,1912.272964426356,12.272964426356111,12.272964426356111,13.581277703982778
E6_popsize_N270,cec2017,19,30,SEHHO-COBL,29,2256140765141827758,300000,300000,1909.9670510281442,9.96705102814417,9.96705102814417,13.420304911007406
E6_popsize_N270,cec2017,28,30,SEHHO-COBL,0,5264122076544705786,300000,300000,3100.000000000001,300.0000000000009,300.0000000000009,19.438746510015335
E6_popsize_N270,cec2017,28,30,SEHHO-COBL,1,4769932266603286131,300000,300000,3100.000000000001,300.0000000000009,300.0000000000009,19.63476205902407
E6_popsize_N270,cec2017,28,30,SEHHO-COBL,2,1552944752212046338,300000,300000,3100.000000000001,300.0000000000009,300.0000000000009,20.75442345099873
E6_popsize_N270,cec2017,28,30,SEHHO-COBL,3,8737857110982640737,300000,300000,3100.000000000001,300.0000000000009,300.0000000000009,19.531716296012746
E6_popsize_N270,cec2017,28,30,SEHHO-COBL,4,5529320384677121932,300000,300000,3203.2856806533264,403.2856806533264,403.2856806533264,19.40223691202118
E6_popsize_N270,cec2017,28,30,SEHHO-COBL,5,8297038066695711263,300000,300000,3100.000000000001,300.0000000000009,300.0000000000009,19.939842902007513
E6_popsize_N270,cec2017,28,30,SEHHO-COBL,6,8135889168196967838,300000,300000,3100.000000000001,300.0000000000009,300.0000000000009,20.17754188401159
E6_popsize_N270,cec2017,28,30,SEHHO-COBL,7,3059335388651058552,300000,300000,3253.9302424542625,453.9302424542625,453.9302424542625,19.72875090598245
E6_popsize_N270,cec2017,28,30,SEHHO-COBL,8,117821658047454137,300000,300000,3100.000000000001,300.0000000000009,300.0000000000009,20.30195608799113
E6_popsize_N270,cec2017,28,30,SEHHO-COBL,9,7634763166137692986,300000,300000,3100.000000000001,300.0000000000009,300.0000000000009,20.19524614099646
E6_popsize_N270,cec2017,28,30,SEHHO-COBL,10,7691010544623969474,300000,300000,3203.2856806533264,403.2856806533264,403.2856806533264,19.973304373008432
E6_popsize_N270,cec2017,28,30,SEHHO-COBL,11,6166373400628871860,300000,300000,3213.9751657736415,413.9751657736415,413.9751657736415,19.768846059014322
E6_popsize_N270,cec2017,28,30,SEHHO-COBL,12,9186614545575542956,300000,300000,3213.9751657736415,413.9751657736415,413.9751657736415,18.01330835898989
E6_popsize_N270,cec2017,28,30,SEHHO-COBL,13,4278272310960346017,300000,300000,3203.2856806533264,403.2856806533264,403.2856806533264,18.054579468007432
E6_popsize_N270,cec2017,28,30,SEHHO-COBL,14,7815339156385648795,300000,300000,3100.000000000001,300.0000000000009,300.0000000000009,18.10765006800648
E6_popsize_N270,cec2017,28,30,SEHHO-COBL,15,6577010867854014446,300000,300000,3100.000000000001,300.0000000000009,300.0000000000009,18.32147874799557
E6_popsize_N270,cec2017,28,30,SEHHO-COBL,16,1391685244413819888,300000,300000,3100.000000000001,300.0000000000009,300.0000000000009,18.446477586985566
E6_popsize_N270,cec2017,28,30,SEHHO-COBL,17,9090437379802107785,300000,300000,3100.000000000001,300.0000000000009,300.0000000000009,18.36918495601276
E6_popsize_N270,cec2017,28,30,SEHHO-COBL,18,2320159607600610529,300000,300000,3100.000000000001,300.0000000000009,300.0000000000009,18.157407172984676
E6_popsize_N270,cec2017,28,30,SEHHO-COBL,19,2942870752104347707,300000,300000,3100.000000000001,300.0000000000009,300.0000000000009,18.135480947996257
E6_popsize_N270,cec2017,28,30,SEHHO-COBL,20,570356212640068264,300000,300000,3203.2856806533264,403.2856806533264,403.2856806533264,17.724114704004023
E6_popsize_N270,cec2017,28,30,SEHHO-COBL,21,5239078946652838584,300000,300000,3213.9751657736415,413.9751657736415,413.9751657736415,17.518442422006046
E6_popsize_N270,cec2017,28,30,SEHHO-COBL,22,654573927131306529,300000,300000,3100.000000000001,300.0000000000009,300.0000000000009,17.518604406010127
E6_popsize_N270,cec2017,28,30,SEHHO-COBL,23,7465525147233141427,300000,300000,3203.2856806533264,403.2856806533264,403.2856806533264,17.224121478997404
E6_popsize_N270,cec2017,28,30,SEHHO-COBL,24,330708267452510263,300000,300000,3213.9751657736415,413.9751657736415,413.9751657736415,17.126523663988337
E6_popsize_N270,cec2017,28,30,SEHHO-COBL,25,1421687853134003562,300000,300000,3100.000000000001,300.0000000000009,300.0000000000009,12.43888587798574
E6_popsize_N270,cec2017,28,30,SEHHO-COBL,26,2244256532938985059,300000,300000,3100.000000000001,300.0000000000009,300.0000000000009,9.781271933024982
E6_popsize_N270,cec2017,28,30,SEHHO-COBL,27,8232235622561173602,300000,300000,3100.000000000001,300.0000000000009,300.0000000000009,9.687297442986164
E6_popsize_N270,cec2017,28,30,SEHHO-COBL,28,6944621132321331100,300000,300000,3100.000000000001,300.0000000000009,300.0000000000009,9.431808685010765
E6_popsize_N270,cec2017,28,30,SEHHO-COBL,29,4807998731834167461,300000,300000,3100.000000000001,300.0000000000009,300.0000000000009,9.72918282399769
E6_popsize_N540,cec2017,21,30,SEHHO-COBL,0,9194650290264026164,300000,300000,2360.527494354341,260.5274943543409,260.5274943543409,15.591068434005138
E6_popsize_N540,cec2017,21,30,SEHHO-COBL,1,9060178111051945048,300000,300000,2371.5612029591503,271.56120295915025,271.56120295915025,15.59607501499704
E6_popsize_N540,cec2017,21,30,SEHHO-COBL,2,627689925472512242,300000,300000,2376.1629171490476,276.16291714904764,276.16291714904764,16.73897472198587
E6_popsize_N540,cec2017,21,30,SEHHO-COBL,3,6656376831009156168,300000,300000,2361.90699781288,261.90699781288004,261.90699781288004,10.125411726010498
E6_popsize_N540,cec2017,21,30,SEHHO-COBL,4,2129520575664110463,300000,300000,2363.589268224135,263.58926822413514,263.58926822413514,9.125109025015263
E6_popsize_N540,cec2017,21,30,SEHHO-COBL,5,4282757390166602369,300000,300000,2355.4658127334287,255.46581273342872,255.46581273342872,9.206623714999296
E6_popsize_N540,cec2017,21,30,SEHHO-COBL,6,3291244652139182615,300000,300000,2354.475306012678,254.47530601267817,254.47530601267817,9.524131487007253
E6_popsize_N540,cec2017,21,30,SEHHO-COBL,7,3121537516838101414,300000,300000,2367.0725095623848,267.07250956238477,267.07250956238477,12.239217068010475
E6_popsize_N540,cec2017,21,30,SEHHO-COBL,8,7497281507448889850,300000,300000,2346.2660326149935,246.2660326149935,246.2660326149935,13.558435771992663
E6_popsize_N540,cec2017,21,30,SEHHO-COBL,9,3304897003026462444,300000,300000,2361.5750044642873,261.5750044642873,261.5750044642873,12.984559490985703
E6_popsize_N540,cec2017,21,30,SEHHO-COBL,10,7743595660216921021,300000,300000,2354.732471160208,254.7324711602082,254.7324711602082,13.793046670994954
E6_popsize_N540,cec2017,21,30,SEHHO-COBL,11,7972650614718460958,300000,300000,2351.6771874141073,251.67718741410727,251.67718741410727,9.02872747098445
E6_popsize_N540,cec2017,21,30,SEHHO-COBL,12,8638873350424403519,300000,300000,2352.9213672424385,252.92136724243846,252.92136724243846,9.10560803898261
E6_popsize_N540,cec2017,21,30,SEHHO-COBL,13,611046787228130628,300000,300000,2364.2014053825974,264.2014053825974,264.2014053825974,9.929215698997723
E6_popsize_N540,cec2017,21,30,SEHHO-COBL,14,8609575337952986678,300000,300000,2360.778180538856,260.77818053885585,260.77818053885585,11.729825546004577
E6_popsize_N540,cec2017,21,30,SEHHO-COBL,15,1659219997093976896,300000,300000,2344.4596026044155,244.45960260441552,244.45960260441552,16.355108758987626
E6_popsize_N540,cec2017,21,30,SEHHO-COBL,16,2168186747733970178,300000,300000,2355.480621499081,255.48062149908083,255.48062149908083,13.762419304985087
E6_popsize_N540,cec2017,21,30,SEHHO-COBL,17,2798135955950893780,300000,300000,2351.4181045366995,251.4181045366995,251.4181045366995,12.293726105010137
E6_popsize_N540,cec2017,21,30,SEHHO-COBL,18,3122611439120856946,300000,300000,2365.469641899625,265.469641899625,265.469641899625,12.29236508300528
E6_popsize_N540,cec2017,21,30,SEHHO-COBL,19,5813016475964923383,300000,300000,2363.085158686637,263.085158686637,263.085158686637,8.498547448019963
E6_popsize_N540,cec2017,21,30,SEHHO-COBL,20,6054843249060879532,300000,300000,2359.3033330934404,259.3033330934404,259.3033330934404,8.772235860989895
E6_popsize_N540,cec2017,21,30,SEHHO-COBL,21,2010744189105425513,300000,300000,2362.6952590347764,262.6952590347764,262.6952590347764,8.848818711005151
E6_popsize_N540,cec2017,21,30,SEHHO-COBL,22,2424181498562598556,300000,300000,2349.557216104313,249.55721610431283,249.55721610431283,8.708348392974585
E6_popsize_N540,cec2017,21,30,SEHHO-COBL,23,4000786716205690270,300000,300000,2366.3249887154807,266.3249887154807,266.3249887154807,8.47984613198787
E6_popsize_N540,cec2017,21,30,SEHHO-COBL,24,6394450284384041492,300000,300000,2370.1095013051486,270.10950130514857,270.10950130514857,8.274792450014502
E6_popsize_N540,cec2017,21,30,SEHHO-COBL,25,636290667509657530,300000,300000,2364.6901229356868,264.69012293568676,264.69012293568676,8.024682810995728
E6_popsize_N540,cec2017,21,30,SEHHO-COBL,26,1627943400479885055,300000,300000,2361.3405829208573,261.3405829208573,261.3405829208573,7.899599193013273
E6_popsize_N540,cec2017,21,30,SEHHO-COBL,27,5185670519271459332,300000,300000,2364.301649122474,264.3016491224739,264.3016491224739,7.912676590000046
E6_popsize_N540,cec2017,21,30,SEHHO-COBL,28,1601782423613282547,300000,300000,2347.1336289090204,247.13362890902044,247.13362890902044,7.831229948002147
E6_popsize_N540,cec2017,21,30,SEHHO-COBL,29,1523776687715174438,300000,300000,2361.8472825689123,261.8472825689123,261.8472825689123,7.759815502999118
E6_popsize_N270,cec2017,29,30,SEHHO-COBL,0,286261357700928620,300000,300000,3492.417008663817,592.4170086638169,592.4170086638169,19.48650800200994
E6_popsize_N270,cec2017,29,30,SEHHO-COBL,1,5593972230426763205,300000,300000,3447.9253376743754,547.9253376743754,547.9253376743754,19.484799386991654
E6_popsize_N270,cec2017,29,30,SEHHO-COBL,2,1227310542336710174,300000,300000,3449.1602801245735,549.1602801245735,549.1602801245735,19.4582320569898
E6_popsize_N270,cec2017,29,30,SEHHO-COBL,3,8806166533909523706,300000,300000,3415.174770833875,515.1747708338748,515.1747708338748,19.46175445400877
E6_popsize_N270,cec2017,29,30,SEHHO-COBL,4,555983396804020678,300000,300000,3421.499732213907,521.499732213907,521.499732213907,19.532172400009586
E6_popsize_N270,cec2017,29,30,SEHHO-COBL,5,8417918386492453891,300000,300000,3415.0926228553353,515.0926228553353,515.0926228553353,19.55240187299205
E6_popsize_N270,cec2017,29,30,SEHHO-COBL,6,6544426287861577213,300000,300000,3341.1582358595133,441.1582358595133,441.1582358595133,19.586599283997202
E6_popsize_N270,cec2017,29,30,SEHHO-COBL,7,1158450913809309801,300000,300000,3416.3310746038705,516.3310746038705,516.3310746038705,19.51523301898851
E6_popsize_N270,cec2017,29,30,SEHHO-COBL,8,5244184811106522312,300000,300000,3416.8352939648894,516.8352939648894,516.8352939648894,19.072313834010856
E6_popsize_N270,cec2017,29,30,SEHHO-COBL,9,8070525656202558992,300000,300000,3334.393278068903,434.3932780689029,434.3932780689029,17.672957251983462
E6_popsize_N270,cec2017,29,30,SEHHO-COBL,10,7570756948699073043,300000,300000,3395.934068899672,495.9340688996722,495.9340688996722,17.69266880399664
E6_popsize_N270,cec2017,29,30,SEHHO-COBL,11,7196252215562186198,300000,300000,3331.4850357701825,431.48503577018255,431.48503577018255,17.63532081997255
E6_popsize_N270,cec2017,29,30,SEHHO-COBL,12,4241442236131270303,300000,300000,3406.396107758731,506.396107758731,506.396107758731,17.722799928014865
E6_popsize_N270,cec2017,29,30,SEHHO-COBL,13,3341778732610883290,300000,300000,3334.6326033025975,434.63260330259754,434.63260330259754,17.74957157098106
E6_popsize_N270,cec2017,29,30,SEHHO-COBL,14,1344868966769829616,300000,300000,3417.0406181542603,517.0406181542603,517.0406181542603,17.745288728998275
E6_popsize_N270,cec2017,29,30,SEHHO-COBL,15,2564598675841085600,300000,300000,3400.7902037949734,500.7902037949734,500.7902037949734,17.753721034008777
E6_popsize_N270,cec2017,29,30,SEHHO-COBL,16,7382483680850185136,300000,300000,3432.840263369796,532.840263369796,532.840263369796,17.360940288985148
E6_popsize_N270,cec2017,29,30,SEHHO-COBL,17,8384436396306471538,300000,300000,3403.732502059557,503.7325020595572,503.7325020595572,17.663196003995836
E6_popsize_N270,cec2017,29,30,SEHHO-COBL,18,4772566377678771877,300000,300000,3426.397125122191,526.397125122191,526.397125122191,17.54542893799953
E6_popsize_N270,cec2017,29,30,SEHHO-COBL,19,6847314864240314448,300000,300000,3388.9249773380097,488.92497733800974,488.92497733800974,17.43676111899549
E6_popsize_N270,cec2017,29,30,SEHHO-COBL,20,8198424844841520755,300000,300000,3394.1735855646343,494.1735855646343,494.1735855646343,16.09001186900423
E6_popsize_N270,cec2017,29,30,SEHHO-COBL,21,4683873514284414425,300000,300000,3441.7579478766147,541.7579478766147,541.7579478766147,16.003958184999647
E6_popsize_N270,cec2017,29,30,SEHHO-COBL,22,1650067995851928566,300000,300000,3405.308079891959,505.3080798919591,505.3080798919591,16.99385600097594
E6_popsize_N270,cec2017,29,30,SEHHO-COBL,23,2459663119164821953,300000,300000,3411.294369273015,511.29436927301504,511.29436927301504,16.95283682399895
E6_popsize_N270,cec2017,29,30,SEHHO-COBL,24,6480012252137490909,300000,300000,3422.542408079346,522.5424080793459,522.5424080793459,16.94621150798048
E6_popsize_N270,cec2017,29,30,SEHHO-COBL,25,8093354000465890457,300000,300000,3414.378934526298,514.378934526298,514.378934526298,11.192809322004905
E6_popsize_N270,cec2017,29,30,SEHHO-COBL,26,2515420921397167307,300000,300000,3372.962794573371,472.96279457337096,472.96279457337096,9.976390079013072
E6_popsize_N270,cec2017,29,30,SEHHO-COBL,27,1819434473552433535,300000,300000,3407.9749294985845,507.9749294985845,507.9749294985845,9.829753134021303
E6_popsize_N270,cec2017,29,30,SEHHO-COBL,28,7432728068391563657,300000,300000,3411.8154651366262,511.81546513662624,511.81546513662624,9.852660180011299
E6_popsize_N270,cec2017,29,30,SEHHO-COBL,29,3218506620143154119,300000,300000,3400.966551979973,500.9665519799728,500.9665519799728,9.4994101790071
E6_popsize_N540,cec2017,16,30,SEHHO-COBL,0,6763673968269061219,300000,300000,2045.3326577690486,445.33265776904864,445.33265776904864,11.722420937003335
E6_popsize_N540,cec2017,16,30,SEHHO-COBL,1,5753857889213983749,300000,300000,2028.6142831947707,428.6142831947707,428.6142831947707,15.537493909010664
E6_popsize_N540,cec2017,16,30,SEHHO-COBL,2,3111168416292737825,300000,300000,2303.196328506972,703.1963285069719,703.1963285069719,15.63127668897505
E6_popsize_N540,cec2017,16,30,SEHHO-COBL,3,1268526207059792547,300000,300000,2064.004817279646,464.004817279646,464.004817279646,15.640978084993549
E6_popsize_N540,cec2017,16,30,SEHHO-COBL,4,2281368182820232530,300000,300000,2286.3518535453404,686.3518535453404,686.3518535453404,12.115391537983669
E6_popsize_N540,cec2017,16,30,SEHHO-COBL,5,311286238378008884,300000,300000,2052.6519758965846,452.65197589658464,452.65197589658464,10.943617974990048
E6_popsize_N540,cec2017,16,30,SEHHO-COBL,6,1595057883300319409,300000,300000,2110.045223210028,510.04522321002787,510.04522321002787,14.299728810001398
E6_popsize_N540,cec2017,16,30,SEHHO-COBL,7,104969452917440272,300000,300000,2180.9612447278832,580.9612447278832,580.9612447278832,16.055488206009613
E6_popsize_N540,cec2017,16,30,SEHHO-COBL,8,285392586769288708,300000,300000,2263.790665582057,663.790665582057,663.790665582057,14.297930728003848
E6_popsize_N540,cec2017,16,30,SEHHO-COBL,9,4198955871853724428,300000,300000,2209.1093822950415,609.1093822950415,609.1093822950415,14.553727753984276
E6_popsize_N540,cec2017,16,30,SEHHO-COBL,10,1356326278229913389,300000,300000,1994.4933347065225,394.49333470652255,394.49333470652255,10.937739999993937
E6_popsize_N540,cec2017,16,30,SEHHO-COBL,11,2116662051104236772,300000,300000,2058.5401571522702,458.54015715227024,458.54015715227024,11.908451147988671
E6_popsize_N540,cec2017,16,30,SEHHO-COBL,12,3447723058180412429,300000,300000,2144.7344240950156,544.7344240950156,544.7344240950156,15.488461392989848
E6_popsize_N540,cec2017,16,30,SEHHO-COBL,13,8065124906886219103,300000,300000,2208.9351286033984,608.9351286033984,608.9351286033984,15.437366158002988
E6_popsize_N540,cec2017,16,30,SEHHO-COBL,14,2428108628383183779,300000,300000,1866.0116941950132,266.0116941950132,266.0116941950132,15.033579440001631
E6_popsize_N540,cec2017,16,30,SEHHO-COBL,15,2748833919833142181,300000,300000,1995.0693242986717,395.06932429867175,395.06932429867175,9.033023637981387
E6_popsize_N540,cec2017,16,30,SEHHO-COBL,16,3770080290429903551,300000,300000,2207.254629030135,607.2546290301352,607.2546290301352,11.488620609015925
E6_popsize_N540,cec2017,16,30,SEHHO-COBL,17,7974291335165150284,300000,300000,2280.7473120891755,680.7473120891755,680.7473120891755,15.491403631021967
E6_popsize_N540,cec2017,16,30,SEHHO-COBL,18,4433310128786459139,300000,300000,1855.6646133570728,255.66461335707277,255.66461335707277,15.205599663982866
E6_popsize_N540,cec2017,16,30,SEHHO-COBL,19,4469582718399040510,300000,300000,2110.865759415803,510.86575941580304,510.86575941580304,14.993572442996083
E6_popsize_N540,cec2017,16,30,SEHHO-COBL,20,5630409570542859455,300000,300000,2285.676969123603,685.6769691236032,685.6769691236032,10.457672248012386
E6_popsize_N540,cec2017,16,30,SEHHO-COBL,21,3193873973969767282,300000,300000,2383.298912773144,783.2989127731439,783.2989127731439,8.491799401002936
E6_popsize_N540,cec2017,16,30,SEHHO-COBL,22,700086786539519555,300000,300000,2226.5676107580507,626.5676107580507,626.5676107580507,8.6714764359931
E6_popsize_N540,cec2017,16,30,SEHHO-COBL,23,897915023989622729,300000,300000,2291.857920911545,691.8579209115451,691.8579209115451,8.232374610000988
E6_popsize_N540,cec2017,16,30,SEHHO-COBL,24,8863294943031459559,300000,300000,2335.974540184984,735.9745401849841,735.9745401849841,7.971260983002139
E6_popsize_N540,cec2017,16,30,SEHHO-COBL,25,2364398261701258860,300000,300000,2360.9411371356673,760.9411371356673,760.9411371356673,7.970437948999461
E6_popsize_N540,cec2017,16,30,SEHHO-COBL,26,3636379671033111537,300000,300000,1775.3047770772268,175.30477707722684,175.30477707722684,7.702215708006406
E6_popsize_N540,cec2017,16,30,SEHHO-COBL,27,965284177604586126,300000,300000,2256.677098940149,656.6770989401489,656.6770989401489,7.745165153988637
E6_popsize_N540,cec2017,16,30,SEHHO-COBL,28,5149296645480144283,300000,300000,1945.7789729315973,345.7789729315973,345.7789729315973,7.622507616004441
E6_popsize_N540,cec2017,16,30,SEHHO-COBL,29,799099932607554351,300000,300000,2289.0534967612502,689.0534967612502,689.0534967612502,7.553908720990876
E6_popsize_N540,cec2017,17,30,SEHHO-COBL,0,1102161351054606352,300000,300000,1874.4671876069585,174.46718760695853,174.46718760695853,14.792645872017602
E6_popsize_N540,cec2017,17,30,SEHHO-COBL,1,4409889319110983261,300000,300000,1844.2791224315424,144.27912243154242,144.27912243154242,15.858173590007937
E6_popsize_N540,cec2017,17,30,SEHHO-COBL,2,3499344498467545162,300000,300000,1846.6113951342902,146.6113951342902,146.6113951342902,16.854363516991725
E6_popsize_N540,cec2017,17,30,SEHHO-COBL,3,6260561622486734426,300000,300000,1864.1687188794613,164.16871887946127,164.16871887946127,16.083361496013822
E6_popsize_N540,cec2017,17,30,SEHHO-COBL,4,4863267785923809198,300000,300000,1896.2032517433931,196.20325174339314,196.20325174339314,9.738875492999796
E6_popsize_N540,cec2017,17,30,SEHHO-COBL,5,8565934267570642299,300000,300000,1856.0221437895686,156.02214378956864,156.02214378956864,15.859860344004119
E6_popsize_N540,cec2017,17,30,SEHHO-COBL,6,5342545199473145346,300000,300000,1879.5556045165513,179.55560451655128,179.55560451655128,16.22577743200236
E6_popsize_N540,cec2017,17,30,SEHHO-COBL,7,4085326781343914637,300000,300000,1890.4269309010629,190.42693090106286,190.42693090106286,12.611326390004251
E6_popsize_N540,cec2017,17,30,SEHHO-COBL,8,7820616613990424944,300000,300000,1870.7313408205105,170.73134082051047,170.73134082051047,9.505560935009271
E6_popsize_N540,cec2017,17,30,SEHHO-COBL,9,5948337463015160805,300000,300000,1830.896697834283,130.89669783428303,130.89669783428303,15.690511830995092
E6_popsize_N540,cec2017,17,30,SEHHO-COBL,10,7345310012289667987,300000,300000,1891.629718904123,191.6297189041229,191.6297189041229,14.833447489974787
E6_popsize_N540,cec2017,17,30,SEHHO-COBL,11,5979605135059687458,300000,300000,1852.2859530381472,152.28595303814723,152.28595303814723,9.285994493984617
E6_popsize_N540,cec2017,17,30,SEHHO-COBL,12,2696258053039534328,300000,300000,1892.4503310152961,192.45033101529611,192.45033101529611,9.430150044005131
E6_popsize_N540,cec2017,17,30,SEHHO-COBL,13,1878961335872498706,300000,300000,1837.519405883015,137.519405883015,137.519405883015,16.458849727001507
E6_popsize_N540,cec2017,17,30,SEHHO-COBL,14,7271368569305281607,300000,300000,1894.7733056292386,194.77330562923862,194.77330562923862,11.586582727992209
E6_popsize_N540,cec2017,17,30,SEHHO-COBL,15,195989129447719397,300000,300000,1888.863559576329,188.86355957632895,188.86355957632895,9.049442443996668
E6_popsize_N540,cec2017,17,30,SEHHO-COBL,16,101872906167239227,300000,300000,1841.4752627596483,141.47526275964833,141.47526275964833,9.21495824799058
E6_popsize_N540,cec2017,17,30,SEHHO-COBL,17,724855418299035495,300000,300000,1820.9418120543924,120.94181205439236,120.94181205439236,9.075855223985855
E6_popsize_N540,cec2017,17,30,SEHHO-COBL,18,7506188335419867320,300000,300000,1864.1200048838218,164.12000488382182,164.12000488382182,8.883607241994468
E6_popsize_N540,cec2017,17,30,SEHHO-COBL,19,7523112540014131731,300000,300000,1812.1423427672385,112.14234276723846,112.14234276723846,8.767560070991749
E6_popsize_N540,cec2017,17,30,SEHHO-COBL,20,7973926787644653709,300000,300000,1885.1005017710963,185.10050177109633,185.10050177109633,8.874648177006748
E6_popsize_N540,cec2017,17,30,SEHHO-COBL,21,7297212205586336534,300000,300000,1830.3316525442153,130.33165254421533,130.33165254421533,9.050987983006053
E6_popsize_N540,cec2017,17,30,SEHHO-COBL,22,8512399534134579277,300000,300000,1839.2025043688534,139.2025043688534,139.2025043688534,8.74273992900271
E6_popsize_N540,cec2017,17,30,SEHHO-COBL,23,4041286390507944106,300000,300000,1864.5128520491826,164.51285204918258,164.51285204918258,8.774733495985856
E6_popsize_N540,cec2017,17,30,SEHHO-COBL,24,5287263517494116474,300000,300000,1811.490997626308,111.49099762630794,111.49099762630794,12.693514143000357
E6_popsize_N540,cec2017,17,30,SEHHO-COBL,25,7806002766627823599,300000,300000,1868.7042330060965,168.7042330060965,168.7042330060965,8.258834278996801
E6_popsize_N540,cec2017,17,30,SEHHO-COBL,26,6721268236786193851,300000,300000,1823.9978112650783,123.99781126507833,123.99781126507833,8.23296291398583
E6_popsize_N540,cec2017,17,30,SEHHO-COBL,27,5237535933016751847,300000,300000,1800.2054241359967,100.20542413599674,100.20542413599674,8.259693790983874
E6_popsize_N540,cec2017,17,30,SEHHO-COBL,28,4313281915080404179,300000,300000,1876.1262937932922,176.12629379329223,176.12629379329223,8.204666300007375
E6_popsize_N540,cec2017,17,30,SEHHO-COBL,29,6614803925267288103,300000,300000,1812.4485890158471,112.44858901584712,112.44858901584712,8.22031684499234
E6_popsize_N540,cec2017,22,30,SEHHO-COBL,0,4400923962744063327,300000,300000,2300.000000000001,100.00000000000091,100.00000000000091,14.05841167300241
E6_popsize_N540,cec2017,22,30,SEHHO-COBL,1,6290854051897962296,300000,300000,2300.000000000001,100.00000000000091,100.00000000000091,17.84374756901525
E6_popsize_N540,cec2017,22,30,SEHHO-COBL,2,3385490095201956051,300000,300000,2300.000000000001,100.00000000000091,100.00000000000091,16.84494234700105
E6_popsize_N540,cec2017,22,30,SEHHO-COBL,3,5216091923273742644,300000,300000,2300.000000000001,100.00000000000091,100.00000000000091,10.612814043997787
E6_popsize_N540,cec2017,22,30,SEHHO-COBL,4,6227512700094685165,300000,300000,2300.000000000001,100.00000000000091,100.00000000000091,10.760312985017663
E6_popsize_N540,cec2017,22,30,SEHHO-COBL,5,7521898994480180524,300000,300000,2300.000000000001,100.00000000000091,100.00000000000091,10.355288526014192
E6_popsize_N540,cec2017,22,30,SEHHO-COBL,6,815542754149391674,300000,300000,2300.000000000001,100.00000000000091,100.00000000000091,11.341528019984253
E6_popsize_N540,cec2017,22,30,SEHHO-COBL,7,8922944956660876682,300000,300000,2300.000000000001,100.00000000000091,100.00000000000091,10.689992240979336
E6_popsize_N540,cec2017,22,30,SEHHO-COBL,8,635542377730628534,300000,300000,2300.000000000001,100.00000000000091,100.00000000000091,14.310926773992833
E6_popsize_N540,cec2017,22,30,SEHHO-COBL,9,3105695687834921905,300000,300000,2300.000000000001,100.00000000000091,100.00000000000091,10.720615258003818
E6_popsize_N540,cec2017,22,30,SEHHO-COBL,10,4981992869417517144,300000,300000,2300.000000000001,100.00000000000091,100.00000000000091,15.618686774978414
E6_popsize_N540,cec2017,22,30,SEHHO-COBL,11,4683812017632422450,300000,300000,2300.000000000001,100.00000000000091,100.00000000000091,13.424060525983805
E6_popsize_N540,cec2017,22,30,SEHHO-COBL,12,126063878123374861,300000,300000,2300.000000000001,100.00000000000091,100.00000000000091,12.49421116799931
E6_popsize_N540,cec2017,22,30,SEHHO-COBL,13,2393527978801158034,300000,300000,2300.000000000001,100.00000000000091,100.00000000000091,17.49801180200302
E6_popsize_N540,cec2017,22,30,SEHHO-COBL,14,5001592928344895659,300000,300000,2300.000000000001,100.00000000000091,100.00000000000091,11.5980175040022
E6_popsize_N540,cec2017,22,30,SEHHO-COBL,15,8862728693906283535,300000,300000,2300.000000000001,100.00000000000091,100.00000000000091,10.39840542699676
E6_popsize_N540,cec2017,22,30,SEHHO-COBL,16,3024122217097184681,300000,300000,2300.000000000001,100.00000000000091,100.00000000000091,10.975422016985249
E6_popsize_N540,cec2017,22,30,SEHHO-COBL,17,8688124989185204207,300000,300000,2300.000000000001,100.00000000000091,100.00000000000091,10.04527101299027
E6_popsize_N540,cec2017,22,30,SEHHO-COBL,18,4815673123429480540,300000,300000,2300.000000000001,100.00000000000091,100.00000000000091,9.87438823300181
E6_popsize_N540,cec2017,22,30,SEHHO-COBL,19,317610138834134696,300000,300000,2300.000000000001,100.00000000000091,100.00000000000091,9.849549525999464
E6_popsize_N540,cec2017,22,30,SEHHO-COBL,20,3992130632266332058,300000,300000,2300.000000000001,100.00000000000091,100.00000000000091,9.751211271010106
E6_popsize_N540,cec2017,22,30,SEHHO-COBL,21,4296364443657387288,300000,300000,2300.000000000001,100.00000000000091,100.00000000000091,9.767255202983506
E6_popsize_N540,cec2017,22,30,SEHHO-COBL,22,2423657618959614173,300000,300000,2300.000000000001,100.00000000000091,100.00000000000091,9.551775967003778
E6_popsize_N540,cec2017,22,30,SEHHO-COBL,23,6275547632786053181,300000,300000,2300.000000000001,100.00000000000091,100.00000000000091,9.660117263993016
E6_popsize_N540,cec2017,22,30,SEHHO-COBL,24,8200129131780544899,300000,300000,2300.000000000001,100.00000000000091,100.00000000000091,9.319139420986176
E6_popsize_N540,cec2017,22,30,SEHHO-COBL,25,270734666191578439,300000,300000,2300.000000000001,100.00000000000091,100.00000000000091,9.301961140998174
E6_popsize_N540,cec2017,22,30,SEHHO-COBL,26,2736279424781678585,300000,300000,2300.000000000001,100.00000000000091,100.00000000000091,9.25988287900691
E6_popsize_N540,cec2017,22,30,SEHHO-COBL,27,1703649249037714349,300000,300000,2300.000000000001,100.00000000000091,100.00000000000091,8.903564131993335
E6_popsize_N540,cec2017,22,30,SEHHO-COBL,28,3782642761663782803,300000,300000,2300.000000000001,100.00000000000091,100.00000000000091,8.972534284024732
E6_popsize_N540,cec2017,22,30,SEHHO-COBL,29,4148215353621484764,300000,300000,2300.000000000001,100.00000000000091,100.00000000000091,9.02044471501722
E6_popsize_N540,cec2017,11,30,SEHHO-COBL,0,4703131825495107041,300000,300000,1106.9647083618393,6.964708361839257,6.964708361839257,16.37429224900552
E6_popsize_N540,cec2017,11,30,SEHHO-COBL,1,8964302708300842220,300000,300000,1119.8991458325113,19.899145832511294,19.899145832511294,16.183187399990857
E6_popsize_N540,cec2017,11,30,SEHHO-COBL,2,4449798951876458063,300000,300000,1119.8991407938752,19.899140793875176,19.899140793875176,16.315534612018382
E6_popsize_N540,cec2017,11,30,SEHHO-COBL,3,8121141012070893531,300000,300000,1183.5059527585659,83.50595275856585,83.50595275856585,15.613661799987312
E6_popsize_N540,cec2017,11,30,SEHHO-COBL,4,7914797126767284034,300000,300000,1105.9899343729323,5.989934372932339,5.989934372932339,16.338886742014438
E6_popsize_N540,cec2017,11,30,SEHHO-COBL,5,171558432461493482,300000,300000,1117.9092479142223,17.909247914222306,17.909247914222306,16.843361331004417
E6_popsize_N540,cec2017,11,30,SEHHO-COBL,6,7077411704148865560,300000,300000,1111.9394986094817,11.939498609481689,11.939498609481689,16.780438351997873
E6_popsize_N540,cec2017,11,30,SEHHO-COBL,7,390101447351559955,300000,300000,1180.9041895424466,80.9041895424466,80.9041895424466,15.78253474101075
E6_popsize_N540,cec2017,11,30,SEHHO-COBL,8,6482417268045573192,300000,300000,1124.8739310415226,24.87393104152261,24.87393104152261,16.973123495001346
E6_popsize_N540,cec2017,11,30,SEHHO-COBL,9,347938751500120061,300000,300000,1107.9596674189538,7.9596674189538135,7.9596674189538135,16.709277861984447
E6_popsize_N540,cec2017,11,30,SEHHO-COBL,10,2101548553381989193,300000,300000,1114.9311607425122,14.931160742512247,14.931160742512247,16.579160833003698
E6_popsize_N540,cec2017,11,30,SEHHO-COBL,11,6226105847892832358,300000,300000,1108.954626476212,8.95462647621207,8.95462647621207,16.870390928001143
E6_popsize_N540,cec2017,11,30,SEHHO-COBL,12,5027884452223959551,300000,300000,1171.9186535471931,71.91865354719312,71.91865354719312,16.217358641995816
E6_popsize_N540,cec2017,11,30,SEHHO-COBL,13,1362461628232157938,300000,300000,1124.880741152404,24.88074115240397,24.88074115240397,16.62747253701673
E6_popsize_N540,cec2017,11,30,SEHHO-COBL,14,1315373987416410092,300000,300000,1114.924355584047,14.924355584046907,14.924355584046907,16.439650335989427
E6_popsize_N540,cec2017,11,30,SEHHO-COBL,15,7011988302130228229,300000,300000,1109.949585533114,9.949585533114032,9.949585533114032,16.509145751973847
E6_popsize_N540,cec2017,11,30,SEHHO-COBL,16,3622566877043044934,300000,300000,1122.890828076036,22.890828076036087,22.890828076036087,16.209927815012634
E6_popsize_N540,cec2017,11,30,SEHHO-COBL,17,635891645494462696,300000,300000,1174.0898166570007,74.08981665700071,74.08981665700071,15.210341296973638
E6_popsize_N540,cec2017,11,30,SEHHO-COBL,18,6279895147890319763,300000,300000,1124.8739360793418,24.873936079341775,24.873936079341775,16.123379002994625
E6_popsize_N540,cec2017,11,30,SEHHO-COBL,19,2559231057452328587,300000,300000,1112.9344576672045,12.93445766720447,12.93445766720447,9.48997856900678
E6_popsize_N540,cec2017,11,30,SEHHO-COBL,20,3893592408446200830,300000,300000,1182.8631481855696,82.86314818556957,82.86314818556957,8.018201464001322
E6_popsize_N540,cec2017,11,30,SEHHO-COBL,21,4436476992725323351,300000,300000,1115.926119714202,15.92611971420206,15.92611971420206,8.305077452998376
E6_popsize_N540,cec2017,11,30,SEHHO-COBL,22,9160598183739217743,300000,300000,1111.9394986094815,11.939498609481461,11.939498609481461,7.868540277995635
E6_popsize_N540,cec2017,11,30,SEHHO-COBL,23,8341118110410986056,300000,300000,1176.8934241153818,76.89342411538178,76.89342411538178,7.308024347003084
E6_popsize_N540,cec2017,11,30,SEHHO-COBL,24,6881999844929940616,300000,300000,1122.8841933178571,22.884193317857125,22.884193317857125,7.211277277005138
E6_popsize_N540,cec2017,11,30,SEHHO-COBL,25,5119632990750473104,300000,300000,1113.9294167236683,13.929416723668282,13.929416723668282,7.449668175977422
E6_popsize_N540,cec2017,11,30,SEHHO-COBL,26,7290610488464153069,300000,300000,1118.7758612985322,18.775861298532163,18.775861298532163,7.10036207298981
E6_popsize_N540,cec2017,11,30,SEHHO-COBL,27,1688219021849208044,300000,300000,1125.8688900986167,25.868890098616703,25.868890098616703,7.281763903010869
E6_popsize_N540,cec2017,11,30,SEHHO-COBL,28,1792934521878239878,300000,300000,1130.8436601502638,30.84366015026376,30.84366015026376,7.280858815007377
E6_popsize_N540,cec2017,11,30,SEHHO-COBL,29,5432528302096303255,300000,300000,1112.9344576666972,12.934457666697199,12.934457666697199,7.454257594014052
E6_popsize_N540,cec2017,18,30,SEHHO-COBL,0,3520573244187609386,300000,300000,1823.7031973186981,23.70319731869813,23.70319731869813,15.849780447984813
E6_popsize_N540,cec2017,18,30,SEHHO-COBL,1,8342844301740394359,300000,300000,1829.7751273279766,29.775127327976634,29.775127327976634,15.926550408010371
E6_popsize_N540,cec2017,18,30,SEHHO-COBL,2,5445972647639656185,300000,300000,1828.9305657529237,28.930565752923712,28.930565752923712,15.942952392011648
E6_popsize_N540,cec2017,18,30,SEHHO-COBL,3,5472452325370443941,300000,300000,1828.9442916794687,28.944291679468733,28.944291679468733,15.6815989940078
E6_popsize_N540,cec2017,18,30,SEHHO-COBL,4,3629552587528561534,300000,300000,1838.9392826301635,38.93928263016346,38.93928263016346,15.245198254997376
E6_popsize_N540,cec2017,18,30,SEHHO-COBL,5,5841853973926560800,300000,300000,1822.8002279649752,22.800227964975193,22.800227964975193,15.320690138993086
E6_popsize_N540,cec2017,18,30,SEHHO-COBL,6,540051475942759081,300000,300000,1826.9765423879664,26.976542387966447,26.976542387966447,15.257613160996698
E6_popsize_N540,cec2017,18,30,SEHHO-COBL,7,1056602683024045746,300000,300000,1866.8990123625872,66.8990123625872,66.8990123625872,15.188822155992966
E6_popsize_N540,cec2017,18,30,SEHHO-COBL,8,8173879395402043657,300000,300000,1832.1140106114428,32.114010611442836,32.114010611442836,15.182008345000213
E6_popsize_N540,cec2017,18,30,SEHHO-COBL,9,1305755642247519804,300000,300000,1830.993605253488,30.993605253488113,30.993605253488113,15.278134120017057
E6_popsize_N540,cec2017,18,30,SEHHO-COBL,10,939541944592654981,300000,300000,1858.0585909122672,58.058590912267164,58.058590912267164,15.23128699400695
E6_popsize_N540,cec2017,18,30,SEHHO-COBL,11,3543421742884526419,300000,300000,1836.8861523037708,36.886152303770814,36.886152303770814,14.795949988998473
E6_popsize_N540,cec2017,18,30,SEHHO-COBL,12,4340076590265349915,300000,300000,1836.9982274703236,36.99822747032363,36.99822747032363,15.05466214401531
E6_popsize_N540,cec2017,18,30,SEHHO-COBL,13,1251601772209577546,300000,300000,1828.5375354381038,28.53753543810376,28.53753543810376,14.931917522015283
E6_popsize_N540,cec2017,18,30,SEHHO-COBL,14,5461123342225190662,300000,300000,1842.6621698867293,42.662169886729316,42.662169886729316,14.705257616005838
E6_popsize_N540,cec2017,18,30,SEHHO-COBL,15,3097544620179300829,300000,300000,1828.1955280812128,28.195528081212842,28.195528081212842,14.74233976699179
E6_popsize_N540,cec2017,18,30,SEHHO-COBL,16,9178834515957512066,300000,300000,1839.8877447638413,39.88774476384128,39.88774476384128,14.647727731004125
E6_popsize_N540,cec2017,18,30,SEHHO-COBL,17,5869897440367425654,300000,300000,1827.9698132136666,27.96981321366661,27.96981321366661,8.476310739992186
E6_popsize_N540,cec2017,18,30,SEHHO-COBL,18,8707017868530444271,300000,300000,1823.154549687017,23.154549687016925,23.154549687016925,7.674847476009745
E6_popsize_N540,cec2017,18,30,SEHHO-COBL,19,1879806692121278312,300000,300000,1824.9895297422675,24.98952974226745,24.98952974226745,7.628071141021792
E6_popsize_N540,cec2017,18,30,SEHHO-COBL,20,142960456834776429,300000,300000,1822.4540603141315,22.45406031413154,22.45406031413154,7.591979707998689
E6_popsize_N540,cec2017,18,30,SEHHO-COBL,21,7059686496543967052,300000,300000,1844.7200473940043,44.72004739400427,44.72004739400427,7.4881243650161196
E6_popsize_N540,cec2017,18,30,SEHHO-COBL,22,5688527535192551952,300000,300000,1845.1064217519558,45.10642175195585,45.10642175195585,7.6315994579927064
E6_popsize_N540,cec2017,18,30,SEHHO-COBL,23,4626641680408141949,300000,300000,1872.9389102667608,72.93891026676079,72.93891026676079,7.683753619989147
E6_popsize_N540,cec2017,18,30,SEHHO-COBL,24,4717666789565027936,300000,300000,1824.006021371988,24.006021371988027,24.006021371988027,7.337485124007799
E6_popsize_N540,cec2017,18,30,SEHHO-COBL,25,265917586337935901,300000,300000,1829.262703000664,29.262703000664033,29.262703000664033,7.1457892160105985
E6_popsize_N540,cec2017,18,30,SEHHO-COBL,26,5664824409466687382,300000,300000,1821.4558605609066,21.455860560906558,21.455860560906558,7.08131367500755
E6_popsize_N540,cec2017,18,30,SEHHO-COBL,27,5426185080357538666,300000,300000,1840.6536981971603,40.65369819716034,40.65369819716034,6.926950740016764
E6_popsize_N540,cec2017,18,30,SEHHO-COBL,28,681884545719661457,300000,300000,1821.9163707957225,21.916370795722514,21.916370795722514,6.93932105199201
E6_popsize_N540,cec2017,18,30,SEHHO-COBL,29,3252149635296739720,300000,300000,1824.1373907612503,24.137390761250344,24.137390761250344,7.020351904007839
E6_popsize_N540,cec2017,20,30,SEHHO-COBL,0,1159133516333871546,300000,300000,2181.6899772246193,181.68997722461927,181.68997722461927,10.286980898003094
E6_popsize_N540,cec2017,20,30,SEHHO-COBL,1,626832582629183583,300000,300000,2133.980992110017,133.9809921100168,133.9809921100168,9.273104427004
E6_popsize_N540,cec2017,20,30,SEHHO-COBL,2,778111662593693315,300000,300000,2245.7489795123192,245.74897951231924,245.74897951231924,9.372927788004745
E6_popsize_N540,cec2017,20,30,SEHHO-COBL,3,8020855520749821739,300000,300000,2189.0185408130824,189.01854081308238,189.01854081308238,9.360949280002387
E6_popsize_N540,cec2017,20,30,SEHHO-COBL,4,6097666432795159470,300000,300000,2308.8536738084886,308.85367380848857,308.85367380848857,9.471686270000646
E6_popsize_N540,cec2017,20,30,SEHHO-COBL,5,6098484055905149712,300000,300000,2201.5831378948747,201.58313789487465,201.58313789487465,15.547596488002455
E6_popsize_N540,cec2017,20,30,SEHHO-COBL,6,1093598372011283909,300000,300000,2248.333610180218,248.33361018021787,248.33361018021787,10.695985522004776
E6_popsize_N540,cec2017,20,30,SEHHO-COBL,7,841156088684636772,300000,300000,2183.3064252162553,183.30642521625532,183.30642521625532,17.843550880003022
E6_popsize_N540,cec2017,20,30,SEHHO-COBL,8,4294916217125407834,300000,300000,2191.0495046107385,191.0495046107385,191.0495046107385,16.60733489698032
E6_popsize_N540,cec2017,20,30,SEHHO-COBL,9,6419997875646882333,300000,300000,2193.701467282017,193.7014672820169,193.7014672820169,11.96424718000344
E6_popsize_N540,cec2017,20,30,SEHHO-COBL,10,2140631519399176378,300000,300000,2185.659070185149,185.65907018514918,185.65907018514918,17.57666278097895
E6_popsize_N540,cec2017,20,30,SEHHO-COBL,11,7181614611477530620,300000,300000,2270.096746878099,270.0967468780991,270.0967468780991,17.44952592201298
E6_popsize_N540,cec2017,20,30,SEHHO-COBL,12,7086264114542098845,300000,300000,2172.351107788277,172.3511077882772,172.3511077882772,14.961992099997588
E6_popsize_N540,cec2017,20,30,SEHHO-COBL,13,9108999430041647941,300000,300000,2321.2505073264288,321.25050732642876,321.25050732642876,9.363870860019233
E6_popsize_N540,cec2017,20,30,SEHHO-COBL,14,7365793073966277882,300000,300000,2284.381669284618,284.38166928461806,284.38166928461806,9.484595333022298
E6_popsize_N540,cec2017,20,30,SEHHO-COBL,15,6874318279618500114,300000,300000,2273.514437039584,273.5144370395842,273.5144370395842,12.490056223992724
E6_popsize_N540,cec2017,20,30,SEHHO-COBL,16,7533183977180502407,300000,300000,2173.103912512217,173.103912512217,173.103912512217,17.44585521600675
E6_popsize_N540,cec2017,20,30,SEHHO-COBL,17,3681756668925609318,300000,300000,2171.713267253306,171.71326725330619,171.71326725330619,17.130974341998808
E6_popsize_N540,cec2017,20,30,SEHHO-COBL,18,1428845856820306722,300000,300000,2150.9481914973444,150.9481914973444,150.9481914973444,14.37534473699634
E6_popsize_N540,cec2017,20,30,SEHHO-COBL,19,9043891631641973956,300000,300000,2299.350904843706,299.35090484370585,299.35090484370585,9.399046855978668
E6_popsize_N540,cec2017,20,30,SEHHO-COBL,20,1742673852704390498,300000,300000,2224.4789563134764,224.47895631347637,224.47895631347637,10.17100820702035
E6_popsize_N540,cec2017,20,30,SEHHO-COBL,21,8389938598948434253,300000,300000,2238.793691050097,238.7936910500971,238.7936910500971,12.819160547020147
E6_popsize_N540,cec2017,20,30,SEHHO-COBL,22,1878280664268342196,300000,300000,2213.5040042394808,213.50400423948076,213.50400423948076,8.930088721972425
E6_popsize_N540,cec2017,20,30,SEHHO-COBL,23,1915173418757155537,300000,300000,2257.1226125740154,257.1226125740154,257.1226125740154,8.835661042016
E6_popsize_N540,cec2017,20,30,SEHHO-COBL,24,4374109638028696515,300000,300000,2180.0566219302673,180.05662193026728,180.05662193026728,8.571385624003597
E6_popsize_N540,cec2017,20,30,SEHHO-COBL,25,2386525576354934432,300000,300000,2266.1223203523964,266.1223203523964,266.1223203523964,8.404074582998874
E6_popsize_N540,cec2017,20,30,SEHHO-COBL,26,4759000494826960488,300000,300000,2199.2014569675766,199.20145696757663,199.20145696757663,8.567113631987013
E6_popsize_N540,cec2017,20,30,SEHHO-COBL,27,1813826139951879424,300000,300000,2163.21610639418,163.21610639417986,163.21610639417986,8.459781397978077
E6_popsize_N540,cec2017,20,30,SEHHO-COBL,28,4540012804362389082,300000,300000,2177.6202005229143,177.62020052291427,177.62020052291427,8.459681109001394
E6_popsize_N540,cec2017,20,30,SEHHO-COBL,29,7233512106273025156,300000,300000,2195.525478342848,195.52547834284815,195.52547834284815,8.46401729300851
E6_popsize_N540,cec2017,23,30,SEHHO-COBL,0,8916113056176099968,300000,300000,2718.404146146954,418.4041461469542,418.4041461469542,10.64095318299951
E6_popsize_N540,cec2017,23,30,SEHHO-COBL,1,7191911429389983648,300000,300000,2723.1896266359445,423.1896266359445,423.1896266359445,13.338993864017539
E6_popsize_N540,cec2017,23,30,SEHHO-COBL,2,6682806869569517805,300000,300000,2708.1457785367397,408.1457785367397,408.1457785367397,18.987489807012025
E6_popsize_N540,cec2017,23,30,SEHHO-COBL,3,7889892058928006148,300000,300000,2719.6475742867406,419.64757428674056,419.64757428674056,18.994502621004358
E6_popsize_N540,cec2017,23,30,SEHHO-COBL,4,2374527310176889439,300000,300000,2700.6220230457175,400.62202304571747,400.62202304571747,11.29646964801941
E6_popsize_N540,cec2017,23,30,SEHHO-COBL,5,7872988637375064442,300000,300000,2723.4728167572416,423.4728167572416,423.4728167572416,10.419463352998719
E6_popsize_N540,cec2017,23,30,SEHHO-COBL,6,5266162795170776245,300000,300000,2707.1186849299083,407.11868492990834,407.11868492990834,11.056874139991123
E6_popsize_N540,cec2017,23,30,SEHHO-COBL,7,5666749513647031248,300000,300000,2710.01648725923,410.01648725922996,410.01648725922996,11.016634815983707
E6_popsize_N540,cec2017,23,30,SEHHO-COBL,8,789207720241251181,300000,300000,2724.571324675856,424.571324675856,424.571324675856,10.829902489000233
E6_popsize_N540,cec2017,23,30,SEHHO-COBL,9,1987436397006215364,300000,300000,2713.468717449712,413.46871744971213,413.46871744971213,14.887441562023014
E6_popsize_N540,cec2017,23,30,SEHHO-COBL,10,4208100840614254126,300000,300000,2715.1402763635892,415.14027636358924,415.14027636358924,13.488997331995051
E6_popsize_N540,cec2017,23,30,SEHHO-COBL,11,41951319641458097,300000,300000,2714.5089625750393,414.5089625750393,414.5089625750393,16.876806611020584
E6_popsize_N540,cec2017,23,30,SEHHO-COBL,12,7201414797856738781,300000,300000,2710.8826847441164,410.88268474411643,410.88268474411643,17.727123406977626
E6_popsize_N540,cec2017,23,30,SEHHO-COBL,13,394483192930806843,300000,300000,2707.4521991176853,407.45219911768527,407.45219911768527,14.731826088012895
E6_popsize_N540,cec2017,23,30,SEHHO-COBL,14,5662427301323879137,300000,300000,2709.588019985029,409.58801998502895,409.58801998502895,10.551406478014542
E6_popsize_N540,cec2017,23,30,SEHHO-COBL,15,6291977146736732789,300000,300000,2708.2903966691783,408.29039666917834,408.29039666917834,9.940803131990833
E6_popsize_N540,cec2017,23,30,SEHHO-COBL,16,6828110769129405013,300000,300000,2703.028740195789,403.02874019578894,403.02874019578894,9.64562238700455
E6_popsize_N540,cec2017,23,30,SEHHO-COBL,17,2923840323693395455,300000,300000,2707.397073395843,407.3970733958431,407.3970733958431,9.747072086989647
E6_popsize_N540,cec2017,23,30,SEHHO-COBL,18,1645832559545676090,300000,300000,2705.784517247619,405.7845172476191,405.7845172476191,13.114669997972669
E6_popsize_N540,cec2017,23,30,SEHHO-COBL,19,4384154290135248905,300000,300000,2703.552123911985,403.55212391198484,403.55212391198484,18.13656319800066
E6_popsize_N540,cec2017,23,30,SEHHO-COBL,20,5669238482131805196,300000,300000,2703.0509505998693,403.05095059986934,403.05095059986934,9.96475535701029
E6_popsize_N540,cec2017,23,30,SEHHO-COBL,21,4945330598357941598,300000,300000,2720.7924925107795,420.79249251077954,420.79249251077954,9.583151756000007
E6_popsize_N540,cec2017,23,30,SEHHO-COBL,22,4131231524856408455,300000,300000,2712.1002850174063,412.10028501740635,412.10028501740635,9.405568177986424
E6_popsize_N540,cec2017,23,30,SEHHO-COBL,23,1994110646434260688,300000,300000,2710.2743130610684,410.27431306106837,410.27431306106837,9.7067948319891
E6_popsize_N540,cec2017,23,30,SEHHO-COBL,24,6542610347482219688,300000,300000,2719.1720711950657,419.17207119506566,419.17207119506566,9.247546200000215
E6_popsize_N540,cec2017,23,30,SEHHO-COBL,25,4875750525888256871,300000,300000,2704.7236375478165,404.72363754781645,404.72363754781645,8.9370310230006
E6_popsize_N540,cec2017,23,30,SEHHO-COBL,26,2414325072894081990,300000,300000,2719.996033662334,419.99603366233396,419.99603366233396,9.236653920001118
E6_popsize_N540,cec2017,23,30,SEHHO-COBL,27,8455098438122284961,300000,300000,2705.0020924899754,405.00209248997544,405.00209248997544,9.263629626017064
E6_popsize_N540,cec2017,23,30,SEHHO-COBL,28,1349012979001110361,300000,300000,2711.628765009992,411.6287650099921,411.6287650099921,9.012601134018041
E6_popsize_N540,cec2017,23,30,SEHHO-COBL,29,4565558758086652028,300000,300000,2704.243381568552,404.2433815685522,404.2433815685522,8.892879822989926
E6_popsize_N540,cec2017,25,30,SEHHO-COBL,0,6955588035634367200,300000,300000,2886.7578173741604,386.75781737416037,386.75781737416037,18.967590103013208
E6_popsize_N540,cec2017,25,30,SEHHO-COBL,1,7551230376259208924,300000,300000,2887.075591877887,387.07559187788684,387.07559187788684,18.99859114800347
E6_popsize_N540,cec2017,25,30,SEHHO-COBL,2,3944691333955284106,300000,300000,2886.8210629504474,386.8210629504474,386.8210629504474,18.94871990897809
E6_popsize_N540,cec2017,25,30,SEHHO-COBL,3,7208601719665337489,300000,300000,2886.773106896192,386.7731068961921,386.7731068961921,19.27454340798431
E6_popsize_N540,cec2017,25,30,SEHHO-COBL,4,1016531385643334464,300000,300000,2886.8439202863824,386.8439202863824,386.8439202863824,19.180163798999274
E6_popsize_N540,cec2017,25,30,SEHHO-COBL,5,560844609207915783,300000,300000,2886.83458142011,386.8345814201102,386.8345814201102,19.259947521990398
E6_popsize_N540,cec2017,25,30,SEHHO-COBL,6,2692541983997949001,300000,300000,2886.784448631986,386.7844486319859,386.7844486319859,18.91760915701161
E6_popsize_N540,cec2017,25,30,SEHHO-COBL,7,8990046345781117651,300000,300000,2886.977200510366,386.97720051036595,386.97720051036595,14.647679961984977
E6_popsize_N540,cec2017,25,30,SEHHO-COBL,8,237249039760031642,300000,300000,2886.751813094191,386.7518130941912,386.7518130941912,14.525657855992904
E6_popsize_N540,cec2017,25,30,SEHHO-COBL,9,3498681563365617717,300000,300000,2886.78389758278,386.7838975827799,386.7838975827799,10.55562518001534
E6_popsize_N540,cec2017,25,30,SEHHO-COBL,10,3246477800642044542,300000,300000,2886.7928966085365,386.79289660853647,386.79289660853647,10.017177871981403
E6_popsize_N540,cec2017,25,30,SEHHO-COBL,11,4801224608632095568,300000,300000,2886.7831436793667,386.78314367936673,386.78314367936673,9.983325818000594
E6_popsize_N540,cec2017,25,30,SEHHO-COBL,12,1135090440104712579,300000,300000,2886.7198146914766,386.7198146914766,386.7198146914766,9.464939786004834
E6_popsize_N540,cec2017,25,30,SEHHO-COBL,13,1369973262625551417,300000,300000,2886.826832827136,386.82683282713606,386.82683282713606,9.307954893010901
E6_popsize_N540,cec2017,25,30,SEHHO-COBL,14,2127734511465014080,300000,300000,2886.8224766447147,386.8224766447147,386.8224766447147,9.422887361986795
E6_popsize_N540,cec2017,25,30,SEHHO-COBL,15,1846540136103118799,300000,300000,2886.8320800963184,386.83208009631835,386.83208009631835,9.362869852018775
E6_popsize_N540,cec2017,25,30,SEHHO-COBL,16,1061151137419861989,300000,300000,2886.800706026078,386.80070602607793,386.80070602607793,9.446234040980926
E6_popsize_N540,cec2017,25,30,SEHHO-COBL,17,2115833794214792519,300000,300000,2886.7767320047315,386.77673200473146,386.77673200473146,9.604502742993645
E6_popsize_N540,cec2017,25,30,SEHHO-COBL,18,8554249001902224913,300000,300000,2886.7648457527484,386.76484575274844,386.76484575274844,9.532233544014161
E6_popsize_N540,cec2017,25,30,SEHHO-COBL,19,4024404361289459645,300000,300000,2886.789224352971,386.7892243529709,386.7892243529709,9.076239565009018
E6_popsize_N540,cec2017,25,30,SEHHO-COBL,20,3792612869913932358,300000,300000,2886.78564242438,386.78564242438006,386.78564242438006,8.847467737010447
E6_popsize_N540,cec2017,25,30,SEHHO-COBL,21,3004161485224904162,300000,300000,2886.799802162393,386.799802162393,386.799802162393,8.860874353005784
E6_popsize_N540,cec2017,25,30,SEHHO-COBL,22,4447289130902356857,300000,300000,2886.794887145587,386.7948871455869,386.7948871455869,8.597764241014374
E6_popsize_N540,cec2017,25,30,SEHHO-COBL,23,7343309721327068030,300000,300000,2886.815456881396,386.81545688139613,386.81545688139613,8.457551285013324
E6_popsize_N540,cec2017,25,30,SEHHO-COBL,24,1092103508054255863,300000,300000,2886.7614632254063,386.76146322540626,386.76146322540626,8.51484371299739
E6_popsize_N540,cec2017,25,30,SEHHO-COBL,25,9193017212259633943,300000,300000,2886.8306643089168,386.83066430891677,386.83066430891677,8.62616198300384
E6_popsize_N540,cec2017,25,30,SEHHO-COBL,26,7097226757259638991,300000,300000,2886.7408988982716,386.74089889827155,386.74089889827155,8.530627608008217
E6_popsize_N540,cec2017,25,30,SEHHO-COBL,27,7838085036978372629,300000,300000,2886.798819773164,386.7988197731638,386.7988197731638,8.616533184016589
E6_popsize_N540,cec2017,25,30,SEHHO-COBL,28,8731499679106567074,300000,300000,2886.8214837627106,386.8214837627106,386.8214837627106,8.665962043014588
E6_popsize_N540,cec2017,25,30,SEHHO-COBL,29,8347569661879305688,300000,300000,2886.8715724756075,386.87157247560754,386.87157247560754,8.653120656992542
E6_popsize_N540,cec2017,24,30,SEHHO-COBL,0,14262802250325347,300000,300000,2877.563570198189,477.56357019818915,477.56357019818915,17.994834188983077
E6_popsize_N540,cec2017,24,30,SEHHO-COBL,1,5406087425029506498,300000,300000,2875.594147632178,475.5941476321782,475.5941476321782,18.023626181995496
E6_popsize_N540,cec2017,24,30,SEHHO-COBL,2,2774936765971095722,300000,300000,2882.775824014775,482.775824014775,482.775824014775,18.10462407200248
E6_popsize_N540,cec2017,24,30,SEHHO-COBL,3,908538474032174162,300000,300000,2883.735827882228,483.735827882228,483.735827882228,18.01988070597872
E6_popsize_N540,cec2017,24,30,SEHHO-COBL,4,4127353003174962544,300000,300000,2874.8943603982093,474.8943603982093,474.8943603982093,18.132019646000117
E6_popsize_N540,cec2017,24,30,SEHHO-COBL,5,1709257282268319442,300000,300000,2885.8855506341006,485.8855506341006,485.8855506341006,18.037610038998537
E6_popsize_N540,cec2017,24,30,SEHHO-COBL,6,3955071295516885211,300000,300000,2878.036340584693,478.0363405846929,478.0363405846929,18.102829916984774
E6_popsize_N540,cec2017,24,30,SEHHO-COBL,7,7237588161805788246,300000,300000,2877.9962285261663,477.9962285261663,477.9962285261663,12.62493820101372
E6_popsize_N540,cec2017,24,30,SEHHO-COBL,8,2275019882135166077,300000,300000,2874.1646993278987,474.1646993278987,474.1646993278987,9.877605317014968
E6_popsize_N540,cec2017,24,30,SEHHO-COBL,9,6038276471439197704,300000,300000,2869.4169618800543,469.41696188005426,469.41696188005426,12.014598428999307
E6_popsize_N540,cec2017,24,30,SEHHO-COBL,10,7808925780609967883,300000,300000,2878.4184970434426,478.4184970434426,478.4184970434426,10.660312382999109
E6_popsize_N540,cec2017,24,30,SEHHO-COBL,11,1023632798332759910,300000,300000,2874.6877071333297,474.6877071333297,474.6877071333297,18.244858016987564
E6_popsize_N540,cec2017,24,30,SEHHO-COBL,12,3732519716594095808,300000,300000,2886.671699766126,486.67169976612604,486.67169976612604,18.138230994984042
E6_popsize_N540,cec2017,24,30,SEHHO-COBL,13,1722391277574900415,300000,300000,2888.3825009614657,488.38250096146567,488.38250096146567,17.802478013007203
E6_popsize_N540,cec2017,24,30,SEHHO-COBL,14,3197090790903746347,300000,300000,2884.8212240488765,484.8212240488765,484.8212240488765,17.777421406004578
E6_popsize_N540,cec2017,24,30,SEHHO-COBL,15,5315117858817173514,300000,300000,2870.0739197147136,470.0739197147136,470.0739197147136,16.75338306601043
E6_popsize_N540,cec2017,24,30,SEHHO-COBL,16,3819287188556003003,300000,300000,2877.788827953876,477.7888279538761,477.7888279538761,9.097782281023683
E6_popsize_N540,cec2017,24,30,SEHHO-COBL,17,1918233487512913185,300000,300000,2871.2027465207116,471.20274652071157,471.20274652071157,8.948769740993157
E6_popsize_N540,cec2017,24,30,SEHHO-COBL,18,4364994414348402421,300000,300000,2885.6982910807037,485.6982910807037,485.6982910807037,8.883702069026185
E6_popsize_N540,cec2017,24,30,SEHHO-COBL,19,3161909206897890572,300000,300000,2873.6052558293777,473.6052558293777,473.6052558293777,9.021985074010445
E6_popsize_N540,cec2017,24,30,SEHHO-COBL,20,3034673586101577214,300000,300000,2885.8490890378303,485.84908903783025,485.84908903783025,8.706189443997573
E6_popsize_N540,cec2017,24,30,SEHHO-COBL,21,1111389525455470451,300000,300000,2874.7586559188476,474.7586559188476,474.7586559188476,8.541931048006518
E6_popsize_N540,cec2017,24,30,SEHHO-COBL,22,3688584821534725525,300000,300000,2878.2398499091423,478.2398499091423,478.2398499091423,8.601607679011067
E6_popsize_N540,cec2017,24,30,SEHHO-COBL,23,6224229219137425636,300000,300000,2882.9590258958297,482.95902589582965,482.95902589582965,8.541453954007011
E6_popsize_N540,cec2017,24,30,SEHHO-COBL,24,3890770871885515091,300000,300000,2865.8710523756076,465.87105237560763,465.87105237560763,8.402250551996985
E6_popsize_N540,cec2017,24,30,SEHHO-COBL,25,1437857943056767099,300000,300000,2879.2262274635596,479.22622746355955,479.22622746355955,8.425913022976601
E6_popsize_N540,cec2017,24,30,SEHHO-COBL,26,5374749556887499592,300000,300000,2888.9395197711647,488.93951977116467,488.93951977116467,8.514397366001504
E6_popsize_N540,cec2017,24,30,SEHHO-COBL,27,5694548089727259133,300000,300000,2875.5038078205343,475.50380782053435,475.50380782053435,8.505105557997013
E6_popsize_N540,cec2017,24,30,SEHHO-COBL,28,5758728512629498524,300000,300000,2867.8874919278837,467.88749192788373,467.88749192788373,8.474366273992928
E6_popsize_N540,cec2017,24,30,SEHHO-COBL,29,484739036695534481,300000,300000,2880.765526862414,480.76552686241394,480.76552686241394,8.459343386988621
E6_popsize_N270,cec2017,30,30,SEHHO-COBL,0,5650040014674188348,300000,300000,4982.806772472727,1982.806772472727,1982.806772472727,23.545854886993766
E6_popsize_N270,cec2017,30,30,SEHHO-COBL,1,8661341632135270013,300000,300000,5089.43917865329,2089.4391786532897,2089.4391786532897,23.728207189007662
E6_popsize_N270,cec2017,30,30,SEHHO-COBL,2,409688797245683799,300000,300000,5373.9745341757025,2373.9745341757025,2373.9745341757025,24.787231369002257
E6_popsize_N270,cec2017,30,30,SEHHO-COBL,3,2663578898359280798,300000,300000,5099.0373726092475,2099.0373726092475,2099.0373726092475,16.088392231002217
E6_popsize_N270,cec2017,30,30,SEHHO-COBL,4,5694911848426897318,300000,300000,4972.074322136389,1972.0743221363891,1972.0743221363891,20.574271315010265
E6_popsize_N270,cec2017,30,30,SEHHO-COBL,5,3243173996486565773,300000,300000,5123.754534878959,2123.754534878959,2123.754534878959,16.899476610997226
E6_popsize_N270,cec2017,30,30,SEHHO-COBL,6,55373732031312274,300000,300000,5001.212062540736,2001.212062540736,2001.212062540736,16.418380871997215
E6_popsize_N270,cec2017,30,30,SEHHO-COBL,7,4182362820087937937,300000,300000,5309.846021419629,2309.8460214196293,2309.8460214196293,24.805716929986374
E6_popsize_N270,cec2017,30,30,SEHHO-COBL,8,863351965006615673,300000,300000,5140.242148502633,2140.2421485026334,2140.2421485026334,26.643337245011935
E6_popsize_N270,cec2017,30,30,SEHHO-COBL,9,577414911146407805,300000,300000,4988.547997627533,1988.5479976275328,1988.5479976275328,26.787203193001915
E6_popsize_N270,cec2017,30,30,SEHHO-COBL,10,8313364589517687580,300000,300000,5058.047285649505,2058.0472856495053,2058.0472856495053,26.59272804201464
E6_popsize_N270,cec2017,30,30,SEHHO-COBL,11,8343871258235154010,300000,300000,4973.693057221679,1973.6930572216788,1973.6930572216788,26.635676677018637
E6_popsize_N270,cec2017,30,30,SEHHO-COBL,12,664759757490300732,300000,300000,4968.868923308796,1968.8689233087962,1968.8689233087962,26.6288535700005
E6_popsize_N270,cec2017,30,30,SEHHO-COBL,13,8538796587392469692,300000,300000,5086.1229958362655,2086.1229958362655,2086.1229958362655,26.57740921000368
E6_popsize_N270,cec2017,30,30,SEHHO-COBL,14,505354741955916047,300000,300000,5282.123898311293,2282.1238983112926,2282.1238983112926,26.276219844992738
E6_popsize_N270,cec2017,30,30,SEHHO-COBL,15,7514718467009311028,300000,300000,5090.020504750124,2090.020504750124,2090.020504750124,26.09101731699775
E6_popsize_N270,cec2017,30,30,SEHHO-COBL,16,4707659257923662941,300000,300000,5174.847977350638,2174.847977350638,2174.847977350638,25.6265017449914
E6_popsize_N270,cec2017,30,30,SEHHO-COBL,17,2654213244691744043,300000,300000,5026.313832999647,2026.3138329996473,2026.3138329996473,25.374172773997998
E6_popsize_N270,cec2017,30,30,SEHHO-COBL,18,3708639851568694302,300000,300000,5288.050297523271,2288.050297523271,2288.050297523271,18.19067806599196
E6_popsize_N270,cec2017,30,30,SEHHO-COBL,19,2101096455868443274,300000,300000,5059.672301162786,2059.6723011627864,2059.6723011627864,14.743409584014444
E6_popsize_N270,cec2017,30,30,SEHHO-COBL,20,4894288630218209242,300000,300000,5316.791704546981,2316.7917045469812,2316.7917045469812,14.451923538988922
E6_popsize_N270,cec2017,30,30,SEHHO-COBL,21,7009047760855566574,300000,300000,5087.385283119463,2087.3852831194627,2087.3852831194627,14.10045745401294
E6_popsize_N270,cec2017,30,30,SEHHO-COBL,22,9202979593845752271,300000,300000,5086.199561714355,2086.199561714355,2086.199561714355,13.994076454022434
E6_popsize_N270,cec2017,30,30,SEHHO-COBL,23,8763331325328878898,300000,300000,4944.602938348006,1944.6029383480063,1944.6029383480063,13.871039766003378
E6_popsize_N270,cec2017,30,30,SEHHO-COBL,24,1402484383462204978,300000,300000,5088.354763577641,2088.3547635776413,2088.3547635776413,13.696450915012974
E6_popsize_N270,cec2017,30,30,SEHHO-COBL,25,5076103783188709733,300000,300000,5351.92800497434,2351.92800497434,2351.92800497434,13.729175022017444
E6_popsize_N270,cec2017,30,30,SEHHO-COBL,26,829782125855968055,300000,300000,5004.022178237605,2004.0221782376047,2004.0221782376047,13.653084085002774
E6_popsize_N270,cec2017,30,30,SEHHO-COBL,27,3551922021166333460,300000,300000,5424.6673703158085,2424.6673703158085,2424.6673703158085,13.652528001985047
E6_popsize_N270,cec2017,30,30,SEHHO-COBL,28,2187639022087017004,300000,300000,5061.83239149988,2061.83239149988,2061.83239149988,13.539803503983421
E6_popsize_N270,cec2017,30,30,SEHHO-COBL,29,5170790368338835208,300000,300000,5018.560433259086,2018.5604332590856,2018.5604332590856,13.511400511022657
E6_popsize_N540,cec2017,27,30,SEHHO-COBL,0,7817094368251802575,300000,300000,3198.6739830890774,498.6739830890774,498.6739830890774,20.81629671101109
E6_popsize_N540,cec2017,27,30,SEHHO-COBL,1,7112961196756513371,300000,300000,3214.6836186681267,514.6836186681267,514.6836186681267,20.896802818984725
E6_popsize_N540,cec2017,27,30,SEHHO-COBL,2,8257369673015770408,300000,300000,3206.737729642254,506.7377296422542,506.7377296422542,20.902549238002393
E6_popsize_N540,cec2017,27,30,SEHHO-COBL,3,8295575602696779135,300000,300000,3208.543818760328,508.5438187603281,508.5438187603281,16.064628369000275
E6_popsize_N540,cec2017,27,30,SEHHO-COBL,4,5631205772001663368,300000,300000,3197.8950525729724,497.8950525729724,497.8950525729724,21.20325592701556
E6_popsize_N540,cec2017,27,30,SEHHO-COBL,5,209661805520173451,300000,300000,3212.078469253712,512.0784692537118,512.0784692537118,21.146959677018458
E6_popsize_N540,cec2017,27,30,SEHHO-COBL,6,1626466971880893692,300000,300000,3201.060911175918,501.06091117591814,501.06091117591814,20.99442927900236
E6_popsize_N540,cec2017,27,30,SEHHO-COBL,7,3881166331441452884,300000,300000,3207.875575814923,507.8755758149232,507.8755758149232,18.37592170201242
E6_popsize_N540,cec2017,27,30,SEHHO-COBL,8,571554924620486346,300000,300000,3211.7137678252743,511.7137678252743,511.7137678252743,10.71233681999729
E6_popsize_N540,cec2017,27,30,SEHHO-COBL,9,4510959887514233317,300000,300000,3200.8131047213255,500.81310472132554,500.81310472132554,10.874793856986798
E6_popsize_N540,cec2017,27,30,SEHHO-COBL,10,5835969745582621287,300000,300000,3191.0437159375037,491.04371593750375,491.04371593750375,10.756129850022262
E6_popsize_N540,cec2017,27,30,SEHHO-COBL,11,6569550842667452955,300000,300000,3209.7188514571003,509.7188514571003,509.7188514571003,10.735349413007498
E6_popsize_N540,cec2017,27,30,SEHHO-COBL,12,4080118934311899660,300000,300000,3193.4332529936837,493.4332529936837,493.4332529936837,10.610626420995686
E6_popsize_N540,cec2017,27,30,SEHHO-COBL,13,7166204993257380045,300000,300000,3190.0961852687888,490.09618526878876,490.09618526878876,10.428416926995851
E6_popsize_N540,cec2017,27,30,SEHHO-COBL,14,4934816392208675478,300000,300000,3198.196962045277,498.1969620452769,498.1969620452769,10.221152438985882
E6_popsize_N540,cec2017,27,30,SEHHO-COBL,15,662189560749065482,300000,300000,3198.591166594432,498.5911665944318,498.5911665944318,10.055282120010816
E6_popsize_N540,cec2017,27,30,SEHHO-COBL,16,1661770904354742468,300000,300000,3196.318945564676,496.31894556467614,496.31894556467614,10.112266019015806
E6_popsize_N540,cec2017,27,30,SEHHO-COBL,17,6772503796671455344,300000,300000,3202.0929779965045,502.0929779965045,502.0929779965045,9.8782073869952
E6_popsize_N540,cec2017,27,30,SEHHO-COBL,18,7853893293961145342,300000,300000,3210.8823751527116,510.8823751527116,510.8823751527116,9.76346164700226
E6_popsize_N540,cec2017,27,30,SEHHO-COBL,19,2766236450493946489,300000,300000,3200.974010090963,500.974010090963,500.974010090963,9.881467331026215
E6_popsize_N540,cec2017,27,30,SEHHO-COBL,20,19563749286635793,300000,300000,3209.163247813139,509.16324781313915,509.16324781313915,9.581197140010772
E6_popsize_N540,cec2017,27,30,SEHHO-COBL,21,4810548619130416046,300000,300000,3199.6828060448797,499.6828060448797,499.6828060448797,9.757306772982702
E6_popsize_N540,cec2017,27,30,SEHHO-COBL,22,1306606598221058295,300000,300000,3208.292503563477,508.2925035634771,508.2925035634771,9.640964520978741
E6_popsize_N540,cec2017,27,30,SEHHO-COBL,23,6705271615584439175,300000,300000,3200.8799635863625,500.87996358636246,500.87996358636246,9.664075317996321
E6_popsize_N540,cec2017,27,30,SEHHO-COBL,24,683123472013608961,300000,300000,3197.0369908231655,497.0369908231655,497.0369908231655,9.56363868698827
E6_popsize_N540,cec2017,27,30,SEHHO-COBL,25,4386270677819927777,300000,300000,3201.360126301677,501.36012630167716,501.36012630167716,9.599670569004957
E6_popsize_N540,cec2017,27,30,SEHHO-COBL,26,1304398380146965437,300000,300000,3207.578321414946,507.578321414946,507.578321414946,9.611829743982526
E6_popsize_N540,cec2017,27,30,SEHHO-COBL,27,7815191306417937648,300000,300000,3214.633462785475,514.6334627854749,514.6334627854749,9.542422113008797
E6_popsize_N540,cec2017,27,30,SEHHO-COBL,28,2511140794694553630,300000,300000,3204.0953846705756,504.09538467057564,504.09538467057564,9.621226470015245
E6_popsize_N540,cec2017,27,30,SEHHO-COBL,29,3105931530275528964,300000,300000,3205.1153998251834,505.11539982518343,505.11539982518343,9.634940863004886
E6_popsize_N540,cec2017,28,30,SEHHO-COBL,0,8380955668358426136,300000,300000,3100.000000000001,300.0000000000009,300.0000000000009,19.102886376000242
E6_popsize_N540,cec2017,28,30,SEHHO-COBL,1,2447771870692017101,300000,300000,3203.2856806533264,403.2856806533264,403.2856806533264,18.38817174799624
E6_popsize_N540,cec2017,28,30,SEHHO-COBL,2,6172564798826026092,300000,300000,3100.0000000004516,300.00000000045156,300.00000000045156,18.494206487986958
E6_popsize_N540,cec2017,28,30,SEHHO-COBL,3,3483228304479182300,300000,300000,3213.9751657736415,413.9751657736415,413.9751657736415,18.21896090399241
E6_popsize_N540,cec2017,28,30,SEHHO-COBL,4,3862527350353215144,300000,300000,3100.0000000000027,300.00000000000273,300.00000000000273,19.138306060020113
E6_popsize_N540,cec2017,28,30,SEHHO-COBL,5,1731146183839250846,300000,300000,3100.0000000000246,300.00000000002456,300.00000000002456,19.0088727530092
E6_popsize_N540,cec2017,28,30,SEHHO-COBL,6,2858154841465336477,300000,300000,3100.000000000115,300.00000000011505,300.00000000011505,17.960801847017137
E6_popsize_N540,cec2017,28,30,SEHHO-COBL,7,8270309668160390317,300000,300000,3100.000000000001,300.0000000000009,300.0000000000009,18.46688546499354
E6_popsize_N540,cec2017,28,30,SEHHO-COBL,8,1494428690354592300,300000,300000,3203.2856806533264,403.2856806533264,403.2856806533264,12.459051310986979
E6_popsize_N540,cec2017,28,30,SEHHO-COBL,9,3908199554358246544,300000,300000,3100.000000000002,300.0000000000018,300.0000000000018,11.4214241640002
E6_popsize_N540,cec2017,28,30,SEHHO-COBL,10,885216363541577008,300000,300000,3100.0000000000077,300.00000000000773,300.00000000000773,11.38001270199311
E6_popsize_N540,cec2017,28,30,SEHHO-COBL,11,5961203547924653682,300000,300000,3100.0000000000546,300.00000000005457,300.00000000005457,11.428182039002422
E6_popsize_N540,cec2017,28,30,SEHHO-COBL,12,3042695042476517523,300000,300000,3100.000000000244,300.0000000002442,300.0000000002442,11.370343367016176
E6_popsize_N540,cec2017,28,30,SEHHO-COBL,13,6325749455124997890,300000,300000,3100.000000000001,300.0000000000009,300.0000000000009,11.18865126199671
E6_popsize_N540,cec2017,28,30,SEHHO-COBL,14,8304515431676010550,300000,300000,3100.0000000000023,300.0000000000023,300.0000000000023,11.032461140013766
E6_popsize_N540,cec2017,28,30,SEHHO-COBL,15,7693394870096768347,300000,300000,3100.000000000001,300.0000000000009,300.0000000000009,10.621720138995443
E6_popsize_N540,cec2017,28,30,SEHHO-COBL,16,2061337873659050709,300000,300000,3203.2856806533264,403.2856806533264,403.2856806533264,10.266619066009298
E6_popsize_N540,cec2017,28,30,SEHHO-COBL,17,4622079927805520401,300000,300000,3213.9751657736415,413.9751657736415,413.9751657736415,9.937837879988365
E6_popsize_N540,cec2017,28,30,SEHHO-COBL,18,8428691871606505785,300000,300000,3100.000000000001,300.0000000000009,300.0000000000009,10.164264799997909
E6_popsize_N540,cec2017,28,30,SEHHO-COBL,19,632830878188423723,300000,300000,3100.0000000248565,300.0000000248565,300.0000000248565,10.348068114020862
E6_popsize_N540,cec2017,28,30,SEHHO-COBL,20,7858287184033537364,300000,300000,3100.000000000001,300.0000000000009,300.0000000000009,10.115562052000314
E6_popsize_N540,cec2017,28,30,SEHHO-COBL,21,5367099592185489284,300000,300000,3100.000000000001,300.0000000000009,300.0000000000009,9.671947202004958
E6_popsize_N540,cec2017,28,30,SEHHO-COBL,22,8467542439935660106,300000,300000,3100.000000000001,300.0000000000009,300.0000000000009,9.603178969991859
E6_popsize_N540,cec2017,28,30,SEHHO-COBL,23,2096029861946303970,300000,300000,3100.000000000001,300.0000000000009,300.0000000000009,9.437566925975261
E6_popsize_N540,cec2017,28,30,SEHHO-COBL,24,5566278526920532732,300000,300000,3100.0000000005243,300.0000000005243,300.0000000005243,9.82773131300928
E6_popsize_N540,cec2017,28,30,SEHHO-COBL,25,3063656607366811900,300000,300000,3100.000000000065,300.00000000006503,300.00000000006503,10.08480807900196
E6_popsize_N540,cec2017,28,30,SEHHO-COBL,26,6152875983928062097,300000,300000,3203.285680653327,403.28568065332684,403.28568065332684,9.674833536002552
E6_popsize_N540,cec2017,28,30,SEHHO-COBL,27,6085032432645603401,300000,300000,3100.000000002672,300.0000000026721,300.0000000026721,10.13133850300801
E6_popsize_N540,cec2017,28,30,SEHHO-COBL,28,5635919468450500945,300000,300000,3100.000000000001,300.0000000000009,300.0000000000009,10.082480743993074
E6_popsize_N540,cec2017,28,30,SEHHO-COBL,29,4426955292245998113,300000,300000,3100.0000000203263,300.0000000203263,300.0000000203263,10.001348592020804
E6_popsize_N540,cec2017,26,30,SEHHO-COBL,0,4416763161651834608,300000,300000,4130.724418192469,1530.7244181924689,1530.7244181924689,20.52433255899814
E6_popsize_N540,cec2017,26,30,SEHHO-COBL,1,2495003539135546184,300000,300000,3894.649032428727,1294.649032428727,1294.649032428727,20.542071169998962
E6_popsize_N540,cec2017,26,30,SEHHO-COBL,2,896705580369866673,300000,300000,4120.729829322339,1520.7298293223394,1520.7298293223394,20.525270868994994
E6_popsize_N540,cec2017,26,30,SEHHO-COBL,3,139790937489617087,300000,300000,4116.4187397354235,1516.4187397354235,1516.4187397354235,20.534759807022056
E6_popsize_N540,cec2017,26,30,SEHHO-COBL,4,8469514370542862436,300000,300000,4123.982264209933,1523.9822642099334,1523.9822642099334,20.61694653701852
E6_popsize_N540,cec2017,26,30,SEHHO-COBL,5,5412692816065478974,300000,300000,4135.464973314203,1535.4649733142032,1535.4649733142032,20.27800543498597
E6_popsize_N540,cec2017,26,30,SEHHO-COBL,6,5788549806885539796,300000,300000,4170.648156530529,1570.6481565305294,1570.6481565305294,20.18371157598449
E6_popsize_N540,cec2017,26,30,SEHHO-COBL,7,5795385867935210631,300000,300000,4127.459345473634,1527.4593454736341,1527.4593454736341,20.13798481100821
E6_popsize_N540,cec2017,26,30,SEHHO-COBL,8,3675813632270089895,300000,300000,4133.984853879054,1533.9848538790538,1533.9848538790538,19.82266824899125
E6_popsize_N540,cec2017,26,30,SEHHO-COBL,9,1880449343301592115,300000,300000,4038.8470717259415,1438.8470717259415,1438.8470717259415,19.70379359499202
E6_popsize_N540,cec2017,26,30,SEHHO-COBL,10,4939651170379210402,300000,300000,4172.541156957153,1572.5411569571534,1572.5411569571534,12.370021526003256
E6_popsize_N540,cec2017,26,30,SEHHO-COBL,11,2438290951209829113,300000,300000,4155.535966547169,1555.5359665471688,1555.5359665471688,10.415281900000991
E6_popsize_N540,cec2017,26,30,SEHHO-COBL,12,8183399508442723589,300000,300000,3970.5270613711946,1370.5270613711946,1370.5270613711946,10.40858824600582
E6_popsize_N540,cec2017,26,30,SEHHO-COBL,13,7623856875589044296,300000,300000,4131.1172603671475,1531.1172603671475,1531.1172603671475,10.17750186700141
E6_popsize_N540,cec2017,26,30,SEHHO-COBL,14,4659568276265283751,300000,300000,4213.695111630817,1613.6951116308173,1613.6951116308173,10.147528318018885
E6_popsize_N540,cec2017,26,30,SEHHO-COBL,15,6264533805743470790,300000,300000,4162.400219339461,1562.4002193394608,1562.4002193394608,10.13075810400187
E6_popsize_N540,cec2017,26,30,SEHHO-COBL,16,7634152647724975202,300000,300000,4083.9606989904387,1483.9606989904387,1483.9606989904387,9.608544572984101
E6_popsize_N540,cec2017,26,30,SEHHO-COBL,17,5714343482745890447,300000,300000,4121.385128084277,1521.3851280842773,1521.3851280842773,9.377556799998274
E6_popsize_N540,cec2017,26,30,SEHHO-COBL,18,7902659864460606809,300000,300000,3922.3469807876295,1322.3469807876295,1322.3469807876295,9.460426741978154
E6_popsize_N540,cec2017,26,30,SEHHO-COBL,19,4314518219106236184,300000,300000,4031.4045389911407,1431.4045389911407,1431.4045389911407,9.397379439003998
E6_popsize_N540,cec2017,26,30,SEHHO-COBL,20,3314131211843104398,300000,300000,4115.432113012442,1515.4321130124417,1515.4321130124417,9.386087360006059
E6_popsize_N540,cec2017,26,30,SEHHO-COBL,21,6783599007784966492,300000,300000,4066.4526608569267,1466.4526608569267,1466.4526608569267,9.454824254004052
E6_popsize_N540,cec2017,26,30,SEHHO-COBL,22,690584175867598412,300000,300000,4042.2898239413335,1442.2898239413335,1442.2898239413335,9.458689652994508
E6_popsize_N540,cec2017,26,30,SEHHO-COBL,23,7023134730502774887,300000,300000,4173.166755687016,1573.1667556870161,1573.1667556870161,9.370272556989221
E6_popsize_N540,cec2017,26,30,SEHHO-COBL,24,3489791379091151882,300000,300000,4091.247763982827,1491.247763982827,1491.247763982827,9.3825722259935
E6_popsize_N540,cec2017,26,30,SEHHO-COBL,25,9163822745898887756,300000,300000,4070.792293096616,1470.792293096616,1470.792293096616,9.363654804998077
E6_popsize_N540,cec2017,26,30,SEHHO-COBL,26,485557911384304534,300000,300000,3996.8344805650904,1396.8344805650904,1396.8344805650904,9.350379726005485
E6_popsize_N540,cec2017,26,30,SEHHO-COBL,27,114823804498069062,300000,300000,4112.182304872554,1512.1823048725537,1512.1823048725537,9.393151137977839
E6_popsize_N540,cec2017,26,30,SEHHO-COBL,28,1896055991169573785,300000,300000,4053.5102864453866,1453.5102864453866,1453.5102864453866,9.37435164800263
E6_popsize_N540,cec2017,26,30,SEHHO-COBL,29,4069060657999207908,300000,300000,4090.869887100859,1490.8698871008592,1490.8698871008592,9.356597317993874
E6_popsize_N540,cec2017,29,30,SEHHO-COBL,0,2809933064427334433,300000,300000,3440.0132203825838,540.0132203825838,540.0132203825838,17.94370929800789
E6_popsize_N540,cec2017,29,30,SEHHO-COBL,1,5186451519153649381,300000,300000,3453.8430875018653,553.8430875018653,553.8430875018653,18.09790122299455
E6_popsize_N540,cec2017,29,30,SEHHO-COBL,2,4698932382588131758,300000,300000,3426.7064416070566,526.7064416070566,526.7064416070566,18.022862799989525
E6_popsize_N540,cec2017,29,30,SEHHO-COBL,3,6215235021279017336,300000,300000,3425.2674765438046,525.2674765438046,525.2674765438046,17.96713534599985
E6_popsize_N540,cec2017,29,30,SEHHO-COBL,4,646264647441068862,300000,300000,3461.814852902955,561.814852902955,561.814852902955,17.929897171998164
E6_popsize_N540,cec2017,29,30,SEHHO-COBL,5,3872256917065799322,300000,300000,3398.112715734136,498.11271573413615,498.11271573413615,17.79344415900414
E6_popsize_N540,cec2017,29,30,SEHHO-COBL,6,8041588553047264802,300000,300000,3452.238072237507,552.2380722375069,552.2380722375069,17.115451697987737
E6_popsize_N540,cec2017,29,30,SEHHO-COBL,7,727486837541014812,300000,300000,3452.5550353674616,552.5550353674616,552.5550353674616,10.24949255399406
E6_popsize_N540,cec2017,29,30,SEHHO-COBL,8,8861651846083304766,300000,300000,3396.4529046907214,496.4529046907214,496.4529046907214,10.574528103985358
E6_popsize_N540,cec2017,29,30,SEHHO-COBL,9,7769546148021501761,300000,300000,3476.1741807682683,576.1741807682683,576.1741807682683,13.963358459004667
E6_popsize_N540,cec2017,29,30,SEHHO-COBL,10,6484076347585311604,300000,300000,3441.1997283710166,541.1997283710166,541.1997283710166,17.885640654014423
E6_popsize_N540,cec2017,29,30,SEHHO-COBL,11,6475092061278075809,300000,300000,3442.8713439560747,542.8713439560747,542.8713439560747,10.146302098000888
E6_popsize_N540,cec2017,29,30,SEHHO-COBL,12,4799293787874977245,300000,300000,3433.75637807606,533.7563780760602,533.7563780760602,9.76714677902055
E6_popsize_N540,cec2017,29,30,SEHHO-COBL,13,7001212706056602469,300000,300000,3497.23621055259,597.2362105525899,597.2362105525899,9.765759348025313
E6_popsize_N540,cec2017,29,30,SEHHO-COBL,14,1506059891602803337,300000,300000,3391.3814100141835,491.38141001418353,491.38141001418353,9.658586973004276
E6_popsize_N540,cec2017,29,30,SEHHO-COBL,15,3855689336915859892,300000,300000,3474.1776536222724,574.1776536222724,574.1776536222724,9.517577524005901
E6_popsize_N540,cec2017,29,30,SEHHO-COBL,16,2661684608670131408,300000,300000,3469.2922532455605,569.2922532455605,569.2922532455605,9.042497979011387
E6_popsize_N540,cec2017,29,30,SEHHO-COBL,17,7238071513646363848,300000,300000,3383.8725474962494,483.87254749624935,483.87254749624935,9.034956534014782
E6_popsize_N540,cec2017,29,30,SEHHO-COBL,18,7283532769447920883,300000,300000,3429.574451063593,529.5744510635932,529.5744510635932,9.081489882984897
E6_popsize_N540,cec2017,29,30,SEHHO-COBL,19,4565628509584887480,300000,300000,3443.568584782417,543.568584782417,543.568584782417,9.1905692940054
E6_popsize_N540,cec2017,29,30,SEHHO-COBL,20,1620232945272393177,300000,300000,3435.660673274837,535.6606732748369,535.6606732748369,9.54196440501255
E6_popsize_N540,cec2017,29,30,SEHHO-COBL,21,2768604863729963500,300000,300000,3455.671977785642,555.671977785642,555.671977785642,9.09759895701427
E6_popsize_N540,cec2017,29,30,SEHHO-COBL,22,1380256573457144389,300000,300000,3496.3159147495635,596.3159147495635,596.3159147495635,9.102143410011195
E6_popsize_N540,cec2017,29,30,SEHHO-COBL,23,2915790129445855660,300000,300000,3416.7623403720418,516.7623403720418,516.7623403720418,8.994476089021191
E6_popsize_N540,cec2017,29,30,SEHHO-COBL,24,1389889059682640917,300000,300000,3474.23707048244,574.2370704824398,574.2370704824398,9.194602748000761
E6_popsize_N540,cec2017,29,30,SEHHO-COBL,25,8277805655264349949,300000,300000,3423.1308249075732,523.1308249075732,523.1308249075732,9.196844993974082
E6_popsize_N540,cec2017,29,30,SEHHO-COBL,26,8687175826388049619,300000,300000,3451.226414310978,551.2264143109778,551.2264143109778,9.23718978499528
E6_popsize_N540,cec2017,29,30,SEHHO-COBL,27,8309785359394069400,300000,300000,3448.8902447582345,548.8902447582345,548.8902447582345,9.022055326000554
E6_popsize_N540,cec2017,29,30,SEHHO-COBL,28,6106763336523419968,300000,300000,3466.352064938163,566.352064938163,566.352064938163,9.150765556987608
E6_popsize_N540,cec2017,29,30,SEHHO-COBL,29,4417587920624979232,300000,300000,3451.5341483584043,551.5341483584043,551.5341483584043,8.852703097014455
E6_popsize_N540,cec2017,19,30,SEHHO-COBL,0,7802223003221163102,300000,300000,1922.5196808682044,22.519680868204432,22.519680868204432,24.838807466003345
E6_popsize_N540,cec2017,19,30,SEHHO-COBL,1,3106452494122464875,300000,300000,1918.9570415996232,18.957041599623153,18.957041599623153,24.851115751022007
E6_popsize_N540,cec2017,19,30,SEHHO-COBL,2,5842764473694179306,300000,300000,1924.792420337595,24.792420337595104,24.792420337595104,25.029067789990222
E6_popsize_N540,cec2017,19,30,SEHHO-COBL,3,4441136419601674956,300000,300000,1924.0684501544363,24.068450154436277,24.068450154436277,24.968145644001197
E6_popsize_N540,cec2017,19,30,SEHHO-COBL,4,2417203670522297952,300000,300000,1923.4877550250294,23.4877550250294,23.4877550250294,24.92898695799522
E6_popsize_N540,cec2017,19,30,SEHHO-COBL,5,8496774479514411255,300000,300000,1922.9294447541429,22.929444754142878,22.929444754142878,24.87444514798699
E6_popsize_N540,cec2017,19,30,SEHHO-COBL,6,6789081692525306954,300000,300000,1921.1103680730553,21.11036807305527,21.11036807305527,24.78170319000492
E6_popsize_N540,cec2017,19,30,SEHHO-COBL,7,8815122132042951093,300000,300000,1923.6028357150271,23.60283571502714,23.60283571502714,24.510473687987542
E6_popsize_N540,cec2017,19,30,SEHHO-COBL,8,6503609912471532574,300000,300000,1922.4434694891524,22.44346948915245,22.44346948915245,20.28036401901045
E6_popsize_N540,cec2017,19,30,SEHHO-COBL,9,7568884138075706635,300000,300000,1923.9925988235757,23.99259882357569,23.99259882357569,21.472007069998654
E6_popsize_N540,cec2017,19,30,SEHHO-COBL,10,9040905781376902835,300000,300000,1919.0833148890165,19.083314889016492,19.083314889016492,23.885073179000756
E6_popsize_N540,cec2017,19,30,SEHHO-COBL,11,1734092677371685115,300000,300000,1926.8887090284588,26.888709028458834,26.888709028458834,22.173761910002213
E6_popsize_N540,cec2017,19,30,SEHHO-COBL,12,2633757624897481827,300000,300000,1920.6925411250056,20.69254112500562,20.69254112500562,14.22568377101561
E6_popsize_N540,cec2017,19,30,SEHHO-COBL,13,679065969526945836,300000,300000,1913.5468306656915,13.54683066569146,13.54683066569146,13.936876851017587
E6_popsize_N540,cec2017,19,30,SEHHO-COBL,14,3512614677533582150,300000,300000,1924.288495913404,24.28849591340395,24.28849591340395,13.270988781994674
E6_popsize_N540,cec2017,19,30,SEHHO-COBL,15,7351335854001045877,300000,300000,1924.0140958869522,24.01409588695219,24.01409588695219,13.008925182017265
E6_popsize_N540,cec2017,19,30,SEHHO-COBL,16,6688319985089085892,300000,300000,1911.8579885238705,11.857988523870517,11.857988523870517,13.039048883016221
E6_popsize_N540,cec2017,19,30,SEHHO-COBL,17,9070169430042558136,300000,300000,1927.1806473560794,27.180647356079362,27.180647356079362,12.910930532001657
E6_popsize_N540,cec2017,19,30,SEHHO-COBL,18,2590107113590570896,300000,300000,1923.372995696193,23.372995696192902,23.372995696192902,12.90241447900189
E6_popsize_N540,cec2017,19,30,SEHHO-COBL,19,677567413786129015,300000,300000,1921.3284410901442,21.328441090144224,21.328441090144224,13.053259786014678
E6_popsize_N540,cec2017,19,30,SEHHO-COBL,20,9112275863410599809,300000,300000,1925.115043396599,25.11504339659905,25.11504339659905,13.047357577015646
E6_popsize_N540,cec2017,19,30,SEHHO-COBL,21,6364814463396767728,300000,300000,1924.1585599998698,24.158559999869794,24.158559999869794,12.940246276994003
E6_popsize_N540,cec2017,19,30,SEHHO-COBL,22,6032800771006044681,300000,300000,1922.8990033067726,22.899003306772556,22.899003306772556,12.829847280983813
E6_popsize_N540,cec2017,19,30,SEHHO-COBL,23,4089367976894730229,300000,300000,1925.545057809124,25.545057809124046,25.545057809124046,13.00103339998168
E6_popsize_N540,cec2017,19,30,SEHHO-COBL,24,2775405697064049582,300000,300000,1920.3777594727035,20.377759472703474,20.377759472703474,12.788757091999287
E6_popsize_N540,cec2017,19,30,SEHHO-COBL,25,8593739152123621000,300000,300000,1919.100172001828,19.100172001828014,19.100172001828014,12.833214966987725
E6_popsize_N540,cec2017,19,30,SEHHO-COBL,26,7920844204102399086,300000,300000,1924.4181478289029,24.418147828902875,24.418147828902875,12.944482261984376
E6_popsize_N540,cec2017,19,30,SEHHO-COBL,27,6894336245458757605,300000,300000,1918.113099080807,18.113099080806933,18.113099080806933,12.941790803975891
E6_popsize_N540,cec2017,19,30,SEHHO-COBL,28,1841581008619240821,300000,300000,1924.9938787645856,24.993878764585588,24.993878764585588,12.732271507004043
E6_popsize_N540,cec2017,19,30,SEHHO-COBL,29,8253548375586478926,300000,300000,1922.8589667500412,22.85896675004119,22.85896675004119,12.738793629978318
E6_popsize_N540,cec2017,30,30,SEHHO-COBL,0,1561727031802690293,300000,300000,5054.960922484656,2054.9609224846563,2054.9609224846563,19.94467365401215
E6_popsize_N540,cec2017,30,30,SEHHO-COBL,1,3048660028079359590,300000,300000,5187.572449025766,2187.572449025766,2187.572449025766,27.270356641005492
E6_popsize_N540,cec2017,30,30,SEHHO-COBL,2,3092835783735487786,300000,300000,5592.031939801848,2592.0319398018482,2592.0319398018482,22.748116367991315
E6_popsize_N540,cec2017,30,30,SEHHO-COBL,3,3495268238513688970,300000,300000,5061.181546027388,2061.1815460273883,2061.1815460273883,22.687480399006745
E6_popsize_N540,cec2017,30,30,SEHHO-COBL,4,5321401264105639290,300000,300000,5295.720113727608,2295.720113727608,2295.720113727608,15.80440358800115
E6_popsize_N540,cec2017,30,30,SEHHO-COBL,5,5724364977449326504,300000,300000,5041.473559994577,2041.473559994577,2041.473559994577,15.848010497982614
E6_popsize_N540,cec2017,30,30,SEHHO-COBL,6,1496573393138152226,300000,300000,4959.55193650568,1959.5519365056798,1959.5519365056798,15.619503648020327
E6_popsize_N540,cec2017,30,30,SEHHO-COBL,7,1389413944355255164,300000,300000,4947.4774512443755,1947.4774512443755,1947.4774512443755,15.027775885013398
E6_popsize_N540,cec2017,30,30,SEHHO-COBL,8,4227854890172034933,300000,300000,4963.373706173865,1963.3737061738648,1963.3737061738648,14.627770399994915
E6_popsize_N540,cec2017,30,30,SEHHO-COBL,9,3861374581953644178,300000,300000,4973.649299996134,1973.6492999961338,1973.6492999961338,14.1458722249954
E6_popsize_N540,cec2017,30,30,SEHHO-COBL,10,8329562985627120921,300000,300000,4985.070403715408,1985.0704037154082,1985.0704037154082,13.924430115002906
E6_popsize_N540,cec2017,30,30,SEHHO-COBL,11,331735687660952443,300000,300000,5186.700666611019,2186.700666611019,2186.700666611019,13.887023404997308
E6_popsize_N540,cec2017,30,30,SEHHO-COBL,12,9206772754867978520,300000,300000,5436.149456857318,2436.149456857318,2436.149456857318,13.836531520995777
E6_popsize_N540,cec2017,30,30,SEHHO-COBL,13,3107765291480748945,300000,300000,5057.913644147345,2057.9136441473447,2057.9136441473447,13.912803809012985
E6_popsize_N540,cec2017,30,30,SEHHO-COBL,14,3214076889716570947,300000,300000,5154.731472222094,2154.7314722220945,2154.7314722220945,13.84208894497715
E6_popsize_N540,cec2017,30,30,SEHHO-COBL,15,7776223170122987334,300000,300000,5003.88677905176,2003.8867790517597,2003.8867790517597,14.015802584995981
E6_popsize_N540,cec2017,30,30,SEHHO-COBL,16,5713227373229064707,300000,300000,5139.234645543305,2139.2346455433053,2139.2346455433053,14.02649078099057
E6_popsize_N540,cec2017,30,30,SEHHO-COBL,17,95684631285796867,300000,300000,5088.339434576083,2088.3394345760826,2088.3394345760826,13.720839807996526
E6_popsize_N540,cec2017,30,30,SEHHO-COBL,18,4994772728871399969,300000,300000,4949.219975780841,1949.2199757808412,1949.2199757808412,13.77527404599823
E6_popsize_N540,cec2017,30,30,SEHHO-COBL,19,4034255790023368420,300000,300000,5174.688618544659,2174.688618544659,2174.688618544659,13.776388045022031
E6_popsize_N540,cec2017,30,30,SEHHO-COBL,20,7041196690179435592,300000,300000,5088.203587040391,2088.2035870403906,2088.2035870403906,13.594176547019742
E6_popsize_N540,cec2017,30,30,SEHHO-COBL,21,8180103613680997841,300000,300000,5094.7091354683935,2094.7091354683935,2094.7091354683935,13.661591621988919
E6_popsize_N540,cec2017,30,30,SEHHO-COBL,22,7488024118859877075,300000,300000,5076.8642373440825,2076.8642373440825,2076.8642373440825,13.674043617007555
E6_popsize_N540,cec2017,30,30,SEHHO-COBL,23,5981131716242558077,300000,300000,5047.131320195252,2047.1313201952516,2047.1313201952516,13.76934340200387
E6_popsize_N540,cec2017,30,30,SEHHO-COBL,24,4111781635111416676,300000,300000,4957.564807286441,1957.5648072864406,1957.5648072864406,13.571944598981645
E6_popsize_N540,cec2017,30,30,SEHHO-COBL,25,236163930182202105,300000,300000,5509.161646312913,2509.161646312913,2509.161646312913,13.498832539014984
E6_popsize_N540,cec2017,30,30,SEHHO-COBL,26,4835422234889882184,300000,300000,5089.093730155669,2089.0937301556687,2089.0937301556687,13.492198306019418
E6_popsize_N540,cec2017,30,30,SEHHO-COBL,27,2551775290756413941,300000,300000,5334.500890644616,2334.5008906446164,2334.5008906446164,13.499215407005977
E6_popsize_N540,cec2017,30,30,SEHHO-COBL,28,3172642254253454097,300000,300000,5202.857275951879,2202.8572759518793,2202.8572759518793,13.475723525014473
E6_popsize_N540,cec2017,30,30,SEHHO-COBL,29,3467473757934250331,300000,300000,5144.007024734325,2144.0070247343247,2144.0070247343247,13.45264424799825
