tag,suite,func,dim,algo,run,seed,max_fes,fes_used,best_f,error,raw_error,seconds
E1_cec2022_paper_budget,cec2022,6,10,GF-Method,0,7111049394298043061,15000,15000,1800.1889111024036,0.1889111024036083,0.1889111024036083,0.7657714209635742
E1_cec2022_paper_budget,cec2022,6,10,GF-Method,1,7588269034120968866,15000,15000,1800.0954790658143,0.09547906581428833,0.09547906581428833,0.9075203170068562
E1_cec2022_paper_budget,cec2022,6,10,GF-Method,2,7503166053390486020,15000,15000,1800.3340794699673,0.33407946996726423,0.33407946996726423,0.8851911260280758
E1_cec2022_paper_budget,cec2022,6,10,GF-Method,3,5806929197508961191,15000,15000,1800.445531123608,0.4455311236079069,0.4455311236079069,0.6738048369879834
E1_cec2022_paper_budget,cec2022,6,10,GF-Method,4,6518665628024328534,15000,15000,1800.3655288366303,0.36552883663034663,0.36552883663034663,0.6703150019748136
E1_cec2022_paper_budget,cec2022,6,10,GF-Method,5,8881229906898362432,15000,15000,1801.2799112563844,1.2799112563843664,1.2799112563843664,0.5878565419698134
E1_cec2022_paper_budget,cec2022,6,10,GF-Method,6,7081309650021910865,15000,15000,1800.4765474258966,0.4765474258965696,0.4765474258965696,0.5883292279904708
E1_cec2022_paper_budget,cec2022,6,10,GF-Method,7,4790408874850277507,15000,15000,1800.175074725737,0.1750747257369767,0.1750747257369767,0.602716032997705
E1_cec2022_paper_budget,cec2022,6,10,GF-Method,8,8851343552469342663,15000,15000,1800.2787145350887,0.27871453508873856,0.27871453508873856,0.5976339000044391
E1_cec2022_paper_budget,cec2022,6,10,GF-Method,9,1960272838441705204,15000,15000,1801.4278098116426,1.4278098116426463,1.4278098116426463,0.5909888059832156
E1_cec2022_paper_budget,cec2022,6,10,GF-Method,10,651491266861631532,15000,15000,1801.414369784976,1.4143697849760883,1.4143697849760883,0.597808216989506
E1_cec2022_paper_budget,cec2022,6,10,GF-Method,11,4557352768398357842,15000,15000,1800.340108946257,0.3401089462570326,0.3401089462570326,0.5855761939892545
E1_cec2022_paper_budget,cec2022,6,10,GF-Method,12,3757666984801787228,15000,15000,1802.2411324599836,2.241132459983646,2.241132459983646,0.6084278060006909
E1_cec2022_paper_budget,cec2022,6,10,GF-Method,13,4899911499417929977,15000,15000,1800.3722434005197,0.37224340051966465,0.37224340051966465,0.5937962720054202
E1_cec2022_paper_budget,cec2022,6,10,GF-Method,14,267145873048972014,15000,15000,1800.3711860380092,0.37118603800922756,0.37118603800922756,0.5817545570316724
E1_cec2022_paper_budget,cec2022,6,10,GF-Method,15,1006109047296428755,15000,15000,1801.8066032565575,1.806603256557537,1.806603256557537,0.5934301859815605
E1_cec2022_paper_budget,cec2022,6,10,GF-Method,16,5647900762856682336,15000,15000,1804.1519672060444,4.151967206044446,4.151967206044446,0.6180546920513734
E1_cec2022_paper_budget,cec2022,6,10,GF-Method,17,4533778259926627638,15000,15000,1801.0581683163289,1.0581683163288744,1.0581683163288744,0.8564069379935972
E1_cec2022_paper_budget,cec2022,6,10,GF-Method,18,2963666811900978699,15000,15000,1800.8612123533633,0.8612123533632712,0.8612123533632712,0.9002962370286696
E1_cec2022_paper_budget,cec2022,6,10,GF-Method,19,1195778538657908414,15000,15000,1802.318413221972,2.318413221971923,2.318413221971923,0.897091485967394
E1_cec2022_paper_budget,cec2022,6,10,GF-Method,20,1855679223473422738,15000,15000,1801.2363686046444,1.23636860464444,1.23636860464444,0.7598245370318182
E1_cec2022_paper_budget,cec2022,6,10,GF-Method,21,7541752347735349563,15000,15000,1801.7298808989028,1.7298808989028203,1.7298808989028203,0.610350692004431
E1_cec2022_paper_budget,cec2022,6,10,GF-Method,22,5701602050896991378,15000,15000,1800.3492116555353,0.34921165553532774,0.34921165553532774,0.6019263109774329
E1_cec2022_paper_budget,cec2022,6,10,GF-Method,23,6690611395126125685,15000,15000,1800.488040506683,0.48804050668309173,0.48804050668309173,0.5986650040140375
E1_cec2022_paper_budget,cec2022,6,10,GF-Method,24,3566883467815196701,15000,15000,1800.437915345984,0.43791534598403814,0.43791534598403814,0.5504677139688283
E1_cec2022_paper_budget,cec2022,6,10,GF-Method,25,1827020780076665574,15000,15000,1800.371101728028,0.37110172802795205,0.37110172802795205,0.6062727230018936
E1_cec2022_paper_budget,cec2022,6,10,GF-Method,26,4149661447588567228,15000,15000,1800.6911417033102,0.6911417033102225,0.6911417033102225,0.6251101749949157
E1_cec2022_paper_budget,cec2022,6,10,GF-Method,27,4123407227618033442,15000,15000,1800.0483413749957,0.048341374995743536,0.048341374995743536,0.5943891240167432
E1_cec2022_paper_budget,cec2022,6,10,GF-Method,28,7618182585326810743,15000,15000,1804.213206412462,4.213206412461886,4.213206412461886,0.6422939949552529
E1_cec2022_paper_budget,cec2022,6,10,GF-Method,29,3730663670861361694,15000,15000,1801.3027459647703,1.302745964770338,1.302745964770338,0.6291243539890274
E1_cec2022_paper_budget,cec2022,1,20,GF-Method,0,4003005083252093594,15000,15000,307.2425420228881,7.242542022888074,7.242542022888074,0.5877970299916342
E1_cec2022_paper_budget,cec2022,1,20,GF-Method,1,7841556249976077863,15000,15000,26385.265821080433,26085.265821080433,26085.265821080433,0.7444397709914483
E1_cec2022_paper_budget,cec2022,1,20,GF-Method,2,8993324353610614091,15000,15000,336.8236390907828,36.82363909078282,36.82363909078282,0.5649681019713171
E1_cec2022_paper_budget,cec2022,1,20,GF-Method,3,7456845129349731186,15000,15000,383.5487654507522,83.54876545075223,83.54876545075223,0.5695669470005669
E1_cec2022_paper_budget,cec2022,1,20,GF-Method,4,1109052608261526260,15000,15000,300.46685364618986,0.46685364618986114,0.46685364618986114,0.8683944419608451
E1_cec2022_paper_budget,cec2022,1,20,GF-Method,5,4601553761185756232,15000,15000,435.09602148886154,135.09602148886154,135.09602148886154,0.8939628680236638
E1_cec2022_paper_budget,cec2022,1,20,GF-Method,6,8813074492987403492,15000,15000,302.46169917970224,2.4616991797022365,2.4616991797022365,0.9048042430076748
E1_cec2022_paper_budget,cec2022,1,20,GF-Method,7,5527622483655161660,15000,15000,305.7401910563712,5.740191056371202,5.740191056371202,0.7046907779877074
E1_cec2022_paper_budget,cec2022,1,20,GF-Method,8,3007321489580216815,15000,15000,20066.629556894302,19766.629556894302,19766.629556894302,0.5531249689520337
E1_cec2022_paper_budget,cec2022,1,20,GF-Method,9,2159592963286669415,15000,15000,540.5643913628415,240.56439136284155,240.56439136284155,0.7095746570266783
E1_cec2022_paper_budget,cec2022,1,20,GF-Method,10,5186482038861757575,15000,15000,311.9848583182576,11.98485831825758,11.98485831825758,0.7022166970418766
E1_cec2022_paper_budget,cec2022,1,20,GF-Method,11,4422738140329887990,15000,15000,598.2833060452258,298.2833060452258,298.2833060452258,0.7965024909935892
E1_cec2022_paper_budget,cec2022,1,20,GF-Method,12,6038185259262797980,15000,15000,310.7655415476818,10.765541547681778,10.765541547681778,0.8698638490168378
E1_cec2022_paper_budget,cec2022,1,20,GF-Method,13,9006901925709867970,15000,15000,302.8711326174381,2.871132617438093,2.871132617438093,0.8721613769885153
E1_cec2022_paper_budget,cec2022,1,20,GF-Method,14,2676203874350715504,15000,15000,21978.83752435682,21678.83752435682,21678.83752435682,0.8207773909671232
E1_cec2022_paper_budget,cec2022,1,20,GF-Method,15,8589867314850806659,15000,15000,305.56683316175634,5.566833161756335,5.566833161756335,0.848084568977356
E1_cec2022_paper_budget,cec2022,1,20,GF-Method,16,4894530283712678125,15000,15000,301.75140053617,1.7514005361700242,1.7514005361700242,0.6358052740106359
E1_cec2022_paper_budget,cec2022,1,20,GF-Method,17,384362066428127594,15000,15000,320.21351600147506,20.213516001475057,20.213516001475057,0.6307200670125894
E1_cec2022_paper_budget,cec2022,1,20,GF-Method,18,2960107675191815309,15000,15000,305.26899138787735,5.2689913878773496,5.2689913878773496,0.8549036390031688
E1_cec2022_paper_budget,cec2022,1,20,GF-Method,19,3873769840262174008,15000,15000,317.673294251617,17.673294251616994,17.673294251616994,0.6865245049702935
E1_cec2022_paper_budget,cec2022,1,20,GF-Method,20,4566544846997183015,15000,15000,4389.792509396376,4089.792509396376,4089.792509396376,0.6710655690403655
E1_cec2022_paper_budget,cec2022,1,20,GF-Method,21,4921103917767885710,15000,15000,342.35386211465374,42.35386211465374,42.35386211465374,0.69976398604922
E1_cec2022_paper_budget,cec2022,1,20,GF-Method,22,3024527613864097400,15000,15000,350.71753000526263,50.71753000526263,50.71753000526263,0.6185224789660424
E1_cec2022_paper_budget,cec2022,1,20,GF-Method,23,3735629250464839111,15000,15000,381.06933572863727,81.06933572863727,81.06933572863727,0.7497322579729371
E1_cec2022_paper_budget,cec2022,1,20,GF-Method,24,4024162354454621779,15000,15000,2000.4184894816676,1700.4184894816676,1700.4184894816676,0.5848853890202008
E1_cec2022_paper_budget,cec2022,1,20,GF-Method,25,9125679809013310998,15000,15000,300.1720121505225,0.17201215052250518,0.17201215052250518,0.5793939389986917
E1_cec2022_paper_budget,cec2022,1,20,GF-Method,26,7362951099335317470,15000,15000,3848.271218342039,3548.271218342039,3548.271218342039,0.8792538199923001
E1_cec2022_paper_budget,cec2022,1,20,GF-Method,27,1192484095586362732,15000,15000,303.65976920041896,3.659769200418964,3.659769200418964,0.8793750770273618
E1_cec2022_paper_budget,cec2022,1,20,GF-Method,28,2336512195753552084,15000,15000,304.8115105758036,4.811510575803595,4.811510575803595,0.8672694920096546
E1_cec2022_paper_budget,cec2022,1,20,GF-Method,29,568447751872721455,15000,15000,308.09026830713645,8.090268307136455,8.090268307136455,0.878138147003483
E1_cec2022_paper_budget,cec2022,4,20,GF-Method,0,3382210328248177783,15000,15000,816.0019134077721,16.001913407772122,16.001913407772122,0.5523799909860827
E1_cec2022_paper_budget,cec2022,4,20,GF-Method,1,8792013672397631304,15000,15000,815.1161272162448,15.116127216244763,15.116127216244763,0.528940727992449
E1_cec2022_paper_budget,cec2022,4,20,GF-Method,2,7152305228374492898,15000,15000,824.4829543050603,24.482954305060275,24.482954305060275,0.9160681089852005
E1_cec2022_paper_budget,cec2022,4,20,GF-Method,3,4958840574741714416,15000,15000,827.5699168984225,27.569916898422548,27.569916898422548,0.8754565080162138
E1_cec2022_paper_budget,cec2022,4,20,GF-Method,4,3876266581089824331,15000,15000,819.4645865322564,19.464586532256362,19.464586532256362,0.8667123570339754
E1_cec2022_paper_budget,cec2022,4,20,GF-Method,5,5256943533166498801,15000,15000,826.8018879164968,26.801887916496753,26.801887916496753,0.8654590669902973
E1_cec2022_paper_budget,cec2022,4,20,GF-Method,6,4287388262020057767,15000,15000,819.6775931590495,19.67759315904948,19.67759315904948,0.8565245590289123
E1_cec2022_paper_budget,cec2022,4,20,GF-Method,7,4863978368417390930,15000,15000,815.8077488352083,15.807748835208258,15.807748835208258,0.834806805010885
E1_cec2022_paper_budget,cec2022,4,20,GF-Method,8,4202465329479292805,15000,15000,827.4006891048265,27.400689104826483,27.400689104826483,0.8355731019983068
E1_cec2022_paper_budget,cec2022,4,20,GF-Method,9,7612754221017615657,15000,15000,814.7522241821995,14.752224182199484,14.752224182199484,0.8542987440014258
E1_cec2022_paper_budget,cec2022,4,20,GF-Method,10,5675337848155645966,15000,15000,824.348590489234,24.34859048923397,24.34859048923397,0.8567500520148315
E1_cec2022_paper_budget,cec2022,4,20,GF-Method,11,1862555248872357527,15000,15000,827.7313593348487,27.731359334848662,27.731359334848662,0.8440645380178466
E1_cec2022_paper_budget,cec2022,4,20,GF-Method,12,2967979179383046807,15000,15000,826.3433614476222,26.343361447622215,26.343361447622215,0.8413588239927776
E1_cec2022_paper_budget,cec2022,4,20,GF-Method,13,3264163280370458065,15000,15000,820.3972038778967,20.397203877896686,20.397203877896686,0.8332108820322901
E1_cec2022_paper_budget,cec2022,4,20,GF-Method,14,350384659228306850,15000,15000,826.843227769916,26.843227769915984,26.843227769915984,0.8422292160103098
E1_cec2022_paper_budget,cec2022,4,20,GF-Method,15,8463158082824236225,15000,15000,820.2526559772157,20.25265597721568,20.25265597721568,0.8533862319891341
E1_cec2022_paper_budget,cec2022,4,20,GF-Method,16,1154078625459326746,15000,15000,825.1953826930626,25.195382693062584,25.195382693062584,0.8499432750395499
E1_cec2022_paper_budget,cec2022,4,20,GF-Method,17,1770127129603277367,15000,15000,829.726738507334,29.72673850733395,29.72673850733395,0.8321418059640564
E1_cec2022_paper_budget,cec2022,4,20,GF-Method,18,2308251803439276598,15000,15000,827.0844890229794,27.08448902297937,27.08448902297937,0.8308384619886056
E1_cec2022_paper_budget,cec2022,4,20,GF-Method,19,3320614840978323303,15000,15000,823.9338749907986,23.933874990798586,23.933874990798586,0.835461973969359
E1_cec2022_paper_budget,cec2022,4,20,GF-Method,20,4285310220727532535,15000,15000,821.0711799896803,21.07117998968033,21.07117998968033,0.8338833330199122
E1_cec2022_paper_budget,cec2022,4,20,GF-Method,21,1125793060733749480,15000,15000,825.119680341046,25.119680341045978,25.119680341045978,0.8444619039655663
E1_cec2022_paper_budget,cec2022,4,20,GF-Method,22,4109949253907871204,15000,15000,813.6486961353039,13.648696135303908,13.648696135303908,0.832917471008841
E1_cec2022_paper_budget,cec2022,4,20,GF-Method,23,1198695012169961933,15000,15000,823.0913056803286,23.09130568032856,23.09130568032856,0.8493323690490797
E1_cec2022_paper_budget,cec2022,4,20,GF-Method,24,6984785308559130407,15000,15000,819.8062494669548,19.806249466954796,19.806249466954796,0.6487663949956186
E1_cec2022_paper_budget,cec2022,4,20,GF-Method,25,2322148806173580839,15000,15000,819.976111198627,19.976111198626995,19.976111198626995,0.5109522989951074
E1_cec2022_paper_budget,cec2022,4,20,GF-Method,26,5247705143322277934,15000,15000,819.2488712639977,19.24887126399767,19.24887126399767,0.5845440889825113
E1_cec2022_paper_budget,cec2022,4,20,GF-Method,27,9003482082087113864,15000,15000,823.5671130086643,23.56711300866425,23.56711300866425,0.694349841971416
E1_cec2022_paper_budget,cec2022,4,20,GF-Method,28,820780577886975781,15000,15000,825.9333219422007,25.933321942200678,25.933321942200678,0.6810807139845565
E1_cec2022_paper_budget,cec2022,4,20,GF-Method,29,429208841677882822,15000,15000,830.8824208359904,30.882420835990388,30.882420835990388,0.8208915350260213
E1_cec2022_paper_budget,cec2022,10,10,GF-Method,0,1171333170142187788,15000,15000,2500.3880099933635,100.38800999336354,100.38800999336354,0.6289928369806148
E1_cec2022_paper_budget,cec2022,10,10,GF-Method,1,6339251470916350204,15000,15000,2500.309685382688,100.3096853826878,100.3096853826878,0.63130640698364
E1_cec2022_paper_budget,cec2022,10,10,GF-Method,2,291509570294216180,15000,15000,2500.3910712923916,100.39107129239164,100.39107129239164,0.6595941139967181
E1_cec2022_paper_budget,cec2022,10,10,GF-Method,3,799124648794124683,15000,15000,2500.3303573559288,100.33035735592875,100.33035735592875,0.6269468499813229
E1_cec2022_paper_budget,cec2022,10,10,GF-Method,4,6173725477492968510,15000,15000,2500.3412513534226,100.34125135342265,100.34125135342265,0.8572779919486493
E1_cec2022_paper_budget,cec2022,10,10,GF-Method,5,647877544764405265,15000,15000,2500.428030641809,100.42803064180907,100.42803064180907,0.9221192689728923
E1_cec2022_paper_budget,cec2022,10,10,GF-Method,6,1797289974055527398,15000,15000,2500.315302467404,100.31530246740385,100.31530246740385,0.9220794839784503
E1_cec2022_paper_budget,cec2022,10,10,GF-Method,7,122071316445056710,15000,15000,2500.371936265012,100.37193626501221,100.37193626501221,0.9077260929625481
E1_cec2022_paper_budget,cec2022,10,10,GF-Method,8,342205025558221563,15000,15000,2500.344742631665,100.34474263166521,100.34474263166521,0.8948742580250837
E1_cec2022_paper_budget,cec2022,10,10,GF-Method,9,3544375302745101077,15000,15000,2500.294073304953,100.29407330495314,100.29407330495314,0.9082134769996628
E1_cec2022_paper_budget,cec2022,10,10,GF-Method,10,1642985142190033543,15000,15000,2500.4232055969474,100.42320559694735,100.42320559694735,0.9189775660051964
E1_cec2022_paper_budget,cec2022,10,10,GF-Method,11,9196448099139640129,15000,15000,2500.4118696789405,100.41186967894055,100.41186967894055,0.9015196820255369
E1_cec2022_paper_budget,cec2022,10,10,GF-Method,12,8349196584308294427,15000,15000,2500.383267819739,100.3832678197391,100.3832678197391,0.9025823959964328
E1_cec2022_paper_budget,cec2022,10,10,GF-Method,13,4790180577490105415,15000,15000,2500.316606232576,100.31660623257585,100.31660623257585,0.889272270957008
E1_cec2022_paper_budget,cec2022,10,10,GF-Method,14,8373392994210002914,15000,15000,2500.3404761739985,100.34047617399847,100.34047617399847,0.8988901000120677
E1_cec2022_paper_budget,cec2022,10,10,GF-Method,15,8912959207568857532,15000,15000,2500.295134927327,100.29513492732713,100.29513492732713,0.9294570320053026
E1_cec2022_paper_budget,cec2022,10,10,GF-Method,16,1493596445479013220,15000,15000,2500.3301762070128,100.33017620701276,100.33017620701276,0.9550414580153301
E1_cec2022_paper_budget,cec2022,10,10,GF-Method,17,4186111821414357799,15000,15000,2500.318616588699,100.31861658869911,100.31861658869911,0.9442516510025598
E1_cec2022_paper_budget,cec2022,10,10,GF-Method,18,2881232974958398805,15000,15000,2500.276599207537,100.27659920753695,100.27659920753695,0.9318805469665676
E1_cec2022_paper_budget,cec2022,10,10,GF-Method,19,2915869066153547897,15000,15000,2500.2773265332976,100.27732653329758,100.27732653329758,0.8952863910235465
E1_cec2022_paper_budget,cec2022,10,10,GF-Method,20,1031463860075437314,15000,15000,2500.4584662052016,100.4584662052016,100.4584662052016,0.9820547450217418
E1_cec2022_paper_budget,cec2022,10,10,GF-Method,21,9005148392529095199,15000,15000,2500.4220048895477,100.42200488954768,100.42200488954768,0.8594446959905326
E1_cec2022_paper_budget,cec2022,10,10,GF-Method,22,8796782122711422787,15000,15000,2500.4473230350522,100.44732303505225,100.44732303505225,0.5927437280188315
E1_cec2022_paper_budget,cec2022,10,10,GF-Method,23,111548514531593678,15000,15000,2500.338051122321,100.33805112232085,100.33805112232085,0.5589187259902246
E1_cec2022_paper_budget,cec2022,10,10,GF-Method,24,3264609019907885825,15000,15000,2500.380403836106,100.38040383610587,100.38040383610587,0.6372976939892396
E1_cec2022_paper_budget,cec2022,10,10,GF-Method,25,7078264856850886738,15000,15000,2500.4301068887185,100.43010688871846,100.43010688871846,0.8712728010141291
E1_cec2022_paper_budget,cec2022,10,10,GF-Method,26,4971804604447285382,15000,15000,2500.3267592137213,100.32675921372129,100.32675921372129,0.9216683229897171
E1_cec2022_paper_budget,cec2022,10,10,GF-Method,27,3178700946355571714,15000,15000,2500.34036378542,100.34036378541987,100.34036378541987,0.7162422639667057
E1_cec2022_paper_budget,cec2022,10,10,GF-Method,28,255043526218022278,15000,15000,2500.2874553363417,100.28745533634174,100.28745533634174,0.7454481919994578
E1_cec2022_paper_budget,cec2022,10,10,GF-Method,29,1842549341455971003,15000,15000,2500.2855686470434,100.28556864704342,100.28556864704342,0.8105056849890389
E1_cec2022_paper_budget,cec2022,9,20,GF-Method,0,7595092008563820944,15000,15000,2480.781272592911,180.78127259291114,180.78127259291114,0.707051754987333
E1_cec2022_paper_budget,cec2022,9,20,GF-Method,1,4300409349569733857,15000,15000,2480.7812722697536,180.78127226975357,180.78127226975357,0.614584242051933
E1_cec2022_paper_budget,cec2022,9,20,GF-Method,2,5648691003553362202,15000,15000,2480.7812720945226,180.7812720945226,180.7812720945226,0.6509441789821722
E1_cec2022_paper_budget,cec2022,9,20,GF-Method,3,7023717006692227628,15000,15000,2480.781285530754,180.78128553075385,180.78128553075385,0.6420007959823124
E1_cec2022_paper_budget,cec2022,9,20,GF-Method,4,6666806659381871340,15000,15000,2480.7812758695054,180.7812758695054,180.7812758695054,0.6344667740049772
E1_cec2022_paper_budget,cec2022,9,20,GF-Method,5,2141742340047320422,15000,15000,2480.7812741701878,180.78127417018777,180.78127417018777,0.634065511985682
E1_cec2022_paper_budget,cec2022,9,20,GF-Method,6,8793483340773253004,15000,15000,2480.781274378704,180.78127437870398,180.78127437870398,0.6410909380065277
E1_cec2022_paper_budget,cec2022,9,20,GF-Method,7,463904657639399682,15000,15000,2480.781272256159,180.7812722561589,180.7812722561589,0.5954076239722781
E1_cec2022_paper_budget,cec2022,9,20,GF-Method,8,9202857958574115021,15000,15000,2480.7812722274657,180.7812722274657,180.7812722274657,0.630945420009084
E1_cec2022_paper_budget,cec2022,9,20,GF-Method,9,2766581023783489100,15000,15000,2480.781275111697,180.78127511169714,180.78127511169714,0.982325031014625
E1_cec2022_paper_budget,cec2022,9,20,GF-Method,10,4947819432443012076,15000,15000,2480.781285805894,180.78128580589419,180.78128580589419,0.6444089119904675
E1_cec2022_paper_budget,cec2022,9,20,GF-Method,11,3237302237496484163,15000,15000,2480.781272096,180.78127209600007,180.78127209600007,0.7426095280097798
E1_cec2022_paper_budget,cec2022,9,20,GF-Method,12,6963626121260163386,15000,15000,2480.781272234301,180.781272234301,180.781272234301,0.9413417030009441
E1_cec2022_paper_budget,cec2022,9,20,GF-Method,13,6123911692188030339,15000,15000,2480.7812719015565,180.78127190155647,180.78127190155647,0.9482985110371374
E1_cec2022_paper_budget,cec2022,9,20,GF-Method,14,4273993974414482267,15000,15000,2480.7812728415192,180.78127284151924,180.78127284151924,0.9482383489958011
E1_cec2022_paper_budget,cec2022,9,20,GF-Method,15,840142725320148787,15000,15000,2480.7812716986123,180.78127169861227,180.78127169861227,0.9441566120367497
E1_cec2022_paper_budget,cec2022,9,20,GF-Method,16,267422236459355824,15000,15000,2480.7812727286105,180.78127272861047,180.78127272861047,0.9657951979897916
E1_cec2022_paper_budget,cec2022,9,20,GF-Method,17,5907540602307439604,15000,15000,2480.781271870787,180.7812718707869,180.7812718707869,0.9488651040010154
E1_cec2022_paper_budget,cec2022,9,20,GF-Method,18,6879036561585491229,15000,15000,2480.781271805499,180.78127180549882,180.78127180549882,0.9512486950261518
E1_cec2022_paper_budget,cec2022,9,20,GF-Method,19,2086429235910590611,15000,15000,2480.78127257749,180.7812725774902,180.7812725774902,0.949042746971827
E1_cec2022_paper_budget,cec2022,9,20,GF-Method,20,463648930526576731,15000,15000,2480.781271800722,180.78127180072215,180.78127180072215,0.9472969019552693
E1_cec2022_paper_budget,cec2022,9,20,GF-Method,21,1124666690888346541,15000,15000,2480.781301293892,180.78130129389183,180.78130129389183,0.8347600469714962
E1_cec2022_paper_budget,cec2022,9,20,GF-Method,22,612338990889852890,15000,15000,2480.7812718298765,180.78127182987646,180.78127182987646,0.760533677006606
E1_cec2022_paper_budget,cec2022,9,20,GF-Method,23,56822250942287311,15000,15000,2480.781271948651,180.781271948651,180.781271948651,0.9365708949626423
E1_cec2022_paper_budget,cec2022,9,20,GF-Method,24,5343484563086526701,15000,15000,2480.781272962194,180.78127296219418,180.78127296219418,0.9387272389722057
E1_cec2022_paper_budget,cec2022,9,20,GF-Method,25,5259709171231299119,15000,15000,2480.7812718411333,180.78127184113328,180.78127184113328,0.9519920389866456
E1_cec2022_paper_budget,cec2022,9,20,GF-Method,26,5903723515336373034,15000,15000,2480.781272695811,180.7812726958109,180.7812726958109,0.9389199409633875
E1_cec2022_paper_budget,cec2022,9,20,GF-Method,27,5362667589100804573,15000,15000,2480.781274100252,180.78127410025218,180.78127410025218,0.9357360089779831
E1_cec2022_paper_budget,cec2022,9,20,GF-Method,28,7413183407506821192,15000,15000,2480.7812724430023,180.7812724430023,180.7812724430023,0.9361916030175053
E1_cec2022_paper_budget,cec2022,9,20,GF-Method,29,363751421843598170,15000,15000,2480.7812717673755,180.78127176737553,180.78127176737553,0.9513950690161437
E1_cec2022_paper_budget,cec2022,4,10,GF-Method,0,7809150217237960769,15000,15000,804.3835729347975,4.383572934797485,4.383572934797485,0.8338588170008734
E1_cec2022_paper_budget,cec2022,4,10,GF-Method,1,5506062249011305587,15000,15000,806.0908912999314,6.0908912999314,6.0908912999314,0.841157155984547
E1_cec2022_paper_budget,cec2022,4,10,GF-Method,2,3818356388665793742,15000,15000,803.1150404508561,3.1150404508560996,3.1150404508560996,0.850357390998397
E1_cec2022_paper_budget,cec2022,4,10,GF-Method,3,4108893477280640826,15000,15000,805.1008991120814,5.100899112081379,5.100899112081379,0.8915873829973862
E1_cec2022_paper_budget,cec2022,4,10,GF-Method,4,3539248460700236413,15000,15000,808.054507300096,8.05450730009602,8.05450730009602,0.8991098619881086
E1_cec2022_paper_budget,cec2022,4,10,GF-Method,5,4747213382408168208,15000,15000,805.1603551722861,5.160355172286131,5.160355172286131,0.8688922160072252
E1_cec2022_paper_budget,cec2022,4,10,GF-Method,6,5696316298221242134,15000,15000,806.1487020524644,6.148702052464387,6.148702052464387,0.9160397570230998
E1_cec2022_paper_budget,cec2022,4,10,GF-Method,7,8369690831655993793,15000,15000,804.1765515116333,4.176551511633306,4.176551511633306,0.8402531300089322
E1_cec2022_paper_budget,cec2022,4,10,GF-Method,8,7502885648537822793,15000,15000,804.249073762499,4.2490737624990516,4.2490737624990516,0.6075927190249786
E1_cec2022_paper_budget,cec2022,4,10,GF-Method,9,1968153215020081216,15000,15000,803.3977733534552,3.39777335345525,3.39777335345525,0.8104016399593093
E1_cec2022_paper_budget,cec2022,4,10,GF-Method,10,1679913306195023694,15000,15000,809.2143097654866,9.214309765486632,9.214309765486632,0.7849464459577575
E1_cec2022_paper_budget,cec2022,4,10,GF-Method,11,820199893949089161,15000,15000,806.2919611260781,6.291961126078149,6.291961126078149,0.5374004560289904
E1_cec2022_paper_budget,cec2022,4,10,GF-Method,12,2708134931117270429,15000,15000,808.1814307907172,8.181430790717172,8.181430790717172,0.6974074559984729
E1_cec2022_paper_budget,cec2022,4,10,GF-Method,13,5320903570929750217,15000,15000,803.0748636112596,3.074863611259616,3.074863611259616,0.8509159290115349
E1_cec2022_paper_budget,cec2022,4,10,GF-Method,14,4579645751609430527,15000,15000,802.2472793010912,2.2472793010912255,2.2472793010912255,0.880043160985224
E1_cec2022_paper_budget,cec2022,4,10,GF-Method,15,3768839627208071093,15000,15000,806.0735367305718,6.0735367305718455,6.0735367305718455,0.8984432620345615
E1_cec2022_paper_budget,cec2022,4,10,GF-Method,16,7295271747309831253,15000,15000,805.5401606497927,5.5401606497927105,5.5401606497927105,0.8932406539679505
E1_cec2022_paper_budget,cec2022,4,10,GF-Method,17,143635860754645493,15000,15000,808.0511641270963,8.051164127096285,8.051164127096285,0.919533409003634
E1_cec2022_paper_budget,cec2022,4,10,GF-Method,18,1078132883971187060,15000,15000,802.1700321631431,2.170032163143105,2.170032163143105,0.9029127650428563
E1_cec2022_paper_budget,cec2022,4,10,GF-Method,19,6208884412788980462,15000,15000,812.0516200800118,12.051620080011844,12.051620080011844,0.803751787985675
E1_cec2022_paper_budget,cec2022,4,10,GF-Method,20,8229659882769804418,15000,15000,805.3271337551487,5.3271337551486795,5.3271337551486795,0.6302219330100343
E1_cec2022_paper_budget,cec2022,4,10,GF-Method,21,139270486025402770,15000,15000,806.0701080130813,6.070108013081267,6.070108013081267,0.8700073870131746
E1_cec2022_paper_budget,cec2022,4,10,GF-Method,22,1251769037668868220,15000,15000,807.0811845646615,7.081184564661498,7.081184564661498,0.8619389139930718
E1_cec2022_paper_budget,cec2022,4,10,GF-Method,23,6646202827884418986,15000,15000,807.1236294050258,7.123629405025781,7.123629405025781,0.8994821410160512
E1_cec2022_paper_budget,cec2022,4,10,GF-Method,24,8523774174665296889,15000,15000,805.0952121847565,5.0952121847565195,5.0952121847565195,0.8985316380276345
E1_cec2022_paper_budget,cec2022,4,10,GF-Method,25,4232830864969477401,15000,15000,805.1887066423119,5.1887066423118995,5.1887066423118995,0.8878519069985487
E1_cec2022_paper_budget,cec2022,4,10,GF-Method,26,5421289622519622395,15000,15000,807.0944429278777,7.094442927877708,7.094442927877708,0.8886507549905218
E1_cec2022_paper_budget,cec2022,4,10,GF-Method,27,2971181094196477256,15000,15000,805.1957579879853,5.195757987985303,5.195757987985303,0.8980302580166608
E1_cec2022_paper_budget,cec2022,4,10,GF-Method,28,5139436508712019067,15000,15000,806.0209736224936,6.020973622493557,6.020973622493557,0.9633599299704656
E1_cec2022_paper_budget,cec2022,4,10,GF-Method,29,8853558052051864575,15000,15000,808.0622347894229,8.06223478942286,8.06223478942286,0.9049750929698348
E1_cec2022_paper_budget,cec2022,2,10,GF-Method,0,9053421921910134615,15000,15000,408.9161019277813,8.916101927781312,8.916101927781312,0.955121467995923
E1_cec2022_paper_budget,cec2022,2,10,GF-Method,1,4987282842066230622,15000,15000,408.9161019277813,8.916101927781312,8.916101927781312,0.7194743260042742
E1_cec2022_paper_budget,cec2022,2,10,GF-Method,2,8633418197835477496,15000,15000,408.9161019277813,8.916101927781312,8.916101927781312,0.7992602330050431
E1_cec2022_paper_budget,cec2022,2,10,GF-Method,3,3011566023891223420,15000,15000,408.9161019277813,8.916101927781312,8.916101927781312,0.9247164410189725
E1_cec2022_paper_budget,cec2022,2,10,GF-Method,4,4823959272793484485,15000,15000,408.9161019277813,8.916101927781312,8.916101927781312,0.9196952719939873
E1_cec2022_paper_budget,cec2022,2,10,GF-Method,5,7292915149203535400,15000,15000,408.9161019277813,8.916101927781312,8.916101927781312,0.9200985390343703
E1_cec2022_paper_budget,cec2022,2,10,GF-Method,6,5233876026073151072,15000,15000,403.98667133797426,3.9866713379742578,3.9866713379742578,0.9599604739923961
E1_cec2022_paper_budget,cec2022,2,10,GF-Method,7,2741544135545724001,15000,15000,403.9866229495737,3.9866229495737002,3.9866229495737002,0.9604825639980845
E1_cec2022_paper_budget,cec2022,2,10,GF-Method,8,384055132466150599,15000,15000,408.9161019277813,8.916101927781312,8.916101927781312,0.9300033770268783
E1_cec2022_paper_budget,cec2022,2,10,GF-Method,9,5308995905445828932,15000,15000,408.9161019277813,8.916101927781312,8.916101927781312,0.9329264989937656
E1_cec2022_paper_budget,cec2022,2,10,GF-Method,10,8336796900279230435,15000,15000,403.98657912222717,3.9865791222271696,3.9865791222271696,0.970712241018191
E1_cec2022_paper_budget,cec2022,2,10,GF-Method,11,7411318484075358892,15000,15000,408.9161019277813,8.916101927781312,8.916101927781312,0.9230941880377941
E1_cec2022_paper_budget,cec2022,2,10,GF-Method,12,5583916358247441036,15000,15000,408.9161019277813,8.916101927781312,8.916101927781312,0.9024470020085573
E1_cec2022_paper_budget,cec2022,2,10,GF-Method,13,8121105794413397620,15000,15000,408.9161019277813,8.916101927781312,8.916101927781312,0.9126710180426016
E1_cec2022_paper_budget,cec2022,2,10,GF-Method,14,5006305370181153468,15000,15000,403.9865791182109,3.986579118210898,3.986579118210898,0.9392936519579962
E1_cec2022_paper_budget,cec2022,2,10,GF-Method,15,7403158095979932439,15000,15000,408.9161019277813,8.916101927781312,8.916101927781312,0.9123099310090765
E1_cec2022_paper_budget,cec2022,2,10,GF-Method,16,3006697030111018227,15000,15000,408.9161019277813,8.916101927781312,8.916101927781312,0.9293893150170334
E1_cec2022_paper_budget,cec2022,2,10,GF-Method,17,7634382207415117704,15000,15000,408.9161019277813,8.916101927781312,8.916101927781312,0.9257978289970197
E1_cec2022_paper_budget,cec2022,2,10,GF-Method,18,1695458361251427776,15000,15000,408.9161019277813,8.916101927781312,8.916101927781312,0.9288034659693949
E1_cec2022_paper_budget,cec2022,2,10,GF-Method,19,1436124111821787008,15000,15000,408.9161019277813,8.916101927781312,8.916101927781312,0.9197835979866795
E1_cec2022_paper_budget,cec2022,2,10,GF-Method,20,6018512606172388296,15000,15000,403.98657911252735,3.9865791125273518,3.9865791125273518,0.9605956159648485
E1_cec2022_paper_budget,cec2022,2,10,GF-Method,21,4475169508622634951,15000,15000,408.9161019277813,8.916101927781312,8.916101927781312,0.8010629949858412
E1_cec2022_paper_budget,cec2022,2,10,GF-Method,22,4948369766389544962,15000,15000,408.9161019277813,8.916101927781312,8.916101927781312,0.8884862969862297
E1_cec2022_paper_budget,cec2022,2,10,GF-Method,23,7921978367855086243,15000,15000,408.9161019277813,8.916101927781312,8.916101927781312,0.6255864779814146
E1_cec2022_paper_budget,cec2022,2,10,GF-Method,24,6318459850057070951,15000,15000,408.9161019277813,8.916101927781312,8.916101927781312,0.6552045700373128
E1_cec2022_paper_budget,cec2022,2,10,GF-Method,25,3392856011880072644,15000,15000,408.9161019277813,8.916101927781312,8.916101927781312,0.6434366780449636
E1_cec2022_paper_budget,cec2022,2,10,GF-Method,26,6586486292951586634,15000,15000,408.9161019277813,8.916101927781312,8.916101927781312,0.5914467659895308
E1_cec2022_paper_budget,cec2022,2,10,GF-Method,27,3615460983521764696,15000,15000,408.9161019277813,8.916101927781312,8.916101927781312,0.6370492579881102
E1_cec2022_paper_budget,cec2022,2,10,GF-Method,28,2179368614287671165,15000,15000,408.9161019277813,8.916101927781312,8.916101927781312,0.6343225829768926
E1_cec2022_paper_budget,cec2022,2,10,GF-Method,29,7732463927921925367,15000,15000,403.9865829867225,3.98658298672251,3.98658298672251,0.6313473139889538
E1_cec2022_paper_budget,cec2022,10,20,GF-Method,0,1062447429555495330,15000,15000,2500.6153521643164,100.61535216431639,100.61535216431639,1.0072396720061079
E1_cec2022_paper_budget,cec2022,10,20,GF-Method,1,5308827992444699532,15000,15000,2500.917097894357,100.91709789435708,100.91709789435708,0.8253804440028034
E1_cec2022_paper_budget,cec2022,10,20,GF-Method,2,1369165161993465116,15000,15000,2501.7456706350968,101.74567063509676,101.74567063509676,0.5928270540316589
E1_cec2022_paper_budget,cec2022,10,20,GF-Method,3,5952056461958179085,15000,15000,2500.6678280072324,100.6678280072324,100.6678280072324,0.6372428209870122
E1_cec2022_paper_budget,cec2022,10,20,GF-Method,4,4284404308411640917,15000,15000,2500.93160026031,100.93160026031,100.93160026031,0.9362991050002165
E1_cec2022_paper_budget,cec2022,10,20,GF-Method,5,8368029059376875117,15000,15000,2500.7124579102965,100.71245791029651,100.71245791029651,0.9331086209858768
E1_cec2022_paper_budget,cec2022,10,20,GF-Method,6,6405185965864760682,15000,15000,2500.546780720033,100.54678072003298,100.54678072003298,0.6605963839683682
E1_cec2022_paper_budget,cec2022,10,20,GF-Method,7,7150986936699762122,15000,15000,2500.614248117543,100.61424811754296,100.61424811754296,0.9396124489721842
E1_cec2022_paper_budget,cec2022,10,20,GF-Method,8,8924852396386473275,15000,15000,2500.7891175846707,100.78911758467075,100.78911758467075,0.8363058359827846
E1_cec2022_paper_budget,cec2022,10,20,GF-Method,9,6237047526958002122,15000,15000,2500.6503096205197,100.65030962051969,100.65030962051969,0.9234877459821291
E1_cec2022_paper_budget,cec2022,10,20,GF-Method,10,1915782710349708726,15000,15000,2500.7227260028008,100.72272600280075,100.72272600280075,0.9122254120302387
E1_cec2022_paper_budget,cec2022,10,20,GF-Method,11,7966674544307684095,15000,15000,2500.739365556682,100.73936555668206,100.73936555668206,0.9143540450022556
E1_cec2022_paper_budget,cec2022,10,20,GF-Method,12,449465374623060135,15000,15000,2500.52931220825,100.52931220824985,100.52931220824985,0.920731196005363
E1_cec2022_paper_budget,cec2022,10,20,GF-Method,13,3333493931080389552,15000,15000,2500.5587404950097,100.55874049500972,100.55874049500972,0.9234637910267338
E1_cec2022_paper_budget,cec2022,10,20,GF-Method,14,7620408230415721109,15000,15000,2500.5970058516696,100.59700585166956,100.59700585166956,0.979141179996077
E1_cec2022_paper_budget,cec2022,10,20,GF-Method,15,7818408345922958689,15000,15000,2500.6738868720145,100.67388687201446,100.67388687201446,0.8664328730083071
E1_cec2022_paper_budget,cec2022,10,20,GF-Method,16,7731169197372951497,15000,15000,2500.5002133955472,100.50021339554723,100.50021339554723,0.7192221930017695
E1_cec2022_paper_budget,cec2022,10,20,GF-Method,17,2273480839260013178,15000,15000,2500.870852109262,100.87085210926216,100.87085210926216,0.6738675340311602
E1_cec2022_paper_budget,cec2022,10,20,GF-Method,18,3646682862916791705,15000,15000,2500.7598609518495,100.75986095184953,100.75986095184953,0.6356685479986481
E1_cec2022_paper_budget,cec2022,10,20,GF-Method,19,60199940816950430,15000,15000,2500.628215134235,100.62821513423478,100.62821513423478,0.7932026810012758
E1_cec2022_paper_budget,cec2022,10,20,GF-Method,20,6700252212985506168,15000,15000,2500.5834254340884,100.58342543408844,100.58342543408844,0.9479598760372028
E1_cec2022_paper_budget,cec2022,10,20,GF-Method,21,3232437833114598497,15000,15000,2500.5180811364944,100.5180811364944,100.5180811364944,0.9307128670043312
E1_cec2022_paper_budget,cec2022,10,20,GF-Method,22,8499322906879167675,15000,15000,2500.5331159114294,100.53311591142938,100.53311591142938,0.9445178500027396
E1_cec2022_paper_budget,cec2022,10,20,GF-Method,23,5390757266774597159,15000,15000,2500.74721579631,100.74721579630977,100.74721579630977,0.9566867540124804
E1_cec2022_paper_budget,cec2022,10,20,GF-Method,24,9043346605351983953,15000,15000,2501.120064047673,101.12006404767317,101.12006404767317,0.9385677300160751
E1_cec2022_paper_budget,cec2022,10,20,GF-Method,25,581970068180712514,15000,15000,2500.6898244188233,100.68982441882326,100.68982441882326,0.8495456699747592
E1_cec2022_paper_budget,cec2022,10,20,GF-Method,26,1130061603208704565,15000,15000,2501.031898684007,101.03189868400705,101.03189868400705,0.5921086270245723
E1_cec2022_paper_budget,cec2022,10,20,GF-Method,27,568913076592687864,15000,15000,2500.64962033514,100.64962033513984,100.64962033513984,0.9174012300209142
E1_cec2022_paper_budget,cec2022,10,20,GF-Method,28,5974975231288479111,15000,15000,2500.6517920114065,100.65179201140654,100.65179201140654,0.9275246469769627
E1_cec2022_paper_budget,cec2022,10,20,GF-Method,29,118927859170317527,15000,15000,2501.122487793967,101.12248779396714,101.12248779396714,0.959513766982127
E1_cec2022_paper_budget,cec2022,12,10,GF-Method,0,7015619842060299391,15000,15000,2863.1891496032044,163.18914960320444,163.18914960320444,0.993668458017055
E1_cec2022_paper_budget,cec2022,12,10,GF-Method,1,7733896281688022111,15000,15000,2861.404880758749,161.4048807587492,161.4048807587492,0.9752279709791765
E1_cec2022_paper_budget,cec2022,12,10,GF-Method,2,6496649079592654987,15000,15000,2861.4352826353293,161.43528263532926,161.43528263532926,0.7724639929947443
E1_cec2022_paper_budget,cec2022,12,10,GF-Method,3,2010335929584666221,15000,15000,2863.49483520288,163.49483520288004,163.49483520288004,0.6575215659686364
E1_cec2022_paper_budget,cec2022,12,10,GF-Method,4,3720740957348112211,15000,15000,2863.49483520288,163.49483520288004,163.49483520288004,0.6978148400085047
E1_cec2022_paper_budget,cec2022,12,10,GF-Method,5,2249763505378284477,15000,15000,2861.404880758804,161.4048807588042,161.4048807588042,0.6972526669851504
E1_cec2022_paper_budget,cec2022,12,10,GF-Method,6,2031830416882046744,15000,15000,2861.404880758749,161.4048807587492,161.4048807587492,0.6305955640273169
E1_cec2022_paper_budget,cec2022,12,10,GF-Method,7,262844087235563952,15000,15000,2861.404880758749,161.4048807587492,161.4048807587492,0.7283285930170678
E1_cec2022_paper_budget,cec2022,12,10,GF-Method,8,9160800729604912578,15000,15000,2863.7148495493293,163.7148495493293,163.7148495493293,0.7639109219890088
E1_cec2022_paper_budget,cec2022,12,10,GF-Method,9,7201605173866601618,15000,15000,2861.404880758749,161.4048807587492,161.4048807587492,0.6506442370009609
E1_cec2022_paper_budget,cec2022,12,10,GF-Method,10,6463252769986226016,15000,15000,2861.404880758749,161.4048807587492,161.4048807587492,0.6678781509981491
E1_cec2022_paper_budget,cec2022,12,10,GF-Method,11,5414612633610113036,15000,15000,2862.567376357956,162.56737635795616,162.56737635795616,0.6675003730342723
E1_cec2022_paper_budget,cec2022,12,10,GF-Method,12,1030980755716645826,15000,15000,2862.700130535329,162.7001305353292,162.7001305353292,0.9959195599658415
E1_cec2022_paper_budget,cec2022,12,10,GF-Method,13,3904298125222177966,15000,15000,2861.406611310545,161.40661131054503,161.40661131054503,0.9729692139662802
E1_cec2022_paper_budget,cec2022,12,10,GF-Method,14,952269392320816256,15000,15000,2862.567376357956,162.56737635795616,162.56737635795616,0.8768950760131702
E1_cec2022_paper_budget,cec2022,12,10,GF-Method,15,1896521425839167706,15000,15000,2859.543776286797,159.54377628679686,159.54377628679686,0.9680091809714213
E1_cec2022_paper_budget,cec2022,12,10,GF-Method,16,2171888334882626357,15000,15000,2863.7148495493293,163.7148495493293,163.7148495493293,0.9697260410175659
E1_cec2022_paper_budget,cec2022,12,10,GF-Method,17,3058395348336620270,15000,15000,2858.6183758549996,158.6183758549996,158.6183758549996,0.9707291530212387
E1_cec2022_paper_budget,cec2022,12,10,GF-Method,18,3363933813384058578,15000,15000,2861.404880758749,161.4048807587492,161.4048807587492,0.9504806440090761
E1_cec2022_paper_budget,cec2022,12,10,GF-Method,19,7639670233602275270,15000,15000,2861.435267677418,161.43526767741787,161.43526767741787,0.9511999930255115
E1_cec2022_paper_budget,cec2022,12,10,GF-Method,20,6768476182351128328,15000,15000,2859.4139500678393,159.41395006783932,159.41395006783932,0.9660182769875973
E1_cec2022_paper_budget,cec2022,12,10,GF-Method,21,8701857525625578078,15000,15000,2861.435267677581,161.43526767758112,161.43526767758112,0.965715147962328
E1_cec2022_paper_budget,cec2022,12,10,GF-Method,22,7434765111581696219,15000,15000,2862.567376357956,162.56737635795616,162.56737635795616,0.9734607359860092
E1_cec2022_paper_budget,cec2022,12,10,GF-Method,23,4347877231186934547,15000,15000,2861.404880758749,161.4048807587492,161.4048807587492,0.9837034579832107
E1_cec2022_paper_budget,cec2022,12,10,GF-Method,24,8121196870446402219,15000,15000,2858.6269388979713,158.62693889797129,158.62693889797129,0.9505193860386498
E1_cec2022_paper_budget,cec2022,12,10,GF-Method,25,7670314440564244081,15000,15000,2862.567376357956,162.56737635795616,162.56737635795616,0.9475636429851875
E1_cec2022_paper_budget,cec2022,12,10,GF-Method,26,7621580127613303710,15000,15000,2864.9758676339006,164.97586763390063,164.97586763390063,0.9356148010119796
E1_cec2022_paper_budget,cec2022,12,10,GF-Method,27,2850312428682245632,15000,15000,2859.5437762867978,159.54377628679777,159.54377628679777,0.7703100540093146
E1_cec2022_paper_budget,cec2022,12,10,GF-Method,28,2218449606827004164,15000,15000,2861.404880758749,161.4048807587492,161.4048807587492,0.9728775119874626
E1_cec2022_paper_budget,cec2022,12,10,GF-Method,29,3980939322612449850,15000,15000,2861.4352676774124,161.4352676774124,161.4352676774124,0.9904863290139474
E1_cec2022_paper_budget,cec2022,8,10,GF-Method,0,8143505775193969,15000,15000,2208.782871230395,8.782871230394903,8.782871230394903,1.0125881939893588
E1_cec2022_paper_budget,cec2022,8,10,GF-Method,1,7144655487525120221,15000,15000,2216.841215789297,16.841215789297166,16.841215789297166,0.7509573349962011
E1_cec2022_paper_budget,cec2022,8,10,GF-Method,2,8182522002437791230,15000,15000,2221.111717340248,21.111717340248106,21.111717340248106,0.6573063730029389
E1_cec2022_paper_budget,cec2022,8,10,GF-Method,3,4272869911975762729,15000,15000,2220.3934901745247,20.393490174524686,20.393490174524686,0.9766083800350316
E1_cec2022_paper_budget,cec2022,8,10,GF-Method,4,2240499842042737627,15000,15000,2201.987876164357,1.9878761643572034,1.9878761643572034,0.9797406740253791
E1_cec2022_paper_budget,cec2022,8,10,GF-Method,5,2257287101258373270,15000,15000,2205.232587918856,5.2325879188560975,5.2325879188560975,0.9599584710085765
E1_cec2022_paper_budget,cec2022,8,10,GF-Method,6,7025272004502866296,15000,15000,2220.8089874377697,20.8089874377697,20.8089874377697,0.9762400090112351
E1_cec2022_paper_budget,cec2022,8,10,GF-Method,7,4028167159269821151,15000,15000,2221.044731524718,21.044731524717918,21.044731524717918,0.9749430760275573
E1_cec2022_paper_budget,cec2022,8,10,GF-Method,8,8462102989857969818,15000,15000,2210.3921295001487,10.392129500148712,10.392129500148712,0.961991443997249
E1_cec2022_paper_budget,cec2022,8,10,GF-Method,9,4482167305972957310,15000,15000,2212.0428841442754,12.042884144275376,12.042884144275376,0.6956430170102976
E1_cec2022_paper_budget,cec2022,8,10,GF-Method,10,3393423033247535901,15000,15000,2221.326674669875,21.326674669875047,21.326674669875047,0.8869007229804993
E1_cec2022_paper_budget,cec2022,8,10,GF-Method,11,2941773855489455177,15000,15000,2206.4587913727178,6.458791372717769,6.458791372717769,0.871687849983573
E1_cec2022_paper_budget,cec2022,8,10,GF-Method,12,7341159965295614217,15000,15000,2221.8127182716667,21.812718271666654,21.812718271666654,0.8925480850157328
E1_cec2022_paper_budget,cec2022,8,10,GF-Method,13,4404776277445116008,15000,15000,2221.573665287519,21.573665287518907,21.573665287518907,1.0104737280053087
E1_cec2022_paper_budget,cec2022,8,10,GF-Method,14,8376729032407949592,15000,15000,2205.9754973432623,5.975497343262305,5.975497343262305,0.7000935049727559
E1_cec2022_paper_budget,cec2022,8,10,GF-Method,15,1711336320248133215,15000,15000,2220.127209912123,20.127209912122908,20.127209912122908,0.651385526987724
E1_cec2022_paper_budget,cec2022,8,10,GF-Method,16,195327911733774372,15000,15000,2205.1916592559373,5.1916592559373385,5.1916592559373385,0.6673670529853553
E1_cec2022_paper_budget,cec2022,8,10,GF-Method,17,3129898242831137433,15000,15000,2212.194004532381,12.194004532380859,12.194004532380859,0.6588696839753538
E1_cec2022_paper_budget,cec2022,8,10,GF-Method,18,1481807538056136485,15000,15000,2219.0249940456933,19.024994045693347,19.024994045693347,0.9918162539834157
E1_cec2022_paper_budget,cec2022,8,10,GF-Method,19,6913163616783216462,15000,15000,2206.1437574421366,6.143757442136575,6.143757442136575,0.9665882950066589
E1_cec2022_paper_budget,cec2022,8,10,GF-Method,20,4098354560264625872,15000,15000,2221.5591789572245,21.559178957224503,21.559178957224503,0.9042532390449196
E1_cec2022_paper_budget,cec2022,8,10,GF-Method,21,4205209679072013920,15000,15000,2207.6981048267817,7.698104826781673,7.698104826781673,0.6522148229996674
E1_cec2022_paper_budget,cec2022,8,10,GF-Method,22,991325583082091948,15000,15000,2203.3946833631258,3.3946833631257505,3.3946833631257505,0.656798180018086
E1_cec2022_paper_budget,cec2022,8,10,GF-Method,23,7043367766013536916,15000,15000,2216.7648751054357,16.76487510543575,16.76487510543575,0.7507043810328469
E1_cec2022_paper_budget,cec2022,8,10,GF-Method,24,5885365222345799130,15000,15000,2207.1548411046665,7.154841104666502,7.154841104666502,0.9720650779781863
E1_cec2022_paper_budget,cec2022,8,10,GF-Method,25,4442234549291790066,15000,15000,2201.4433334188748,1.4433334188747722,1.4433334188747722,0.9717101320275106
E1_cec2022_paper_budget,cec2022,8,10,GF-Method,26,8660128198305102539,15000,15000,2201.516870505501,1.5168705055011742,1.5168705055011742,0.9681902709999122
E1_cec2022_paper_budget,cec2022,8,10,GF-Method,27,5842541295740717807,15000,15000,2212.438612254288,12.438612254287818,12.438612254287818,0.9708243000204675
E1_cec2022_paper_budget,cec2022,8,10,GF-Method,28,3481889234094802163,15000,15000,2221.89625096408,21.89625096408008,21.89625096408008,0.9716856069862843
E1_cec2022_paper_budget,cec2022,8,10,GF-Method,29,2479567249471337142,15000,15000,2221.610147501737,21.610147501737174,21.610147501737174,0.9660858240094967
E1_cec2022_paper_budget,cec2022,3,10,GF-Method,0,7123652149315259707,15000,15000,600.0000014369201,1.4369201153385802e-06,1.4369201153385802e-06,0.9310706689720973
E1_cec2022_paper_budget,cec2022,3,10,GF-Method,1,4377336051461164288,15000,15000,600.0000004453756,4.453755764188827e-07,4.453755764188827e-07,0.5739003850030713
E1_cec2022_paper_budget,cec2022,3,10,GF-Method,2,7835589833241884425,15000,15000,600.0000000004977,0.0,4.97720975545235e-10,0.6564189580385573
E1_cec2022_paper_budget,cec2022,3,10,GF-Method,3,264176626574263658,15000,15000,600.0000000205921,2.059209691651631e-08,2.059209691651631e-08,0.8440048570046201
E1_cec2022_paper_budget,cec2022,3,10,GF-Method,4,5168459815774718680,15000,15000,600.0000000000086,0.0,8.640199666842818e-12,0.9251504539861344
E1_cec2022_paper_budget,cec2022,3,10,GF-Method,5,5110443266447630011,15000,15000,600.0000001035284,1.0352835033700103e-07,1.0352835033700103e-07,0.9346134929801337
E1_cec2022_paper_budget,cec2022,3,10,GF-Method,6,6332307382930203463,15000,15000,600.0000000086415,0.0,8.641450222057756e-09,0.9319749440182932
E1_cec2022_paper_budget,cec2022,3,10,GF-Method,7,8497872117772202566,15000,15000,600.0000000148563,1.4856254892947618e-08,1.4856254892947618e-08,0.9321880540228449
E1_cec2022_paper_budget,cec2022,3,10,GF-Method,8,6414703569126067447,15000,15000,600.0000000003797,0.0,3.7971403799019754e-10,0.9674897160148248
E1_cec2022_paper_budget,cec2022,3,10,GF-Method,9,6542831818808481842,15000,15000,600.0000000152908,1.5290765986719634e-08,1.5290765986719634e-08,0.9518144849571399
E1_cec2022_paper_budget,cec2022,3,10,GF-Method,10,1588859803114117431,15000,15000,600.0000004337871,4.337871359894052e-07,4.337871359894052e-07,0.9495519220363349
E1_cec2022_paper_budget,cec2022,3,10,GF-Method,11,8916258144890280449,15000,15000,600.000000000003,0.0,2.9558577807620168e-12,0.8407392309745774
E1_cec2022_paper_budget,cec2022,3,10,GF-Method,12,2506235844963743372,15000,15000,600.0000015051568,1.5051567743284977e-06,1.5051567743284977e-06,0.6125727589824237
E1_cec2022_paper_budget,cec2022,3,10,GF-Method,13,2938808080909147261,15000,15000,600.0000006028108,6.028108145983424e-07,6.028108145983424e-07,0.6356731879641302
E1_cec2022_paper_budget,cec2022,3,10,GF-Method,14,5894987628475547516,15000,15000,600.0000006952966,6.952966487006051e-07,6.952966487006051e-07,0.890090806002263
E1_cec2022_paper_budget,cec2022,3,10,GF-Method,15,3818132850489606323,15000,15000,600.0000000000427,0.0,4.274625098332763e-11,0.9680871770251542
E1_cec2022_paper_budget,cec2022,3,10,GF-Method,16,1626403724244740535,15000,15000,600.0000089045282,8.904528158382163e-06,8.904528158382163e-06,0.9405546969501302
E1_cec2022_paper_budget,cec2022,3,10,GF-Method,17,706342080515368916,15000,15000,600.0000000080789,0.0,8.0789277490112e-09,0.966598735016305
E1_cec2022_paper_budget,cec2022,3,10,GF-Method,18,6286286600423204158,15000,15000,600.0000000000351,0.0,3.512923285597935e-11,0.959197894029785
E1_cec2022_paper_budget,cec2022,3,10,GF-Method,19,8007991689932504134,15000,15000,600.0000000119767,1.1976680980296806e-08,1.1976680980296806e-08,0.8956997970235534
E1_cec2022_paper_budget,cec2022,3,10,GF-Method,20,8705129282266589236,15000,15000,600.0000000007444,0.0,7.444214134011418e-10,0.9708102340227924
E1_cec2022_paper_budget,cec2022,3,10,GF-Method,21,4182653648554688148,15000,15000,600.0000032334727,3.2334727393390494e-06,3.2334727393390494e-06,0.985239077010192
E1_cec2022_paper_budget,cec2022,3,10,GF-Method,22,3198896208715913652,15000,15000,600.0000000640975,6.409754860214889e-08,6.409754860214889e-08,0.9747926740092225
E1_cec2022_paper_budget,cec2022,3,10,GF-Method,23,71950510166991389,15000,15000,600.0000000000098,0.0,9.777068044058979e-12,0.9949154470232315
E1_cec2022_paper_budget,cec2022,3,10,GF-Method,24,6015914101192151557,15000,15000,600.0000000483411,4.834112132812152e-08,4.834112132812152e-08,0.9921513019944541
E1_cec2022_paper_budget,cec2022,3,10,GF-Method,25,2193812164293810641,15000,15000,600.0000000414402,4.14402165915817e-08,4.14402165915817e-08,0.9810684650437906
E1_cec2022_paper_budget,cec2022,3,10,GF-Method,26,5730762687200889685,15000,15000,600.0000129752202,1.2975220215594163e-05,1.2975220215594163e-05,0.7707542670541443
E1_cec2022_paper_budget,cec2022,3,10,GF-Method,27,8549287718527964984,15000,15000,600.0000000000334,0.0,3.342393029015511e-11,0.6905222330242395
E1_cec2022_paper_budget,cec2022,3,10,GF-Method,28,664079487586633709,15000,15000,600.0000003575766,3.575765958885313e-07,3.575765958885313e-07,0.7129518619622104
E1_cec2022_paper_budget,cec2022,3,10,GF-Method,29,655406057316479716,15000,15000,600.0000000001854,0.0,1.8542323232395574e-10,0.7699905839981511
E1_cec2022_paper_budget,cec2022,9,10,GF-Method,0,9071554442868107397,15000,15000,2529.284382708487,229.2843827084871,229.2843827084871,0.9317156380275264
E1_cec2022_paper_budget,cec2022,9,10,GF-Method,1,3846000133153692055,15000,15000,2529.284382708487,229.2843827084871,229.2843827084871,0.9488808439928107
E1_cec2022_paper_budget,cec2022,9,10,GF-Method,2,2596523408531508657,15000,15000,2529.284382708487,229.2843827084871,229.2843827084871,0.9435574589879252
E1_cec2022_paper_budget,cec2022,9,10,GF-Method,3,8838834996294277092,15000,15000,2529.284382708487,229.2843827084871,229.2843827084871,0.9580332700279541
E1_cec2022_paper_budget,cec2022,9,10,GF-Method,4,1398513152762521866,15000,15000,2529.284382708487,229.2843827084871,229.2843827084871,0.9703613120364025
E1_cec2022_paper_budget,cec2022,9,10,GF-Method,5,3806722364282207904,15000,15000,2529.284382708487,229.2843827084871,229.2843827084871,0.9743575670290738
E1_cec2022_paper_budget,cec2022,9,10,GF-Method,6,7224991302413190759,15000,15000,2529.284382708487,229.2843827084871,229.2843827084871,0.8501019019749947
E1_cec2022_paper_budget,cec2022,9,10,GF-Method,7,7924829685531931884,15000,15000,2529.284382708487,229.2843827084871,229.2843827084871,0.9414136279956438
E1_cec2022_paper_budget,cec2022,9,10,GF-Method,8,8447170845800035029,15000,15000,2529.284382708487,229.2843827084871,229.2843827084871,0.7544445159728639
E1_cec2022_paper_budget,cec2022,9,10,GF-Method,9,2411918453288232885,15000,15000,2529.284382708487,229.2843827084871,229.2843827084871,0.9747258990537375
E1_cec2022_paper_budget,cec2022,9,10,GF-Method,10,5206646822972576561,15000,15000,2529.284382708487,229.2843827084871,229.2843827084871,0.938820423965808
E1_cec2022_paper_budget,cec2022,9,10,GF-Method,11,3279162827141957969,15000,15000,2529.284382708487,229.2843827084871,229.2843827084871,0.9254616989637725
E1_cec2022_paper_budget,cec2022,9,10,GF-Method,12,3375688496902933280,15000,15000,2529.284382708487,229.2843827084871,229.2843827084871,0.941291258961428
E1_cec2022_paper_budget,cec2022,9,10,GF-Method,13,3805747342455499165,15000,15000,2529.284382708487,229.2843827084871,229.2843827084871,0.9765912879956886
E1_cec2022_paper_budget,cec2022,9,10,GF-Method,14,5916162362798989106,15000,15000,2529.284382708487,229.2843827084871,229.2843827084871,0.9407061110250652
E1_cec2022_paper_budget,cec2022,9,10,GF-Method,15,6518981453308041197,15000,15000,2529.284382708487,229.2843827084871,229.2843827084871,0.9321138359955512
E1_cec2022_paper_budget,cec2022,9,10,GF-Method,16,6693671973879209323,15000,15000,2529.284382708487,229.2843827084871,229.2843827084871,0.9410198690020479
E1_cec2022_paper_budget,cec2022,9,10,GF-Method,17,1563977647620336152,15000,15000,2529.284382708487,229.2843827084871,229.2843827084871,0.933856883959379
E1_cec2022_paper_budget,cec2022,9,10,GF-Method,18,7979675471452834901,15000,15000,2529.284382708487,229.2843827084871,229.2843827084871,0.8307099309749901
E1_cec2022_paper_budget,cec2022,9,10,GF-Method,19,2161337117503974043,15000,15000,2529.284382708487,229.2843827084871,229.2843827084871,0.6809120679972693
E1_cec2022_paper_budget,cec2022,9,10,GF-Method,20,5177395131704292869,15000,15000,2529.284382708487,229.2843827084871,229.2843827084871,0.7248744139797054
E1_cec2022_paper_budget,cec2022,9,10,GF-Method,21,2241121860657678733,15000,15000,2529.284382708487,229.2843827084871,229.2843827084871,0.7923155179596506
E1_cec2022_paper_budget,cec2022,9,10,GF-Method,22,3952907005592269068,15000,15000,2529.284382708487,229.2843827084871,229.2843827084871,0.7799544629524462
E1_cec2022_paper_budget,cec2022,9,10,GF-Method,23,2083104446183373865,15000,15000,2529.284382708487,229.2843827084871,229.2843827084871,0.8837633479852229
E1_cec2022_paper_budget,cec2022,9,10,GF-Method,24,5363651922106315363,15000,15000,2529.284382708487,229.2843827084871,229.2843827084871,0.9628906909492798
E1_cec2022_paper_budget,cec2022,9,10,GF-Method,25,1922006938563744663,15000,15000,2529.284382708487,229.2843827084871,229.2843827084871,0.7574860500171781
E1_cec2022_paper_budget,cec2022,9,10,GF-Method,26,979129670348991297,15000,15000,2529.284382708487,229.2843827084871,229.2843827084871,0.7316937650321051
E1_cec2022_paper_budget,cec2022,9,10,GF-Method,27,1366950272993171396,15000,15000,2529.284382708487,229.2843827084871,229.2843827084871,0.7495899310451932
E1_cec2022_paper_budget,cec2022,9,10,GF-Method,28,5458760579914708175,15000,15000,2529.284382708487,229.2843827084871,229.2843827084871,0.9548782019992359
E1_cec2022_paper_budget,cec2022,9,10,GF-Method,29,4611941258027644832,15000,15000,2529.284382708487,229.2843827084871,229.2843827084871,0.9435031469911337
E1_cec2022_paper_budget,cec2022,5,10,GF-Method,0,8504326007363848041,15000,15000,900.0,0.0,0.0,0.9022478580009192
E1_cec2022_paper_budget,cec2022,5,10,GF-Method,1,3589887093018443993,15000,15000,900.0,0.0,0.0,0.9064381470088847
E1_cec2022_paper_budget,cec2022,5,10,GF-Method,2,4880776497710038165,15000,15000,900.0000000000001,0.0,1.1368683772161603e-13,0.9198766329791397
E1_cec2022_paper_budget,cec2022,5,10,GF-Method,3,7924020575354749103,15000,15000,900.0,0.0,0.0,0.9236079109832644
E1_cec2022_paper_budget,cec2022,5,10,GF-Method,4,1876798275851289385,15000,15000,900.0,0.0,0.0,0.909547418996226
E1_cec2022_paper_budget,cec2022,5,10,GF-Method,5,3655367424223928985,15000,15000,900.0,0.0,0.0,0.9020620599621907
E1_cec2022_paper_budget,cec2022,5,10,GF-Method,6,7602727155588826302,15000,15000,900.0,0.0,0.0,0.9263110820320435
E1_cec2022_paper_budget,cec2022,5,10,GF-Method,7,6214423988313849686,15000,15000,900.0,0.0,0.0,0.695361940015573
E1_cec2022_paper_budget,cec2022,5,10,GF-Method,8,6537126469155445265,15000,15000,900.0,0.0,0.0,0.5669372550328262
E1_cec2022_paper_budget,cec2022,5,10,GF-Method,9,3641055026738554823,15000,15000,900.0,0.0,0.0,0.8362863599904813
E1_cec2022_paper_budget,cec2022,5,10,GF-Method,10,8392394884774622984,15000,15000,900.0,0.0,0.0,0.9374721150379628
E1_cec2022_paper_budget,cec2022,5,10,GF-Method,11,964485581590833019,15000,15000,900.0,0.0,0.0,0.9151548059890047
E1_cec2022_paper_budget,cec2022,5,10,GF-Method,12,6853505515655752351,15000,15000,900.0,0.0,0.0,0.9556791540235281
E1_cec2022_paper_budget,cec2022,5,10,GF-Method,13,9085757975246508158,15000,15000,900.0,0.0,0.0,0.8196726890164427
E1_cec2022_paper_budget,cec2022,5,10,GF-Method,14,8472472893368152211,15000,15000,900.0,0.0,0.0,0.9324558870284818
E1_cec2022_paper_budget,cec2022,5,10,GF-Method,15,721673736100289946,15000,15000,900.0,0.0,0.0,0.918454133963678
E1_cec2022_paper_budget,cec2022,5,10,GF-Method,16,8206374346077068905,15000,15000,900.0,0.0,0.0,0.8977503829519264
E1_cec2022_paper_budget,cec2022,5,10,GF-Method,17,1350914080406214807,15000,15000,900.0,0.0,0.0,0.8961851270287298
E1_cec2022_paper_budget,cec2022,5,10,GF-Method,18,7365295052159292722,15000,15000,900.0000000000001,0.0,1.1368683772161603e-13,0.9038066419889219
E1_cec2022_paper_budget,cec2022,5,10,GF-Method,19,5180706055221176725,15000,15000,900.0,0.0,0.0,0.8994518039980903
E1_cec2022_paper_budget,cec2022,5,10,GF-Method,20,8698763073315793515,15000,15000,900.0,0.0,0.0,0.8899975410313345
E1_cec2022_paper_budget,cec2022,5,10,GF-Method,21,2981374580415856729,15000,15000,900.0,0.0,0.0,0.895505442051217
E1_cec2022_paper_budget,cec2022,5,10,GF-Method,22,8449982507576284951,15000,15000,900.0000000000002,0.0,2.2737367544323206e-13,0.902053392957896
E1_cec2022_paper_budget,cec2022,5,10,GF-Method,23,3797830414576217161,15000,15000,900.0,0.0,0.0,0.9136363280122168
E1_cec2022_paper_budget,cec2022,5,10,GF-Method,24,1447876121449574983,15000,15000,900.0,0.0,0.0,0.9169165810453705
E1_cec2022_paper_budget,cec2022,5,10,GF-Method,25,3631839698150877563,15000,15000,900.0,0.0,0.0,0.9184021370019764
E1_cec2022_paper_budget,cec2022,5,10,GF-Method,26,4717644041299935494,15000,15000,900.0,0.0,0.0,0.9092612530221231
E1_cec2022_paper_budget,cec2022,5,10,GF-Method,27,8437075702635574492,15000,15000,900.0,0.0,0.0,0.9177167220041156
E1_cec2022_paper_budget,cec2022,5,10,GF-Method,28,711944882199035386,15000,15000,900.0,0.0,0.0,0.9312963020056486
E1_cec2022_paper_budget,cec2022,5,10,GF-Method,29,6959653988405672734,15000,15000,900.0000000000001,0.0,1.1368683772161603e-13,0.9306745660142042
E1_cec2022_paper_budget,cec2022,5,20,GF-Method,0,8575313463078145616,15000,15000,900.0000390274508,3.9027450839057565e-05,3.9027450839057565e-05,0.8996090280124918
E1_cec2022_paper_budget,cec2022,5,20,GF-Method,1,3558889127665208991,15000,15000,900.0895584303344,0.08955843033436395,0.08955843033436395,0.9104380289791152
E1_cec2022_paper_budget,cec2022,5,20,GF-Method,2,9113331147045800732,15000,15000,900.0895290849314,0.08952908493142786,0.08952908493142786,0.9146106459666044
E1_cec2022_paper_budget,cec2022,5,20,GF-Method,3,8305069727505677604,15000,15000,900.0000267989448,2.6798944759320875e-05,2.6798944759320875e-05,0.9094719580025412
E1_cec2022_paper_budget,cec2022,5,20,GF-Method,4,8083694756163312633,15000,15000,900.0895289588906,0.08952895889058254,0.08952895889058254,0.9236421149689704
E1_cec2022_paper_budget,cec2022,5,20,GF-Method,5,5792221859862571184,15000,15000,900.000006417114,6.417114036594285e-06,6.417114036594285e-06,0.9118092120043002
E1_cec2022_paper_budget,cec2022,5,20,GF-Method,6,3956926004523511537,15000,15000,900.5438733362416,0.5438733362416315,0.5438733362416315,0.9042770539526828
E1_cec2022_paper_budget,cec2022,5,20,GF-Method,7,1370518898810999611,15000,15000,900.0001170304442,0.00011703044424393738,0.00011703044424393738,0.8971752130310051
E1_cec2022_paper_budget,cec2022,5,20,GF-Method,8,7083405395025591368,15000,15000,900.0000019388307,1.938830678227532e-06,1.938830678227532e-06,0.9262037400039844
E1_cec2022_paper_budget,cec2022,5,20,GF-Method,9,7476173214280190296,15000,15000,900.0000005018875,5.018874844608945e-07,5.018874844608945e-07,0.9115504960063845
E1_cec2022_paper_budget,cec2022,5,20,GF-Method,10,8305179368514419040,15000,15000,900.0001166592893,0.00011665928934689873,0.00011665928934689873,0.9076982509577647
E1_cec2022_paper_budget,cec2022,5,20,GF-Method,11,4339877688218076440,15000,15000,900.0000022713624,2.2713624048265046e-06,2.2713624048265046e-06,0.9065861349808984
E1_cec2022_paper_budget,cec2022,5,20,GF-Method,12,2297530459162427479,15000,15000,900.0002128352052,0.00021283520516135468,0.00021283520516135468,0.8837249260395765
E1_cec2022_paper_budget,cec2022,5,20,GF-Method,13,6938346215727232079,15000,15000,900.0000024216868,2.4216867586801527e-06,2.4216867586801527e-06,0.903175468032714
E1_cec2022_paper_budget,cec2022,5,20,GF-Method,14,59491547634996761,15000,15000,900.0001878424749,0.00018784247492931172,0.00018784247492931172,0.8838526050094515
E1_cec2022_paper_budget,cec2022,5,20,GF-Method,15,245125923904101105,15000,15000,900.0895290703772,0.0895290703772389,0.0895290703772389,0.9110885100089945
E1_cec2022_paper_budget,cec2022,5,20,GF-Method,16,3750914283370480837,15000,15000,900.0000004436357,4.436357130543911e-07,4.436357130543911e-07,0.9038418480195105
E1_cec2022_paper_budget,cec2022,5,20,GF-Method,17,2754654224169646240,15000,15000,900.0000346654011,3.466540113095107e-05,3.466540113095107e-05,0.9162047060090117
E1_cec2022_paper_budget,cec2022,5,20,GF-Method,18,7889303836333249645,15000,15000,900.0000499518724,4.995187237000209e-05,4.995187237000209e-05,0.9123388449661434
E1_cec2022_paper_budget,cec2022,5,20,GF-Method,19,4691132191956656752,15000,15000,900.0895318024674,0.08953180246737702,0.08953180246737702,0.7838882109499536
E1_cec2022_paper_budget,cec2022,5,20,GF-Method,20,8046212596034775216,15000,15000,900.0000064196213,6.419621286113397e-06,6.419621286113397e-06,0.6484856079914607
E1_cec2022_paper_budget,cec2022,5,20,GF-Method,21,8636172029616264316,15000,15000,900.0895282710858,0.08952827108578276,0.08952827108578276,0.8250425910227932
E1_cec2022_paper_budget,cec2022,5,20,GF-Method,22,5077777399270327619,15000,15000,900.0000043122188,4.312218834456871e-06,4.312218834456871e-06,0.9347060670261271
E1_cec2022_paper_budget,cec2022,5,20,GF-Method,23,5156539915957555568,15000,15000,900.0000002556362,2.556362233008258e-07,2.556362233008258e-07,0.8956606829888187
E1_cec2022_paper_budget,cec2022,5,20,GF-Method,24,5191927221080631377,15000,15000,900.0000088598674,8.859867421051604e-06,8.859867421051604e-06,0.9066037680022418
E1_cec2022_paper_budget,cec2022,5,20,GF-Method,25,5081298275841442689,15000,15000,900.000419622673,0.0004196226730073249,0.0004196226730073249,0.8900991519913077
E1_cec2022_paper_budget,cec2022,5,20,GF-Method,26,2210420505635664281,15000,15000,900.000020584223,2.0584222966135712e-05,2.0584222966135712e-05,0.9215254950104281
E1_cec2022_paper_budget,cec2022,5,20,GF-Method,27,2159534860165436083,15000,15000,900.0000430562488,4.30562488418218e-05,4.30562488418218e-05,0.8934703139821067
E1_cec2022_paper_budget,cec2022,5,20,GF-Method,28,3493589754783813636,15000,15000,900.0000490422268,4.904222680579551e-05,4.904222680579551e-05,0.891435487952549
E1_cec2022_paper_budget,cec2022,5,20,GF-Method,29,7636153358180495058,15000,15000,900.0000195308891,1.9530889062480128e-05,1.9530889062480128e-05,0.892262039007619
E1_cec2022_paper_budget,cec2022,7,20,GF-Method,0,6511738584421152827,15000,15000,2039.7555765032423,39.75557650324231,39.75557650324231,0.8048253409797326
E1_cec2022_paper_budget,cec2022,7,20,GF-Method,1,5766332636129545487,15000,15000,2048.8347789016234,48.834778901623395,48.834778901623395,0.9560408529941924
E1_cec2022_paper_budget,cec2022,7,20,GF-Method,2,429705798551352890,15000,15000,2047.7472843043593,47.747284304359255,47.747284304359255,0.9501035169814713
E1_cec2022_paper_budget,cec2022,7,20,GF-Method,3,2128171941185938938,15000,15000,2054.13374764135,54.133747641350055,54.133747641350055,0.9541263009887189
E1_cec2022_paper_budget,cec2022,7,20,GF-Method,4,927568111774277783,15000,15000,2042.4685067012622,42.468506701262186,42.468506701262186,0.9562989969854243
E1_cec2022_paper_budget,cec2022,7,20,GF-Method,5,3384266350056269946,15000,15000,2037.903175832738,37.90317583273804,37.90317583273804,0.9504523409996182
E1_cec2022_paper_budget,cec2022,7,20,GF-Method,6,4752632476512997567,15000,15000,2041.5742566534445,41.574256653444536,41.574256653444536,0.9377623990294524
E1_cec2022_paper_budget,cec2022,7,20,GF-Method,7,3612337114927502538,15000,15000,2035.107972240887,35.107972240886966,35.107972240886966,0.9572467649704777
E1_cec2022_paper_budget,cec2022,7,20,GF-Method,8,5536638625722352240,15000,15000,2041.580469198138,41.58046919813796,41.58046919813796,0.9535175699857064
E1_cec2022_paper_budget,cec2022,7,20,GF-Method,9,668393073501560010,15000,15000,2037.1557550024816,37.155755002481555,37.155755002481555,0.9533263409975916
E1_cec2022_paper_budget,cec2022,7,20,GF-Method,10,8002473807290152940,15000,15000,2036.9330182143603,36.933018214360345,36.933018214360345,0.9450463610119186
E1_cec2022_paper_budget,cec2022,7,20,GF-Method,11,9126787607370605118,15000,15000,2045.5041779775647,45.50417797756472,45.50417797756472,0.9683589870110154
E1_cec2022_paper_budget,cec2022,7,20,GF-Method,12,5764170181732323995,15000,15000,2039.9306099540563,39.93060995405631,39.93060995405631,0.9816813450306654
E1_cec2022_paper_budget,cec2022,7,20,GF-Method,13,2989855352742899562,15000,15000,2037.5790639974066,37.57906399740659,37.57906399740659,0.9567985039902851
E1_cec2022_paper_budget,cec2022,7,20,GF-Method,14,5637585176357763685,15000,15000,2053.0193556988615,53.019355698861546,53.019355698861546,0.972814483975526
E1_cec2022_paper_budget,cec2022,7,20,GF-Method,15,7578738921473808153,15000,15000,2040.2391703058227,40.239170305822654,40.239170305822654,0.9489511349820532
E1_cec2022_paper_budget,cec2022,7,20,GF-Method,16,8827535546200585219,15000,15000,2050.9460045647374,50.94600456473745,50.94600456473745,0.9438272949773818
E1_cec2022_paper_budget,cec2022,7,20,GF-Method,17,825395045260156638,15000,15000,2033.0538974622532,33.05389746225319,33.05389746225319,0.953963496023789
E1_cec2022_paper_budget,cec2022,7,20,GF-Method,18,5709793418990254522,15000,15000,2042.105821031642,42.10582103164211,42.10582103164211,0.9517794799758121
E1_cec2022_paper_budget,cec2022,7,20,GF-Method,19,7134140301072220762,15000,15000,2042.80634853034,42.806348530340074,42.806348530340074,0.9525628300034441
E1_cec2022_paper_budget,cec2022,7,20,GF-Method,20,787459091682123855,15000,15000,2043.7806878483357,43.780687848335674,43.780687848335674,0.9570298779872246
E1_cec2022_paper_budget,cec2022,7,20,GF-Method,21,9126057382813715662,15000,15000,2039.510766822696,39.51076682269604,39.51076682269604,0.9509434620267712
E1_cec2022_paper_budget,cec2022,7,20,GF-Method,22,1333670932774126787,15000,15000,2028.785952454582,28.785952454582002,28.785952454582002,0.9614993710420094
E1_cec2022_paper_budget,cec2022,7,20,GF-Method,23,1670506266081247993,15000,15000,2044.834414512407,44.834414512406966,44.834414512406966,0.9411224619834684
E1_cec2022_paper_budget,cec2022,7,20,GF-Method,24,4490156040875602061,15000,15000,2043.3686960303792,43.36869603037917,43.36869603037917,0.8154492470202968
E1_cec2022_paper_budget,cec2022,7,20,GF-Method,25,8676467735878001265,15000,15000,2049.977919050894,49.97791905089389,49.97791905089389,0.6424622809863649
E1_cec2022_paper_budget,cec2022,7,20,GF-Method,26,8837222958191403576,15000,15000,2047.595927032905,47.59592703290491,47.59592703290491,0.6583013089839369
E1_cec2022_paper_budget,cec2022,7,20,GF-Method,27,1868017809289785517,15000,15000,2049.0248533769945,49.02485337699454,49.02485337699454,0.6505973089952022
E1_cec2022_paper_budget,cec2022,7,20,GF-Method,28,5878325577898620265,15000,15000,2035.7522904063142,35.75229040631416,35.75229040631416,0.7554215689888224
E1_cec2022_paper_budget,cec2022,7,20,GF-Method,29,4356386851186545090,15000,15000,2033.4449077842821,33.44490778428212,33.44490778428212,0.6066312350449152
E1_cec2022_paper_budget,cec2022,2,20,GF-Method,0,7880982599716237198,15000,15000,449.0845587236715,49.08455872367148,49.08455872367148,0.6159503349917941
E1_cec2022_paper_budget,cec2022,2,20,GF-Method,1,1622856834573000850,15000,15000,449.08448225594566,49.08448225594566,49.08448225594566,0.6570189640042372
E1_cec2022_paper_budget,cec2022,2,20,GF-Method,2,2687594120893781265,15000,15000,449.0845352645047,49.08453526450472,49.08453526450472,0.9630279080010951
E1_cec2022_paper_budget,cec2022,2,20,GF-Method,3,309026023206793793,15000,15000,449.08451491692523,49.08451491692523,49.08451491692523,0.9492835690034553
E1_cec2022_paper_budget,cec2022,2,20,GF-Method,4,3502365602864809549,15000,15000,449.0845345402702,49.084534540270226,49.084534540270226,0.9385570189915597
E1_cec2022_paper_budget,cec2022,2,20,GF-Method,5,153888467303131511,15000,15000,449.08449450718877,49.084494507188765,49.084494507188765,0.9374913210049272
E1_cec2022_paper_budget,cec2022,2,20,GF-Method,6,4498872533428678712,15000,15000,449.08447958593456,49.08447958593456,49.08447958593456,0.9725298800040036
E1_cec2022_paper_budget,cec2022,2,20,GF-Method,7,9016826426732853088,15000,15000,449.08449173315114,49.08449173315114,49.08449173315114,0.9000399569631554
E1_cec2022_paper_budget,cec2022,2,20,GF-Method,8,458368804777162892,15000,15000,449.08448910639504,49.08448910639504,49.08448910639504,0.9199275889550336
E1_cec2022_paper_budget,cec2022,2,20,GF-Method,9,2437505781290831537,15000,15000,449.0845678942896,49.08456789428959,49.08456789428959,0.9012107530143112
E1_cec2022_paper_budget,cec2022,2,20,GF-Method,10,2833537574258422110,15000,15000,449.08448505765546,49.084485057655456,49.084485057655456,0.8869530110387132
E1_cec2022_paper_budget,cec2022,2,20,GF-Method,11,7577537269123354828,15000,15000,449.0846102255446,49.08461022554462,49.08461022554462,0.8851744949934073
E1_cec2022_paper_budget,cec2022,2,20,GF-Method,12,6598432538113735723,15000,15000,449.0844990483582,49.084499048358225,49.084499048358225,0.8742056819610298
E1_cec2022_paper_budget,cec2022,2,20,GF-Method,13,4854332728873905802,15000,15000,449.0844982426515,49.08449824265148,49.08449824265148,0.8891114089637995
E1_cec2022_paper_budget,cec2022,2,20,GF-Method,14,2171822935489771474,15000,15000,449.0844793172996,49.08447931729961,49.08447931729961,0.894160769006703
E1_cec2022_paper_budget,cec2022,2,20,GF-Method,15,7605236012021118097,15000,15000,449.0844850574634,49.08448505746338,49.08448505746338,0.8801566329784691
E1_cec2022_paper_budget,cec2022,2,20,GF-Method,16,6979542154455459734,15000,15000,449.0844818996997,49.08448189969971,49.08448189969971,0.912965179013554
E1_cec2022_paper_budget,cec2022,2,20,GF-Method,17,1880214894478836184,15000,15000,449.0844823198041,49.084482319804124,49.084482319804124,0.9091616150108166
E1_cec2022_paper_budget,cec2022,2,20,GF-Method,18,8381459154811939072,15000,15000,449.0844789902923,49.084478990292325,49.084478990292325,0.9215615129796788
E1_cec2022_paper_budget,cec2022,2,20,GF-Method,19,9095849031481615237,15000,15000,449.08450451688526,49.08450451688526,49.08450451688526,0.9304195570293814
E1_cec2022_paper_budget,cec2022,2,20,GF-Method,20,2891009241157942805,15000,15000,449.0844842597678,49.084484259767805,49.084484259767805,0.9205996290547773
E1_cec2022_paper_budget,cec2022,2,20,GF-Method,21,5068636830267232102,15000,15000,449.084487970631,49.08448797063102,49.08448797063102,0.9104705199715681
E1_cec2022_paper_budget,cec2022,2,20,GF-Method,22,4201883249446137368,15000,15000,449.0844876599288,49.08448765992881,49.08448765992881,0.9177986350259744
E1_cec2022_paper_budget,cec2022,2,20,GF-Method,23,2942904337183028214,15000,15000,449.0844792225529,49.084479222552886,49.084479222552886,0.9145366770098917
E1_cec2022_paper_budget,cec2022,2,20,GF-Method,24,7314638900798631277,15000,15000,449.084479942614,49.084479942613996,49.084479942613996,0.9217288569780067
E1_cec2022_paper_budget,cec2022,2,20,GF-Method,25,1037090923364953588,15000,15000,449.0844810784354,49.084481078435374,49.084481078435374,0.9052599380374886
E1_cec2022_paper_budget,cec2022,2,20,GF-Method,26,3889339935659883717,15000,15000,449.0844796979192,49.08447969791922,49.08447969791922,0.9152341649751179
E1_cec2022_paper_budget,cec2022,2,20,GF-Method,27,3194124011949618324,15000,15000,449.08453966876715,49.08453966876715,49.08453966876715,0.9326922899927013
E1_cec2022_paper_budget,cec2022,2,20,GF-Method,28,6299869105719157021,15000,15000,449.08448966028595,49.08448966028595,49.08448966028595,0.9184972749790177
E1_cec2022_paper_budget,cec2022,2,20,GF-Method,29,9054654791738635255,15000,15000,449.0844842461431,49.08448424614312,49.08448424614312,0.9215658209868707
E1_cec2022_paper_budget,cec2022,6,20,GF-Method,0,155947787646599210,15000,15000,1888.6864110031115,88.68641100311152,88.68641100311152,0.8991992199444212
E1_cec2022_paper_budget,cec2022,6,20,GF-Method,1,8092653118116328180,15000,15000,1867.4797536288163,67.4797536288163,67.4797536288163,0.877228802011814
E1_cec2022_paper_budget,cec2022,6,20,GF-Method,2,8908650844529021515,15000,15000,1882.7543112643953,82.75431126439526,82.75431126439526,0.8947520389920101
E1_cec2022_paper_budget,cec2022,6,20,GF-Method,3,8874424246889897153,15000,15000,1891.6599050568834,91.65990505688342,91.65990505688342,0.9429565420141444
E1_cec2022_paper_budget,cec2022,6,20,GF-Method,4,2257818923381221321,15000,15000,1877.4660656943274,77.46606569432743,77.46606569432743,0.90097491099732
E1_cec2022_paper_budget,cec2022,6,20,GF-Method,5,4456318321093794982,15000,15000,1973.3610663108552,173.36106631085522,173.36106631085522,0.8965275090304203
E1_cec2022_paper_budget,cec2022,6,20,GF-Method,6,4899035222371856850,15000,15000,2013.0757827022458,213.07578270224576,213.07578270224576,0.9163406509906054
E1_cec2022_paper_budget,cec2022,6,20,GF-Method,7,2359197852692730528,15000,15000,1890.2186610642802,90.21866106428024,90.21866106428024,0.9151177569874562
E1_cec2022_paper_budget,cec2022,6,20,GF-Method,8,3113788191435760732,15000,15000,1905.2340277344404,105.23402773444036,105.23402773444036,1.0335990319726989
E1_cec2022_paper_budget,cec2022,6,20,GF-Method,9,7851936826069314795,15000,15000,1886.3688413762727,86.36884137627271,86.36884137627271,0.8875207150122151
E1_cec2022_paper_budget,cec2022,6,20,GF-Method,10,5918766763080178758,15000,15000,1954.8272755210803,154.8272755210803,154.8272755210803,0.8805640469654463
E1_cec2022_paper_budget,cec2022,6,20,GF-Method,11,8314047812445382490,15000,15000,1933.4511581330148,133.45115813301481,133.45115813301481,0.8690677749691531
E1_cec2022_paper_budget,cec2022,6,20,GF-Method,12,6570921801656973142,15000,15000,1948.2041281794109,148.20412817941087,148.20412817941087,0.8710688189603388
E1_cec2022_paper_budget,cec2022,6,20,GF-Method,13,2840790491729314660,15000,15000,1951.1348009317007,151.13480093170074,151.13480093170074,0.8664950189995579
E1_cec2022_paper_budget,cec2022,6,20,GF-Method,14,8727916571994351892,15000,15000,1934.1956883128062,134.19568831280617,134.19568831280617,0.8958719689981081
E1_cec2022_paper_budget,cec2022,6,20,GF-Method,15,7671675220337716901,15000,15000,1902.6266249312896,102.6266249312896,102.6266249312896,0.8827106039971113
E1_cec2022_paper_budget,cec2022,6,20,GF-Method,16,1019809547225434883,15000,15000,1918.3065579357947,118.30655793579467,118.30655793579467,0.8661407150211744
E1_cec2022_paper_budget,cec2022,6,20,GF-Method,17,3816802562912408433,15000,15000,1894.8178461654325,94.81784616543246,94.81784616543246,0.8649968089885078
E1_cec2022_paper_budget,cec2022,6,20,GF-Method,18,4491292822280327745,15000,15000,1871.862888982422,71.86288898242196,71.86288898242196,0.9004350480390713
E1_cec2022_paper_budget,cec2022,6,20,GF-Method,19,2976580975565035031,15000,15000,1877.66627267466,77.66627267465992,77.66627267465992,0.8683891620021313
E1_cec2022_paper_budget,cec2022,6,20,GF-Method,20,1222592494242261870,15000,15000,1941.0544227523114,141.05442275231144,141.05442275231144,0.8722242459771223
E1_cec2022_paper_budget,cec2022,6,20,GF-Method,21,3887132410563783297,15000,15000,1948.1871905102444,148.18719051024436,148.18719051024436,0.8750749920145608
E1_cec2022_paper_budget,cec2022,6,20,GF-Method,22,7465549017944144897,15000,15000,1921.8428992547117,121.84289925471171,121.84289925471171,0.8899210679810494
E1_cec2022_paper_budget,cec2022,6,20,GF-Method,23,5162578826426498364,15000,15000,1912.0380460696417,112.03804606964172,112.03804606964172,0.8952239739592187
E1_cec2022_paper_budget,cec2022,6,20,GF-Method,24,3830772339260024354,15000,15000,1918.3087039637458,118.30870396374576,118.30870396374576,0.8885813140077516
E1_cec2022_paper_budget,cec2022,6,20,GF-Method,25,3452589297558326292,15000,15000,1878.461109267293,78.46110926729307,78.46110926729307,0.8984348059748299
E1_cec2022_paper_budget,cec2022,6,20,GF-Method,26,2500187425773627846,15000,15000,2089.2045968572675,289.20459685726746,289.20459685726746,0.9074424309656024
E1_cec2022_paper_budget,cec2022,6,20,GF-Method,27,3835962107737369674,15000,15000,1839.598700959141,39.59870095914107,39.59870095914107,0.9275933059980161
E1_cec2022_paper_budget,cec2022,6,20,GF-Method,28,5229167924884259527,15000,15000,1876.0575489812782,76.05754898127816,76.05754898127816,0.9123074859962799
E1_cec2022_paper_budget,cec2022,6,20,GF-Method,29,7133054643789368799,15000,15000,1983.0271724293032,183.02717242930316,183.02717242930316,0.9313513949746266
E1_cec2022_paper_budget,cec2022,1,10,GF-Method,0,599068235884404027,15000,15000,300.00000000000006,0.0,5.684341886080802e-14,0.8679539859876968
E1_cec2022_paper_budget,cec2022,1,10,GF-Method,1,4893947115890081265,15000,15000,300.00000000000006,0.0,5.684341886080802e-14,0.9244190620374866
E1_cec2022_paper_budget,cec2022,1,10,GF-Method,2,2196018338730431449,15000,15000,300.00000000000017,0.0,1.7053025658242404e-13,0.987096831027884
E1_cec2022_paper_budget,cec2022,1,10,GF-Method,3,3890802185940561126,15000,15000,300.0,0.0,0.0,0.9611327729653567
E1_cec2022_paper_budget,cec2022,1,10,GF-Method,4,8085951226176501584,15000,15000,300.0,0.0,0.0,0.9330439890036359
E1_cec2022_paper_budget,cec2022,1,10,GF-Method,5,5400059677238107300,15000,15000,300.00000000000006,0.0,5.684341886080802e-14,0.9409570109564811
E1_cec2022_paper_budget,cec2022,1,10,GF-Method,6,3987234781050971185,15000,15000,300.00000000000017,0.0,1.7053025658242404e-13,0.9570869250455871
E1_cec2022_paper_budget,cec2022,1,10,GF-Method,7,2324497341064110326,15000,15000,300.0000000000001,0.0,1.1368683772161603e-13,0.9614104239735752
E1_cec2022_paper_budget,cec2022,1,10,GF-Method,8,4974542435674660704,15000,15000,300.00000000000006,0.0,5.684341886080802e-14,0.9423207599902526
E1_cec2022_paper_budget,cec2022,1,10,GF-Method,9,2770015833163612672,15000,15000,300.00000000000006,0.0,5.684341886080802e-14,0.939235172001645
E1_cec2022_paper_budget,cec2022,1,10,GF-Method,10,3748212745999089683,15000,15000,300.00000000000006,0.0,5.684341886080802e-14,0.810160206980072
E1_cec2022_paper_budget,cec2022,1,10,GF-Method,11,3738326031573140021,15000,15000,300.00000000000006,0.0,5.684341886080802e-14,0.8443746509728953
E1_cec2022_paper_budget,cec2022,1,10,GF-Method,12,3841893396831094714,15000,15000,300.00000000000017,0.0,1.7053025658242404e-13,0.9291307299863547
E1_cec2022_paper_budget,cec2022,1,10,GF-Method,13,6807450984754036070,15000,15000,300.00000000000006,0.0,5.684341886080802e-14,0.9297363859950565
E1_cec2022_paper_budget,cec2022,1,10,GF-Method,14,4818500432402989178,15000,15000,300.00000000000006,0.0,5.684341886080802e-14,0.8942550559877418
E1_cec2022_paper_budget,cec2022,1,10,GF-Method,15,4399047193112413963,15000,15000,300.0,0.0,0.0,0.8826812379993498
E1_cec2022_paper_budget,cec2022,1,10,GF-Method,16,8942633328868581536,15000,15000,300.0,0.0,0.0,0.8981073619797826
E1_cec2022_paper_budget,cec2022,1,10,GF-Method,17,74371215343329790,15000,15000,300.0,0.0,0.0,0.8948189649963751
E1_cec2022_paper_budget,cec2022,1,10,GF-Method,18,7008662053681870439,15000,15000,300.00000000000006,0.0,5.684341886080802e-14,0.9145023730234243
E1_cec2022_paper_budget,cec2022,1,10,GF-Method,19,8787371549473145557,15000,15000,300.00000000000006,0.0,5.684341886080802e-14,0.8979079480050132
E1_cec2022_paper_budget,cec2022,1,10,GF-Method,20,365977465572448402,15000,15000,300.00000000000006,0.0,5.684341886080802e-14,0.8842201349907555
E1_cec2022_paper_budget,cec2022,1,10,GF-Method,21,7188227864955304197,15000,15000,300.00000000000006,0.0,5.684341886080802e-14,0.893086715019308
E1_cec2022_paper_budget,cec2022,1,10,GF-Method,22,363222677972652568,15000,15000,300.00000000000006,0.0,5.684341886080802e-14,0.9076764499768615
E1_cec2022_paper_budget,cec2022,1,10,GF-Method,23,3239703365063540130,15000,15000,300.00000000000006,0.0,5.684341886080802e-14,0.8737225549994037
E1_cec2022_paper_budget,cec2022,1,10,GF-Method,24,6017605740897122605,15000,15000,300.0,0.0,0.0,0.848071605025325
E1_cec2022_paper_budget,cec2022,1,10,GF-Method,25,8648865007264008795,15000,15000,300.0000000000001,0.0,1.1368683772161603e-13,0.8808052400127053
E1_cec2022_paper_budget,cec2022,1,10,GF-Method,26,3353746034912732557,15000,15000,300.00000000000006,0.0,5.684341886080802e-14,0.8908209149958566
E1_cec2022_paper_budget,cec2022,1,10,GF-Method,27,6425796788314622646,15000,15000,300.0000000000001,0.0,1.1368683772161603e-13,0.9196331260027364
E1_cec2022_paper_budget,cec2022,1,10,GF-Method,28,6436265967334309696,15000,15000,300.0,0.0,0.0,0.8887121899751946
E1_cec2022_paper_budget,cec2022,1,10,GF-Method,29,8248468821613305279,15000,15000,300.0,0.0,0.0,0.8917412619921379
E1_cec2022_paper_budget,cec2022,12,20,GF-Method,0,8190240282152670775,15000,15000,2933.6450405869614,233.6450405869614,233.6450405869614,1.098150004982017
E1_cec2022_paper_budget,cec2022,12,20,GF-Method,1,7062687946085281979,15000,15000,2934.735992604652,234.73599260465198,234.73599260465198,1.0456351970206015
E1_cec2022_paper_budget,cec2022,12,20,GF-Method,2,1768273605347799713,15000,15000,2934.73599341273,234.73599341272984,234.73599341272984,0.8222773539600894
E1_cec2022_paper_budget,cec2022,12,20,GF-Method,3,3727437495649060540,15000,15000,2935.6560998503232,235.65609985032324,235.65609985032324,0.9937684049946256
E1_cec2022_paper_budget,cec2022,12,20,GF-Method,4,2503933470821013157,15000,15000,2940.192337424067,240.19233742406686,240.19233742406686,1.0009922339813784
E1_cec2022_paper_budget,cec2022,12,20,GF-Method,5,4705066808654155078,15000,15000,2937.117189084216,237.11718908421608,237.11718908421608,1.0130979199893773
E1_cec2022_paper_budget,cec2022,12,20,GF-Method,6,7626913534666493549,15000,15000,2934.9073717151964,234.9073717151964,234.9073717151964,1.0132786189788021
E1_cec2022_paper_budget,cec2022,12,20,GF-Method,7,6254313533377360927,15000,15000,2940.5952643807605,240.59526438076045,240.59526438076045,1.0334105790243484
E1_cec2022_paper_budget,cec2022,12,20,GF-Method,8,8659834736896428725,15000,15000,2939.1895051980077,239.18950519800774,239.18950519800774,1.0164719379972667
E1_cec2022_paper_budget,cec2022,12,20,GF-Method,9,6318765342003953370,15000,15000,2940.2751557534057,240.27515575340567,240.27515575340567,1.0281001079711132
E1_cec2022_paper_budget,cec2022,12,20,GF-Method,10,8617095063660901640,15000,15000,2935.67711607407,235.67711607407,235.67711607407,0.7608411029796116
E1_cec2022_paper_budget,cec2022,12,20,GF-Method,11,365500373838869432,15000,15000,2937.1170348366936,237.11703483669362,237.11703483669362,0.869831838994287
E1_cec2022_paper_budget,cec2022,12,20,GF-Method,12,8373241497057214720,15000,15000,2933.9743117545627,233.97431175456268,233.97431175456268,1.1200325380195864
E1_cec2022_paper_budget,cec2022,12,20,GF-Method,13,5880606959446761729,15000,15000,2936.8306274177758,236.83062741777576,236.83062741777576,1.0360273669939488
E1_cec2022_paper_budget,cec2022,12,20,GF-Method,14,8763603497799046076,15000,15000,2934.665348654385,234.66534865438507,234.66534865438507,1.0334447129862383
E1_cec2022_paper_budget,cec2022,12,20,GF-Method,15,240216717285174181,15000,15000,2940.046352672509,240.04635267250887,240.04635267250887,1.025898358959239
E1_cec2022_paper_budget,cec2022,12,20,GF-Method,16,6787823801851940592,15000,15000,2938.8818987445547,238.88189874455475,238.88189874455475,0.997416476951912
E1_cec2022_paper_budget,cec2022,12,20,GF-Method,17,951234054920906338,15000,15000,2940.830139877042,240.8301398770418,240.8301398770418,0.7751879030256532
E1_cec2022_paper_budget,cec2022,12,20,GF-Method,18,6342676342278444728,15000,15000,2943.4358342369233,243.43583423692326,243.43583423692326,0.6621432440006174
E1_cec2022_paper_budget,cec2022,12,20,GF-Method,19,8610095934566842635,15000,15000,2938.6233185058554,238.62331850585542,238.62331850585542,0.6667005219496787
E1_cec2022_paper_budget,cec2022,12,20,GF-Method,20,256202733597369251,15000,15000,2937.5528470311738,237.55284703117377,237.55284703117377,0.6942289959988557
E1_cec2022_paper_budget,cec2022,12,20,GF-Method,21,7779408810821541387,15000,15000,2935.6481432493415,235.6481432493415,235.6481432493415,0.7039323640055954
E1_cec2022_paper_budget,cec2022,12,20,GF-Method,22,368711006173412488,15000,15000,2937.1241111098952,237.12411110989524,237.12411110989524,0.703935060009826
E1_cec2022_paper_budget,cec2022,12,20,GF-Method,23,8345040086466254363,15000,15000,2936.0923532686306,236.09235326863063,236.09235326863063,0.7569936370127834
E1_cec2022_paper_budget,cec2022,12,20,GF-Method,24,4315887930884614648,15000,15000,2933.9219504316216,233.92195043162155,233.92195043162155,1.0382019859971479
E1_cec2022_paper_budget,cec2022,12,20,GF-Method,25,83744150387023598,15000,15000,2938.745074364196,238.74507436419617,238.74507436419617,1.0607971150311641
E1_cec2022_paper_budget,cec2022,12,20,GF-Method,26,154159669847056281,15000,15000,2938.3340114700304,238.33401147003042,238.33401147003042,1.0380849959910847
E1_cec2022_paper_budget,cec2022,12,20,GF-Method,27,3838140886205848340,15000,15000,2933.4117602312017,233.4117602312017,233.4117602312017,1.0629885960370302
E1_cec2022_paper_budget,cec2022,12,20,GF-Method,28,1459372155459343500,15000,15000,2934.9151723643386,234.91517236433856,234.91517236433856,1.0246527820127085
E1_cec2022_paper_budget,cec2022,12,20,GF-Method,29,8630455686528024967,15000,15000,2932.4578781036244,232.45787810362435,232.45787810362435,1.0180732819717377
E1_cec2022_paper_budget,cec2022,3,20,GF-Method,0,6539115232583973613,15000,15000,600.0058627870225,0.005862787022465454,0.005862787022465454,1.0053534339531325
E1_cec2022_paper_budget,cec2022,3,20,GF-Method,1,4572213887340747220,15000,15000,600.0011095183114,0.0011095183114093743,0.0011095183114093743,0.979905394022353
E1_cec2022_paper_budget,cec2022,3,20,GF-Method,2,9009749253756295963,15000,15000,600.0045006371275,0.004500637127534901,0.004500637127534901,0.9486364250187762
E1_cec2022_paper_budget,cec2022,3,20,GF-Method,3,8714801491522879522,15000,15000,600.0022492229008,0.0022492229007866626,0.0022492229007866626,0.9281674129888415
E1_cec2022_paper_budget,cec2022,3,20,GF-Method,4,2845945666853435097,15000,15000,600.0068931710895,0.006893171089473071,0.006893171089473071,0.9310984309995547
E1_cec2022_paper_budget,cec2022,3,20,GF-Method,5,195226463581283954,15000,15000,600.0056176504542,0.0056176504541554095,0.0056176504541554095,0.9304299769573845
E1_cec2022_paper_budget,cec2022,3,20,GF-Method,6,2462292812696890510,15000,15000,600.0032613317959,0.003261331795897604,0.003261331795897604,0.9248441600357182
E1_cec2022_paper_budget,cec2022,3,20,GF-Method,7,3536803460210019177,15000,15000,600.0051808889727,0.005180888972745379,0.005180888972745379,0.9490320369950496
E1_cec2022_paper_budget,cec2022,3,20,GF-Method,8,6131250163369339692,15000,15000,600.0020194354195,0.002019435419470028,0.002019435419470028,0.9241527639678679
E1_cec2022_paper_budget,cec2022,3,20,GF-Method,9,8714491741091662495,15000,15000,600.0057949669881,0.005794966988105443,0.005794966988105443,0.9068867989699356
E1_cec2022_paper_budget,cec2022,3,20,GF-Method,10,2303009780620647794,15000,15000,600.0019028111005,0.001902811100535473,0.001902811100535473,0.9445326279965229
E1_cec2022_paper_budget,cec2022,3,20,GF-Method,11,4533542122269720993,15000,15000,600.001680576276,0.0016805762760441212,0.0016805762760441212,0.942577711015474
E1_cec2022_paper_budget,cec2022,3,20,GF-Method,12,1947691984704714848,15000,15000,600.0045301635633,0.004530163563345013,0.004530163563345013,0.9855321869836189
E1_cec2022_paper_budget,cec2022,3,20,GF-Method,13,3839128238848792216,15000,15000,600.0076381617579,0.0076381617578817895,0.0076381617578817895,0.9617913389811292
E1_cec2022_paper_budget,cec2022,3,20,GF-Method,14,5505424823995545513,15000,15000,600.0060953020248,0.006095302024846205,0.006095302024846205,0.9507462820038199
E1_cec2022_paper_budget,cec2022,3,20,GF-Method,15,4319849172556695825,15000,15000,600.0058758339645,0.005875833964523736,0.005875833964523736,0.9296082360087894
E1_cec2022_paper_budget,cec2022,3,20,GF-Method,16,5824865328809343001,15000,15000,600.00624846831,0.00624846830999104,0.00624846830999104,0.9199835939798504
E1_cec2022_paper_budget,cec2022,3,20,GF-Method,17,3666318950580808329,15000,15000,600.0034231074858,0.0034231074857871135,0.0034231074857871135,0.9251108199823648
E1_cec2022_paper_budget,cec2022,3,20,GF-Method,18,4069141111386358587,15000,15000,600.0156172183888,0.015617218388797482,0.015617218388797482,0.9359952550148591
E1_cec2022_paper_budget,cec2022,3,20,GF-Method,19,1080441994595981400,15000,15000,600.0038323910749,0.003832391074865882,0.003832391074865882,0.9204361329902895
E1_cec2022_paper_budget,cec2022,3,20,GF-Method,20,6534055216111086232,15000,15000,600.0252035086407,0.025203508640743166,0.025203508640743166,0.9245782810030505
E1_cec2022_paper_budget,cec2022,3,20,GF-Method,21,4310584329589337502,15000,15000,600.0041071201356,0.004107120135586229,0.004107120135586229,0.924300599959679
E1_cec2022_paper_budget,cec2022,3,20,GF-Method,22,7430981108189103000,15000,15000,600.0051764971341,0.0051764971341299315,0.0051764971341299315,0.9301262680091895
E1_cec2022_paper_budget,cec2022,3,20,GF-Method,23,1524183893609976079,15000,15000,600.0032175399821,0.0032175399820744133,0.0032175399820744133,0.9161759520065971
E1_cec2022_paper_budget,cec2022,3,20,GF-Method,24,7208116126295495324,15000,15000,600.0054085485574,0.005408548557397808,0.005408548557397808,0.9220882609952241
E1_cec2022_paper_budget,cec2022,3,20,GF-Method,25,8962278456407300913,15000,15000,600.0046988720944,0.004698872094422768,0.004698872094422768,0.92876347101992
E1_cec2022_paper_budget,cec2022,3,20,GF-Method,26,69414373137733866,15000,15000,600.0130267025085,0.013026702508454946,0.013026702508454946,0.948080301983282
E1_cec2022_paper_budget,cec2022,3,20,GF-Method,27,8040738363163432367,15000,15000,600.0053390973416,0.005339097341561683,0.005339097341561683,0.9361739900195971
E1_cec2022_paper_budget,cec2022,3,20,GF-Method,28,7138357127311536629,15000,15000,600.0051860518466,0.005186051846635564,0.005186051846635564,0.9358048280118965
E1_cec2022_paper_budget,cec2022,3,20,GF-Method,29,5884909135709727084,15000,15000,600.0034515232187,0.0034515232187004585,0.0034515232187004585,0.9263338230084628
E1_cec2022_paper_budget,cec2022,7,10,GF-Method,0,2366506693780219001,15000,15000,2009.266688100058,9.26668810005799,9.26668810005799,0.9305691170156933
E1_cec2022_paper_budget,cec2022,7,10,GF-Method,1,3140450159082089985,15000,15000,2006.3265644750593,6.3265644750592855,6.3265644750592855,0.9470427660271525
E1_cec2022_paper_budget,cec2022,7,10,GF-Method,2,5767103017939283565,15000,15000,2003.4895566926764,3.4895566926763877,3.4895566926763877,0.9376082210219465
E1_cec2022_paper_budget,cec2022,7,10,GF-Method,3,8371741049122873468,15000,15000,2000.7807168644038,0.7807168644037574,0.7807168644037574,0.9963059549918398
E1_cec2022_paper_budget,cec2022,7,10,GF-Method,4,4632899718116448505,15000,15000,2001.4348306403235,1.4348306403235256,1.4348306403235256,1.014796054980252
E1_cec2022_paper_budget,cec2022,7,10,GF-Method,5,8246084205943974933,15000,15000,2000.802608066959,0.8026080669590101,0.8026080669590101,0.9891924430266954
E1_cec2022_paper_budget,cec2022,7,10,GF-Method,6,7804579350106022843,15000,15000,2004.9421994890336,4.942199489033555,4.942199489033555,0.9485024540335871
E1_cec2022_paper_budget,cec2022,7,10,GF-Method,7,5856296198585713215,15000,15000,2000.2597440137313,0.25974401373127876,0.25974401373127876,0.9807339769904502
E1_cec2022_paper_budget,cec2022,7,10,GF-Method,8,5980950536817646058,15000,15000,2006.5961866642053,6.596186664205334,6.596186664205334,0.978824436024297
E1_cec2022_paper_budget,cec2022,7,10,GF-Method,9,7245328751048840190,15000,15000,2000.9851514120817,0.9851514120816773,0.9851514120816773,0.9281136619974859
E1_cec2022_paper_budget,cec2022,7,10,GF-Method,10,5056812581528928864,15000,15000,2002.4086533450213,2.408653345021321,2.408653345021321,0.9662993740057573
E1_cec2022_paper_budget,cec2022,7,10,GF-Method,11,4641647869459427953,15000,15000,2003.3750911258733,3.3750911258732685,3.3750911258732685,0.8551695070345886
E1_cec2022_paper_budget,cec2022,7,10,GF-Method,12,632568547527966646,15000,15000,2001.7576067135901,1.7576067135901212,1.7576067135901212,0.9590620490489528
E1_cec2022_paper_budget,cec2022,7,10,GF-Method,13,74310630142077680,15000,15000,2020.3337379465856,20.333737946585643,20.333737946585643,0.9861222939798608
E1_cec2022_paper_budget,cec2022,7,10,GF-Method,14,7451240293005751357,15000,15000,2001.2649598592066,1.2649598592065558,1.2649598592065558,0.992609421024099
E1_cec2022_paper_budget,cec2022,7,10,GF-Method,15,4365353294364610381,15000,15000,2020.059110619696,20.059110619695957,20.059110619695957,0.9756264380412176
E1_cec2022_paper_budget,cec2022,7,10,GF-Method,16,6398918192124500598,15000,15000,2001.334347976226,1.3343479762258994,1.3343479762258994,0.9706066120415926
E1_cec2022_paper_budget,cec2022,7,10,GF-Method,17,3284303902096630354,15000,15000,2008.4033895467728,8.403389546772814,8.403389546772814,0.9704041720251553
E1_cec2022_paper_budget,cec2022,7,10,GF-Method,18,8278933451640411122,15000,15000,2001.7128610465552,1.7128610465551901,1.7128610465551901,0.9710511969751678
E1_cec2022_paper_budget,cec2022,7,10,GF-Method,19,104654255556331172,15000,15000,2020.5317531857675,20.531753185767457,20.531753185767457,0.9687970589729957
E1_cec2022_paper_budget,cec2022,7,10,GF-Method,20,7343877951287533141,15000,15000,2002.4578436059044,2.4578436059043725,2.4578436059043725,0.967929711972829
E1_cec2022_paper_budget,cec2022,7,10,GF-Method,21,7279577613053002767,15000,15000,2020.0926603937974,20.09266039379736,20.09266039379736,0.9750816660234705
E1_cec2022_paper_budget,cec2022,7,10,GF-Method,22,7364861559473243879,15000,15000,2001.3003423230925,1.3003423230925364,1.3003423230925364,0.9783775079995394
E1_cec2022_paper_budget,cec2022,7,10,GF-Method,23,7671714168791188970,15000,15000,2005.6665999695488,5.66659996954877,5.66659996954877,0.9356482839793898
E1_cec2022_paper_budget,cec2022,7,10,GF-Method,24,4170389188110316156,15000,15000,2001.622749220665,1.6227492206649003,1.6227492206649003,0.8674543490051292
E1_cec2022_paper_budget,cec2022,7,10,GF-Method,25,1894399051088845818,15000,15000,2020.0952720029013,20.09527200290131,20.09527200290131,0.9205093500204384
E1_cec2022_paper_budget,cec2022,7,10,GF-Method,26,2927593147225919480,15000,15000,2020.0196287486963,20.019628748696277,20.019628748696277,0.9704067580169067
E1_cec2022_paper_budget,cec2022,7,10,GF-Method,27,4909256490342755261,15000,15000,2002.1993238395323,2.199323839532326,2.199323839532326,1.003609963983763
E1_cec2022_paper_budget,cec2022,7,10,GF-Method,28,7040239348408147566,15000,15000,2000.001963532687,0.0019635326868865377,0.0019635326868865377,0.9480379319866188
E1_cec2022_paper_budget,cec2022,7,10,GF-Method,29,1105997996922880750,15000,15000,2001.6386276580736,1.638627658073574,1.638627658073574,0.9305297629907727
E1_cec2022_paper_budget,cec2022,11,10,GF-Method,0,2143317766184528654,15000,15000,2600.000000000001,0.0,9.094947017729282e-13,0.9806470350013115
E1_cec2022_paper_budget,cec2022,11,10,GF-Method,1,5125082262422023554,15000,15000,2600.000000000001,0.0,9.094947017729282e-13,1.0720490290550515
E1_cec2022_paper_budget,cec2022,11,10,GF-Method,2,5317472338260638032,15000,15000,2600.0000000000064,0.0,6.366462912410498e-12,1.041018827992957
E1_cec2022_paper_budget,cec2022,11,10,GF-Method,3,3113821107264073529,15000,15000,2600.000000000002,0.0,1.8189894035458565e-12,1.0318902879953384
E1_cec2022_paper_budget,cec2022,11,10,GF-Method,4,7836985104692786802,15000,15000,2600.000000000001,0.0,9.094947017729282e-13,1.0086891009705141
E1_cec2022_paper_budget,cec2022,11,10,GF-Method,5,5847094264127734118,15000,15000,2600.0000000000005,0.0,4.547473508864641e-13,1.009043133992236
E1_cec2022_paper_budget,cec2022,11,10,GF-Method,6,8460647256926585711,15000,15000,2600.0000000000014,0.0,1.3642420526593924e-12,1.0425257349852473
E1_cec2022_paper_budget,cec2022,11,10,GF-Method,7,3355560811011356261,15000,15000,2600.000000000001,0.0,9.094947017729282e-13,1.0272063819575123
E1_cec2022_paper_budget,cec2022,11,10,GF-Method,8,3637338035506892902,15000,15000,2600.0000000000005,0.0,4.547473508864641e-13,1.0369177060201764
E1_cec2022_paper_budget,cec2022,11,10,GF-Method,9,7999540516297576266,15000,15000,2600.0000000000005,0.0,4.547473508864641e-13,1.0374755930388346
E1_cec2022_paper_budget,cec2022,11,10,GF-Method,10,3604281502111047851,15000,15000,2600.0000000000005,0.0,4.547473508864641e-13,0.9649755810387433
E1_cec2022_paper_budget,cec2022,11,10,GF-Method,11,4058243117789005185,15000,15000,2600.0000000000005,0.0,4.547473508864641e-13,0.717696882027667
E1_cec2022_paper_budget,cec2022,11,10,GF-Method,12,970391369714730188,15000,15000,2600.000000000001,0.0,9.094947017729282e-13,0.6966546149924397
E1_cec2022_paper_budget,cec2022,11,10,GF-Method,13,189666973467767602,15000,15000,2600.0000000000014,0.0,1.3642420526593924e-12,0.6830267640179954
E1_cec2022_paper_budget,cec2022,11,10,GF-Method,14,2228005946367943291,15000,15000,2600.0000000000005,0.0,4.547473508864641e-13,0.6574900270206854
E1_cec2022_paper_budget,cec2022,11,10,GF-Method,15,1818194112836026917,15000,15000,2600.0000000000005,0.0,4.547473508864641e-13,0.7929593459703028
E1_cec2022_paper_budget,cec2022,11,10,GF-Method,16,5524124813134099466,15000,15000,2600.0000000000023,0.0,2.2737367544323206e-12,0.994809638010338
E1_cec2022_paper_budget,cec2022,11,10,GF-Method,17,7325805467176675163,15000,15000,2600.0,0.0,0.0,0.9874969830270857
E1_cec2022_paper_budget,cec2022,11,10,GF-Method,18,4954988015574416595,15000,15000,2600.000000000002,0.0,1.8189894035458565e-12,1.0307573429890908
E1_cec2022_paper_budget,cec2022,11,10,GF-Method,19,2028536087766758055,15000,15000,2600.0000000000005,0.0,4.547473508864641e-13,1.0112678179866634
E1_cec2022_paper_budget,cec2022,11,10,GF-Method,20,3082102758241999115,15000,15000,2600.0000000000005,0.0,4.547473508864641e-13,1.0107018259586766
E1_cec2022_paper_budget,cec2022,11,10,GF-Method,21,2987219059613679057,15000,15000,2600.000000000001,0.0,9.094947017729282e-13,1.0149920230032876
E1_cec2022_paper_budget,cec2022,11,10,GF-Method,22,7146161917342659440,15000,15000,2600.000000000001,0.0,9.094947017729282e-13,1.0049035309930332
E1_cec2022_paper_budget,cec2022,11,10,GF-Method,23,3258893995721602119,15000,15000,2600.0000000000023,0.0,2.2737367544323206e-12,0.9918987179989927
E1_cec2022_paper_budget,cec2022,11,10,GF-Method,24,4442592948067323221,15000,15000,2600.0000000000005,0.0,4.547473508864641e-13,1.0025853230035864
E1_cec2022_paper_budget,cec2022,11,10,GF-Method,25,6042375414210995306,15000,15000,2600.000000000001,0.0,9.094947017729282e-13,1.0010155380005017
E1_cec2022_paper_budget,cec2022,11,10,GF-Method,26,6512116856860796661,15000,15000,2600.0000000000045,0.0,4.547473508864641e-12,1.01403877499979
E1_cec2022_paper_budget,cec2022,11,10,GF-Method,27,8379136592787555731,15000,15000,2600.000000000001,0.0,9.094947017729282e-13,1.001695743005257
E1_cec2022_paper_budget,cec2022,11,10,GF-Method,28,2782368826443186163,15000,15000,2600.0000000000005,0.0,4.547473508864641e-13,1.0750433760113083
E1_cec2022_paper_budget,cec2022,11,10,GF-Method,29,840921252785656199,15000,15000,2600.0000000000005,0.0,4.547473508864641e-13,1.0490894860122353
E1_cec2022_paper_budget,cec2022,8,20,GF-Method,0,3955720812912088972,15000,15000,2225.946434747974,25.946434747973854,25.946434747973854,1.0507480870001018
E1_cec2022_paper_budget,cec2022,8,20,GF-Method,1,5588956976118861443,15000,15000,2225.1580861193165,25.158086119316522,25.158086119316522,1.029362635978032
E1_cec2022_paper_budget,cec2022,8,20,GF-Method,2,822933171146434601,15000,15000,2227.324262830913,27.324262830913085,27.324262830913085,1.0247415690100752
E1_cec2022_paper_budget,cec2022,8,20,GF-Method,3,4219592895550300305,15000,15000,2223.94888963675,23.94888963675021,23.94888963675021,1.03763475100277
E1_cec2022_paper_budget,cec2022,8,20,GF-Method,4,5154025974139591916,15000,15000,2224.2052734833574,24.20527348335736,24.20527348335736,1.0217865360318683
E1_cec2022_paper_budget,cec2022,8,20,GF-Method,5,3920280837165156149,15000,15000,2225.4963565069183,25.496356506918346,25.496356506918346,1.0263690419960767
E1_cec2022_paper_budget,cec2022,8,20,GF-Method,6,5533690135687710079,15000,15000,2226.8064498321805,26.806449832180533,26.806449832180533,1.0459883500006981
E1_cec2022_paper_budget,cec2022,8,20,GF-Method,7,947055564657139081,15000,15000,2226.059808460802,26.059808460801833,26.059808460801833,1.0459980180021375
E1_cec2022_paper_budget,cec2022,8,20,GF-Method,8,3094626133774675853,15000,15000,2225.1748437977208,25.17484379772077,25.17484379772077,0.8624906889745034
E1_cec2022_paper_budget,cec2022,8,20,GF-Method,9,4098265383038043711,15000,15000,2226.4335174282533,26.433517428253253,26.433517428253253,0.9690915109822527
E1_cec2022_paper_budget,cec2022,8,20,GF-Method,10,3137302737951397694,15000,15000,2225.7753913005076,25.775391300507636,25.775391300507636,0.9903873829753138
E1_cec2022_paper_budget,cec2022,8,20,GF-Method,11,1433118741911684455,15000,15000,2226.179585211688,26.179585211687936,26.179585211687936,0.9891912000020966
E1_cec2022_paper_budget,cec2022,8,20,GF-Method,12,34546593620493717,15000,15000,2224.9821555451813,24.982155545181286,24.982155545181286,0.8521802600007504
E1_cec2022_paper_budget,cec2022,8,20,GF-Method,13,4137628481228745424,15000,15000,2225.579634072753,25.579634072752924,25.579634072752924,0.920258840022143
E1_cec2022_paper_budget,cec2022,8,20,GF-Method,14,8909263624692882171,15000,15000,2226.5621375873943,26.562137587394318,26.562137587394318,1.0499896040419117
E1_cec2022_paper_budget,cec2022,8,20,GF-Method,15,8694702696261351569,15000,15000,2226.312163754415,26.312163754414996,26.312163754414996,1.0560045859892853
E1_cec2022_paper_budget,cec2022,8,20,GF-Method,16,6273413363550336479,15000,15000,2225.152967513262,25.152967513261956,25.152967513261956,1.0569618819863535
E1_cec2022_paper_budget,cec2022,8,20,GF-Method,17,8011447355203982691,15000,15000,2225.2826092143773,25.282609214377317,25.282609214377317,1.01665621396387
E1_cec2022_paper_budget,cec2022,8,20,GF-Method,18,6089431514145370749,15000,15000,2226.6115205791148,26.611520579114767,26.611520579114767,1.0148821369512007
E1_cec2022_paper_budget,cec2022,8,20,GF-Method,19,3767328979167011061,15000,15000,2225.76735497234,25.767354972339945,25.767354972339945,1.0425729139824398
E1_cec2022_paper_budget,cec2022,8,20,GF-Method,20,4295603807872917330,15000,15000,2225.552344589056,25.552344589055792,25.552344589055792,1.0473192349891178
E1_cec2022_paper_budget,cec2022,8,20,GF-Method,21,29105962291504692,15000,15000,2227.964146495376,27.9641464953761,27.9641464953761,1.0403660649899393
E1_cec2022_paper_budget,cec2022,8,20,GF-Method,22,6918108462312829333,15000,15000,2226.8415141455966,26.841514145596648,26.841514145596648,1.0769792570499703
E1_cec2022_paper_budget,cec2022,8,20,GF-Method,23,648656257485002053,15000,15000,2226.147873644735,26.147873644734773,26.147873644734773,0.9529976249905303
E1_cec2022_paper_budget,cec2022,8,20,GF-Method,24,2384856300037327696,15000,15000,2225.8404708071853,25.840470807185284,25.840470807185284,0.7094332620035857
E1_cec2022_paper_budget,cec2022,8,20,GF-Method,25,6494068521294195360,15000,15000,2224.5251042786517,24.525104278651725,24.525104278651725,0.6812105780118145
E1_cec2022_paper_budget,cec2022,8,20,GF-Method,26,6014767123703817559,15000,15000,2225.318312067219,25.318312067218812,25.318312067218812,0.6952309450134635
E1_cec2022_paper_budget,cec2022,8,20,GF-Method,27,7920251747700898846,15000,15000,2226.2375770467434,26.237577046743354,26.237577046743354,0.7307973930146545
E1_cec2022_paper_budget,cec2022,8,20,GF-Method,28,8940029175759081681,15000,15000,2231.2485514378,31.24855143779996,31.24855143779996,0.9997075040009804
E1_cec2022_paper_budget,cec2022,8,20,GF-Method,29,4452297802213548252,15000,15000,2226.1263775409197,26.126377540919748,26.126377540919748,1.0006016619736329
E1_cec2022_paper_budget,cec2022,11,20,GF-Method,0,7473155541423647101,15000,15000,2900.0011955594755,300.0011955594755,300.0011955594755,1.069546595972497
E1_cec2022_paper_budget,cec2022,11,20,GF-Method,1,6242410374482613635,15000,15000,2900.0000405163764,300.00004051637643,300.00004051637643,1.060950072016567
E1_cec2022_paper_budget,cec2022,11,20,GF-Method,2,7600971110201863075,15000,15000,2900.0008412857896,300.00084128578965,300.00084128578965,1.0706017250195146
E1_cec2022_paper_budget,cec2022,11,20,GF-Method,3,8461065363159495187,15000,15000,2900.0000520029307,300.0000520029307,300.0000520029307,1.0693564990069717
E1_cec2022_paper_budget,cec2022,11,20,GF-Method,4,7723443480759220334,15000,15000,2900.0001957221675,300.0001957221675,300.0001957221675,1.0772662649978884
E1_cec2022_paper_budget,cec2022,11,20,GF-Method,5,5515106757628061143,15000,15000,2900.0001602373814,300.00016023738135,300.00016023738135,1.0761647690087557
E1_cec2022_paper_budget,cec2022,11,20,GF-Method,6,8529131542797109608,15000,15000,2900.000073103305,300.0000731033051,300.0000731033051,1.0805322310188785
E1_cec2022_paper_budget,cec2022,11,20,GF-Method,7,7155890407924531185,15000,15000,2900.000130123,300.00013012299996,300.00013012299996,1.0884162480360828
E1_cec2022_paper_budget,cec2022,11,20,GF-Method,8,3817133311864868780,15000,15000,2900.0003574997127,300.00035749971266,300.00035749971266,1.0945826040115207
E1_cec2022_paper_budget,cec2022,11,20,GF-Method,9,7415642026869168450,15000,15000,2900.0001115422683,300.0001115422683,300.0001115422683,1.0753785339766182
E1_cec2022_paper_budget,cec2022,11,20,GF-Method,10,8792934125641893193,15000,15000,2900.000089910962,300.00008991096183,300.00008991096183,1.0609856590162963
E1_cec2022_paper_budget,cec2022,11,20,GF-Method,11,118411678578556914,15000,15000,2900.0004192392134,300.00041923921344,300.00041923921344,1.0647677420056425
E1_cec2022_paper_budget,cec2022,11,20,GF-Method,12,5818847014743126979,15000,15000,2900.000587876231,300.00058787623084,300.00058787623084,1.0532816189806908
E1_cec2022_paper_budget,cec2022,11,20,GF-Method,13,7840797608825028361,15000,15000,2900.0000826117193,300.00008261171934,300.00008261171934,1.0761692369705997
E1_cec2022_paper_budget,cec2022,11,20,GF-Method,14,2302117244985419891,15000,15000,2900.0005430487477,300.00054304874766,300.00054304874766,1.0724628850002773
E1_cec2022_paper_budget,cec2022,11,20,GF-Method,15,3548638702050516265,15000,15000,2900.000139612,300.0001396120001,300.0001396120001,1.0868040440254845
E1_cec2022_paper_budget,cec2022,11,20,GF-Method,16,7551527431322228331,15000,15000,2900.000212012887,300.000212012887,300.000212012887,1.111696662963368
E1_cec2022_paper_budget,cec2022,11,20,GF-Method,17,4864348310279254904,15000,15000,2900.000141287172,300.000141287172,300.000141287172,1.0570032289833762
E1_cec2022_paper_budget,cec2022,11,20,GF-Method,18,822085139789433097,15000,15000,2900.0012526981195,300.0012526981195,300.0012526981195,1.0450121389585547
E1_cec2022_paper_budget,cec2022,11,20,GF-Method,19,3464280776267757520,15000,15000,2900.0004524962774,300.0004524962774,300.0004524962774,1.0522341139730997
E1_cec2022_paper_budget,cec2022,11,20,GF-Method,20,1016449882777588427,15000,15000,2900.000553828454,300.00055382845403,300.00055382845403,1.0576547009986825
E1_cec2022_paper_budget,cec2022,11,20,GF-Method,21,2357189081720975353,15000,15000,2900.000055077803,300.00005507780315,300.00005507780315,1.0537722689914517
E1_cec2022_paper_budget,cec2022,11,20,GF-Method,22,7954361408742194046,15000,15000,2900.000051680884,300.0000516808841,300.0000516808841,1.0561157949850895
E1_cec2022_paper_budget,cec2022,11,20,GF-Method,23,6836816878985462866,15000,15000,2900.0003939270837,300.0003939270837,300.0003939270837,1.0617936039925553
E1_cec2022_paper_budget,cec2022,11,20,GF-Method,24,9020738337594623293,15000,15000,2900.0000885875297,300.0000885875297,300.0000885875297,1.058545020991005
E1_cec2022_paper_budget,cec2022,11,20,GF-Method,25,9210633864858086031,15000,15000,2900.000414592939,300.0004145929388,300.0004145929388,1.0863793780445121
E1_cec2022_paper_budget,cec2022,11,20,GF-Method,26,5850683203289734412,15000,15000,2900.000063896399,300.00006389639884,300.00006389639884,1.0457569559803233
E1_cec2022_paper_budget,cec2022,11,20,GF-Method,27,7445205095775934708,15000,15000,2900.0002178667673,300.00021786676734,300.00021786676734,1.0442586250137538
E1_cec2022_paper_budget,cec2022,11,20,GF-Method,28,748752481223675539,15000,15000,2900.000468252133,300.00046825213303,300.00046825213303,1.0479584939894266
E1_cec2022_paper_budget,cec2022,11,20,GF-Method,29,5987470507760837199,15000,15000,2900.0003574811967,300.0003574811967,300.0003574811967,1.0508645760128275
E2_cec2022_competition,cec2022,4,10,GF-Method,0,1197585967104615254,200000,200000,804.9759920020231,4.975992002023077,4.975992002023077,10.446679279964883
E2_cec2022_competition,cec2022,4,10,GF-Method,1,321701330915321171,200000,200000,803.9802303188847,3.980230318884651,3.980230318884651,8.385555619024672
E2_cec2022_competition,cec2022,4,10,GF-Method,2,6818363423774481609,200000,200000,805.9747673947677,5.974767394767696,5.974767394767696,8.757604228972923
E2_cec2022_competition,cec2022,4,10,GF-Method,3,2538612898847956437,200000,200000,804.9752093734637,4.975209373463713,4.975209373463713,8.59939565003151
E2_cec2022_competition,cec2022,4,10,GF-Method,4,1824608178783887660,200000,200000,804.97735148446,4.977351484459973,4.977351484459973,10.800555694964714
E2_cec2022_competition,cec2022,4,10,GF-Method,5,3036783358636232411,200000,200000,804.9754497736267,4.9754497736266785,4.9754497736266785,11.33067963202484
E2_cec2022_competition,cec2022,4,10,GF-Method,6,7053457411116911077,200000,200000,804.976800226547,4.97680022654697,4.97680022654697,10.073884640994947
E2_cec2022_competition,cec2022,4,10,GF-Method,7,8607059185965728578,200000,200000,806.9686154619238,6.968615461923832,6.968615461923832,10.387695409008302
E2_cec2022_competition,cec2022,4,10,GF-Method,8,2573050168820484282,200000,200000,806.9651476417547,6.965147641754697,6.965147641754697,10.463495080010034
E2_cec2022_competition,cec2022,4,10,GF-Method,9,8198466205227650494,200000,200000,808.9567809895344,8.956780989534423,8.956780989534423,11.206136727996636
E2_cec2022_competition,cec2022,4,10,GF-Method,10,5552714922186923012,200000,200000,803.9807123688956,3.980712368895638,3.980712368895638,11.260217342001852
E2_cec2022_competition,cec2022,4,10,GF-Method,11,6855267344958852311,200000,200000,806.965188474045,6.965188474045021,6.965188474045021,10.627027703972999
E2_cec2022_competition,cec2022,4,10,GF-Method,12,4089003087204006360,200000,200000,806.9659054462395,6.965905446239503,6.965905446239503,9.278239188017324
E2_cec2022_competition,cec2022,4,10,GF-Method,13,7196397700311815745,200000,200000,804.9752147808483,4.975214780848319,4.975214780848319,9.672460955975112
E2_cec2022_competition,cec2022,4,10,GF-Method,14,2407258406615441977,200000,200000,803.9805119508203,3.9805119508203006,3.9805119508203006,11.009978492045775
E2_cec2022_competition,cec2022,4,10,GF-Method,15,8452984554530655277,200000,200000,804.9754983260724,4.9754983260723975,4.9754983260723975,9.319771916954778
E2_cec2022_competition,cec2022,4,10,GF-Method,16,8234537017260853124,200000,200000,801.9916787607694,1.991678760769446,1.991678760769446,10.66916323400801
E2_cec2022_competition,cec2022,4,10,GF-Method,17,4025848880718634156,200000,200000,805.9698305685469,5.969830568546854,5.969830568546854,9.840647978999186
E2_cec2022_competition,cec2022,4,10,GF-Method,18,4512077970273321555,200000,200000,803.9807853638099,3.9807853638099004,3.9807853638099004,11.221436936000828
E2_cec2022_competition,cec2022,4,10,GF-Method,19,7554258987299902554,200000,200000,802.985870298548,2.9858702985479795,2.9858702985479795,10.558210949995555
E2_cec2022_competition,cec2022,4,10,GF-Method,20,8476269576794355819,200000,200000,804.9755672720582,4.9755672720582425,4.9755672720582425,7.532906890031882
E2_cec2022_competition,cec2022,4,10,GF-Method,21,6182106925418974261,200000,200000,803.9801974856479,3.9801974856478637,3.9801974856478637,10.642411918961443
E2_cec2022_competition,cec2022,4,10,GF-Method,22,5900350356749347543,200000,200000,802.985042669682,2.9850426696820023,2.9850426696820023,8.460692437016405
E2_cec2022_competition,cec2022,4,10,GF-Method,23,6552130341679806477,200000,200000,809.9497321738354,9.9497321738354,9.9497321738354,8.61745435098419
E2_cec2022_competition,cec2022,4,10,GF-Method,24,774762145254445338,200000,200000,801.9926374022629,1.992637402262858,1.992637402262858,7.535642189963255
E2_cec2022_competition,cec2022,4,10,GF-Method,25,826180080704593749,200000,200000,804.9758710422184,4.975871042218387,4.975871042218387,10.986351765983272
E2_cec2022_competition,cec2022,4,10,GF-Method,26,1390075794258660041,200000,200000,803.9808595563576,3.9808595563575864,3.9808595563575864,11.120531545951962
E2_cec2022_competition,cec2022,4,10,GF-Method,27,3681475301181705077,200000,200000,805.9714466306808,5.971446630680816,5.971446630680816,10.987255141022615
E2_cec2022_competition,cec2022,4,10,GF-Method,28,8416220851454596152,200000,200000,804.976036540258,4.976036540257951,4.976036540257951,11.054393426980823
E2_cec2022_competition,cec2022,4,10,GF-Method,29,1090592035456632811,200000,200000,805.9708094885244,5.970809488524424,5.970809488524424,9.036286449001636
E2_cec2022_competition,cec2022,2,10,GF-Method,0,1538624050572091648,200000,200000,403.98657911234716,3.986579112347158,3.986579112347158,10.867454963037744
E2_cec2022_competition,cec2022,2,10,GF-Method,1,3372175474506541052,200000,200000,408.9161019277813,8.916101927781312,8.916101927781312,10.012791674002074
E2_cec2022_competition,cec2022,2,10,GF-Method,2,4879714710882100584,200000,200000,400.0,0.0,0.0,10.212578697013669
E2_cec2022_competition,cec2022,2,10,GF-Method,3,2890428328088965466,200000,200000,403.98657911234716,3.986579112347158,3.986579112347158,11.149412856029812
E2_cec2022_competition,cec2022,2,10,GF-Method,4,6479607609393733653,200000,200000,403.98657911234716,3.986579112347158,3.986579112347158,8.81717994902283
E2_cec2022_competition,cec2022,2,10,GF-Method,5,7504118581925491531,200000,200000,403.98657911234716,3.986579112347158,3.986579112347158,10.468153556983452
E2_cec2022_competition,cec2022,2,10,GF-Method,6,3284143444381433079,200000,200000,403.98657911234716,3.986579112347158,3.986579112347158,8.976118246035185
E2_cec2022_competition,cec2022,2,10,GF-Method,7,7401140818632073165,200000,200000,403.98657911234716,3.986579112347158,3.986579112347158,10.958738714980427
E2_cec2022_competition,cec2022,2,10,GF-Method,8,5169991609698686131,200000,200000,408.9161019277813,8.916101927781312,8.916101927781312,8.747180167003535
E2_cec2022_competition,cec2022,2,10,GF-Method,9,1612565226189490641,200000,200000,403.98657911234716,3.986579112347158,3.986579112347158,11.070224229013547
E2_cec2022_competition,cec2022,2,10,GF-Method,10,2141994562837945908,200000,200000,408.9161019277813,8.916101927781312,8.916101927781312,11.131580027984455
E2_cec2022_competition,cec2022,2,10,GF-Method,11,9222753328159391219,200000,200000,403.98657911234716,3.986579112347158,3.986579112347158,8.221334262983873
E2_cec2022_competition,cec2022,2,10,GF-Method,12,3928737321764123284,200000,200000,408.9161019277813,8.916101927781312,8.916101927781312,10.950467391987331
E2_cec2022_competition,cec2022,2,10,GF-Method,13,5712371743161731640,200000,200000,408.9161019277813,8.916101927781312,8.916101927781312,10.993735756026581
E2_cec2022_competition,cec2022,2,10,GF-Method,14,5699691474570053866,200000,200000,408.9161019277813,8.916101927781312,8.916101927781312,9.03055135102477
E2_cec2022_competition,cec2022,2,10,GF-Method,15,8553607637804479483,200000,200000,408.9161019277813,8.916101927781312,8.916101927781312,8.326106795982923
E2_cec2022_competition,cec2022,2,10,GF-Method,16,1771899685295096880,200000,200000,408.9161019277813,8.916101927781312,8.916101927781312,9.441587926994544
E2_cec2022_competition,cec2022,2,10,GF-Method,17,2863802272009471550,200000,200000,403.98657911234716,3.986579112347158,3.986579112347158,10.118946258968208
E2_cec2022_competition,cec2022,2,10,GF-Method,18,1324203822569510626,200000,200000,403.98657911234716,3.986579112347158,3.986579112347158,7.309591546014417
E2_cec2022_competition,cec2022,2,10,GF-Method,19,6473428006026140084,200000,200000,408.9161019277813,8.916101927781312,8.916101927781312,11.213103775051422
E2_cec2022_competition,cec2022,2,10,GF-Method,20,9156516436674438695,200000,200000,408.9161019277813,8.916101927781312,8.916101927781312,11.088910096965265
E2_cec2022_competition,cec2022,2,10,GF-Method,21,4297536699449277014,200000,200000,408.9161019277813,8.916101927781312,8.916101927781312,10.799231931974646
E2_cec2022_competition,cec2022,2,10,GF-Method,22,4298200386373580793,200000,200000,403.98657911234716,3.986579112347158,3.986579112347158,10.042787976039108
E2_cec2022_competition,cec2022,2,10,GF-Method,23,2966648130733564414,200000,200000,403.98657911234716,3.986579112347158,3.986579112347158,11.034987419028766
E2_cec2022_competition,cec2022,2,10,GF-Method,24,4382473730020806086,200000,200000,403.98657911234716,3.986579112347158,3.986579112347158,9.929642649018206
E2_cec2022_competition,cec2022,2,10,GF-Method,25,8986769647567847290,200000,200000,403.98657911234716,3.986579112347158,3.986579112347158,10.639160770981107
E2_cec2022_competition,cec2022,2,10,GF-Method,26,3551512291092060424,200000,200000,408.9161019277813,8.916101927781312,8.916101927781312,7.418142676993739
E2_cec2022_competition,cec2022,2,10,GF-Method,27,3214364391174345105,200000,200000,408.9161019277813,8.916101927781312,8.916101927781312,10.491377015016042
E2_cec2022_competition,cec2022,2,10,GF-Method,28,8644253887237743696,200000,200000,408.9161019277813,8.916101927781312,8.916101927781312,10.876873498025816
E2_cec2022_competition,cec2022,2,10,GF-Method,29,6650731389600346900,200000,200000,408.9161019277813,8.916101927781312,8.916101927781312,10.941722498973832
E2_cec2022_competition,cec2022,1,10,GF-Method,0,3868434145335151192,200000,200000,300.0,0.0,0.0,9.00939385901438
E2_cec2022_competition,cec2022,1,10,GF-Method,1,2432172901272354810,200000,200000,300.0,0.0,0.0,11.271665404026862
E2_cec2022_competition,cec2022,1,10,GF-Method,2,9065247072388985183,200000,200000,300.0,0.0,0.0,10.978385163994972
E2_cec2022_competition,cec2022,1,10,GF-Method,3,2965320759547227865,200000,200000,300.0,0.0,0.0,9.852652145025786
E2_cec2022_competition,cec2022,1,10,GF-Method,4,774835776756988060,200000,200000,300.0,0.0,0.0,10.782261992979329
E2_cec2022_competition,cec2022,1,10,GF-Method,5,1911964801767613481,200000,200000,300.0,0.0,0.0,10.128748734947294
E2_cec2022_competition,cec2022,1,10,GF-Method,6,5471661404310560859,200000,200000,300.0,0.0,0.0,10.747791300003882
E2_cec2022_competition,cec2022,1,10,GF-Method,7,9088786699005947341,200000,200000,300.0,0.0,0.0,11.093236621993128
E2_cec2022_competition,cec2022,1,10,GF-Method,8,7788785983591545516,200000,200000,300.0,0.0,0.0,9.586054270039313
E2_cec2022_competition,cec2022,1,10,GF-Method,9,7958130926448178736,200000,200000,300.0,0.0,0.0,11.030083469988313
E2_cec2022_competition,cec2022,1,10,GF-Method,10,7441516722018893879,200000,200000,300.0,0.0,0.0,10.258852138009388
E2_cec2022_competition,cec2022,1,10,GF-Method,11,4191266037354243165,200000,200000,300.0,0.0,0.0,10.479138931958005
E2_cec2022_competition,cec2022,1,10,GF-Method,12,4153871883379123574,200000,200000,300.0,0.0,0.0,11.176972626999486
E2_cec2022_competition,cec2022,1,10,GF-Method,13,9056781743277826766,200000,200000,300.0,0.0,0.0,11.122476443008054
E2_cec2022_competition,cec2022,1,10,GF-Method,14,2387532520065975602,200000,200000,300.0,0.0,0.0,10.734343366988469
E2_cec2022_competition,cec2022,1,10,GF-Method,15,6866754683835251233,200000,200000,300.0,0.0,0.0,9.033662365982309
E2_cec2022_competition,cec2022,1,10,GF-Method,16,9174227478136237631,200000,200000,300.0,0.0,0.0,9.061190327978693
E2_cec2022_competition,cec2022,1,10,GF-Method,17,610060285337357090,200000,200000,300.0,0.0,0.0,11.2345560019603
E2_cec2022_competition,cec2022,1,10,GF-Method,18,8959892272429062600,200000,200000,300.0,0.0,0.0,10.306713037018199
E2_cec2022_competition,cec2022,1,10,GF-Method,19,4509475773027614166,200000,200000,300.0,0.0,0.0,11.279500289994758
E2_cec2022_competition,cec2022,1,10,GF-Method,20,2599490527821487250,200000,200000,300.0,0.0,0.0,11.168727652984671
E2_cec2022_competition,cec2022,1,10,GF-Method,21,6982612141800351264,200000,200000,300.0,0.0,0.0,9.146333964949008
E2_cec2022_competition,cec2022,1,10,GF-Method,22,6228893274734978059,200000,200000,300.0,0.0,0.0,8.74662538600387
E2_cec2022_competition,cec2022,1,10,GF-Method,23,6766434530865793017,200000,200000,300.0,0.0,0.0,6.917702834994998
E2_cec2022_competition,cec2022,1,10,GF-Method,24,4277533187472531640,200000,200000,300.0,0.0,0.0,9.957484148966614
E2_cec2022_competition,cec2022,1,10,GF-Method,25,5006266897756162536,200000,200000,300.0,0.0,0.0,11.415880515996832
E2_cec2022_competition,cec2022,1,10,GF-Method,26,762825265438109907,200000,200000,300.0,0.0,0.0,10.745136330020614
E2_cec2022_competition,cec2022,1,10,GF-Method,27,999539156691354684,200000,200000,300.0,0.0,0.0,10.978402346023358
E2_cec2022_competition,cec2022,1,10,GF-Method,28,6463816932380088922,200000,200000,300.0,0.0,0.0,7.1596611450077035
E2_cec2022_competition,cec2022,1,10,GF-Method,29,7463370484644644034,200000,200000,300.0,0.0,0.0,9.79909167601727
E2_cec2022_competition,cec2022,5,10,GF-Method,0,192299997575575685,200000,200000,900.0,0.0,0.0,10.074452055967413
E2_cec2022_competition,cec2022,5,10,GF-Method,1,609043015648048010,200000,200000,900.0,0.0,0.0,8.456795698031783
E2_cec2022_competition,cec2022,5,10,GF-Method,2,900909650728034894,200000,200000,900.0,0.0,0.0,10.908819735981524
E2_cec2022_competition,cec2022,5,10,GF-Method,3,7159036857080276137,200000,200000,900.0,0.0,0.0,11.28023856395157
E2_cec2022_competition,cec2022,5,10,GF-Method,4,8366816084256063201,200000,200000,900.0,0.0,0.0,10.601426876964979
E2_cec2022_competition,cec2022,5,10,GF-Method,5,3059665484987954045,200000,200000,900.0,0.0,0.0,9.272630679013673
E2_cec2022_competition,cec2022,5,10,GF-Method,6,5855779746756515880,200000,200000,900.0,0.0,0.0,9.466148834035266
E2_cec2022_competition,cec2022,5,10,GF-Method,7,7287657836342145886,200000,200000,900.0,0.0,0.0,10.772298695985228
E2_cec2022_competition,cec2022,5,10,GF-Method,8,9181807926947447465,200000,200000,900.0,0.0,0.0,11.082418770994991
E2_cec2022_competition,cec2022,5,10,GF-Method,9,9168339442029914644,200000,200000,900.0,0.0,0.0,9.670899767021183
E2_cec2022_competition,cec2022,5,10,GF-Method,10,6379989520515510739,200000,200000,900.0,0.0,0.0,8.719585089944303
E2_cec2022_competition,cec2022,5,10,GF-Method,11,5677413119344404523,200000,200000,900.0,0.0,0.0,7.951320591964759
E2_cec2022_competition,cec2022,5,10,GF-Method,12,5900017791840574019,200000,200000,900.0,0.0,0.0,10.864540295035113
E2_cec2022_competition,cec2022,5,10,GF-Method,13,484135417340922066,200000,200000,900.0,0.0,0.0,10.952224746986758
E2_cec2022_competition,cec2022,5,10,GF-Method,14,7818195917494630451,200000,200000,900.0,0.0,0.0,11.240038443997037
E2_cec2022_competition,cec2022,5,10,GF-Method,15,1879314230894162404,200000,200000,900.0,0.0,0.0,9.656450986978598
E2_cec2022_competition,cec2022,5,10,GF-Method,16,8018573003151603397,200000,200000,900.0,0.0,0.0,10.134009160974529
E2_cec2022_competition,cec2022,5,10,GF-Method,17,4201325431163975069,200000,200000,900.0,0.0,0.0,11.281343417009339
E2_cec2022_competition,cec2022,5,10,GF-Method,18,4970718696362804008,200000,200000,900.0,0.0,0.0,10.136702211981174
E2_cec2022_competition,cec2022,5,10,GF-Method,19,908441268353368366,200000,200000,900.0,0.0,0.0,11.272199756000191
E2_cec2022_competition,cec2022,5,10,GF-Method,20,4924426873672265685,200000,200000,900.0,0.0,0.0,11.236324417986907
E2_cec2022_competition,cec2022,5,10,GF-Method,21,2693904353172464810,200000,200000,900.0,0.0,0.0,11.486867740983143
E2_cec2022_competition,cec2022,5,10,GF-Method,22,5309861427778533228,200000,200000,900.0,0.0,0.0,11.371250779018737
E2_cec2022_competition,cec2022,5,10,GF-Method,23,7724253408711269649,200000,200000,900.0,0.0,0.0,8.409650361048989
E2_cec2022_competition,cec2022,5,10,GF-Method,24,389744527363274534,200000,200000,900.0,0.0,0.0,11.418764946982265
E2_cec2022_competition,cec2022,5,10,GF-Method,25,6956548750849875575,200000,200000,900.0,0.0,0.0,11.345605358015746
E2_cec2022_competition,cec2022,5,10,GF-Method,26,6117936413396624304,200000,200000,900.0,0.0,0.0,10.422647105006035
E2_cec2022_competition,cec2022,5,10,GF-Method,27,3003907579699331627,200000,200000,900.0,0.0,0.0,8.23782633600058
E2_cec2022_competition,cec2022,5,10,GF-Method,28,3484929979734130960,200000,200000,900.0,0.0,0.0,10.266263078025077
E2_cec2022_competition,cec2022,5,10,GF-Method,29,6464723635687404405,200000,200000,900.0,0.0,0.0,9.588039113034029
E2_cec2022_competition,cec2022,3,10,GF-Method,0,3757159693640577403,200000,200000,600.0,0.0,0.0,10.90390320494771
E2_cec2022_competition,cec2022,3,10,GF-Method,1,1162817721878316860,200000,200000,600.0,0.0,0.0,11.641862331016455
E2_cec2022_competition,cec2022,3,10,GF-Method,2,806299698788189838,200000,200000,600.0,0.0,0.0,10.315810770960525
E2_cec2022_competition,cec2022,3,10,GF-Method,3,7798450539508065639,200000,200000,600.0,0.0,0.0,11.74497274699388
E2_cec2022_competition,cec2022,3,10,GF-Method,4,5771723641655668393,200000,200000,600.0,0.0,0.0,9.65535109397024
E2_cec2022_competition,cec2022,3,10,GF-Method,5,4480971042031416666,200000,200000,600.0,0.0,0.0,11.07416939799441
E2_cec2022_competition,cec2022,3,10,GF-Method,6,6160923868970389704,200000,200000,600.0,0.0,0.0,11.363397818990052
E2_cec2022_competition,cec2022,3,10,GF-Method,7,4392325142551222827,200000,200000,600.0,0.0,0.0,9.949062191997655
E2_cec2022_competition,cec2022,3,10,GF-Method,8,1449173159251111067,200000,200000,600.0,0.0,0.0,10.104591715033166
E2_cec2022_competition,cec2022,3,10,GF-Method,9,47068237829667620,200000,200000,600.0,0.0,0.0,10.954677567991894
E2_cec2022_competition,cec2022,3,10,GF-Method,10,1331493359163576301,200000,200000,600.0,0.0,0.0,10.957944194960874
E2_cec2022_competition,cec2022,3,10,GF-Method,11,2455181604454276410,200000,200000,600.0,0.0,0.0,11.390587606991176
E2_cec2022_competition,cec2022,3,10,GF-Method,12,1460418476726267372,200000,200000,600.0,0.0,0.0,7.299098124960437
E2_cec2022_competition,cec2022,3,10,GF-Method,13,3647422258106839471,200000,200000,600.0,0.0,0.0,10.228426632995252
E2_cec2022_competition,cec2022,3,10,GF-Method,14,4985552213384243187,200000,200000,600.0,0.0,0.0,11.536697573028505
E2_cec2022_competition,cec2022,3,10,GF-Method,15,6070886197517519681,200000,200000,600.0,0.0,0.0,10.33252438902855
E2_cec2022_competition,cec2022,3,10,GF-Method,16,1125319586885544196,200000,200000,600.0,0.0,0.0,9.162862115015741
E2_cec2022_competition,cec2022,3,10,GF-Method,17,6244788251449457730,200000,200000,600.0,0.0,0.0,9.300209646986332
E2_cec2022_competition,cec2022,3,10,GF-Method,18,3372957641670376127,200000,200000,600.0,0.0,0.0,10.813140578975435
E2_cec2022_competition,cec2022,3,10,GF-Method,19,1898778009922281890,200000,200000,600.0,0.0,0.0,7.337233653001022
E2_cec2022_competition,cec2022,3,10,GF-Method,20,1311521721823414297,200000,200000,600.0,0.0,0.0,9.046217535040341
E2_cec2022_competition,cec2022,3,10,GF-Method,21,5461964392225034595,200000,200000,600.0,0.0,0.0,9.383875750994775
E2_cec2022_competition,cec2022,3,10,GF-Method,22,7742262168160791430,200000,200000,600.0,0.0,0.0,11.92722849699203
E2_cec2022_competition,cec2022,3,10,GF-Method,23,7193983836018066164,200000,200000,600.0,0.0,0.0,11.602733540988993
E2_cec2022_competition,cec2022,3,10,GF-Method,24,8957118841087650082,200000,200000,600.0,0.0,0.0,10.021242944989353
E2_cec2022_competition,cec2022,3,10,GF-Method,25,6421268878184886632,200000,200000,600.0,0.0,0.0,11.456511664960999
E2_cec2022_competition,cec2022,3,10,GF-Method,26,9203588285117189450,200000,200000,600.0,0.0,0.0,11.015625022002496
E2_cec2022_competition,cec2022,3,10,GF-Method,27,6275792355428379286,200000,200000,600.0,0.0,0.0,10.54405579000013
E2_cec2022_competition,cec2022,3,10,GF-Method,28,5283709233187808137,200000,200000,600.0,0.0,0.0,11.542714467970654
E2_cec2022_competition,cec2022,3,10,GF-Method,29,6061547646185112002,200000,200000,600.0,0.0,0.0,11.371183873037808
E2_cec2022_competition,cec2022,6,10,GF-Method,0,7633693305308953492,200000,200000,1800.4434655447085,0.44346554470848787,0.44346554470848787,11.474672727985308
E2_cec2022_competition,cec2022,6,10,GF-Method,1,3657950183869209727,200000,200000,1800.108863243311,0.10886324331090691,0.10886324331090691,11.739321788016241
E2_cec2022_competition,cec2022,6,10,GF-Method,2,3979948407786361734,200000,200000,1800.4891199557824,0.4891199557823711,0.4891199557823711,9.237683902028948
E2_cec2022_competition,cec2022,6,10,GF-Method,3,8350030744386411491,200000,200000,1800.23283150034,0.2328315003398984,0.2328315003398984,9.033637700020336
E2_cec2022_competition,cec2022,6,10,GF-Method,4,107183203277464422,200000,200000,1800.2033389197488,0.20333891974883045,0.20333891974883045,11.562923852994572
E2_cec2022_competition,cec2022,6,10,GF-Method,5,7095716040984565552,200000,200000,1800.310205353917,0.3102053539168992,0.3102053539168992,11.63720994500909
E2_cec2022_competition,cec2022,6,10,GF-Method,6,5868357348356108410,200000,200000,1800.480791867556,0.48079186755603587,0.48079186755603587,11.18463434901787
E2_cec2022_competition,cec2022,6,10,GF-Method,7,6360604081902791551,200000,200000,1800.4560405053392,0.4560405053391605,0.4560405053391605,11.618593717983458
E2_cec2022_competition,cec2022,6,10,GF-Method,8,2718122024165500371,200000,200000,1800.2587792499307,0.25877924993073975,0.25877924993073975,11.578687128028832
E2_cec2022_competition,cec2022,6,10,GF-Method,9,1936250021352896855,200000,200000,1800.1043133955682,0.10431339556816965,0.10431339556816965,9.76231323403772
E2_cec2022_competition,cec2022,6,10,GF-Method,10,2432854035688498428,200000,200000,1800.3574305501731,0.35743055017314873,0.35743055017314873,11.458171699021477
E2_cec2022_competition,cec2022,6,10,GF-Method,11,4356475115522347591,200000,200000,1809.4338206842003,9.433820684200327,9.433820684200327,10.030693822016474
E2_cec2022_competition,cec2022,6,10,GF-Method,12,129611667033269742,200000,200000,1800.1656224507672,0.16562245076715953,0.16562245076715953,10.329302906990051
E2_cec2022_competition,cec2022,6,10,GF-Method,13,5631122390215169037,200000,200000,1800.1387448309622,0.13874483096219592,0.13874483096219592,11.085041270009242
E2_cec2022_competition,cec2022,6,10,GF-Method,14,6051967991146236938,200000,200000,1800.3453719021188,0.3453719021188135,0.3453719021188135,9.081484180991538
E2_cec2022_competition,cec2022,6,10,GF-Method,15,242392259010898107,200000,200000,1800.392481669647,0.39248166964694065,0.39248166964694065,7.587615232041571
E2_cec2022_competition,cec2022,6,10,GF-Method,16,4367279317015107624,200000,200000,1800.465785892083,0.4657858920829767,0.4657858920829767,8.230745724984445
E2_cec2022_competition,cec2022,6,10,GF-Method,17,463737594237625030,200000,200000,1800.4694333589887,0.469433358988681,0.469433358988681,7.396293465979397
E2_cec2022_competition,cec2022,6,10,GF-Method,18,3427328328909658646,200000,200000,1800.1999822355751,0.19998223557513484,0.19998223557513484,8.702981406997424
E2_cec2022_competition,cec2022,6,10,GF-Method,19,8184399584847029092,200000,200000,1800.216905250651,0.21690525065105248,0.21690525065105248,10.623922869970556
E2_cec2022_competition,cec2022,6,10,GF-Method,20,8610712036739925290,200000,200000,1800.3493101259587,0.34931012595870925,0.34931012595870925,10.197769751015585
E2_cec2022_competition,cec2022,6,10,GF-Method,21,4257303668810700895,200000,200000,1800.2619781236174,0.26197812361738215,0.26197812361738215,11.010751921974588
E2_cec2022_competition,cec2022,6,10,GF-Method,22,325194296160591802,200000,200000,1800.4303524115062,0.43035241150619186,0.43035241150619186,11.50298514100723
E2_cec2022_competition,cec2022,6,10,GF-Method,23,2068229193367896515,200000,200000,1800.0530031690073,0.0530031690072974,0.0530031690072974,11.202338162984233
E2_cec2022_competition,cec2022,6,10,GF-Method,24,342017734678095032,200000,200000,1800.002561406317,0.002561406316999637,0.002561406316999637,11.28399340697797
E2_cec2022_competition,cec2022,6,10,GF-Method,25,9071003623229577465,200000,200000,1800.2457940509635,0.24579405096346818,0.24579405096346818,11.610466965008527
E2_cec2022_competition,cec2022,6,10,GF-Method,26,4617687384979045707,200000,200000,1800.4884401159568,0.4884401159567915,0.4884401159567915,11.190775936993305
E2_cec2022_competition,cec2022,6,10,GF-Method,27,7020310494469046487,200000,200000,1800.476175932442,0.4761759324419472,0.4761759324419472,10.996665551967453
E2_cec2022_competition,cec2022,6,10,GF-Method,28,5542540168143381567,200000,200000,1800.1780708270815,0.17807082708145572,0.17807082708145572,11.702190253010485
E2_cec2022_competition,cec2022,6,10,GF-Method,29,6869004113953351352,200000,200000,1800.04223086164,0.04223086164006418,0.04223086164006418,10.387450298992917
E2_cec2022_competition,cec2022,10,10,GF-Method,0,2036504407677656527,200000,200000,2500.1973512935447,100.19735129354467,100.19735129354467,11.503700942965224
E2_cec2022_competition,cec2022,10,10,GF-Method,1,3877503993441140173,200000,200000,2500.3172502539865,100.31725025398646,100.31725025398646,11.628336251014844
E2_cec2022_competition,cec2022,10,10,GF-Method,2,7359015941770313350,200000,200000,2500.2849584594737,100.28495845947373,100.28495845947373,12.090758525999263
E2_cec2022_competition,cec2022,10,10,GF-Method,3,2910254658446281422,200000,200000,2500.2799487696657,100.27994876966568,100.27994876966568,11.840779502992518
E2_cec2022_competition,cec2022,10,10,GF-Method,4,5196795045757777281,200000,200000,2500.3744925530846,100.37449255308456,100.37449255308456,9.4359014609945
E2_cec2022_competition,cec2022,10,10,GF-Method,5,3628023580508309913,200000,200000,2500.3004405514544,100.30044055145436,100.30044055145436,11.016154574987013
E2_cec2022_competition,cec2022,10,10,GF-Method,6,1029680791827364295,200000,200000,2500.280706590825,100.28070659082505,100.28070659082505,9.78942346200347
E2_cec2022_competition,cec2022,10,10,GF-Method,7,570614125433813899,200000,200000,2500.333522172972,100.33352217297215,100.33352217297215,10.664054481021594
E2_cec2022_competition,cec2022,10,10,GF-Method,8,7504244683601270934,200000,200000,2500.2326465203905,100.23264652039052,100.23264652039052,11.375314420030918
E2_cec2022_competition,cec2022,10,10,GF-Method,9,8778924855269782882,200000,200000,2606.4040583062124,206.4040583062124,206.4040583062124,11.98423509998247
E2_cec2022_competition,cec2022,10,10,GF-Method,10,4827254258627775504,200000,200000,2500.321866784721,100.3218667847209,100.3218667847209,10.817827210004907
E2_cec2022_competition,cec2022,10,10,GF-Method,11,8574541017949445211,200000,200000,2500.2861317485876,100.28613174858765,100.28613174858765,9.706886323983781
E2_cec2022_competition,cec2022,10,10,GF-Method,12,3394734585075760899,200000,200000,2500.210180221714,100.21018022171393,100.21018022171393,9.387378601008095
E2_cec2022_competition,cec2022,10,10,GF-Method,13,2323804154796817392,200000,200000,2500.277569117978,100.27756911797815,100.27756911797815,11.824108414002694
E2_cec2022_competition,cec2022,10,10,GF-Method,14,382893750692605202,200000,200000,2605.94475705025,205.9447570502498,205.9447570502498,10.213584052980877
E2_cec2022_competition,cec2022,10,10,GF-Method,15,4174671131037460576,200000,200000,2500.26246006545,100.26246006544989,100.26246006544989,10.6393323430093
E2_cec2022_competition,cec2022,10,10,GF-Method,16,99140140986534072,200000,200000,2500.349282845686,100.34928284568605,100.34928284568605,10.801139168965165
E2_cec2022_competition,cec2022,10,10,GF-Method,17,2421929853839194947,200000,200000,2500.2227411616063,100.22274116160634,100.22274116160634,8.871613766008522
E2_cec2022_competition,cec2022,10,10,GF-Method,18,5608322379948709988,200000,200000,2500.317402815551,100.31740281555085,100.31740281555085,10.308782328967936
E2_cec2022_competition,cec2022,10,10,GF-Method,19,6569453016390795562,200000,200000,2500.277115557129,100.27711555712904,100.27711555712904,11.465024702018127
E2_cec2022_competition,cec2022,10,10,GF-Method,20,4967063999028423957,200000,200000,2500.222269350828,100.2222693508279,100.2222693508279,10.042256960005034
E2_cec2022_competition,cec2022,10,10,GF-Method,21,3648019582286573347,200000,200000,2500.2466136145704,100.24661361457038,100.24661361457038,11.715362287999596
E2_cec2022_competition,cec2022,10,10,GF-Method,22,1495369997065053416,200000,200000,2500.271413301065,100.27141330106497,100.27141330106497,11.599676427023951
E2_cec2022_competition,cec2022,10,10,GF-Method,23,610061054015895743,200000,200000,2500.26684932018,100.26684932017997,100.26684932017997,9.823331030027475
E2_cec2022_competition,cec2022,10,10,GF-Method,24,7067926400821214046,200000,200000,2606.4148502947255,206.4148502947255,206.4148502947255,10.648161292017903
E2_cec2022_competition,cec2022,10,10,GF-Method,25,8707330073930304086,200000,200000,2500.270824953084,100.27082495308377,100.27082495308377,11.633775743015576
E2_cec2022_competition,cec2022,10,10,GF-Method,26,5724217359577265861,200000,200000,2500.406293915309,100.4062939153091,100.4062939153091,11.768448085989803
E2_cec2022_competition,cec2022,10,10,GF-Method,27,1298394907758407458,200000,200000,2500.266740803066,100.26674080306611,100.26674080306611,9.893403347989079
E2_cec2022_competition,cec2022,10,10,GF-Method,28,6398649806785019459,200000,200000,2500.330829694422,100.33082969442194,100.33082969442194,8.314434002968483
E2_cec2022_competition,cec2022,10,10,GF-Method,29,1489927384535293644,200000,200000,2606.7891938660364,206.78919386603638,206.78919386603638,11.076051588985138
E2_cec2022_competition,cec2022,12,10,GF-Method,0,4929289960545274220,200000,200000,2858.6183545576687,158.61835455766868,158.61835455766868,9.624729550036136
E2_cec2022_competition,cec2022,12,10,GF-Method,1,4490080141987064768,200000,200000,2864.931007902907,164.9310079029069,164.9310079029069,10.202545800013468
E2_cec2022_competition,cec2022,12,10,GF-Method,2,5058569016729648892,200000,200000,2861.404880758749,161.4048807587492,161.4048807587492,12.22878867801046
E2_cec2022_competition,cec2022,12,10,GF-Method,3,4530932411093073175,200000,200000,2861.4352676774106,161.4352676774106,161.4352676774106,12.300091483979486
E2_cec2022_competition,cec2022,12,10,GF-Method,4,4872216383471988455,200000,200000,2858.618354557668,158.61835455766823,158.61835455766823,9.864511767984368
E2_cec2022_competition,cec2022,12,10,GF-Method,5,6532506227970519907,200000,200000,2861.404880758749,161.4048807587492,161.4048807587492,10.938277727982495
E2_cec2022_competition,cec2022,12,10,GF-Method,6,3914448979146615913,200000,200000,2861.404880758749,161.4048807587492,161.4048807587492,11.680046479974408
E2_cec2022_competition,cec2022,12,10,GF-Method,7,8605378674254279869,200000,200000,2861.404880758749,161.4048807587492,161.4048807587492,12.094533346011303
E2_cec2022_competition,cec2022,12,10,GF-Method,8,2900551750685407407,200000,200000,2858.618354557668,158.61835455766823,158.61835455766823,12.159477917011827
E2_cec2022_competition,cec2022,12,10,GF-Method,9,6112034068691087238,200000,200000,2861.404880758749,161.4048807587492,161.4048807587492,11.467781502986327
E2_cec2022_competition,cec2022,12,10,GF-Method,10,6718460151356289130,200000,200000,2859.543776286797,159.54377628679686,159.54377628679686,10.303420691983774
E2_cec2022_competition,cec2022,12,10,GF-Method,11,2743245758344580329,200000,200000,2862.7001305353288,162.70013053532875,162.70013053532875,10.646272028970998
E2_cec2022_competition,cec2022,12,10,GF-Method,12,6402067839499198155,200000,200000,2861.404880758749,161.4048807587492,161.4048807587492,12.011511218966916
E2_cec2022_competition,cec2022,12,10,GF-Method,13,3565524205489708095,200000,200000,2858.618354557668,158.61835455766823,158.61835455766823,12.127640953985974
E2_cec2022_competition,cec2022,12,10,GF-Method,14,2212248920595971504,200000,200000,2862.567376357956,162.56737635795616,162.56737635795616,11.143787735025398
E2_cec2022_competition,cec2022,12,10,GF-Method,15,4245421474490807520,200000,200000,2861.404880758749,161.4048807587492,161.4048807587492,10.155360108008608
E2_cec2022_competition,cec2022,12,10,GF-Method,16,2542096940774119297,200000,200000,2863.4948352028796,163.49483520287959,163.49483520287959,9.755480567982886
E2_cec2022_competition,cec2022,12,10,GF-Method,17,5708221533308609980,200000,200000,2863.4948352028796,163.49483520287959,163.49483520287959,8.617322394042276
E2_cec2022_competition,cec2022,12,10,GF-Method,18,6703168180154032760,200000,200000,2861.404880758749,161.4048807587492,161.4048807587492,11.394155799003784
E2_cec2022_competition,cec2022,12,10,GF-Method,19,4761431150104183819,200000,200000,2861.404880758749,161.4048807587492,161.4048807587492,9.260772235982586
E2_cec2022_competition,cec2022,12,10,GF-Method,20,1423489034003962654,200000,200000,2861.4352676774106,161.4352676774106,161.4352676774106,11.787935918022413
E2_cec2022_competition,cec2022,12,10,GF-Method,21,1065053026396194089,200000,200000,2858.618354557668,158.61835455766823,158.61835455766823,12.074540308036376
E2_cec2022_competition,cec2022,12,10,GF-Method,22,244167766819920981,200000,200000,2862.7001305353288,162.70013053532875,162.70013053532875,10.203700846992433
E2_cec2022_competition,cec2022,12,10,GF-Method,23,7710591616447382533,200000,200000,2861.404880758749,161.4048807587492,161.4048807587492,11.875836675986648
E2_cec2022_competition,cec2022,12,10,GF-Method,24,4209802130527494332,200000,200000,2861.404880758749,161.4048807587492,161.4048807587492,11.123412550019566
E2_cec2022_competition,cec2022,12,10,GF-Method,25,4411346440753864235,200000,200000,2861.404880758749,161.4048807587492,161.4048807587492,11.539781948027667
E2_cec2022_competition,cec2022,12,10,GF-Method,26,2611594541317814758,200000,200000,2861.4352676774106,161.4352676774106,161.4352676774106,11.978905242984183
E2_cec2022_competition,cec2022,12,10,GF-Method,27,93063207805394062,200000,200000,2859.3687336370376,159.36873363703762,159.36873363703762,12.061445335973985
E2_cec2022_competition,cec2022,12,10,GF-Method,28,1986822797311174076,200000,200000,2861.404880758749,161.4048807587492,161.4048807587492,10.170918077987153
E2_cec2022_competition,cec2022,12,10,GF-Method,29,5083342661889253129,200000,200000,2861.404880758749,161.4048807587492,161.4048807587492,7.95659345202148
E2_cec2022_competition,cec2022,9,10,GF-Method,0,6960746182064008914,200000,200000,2529.284382708487,229.2843827084871,229.2843827084871,11.483826796989888
E2_cec2022_competition,cec2022,9,10,GF-Method,1,2209651565873132551,200000,200000,2529.284382708487,229.2843827084871,229.2843827084871,11.418361759977415
E2_cec2022_competition,cec2022,9,10,GF-Method,2,4687862238795875613,200000,200000,2529.284382708487,229.2843827084871,229.2843827084871,11.686929719988257
E2_cec2022_competition,cec2022,9,10,GF-Method,3,1036109746836945097,200000,200000,2529.284382708487,229.2843827084871,229.2843827084871,10.041842803009786
E2_cec2022_competition,cec2022,9,10,GF-Method,4,4007520902568819927,200000,200000,2529.284382708487,229.2843827084871,229.2843827084871,11.086297606001608
E2_cec2022_competition,cec2022,9,10,GF-Method,5,7332938959888067104,200000,200000,2529.284382708487,229.2843827084871,229.2843827084871,10.944782429025508
E2_cec2022_competition,cec2022,9,10,GF-Method,6,1805410661228391164,200000,200000,2529.284382708487,229.2843827084871,229.2843827084871,10.984946430951823
E2_cec2022_competition,cec2022,9,10,GF-Method,7,1189131116547867086,200000,200000,2529.284382708487,229.2843827084871,229.2843827084871,11.587300362996757
E2_cec2022_competition,cec2022,9,10,GF-Method,8,8618160369929747172,200000,200000,2529.284382708487,229.2843827084871,229.2843827084871,11.686299577995669
E2_cec2022_competition,cec2022,9,10,GF-Method,9,1742279775833739623,200000,200000,2529.284382708487,229.2843827084871,229.2843827084871,9.207466977008153
E2_cec2022_competition,cec2022,9,10,GF-Method,10,2611987831113478506,200000,200000,2529.284382708487,229.2843827084871,229.2843827084871,10.698642435017973
E2_cec2022_competition,cec2022,9,10,GF-Method,11,2833023767044189303,200000,200000,2529.284382708487,229.2843827084871,229.2843827084871,11.458186356001534
E2_cec2022_competition,cec2022,9,10,GF-Method,12,224811956014784165,200000,200000,2529.284382708487,229.2843827084871,229.2843827084871,11.573477998026647
E2_cec2022_competition,cec2022,9,10,GF-Method,13,1919559046050340690,200000,200000,2529.284382708487,229.2843827084871,229.2843827084871,11.502286139992066
E2_cec2022_competition,cec2022,9,10,GF-Method,14,4748281818829972596,200000,200000,2529.284382708487,229.2843827084871,229.2843827084871,11.570750552986283
E2_cec2022_competition,cec2022,9,10,GF-Method,15,8894192344968610897,200000,200000,2529.284382708487,229.2843827084871,229.2843827084871,11.257163814967498
E2_cec2022_competition,cec2022,9,10,GF-Method,16,2615624780155286640,200000,200000,2529.284382708487,229.2843827084871,229.2843827084871,8.432389762019739
E2_cec2022_competition,cec2022,9,10,GF-Method,17,6493414229981105515,200000,200000,2529.284382708487,229.2843827084871,229.2843827084871,11.383278027002234
E2_cec2022_competition,cec2022,9,10,GF-Method,18,1286447427517045099,200000,200000,2529.284382708487,229.2843827084871,229.2843827084871,11.401206343027297
E2_cec2022_competition,cec2022,9,10,GF-Method,19,4470071421774709606,200000,200000,2529.284382708487,229.2843827084871,229.2843827084871,9.608717687951867
E2_cec2022_competition,cec2022,9,10,GF-Method,20,4169408257363834172,200000,200000,2529.284382708487,229.2843827084871,229.2843827084871,11.15311799600022
E2_cec2022_competition,cec2022,9,10,GF-Method,21,6790466429623746536,200000,200000,2529.284382708487,229.2843827084871,229.2843827084871,11.595858485030476
E2_cec2022_competition,cec2022,9,10,GF-Method,22,5177719003910189247,200000,200000,2529.284382708487,229.2843827084871,229.2843827084871,11.510810567997396
E2_cec2022_competition,cec2022,9,10,GF-Method,23,4248848533060298174,200000,200000,2529.284382708487,229.2843827084871,229.2843827084871,11.295040788012557
E2_cec2022_competition,cec2022,9,10,GF-Method,24,5194031884440113512,200000,200000,2529.284382708487,229.2843827084871,229.2843827084871,11.233676231000572
E2_cec2022_competition,cec2022,9,10,GF-Method,25,4453281558101254450,200000,200000,2529.284382708487,229.2843827084871,229.2843827084871,11.420784374000505
E2_cec2022_competition,cec2022,9,10,GF-Method,26,881596313261090152,200000,200000,2529.284382708487,229.2843827084871,229.2843827084871,11.030443886993453
E2_cec2022_competition,cec2022,9,10,GF-Method,27,5760612210533942855,200000,200000,2529.284382708487,229.2843827084871,229.2843827084871,10.876606186036952
E2_cec2022_competition,cec2022,9,10,GF-Method,28,8296138343494869833,200000,200000,2529.284382708487,229.2843827084871,229.2843827084871,11.092256513016764
E2_cec2022_competition,cec2022,9,10,GF-Method,29,1238226048329643021,200000,200000,2529.284382708487,229.2843827084871,229.2843827084871,10.29607867100276
E2_cec2022_competition,cec2022,11,10,GF-Method,0,3422226970685217428,200000,200000,2600.0,0.0,0.0,11.593661814986262
E2_cec2022_competition,cec2022,11,10,GF-Method,1,5050205678627051117,200000,200000,2600.0,0.0,0.0,12.249676314997487
E2_cec2022_competition,cec2022,11,10,GF-Method,2,5780239360128980684,200000,200000,2600.0,0.0,0.0,12.000312844989821
E2_cec2022_competition,cec2022,11,10,GF-Method,3,6247224749599403960,200000,200000,2600.0,0.0,0.0,11.7347089649993
E2_cec2022_competition,cec2022,11,10,GF-Method,4,2453206647587178480,200000,200000,2600.0,0.0,0.0,12.229869314993266
E2_cec2022_competition,cec2022,11,10,GF-Method,5,7709466335275072040,200000,200000,2600.0,0.0,0.0,10.650960572995245
E2_cec2022_competition,cec2022,11,10,GF-Method,6,223422181317726492,200000,200000,2600.0,0.0,0.0,12.109836749965325
E2_cec2022_competition,cec2022,11,10,GF-Method,7,8376191704637030934,200000,200000,2600.0,0.0,0.0,11.073028137965593
E2_cec2022_competition,cec2022,11,10,GF-Method,8,4856292913457633787,200000,200000,2600.0,0.0,0.0,11.12346015899675
E2_cec2022_competition,cec2022,11,10,GF-Method,9,4111383874243178231,200000,200000,2600.0,0.0,0.0,12.10134398995433
E2_cec2022_competition,cec2022,11,10,GF-Method,10,8406784469699550771,200000,200000,2600.0,0.0,0.0,9.83762404799927
E2_cec2022_competition,cec2022,11,10,GF-Method,11,6963194589825291630,200000,200000,2600.0,0.0,0.0,12.027023644011933
E2_cec2022_competition,cec2022,11,10,GF-Method,12,1020849604773934827,200000,200000,2600.0,0.0,0.0,12.159391826018691
E2_cec2022_competition,cec2022,11,10,GF-Method,13,362223080614188064,200000,200000,2600.0,0.0,0.0,12.17627676599659
E2_cec2022_competition,cec2022,11,10,GF-Method,14,8149384614113629535,200000,200000,2600.0,0.0,0.0,11.82389498403063
E2_cec2022_competition,cec2022,11,10,GF-Method,15,2526794472097830285,200000,200000,2600.0,0.0,0.0,12.064180397021119
E2_cec2022_competition,cec2022,11,10,GF-Method,16,4789490867042512767,200000,200000,2600.0,0.0,0.0,11.022906379017513
E2_cec2022_competition,cec2022,11,10,GF-Method,17,8816141504656354665,200000,200000,2600.0,0.0,0.0,11.110243488976266
E2_cec2022_competition,cec2022,11,10,GF-Method,18,6902947302419788491,200000,200000,2600.0,0.0,0.0,12.124760301026981
E2_cec2022_competition,cec2022,11,10,GF-Method,19,6561246223661425756,200000,200000,2600.0,0.0,0.0,9.920718702021986
E2_cec2022_competition,cec2022,11,10,GF-Method,20,2622764623654051388,200000,200000,2600.0,0.0,0.0,11.110282972978894
E2_cec2022_competition,cec2022,11,10,GF-Method,21,5050504940006174866,200000,200000,2600.0,0.0,0.0,10.891086706018541
E2_cec2022_competition,cec2022,11,10,GF-Method,22,6006884107801446609,200000,200000,2600.0,0.0,0.0,12.086166564025916
E2_cec2022_competition,cec2022,11,10,GF-Method,23,3831174778004321674,200000,200000,2600.0,0.0,0.0,11.990088458987884
E2_cec2022_competition,cec2022,11,10,GF-Method,24,4891338990041266280,200000,200000,2600.0,0.0,0.0,10.29069996200269
E2_cec2022_competition,cec2022,11,10,GF-Method,25,6528374848124337080,200000,200000,2600.0,0.0,0.0,9.643196105957031
E2_cec2022_competition,cec2022,11,10,GF-Method,26,7743318206102073111,200000,200000,2600.0,0.0,0.0,9.762657117971685
E2_cec2022_competition,cec2022,11,10,GF-Method,27,8807338851026792485,200000,200000,2600.0,0.0,0.0,10.7380840620026
E2_cec2022_competition,cec2022,11,10,GF-Method,28,1230953286401023312,200000,200000,2600.0,0.0,0.0,10.703207157028373
E2_cec2022_competition,cec2022,11,10,GF-Method,29,8566748081211419946,200000,200000,2600.0,0.0,0.0,11.217744709982071
E2_cec2022_competition,cec2022,8,10,GF-Method,0,2898469055953515592,200000,200000,2220.090432090856,20.09043209085621,20.09043209085621,10.921104717999697
E2_cec2022_competition,cec2022,8,10,GF-Method,1,8274860671454504179,200000,200000,2200.031538893063,0.03153889306304336,0.03153889306304336,12.517099698015954
E2_cec2022_competition,cec2022,8,10,GF-Method,2,778131073919075610,200000,200000,2220.043276554473,20.043276554472868,20.043276554472868,12.028968653001357
E2_cec2022_competition,cec2022,8,10,GF-Method,3,5267930939770164617,200000,200000,2200.6830107759342,0.6830107759342354,0.6830107759342354,12.290624016022775
E2_cec2022_competition,cec2022,8,10,GF-Method,4,4821378968725670170,200000,200000,2200.3247766907734,0.3247766907734331,0.3247766907734331,11.964858757972252
E2_cec2022_competition,cec2022,8,10,GF-Method,5,5288559713160730797,200000,200000,2200.113562830303,0.11356283030318082,0.11356283030318082,12.220106392982416
E2_cec2022_competition,cec2022,8,10,GF-Method,6,8457604053158450099,200000,200000,2200.7641324651536,0.7641324651535797,0.7641324651535797,10.903740209003445
E2_cec2022_competition,cec2022,8,10,GF-Method,7,5785872729933243434,200000,200000,2200.1483297831824,0.148329783182362,0.148329783182362,11.249070875986945
E2_cec2022_competition,cec2022,8,10,GF-Method,8,7778822462391244370,200000,200000,2200.0766160326616,0.07661603266160455,0.07661603266160455,9.456972431973554
E2_cec2022_competition,cec2022,8,10,GF-Method,9,9028800558513594251,200000,200000,2200.064150054437,0.06415005443705013,0.06415005443705013,9.020936658023857
E2_cec2022_competition,cec2022,8,10,GF-Method,10,6197932432902930214,200000,200000,2200.038082020536,0.038082020535966876,0.038082020535966876,10.818293535034172
E2_cec2022_competition,cec2022,8,10,GF-Method,11,7956498596067881881,200000,200000,2200.1090874722054,0.10908747220537407,0.10908747220537407,12.395858425996266
E2_cec2022_competition,cec2022,8,10,GF-Method,12,8028948562919466249,200000,200000,2200.0716903760717,0.07169037607172868,0.07169037607172868,9.983281365013681
E2_cec2022_competition,cec2022,8,10,GF-Method,13,7976346194415441582,200000,200000,2200.029554737689,0.029554737689068133,0.029554737689068133,10.211793804948684
E2_cec2022_competition,cec2022,8,10,GF-Method,14,5404300230820623351,200000,200000,2200.0866756573064,0.08667565730638671,0.08667565730638671,9.963265692000277
E2_cec2022_competition,cec2022,8,10,GF-Method,15,6078754590443712496,200000,200000,2200.8367336587185,0.8367336587184582,0.8367336587184582,9.533779132005293
E2_cec2022_competition,cec2022,8,10,GF-Method,16,2406449055148447434,200000,200000,2200.0281437155086,0.02814371550857686,0.02814371550857686,12.450760501029436
E2_cec2022_competition,cec2022,8,10,GF-Method,17,1062797918437603054,200000,200000,2200.1491017954095,0.14910179540947865,0.14910179540947865,11.335206001996994
E2_cec2022_competition,cec2022,8,10,GF-Method,18,4242765553834717511,200000,200000,2200.3201716395906,0.320171639590626,0.320171639590626,8.1525468150503
E2_cec2022_competition,cec2022,8,10,GF-Method,19,8210933317928528041,200000,200000,2200.210008201501,0.2100082015008411,0.2100082015008411,11.781063548987731
E2_cec2022_competition,cec2022,8,10,GF-Method,20,3997791239697519517,200000,200000,2200.038256860219,0.03825686021900765,0.03825686021900765,11.602643370977603
E2_cec2022_competition,cec2022,8,10,GF-Method,21,704662506129712978,200000,200000,2200.0006137015453,0.0006137015452623018,0.0006137015452623018,12.66818824101938
E2_cec2022_competition,cec2022,8,10,GF-Method,22,5161817054116313041,200000,200000,2200.0652999075946,0.06529990759463544,0.06529990759463544,12.518102297966834
E2_cec2022_competition,cec2022,8,10,GF-Method,23,2601046419316858318,200000,200000,2204.230095972942,4.230095972941854,4.230095972941854,12.303948207991198
E2_cec2022_competition,cec2022,8,10,GF-Method,24,1067821878879763140,200000,200000,2200.321557706817,0.3215577068172024,0.3215577068172024,11.788649998023175
E2_cec2022_competition,cec2022,8,10,GF-Method,25,4539882686936439331,200000,200000,2200.0371669525457,0.03716695254570368,0.03716695254570368,12.418184441048652
E2_cec2022_competition,cec2022,8,10,GF-Method,26,645319467178133108,200000,200000,2200.6858338034267,0.6858338034267035,0.6858338034267035,11.453234368003905
E2_cec2022_competition,cec2022,8,10,GF-Method,27,4090074014432023770,200000,200000,2200.124539703155,0.12453970315482366,0.12453970315482366,12.481960228993557
E2_cec2022_competition,cec2022,8,10,GF-Method,28,6361063311530365689,200000,200000,2200.1487360605624,0.1487360605624417,0.1487360605624417,11.741211722022854
E2_cec2022_competition,cec2022,8,10,GF-Method,29,7113976767455718290,200000,200000,2200.1833052327866,0.18330523278655164,0.18330523278655164,11.895573874993715
E2_cec2022_competition,cec2022,7,10,GF-Method,0,7737747883225809156,200000,200000,2000.0,0.0,0.0,11.353631901962217
E2_cec2022_competition,cec2022,7,10,GF-Method,1,4722818617107141479,200000,200000,2000.0,0.0,0.0,10.79560238396516
E2_cec2022_competition,cec2022,7,10,GF-Method,2,9100174192968011683,200000,200000,2000.0,0.0,0.0,10.122581117029767
E2_cec2022_competition,cec2022,7,10,GF-Method,3,1631162344325614581,200000,200000,2000.0,0.0,0.0,12.520416960003786
E2_cec2022_competition,cec2022,7,10,GF-Method,4,6955252473024514193,200000,200000,2000.0,0.0,0.0,11.477242227992974
E2_cec2022_competition,cec2022,7,10,GF-Method,5,344739595135028171,200000,200000,2000.0,0.0,0.0,8.637091493001208
E2_cec2022_competition,cec2022,7,10,GF-Method,6,694677230166083992,200000,200000,2000.0,0.0,0.0,9.500064766965806
E2_cec2022_competition,cec2022,7,10,GF-Method,7,2333431220901620810,200000,200000,2000.0,0.0,0.0,11.343026209971868
E2_cec2022_competition,cec2022,7,10,GF-Method,8,8665030488384137413,200000,200000,2000.0,0.0,0.0,11.531749741989188
E2_cec2022_competition,cec2022,7,10,GF-Method,9,1578400753214922798,200000,200000,2000.0,0.0,0.0,11.474448236986063
E2_cec2022_competition,cec2022,7,10,GF-Method,10,4814321300262244222,200000,200000,2000.0000000000002,0.0,2.2737367544323206e-13,12.355158507998567
E2_cec2022_competition,cec2022,7,10,GF-Method,11,5635828950742578073,200000,200000,2000.0000000000002,0.0,2.2737367544323206e-13,12.359820853976998
E2_cec2022_competition,cec2022,7,10,GF-Method,12,2022855507150091697,200000,200000,2000.0,0.0,0.0,11.944106413982809
E2_cec2022_competition,cec2022,7,10,GF-Method,13,5499980645903884343,200000,200000,2000.0,0.0,0.0,11.930686263018288
E2_cec2022_competition,cec2022,7,10,GF-Method,14,5132834689334216176,200000,200000,2000.0000000000002,0.0,2.2737367544323206e-13,11.64886039600242
E2_cec2022_competition,cec2022,7,10,GF-Method,15,7886490036294732461,200000,200000,2000.0,0.0,0.0,11.472955988021567
E2_cec2022_competition,cec2022,7,10,GF-Method,16,3560710385554036348,200000,200000,2000.0,0.0,0.0,9.294025757000782
E2_cec2022_competition,cec2022,7,10,GF-Method,17,6411007738816412891,200000,200000,2000.0000000000002,0.0,2.2737367544323206e-13,10.017445112986024
E2_cec2022_competition,cec2022,7,10,GF-Method,18,2908515194551461712,200000,200000,2000.0,0.0,0.0,11.51027155801421
E2_cec2022_competition,cec2022,7,10,GF-Method,19,8444036303988487791,200000,200000,2000.0,0.0,0.0,11.982562672987115
E2_cec2022_competition,cec2022,7,10,GF-Method,20,6006237442388155399,200000,200000,2000.0000000000002,0.0,2.2737367544323206e-13,12.052205034997314
E2_cec2022_competition,cec2022,7,10,GF-Method,21,1901834876138489911,200000,200000,2000.0,0.0,0.0,12.190297221997753
E2_cec2022_competition,cec2022,7,10,GF-Method,22,3656369299045916877,200000,200000,2000.0000000001462,0.0,1.4620127330999821e-10,12.28404286300065
E2_cec2022_competition,cec2022,7,10,GF-Method,23,6914649402255167369,200000,200000,2000.0,0.0,0.0,12.181852663983591
E2_cec2022_competition,cec2022,7,10,GF-Method,24,2443168584036649017,200000,200000,2000.0,0.0,0.0,11.41201385401655
E2_cec2022_competition,cec2022,7,10,GF-Method,25,4037205249283617160,200000,200000,2000.0,0.0,0.0,12.444706826005131
E2_cec2022_competition,cec2022,7,10,GF-Method,26,7542809582428525778,200000,200000,2000.0,0.0,0.0,12.418314093956724
E2_cec2022_competition,cec2022,7,10,GF-Method,27,962227285743321872,200000,200000,2000.0,0.0,0.0,12.39204761799192
E2_cec2022_competition,cec2022,7,10,GF-Method,28,1842103309070086037,200000,200000,2000.0,0.0,0.0,10.737180577998515
E2_cec2022_competition,cec2022,7,10,GF-Method,29,3423755907414975202,200000,200000,2000.0000000000002,0.0,2.2737367544323206e-13,11.68491803703364
E3_cec2017,cec2017,8,30,GF-Method,0,2589128190358523626,300000,300000,820.0774565456288,20.07745654562882,20.07745654562882,16.23540610197233
E3_cec2017,cec2017,8,30,GF-Method,1,378672004765422659,300000,300000,824.9531406813597,24.95314068135974,24.95314068135974,12.9364332149853
E3_cec2017,cec2017,8,30,GF-Method,2,8713515066465760028,300000,300000,816.0476210195536,16.047621019553617,16.047621019553617,16.082455265976023
E3_cec2017,cec2017,8,30,GF-Method,3,3680443643277050947,300000,300000,823.5201993705593,23.52019937055934,23.52019937055934,15.79174747003708
E3_cec2017,cec2017,8,30,GF-Method,4,9196863105886436226,300000,300000,819.1462714152674,19.146271415267393,19.146271415267393,15.961213422997389
E3_cec2017,cec2017,8,30,GF-Method,5,2327432309260382963,300000,300000,815.0759952302474,15.075995230247372,15.075995230247372,16.202954185020644
E3_cec2017,cec2017,8,30,GF-Method,6,5592860015045178685,300000,300000,820.0000472545313,20.000047254531296,20.000047254531296,12.803883863962255
E3_cec2017,cec2017,8,30,GF-Method,7,842752332672758160,300000,300000,824.0253491777268,24.025349177726753,24.025349177726753,8.9924765379983
E3_cec2017,cec2017,8,30,GF-Method,8,8877213058063430259,300000,300000,825.0254731205164,25.02547312051638,25.02547312051638,9.443873504002113
E3_cec2017,cec2017,8,30,GF-Method,9,8406339528192298147,300000,300000,822.0861590449653,22.086159044965257,22.086159044965257,15.894718493975233
E3_cec2017,cec2017,8,30,GF-Method,10,6891801247920368530,300000,300000,824.129197794053,24.12919779405297,24.12919779405297,15.840719463012647
E3_cec2017,cec2017,8,30,GF-Method,11,7226394125729710162,300000,300000,820.0945071909047,20.094507190904665,20.094507190904665,13.159434298984706
E3_cec2017,cec2017,8,30,GF-Method,12,6139653743306402950,300000,300000,818.0497995599238,18.049799559923827,18.049799559923827,14.82158311700914
E3_cec2017,cec2017,8,30,GF-Method,13,5835471229426707249,300000,300000,821.0615963506785,21.061596350678542,21.061596350678542,16.618445305968635
E3_cec2017,cec2017,8,30,GF-Method,14,3845567775292110117,300000,300000,819.0862092910905,19.08620929109054,19.08620929109054,16.67659127502702
E3_cec2017,cec2017,8,30,GF-Method,15,4839120792628607597,300000,300000,821.0972556400371,21.097255640037133,21.097255640037133,14.688161419995595
E3_cec2017,cec2017,8,30,GF-Method,16,705871001539114353,300000,300000,814.1047147623569,14.104714762356934,14.104714762356934,10.450342620024458
E3_cec2017,cec2017,8,30,GF-Method,17,794491476084210499,300000,300000,817.0225735326228,17.0225735326228,17.0225735326228,13.606451881001703
E3_cec2017,cec2017,8,30,GF-Method,18,7039488517866761462,300000,300000,823.0223207955552,23.022320795555174,23.022320795555174,15.565017362008803
E3_cec2017,cec2017,8,30,GF-Method,19,5391147801434704689,300000,300000,819.1914715205912,19.19147152059122,19.19147152059122,15.883982517989352
E3_cec2017,cec2017,8,30,GF-Method,20,8549691019569649262,300000,300000,821.9869946622761,21.98699466227606,21.98699466227606,14.678285586007405
E3_cec2017,cec2017,8,30,GF-Method,21,5148695237034085225,300000,300000,820.1050620622123,20.105062062212255,20.105062062212255,12.529942134977318
E3_cec2017,cec2017,8,30,GF-Method,22,309119733170020764,300000,300000,817.0528740920769,17.052874092076877,17.052874092076877,15.373675048002042
E3_cec2017,cec2017,8,30,GF-Method,23,1320521299452549891,300000,300000,820.9489165663261,20.948916566326147,20.948916566326147,14.16798614198342
E3_cec2017,cec2017,8,30,GF-Method,24,2457012350678892558,300000,300000,826.9556372125853,26.955637212585316,26.955637212585316,13.624005264020525
E3_cec2017,cec2017,8,30,GF-Method,25,7126252561650102378,300000,300000,821.9880510114924,21.988051011492416,21.988051011492416,15.722953278978821
E3_cec2017,cec2017,8,30,GF-Method,26,7794946420938872174,300000,300000,828.2348965652114,28.234896565211443,28.234896565211443,16.51451786799589
E3_cec2017,cec2017,8,30,GF-Method,27,6062247658142901020,300000,300000,813.0821310639344,13.082131063934412,13.082131063934412,16.195751235005446
E3_cec2017,cec2017,8,30,GF-Method,28,1508262919519668966,300000,300000,819.9680214207914,19.968021420791388,19.968021420791388,15.531157093006186
E3_cec2017,cec2017,8,30,GF-Method,29,7956674361770222127,300000,300000,822.9790471394011,22.979047139401132,22.979047139401132,16.017587388982065
E3_cec2017,cec2017,4,30,GF-Method,0,5453526304771674434,300000,300000,464.117395013355,64.11739501335501,64.11739501335501,15.357057910005096
E3_cec2017,cec2017,4,30,GF-Method,1,9861504067435016,300000,300000,458.5615573023852,58.56155730238521,58.56155730238521,14.081417361972854
E3_cec2017,cec2017,4,30,GF-Method,2,763971432420864354,300000,300000,458.56155730238515,58.561557302385154,58.561557302385154,16.1858454659814
E3_cec2017,cec2017,4,30,GF-Method,3,8058204135052761736,300000,300000,464.117395013355,64.11739501335501,64.11739501335501,16.86395749100484
E3_cec2017,cec2017,4,30,GF-Method,4,6370791041747969936,300000,300000,400.0000000000003,0.0,2.8421709430404007e-13,16.98374190100003
E3_cec2017,cec2017,4,30,GF-Method,5,5806488901996703301,300000,300000,458.5615573023852,58.56155730238521,58.56155730238521,17.113591909001116
E3_cec2017,cec2017,4,30,GF-Method,6,6875510734925480964,300000,300000,458.5615573023852,58.56155730238521,58.56155730238521,16.360944955027662
E3_cec2017,cec2017,4,30,GF-Method,7,8107761517717120233,300000,300000,458.5615573023852,58.56155730238521,58.56155730238521,11.598615967028309
E3_cec2017,cec2017,4,30,GF-Method,8,5465263481486577330,300000,300000,458.56155730238515,58.561557302385154,58.561557302385154,15.881355991004966
E3_cec2017,cec2017,4,30,GF-Method,9,4323515917846127047,300000,300000,458.5615573023852,58.56155730238521,58.56155730238521,14.571850274980534
E3_cec2017,cec2017,4,30,GF-Method,10,5162873713659292842,300000,300000,458.5615573023852,58.56155730238521,58.56155730238521,15.419297066982836
E3_cec2017,cec2017,4,30,GF-Method,11,275476091707433419,300000,300000,464.117395013355,64.11739501335501,64.11739501335501,16.51988567603985
E3_cec2017,cec2017,4,30,GF-Method,12,3763349184626726177,300000,300000,458.5615573023852,58.56155730238521,58.56155730238521,16.564468385011423
E3_cec2017,cec2017,4,30,GF-Method,13,8128445007233548989,300000,300000,400.00000000000057,0.0,5.684341886080801e-13,14.529778063995764
E3_cec2017,cec2017,4,30,GF-Method,14,8154004818087620053,300000,300000,458.5615573023852,58.56155730238521,58.56155730238521,12.538638055033516
E3_cec2017,cec2017,4,30,GF-Method,15,1869088439678516051,300000,300000,458.5615573023852,58.56155730238521,58.56155730238521,12.540997330041137
E3_cec2017,cec2017,4,30,GF-Method,16,4252316897250108268,300000,300000,458.56155730238515,58.561557302385154,58.561557302385154,11.453350326046348
E3_cec2017,cec2017,4,30,GF-Method,17,1515966232930985939,300000,300000,458.56155730238515,58.561557302385154,58.561557302385154,15.513331268972252
E3_cec2017,cec2017,4,30,GF-Method,18,3137474351782091999,300000,300000,458.56155730238515,58.561557302385154,58.561557302385154,15.820367780979723
E3_cec2017,cec2017,4,30,GF-Method,19,7405629882160571245,300000,300000,458.5615573023852,58.56155730238521,58.56155730238521,12.019957470998634
E3_cec2017,cec2017,4,30,GF-Method,20,1930357877620098162,300000,300000,458.56155730238515,58.561557302385154,58.561557302385154,11.04543612600537
E3_cec2017,cec2017,4,30,GF-Method,21,597033476644637925,300000,300000,458.56155730238515,58.561557302385154,58.561557302385154,14.410204058978707
E3_cec2017,cec2017,4,30,GF-Method,22,5445579378811861910,300000,300000,464.11739501335506,64.11739501335506,64.11739501335506,14.052075478015468
E3_cec2017,cec2017,4,30,GF-Method,23,4242589466535582151,300000,300000,458.5615573023852,58.56155730238521,58.56155730238521,12.994763710943516
E3_cec2017,cec2017,4,30,GF-Method,24,3521438797748563116,300000,300000,458.56155730238515,58.561557302385154,58.561557302385154,15.695170499035157
E3_cec2017,cec2017,4,30,GF-Method,25,4731380120624807946,300000,300000,458.5615573023852,58.56155730238521,58.56155730238521,16.892352619033772
E3_cec2017,cec2017,4,30,GF-Method,26,3052474255859282345,300000,300000,458.5615573023852,58.56155730238521,58.56155730238521,11.821256394963712
E3_cec2017,cec2017,4,30,GF-Method,27,2361101324888872061,300000,300000,458.5615573023852,58.56155730238521,58.56155730238521,14.757213495031465
E3_cec2017,cec2017,4,30,GF-Method,28,2537049914797328119,300000,300000,458.56155730238515,58.561557302385154,58.561557302385154,16.924574135045987
E3_cec2017,cec2017,4,30,GF-Method,29,6559902022260822993,300000,300000,458.5615573023852,58.56155730238521,58.56155730238521,15.041474569006823
E3_cec2017,cec2017,1,30,GF-Method,0,4489045471511130332,300000,300000,100.00000000000001,0.0,1.4210854715202004e-14,14.02544117195066
E3_cec2017,cec2017,1,30,GF-Method,1,6014824466635362329,300000,300000,100.00000000000001,0.0,1.4210854715202004e-14,15.904059393971693
E3_cec2017,cec2017,1,30,GF-Method,2,7453638412669515376,300000,300000,100.00000000000001,0.0,1.4210854715202004e-14,16.401708700985182
E3_cec2017,cec2017,1,30,GF-Method,3,198331669194233351,300000,300000,100.00000000000001,0.0,1.4210854715202004e-14,15.728060448018368
E3_cec2017,cec2017,1,30,GF-Method,4,1661911581961812220,300000,300000,100.00000000000001,0.0,1.4210854715202004e-14,14.397831011970993
E3_cec2017,cec2017,1,30,GF-Method,5,2064752112358275594,300000,300000,100.00000000000001,0.0,1.4210854715202004e-14,14.820795970968902
E3_cec2017,cec2017,1,30,GF-Method,6,5517622870733313604,300000,300000,100.00000000000001,0.0,1.4210854715202004e-14,16.01814820000436
E3_cec2017,cec2017,1,30,GF-Method,7,2051264823190176361,300000,300000,100.0,0.0,0.0,15.077397856977768
E3_cec2017,cec2017,1,30,GF-Method,8,2340222778762604276,300000,300000,100.00000000000001,0.0,1.4210854715202004e-14,12.061229091021232
E3_cec2017,cec2017,1,30,GF-Method,9,6043055423780090310,300000,300000,100.00000000000001,0.0,1.4210854715202004e-14,16.338277800008655
E3_cec2017,cec2017,1,30,GF-Method,10,2057375474117669698,300000,300000,100.0,0.0,0.0,15.611374109983444
E3_cec2017,cec2017,1,30,GF-Method,11,3035793797321068953,300000,300000,100.00000000000001,0.0,1.4210854715202004e-14,15.520423761976417
E3_cec2017,cec2017,1,30,GF-Method,12,3925783928825506158,300000,300000,100.0,0.0,0.0,15.79659428098239
E3_cec2017,cec2017,1,30,GF-Method,13,3450367201531168751,300000,300000,100.00000000000001,0.0,1.4210854715202004e-14,15.825170487980358
E3_cec2017,cec2017,1,30,GF-Method,14,8296397373763611153,300000,300000,100.00000000000001,0.0,1.4210854715202004e-14,15.285076140018646
E3_cec2017,cec2017,1,30,GF-Method,15,4121332154324445192,300000,300000,100.00000000000001,0.0,1.4210854715202004e-14,15.124295588990208
E3_cec2017,cec2017,1,30,GF-Method,16,3949109054007291311,300000,300000,100.00000000000001,0.0,1.4210854715202004e-14,15.149789045040961
E3_cec2017,cec2017,1,30,GF-Method,17,8875685994415589534,300000,300000,100.00000000000003,0.0,2.842170943040401e-14,16.33684717694996
E3_cec2017,cec2017,1,30,GF-Method,18,8753398299921183152,300000,300000,100.00000000000001,0.0,1.4210854715202004e-14,14.015624932013452
E3_cec2017,cec2017,1,30,GF-Method,19,991911355482693273,300000,300000,100.00000000000001,0.0,1.4210854715202004e-14,15.17395965999458
E3_cec2017,cec2017,1,30,GF-Method,20,6286444099367317309,300000,300000,100.0,0.0,0.0,13.528151850041468
E3_cec2017,cec2017,1,30,GF-Method,21,6756312467736271353,300000,300000,100.0,0.0,0.0,16.128951694990974
E3_cec2017,cec2017,1,30,GF-Method,22,2079599791206692781,300000,300000,100.00000000000001,0.0,1.4210854715202004e-14,13.07714028796181
E3_cec2017,cec2017,1,30,GF-Method,23,8891030068694349660,300000,300000,100.00000000000001,0.0,1.4210854715202004e-14,14.272563167964108
E3_cec2017,cec2017,1,30,GF-Method,24,3692355954143564205,300000,300000,100.00000000000001,0.0,1.4210854715202004e-14,14.713999703002628
E3_cec2017,cec2017,1,30,GF-Method,25,389522872784814384,300000,300000,100.00000000000001,0.0,1.4210854715202004e-14,15.668977682013065
E3_cec2017,cec2017,1,30,GF-Method,26,1997985723909245948,300000,300000,100.0,0.0,0.0,12.738189277006313
E3_cec2017,cec2017,1,30,GF-Method,27,2780227766104642251,300000,300000,100.00000000000001,0.0,1.4210854715202004e-14,12.97717307700077
E3_cec2017,cec2017,1,30,GF-Method,28,733674291673688470,300000,300000,100.00000000000001,0.0,1.4210854715202004e-14,14.518265750957653
E3_cec2017,cec2017,1,30,GF-Method,29,2664734690665721456,300000,300000,100.00000000000001,0.0,1.4210854715202004e-14,14.070271758013405
E3_cec2017,cec2017,7,30,GF-Method,0,3146490540485244493,300000,300000,747.5486792928906,47.5486792928906,47.5486792928906,12.516174302028958
E3_cec2017,cec2017,7,30,GF-Method,1,2479408818490492719,300000,300000,746.724510057083,46.724510057082966,46.724510057082966,16.347262812021654
E3_cec2017,cec2017,7,30,GF-Method,2,6284215696143572789,300000,300000,746.3531130243676,46.353113024367644,46.353113024367644,15.718183012038935
E3_cec2017,cec2017,7,30,GF-Method,3,4918553476440575264,300000,300000,744.7196181709063,44.7196181709063,44.7196181709063,16.392770757025573
E3_cec2017,cec2017,7,30,GF-Method,4,3592906863232207857,300000,300000,741.555604383691,41.55560438369105,41.55560438369105,15.332626747025643
E3_cec2017,cec2017,7,30,GF-Method,5,1555160129948991334,300000,300000,742.6507461694554,42.650746169455374,42.650746169455374,16.2844480460044
E3_cec2017,cec2017,7,30,GF-Method,6,7988832570499853821,300000,300000,747.6883985426402,47.68839854264024,47.68839854264024,15.967975796025712
E3_cec2017,cec2017,7,30,GF-Method,7,7507878757105402370,300000,300000,749.9271822156485,49.927182215648486,49.927182215648486,16.259958142996766
E3_cec2017,cec2017,7,30,GF-Method,8,8467106087347353972,300000,300000,742.5419893708283,42.54198937082833,42.54198937082833,16.36814230401069
E3_cec2017,cec2017,7,30,GF-Method,9,9018388184195937538,300000,300000,750.9863516213148,50.98635162131484,50.98635162131484,12.813490542001091
E3_cec2017,cec2017,7,30,GF-Method,10,8322703763667764206,300000,300000,746.8750884955945,46.87508849559447,46.87508849559447,15.375607262016274
E3_cec2017,cec2017,7,30,GF-Method,11,4055498387838102650,300000,300000,749.3328741946548,49.33287419465478,49.33287419465478,15.775062956963666
E3_cec2017,cec2017,7,30,GF-Method,12,2041958805517009130,300000,300000,747.2935917039658,47.29359170396583,47.29359170396583,14.990150082972832
E3_cec2017,cec2017,7,30,GF-Method,13,8126882181991395365,300000,300000,748.9440433302531,48.944043330253066,48.944043330253066,16.44754672603449
E3_cec2017,cec2017,7,30,GF-Method,14,5146315912865916054,300000,300000,747.1228359571687,47.12283595716872,47.12283595716872,16.448411887977272
E3_cec2017,cec2017,7,30,GF-Method,15,6624854948920056030,300000,300000,744.5783394400204,44.578339440020386,44.578339440020386,13.309489174047485
E3_cec2017,cec2017,7,30,GF-Method,16,6182278509180399815,300000,300000,750.1463060065292,50.146306006529244,50.146306006529244,15.138183898001444
E3_cec2017,cec2017,7,30,GF-Method,17,4595677674771839114,300000,300000,747.2213057798347,47.221305779834665,47.221305779834665,16.712201486050617
E3_cec2017,cec2017,7,30,GF-Method,18,8323838790771143915,300000,300000,743.3000414192027,43.30004141920267,43.30004141920267,15.600476459017955
E3_cec2017,cec2017,7,30,GF-Method,19,6468128623984669940,300000,300000,746.1632087070456,46.163208707045555,46.163208707045555,12.009850253001787
E3_cec2017,cec2017,7,30,GF-Method,20,3622297027153322786,300000,300000,745.6455099423449,45.645509942344916,45.645509942344916,11.912582528020721
E3_cec2017,cec2017,7,30,GF-Method,21,4974835419323348336,300000,300000,749.6787247394645,49.67872473946454,49.67872473946454,13.620603113959078
E3_cec2017,cec2017,7,30,GF-Method,22,5824896289138709752,300000,300000,751.5959199525978,51.5959199525978,51.5959199525978,12.025106338958722
E3_cec2017,cec2017,7,30,GF-Method,23,985306395739304905,300000,300000,743.968059333381,43.96805933338101,43.96805933338101,14.422825482033659
E3_cec2017,cec2017,7,30,GF-Method,24,6762573938012408379,300000,300000,752.7645658522446,52.76456585224457,52.76456585224457,15.493110823037568
E3_cec2017,cec2017,7,30,GF-Method,25,7189309791706226663,300000,300000,749.8721806713132,49.87218067131323,49.87218067131323,15.548734952986706
E3_cec2017,cec2017,7,30,GF-Method,26,6444551223698162550,300000,300000,746.6177320745662,46.61773207456622,46.61773207456622,15.83086268499028
E3_cec2017,cec2017,7,30,GF-Method,27,4422143273007791179,300000,300000,748.0454371667324,48.04543716673243,48.04543716673243,14.310871971014421
E3_cec2017,cec2017,7,30,GF-Method,28,6915488712430671444,300000,300000,747.6312245904953,47.63122459049532,47.63122459049532,11.872635853011161
E3_cec2017,cec2017,7,30,GF-Method,29,8168527111916467002,300000,300000,747.2760167468257,47.27601674682569,47.27601674682569,15.973588583001401
E3_cec2017,cec2017,3,30,GF-Method,0,4397300600233898758,300000,300000,300.00000000000006,0.0,5.684341886080802e-14,16.403520880034193
E3_cec2017,cec2017,3,30,GF-Method,1,3949767169742421834,300000,300000,300.0000000000001,0.0,1.1368683772161603e-13,15.12447641795734
E3_cec2017,cec2017,3,30,GF-Method,2,8117962967232043190,300000,300000,300.00000000000006,0.0,5.684341886080802e-14,14.265887457004283
E3_cec2017,cec2017,3,30,GF-Method,3,8347997969012319401,300000,300000,300.00000000000006,0.0,5.684341886080802e-14,13.967359203961678
E3_cec2017,cec2017,3,30,GF-Method,4,6434357499977333769,300000,300000,300.00000000000006,0.0,5.684341886080802e-14,15.392623898980673
E3_cec2017,cec2017,3,30,GF-Method,5,8039351606116268878,300000,300000,300.00000000000006,0.0,5.684341886080802e-14,14.306001795979682
E3_cec2017,cec2017,3,30,GF-Method,6,1978249730127323726,300000,300000,300.0000000000001,0.0,1.1368683772161603e-13,14.850294848962221
E3_cec2017,cec2017,3,30,GF-Method,7,3958051123879082906,300000,300000,300.00000000000017,0.0,1.7053025658242404e-13,15.70305270300014
E3_cec2017,cec2017,3,30,GF-Method,8,5002444115414517926,300000,300000,300.0000000000001,0.0,1.1368683772161603e-13,16.686577395012137
E3_cec2017,cec2017,3,30,GF-Method,9,7022742475959810344,300000,300000,300.00000000000006,0.0,5.684341886080802e-14,16.21816393296467
E3_cec2017,cec2017,3,30,GF-Method,10,2571336782406943207,300000,300000,300.00000000000006,0.0,5.684341886080802e-14,13.327215300989337
E3_cec2017,cec2017,3,30,GF-Method,11,7960058349915390777,300000,300000,300.0000000000001,0.0,1.1368683772161603e-13,12.83695456100395
E3_cec2017,cec2017,3,30,GF-Method,12,2064066439280175372,300000,300000,300.00000000000017,0.0,1.7053025658242404e-13,14.765091431036126
E3_cec2017,cec2017,3,30,GF-Method,13,8739393844436483906,300000,300000,300.00000000000006,0.0,5.684341886080802e-14,16.00425737700425
E3_cec2017,cec2017,3,30,GF-Method,14,7883067847429148033,300000,300000,300.0000000000001,0.0,1.1368683772161603e-13,15.617440567992162
E3_cec2017,cec2017,3,30,GF-Method,15,2471709280434416343,300000,300000,300.0000000000001,0.0,1.1368683772161603e-13,15.59928335197037
E3_cec2017,cec2017,3,30,GF-Method,16,3287750226559353700,300000,300000,300.00000000000017,0.0,1.7053025658242404e-13,14.876000572985504
E3_cec2017,cec2017,3,30,GF-Method,17,6588210163509420102,300000,300000,300.0000000000001,0.0,1.1368683772161603e-13,16.479637135984376
E3_cec2017,cec2017,3,30,GF-Method,18,2930942640937258016,300000,300000,300.0000000000001,0.0,1.1368683772161603e-13,11.817584647971671
E3_cec2017,cec2017,3,30,GF-Method,19,8065970290117153957,300000,300000,300.0000000000001,0.0,1.1368683772161603e-13,16.32826917700004
E3_cec2017,cec2017,3,30,GF-Method,20,5959861696887021129,300000,300000,300.0000000000002,0.0,2.2737367544323206e-13,16.815121073042974
E3_cec2017,cec2017,3,30,GF-Method,21,4246807149780737492,300000,300000,300.00000000000006,0.0,5.684341886080802e-14,16.544038698018994
E3_cec2017,cec2017,3,30,GF-Method,22,4597299739592252950,300000,300000,300.0000000000001,0.0,1.1368683772161603e-13,15.029594907013234
E3_cec2017,cec2017,3,30,GF-Method,23,5306599426271684507,300000,300000,300.0000000000003,0.0,2.8421709430404007e-13,14.446059289970435
E3_cec2017,cec2017,3,30,GF-Method,24,2079129628137690883,300000,300000,300.0000000000002,0.0,2.2737367544323206e-13,15.199653610994574
E3_cec2017,cec2017,3,30,GF-Method,25,2840427983830824123,300000,300000,300.0000000000001,0.0,1.1368683772161603e-13,15.828408612986095
E3_cec2017,cec2017,3,30,GF-Method,26,7491789893981089198,300000,300000,300.00000000000006,0.0,5.684341886080802e-14,16.134590541012585
E3_cec2017,cec2017,3,30,GF-Method,27,7772822328458198488,300000,300000,300.00000000000006,0.0,5.684341886080802e-14,14.471702636044938
E3_cec2017,cec2017,3,30,GF-Method,28,8430604753155070071,300000,300000,300.0000000000001,0.0,1.1368683772161603e-13,13.867656579997856
E3_cec2017,cec2017,3,30,GF-Method,29,4399138494485218343,300000,300000,300.0000000000001,0.0,1.1368683772161603e-13,13.272743353038095
E3_cec2017,cec2017,11,30,GF-Method,0,2756164930342446024,300000,300000,1112.024152194864,12.024152194863973,12.024152194863973,13.675857820024248
E3_cec2017,cec2017,11,30,GF-Method,1,2614936258632471935,300000,300000,1171.9302608560456,71.9302608560456,71.9302608560456,16.830852328974288
E3_cec2017,cec2017,11,30,GF-Method,2,5063728245329853242,300000,300000,1166.0544794248854,66.05447942488536,66.05447942488536,15.198828502965625
E3_cec2017,cec2017,11,30,GF-Method,3,8355699632366425982,300000,300000,1106.5529962501107,6.552996250110709,6.552996250110709,15.461691403004806
E3_cec2017,cec2017,11,30,GF-Method,4,4948198473187947737,300000,300000,1109.1109573677554,9.110957367755418,9.110957367755418,14.430382747028489
E3_cec2017,cec2017,11,30,GF-Method,5,4798983555301510468,300000,300000,1118.3709788484953,18.37097884849527,18.37097884849527,15.622418926039245
E3_cec2017,cec2017,11,30,GF-Method,6,2295784308830002251,300000,300000,1114.8585627104007,14.858562710400747,14.858562710400747,14.21645795594668
E3_cec2017,cec2017,11,30,GF-Method,7,4714156860696054395,300000,300000,1111.6822680676426,11.682268067642553,11.682268067642553,16.55969099496724
E3_cec2017,cec2017,11,30,GF-Method,8,8584367012764927647,300000,300000,1125.868890098616,25.86889009861602,25.86889009861602,15.997313252009917
E3_cec2017,cec2017,11,30,GF-Method,9,1133387902086797795,300000,300000,1123.193207571484,23.19320757148398,23.19320757148398,16.923553079017438
E3_cec2017,cec2017,11,30,GF-Method,10,1697732239203970127,300000,300000,1124.648151026239,24.64815102623902,24.64815102623902,16.592196342011448
E3_cec2017,cec2017,11,30,GF-Method,11,6829251115353188893,300000,300000,1175.9132687711688,75.91326877116876,75.91326877116876,14.912482368992642
E3_cec2017,cec2017,11,30,GF-Method,12,3784759297732056008,300000,300000,1121.3880532676874,21.388053267687383,21.388053267687383,13.358928061963525
E3_cec2017,cec2017,11,30,GF-Method,13,6420648662093918214,300000,300000,1107.0180333865753,7.0180333865753255,7.0180333865753255,13.633819042006508
E3_cec2017,cec2017,11,30,GF-Method,14,962126543468952112,300000,300000,1118.5711895527234,18.571189552723354,18.571189552723354,15.082256179011893
E3_cec2017,cec2017,11,30,GF-Method,15,7087468156188115154,300000,300000,1175.6789588053107,75.67895880531069,75.67895880531069,15.364799180009868
E3_cec2017,cec2017,11,30,GF-Method,16,3373722554772162537,300000,300000,1120.272482553459,20.272482553458985,20.272482553458985,16.054066639044322
E3_cec2017,cec2017,11,30,GF-Method,17,5003621640568944940,300000,300000,1114.9256899140803,14.925689914080294,14.925689914080294,16.566731169994455
E3_cec2017,cec2017,11,30,GF-Method,18,5383907985880234695,300000,300000,1112.9344576665749,12.934457666574872,12.934457666574872,15.027610124961939
E3_cec2017,cec2017,11,30,GF-Method,19,6124266096471313915,300000,300000,1174.0162364368284,74.01623643682842,74.01623643682842,15.719730814977083
E3_cec2017,cec2017,11,30,GF-Method,20,3452099300760670986,300000,300000,1168.9909972815092,68.99099728150918,68.99099728150918,15.800168775953352
E3_cec2017,cec2017,11,30,GF-Method,21,1642300766978153096,300000,300000,1118.1181807537696,18.118180753769593,18.118180753769593,13.637262560019735
E3_cec2017,cec2017,11,30,GF-Method,22,2963302689063796519,300000,300000,1133.835322197176,33.83532219717608,33.83532219717608,15.652446315041743
E3_cec2017,cec2017,11,30,GF-Method,23,6650915058306132524,300000,300000,1117.9160378283889,17.91603782838888,17.91603782838888,12.013455996988341
E3_cec2017,cec2017,11,30,GF-Method,24,2529204505532661881,300000,300000,1112.7599402716658,12.759940271665755,12.759940271665755,14.005885374033824
E3_cec2017,cec2017,11,30,GF-Method,25,8077489285272684877,300000,300000,1118.8747174975585,18.87471749755855,18.87471749755855,16.151570288988296
E3_cec2017,cec2017,11,30,GF-Method,26,2647882225746285334,300000,300000,1169.1006007960964,69.10060079609639,69.10060079609639,11.589363713981584
E3_cec2017,cec2017,11,30,GF-Method,27,3588748408627706596,300000,300000,1112.044567449632,12.04456744963204,12.04456744963204,15.567337384040002
E3_cec2017,cec2017,11,30,GF-Method,28,3534335760592105807,300000,300000,1117.9160378283887,17.916037828388653,17.916037828388653,16.48759772698395
E3_cec2017,cec2017,11,30,GF-Method,29,6757376537219123064,300000,300000,1167.9608609318793,67.96086093187932,67.96086093187932,13.627577554958407
E3_cec2017,cec2017,5,30,GF-Method,0,912182725026106807,300000,300000,517.150106968054,17.150106968054047,17.150106968054047,15.548758807999548
E3_cec2017,cec2017,5,30,GF-Method,1,7152523833021951635,300000,300000,514.0844711045509,14.084471104550857,14.084471104550857,16.229170075966977
E3_cec2017,cec2017,5,30,GF-Method,2,5947312337276098220,300000,300000,519.0189861170596,19.018986117059626,19.018986117059626,15.076114199007861
E3_cec2017,cec2017,5,30,GF-Method,3,6863270324768253992,300000,300000,516.1473360009612,16.147336000961218,16.147336000961218,14.989302194037009
E3_cec2017,cec2017,5,30,GF-Method,4,5097984094717019948,300000,300000,520.1118471888028,20.111847188802813,20.111847188802813,16.380038286035415
E3_cec2017,cec2017,5,30,GF-Method,5,4662817020208023315,300000,300000,519.1414285722625,19.141428572262498,19.141428572262498,16.557040163024794
E3_cec2017,cec2017,5,30,GF-Method,6,3149435646751848347,300000,300000,513.9923499010969,13.992349901096873,13.992349901096873,15.903922066034283
E3_cec2017,cec2017,5,30,GF-Method,7,3513160538619327574,300000,300000,515.0433497963788,15.043349796378834,15.043349796378834,13.878528822038788
E3_cec2017,cec2017,5,30,GF-Method,8,2202269504283857181,300000,300000,518.0318900458365,18.031890045836462,18.031890045836462,13.51823460997548
E3_cec2017,cec2017,5,30,GF-Method,9,5958993377864403224,300000,300000,516.9959543337884,16.995954333788404,16.995954333788404,12.390197508968413
E3_cec2017,cec2017,5,30,GF-Method,10,8358831794477874369,300000,300000,513.172795215736,13.17279521573596,13.17279521573596,15.316189867968205
E3_cec2017,cec2017,5,30,GF-Method,11,5630258042332938847,300000,300000,517.0844074262134,17.084407426213374,17.084407426213374,11.875534739985596
E3_cec2017,cec2017,5,30,GF-Method,12,7219569127359284554,300000,300000,516.3002666897223,16.30026668972232,16.30026668972232,12.91169205098413
E3_cec2017,cec2017,5,30,GF-Method,13,2038804554199419496,300000,300000,514.1793562901416,14.17935629014164,14.17935629014164,13.330257126013748
E3_cec2017,cec2017,5,30,GF-Method,14,2676284890443797308,300000,300000,519.0598175625173,19.05981756251731,19.05981756251731,16.354336420015898
E3_cec2017,cec2017,5,30,GF-Method,15,4149857253623677450,300000,300000,518.0059135726909,18.00591357269093,18.00591357269093,14.950024913996458
E3_cec2017,cec2017,5,30,GF-Method,16,372849043732762587,300000,300000,519.9716628784693,19.97166287846926,19.97166287846926,15.182048431015573
E3_cec2017,cec2017,5,30,GF-Method,17,7524479125356486853,300000,300000,519.0170294729188,19.017029472918807,19.017029472918807,16.233856124978047
E3_cec2017,cec2017,5,30,GF-Method,18,7069502453056734999,300000,300000,513.0480995943747,13.048099594374662,13.048099594374662,14.844024909019936
E3_cec2017,cec2017,5,30,GF-Method,19,2872305175472348196,300000,300000,520.0034385857028,20.00343858570284,20.00343858570284,16.62411140295444
E3_cec2017,cec2017,5,30,GF-Method,20,2183999080057820918,300000,300000,517.1429753064369,17.142975306436938,17.142975306436938,15.879118594981264
E3_cec2017,cec2017,5,30,GF-Method,21,5558315729983110239,300000,300000,516.0887741366074,16.088774136607412,16.088774136607412,16.017155088018626
E3_cec2017,cec2017,5,30,GF-Method,22,965227683654518460,300000,300000,516.1522503275537,16.152250327553702,16.152250327553702,15.360897082020529
E3_cec2017,cec2017,5,30,GF-Method,23,7394704135701827185,300000,300000,519.1911547273983,19.19115472739827,19.19115472739827,15.483026639034506
E3_cec2017,cec2017,5,30,GF-Method,24,7828174600095603252,300000,300000,521.9940202023172,21.994020202317188,21.994020202317188,16.425660756009165
E3_cec2017,cec2017,5,30,GF-Method,25,1423066143692619048,300000,300000,519.1305391162208,19.130539116220802,19.130539116220802,15.899450067954604
E3_cec2017,cec2017,5,30,GF-Method,26,2848906409452925129,300000,300000,520.0248653273104,20.02486532731041,20.02486532731041,15.387783951009624
E3_cec2017,cec2017,5,30,GF-Method,27,472697708906434900,300000,300000,521.9826552182017,21.98265521820167,21.98265521820167,13.537832998961676
E3_cec2017,cec2017,5,30,GF-Method,28,5537276950828219943,300000,300000,518.2321665135216,18.232166513521634,18.232166513521634,14.624118119012564
E3_cec2017,cec2017,5,30,GF-Method,29,4717793530740501513,300000,300000,523.1015520273776,23.10155202737758,23.10155202737758,16.424199706001673
E3_cec2017,cec2017,15,30,GF-Method,0,2941163338897681233,300000,300000,1518.291335172105,18.291335172104937,18.291335172104937,16.717025584017392
E3_cec2017,cec2017,15,30,GF-Method,1,4612038666444659679,300000,300000,1507.4246453590524,7.42464535905242,7.42464535905242,16.93924130499363
E3_cec2017,cec2017,15,30,GF-Method,2,3913190727656163717,300000,300000,1502.0512900610772,2.051290061077225,2.051290061077225,14.849944943969604
E3_cec2017,cec2017,15,30,GF-Method,3,3188342628233306215,300000,300000,1505.3228861040525,5.322886104052486,5.322886104052486,14.631686053995509
E3_cec2017,cec2017,15,30,GF-Method,4,215293787945668170,300000,300000,1506.2246834681687,6.224683468168678,6.224683468168678,17.126653998042457
E3_cec2017,cec2017,15,30,GF-Method,5,6760245744561257228,300000,300000,1520.009522477174,20.00952247717396,20.00952247717396,15.981632540991995
E3_cec2017,cec2017,15,30,GF-Method,6,1193788066187092643,300000,300000,1505.317540806775,5.317540806775014,5.317540806775014,13.387232129985932
E3_cec2017,cec2017,15,30,GF-Method,7,1833347884277733732,300000,300000,1506.9063297850028,6.906329785002754,6.906329785002754,10.99833709700033
E3_cec2017,cec2017,15,30,GF-Method,8,6880459383362899772,300000,300000,1509.9591343662885,9.959134366288481,9.959134366288481,15.202015029964969
E3_cec2017,cec2017,15,30,GF-Method,9,7998141528089497578,300000,300000,1510.4925570879655,10.492557087965452,10.492557087965452,15.782185224990826
E3_cec2017,cec2017,15,30,GF-Method,10,8590928061988248279,300000,300000,1522.1258465847231,22.12584658472315,22.12584658472315,15.02239021396963
E3_cec2017,cec2017,15,30,GF-Method,11,9159873294996576818,300000,300000,1518.8050167381155,18.805016738115455,18.805016738115455,16.881580034969375
E3_cec2017,cec2017,15,30,GF-Method,12,8940781932000011306,300000,300000,1507.1858114601557,7.185811460155719,7.185811460155719,15.537294615001883
E3_cec2017,cec2017,15,30,GF-Method,13,1272222478394563395,300000,300000,1513.579975772799,13.579975772798889,13.579975772798889,16.762386383023113
E3_cec2017,cec2017,15,30,GF-Method,14,6316423782654450810,300000,300000,1507.3574751127499,7.357475112749853,7.357475112749853,15.085811668017413
E3_cec2017,cec2017,15,30,GF-Method,15,6990653724643576947,300000,300000,1510.7008818051104,10.700881805110384,10.700881805110384,15.790260040026624
E3_cec2017,cec2017,15,30,GF-Method,16,7655573734492048871,300000,300000,1503.5401932804714,3.540193280471385,3.540193280471385,14.577026754035614
E3_cec2017,cec2017,15,30,GF-Method,17,8411784008802292128,300000,300000,1506.415834611521,6.41583461152095,6.41583461152095,12.128711301018484
E3_cec2017,cec2017,15,30,GF-Method,18,8732293760722834070,300000,300000,1513.30962807564,13.309628075639921,13.309628075639921,15.499207539018244
E3_cec2017,cec2017,15,30,GF-Method,19,8397362378210100673,300000,300000,1501.0949069204023,1.094906920402309,1.094906920402309,11.980118538951501
E3_cec2017,cec2017,15,30,GF-Method,20,1647589839445415162,300000,300000,1524.2328710670226,24.232871067022643,24.232871067022643,16.677831641980447
E3_cec2017,cec2017,15,30,GF-Method,21,2897890061586033041,300000,300000,1511.4360858823222,11.436085882322232,11.436085882322232,16.353734500997234
E3_cec2017,cec2017,15,30,GF-Method,22,1332947448324559829,300000,300000,1512.553446815215,12.553446815215011,12.553446815215011,13.832306477008387
E3_cec2017,cec2017,15,30,GF-Method,23,6465868924135012461,300000,300000,1509.9309524522412,9.930952452241172,9.930952452241172,16.817074115970172
E3_cec2017,cec2017,15,30,GF-Method,24,4271129506974658590,300000,300000,1508.3571577516966,8.357157751696604,8.357157751696604,16.248593606986105
E3_cec2017,cec2017,15,30,GF-Method,25,2666415319712421005,300000,300000,1513.4251949150403,13.425194915040265,13.425194915040265,17.174834866949823
E3_cec2017,cec2017,15,30,GF-Method,26,8466399836179679702,300000,300000,1515.6440397731465,15.64403977314646,15.64403977314646,17.052671707002446
E3_cec2017,cec2017,15,30,GF-Method,27,5075480220224160523,300000,300000,1510.1305482681446,10.130548268144594,10.130548268144594,15.140849697985686
E3_cec2017,cec2017,15,30,GF-Method,28,710148416978361832,300000,300000,1503.4650830705264,3.4650830705263616,3.4650830705263616,12.574890961986966
E3_cec2017,cec2017,15,30,GF-Method,29,8034702847283379347,300000,300000,1524.980836968571,24.98083696857111,24.98083696857111,10.307172989996616
E3_cec2017,cec2017,9,30,GF-Method,0,5985531714986346171,300000,300000,900.0,0.0,0.0,15.075005820952356
E3_cec2017,cec2017,9,30,GF-Method,1,4646730662306019659,300000,300000,900.0,0.0,0.0,16.584448501002043
E3_cec2017,cec2017,9,30,GF-Method,2,1813793549166458426,300000,300000,900.0,0.0,0.0,16.390508775017224
E3_cec2017,cec2017,9,30,GF-Method,3,4158282988020364789,300000,300000,900.0,0.0,0.0,15.360835335974116
E3_cec2017,cec2017,9,30,GF-Method,4,3715357533722993633,300000,300000,900.0,0.0,0.0,13.063895154045895
E3_cec2017,cec2017,9,30,GF-Method,5,8950634472399063569,300000,300000,900.0,0.0,0.0,15.63185710698599
E3_cec2017,cec2017,9,30,GF-Method,6,6834206277653404526,300000,300000,900.0,0.0,0.0,16.403453674982302
E3_cec2017,cec2017,9,30,GF-Method,7,1303728680534582703,300000,300000,900.0,0.0,0.0,16.553608738002367
E3_cec2017,cec2017,9,30,GF-Method,8,2001118310518487074,300000,300000,900.0,0.0,0.0,16.644826887000818
E3_cec2017,cec2017,9,30,GF-Method,9,3417208122794450310,300000,300000,900.0,0.0,0.0,14.929136565013323
E3_cec2017,cec2017,9,30,GF-Method,10,8889334387847229792,300000,300000,900.0,0.0,0.0,11.238861205987632
E3_cec2017,cec2017,9,30,GF-Method,11,6265066683806809026,300000,300000,900.0,0.0,0.0,15.029813155997545
E3_cec2017,cec2017,9,30,GF-Method,12,1238726221095227172,300000,300000,900.0,0.0,0.0,15.25045177899301
E3_cec2017,cec2017,9,30,GF-Method,13,530932985646176139,300000,300000,900.0,0.0,0.0,12.384739219967742
E3_cec2017,cec2017,9,30,GF-Method,14,6976260853615830484,300000,300000,900.0,0.0,0.0,13.399293321010191
E3_cec2017,cec2017,9,30,GF-Method,15,6276764352409450911,300000,300000,900.0,0.0,0.0,13.674941912002396
E3_cec2017,cec2017,9,30,GF-Method,16,5036053078726267736,300000,300000,900.0,0.0,0.0,12.579530913964845
E3_cec2017,cec2017,9,30,GF-Method,17,1654337327650426895,300000,300000,900.0,0.0,0.0,16.330488901003264
E3_cec2017,cec2017,9,30,GF-Method,18,3004827526321721295,300000,300000,900.0,0.0,0.0,14.909926163963974
E3_cec2017,cec2017,9,30,GF-Method,19,8759893700938194740,300000,300000,900.0,0.0,0.0,16.634287478984334
E3_cec2017,cec2017,9,30,GF-Method,20,7558899519463502854,300000,300000,900.0,0.0,0.0,16.566695923975203
E3_cec2017,cec2017,9,30,GF-Method,21,584299155712617063,300000,300000,900.0,0.0,0.0,13.291683938005008
E3_cec2017,cec2017,9,30,GF-Method,22,8994660379405491385,300000,300000,900.0,0.0,0.0,15.536711520981044
E3_cec2017,cec2017,9,30,GF-Method,23,1701532772608801364,300000,300000,900.0,0.0,0.0,15.734724396956153
E3_cec2017,cec2017,9,30,GF-Method,24,3584303860365889578,300000,300000,900.0000000000001,0.0,1.1368683772161603e-13,16.178534842969384
E3_cec2017,cec2017,9,30,GF-Method,25,5673360015299554575,300000,300000,900.0,0.0,0.0,15.422234837024007
E3_cec2017,cec2017,9,30,GF-Method,26,9028485921411305924,300000,300000,900.0,0.0,0.0,16.546658520994242
E3_cec2017,cec2017,9,30,GF-Method,27,7434211211183041526,300000,300000,900.0,0.0,0.0,16.097873214050196
E3_cec2017,cec2017,9,30,GF-Method,28,5603910163144438489,300000,300000,900.0,0.0,0.0,16.19488139403984
E3_cec2017,cec2017,9,30,GF-Method,29,1289466407994982506,300000,300000,900.0,0.0,0.0,16.774841213948093
E3_cec2017,cec2017,13,30,GF-Method,0,2254975721981212757,300000,300000,1325.6585860815815,25.65858608158146,25.65858608158146,16.19024788297247
E3_cec2017,cec2017,13,30,GF-Method,1,2000128804605307261,300000,300000,1314.0925774319367,14.092577431936661,14.092577431936661,15.476910969009623
E3_cec2017,cec2017,13,30,GF-Method,2,679587969745666692,300000,300000,1315.9193348924762,15.919334892476172,15.919334892476172,17.32739206502447
E3_cec2017,cec2017,13,30,GF-Method,3,4057548088659239699,300000,300000,1318.6305186603,18.630518660299913,18.630518660299913,15.701298483007122
E3_cec2017,cec2017,13,30,GF-Method,4,3353299274663358516,300000,300000,1324.8739512526915,24.87395125269154,24.87395125269154,13.128871904977132
E3_cec2017,cec2017,13,30,GF-Method,5,2995520871851899285,300000,300000,1321.533312724609,21.533312724609004,21.533312724609004,12.145040547999088
E3_cec2017,cec2017,13,30,GF-Method,6,2609265973245398776,300000,300000,1322.698481839955,22.698481839955093,22.698481839955093,17.073760942032095
E3_cec2017,cec2017,13,30,GF-Method,7,8186980003254389019,300000,300000,1333.0650064419779,33.06500644197786,33.06500644197786,17.513239354011603
E3_cec2017,cec2017,13,30,GF-Method,8,2150014076185775723,300000,300000,1327.691753805453,27.69175380545289,27.69175380545289,16.58744969003601
E3_cec2017,cec2017,13,30,GF-Method,9,2339601831199134240,300000,300000,1333.065665415202,33.06566541520192,33.06566541520192,16.88822685199557
E3_cec2017,cec2017,13,30,GF-Method,10,73473799498072666,300000,300000,1329.9338448770764,29.933844877076353,29.933844877076353,17.438795986003242
E3_cec2017,cec2017,13,30,GF-Method,11,4582437488989591038,300000,300000,1324.689371993683,24.689371993682926,24.689371993682926,17.61918333399808
E3_cec2017,cec2017,13,30,GF-Method,12,9193570111541919394,300000,300000,1345.1134525145349,45.113452514534856,45.113452514534856,12.266040637972765
E3_cec2017,cec2017,13,30,GF-Method,13,6301160502242869468,300000,300000,1344.8196227370222,44.8196227370222,44.8196227370222,13.417672654031776
E3_cec2017,cec2017,13,30,GF-Method,14,8042531629811126614,300000,300000,1328.9176452040776,28.917645204077644,28.917645204077644,16.98176004400011
E3_cec2017,cec2017,13,30,GF-Method,15,436454670870651456,300000,300000,1319.4060034900874,19.406003490087414,19.406003490087414,13.775853853963781
E3_cec2017,cec2017,13,30,GF-Method,16,6174626528208828939,300000,300000,1350.9895206445801,50.989520644580125,50.989520644580125,17.366336169012357
E3_cec2017,cec2017,13,30,GF-Method,17,2146432411060921927,300000,300000,1332.6424554468842,32.64245544688424,32.64245544688424,14.536215948988684
E3_cec2017,cec2017,13,30,GF-Method,18,64424104156177950,300000,300000,1326.1446193357253,26.144619335725338,26.144619335725338,16.834013939020224
E3_cec2017,cec2017,13,30,GF-Method,19,3036320667127400663,300000,300000,1338.5159444177266,38.51594441772659,38.51594441772659,16.337940196041018
E3_cec2017,cec2017,13,30,GF-Method,20,1375350113117314013,300000,300000,1333.8420979512703,33.84209795127026,33.84209795127026,16.94432595098624
E3_cec2017,cec2017,13,30,GF-Method,21,5711749981304263951,300000,300000,1335.8666474591662,35.86664745916619,35.86664745916619,17.658731830946635
E3_cec2017,cec2017,13,30,GF-Method,22,1538839907066036592,300000,300000,1325.7303602098261,25.73036020982613,25.73036020982613,16.42402035999112
E3_cec2017,cec2017,13,30,GF-Method,23,1094248902944864843,300000,300000,1331.9255272320372,31.92552723203721,31.92552723203721,11.118722012033686
E3_cec2017,cec2017,13,30,GF-Method,24,7037733088192787771,300000,300000,1308.954653369459,8.954653369459038,8.954653369459038,14.337490395992063
E3_cec2017,cec2017,13,30,GF-Method,25,5141684645838388526,300000,300000,1327.8206884826382,27.82068848263816,27.82068848263816,11.325225723034237
E3_cec2017,cec2017,13,30,GF-Method,26,8225837230374557882,300000,300000,1317.950580393721,17.95058039372111,17.95058039372111,11.076998434960842
E3_cec2017,cec2017,13,30,GF-Method,27,7891694934388128309,300000,300000,1331.1192647487376,31.119264748737578,31.119264748737578,14.041198336984962
E3_cec2017,cec2017,13,30,GF-Method,28,2015089915553408496,300000,300000,1311.9395178042091,11.939517804209117,11.939517804209117,13.952146560011897
E3_cec2017,cec2017,13,30,GF-Method,29,6003310162520986131,300000,300000,1323.4118420341279,23.411842034127858,23.411842034127858,16.96963881899137
E3_cec2017,cec2017,16,30,GF-Method,0,7487552952919164224,300000,300000,1776.8057806387535,176.8057806387535,176.8057806387535,17.02683387399884
E3_cec2017,cec2017,16,30,GF-Method,1,4627751150102424503,300000,300000,2038.1296017210375,438.1296017210375,438.1296017210375,16.031932223995682
E3_cec2017,cec2017,16,30,GF-Method,2,6914724365443403085,300000,300000,1744.8707085396777,144.8707085396777,144.8707085396777,15.31306607904844
E3_cec2017,cec2017,16,30,GF-Method,3,4103263693792350661,300000,300000,2184.3876711766184,584.3876711766184,584.3876711766184,12.80568306799978
E3_cec2017,cec2017,16,30,GF-Method,4,920112639896622220,300000,300000,1759.0689570474908,159.0689570474908,159.0689570474908,15.06289448402822
E3_cec2017,cec2017,16,30,GF-Method,5,3703637754996750639,300000,300000,1625.7234661645266,25.7234661645266,25.7234661645266,17.094345040037297
E3_cec2017,cec2017,16,30,GF-Method,6,1536403407247638085,300000,300000,1968.5284678596158,368.52846785961583,368.52846785961583,15.507095582957845
E3_cec2017,cec2017,16,30,GF-Method,7,6039602443820345497,300000,300000,1835.5150094574715,235.51500945747148,235.51500945747148,15.35045596800046
E3_cec2017,cec2017,16,30,GF-Method,8,4176820429827577413,300000,300000,1796.4333843849881,196.43338438498813,196.43338438498813,16.328288843971677
E3_cec2017,cec2017,16,30,GF-Method,9,2073261273081741436,300000,300000,1873.641383922937,273.64138392293694,273.64138392293694,16.88429981598165
E3_cec2017,cec2017,16,30,GF-Method,10,6067706582954005503,300000,300000,1886.1014137085697,286.1014137085697,286.1014137085697,16.648597248946317
E3_cec2017,cec2017,16,30,GF-Method,11,242793101559995327,300000,300000,1751.5523773884315,151.55237738843152,151.55237738843152,15.039590585045516
E3_cec2017,cec2017,16,30,GF-Method,12,8368983777207065951,300000,300000,1859.6694888018355,259.66948880183554,259.66948880183554,16.37385120196268
E3_cec2017,cec2017,16,30,GF-Method,13,1488629974390200568,300000,300000,1859.6279759084487,259.62797590844866,259.62797590844866,15.232569609011989
E3_cec2017,cec2017,16,30,GF-Method,14,756220613801411764,300000,300000,1867.102977747095,267.1029777470951,267.1029777470951,14.324966355983634
E3_cec2017,cec2017,16,30,GF-Method,15,8428390614212727409,300000,300000,1938.080271034302,338.0802710343021,338.0802710343021,15.765915700001642
E3_cec2017,cec2017,16,30,GF-Method,16,7562642304927858962,300000,300000,1860.3746225581085,260.3746225581085,260.3746225581085,15.342217856028583
E3_cec2017,cec2017,16,30,GF-Method,17,4663350673048900145,300000,300000,1748.3930982366383,148.39309823663825,148.39309823663825,13.042834742984269
E3_cec2017,cec2017,16,30,GF-Method,18,6978517377170244949,300000,300000,1646.9928557621647,46.99285576216471,46.99285576216471,14.645446282986086
E3_cec2017,cec2017,16,30,GF-Method,19,7480932868503197803,300000,300000,1694.6887018547902,94.68870185479022,94.68870185479022,15.066804698028136
E3_cec2017,cec2017,16,30,GF-Method,20,367437913906402509,300000,300000,1765.7524243145326,165.75242431453262,165.75242431453262,13.647276912990492
E3_cec2017,cec2017,16,30,GF-Method,21,5364386553892332715,300000,300000,1820.18956125314,220.18956125314003,220.18956125314003,15.760327808966395
E3_cec2017,cec2017,16,30,GF-Method,22,4351734697744676028,300000,300000,1839.2542036674945,239.2542036674945,239.2542036674945,16.567455138021614
E3_cec2017,cec2017,16,30,GF-Method,23,4187718572024616570,300000,300000,1785.4352575652665,185.4352575652665,185.4352575652665,15.486069726990536
E3_cec2017,cec2017,16,30,GF-Method,24,3963047327498735996,300000,300000,1983.6235588195323,383.62355881953226,383.62355881953226,15.191561073006596
E3_cec2017,cec2017,16,30,GF-Method,25,4828056639131701197,300000,300000,1934.0704067304553,334.07040673045526,334.07040673045526,17.2202812070027
E3_cec2017,cec2017,16,30,GF-Method,26,8561813983843006074,300000,300000,1840.522880071519,240.522880071519,240.522880071519,15.469440587039571
E3_cec2017,cec2017,16,30,GF-Method,27,4443442819665131797,300000,300000,1776.1584472059844,176.15844720598443,176.15844720598443,12.452107047021855
E3_cec2017,cec2017,16,30,GF-Method,28,3804595272196075301,300000,300000,2024.5736473790687,424.5736473790687,424.5736473790687,13.96159409097163
E3_cec2017,cec2017,16,30,GF-Method,29,3865896319315618071,300000,300000,1890.6600141373015,290.66001413730146,290.66001413730146,15.521712529007345
E3_cec2017,cec2017,14,30,GF-Method,0,5028048190795317859,300000,300000,1424.1448031850562,24.144803185056162,24.144803185056162,14.430054790980648
E3_cec2017,cec2017,14,30,GF-Method,1,3447732530667206674,300000,300000,1424.013449613711,24.013449613710918,24.013449613710918,15.58820250898134
E3_cec2017,cec2017,14,30,GF-Method,2,1187557234055667792,300000,300000,1427.1689726561876,27.168972656187634,27.168972656187634,15.739860491012223
E3_cec2017,cec2017,14,30,GF-Method,3,4826227960005559163,300000,300000,1406.458604227927,6.458604227927026,6.458604227927026,15.553598815051373
E3_cec2017,cec2017,14,30,GF-Method,4,449569513768720465,300000,300000,1424.141071770693,24.141071770693088,24.141071770693088,16.04625831404701
E3_cec2017,cec2017,14,30,GF-Method,5,8099202654866068226,300000,300000,1424.1592262808026,24.159226280802613,24.159226280802613,15.11542313802056
E3_cec2017,cec2017,14,30,GF-Method,6,9137007210831764936,300000,300000,1428.15787512426,28.157875124260045,28.157875124260045,15.087136872985866
E3_cec2017,cec2017,14,30,GF-Method,7,6285892825223383590,300000,300000,1427.092432539121,27.09243253912109,27.09243253912109,16.638052700960543
E3_cec2017,cec2017,14,30,GF-Method,8,1921057481612110216,300000,300000,1423.0091890655406,23.009189065540568,23.009189065540568,16.468546302989125
E3_cec2017,cec2017,14,30,GF-Method,9,8621825814419556897,300000,300000,1422.99720372186,22.997203721859933,22.997203721859933,15.233355463016778
E3_cec2017,cec2017,14,30,GF-Method,10,2946084760999148297,300000,300000,1424.9022340347258,24.90223403472578,24.90223403472578,17.13573587295832
E3_cec2017,cec2017,14,30,GF-Method,11,2762788787536629761,300000,300000,1426.9826136447944,26.982613644794355,26.982613644794355,16.64088471303694
E3_cec2017,cec2017,14,30,GF-Method,12,1789649476622983882,300000,300000,1421.0187612536752,21.018761253675166,21.018761253675166,15.996963476005476
E3_cec2017,cec2017,14,30,GF-Method,13,8193594715189606959,300000,300000,1424.9931072494296,24.993107249429613,24.993107249429613,14.919282945047598
E3_cec2017,cec2017,14,30,GF-Method,14,1901135001348934111,300000,300000,1423.9843965414411,23.98439654144113,23.98439654144113,13.849619159009308
E3_cec2017,cec2017,14,30,GF-Method,15,7678792317428276744,300000,300000,1426.8225859849765,26.822585984976513,26.822585984976513,16.02302734204568
E3_cec2017,cec2017,14,30,GF-Method,16,6767949349332116851,300000,300000,1405.0688550814803,5.068855081480251,5.068855081480251,16.243715287011582
E3_cec2017,cec2017,14,30,GF-Method,17,2976008737515184385,300000,300000,1425.0086363938476,25.00863639384761,25.00863639384761,15.904780697019305
E3_cec2017,cec2017,14,30,GF-Method,18,2107665337971798952,300000,300000,1421.9902612047624,21.99026120476242,21.99026120476242,15.188666723959614
E3_cec2017,cec2017,14,30,GF-Method,19,5948394796292098943,300000,300000,1421.7532330982992,21.753233098299233,21.753233098299233,15.41018432501005
E3_cec2017,cec2017,14,30,GF-Method,20,7449372400534375006,300000,300000,1427.0535023900075,27.053502390007452,27.053502390007452,17.249940345995128
E3_cec2017,cec2017,14,30,GF-Method,21,954319904836582892,300000,300000,1403.010015274192,3.0100152741920283,3.0100152741920283,16.713032113038935
E3_cec2017,cec2017,14,30,GF-Method,22,7331336212936791609,300000,300000,1426.0637797052948,26.06377970529479,26.06377970529479,16.65536938101286
E3_cec2017,cec2017,14,30,GF-Method,23,6646592034361734355,300000,300000,1424.022490499671,24.022490499670994,24.022490499670994,13.879053245997056
E3_cec2017,cec2017,14,30,GF-Method,24,7476487058087412352,300000,300000,1425.012632874852,25.012632874851988,25.012632874851988,12.544109177018981
E3_cec2017,cec2017,14,30,GF-Method,25,6865180646501844575,300000,300000,1424.7045015630063,24.70450156300626,24.70450156300626,10.392689696047455
E3_cec2017,cec2017,14,30,GF-Method,26,8425372990353615983,300000,300000,1425.9728934816262,25.972893481626215,25.972893481626215,16.274326331040356
E3_cec2017,cec2017,14,30,GF-Method,27,8860898363916079717,300000,300000,1423.9972125329714,23.99721253297139,23.99721253297139,16.24618388694944
E3_cec2017,cec2017,14,30,GF-Method,28,4462271926257144836,300000,300000,1421.050300024075,21.050300024075113,21.050300024075113,16.880358312977478
E3_cec2017,cec2017,14,30,GF-Method,29,7772604212382034180,300000,300000,1424.2568204048405,24.256820404840482,24.256820404840482,15.343003960966598
E3_cec2017,cec2017,10,30,GF-Method,0,4828254564438718794,300000,300000,2969.556436624358,1969.556436624358,1969.556436624358,16.978204334969632
E3_cec2017,cec2017,10,30,GF-Method,1,266703409063863153,300000,300000,2970.8930545962376,1970.8930545962376,1970.8930545962376,15.455416493990924
E3_cec2017,cec2017,10,30,GF-Method,2,5322890646044541718,300000,300000,2850.6819914520383,1850.6819914520383,1850.6819914520383,15.433977201988455
E3_cec2017,cec2017,10,30,GF-Method,3,7805990380089376833,300000,300000,2610.681657149953,1610.681657149953,1610.681657149953,16.233637115044985
E3_cec2017,cec2017,10,30,GF-Method,4,1056593232459572325,300000,300000,2683.0486228915343,1683.0486228915343,1683.0486228915343,14.5426452679676
E3_cec2017,cec2017,10,30,GF-Method,5,4364312603120602340,300000,300000,2823.030020109358,1823.0300201093578,1823.0300201093578,15.62654529500287
E3_cec2017,cec2017,10,30,GF-Method,6,8914272162052529294,300000,300000,3040.190494273804,2040.1904942738038,2040.1904942738038,15.733898878970649
E3_cec2017,cec2017,10,30,GF-Method,7,4083231982863810392,300000,300000,2577.6995754793625,1577.6995754793625,1577.6995754793625,17.257249354966916
E3_cec2017,cec2017,10,30,GF-Method,8,7909921181300382426,300000,300000,2639.536370560909,1639.5363705609088,1639.5363705609088,15.553000111947767
E3_cec2017,cec2017,10,30,GF-Method,9,5037595524794959883,300000,300000,2807.3243762037746,1807.3243762037746,1807.3243762037746,17.219236207020003
E3_cec2017,cec2017,10,30,GF-Method,10,6515249074210148815,300000,300000,3158.5378687450047,2158.5378687450047,2158.5378687450047,13.79587808100041
E3_cec2017,cec2017,10,30,GF-Method,11,172400456717015611,300000,300000,2945.292455820696,1945.292455820696,1945.292455820696,15.502020695013925
E3_cec2017,cec2017,10,30,GF-Method,12,629264771697397437,300000,300000,3050.11596147176,2050.11596147176,2050.11596147176,15.756325573020149
E3_cec2017,cec2017,10,30,GF-Method,13,7537027354205153033,300000,300000,2970.7534987382787,1970.7534987382787,1970.7534987382787,15.951433198992163
E3_cec2017,cec2017,10,30,GF-Method,14,4988760210541853572,300000,300000,2540.7802336230707,1540.7802336230707,1540.7802336230707,12.865644263045397
E3_cec2017,cec2017,10,30,GF-Method,15,5811207252284657716,300000,300000,2667.942513996706,1667.942513996706,1667.942513996706,13.553804995957762
E3_cec2017,cec2017,10,30,GF-Method,16,4946781759175328630,300000,300000,2692.0630979235993,1692.0630979235993,1692.0630979235993,15.300749326997902
E3_cec2017,cec2017,10,30,GF-Method,17,2463387983937773224,300000,300000,2802.872524200273,1802.872524200273,1802.872524200273,17.654267957957927
E3_cec2017,cec2017,10,30,GF-Method,18,8212846236598038335,300000,300000,2745.8145679344216,1745.8145679344216,1745.8145679344216,12.98510576604167
E3_cec2017,cec2017,10,30,GF-Method,19,3276599431959639731,300000,300000,2845.6983801383576,1845.6983801383576,1845.6983801383576,16.06351068301592
E3_cec2017,cec2017,10,30,GF-Method,20,9157728097019055688,300000,300000,3224.3385699743667,2224.3385699743667,2224.3385699743667,17.05632287397748
E3_cec2017,cec2017,10,30,GF-Method,21,2390300136643143121,300000,300000,2861.0520725923598,1861.0520725923598,1861.0520725923598,16.75202661199728
E3_cec2017,cec2017,10,30,GF-Method,22,4395526524500025848,300000,300000,3027.40269190451,2027.40269190451,2027.40269190451,15.975170911988243
E3_cec2017,cec2017,10,30,GF-Method,23,6873854801867310789,300000,300000,3132.792481266115,2132.792481266115,2132.792481266115,17.294980172999203
E3_cec2017,cec2017,10,30,GF-Method,24,1095987638717848415,300000,300000,2883.0828839563055,1883.0828839563055,1883.0828839563055,14.71112573199207
E3_cec2017,cec2017,10,30,GF-Method,25,1148269016448574752,300000,300000,2348.1429751613578,1348.1429751613578,1348.1429751613578,17.383993548050057
E3_cec2017,cec2017,10,30,GF-Method,26,741007821797080234,300000,300000,2996.5043652528184,1996.5043652528184,1996.5043652528184,16.289378934015986
E3_cec2017,cec2017,10,30,GF-Method,27,874869872262163101,300000,300000,2747.6822943448424,1747.6822943448424,1747.6822943448424,15.374025475000963
E3_cec2017,cec2017,10,30,GF-Method,28,8737218183628818987,300000,300000,2757.4958017857552,1757.4958017857552,1757.4958017857552,13.751438851002604
E3_cec2017,cec2017,10,30,GF-Method,29,9161399724696247448,300000,300000,2815.3636294565385,1815.3636294565385,1815.3636294565385,16.479130244988482
E3_cec2017,cec2017,12,30,GF-Method,0,2380310184579071690,300000,300000,2360.618634099221,1160.6186340992208,1160.6186340992208,18.203582218964584
E3_cec2017,cec2017,12,30,GF-Method,1,414598976178095186,300000,300000,2704.1021250910885,1504.1021250910885,1504.1021250910885,16.18785335199209
E3_cec2017,cec2017,12,30,GF-Method,2,474886414418974193,300000,300000,2103.7664150390806,903.7664150390806,903.7664150390806,16.055098484968767
E3_cec2017,cec2017,12,30,GF-Method,3,6758768862577758318,300000,300000,2517.797531191835,1317.7975311918349,1317.7975311918349,17.735772440035362
E3_cec2017,cec2017,12,30,GF-Method,4,3427866914562888926,300000,300000,2254.8783312516343,1054.8783312516343,1054.8783312516343,16.535002869961318
E3_cec2017,cec2017,12,30,GF-Method,5,8400963965136763873,300000,300000,1958.7631393836655,758.7631393836655,758.7631393836655,16.556878359988332
E3_cec2017,cec2017,12,30,GF-Method,6,6616681046929487943,300000,300000,2033.0677107672882,833.0677107672882,833.0677107672882,15.342326700978447
E3_cec2017,cec2017,12,30,GF-Method,7,7936345142497959007,300000,300000,3207.075290165939,2007.075290165939,2007.075290165939,15.059810108039528
E3_cec2017,cec2017,12,30,GF-Method,8,6150157483949691556,300000,300000,2358.698587065042,1158.698587065042,1158.698587065042,16.40288510796381
E3_cec2017,cec2017,12,30,GF-Method,9,2723717057828293070,300000,300000,2741.214402819111,1541.214402819111,1541.214402819111,15.720595968014095
E3_cec2017,cec2017,12,30,GF-Method,10,6513993644434856224,300000,300000,1744.4691986338212,544.4691986338212,544.4691986338212,18.171129470982123
E3_cec2017,cec2017,12,30,GF-Method,11,6269178214416996148,300000,300000,1793.2735207880987,593.2735207880987,593.2735207880987,17.374482659972273
E3_cec2017,cec2017,12,30,GF-Method,12,818995565652860169,300000,300000,2287.757530139589,1087.757530139589,1087.757530139589,17.936018162989058
E3_cec2017,cec2017,12,30,GF-Method,13,8103587694641279901,300000,300000,2831.1889645948436,1631.1889645948436,1631.1889645948436,16.49686009902507
E3_cec2017,cec2017,12,30,GF-Method,14,5380153213538934967,300000,300000,2650.628446214589,1450.628446214589,1450.628446214589,17.723894409951754
E3_cec2017,cec2017,12,30,GF-Method,15,3610116880985421421,300000,300000,3007.552734483649,1807.5527344836491,1807.5527344836491,14.524900794960558
E3_cec2017,cec2017,12,30,GF-Method,16,8069299873899034993,300000,300000,2803.9567602206325,1603.9567602206325,1603.9567602206325,14.517917678982485
E3_cec2017,cec2017,12,30,GF-Method,17,7006521742887898435,300000,300000,2596.9863358374632,1396.9863358374632,1396.9863358374632,13.094158917025197
E3_cec2017,cec2017,12,30,GF-Method,18,4246396604492879612,300000,300000,2270.7167891737963,1070.7167891737963,1070.7167891737963,16.939832373987883
E3_cec2017,cec2017,12,30,GF-Method,19,341051571635707630,300000,300000,2354.4626458994317,1154.4626458994317,1154.4626458994317,16.315922649984714
E3_cec2017,cec2017,12,30,GF-Method,20,895444121758689797,300000,300000,2903.2430782119213,1703.2430782119213,1703.2430782119213,15.644455237023067
E3_cec2017,cec2017,12,30,GF-Method,21,4743590950085410854,300000,300000,2204.099052887928,1004.0990528879279,1004.0990528879279,18.27003147196956
E3_cec2017,cec2017,12,30,GF-Method,22,1179527183237936543,300000,300000,2614.9883958807623,1414.9883958807623,1414.9883958807623,15.12798919697525
E3_cec2017,cec2017,12,30,GF-Method,23,2446626449629781685,300000,300000,2217.016838380718,1017.0168383807181,1017.0168383807181,17.244438857014757
E3_cec2017,cec2017,12,30,GF-Method,24,1513881061705025936,300000,300000,2489.7526532769893,1289.7526532769893,1289.7526532769893,17.365817837009672
E3_cec2017,cec2017,12,30,GF-Method,25,614579633511120546,300000,300000,3365.4338318146033,2165.4338318146033,2165.4338318146033,14.167326143942773
E3_cec2017,cec2017,12,30,GF-Method,26,5359978377624976594,300000,300000,2336.502642642913,1136.502642642913,1136.502642642913,14.794859774992801
E3_cec2017,cec2017,12,30,GF-Method,27,260038175223846282,300000,300000,3029.81095269604,1829.8109526960402,1829.8109526960402,13.356189144018572
E3_cec2017,cec2017,12,30,GF-Method,28,706168689176907295,300000,300000,2072.509953822084,872.5099538220838,872.5099538220838,12.59252381400438
E3_cec2017,cec2017,12,30,GF-Method,29,2235145655424400439,300000,300000,3119.231392699705,1919.2313926997049,1919.2313926997049,16.698424494999927
E3_cec2017,cec2017,17,30,GF-Method,0,60921934363071762,300000,300000,1744.6177392872823,44.61773928728235,44.61773928728235,17.041224405984394
E3_cec2017,cec2017,17,30,GF-Method,1,7960201926346049242,300000,300000,1754.205739214784,54.20573921478399,54.20573921478399,17.52857111999765
E3_cec2017,cec2017,17,30,GF-Method,2,8960439654472473435,300000,300000,1757.4704108794488,57.470410879448764,57.470410879448764,13.839114886999596
E3_cec2017,cec2017,17,30,GF-Method,3,3776601925550646219,300000,300000,1762.8013963873896,62.80139638738956,62.80139638738956,14.854139029979706
E3_cec2017,cec2017,17,30,GF-Method,4,4364151754863054524,300000,300000,1739.1681393317006,39.16813933170056,39.16813933170056,15.29983001400251
E3_cec2017,cec2017,17,30,GF-Method,5,6094410713505695156,300000,300000,1742.4246708228343,42.42467082283429,42.42467082283429,14.376296462025493
E3_cec2017,cec2017,17,30,GF-Method,6,875884088804608050,300000,300000,1749.3084203500161,49.30842035001615,49.30842035001615,11.755257105978671
E3_cec2017,cec2017,17,30,GF-Method,7,4396795764447084255,300000,300000,1759.9056388096153,59.90563880961531,59.90563880961531,18.0637648460106
E3_cec2017,cec2017,17,30,GF-Method,8,4364174151319633976,300000,300000,1750.7067352178035,50.7067352178035,50.7067352178035,15.78440247301478
E3_cec2017,cec2017,17,30,GF-Method,9,7067355196932941007,300000,300000,1746.283108825493,46.283108825492945,46.283108825492945,15.727048369997647
E3_cec2017,cec2017,17,30,GF-Method,10,7272588897345767338,300000,300000,1752.588636250981,52.588636250980926,52.588636250980926,16.067794247006532
E3_cec2017,cec2017,17,30,GF-Method,11,3065569514162344735,300000,300000,1756.5109615803246,56.51096158032465,56.51096158032465,16.946862889977638
E3_cec2017,cec2017,17,30,GF-Method,12,1364633814854352742,300000,300000,1739.846794394845,39.84679439484489,39.84679439484489,14.460248182993382
E3_cec2017,cec2017,17,30,GF-Method,13,7641247365177472635,300000,300000,1744.6467289578472,44.646728957847245,44.646728957847245,16.338438159960788
E3_cec2017,cec2017,17,30,GF-Method,14,1697340047647817468,300000,300000,1741.4777464556175,41.477746455617535,41.477746455617535,18.002379009965807
E3_cec2017,cec2017,17,30,GF-Method,15,1702244459252830783,300000,300000,1751.3040235755377,51.30402357553771,51.30402357553771,17.978320726018865
E3_cec2017,cec2017,17,30,GF-Method,16,4800325047684025999,300000,300000,1751.7289643971537,51.72896439715373,51.72896439715373,17.662002124998253
E3_cec2017,cec2017,17,30,GF-Method,17,2019031862309348234,300000,300000,1744.2114834346257,44.211483434625734,44.211483434625734,15.999088541953824
E3_cec2017,cec2017,17,30,GF-Method,18,203382227637509793,300000,300000,1755.2323598756755,55.232359875675456,55.232359875675456,18.63499279896496
E3_cec2017,cec2017,17,30,GF-Method,19,1587084416748051440,300000,300000,1751.7082518021887,51.70825180218867,51.70825180218867,13.336540611984674
E3_cec2017,cec2017,17,30,GF-Method,20,4860534173800726789,300000,300000,1749.923997805872,49.92399780587198,49.92399780587198,16.302177108009346
E3_cec2017,cec2017,17,30,GF-Method,21,6174859440496081906,300000,300000,1744.333037450309,44.33303745030889,44.33303745030889,15.45733043301152
E3_cec2017,cec2017,17,30,GF-Method,22,404421434021082200,300000,300000,1759.0360675564843,59.03606755648434,59.03606755648434,13.88123906601686
E3_cec2017,cec2017,17,30,GF-Method,23,3853601773278262738,300000,300000,1746.2667378992958,46.26673789929578,46.26673789929578,14.851087376009673
E3_cec2017,cec2017,17,30,GF-Method,24,7419180867943188596,300000,300000,1743.9140757899352,43.91407578993517,43.91407578993517,15.3693961329991
E3_cec2017,cec2017,17,30,GF-Method,25,6778694968036367537,300000,300000,1737.5287389198004,37.52873891980039,37.52873891980039,16.929281754011754
E3_cec2017,cec2017,17,30,GF-Method,26,8023839043626184650,300000,300000,1749.170517477438,49.1705174774379,49.1705174774379,17.585565118002705
E3_cec2017,cec2017,17,30,GF-Method,27,915682307851978688,300000,300000,1750.7520329739903,50.752032973990254,50.752032973990254,17.768690791039262
E3_cec2017,cec2017,17,30,GF-Method,28,7732526317452161334,300000,300000,1751.801584330733,51.80158433073302,51.80158433073302,17.2356827139738
E3_cec2017,cec2017,17,30,GF-Method,29,2213646788640552662,300000,300000,1731.6937853978218,31.693785397821784,31.693785397821784,17.871546790003777
E3_cec2017,cec2017,6,30,GF-Method,0,6096495110128962784,300000,300000,600.0000000000003,0.0,3.410605131648481e-13,18.106543602014426
E3_cec2017,cec2017,6,30,GF-Method,1,8815377187834882930,300000,300000,600.0000000342184,3.4218373912153766e-08,3.4218373912153766e-08,17.909326419990975
E3_cec2017,cec2017,6,30,GF-Method,2,4769283287979177150,300000,300000,600.0000005474942,5.474942099681357e-07,5.474942099681357e-07,17.92228910198901
E3_cec2017,cec2017,6,30,GF-Method,3,7278079663851424794,300000,300000,600.0000000000001,0.0,1.1368683772161603e-13,15.559269541001413
E3_cec2017,cec2017,6,30,GF-Method,4,7399082064315699174,300000,300000,600.0000005474942,5.474942099681357e-07,5.474942099681357e-07,15.359647397010121
E3_cec2017,cec2017,6,30,GF-Method,5,3893844571418755028,300000,300000,600.0000015123287,1.5123287084861659e-06,1.5123287084861659e-06,15.962757278990466
E3_cec2017,cec2017,6,30,GF-Method,6,6510448541442213954,300000,300000,600.0000005474942,5.474942099681357e-07,5.474942099681357e-07,13.01937806798378
E3_cec2017,cec2017,6,30,GF-Method,7,7613079472668787526,300000,300000,600.0000000000001,0.0,1.1368683772161603e-13,17.139789385022596
E3_cec2017,cec2017,6,30,GF-Method,8,2735109646397228543,300000,300000,600.0000001368879,1.368879338770057e-07,1.368879338770057e-07,15.27837295801146
E3_cec2017,cec2017,6,30,GF-Method,9,7360742241887457171,300000,300000,600.0000000000001,0.0,1.1368683772161603e-13,15.70632418000605
E3_cec2017,cec2017,6,30,GF-Method,10,622190636153761499,300000,300000,600.0000000000001,0.0,1.1368683772161603e-13,16.98268214298878
E3_cec2017,cec2017,6,30,GF-Method,11,4617443438667463199,300000,300000,600.0000000000001,0.0,1.1368683772161603e-13,17.960524797963444
E3_cec2017,cec2017,6,30,GF-Method,12,3599049311872052496,300000,300000,600.0000000000001,0.0,1.1368683772161603e-13,16.126580107025802
E3_cec2017,cec2017,6,30,GF-Method,13,5143225555934719305,300000,300000,600.0000000000001,0.0,1.1368683772161603e-13,18.206154204031918
E3_cec2017,cec2017,6,30,GF-Method,14,1147059805993277034,300000,300000,600.0000000000001,0.0,1.1368683772161603e-13,18.22886676399503
E3_cec2017,cec2017,6,30,GF-Method,15,2867702706789716611,300000,300000,600.000003185064,3.1850639743424836e-06,3.1850639743424836e-06,16.233210814010818
E3_cec2017,cec2017,6,30,GF-Method,16,2299798100427185930,300000,300000,600.0,0.0,0.0,17.18707905203337
E3_cec2017,cec2017,6,30,GF-Method,17,1795576079477859980,300000,300000,600.0000001368736,1.3687360933545278e-07,1.3687360933545278e-07,16.91834736597957
E3_cec2017,cec2017,6,30,GF-Method,18,166628315980815936,300000,300000,600.0000001368736,1.3687360933545278e-07,1.3687360933545278e-07,17.36570603697328
E3_cec2017,cec2017,6,30,GF-Method,19,8804678432425480253,300000,300000,600.0000003269882,3.2698824270482874e-07,3.2698824270482874e-07,17.082635817991104
E3_cec2017,cec2017,6,30,GF-Method,20,8729206628544531823,300000,300000,600.0000000000001,0.0,1.1368683772161603e-13,17.051133811997715
E3_cec2017,cec2017,6,30,GF-Method,21,935258640523061602,300000,300000,600.0000005474942,5.474942099681357e-07,5.474942099681357e-07,16.635806999984197
E3_cec2017,cec2017,6,30,GF-Method,22,4539366601990693313,300000,300000,600.0000005474942,5.474942099681357e-07,5.474942099681357e-07,16.683296490984503
E3_cec2017,cec2017,6,30,GF-Method,23,250481004393466841,300000,300000,600.0000005474942,5.474942099681357e-07,5.474942099681357e-07,17.918657129979692
E3_cec2017,cec2017,6,30,GF-Method,24,488941243631255863,300000,300000,600.0000001368959,1.3689589195564622e-07,1.3689589195564622e-07,14.370775416027755
E3_cec2017,cec2017,6,30,GF-Method,25,3011587250044917211,300000,300000,600.0000003269882,3.2698824270482874e-07,3.2698824270482874e-07,15.933897879032884
E3_cec2017,cec2017,6,30,GF-Method,26,8459153894247280467,300000,300000,600.0,0.0,0.0,17.675140506995376
E3_cec2017,cec2017,6,30,GF-Method,27,7222351496224137716,300000,300000,600.0000010914947,1.0914947097262484e-06,1.0914947097262484e-06,17.71586670394754
E3_cec2017,cec2017,6,30,GF-Method,28,6183657892497524476,300000,300000,600.0000000000001,0.0,1.1368683772161603e-13,15.268560893950053
E3_cec2017,cec2017,6,30,GF-Method,29,5384321943534842497,300000,300000,600.0000001368736,1.3687360933545278e-07,1.3687360933545278e-07,17.47331904800376
E3_cec2017,cec2017,18,30,GF-Method,0,4160023049804961430,300000,300000,1824.7497699629805,24.74976996298051,24.74976996298051,14.3755822419771
E3_cec2017,cec2017,18,30,GF-Method,1,7376122267761482121,300000,300000,1822.4361502269317,22.43615022693166,22.43615022693166,17.061532316030934
E3_cec2017,cec2017,18,30,GF-Method,2,8629381525996018011,300000,300000,1823.6553869133436,23.65538691334359,23.65538691334359,16.989983628038317
E3_cec2017,cec2017,18,30,GF-Method,3,1286112354498098581,300000,300000,1838.95987341549,38.95987341548994,38.95987341548994,17.506690709968098
E3_cec2017,cec2017,18,30,GF-Method,4,6671265787365317094,300000,300000,1824.3151949665023,24.315194966502304,24.315194966502304,17.111485468049068
E3_cec2017,cec2017,18,30,GF-Method,5,2264093750124545565,300000,300000,1824.4009656996802,24.400965699680228,24.400965699680228,17.0610998950433
E3_cec2017,cec2017,18,30,GF-Method,6,920734969765862901,300000,300000,1831.3385069120136,31.3385069120136,31.3385069120136,17.002623215026688
E3_cec2017,cec2017,18,30,GF-Method,7,2655552306893802370,300000,300000,1820.374694907747,20.37469490774697,20.37469490774697,16.946566835045815
E3_cec2017,cec2017,18,30,GF-Method,8,6051550707770812461,300000,300000,1822.116690138585,22.116690138585,22.116690138585,16.782928141998127
E3_cec2017,cec2017,18,30,GF-Method,9,5896771845513790126,300000,300000,1821.9967371989676,21.996737198967594,21.996737198967594,16.752179139002692
E3_cec2017,cec2017,18,30,GF-Method,10,4300054460859242399,300000,300000,1822.8536513168822,22.85365131688218,22.85365131688218,16.065578911977354
E3_cec2017,cec2017,18,30,GF-Method,11,3207413198221783800,300000,300000,1830.2716926662765,30.271692666276522,30.271692666276522,16.763323471008334
E3_cec2017,cec2017,18,30,GF-Method,12,7232457506403966653,300000,300000,1822.4343831665385,22.43438316653851,22.43438316653851,17.016320675960742
E3_cec2017,cec2017,18,30,GF-Method,13,2385228698289029881,300000,300000,1825.1732950711614,25.17329507116142,25.17329507116142,16.393801430996973
E3_cec2017,cec2017,18,30,GF-Method,14,4407760371862237972,300000,300000,1827.1676030772646,27.16760307726463,27.16760307726463,13.893965044000652
E3_cec2017,cec2017,18,30,GF-Method,15,7422063569412681169,300000,300000,1836.064021675951,36.064021675950926,36.064021675950926,16.720086615008768
E3_cec2017,cec2017,18,30,GF-Method,16,2265648143091443636,300000,300000,1828.200396850446,28.20039685044594,28.20039685044594,14.955944838002324
E3_cec2017,cec2017,18,30,GF-Method,17,1619707448988587507,300000,300000,1831.1682501768014,31.168250176801394,31.168250176801394,16.92861428303877
E3_cec2017,cec2017,18,30,GF-Method,18,1250092297537597751,300000,300000,1821.861224292629,21.861224292629004,21.861224292629004,16.65790620900225
E3_cec2017,cec2017,18,30,GF-Method,19,7285618466901832325,300000,300000,1822.2531913137154,22.253191313715433,22.253191313715433,13.048682852007914
E3_cec2017,cec2017,18,30,GF-Method,20,1280047260014952956,300000,300000,1822.4884597193166,22.488459719316552,22.488459719316552,16.009437683038414
E3_cec2017,cec2017,18,30,GF-Method,21,7638246779024182043,300000,300000,1829.2394933125354,29.239493312535387,29.239493312535387,15.403141495946329
E3_cec2017,cec2017,18,30,GF-Method,22,8517560054091339443,300000,300000,1823.3646702225044,23.3646702225044,23.3646702225044,16.734644410025794
E3_cec2017,cec2017,18,30,GF-Method,23,7073546983010520362,300000,300000,1830.1845748165879,30.184574816587883,30.184574816587883,15.202763333974872
E3_cec2017,cec2017,18,30,GF-Method,24,1211888258820637053,300000,300000,1822.9513815167777,22.9513815167777,22.9513815167777,17.274796647019684
E3_cec2017,cec2017,18,30,GF-Method,25,1917204205467623374,300000,300000,1823.5060429146404,23.506042914640375,23.506042914640375,16.911699838005006
E3_cec2017,cec2017,18,30,GF-Method,26,8011336125883117770,300000,300000,1823.520998830533,23.520998830533017,23.520998830533017,14.944289377017412
E3_cec2017,cec2017,18,30,GF-Method,27,7380747841975477088,300000,300000,1841.295905713098,41.29590571309791,41.29590571309791,14.167222259973641
E3_cec2017,cec2017,18,30,GF-Method,28,4395655500902158127,300000,300000,1821.5103255939296,21.510325593929565,21.510325593929565,16.144473246997222
E3_cec2017,cec2017,18,30,GF-Method,29,5610086504090634189,300000,300000,1823.2073696308744,23.207369630874382,23.207369630874382,16.8711062700022
E3_cec2017,cec2017,21,30,GF-Method,0,6764226104194089559,300000,300000,2318.1465416176516,218.14654161765156,218.14654161765156,13.809487416991033
E3_cec2017,cec2017,21,30,GF-Method,1,1949529749738998959,300000,300000,2317.247148865245,217.24714886524498,217.24714886524498,13.868931741977576
E3_cec2017,cec2017,21,30,GF-Method,2,8825313918064179424,300000,300000,2318.522583826097,218.52258382609716,218.52258382609716,18.45937325397972
E3_cec2017,cec2017,21,30,GF-Method,3,1352631993009598605,300000,300000,2318.069432170048,218.069432170048,218.069432170048,12.75279150501592
E3_cec2017,cec2017,21,30,GF-Method,4,8358628823789872645,300000,300000,2320.3697004285923,220.3697004285923,220.3697004285923,18.25973128399346
E3_cec2017,cec2017,21,30,GF-Method,5,539901356589475636,300000,300000,2318.2227744117845,218.22277441178448,218.22277441178448,17.296953374985605
E3_cec2017,cec2017,21,30,GF-Method,6,6014736934665962590,300000,300000,2316.91429489948,216.91429489947996,216.91429489947996,16.53544598101871
E3_cec2017,cec2017,21,30,GF-Method,7,6219986152351789700,300000,300000,2313.795748224899,213.79574822489894,213.79574822489894,17.79918562801322
E3_cec2017,cec2017,21,30,GF-Method,8,4063897066185458974,300000,300000,2322.0203358820854,222.02033588208542,222.02033588208542,13.784136899979785
E3_cec2017,cec2017,21,30,GF-Method,9,5401143414842861038,300000,300000,2320.884159973333,220.88415997333323,220.88415997333323,16.616832681000233
E3_cec2017,cec2017,21,30,GF-Method,10,415289384087242547,300000,300000,2315.086597265529,215.08659726552878,215.08659726552878,18.028998036985286
E3_cec2017,cec2017,21,30,GF-Method,11,811830033198281563,300000,300000,2317.2645593105344,217.26455931053442,217.26455931053442,17.802414473961107
E3_cec2017,cec2017,21,30,GF-Method,12,354241883459805011,300000,300000,2317.4185248521585,217.4185248521585,217.4185248521585,17.47385776898591
E3_cec2017,cec2017,21,30,GF-Method,13,7071844048967685019,300000,300000,2318.144780388582,218.14478038858215,218.14478038858215,14.938988153007813
E3_cec2017,cec2017,21,30,GF-Method,14,3001044034092562438,300000,300000,2325.3834914426416,225.38349144264157,225.38349144264157,16.222797142982017
E3_cec2017,cec2017,21,30,GF-Method,15,4698846606949050238,300000,300000,2319.2885266050594,219.28852660505936,219.28852660505936,13.56043855700409
E3_cec2017,cec2017,21,30,GF-Method,16,1713269402037814441,300000,300000,2320.8982155130643,220.89821551306432,220.89821551306432,15.02484721201472
E3_cec2017,cec2017,21,30,GF-Method,17,300428684643555902,300000,300000,2317.282931357406,217.28293135740614,217.28293135740614,18.00900262297364
E3_cec2017,cec2017,21,30,GF-Method,18,3446909259515991213,300000,300000,2322.5590176566006,222.55901765660064,222.55901765660064,16.946570530999452
E3_cec2017,cec2017,21,30,GF-Method,19,8324063419830975626,300000,300000,2319.975461333295,219.9754613332948,219.9754613332948,17.793773896992207
E3_cec2017,cec2017,21,30,GF-Method,20,9196313400320249651,300000,300000,2318.6494038719907,218.64940387199067,218.64940387199067,17.779041985981166
E3_cec2017,cec2017,21,30,GF-Method,21,2509854847907048214,300000,300000,2321.7213681419707,221.72136814197074,221.72136814197074,15.721463394002058
E3_cec2017,cec2017,21,30,GF-Method,22,9044121422508481674,300000,300000,2315.7167099764342,215.71670997643423,215.71670997643423,16.736485483008437
E3_cec2017,cec2017,21,30,GF-Method,23,2648217236055605511,300000,300000,2317.330317004745,217.3303170047452,217.3303170047452,16.77073901996482
E3_cec2017,cec2017,21,30,GF-Method,24,802019456690019798,300000,300000,2320.6022593024936,220.60225930249362,220.60225930249362,14.809307613992132
E3_cec2017,cec2017,21,30,GF-Method,25,961020382110861000,300000,300000,2314.645892731024,214.6458927310241,214.6458927310241,18.046384466986638
E3_cec2017,cec2017,21,30,GF-Method,26,209244837676226807,300000,300000,2322.548678032624,222.54867803262414,222.54867803262414,15.889396351994947
E3_cec2017,cec2017,21,30,GF-Method,27,4637928488702454420,300000,300000,2317.3988640190164,217.3988640190164,217.3988640190164,14.995013545034453
E3_cec2017,cec2017,21,30,GF-Method,28,8416992541489037174,300000,300000,2320.6644068477776,220.66440684777763,220.66440684777763,16.942055783991236
E3_cec2017,cec2017,21,30,GF-Method,29,9075586846268913665,300000,300000,2318.272808295319,218.272808295319,218.272808295319,17.155591414019
E3_cec2017,cec2017,20,30,GF-Method,0,2293266206447189489,300000,300000,2042.5324078747624,42.532407874762384,42.532407874762384,18.827655158995185
E3_cec2017,cec2017,20,30,GF-Method,1,8991248650081658277,300000,300000,2046.2880079542704,46.28800795427037,46.28800795427037,18.833886075008195
E3_cec2017,cec2017,20,30,GF-Method,2,3270070234747088032,300000,300000,2060.2362962830102,60.23629628301023,60.23629628301023,18.180102229991462
E3_cec2017,cec2017,20,30,GF-Method,3,7004041567234136281,300000,300000,2036.9618909892586,36.96189098925856,36.96189098925856,17.247757091012318
E3_cec2017,cec2017,20,30,GF-Method,4,6305491350373610795,300000,300000,2037.9974059170095,37.99740591700947,37.99740591700947,12.999340275011491
E3_cec2017,cec2017,20,30,GF-Method,5,2984307430132226897,300000,300000,2036.3002352546114,36.30023525461138,36.30023525461138,17.919810343999416
E3_cec2017,cec2017,20,30,GF-Method,6,6275827475989393094,300000,300000,2043.4268432734552,43.42684327345523,43.42684327345523,14.20043645601254
E3_cec2017,cec2017,20,30,GF-Method,7,5662716714378222288,300000,300000,2049.8658520876756,49.86585208767565,49.86585208767565,14.843770973035134
E3_cec2017,cec2017,20,30,GF-Method,8,5561568521990698118,300000,300000,2036.7935004541168,36.79350045411684,36.79350045411684,12.749000673997216
E3_cec2017,cec2017,20,30,GF-Method,9,5836889660823492323,300000,300000,2032.9212380164124,32.92123801641242,32.92123801641242,14.143835023976862
E3_cec2017,cec2017,20,30,GF-Method,10,8691067088158829215,300000,300000,2040.9937650508107,40.99376505081068,40.99376505081068,18.422732520964928
E3_cec2017,cec2017,20,30,GF-Method,11,4000957863638955976,300000,300000,2044.54779309976,44.54779309975993,44.54779309975993,18.58521310100332
E3_cec2017,cec2017,20,30,GF-Method,12,5216631163932605353,300000,300000,2041.0018563196013,41.0018563196013,41.0018563196013,15.862581227032933
E3_cec2017,cec2017,20,30,GF-Method,13,2777666735478146252,300000,300000,2041.5145548449095,41.514554844909526,41.514554844909526,17.060908396029845
E3_cec2017,cec2017,20,30,GF-Method,14,6329637935678220845,300000,300000,2045.8547299993318,45.85472999933177,45.85472999933177,18.707550269027706
E3_cec2017,cec2017,20,30,GF-Method,15,6113044482911489528,300000,300000,2042.8538542165477,42.85385421654769,42.85385421654769,18.457799312018324
E3_cec2017,cec2017,20,30,GF-Method,16,1607660656498573902,300000,300000,2031.9152852812886,31.91528528128856,31.91528528128856,17.37438985600602
E3_cec2017,cec2017,20,30,GF-Method,17,1013262811243228255,300000,300000,2041.217708528232,41.217708528231924,41.217708528231924,17.55028826300986
E3_cec2017,cec2017,20,30,GF-Method,18,1906179874591994136,300000,300000,2039.7449860313602,39.74498603136021,39.74498603136021,18.224511454987805
E3_cec2017,cec2017,20,30,GF-Method,19,6260381115067587164,300000,300000,2052.542472287785,52.54247228778513,52.54247228778513,16.46446388598997
E3_cec2017,cec2017,20,30,GF-Method,20,9205444483171040026,300000,300000,2043.8977231470265,43.897723147026454,43.897723147026454,16.488260508980602
E3_cec2017,cec2017,20,30,GF-Method,21,3330842600125516251,300000,300000,2057.3817977438134,57.38179774381342,57.38179774381342,17.79461945395451
E3_cec2017,cec2017,20,30,GF-Method,22,3003883814550732698,300000,300000,2050.8731345507626,50.87313455076264,50.87313455076264,18.214686986990273
E3_cec2017,cec2017,20,30,GF-Method,23,5397165103321797185,300000,300000,2079.4675815708924,79.46758157089243,79.46758157089243,15.695656360010616
E3_cec2017,cec2017,20,30,GF-Method,24,7848748096481547106,300000,300000,2034.9196613407096,34.91966134070958,34.91966134070958,18.033462280000094
E3_cec2017,cec2017,20,30,GF-Method,25,228698479299355094,300000,300000,2039.3660267623186,39.3660267623186,39.3660267623186,18.71157286304515
E3_cec2017,cec2017,20,30,GF-Method,26,4106954394741869510,300000,300000,2034.9623788052866,34.96237880528656,34.96237880528656,18.612608444003854
E3_cec2017,cec2017,20,30,GF-Method,27,4755737272166149038,300000,300000,2049.5808656602558,49.58086566025577,49.58086566025577,17.0960688929772
E3_cec2017,cec2017,20,30,GF-Method,28,5582762306984976941,300000,300000,2061.7082910702416,61.70829107024156,61.70829107024156,18.543163121968973
E3_cec2017,cec2017,20,30,GF-Method,29,2558551408718716085,300000,300000,2047.5376880400681,47.53768804006813,47.53768804006813,15.44045343803009
E3_cec2017,cec2017,22,30,GF-Method,0,240602010702000757,300000,300000,2300.0000000000005,100.00000000000045,100.00000000000045,18.82275558897527
E3_cec2017,cec2017,22,30,GF-Method,1,4745249952112555742,300000,300000,2300.0000000000064,100.00000000000637,100.00000000000637,17.253286571998615
E3_cec2017,cec2017,22,30,GF-Method,2,7489724990858549379,300000,300000,2300.0000000000005,100.00000000000045,100.00000000000045,17.05378221999854
E3_cec2017,cec2017,22,30,GF-Method,3,3143288744190737403,300000,300000,2300.000000000001,100.00000000000091,100.00000000000091,15.980649136996362
E3_cec2017,cec2017,22,30,GF-Method,4,1259369703101041611,300000,300000,2300.0000000000114,100.00000000001137,100.00000000001137,13.320955469971523
E3_cec2017,cec2017,22,30,GF-Method,5,9167871671237195285,300000,300000,2300.000000000001,100.00000000000091,100.00000000000091,17.314204611990135
E3_cec2017,cec2017,22,30,GF-Method,6,2370617843136340836,300000,300000,2300.0000000000005,100.00000000000045,100.00000000000045,16.053871383948717
E3_cec2017,cec2017,22,30,GF-Method,7,5170837022206725310,300000,300000,2300.000000000001,100.00000000000091,100.00000000000091,15.60859807295492
E3_cec2017,cec2017,22,30,GF-Method,8,7484121303448578425,300000,300000,2300.0000000000005,100.00000000000045,100.00000000000045,18.42452163604321
E3_cec2017,cec2017,22,30,GF-Method,9,6058296146383792677,300000,300000,2300.0000000000005,100.00000000000045,100.00000000000045,19.320625631022267
E3_cec2017,cec2017,22,30,GF-Method,10,8936556823493949046,300000,300000,2300.0000000000005,100.00000000000045,100.00000000000045,17.27963446098147
E3_cec2017,cec2017,22,30,GF-Method,11,2196509340720667958,300000,300000,2300.0000000000005,100.00000000000045,100.00000000000045,17.20511309703579
E3_cec2017,cec2017,22,30,GF-Method,12,5054435612856793814,300000,300000,2300.0000000000005,100.00000000000045,100.00000000000045,17.106763120973483
E3_cec2017,cec2017,22,30,GF-Method,13,8789355581739802683,300000,300000,2300.0000000000005,100.00000000000045,100.00000000000045,18.2208485850133
E3_cec2017,cec2017,22,30,GF-Method,14,1790535387083225019,300000,300000,2300.0000000000005,100.00000000000045,100.00000000000045,16.116366840025876
E3_cec2017,cec2017,22,30,GF-Method,15,1644171361414034407,300000,300000,2300.0000000000005,100.00000000000045,100.00000000000045,13.44094815000426
E3_cec2017,cec2017,22,30,GF-Method,16,2318559807924168943,300000,300000,2300.0000000000005,100.00000000000045,100.00000000000045,17.475563778018113
E3_cec2017,cec2017,22,30,GF-Method,17,1257134503150352273,300000,300000,2300.0000000000005,100.00000000000045,100.00000000000045,16.605131093005184
E3_cec2017,cec2017,22,30,GF-Method,18,1277252512088998630,300000,300000,2300.0000000000005,100.00000000000045,100.00000000000045,19.182318670966197
E3_cec2017,cec2017,22,30,GF-Method,19,240507447259643798,300000,300000,2300.0000000000005,100.00000000000045,100.00000000000045,18.428380193014164
E3_cec2017,cec2017,22,30,GF-Method,20,668485635524415809,300000,300000,2300.000000000001,100.00000000000091,100.00000000000091,18.305300423002336
E3_cec2017,cec2017,22,30,GF-Method,21,2144444323872050202,300000,300000,2300.000000000001,100.00000000000091,100.00000000000091,17.642721942975186
E3_cec2017,cec2017,22,30,GF-Method,22,3759431569491240130,300000,300000,2300.0000000000005,100.00000000000045,100.00000000000045,14.109961180016398
E3_cec2017,cec2017,22,30,GF-Method,23,4204097609447945791,300000,300000,2300.0000000000005,100.00000000000045,100.00000000000045,17.437852145987563
E3_cec2017,cec2017,22,30,GF-Method,24,3738148453701275200,300000,300000,2300.0000000000005,100.00000000000045,100.00000000000045,19.622499339049682
E3_cec2017,cec2017,22,30,GF-Method,25,2170273185964353065,300000,300000,2300.0000000000005,100.00000000000045,100.00000000000045,18.710231487988494
E3_cec2017,cec2017,22,30,GF-Method,26,7856923852163031121,300000,300000,2300.000000000001,100.00000000000091,100.00000000000091,19.182339570019394
E3_cec2017,cec2017,22,30,GF-Method,27,1451294260977017199,300000,300000,2300.0000000000005,100.00000000000045,100.00000000000045,18.38997320702765
E3_cec2017,cec2017,22,30,GF-Method,28,5413627471426368882,300000,300000,2300.0000000000014,100.00000000000136,100.00000000000136,19.46600864303764
E3_cec2017,cec2017,22,30,GF-Method,29,636722146907031596,300000,300000,2300.0000000000005,100.00000000000045,100.00000000000045,17.316526305978186
E3_cec2017,cec2017,25,30,GF-Method,0,8963804902560484763,300000,300000,2886.833117928576,386.83311792857603,386.83311792857603,16.407765181036666
E3_cec2017,cec2017,25,30,GF-Method,1,4788604258371160712,300000,300000,2886.9617771578246,386.9617771578246,386.9617771578246,16.41052287298953
E3_cec2017,cec2017,25,30,GF-Method,2,4173717896627430231,300000,300000,2886.7866018699906,386.7866018699906,386.7866018699906,18.55896600196138
E3_cec2017,cec2017,25,30,GF-Method,3,1527818634932344181,300000,300000,2886.9422027971796,386.94220279717956,386.94220279717956,18.69505693600513
E3_cec2017,cec2017,25,30,GF-Method,4,251740872117850350,300000,300000,2886.770834305281,386.7708343052809,386.7708343052809,17.11477357597323
E3_cec2017,cec2017,25,30,GF-Method,5,6879648583556020568,300000,300000,2886.878737452645,386.87873745264505,386.87873745264505,16.65995198697783
E3_cec2017,cec2017,25,30,GF-Method,6,5449512663726957187,300000,300000,2886.867798219148,386.86779821914797,386.86779821914797,17.380607947998215
E3_cec2017,cec2017,25,30,GF-Method,7,5704830584609421319,300000,300000,2887.0134145947673,387.01341459476726,387.01341459476726,15.952172114979476
E3_cec2017,cec2017,25,30,GF-Method,8,6725473258531749918,300000,300000,2886.8363591570574,386.83635915705736,386.83635915705736,17.52157833398087
E3_cec2017,cec2017,25,30,GF-Method,9,5654716049081300074,300000,300000,2886.8118616385545,386.81186163855455,386.81186163855455,17.737435718998313
E3_cec2017,cec2017,25,30,GF-Method,10,960836908052959301,300000,300000,2886.8683324040057,386.86833240400574,386.86833240400574,15.812939458992332
E3_cec2017,cec2017,25,30,GF-Method,11,404874009749146971,300000,300000,2886.8132285182005,386.8132285182005,386.8132285182005,18.058783742948435
E3_cec2017,cec2017,25,30,GF-Method,12,869227425114189355,300000,300000,2886.854852373418,386.854852373418,386.854852373418,16.700789591996
E3_cec2017,cec2017,25,30,GF-Method,13,4694712065834227665,300000,300000,2886.952238688835,386.9522386888352,386.9522386888352,16.429765926965047
E3_cec2017,cec2017,25,30,GF-Method,14,242271382995131925,300000,300000,2886.8209363189753,386.8209363189753,386.8209363189753,18.696121413027868
E3_cec2017,cec2017,25,30,GF-Method,15,7903562271081464526,300000,300000,2886.9784149261045,386.9784149261045,386.9784149261045,16.652463521051686
E3_cec2017,cec2017,25,30,GF-Method,16,8155455778290765689,300000,300000,2886.84121372949,386.84121372948994,386.84121372948994,19.27140267804498
E3_cec2017,cec2017,25,30,GF-Method,17,4897931167124516811,300000,300000,2887.1841903680943,387.1841903680943,387.1841903680943,17.189585302956402
E3_cec2017,cec2017,25,30,GF-Method,18,193317966259477704,300000,300000,2887.0388825961436,387.0388825961436,387.0388825961436,15.541487779992167
E3_cec2017,cec2017,25,30,GF-Method,19,6166755744788907735,300000,300000,2886.955673946489,386.9556739464888,386.9556739464888,18.369342801976018
E3_cec2017,cec2017,25,30,GF-Method,20,6450411561215626189,300000,300000,2886.9853032397314,386.98530323973137,386.98530323973137,19.074630549002904
E3_cec2017,cec2017,25,30,GF-Method,21,5807383587851353604,300000,300000,2886.7847636989827,386.7847636989827,386.7847636989827,19.02041374903638
E3_cec2017,cec2017,25,30,GF-Method,22,2266994127395579148,300000,300000,2886.899914897042,386.899914897042,386.899914897042,18.974832787003834
E3_cec2017,cec2017,25,30,GF-Method,23,1858826822089361872,300000,300000,2886.912419506582,386.91241950658195,386.91241950658195,17.610064058972057
E3_cec2017,cec2017,25,30,GF-Method,24,8513232826115853559,300000,300000,2887.0467774928184,387.04677749281836,387.04677749281836,16.452789820032194
E3_cec2017,cec2017,25,30,GF-Method,25,7365474171595171521,300000,300000,2886.906441084735,386.906441084735,386.906441084735,19.305756872985512
E3_cec2017,cec2017,25,30,GF-Method,26,5722050847220890246,300000,300000,2887.1568316926905,387.1568316926905,387.1568316926905,18.44457599002635
E3_cec2017,cec2017,25,30,GF-Method,27,2204089006549147219,300000,300000,2886.8964185068035,386.89641850680346,386.89641850680346,13.351451038033701
E3_cec2017,cec2017,25,30,GF-Method,28,635539158160358189,300000,300000,2887.1451641047397,387.1451641047397,387.1451641047397,18.10273782396689
E3_cec2017,cec2017,25,30,GF-Method,29,988962851387891695,300000,300000,2886.8385595044406,386.8385595044406,386.8385595044406,15.981717952003237
E3_cec2017,cec2017,24,30,GF-Method,0,8273876868098963728,300000,300000,2840.5584206980743,440.5584206980743,440.5584206980743,19.210248876013793
E3_cec2017,cec2017,24,30,GF-Method,1,3081387220476736375,300000,300000,2842.1372837209474,442.1372837209474,442.1372837209474,19.13603374705417
E3_cec2017,cec2017,24,30,GF-Method,2,27985792286877337,300000,300000,2837.256689538526,437.2566895385262,437.2566895385262,19.68311983998865
E3_cec2017,cec2017,24,30,GF-Method,3,5808109549586830703,300000,300000,2847.7871363517825,447.78713635178246,447.78713635178246,19.292512390995398
E3_cec2017,cec2017,24,30,GF-Method,4,5567356246364934856,300000,300000,2834.399718001995,434.3997180019951,434.3997180019951,15.154182655038312
E3_cec2017,cec2017,24,30,GF-Method,5,2414396379846803478,300000,300000,2838.3734397644585,438.37343976445845,438.37343976445845,14.359942878014408
E3_cec2017,cec2017,24,30,GF-Method,6,6367757049841529985,300000,300000,2839.407595111357,439.40759511135684,439.40759511135684,17.54504979698686
E3_cec2017,cec2017,24,30,GF-Method,7,2411978576188332601,300000,300000,2851.9603362333337,451.9603362333337,451.9603362333337,16.442448222951498
E3_cec2017,cec2017,24,30,GF-Method,8,7226486249771941667,300000,300000,2842.421304084274,442.4213040842742,442.4213040842742,17.79752974200528
E3_cec2017,cec2017,24,30,GF-Method,9,1297527253265611581,300000,300000,2832.8556040867343,432.8556040867343,432.8556040867343,17.054849672014825
E3_cec2017,cec2017,24,30,GF-Method,10,6211053670953919518,300000,300000,2832.048995584654,432.0489955846542,432.0489955846542,19.052819069009274
E3_cec2017,cec2017,24,30,GF-Method,11,2866002671499970067,300000,300000,2843.4384187949836,443.4384187949836,443.4384187949836,17.313882096030284
E3_cec2017,cec2017,24,30,GF-Method,12,1561449711914596080,300000,300000,2835.214345399686,435.21434539968595,435.21434539968595,17.04849853896303
E3_cec2017,cec2017,24,30,GF-Method,13,6330223998250203358,300000,300000,2838.88614932174,438.88614932174005,438.88614932174005,16.844099114998244
E3_cec2017,cec2017,24,30,GF-Method,14,5162771313052651897,300000,300000,2849.217731130267,449.2177311302671,449.2177311302671,16.53624317602953
E3_cec2017,cec2017,24,30,GF-Method,15,4525839008349920638,300000,300000,2836.9124634638943,436.91246346389426,436.91246346389426,19.61929564998718
E3_cec2017,cec2017,24,30,GF-Method,16,5914615299668300944,300000,300000,2840.669348870726,440.669348870726,440.669348870726,19.07523703703191
E3_cec2017,cec2017,24,30,GF-Method,17,2938100271476144624,300000,300000,2830.5842257628833,430.5842257628833,430.5842257628833,18.894429542007856
E3_cec2017,cec2017,24,30,GF-Method,18,8641223039764637392,300000,300000,2840.0209717849693,440.02097178496933,440.02097178496933,17.139572649030015
E3_cec2017,cec2017,24,30,GF-Method,19,8373804848154043682,300000,300000,2842.0348283863373,442.03482838633727,442.03482838633727,19.288675384013914
E3_cec2017,cec2017,24,30,GF-Method,20,6251320098749491087,300000,300000,2838.2171205995514,438.21712059955144,438.21712059955144,15.823124921997078
E3_cec2017,cec2017,24,30,GF-Method,21,7780354800097679940,300000,300000,2841.395167443528,441.39516744352795,441.39516744352795,18.969831827038433
E3_cec2017,cec2017,24,30,GF-Method,22,7630163811728730601,300000,300000,2832.528804133182,432.5288041331819,432.5288041331819,19.08721897000214
E3_cec2017,cec2017,24,30,GF-Method,23,2157776785015655584,300000,300000,2839.3995505471808,439.39955054718075,439.39955054718075,19.676439730043057
E3_cec2017,cec2017,24,30,GF-Method,24,7661655545399812917,300000,300000,2829.0751114571826,429.07511145718263,429.07511145718263,17.796029618999455
E3_cec2017,cec2017,24,30,GF-Method,25,3315563023783007473,300000,300000,2842.5025126954133,442.5025126954133,442.5025126954133,17.073998646985274
E3_cec2017,cec2017,24,30,GF-Method,26,2978140404724071882,300000,300000,2841.241111074144,441.2411110741441,441.2411110741441,18.848857566015795
E3_cec2017,cec2017,24,30,GF-Method,27,7563108541031658504,300000,300000,2825.5507083990333,425.5507083990333,425.5507083990333,17.903481536952313
E3_cec2017,cec2017,24,30,GF-Method,28,2250674008082466090,300000,300000,2830.1967371263077,430.19673712630765,430.19673712630765,18.553645372972824
E3_cec2017,cec2017,24,30,GF-Method,29,3410786626929843107,300000,300000,2842.9737037743726,442.97370377437255,442.97370377437255,17.823808249959257
E3_cec2017,cec2017,23,30,GF-Method,0,2594067429288113006,300000,300000,2668.479040880697,368.4790408806971,368.4790408806971,18.014558453985956
E3_cec2017,cec2017,23,30,GF-Method,1,608346249461135087,300000,300000,2672.3808459826028,372.38084598260275,372.38084598260275,19.646466523001436
E3_cec2017,cec2017,23,30,GF-Method,2,7895625614756390785,300000,300000,2658.79307635217,358.7930763521699,358.7930763521699,19.562548514979426
E3_cec2017,cec2017,23,30,GF-Method,3,5868617506688371274,300000,300000,2670.421319959849,370.4213199598489,370.4213199598489,17.83989082503831
E3_cec2017,cec2017,23,30,GF-Method,4,2029920213380675114,300000,300000,2674.6333026497355,374.63330264973547,374.63330264973547,15.693529351032339
E3_cec2017,cec2017,23,30,GF-Method,5,3995018865669882150,300000,300000,2670.653576977492,370.65357697749187,370.65357697749187,17.579345052014105
E3_cec2017,cec2017,23,30,GF-Method,6,2845504426445404548,300000,300000,2671.130898672458,371.130898672458,371.130898672458,20.031569846963976
E3_cec2017,cec2017,23,30,GF-Method,7,7084058690981159248,300000,300000,2676.527903476074,376.5279034760738,376.5279034760738,20.624526785046328
E3_cec2017,cec2017,23,30,GF-Method,8,864268755523260849,300000,300000,2670.6323919937845,370.6323919937845,370.6323919937845,18.84231177897891
E3_cec2017,cec2017,23,30,GF-Method,9,7501839524568592390,300000,300000,2669.0855427944643,369.08554279446435,369.08554279446435,17.896131852001417
E3_cec2017,cec2017,23,30,GF-Method,10,955315683130418925,300000,300000,2673.4746597287976,373.47465972879763,373.47465972879763,19.983249537006486
E3_cec2017,cec2017,23,30,GF-Method,11,3825165469501528876,300000,300000,2669.6559761582785,369.65597615827846,369.65597615827846,20.223921193974093
E3_cec2017,cec2017,23,30,GF-Method,12,4263869162146579880,300000,300000,2657.3055010489593,357.3055010489593,357.3055010489593,20.519952283997554
E3_cec2017,cec2017,23,30,GF-Method,13,6652885990052667853,300000,300000,2665.0129036069916,365.0129036069916,365.0129036069916,17.484259647957515
E3_cec2017,cec2017,23,30,GF-Method,14,3333300521833700422,300000,300000,2658.4281518354765,358.42815183547646,358.42815183547646,20.18182195199188
E3_cec2017,cec2017,23,30,GF-Method,15,6996004035066310890,300000,300000,2670.522579347088,370.52257934708814,370.52257934708814,20.29276638000738
E3_cec2017,cec2017,23,30,GF-Method,16,1355152937506485799,300000,300000,2671.00779497194,371.0077949719398,371.0077949719398,16.620560912997462
E3_cec2017,cec2017,23,30,GF-Method,17,3867012397465283174,300000,300000,2668.5040789506015,368.5040789506015,368.5040789506015,16.824687676969916
E3_cec2017,cec2017,23,30,GF-Method,18,5552394301373926192,300000,300000,2681.4183091436785,381.41830914367847,381.41830914367847,19.617864947009366
E3_cec2017,cec2017,23,30,GF-Method,19,6310465099617133259,300000,300000,2667.490241304668,367.49024130466796,367.49024130466796,19.427929911995307
E3_cec2017,cec2017,23,30,GF-Method,20,5292057993543577003,300000,300000,2667.666658291734,367.66665829173417,367.66665829173417,16.47395909501938
E3_cec2017,cec2017,23,30,GF-Method,21,2352063585406170992,300000,300000,2666.562333407979,366.56233340797917,366.56233340797917,19.288188521983102
E3_cec2017,cec2017,23,30,GF-Method,22,304889828834769639,300000,300000,2671.735594313552,371.73559431355216,371.73559431355216,19.639506388048176
E3_cec2017,cec2017,23,30,GF-Method,23,7045640964942235338,300000,300000,2676.1199833472638,376.11998334726377,376.11998334726377,19.804385607945733
E3_cec2017,cec2017,23,30,GF-Method,24,5763733274108031603,300000,300000,2670.518640919745,370.51864091974494,370.51864091974494,19.844957635039464
E3_cec2017,cec2017,23,30,GF-Method,25,4526720551990255267,300000,300000,2665.710326834819,365.71032683481917,365.71032683481917,17.460123818949796
E3_cec2017,cec2017,23,30,GF-Method,26,3897819938221106442,300000,300000,2665.027744209211,365.02774420921105,365.02774420921105,17.883481645025313
E3_cec2017,cec2017,23,30,GF-Method,27,5705664076156500213,300000,300000,2666.7065722055604,366.7065722055604,366.7065722055604,17.25120420701569
E3_cec2017,cec2017,23,30,GF-Method,28,8904138221188514311,300000,300000,2662.5776160841037,362.57761608410374,362.57761608410374,19.45843869401142
E3_cec2017,cec2017,23,30,GF-Method,29,2697127673955033378,300000,300000,2666.7258651400202,366.72586514002023,366.72586514002023,19.927287964965217
E3_cec2017,cec2017,28,30,GF-Method,0,2640515026805553776,300000,300000,3203.2856806533273,403.2856806533273,403.2856806533273,16.507897981035057
E3_cec2017,cec2017,28,30,GF-Method,1,8718770697166731750,300000,300000,3203.2856806533264,403.2856806533264,403.2856806533264,20.079366114048753
E3_cec2017,cec2017,28,30,GF-Method,2,6838818302996848930,300000,300000,3203.285680653327,403.28568065332684,403.28568065332684,20.266075459017884
E3_cec2017,cec2017,28,30,GF-Method,3,2348185722427455496,300000,300000,3100.0000000000005,300.00000000000045,300.00000000000045,20.792915497964714
E3_cec2017,cec2017,28,30,GF-Method,4,2359309211922367463,300000,300000,3100.0000000000005,300.00000000000045,300.00000000000045,14.796037523949053
E3_cec2017,cec2017,28,30,GF-Method,5,1993582162046265808,300000,300000,3100.0000000000005,300.00000000000045,300.00000000000045,20.168360183015466
E3_cec2017,cec2017,28,30,GF-Method,6,7538104929986827956,300000,300000,3213.9751657736415,413.9751657736415,413.9751657736415,18.38280024298001
E3_cec2017,cec2017,28,30,GF-Method,7,4851475451327942185,300000,300000,3100.0000000000005,300.00000000000045,300.00000000000045,18.24342420703033
E3_cec2017,cec2017,28,30,GF-Method,8,736691800124305543,300000,300000,3100.0000000000005,300.00000000000045,300.00000000000045,20.402817204012536
E3_cec2017,cec2017,28,30,GF-Method,9,6260048604807474303,300000,300000,3213.9751657736415,413.9751657736415,413.9751657736415,18.3982775619952
E3_cec2017,cec2017,28,30,GF-Method,10,3915525474055964402,300000,300000,3100.0000000000005,300.00000000000045,300.00000000000045,15.393780738988426
E3_cec2017,cec2017,28,30,GF-Method,11,4291530627698954365,300000,300000,3100.0000000000005,300.00000000000045,300.00000000000045,17.74538338504499
E3_cec2017,cec2017,28,30,GF-Method,12,9090471158791247049,300000,300000,3203.2856806533273,403.2856806533273,403.2856806533273,19.545378319977317
E3_cec2017,cec2017,28,30,GF-Method,13,4701673907536506169,300000,300000,3100.000000000001,300.0000000000009,300.0000000000009,21.10167928901501
E3_cec2017,cec2017,28,30,GF-Method,14,5765784586963509745,300000,300000,3253.9302424542625,453.9302424542625,453.9302424542625,18.61780849704519
E3_cec2017,cec2017,28,30,GF-Method,15,8166060405717540565,300000,300000,3100.0000000000005,300.00000000000045,300.00000000000045,16.600028832966927
E3_cec2017,cec2017,28,30,GF-Method,16,4315721762373683865,300000,300000,3100.0000000000005,300.00000000000045,300.00000000000045,19.870474283990916
E3_cec2017,cec2017,28,30,GF-Method,17,5014923535131851734,300000,300000,3251.7112899451395,451.71128994513947,451.71128994513947,19.190874627965968
E3_cec2017,cec2017,28,30,GF-Method,18,2310092663769388879,300000,300000,3203.2856806533264,403.2856806533264,403.2856806533264,17.225365132966544
E3_cec2017,cec2017,28,30,GF-Method,19,8905005328495869961,300000,300000,3100.0000000000005,300.00000000000045,300.00000000000045,20.40738202497596
E3_cec2017,cec2017,28,30,GF-Method,20,108629901538270598,300000,300000,3100.0000000000005,300.00000000000045,300.00000000000045,18.82125623698812
E3_cec2017,cec2017,28,30,GF-Method,21,5805038209066222780,300000,300000,3100.0000000000005,300.00000000000045,300.00000000000045,17.626525875006337
E3_cec2017,cec2017,28,30,GF-Method,22,1564520896543128837,300000,300000,3100.0000000000005,300.00000000000045,300.00000000000045,16.921622599009424
E3_cec2017,cec2017,28,30,GF-Method,23,4010346075359502537,300000,300000,3213.9751657736415,413.9751657736415,413.9751657736415,17.87615102500422
E3_cec2017,cec2017,28,30,GF-Method,24,4553608991989342087,300000,300000,3100.0000000000005,300.00000000000045,300.00000000000045,17.986652944004163
E3_cec2017,cec2017,28,30,GF-Method,25,5656081981926288633,300000,300000,3100.0000000000005,300.00000000000045,300.00000000000045,17.89019401400583
E3_cec2017,cec2017,28,30,GF-Method,26,2947103528078573987,300000,300000,3100.0000000000005,300.00000000000045,300.00000000000045,18.58557298599044
E3_cec2017,cec2017,28,30,GF-Method,27,4095134052140588240,300000,300000,3100.0000000000005,300.00000000000045,300.00000000000045,19.32963524898514
E3_cec2017,cec2017,28,30,GF-Method,28,2004166559610140341,300000,300000,3100.0000000000005,300.00000000000045,300.00000000000045,17.780836521997117
E3_cec2017,cec2017,28,30,GF-Method,29,3754956675636942738,300000,300000,3100.000000000001,300.0000000000009,300.0000000000009,21.14957858901471
E3_cec2017,cec2017,27,30,GF-Method,0,814043926571854374,300000,300000,3199.9226818138986,499.92268181389863,499.92268181389863,21.827177030965686
E3_cec2017,cec2017,27,30,GF-Method,1,2480225258427118470,300000,300000,3203.429817744175,503.4298177441751,503.4298177441751,18.294729636982083
E3_cec2017,cec2017,27,30,GF-Method,2,1979840678648570360,300000,300000,3189.6335685048593,489.63356850485934,489.63356850485934,21.523276501975488
E3_cec2017,cec2017,27,30,GF-Method,3,1833502741186328376,300000,300000,3201.1024603867413,501.1024603867413,501.1024603867413,17.67480878502829
E3_cec2017,cec2017,27,30,GF-Method,4,7880919597314502150,300000,300000,3194.887164626288,494.8871646262878,494.8871646262878,20.524683859024663
E3_cec2017,cec2017,27,30,GF-Method,5,794495675749049170,300000,300000,3219.48097891414,519.48097891414,519.48097891414,20.29580843698932
E3_cec2017,cec2017,27,30,GF-Method,6,27380364810100053,300000,300000,3195.734769166078,495.73476916607797,495.73476916607797,19.41573872603476
E3_cec2017,cec2017,27,30,GF-Method,7,2201905958229142780,300000,300000,3206.2297504840367,506.2297504840367,506.2297504840367,19.748421561031137
E3_cec2017,cec2017,27,30,GF-Method,8,212926466352263237,300000,300000,3203.767548529956,503.767548529956,503.767548529956,19.41050651302794
E3_cec2017,cec2017,27,30,GF-Method,9,6805293648706222954,300000,300000,3206.9421747590213,506.9421747590213,506.9421747590213,18.120334218023345
E3_cec2017,cec2017,27,30,GF-Method,10,9221196823066293602,300000,300000,3198.3578319804246,498.35783198042463,498.35783198042463,19.838455839955714
E3_cec2017,cec2017,27,30,GF-Method,11,3149094741731082072,300000,300000,3202.9412118510113,502.9412118510113,502.9412118510113,19.886574181029573
E3_cec2017,cec2017,27,30,GF-Method,12,1406725786222195430,300000,300000,3199.5276706162035,499.5276706162035,499.5276706162035,20.560819434991572
E3_cec2017,cec2017,27,30,GF-Method,13,7276532985739734749,300000,300000,3197.838401203759,497.8384012037591,497.8384012037591,15.859777458012104
E3_cec2017,cec2017,27,30,GF-Method,14,2674708664655407145,300000,300000,3206.876530741798,506.876530741798,506.876530741798,19.14102299598744
E3_cec2017,cec2017,27,30,GF-Method,15,46562211297746069,300000,300000,3211.6452132727654,511.64521327276543,511.64521327276543,18.16323781904066
E3_cec2017,cec2017,27,30,GF-Method,16,311509967038283367,300000,300000,3208.206075015254,508.2060750152541,508.2060750152541,20.330300399975386
E3_cec2017,cec2017,27,30,GF-Method,17,2206774931409666487,300000,300000,3204.5043248477928,504.50432484779276,504.50432484779276,21.84802757902071
E3_cec2017,cec2017,27,30,GF-Method,18,646134140744820574,300000,300000,3204.924311634106,504.92431163410583,504.92431163410583,19.386397754016798
E3_cec2017,cec2017,27,30,GF-Method,19,386458839877086698,300000,300000,3211.8445077568967,511.84450775689675,511.84450775689675,18.69003579899436
E3_cec2017,cec2017,27,30,GF-Method,20,7568118632317052504,300000,300000,3189.162301442021,489.1623014420211,489.1623014420211,15.566022087004967
E3_cec2017,cec2017,27,30,GF-Method,21,5063860461408698462,300000,300000,3203.3619469979885,503.3619469979885,503.3619469979885,14.537270797009114
E3_cec2017,cec2017,27,30,GF-Method,22,5996032184282619196,300000,300000,3202.268509580057,502.26850958005707,502.26850958005707,16.69858942501014
E3_cec2017,cec2017,27,30,GF-Method,23,8256711728809470797,300000,300000,3207.279845500625,507.279845500625,507.279845500625,20.939938164956402
E3_cec2017,cec2017,27,30,GF-Method,24,4321275558792690817,300000,300000,3205.377887509987,505.377887509987,505.377887509987,20.323753211006988
E3_cec2017,cec2017,27,30,GF-Method,25,8248901678189857326,300000,300000,3204.233882365687,504.2338823656869,504.2338823656869,19.486389549041633
E3_cec2017,cec2017,27,30,GF-Method,26,4445061311547397516,300000,300000,3199.4083711182166,499.40837111821656,499.40837111821656,19.21566517499741
E3_cec2017,cec2017,27,30,GF-Method,27,1180629426117916129,300000,300000,3205.929444382376,505.929444382376,505.929444382376,14.862994508992415
E3_cec2017,cec2017,27,30,GF-Method,28,6768960635926818349,300000,300000,3192.0656073096306,492.06560730963065,492.06560730963065,18.666499143000692
E3_cec2017,cec2017,27,30,GF-Method,29,3183579074100457575,300000,300000,3206.0617231901206,506.0617231901206,506.0617231901206,18.75868107000133
E3_cec2017,cec2017,26,30,GF-Method,0,7011570521414071081,300000,300000,3717.1294367578785,1117.1294367578785,1117.1294367578785,20.484848662978038
E3_cec2017,cec2017,26,30,GF-Method,1,8901248868584275324,300000,300000,3828.738953269769,1228.738953269769,1228.738953269769,20.454717178014107
E3_cec2017,cec2017,26,30,GF-Method,2,7540188241810101726,300000,300000,3675.1563517379304,1075.1563517379304,1075.1563517379304,21.35317631997168
E3_cec2017,cec2017,26,30,GF-Method,3,7012457206697705690,300000,300000,3692.6992638121483,1092.6992638121483,1092.6992638121483,19.63810357596958
E3_cec2017,cec2017,26,30,GF-Method,4,3421104296274020694,300000,300000,3731.585443431125,1131.585443431125,1131.585443431125,20.23805241798982
E3_cec2017,cec2017,26,30,GF-Method,5,2263238422185763391,300000,300000,3743.455235389576,1143.455235389576,1143.455235389576,17.987145918945316
E3_cec2017,cec2017,26,30,GF-Method,6,1357551583770447480,300000,300000,3790.3050330119167,1190.3050330119167,1190.3050330119167,20.983490583021194
E3_cec2017,cec2017,26,30,GF-Method,7,53750229248936314,300000,300000,3665.7762188368174,1065.7762188368174,1065.7762188368174,21.16246363701066
E3_cec2017,cec2017,26,30,GF-Method,8,4987509413282121507,300000,300000,3725.5649946590515,1125.5649946590515,1125.5649946590515,18.91045722301351
E3_cec2017,cec2017,26,30,GF-Method,9,2686181208241361563,300000,300000,3742.2435443832183,1142.2435443832183,1142.2435443832183,20.246997996990103
E3_cec2017,cec2017,26,30,GF-Method,10,8037076559281672429,300000,300000,3696.5988910426954,1096.5988910426954,1096.5988910426954,16.70881746901432
E3_cec2017,cec2017,26,30,GF-Method,11,8354102210571259044,300000,300000,3652.7701896706167,1052.7701896706167,1052.7701896706167,19.97021868696902
E3_cec2017,cec2017,26,30,GF-Method,12,5716762543556349250,300000,300000,3737.706810229317,1137.706810229317,1137.706810229317,19.65266665199306
E3_cec2017,cec2017,26,30,GF-Method,13,129899617302398934,300000,300000,3683.8410121746547,1083.8410121746547,1083.8410121746547,18.342248232977
E3_cec2017,cec2017,26,30,GF-Method,14,2110383187294721242,300000,300000,3736.496730534577,1136.4967305345772,1136.4967305345772,17.54271189298015
E3_cec2017,cec2017,26,30,GF-Method,15,5463241526264405633,300000,300000,3737.2305679753954,1137.2305679753954,1137.2305679753954,19.48086670099292
E3_cec2017,cec2017,26,30,GF-Method,16,2438172055370838841,300000,300000,3848.8907541347903,1248.8907541347903,1248.8907541347903,18.354620008030906
E3_cec2017,cec2017,26,30,GF-Method,17,8093957683849899362,300000,300000,3753.6645419061188,1153.6645419061188,1153.6645419061188,15.913232769002207
E3_cec2017,cec2017,26,30,GF-Method,18,8167616167942598118,300000,300000,3726.6201825835783,1126.6201825835783,1126.6201825835783,16.314281521947123
E3_cec2017,cec2017,26,30,GF-Method,19,8864603518268363794,300000,300000,3694.4649485864147,1094.4649485864147,1094.4649485864147,19.801896628981922
E3_cec2017,cec2017,26,30,GF-Method,20,1040505819356622780,300000,300000,3852.5587637471344,1252.5587637471344,1252.5587637471344,19.37775317003252
E3_cec2017,cec2017,26,30,GF-Method,21,2591235721210000707,300000,300000,3773.364373656277,1173.3643736562772,1173.3643736562772,20.895119933004025
E3_cec2017,cec2017,26,30,GF-Method,22,7430969467305766606,300000,300000,3752.735322604308,1152.7353226043078,1152.7353226043078,20.109813922957983
E3_cec2017,cec2017,26,30,GF-Method,23,3970280047498925535,300000,300000,3672.183368291491,1072.1833682914912,1072.1833682914912,20.532077927025966
E3_cec2017,cec2017,26,30,GF-Method,24,4621152994094992100,300000,300000,3744.423075953497,1144.4230759534971,1144.4230759534971,21.315047313983086
E3_cec2017,cec2017,26,30,GF-Method,25,4467672984999969360,300000,300000,3755.685920441951,1155.685920441951,1155.685920441951,16.380136300052982
E3_cec2017,cec2017,26,30,GF-Method,26,8726139474623257478,300000,300000,3757.2588905971634,1157.2588905971634,1157.2588905971634,18.051517023995984
E3_cec2017,cec2017,26,30,GF-Method,27,2280983741881773165,300000,300000,3801.3194741641364,1201.3194741641364,1201.3194741641364,21.140455396962352
E3_cec2017,cec2017,26,30,GF-Method,28,5500932894960526178,300000,300000,3678.892023474127,1078.8920234741272,1078.8920234741272,20.842340859991964
E3_cec2017,cec2017,26,30,GF-Method,29,2359203697420126892,300000,300000,3858.875388530929,1258.8753885309288,1258.8753885309288,17.97192904696567
E3_cec2017,cec2017,29,30,GF-Method,0,13081266822648417,300000,300000,3340.6042762209054,440.6042762209054,440.6042762209054,16.43928972899448
E3_cec2017,cec2017,29,30,GF-Method,1,285853677116381744,300000,300000,3355.463552924908,455.4635529249081,455.4635529249081,18.914195796009153
E3_cec2017,cec2017,29,30,GF-Method,2,1445650625459943828,300000,300000,3333.4024386486003,433.4024386486003,433.4024386486003,20.20700029702857
E3_cec2017,cec2017,29,30,GF-Method,3,3208324934130121277,300000,300000,3350.1992597569765,450.1992597569765,450.1992597569765,20.631219659000635
E3_cec2017,cec2017,29,30,GF-Method,4,7916524292324716849,300000,300000,3352.316160059755,452.316160059755,452.316160059755,18.84189054899616
E3_cec2017,cec2017,29,30,GF-Method,5,7831249428019186628,300000,300000,3360.4068990629357,460.40689906293574,460.40689906293574,20.188716042030137
E3_cec2017,cec2017,29,30,GF-Method,6,5881022673835500877,300000,300000,3330.4685498365498,430.46854983654976,430.46854983654976,19.964101672987454
E3_cec2017,cec2017,29,30,GF-Method,7,4599927455467661939,300000,300000,3360.1800189257806,460.1800189257806,460.1800189257806,18.271971321024466
E3_cec2017,cec2017,29,30,GF-Method,8,1219478712948789341,300000,300000,3375.2705725583646,475.2705725583646,475.2705725583646,17.290966023982037
E3_cec2017,cec2017,29,30,GF-Method,9,1422882354399882935,300000,300000,3354.6327983130204,454.63279831302043,454.63279831302043,18.566865978995338
E3_cec2017,cec2017,29,30,GF-Method,10,2856522726945626637,300000,300000,3356.3430820792605,456.3430820792605,456.3430820792605,20.619828834023792
E3_cec2017,cec2017,29,30,GF-Method,11,7934097737060158333,300000,300000,3346.1953187133677,446.19531871336767,446.19531871336767,20.660152013995685
E3_cec2017,cec2017,29,30,GF-Method,12,77801132102044849,300000,300000,3361.4939657178147,461.4939657178147,461.4939657178147,20.823990541975945
E3_cec2017,cec2017,29,30,GF-Method,13,6302771036593081727,300000,300000,3356.970879190123,456.970879190123,456.970879190123,19.4084276430076
E3_cec2017,cec2017,29,30,GF-Method,14,6449103350905585275,300000,300000,3351.66978528434,451.6697852843399,451.6697852843399,18.46604029898299
E3_cec2017,cec2017,29,30,GF-Method,15,2710780606193099723,300000,300000,3379.53409965433,479.53409965433,479.53409965433,20.19086537399562
E3_cec2017,cec2017,29,30,GF-Method,16,4880001866451820508,300000,300000,3344.64572837821,444.64572837821015,444.64572837821015,15.662548063031863
E3_cec2017,cec2017,29,30,GF-Method,17,7135623737763801283,300000,300000,3362.256711842314,462.25671184231396,462.25671184231396,20.48200179298874
E3_cec2017,cec2017,29,30,GF-Method,18,6253123780444695747,300000,300000,3343.4654735539075,443.4654735539075,443.4654735539075,20.09884172299644
E3_cec2017,cec2017,29,30,GF-Method,19,221310251026434967,300000,300000,3366.6393428946362,466.63934289463623,466.63934289463623,20.00402282003779
E3_cec2017,cec2017,29,30,GF-Method,20,2251805463846197463,300000,300000,3346.121642074243,446.121642074243,446.121642074243,19.118312218983192
E3_cec2017,cec2017,29,30,GF-Method,21,2384482189738588302,300000,300000,3358.33327001041,458.33327001041016,458.33327001041016,18.49798126798123
E3_cec2017,cec2017,29,30,GF-Method,22,1467366116564849863,300000,300000,3351.4944122558963,451.49441225589635,451.49441225589635,17.335220758977812
E3_cec2017,cec2017,29,30,GF-Method,23,4405285464131507531,300000,300000,3330.1440587490733,430.14405874907334,430.14405874907334,16.776996285945643
E3_cec2017,cec2017,29,30,GF-Method,24,317605412198217658,300000,300000,3273.8758193147078,373.87581931470777,373.87581931470777,19.14428924198728
E3_cec2017,cec2017,29,30,GF-Method,25,6097671512600522792,300000,300000,3340.481040539621,440.48104053962106,440.48104053962106,17.53931260603713
E3_cec2017,cec2017,29,30,GF-Method,26,6159249515748222758,300000,300000,3343.151386283097,443.15138628309705,443.15138628309705,18.37992093298817
E3_cec2017,cec2017,29,30,GF-Method,27,8055428926449341136,300000,300000,3352.8543217188667,452.8543217188667,452.8543217188667,17.357908773992676
E3_cec2017,cec2017,29,30,GF-Method,28,7719968160359234939,300000,300000,3371.7656680012706,471.76566800127057,471.76566800127057,17.642976630013436
E3_cec2017,cec2017,29,30,GF-Method,29,2420472942041705139,300000,300000,3337.3865438772923,437.3865438772923,437.3865438772923,20.26290264801355
E3_cec2017,cec2017,19,30,GF-Method,0,8114412801202660676,300000,300000,1904.6900682559585,4.690068255958522,4.690068255958522,24.33193113101879
E3_cec2017,cec2017,19,30,GF-Method,1,800291343830554522,300000,300000,1905.7124114242383,5.712411424238326,5.712411424238326,26.559379454003647
E3_cec2017,cec2017,19,30,GF-Method,2,746343461390373881,300000,300000,1905.4921325011492,5.492132501149172,5.492132501149172,25.960020848957356
E3_cec2017,cec2017,19,30,GF-Method,3,206034280967092106,300000,300000,1911.8440908272605,11.844090827260516,11.844090827260516,24.076429940003436
E3_cec2017,cec2017,19,30,GF-Method,4,4612713906345865736,300000,300000,1907.145174507669,7.145174507669026,7.145174507669026,20.961610264028423
E3_cec2017,cec2017,19,30,GF-Method,5,1244275697891919327,300000,300000,1910.1844494657796,10.184449465779608,10.184449465779608,27.087382212048396
E3_cec2017,cec2017,19,30,GF-Method,6,6391958928208873621,300000,300000,1906.045760953942,6.045760953941908,6.045760953941908,24.954248798952904
E3_cec2017,cec2017,19,30,GF-Method,7,3939819191996470652,300000,300000,1906.039698275272,6.0396982752720305,6.0396982752720305,25.654700174054597
E3_cec2017,cec2017,19,30,GF-Method,8,4546225684796922610,300000,300000,1906.6030281160934,6.6030281160933555,6.6030281160933555,27.372695078956895
E3_cec2017,cec2017,19,30,GF-Method,9,5281941398435293162,300000,300000,1908.9177864676187,8.917786467618726,8.917786467618726,24.77626346796751
E3_cec2017,cec2017,19,30,GF-Method,10,2332890197322192495,300000,300000,1908.5966611777526,8.596661177752594,8.596661177752594,23.585787383955903
E3_cec2017,cec2017,19,30,GF-Method,11,4392550527903107633,300000,300000,1907.823167788585,7.823167788584897,7.823167788584897,20.812420861970168
E3_cec2017,cec2017,19,30,GF-Method,12,3381580347746784649,300000,300000,1906.4433638414325,6.443363841432529,6.443363841432529,26.252247221011203
E3_cec2017,cec2017,19,30,GF-Method,13,3461598580595758598,300000,300000,1909.3224871834952,9.322487183495241,9.322487183495241,26.38286552100908
E3_cec2017,cec2017,19,30,GF-Method,14,9148921620789237888,300000,300000,1909.1480292639576,9.148029263957596,9.148029263957596,26.25563999597216
E3_cec2017,cec2017,19,30,GF-Method,15,3782080957350714106,300000,300000,1908.3866669818012,8.386666981801227,8.386666981801227,24.485193854023237
E3_cec2017,cec2017,19,30,GF-Method,16,7262112407390827015,300000,300000,1906.9151243425376,6.915124342537638,6.915124342537638,24.229029097012244
E3_cec2017,cec2017,19,30,GF-Method,17,1231299438656022287,300000,300000,1907.816618648095,7.816618648095073,7.816618648095073,26.563117744983174
E3_cec2017,cec2017,19,30,GF-Method,18,71249519983061435,300000,300000,1910.1179768608827,10.117976860882663,10.117976860882663,22.842490467010066
E3_cec2017,cec2017,19,30,GF-Method,19,5984320824791167815,300000,300000,1910.4966362303971,10.496636230397144,10.496636230397144,25.714308888011146
E3_cec2017,cec2017,19,30,GF-Method,20,2903829385137482351,300000,300000,1907.363790733559,7.363790733558972,7.363790733558972,26.49683370202547
E3_cec2017,cec2017,19,30,GF-Method,21,5095839772799443188,300000,300000,1905.3122449284795,5.312244928479458,5.312244928479458,24.0668983120122
E3_cec2017,cec2017,19,30,GF-Method,22,467801585879848760,300000,300000,1905.0224000170006,5.022400017000564,5.022400017000564,24.79113764601061
E3_cec2017,cec2017,19,30,GF-Method,23,2104147688837065168,300000,300000,1908.342261868271,8.342261868270953,8.342261868270953,26.97621487500146
E3_cec2017,cec2017,19,30,GF-Method,24,8669309344399680927,300000,300000,1905.0826659219788,5.082665921978787,5.082665921978787,23.656100014050025
E3_cec2017,cec2017,19,30,GF-Method,25,2174614306687746586,300000,300000,1905.9916944683182,5.991694468318201,5.991694468318201,25.4644712889567
E3_cec2017,cec2017,19,30,GF-Method,26,7396495788821997599,300000,300000,1906.3917911434182,6.3917911434182315,6.3917911434182315,25.56322477303911
E3_cec2017,cec2017,19,30,GF-Method,27,7937587671455604022,300000,300000,1908.8260590652849,8.82605906528488,8.82605906528488,22.817114681995008
E3_cec2017,cec2017,19,30,GF-Method,28,7647934977696923971,300000,300000,1904.9094774420048,4.9094774420048,4.9094774420048,22.3973135779961
E3_cec2017,cec2017,19,30,GF-Method,29,7027727876976345794,300000,300000,1906.627356332564,6.627356332563977,6.627356332563977,24.514599316986278
E3_cec2017,cec2017,11,50,GF-Method,0,4787312448509845856,500000,500000,1210.7955636579877,110.79556365798771,110.79556365798771,28.058429971977603
E3_cec2017,cec2017,11,50,GF-Method,1,8443019141222797256,500000,500000,1240.6437657097179,140.64376570971785,140.64376570971785,27.185222332016565
E3_cec2017,cec2017,11,50,GF-Method,2,4965097186247997127,500000,500000,1197.8613342951078,97.86133429510778,97.86133429510778,28.3296387650189
E3_cec2017,cec2017,11,50,GF-Method,3,4008233027797147837,500000,500000,1221.7402202719632,121.74022027196315,121.74022027196315,28.222426154999994
E3_cec2017,cec2017,11,50,GF-Method,4,1216366396504689321,500000,500000,1189.9016921107143,89.9016921107143,89.9016921107143,22.404346939001698
E3_cec2017,cec2017,11,50,GF-Method,5,5590367913145124068,500000,500000,1207.7538644940125,107.75386449401253,107.75386449401253,27.444303087017033
E3_cec2017,cec2017,11,50,GF-Method,6,6853300529440456489,500000,500000,1223.673108286474,123.67310828647396,123.67310828647396,23.417505703051575
E3_cec2017,cec2017,11,50,GF-Method,7,5971613615321841251,500000,500000,1173.9823875452125,73.98238754521253,73.98238754521253,21.27373441797681
E3_cec2017,cec2017,11,50,GF-Method,8,2667462284866233544,500000,500000,1210.7384509144442,110.73845091444423,110.73845091444423,23.569553345965687
E3_cec2017,cec2017,11,50,GF-Method,9,5833907902374782790,500000,500000,1216.765252189688,116.765252189688,116.765252189688,21.99872171302559
E3_cec2017,cec2017,11,50,GF-Method,10,4088646599610823658,500000,500000,1170.002581772089,70.00258177208889,70.00258177208889,26.75640317396028
E3_cec2017,cec2017,11,50,GF-Method,11,8280403525242000159,500000,500000,1211.790277395481,111.7902773954811,111.7902773954811,27.038568636984564
E3_cec2017,cec2017,11,50,GF-Method,12,2638339294978470992,500000,500000,1236.607500325086,136.607500325086,136.607500325086,19.8989777660463
E3_cec2017,cec2017,11,50,GF-Method,13,5943833462177814474,500000,500000,1204.825900360821,104.82590036082092,104.82590036082092,25.536797203996684
E3_cec2017,cec2017,11,50,GF-Method,14,3111999871532321892,500000,500000,1190.8966765852383,90.89667658523831,90.89667658523831,23.96184477303177
E3_cec2017,cec2017,11,50,GF-Method,15,6063855547470265305,500000,500000,1236.66442852207,136.66442852207,136.66442852207,26.529192904999945
E3_cec2017,cec2017,11,50,GF-Method,16,8956277453344227236,500000,500000,1185.9218457612646,85.92184576126465,85.92184576126465,25.410304702993017
E3_cec2017,cec2017,11,50,GF-Method,17,5031641818537076908,500000,500000,1185.92186092016,85.92186092016004,85.92186092016004,27.283726638008375
E3_cec2017,cec2017,11,50,GF-Method,18,3127498587535544445,500000,500000,1200.8460848824884,100.84608488248841,100.84608488248841,29.092083516006824
E3_cec2017,cec2017,11,50,GF-Method,19,197548772366075975,500000,500000,1184.926769642584,84.92676964258408,84.92676964258408,23.760894849023316
E3_cec2017,cec2017,11,50,GF-Method,20,7384888622388520714,500000,500000,1189.844849921304,89.8448499213041,89.8448499213041,22.879477761045564
E3_cec2017,cec2017,11,50,GF-Method,21,6798771228108062810,500000,500000,1218.6980676814073,118.69806768140734,118.69806768140734,21.230689771997277
E3_cec2017,cec2017,11,50,GF-Method,22,7180921179138855433,500000,500000,1195.871299119334,95.87129911933403,95.87129911933403,24.4413234689855
E3_cec2017,cec2017,11,50,GF-Method,23,4269654474768307042,500000,500000,1192.8865896616053,92.88658966160529,92.88658966160529,28.66844758001389
E3_cec2017,cec2017,11,50,GF-Method,24,9019091642693135127,500000,500000,1172.9874942989786,72.98749429897862,72.98749429897862,25.7227260050131
E3_cec2017,cec2017,11,50,GF-Method,25,3114240883698501882,500000,500000,1215.7135831636674,115.71358316366741,115.71358316366741,26.368771266017575
E3_cec2017,cec2017,11,50,GF-Method,26,1190002249361231754,500000,500000,1226.7148074504494,126.71480745044937,126.71480745044937,22.953559259010945
E3_cec2017,cec2017,11,50,GF-Method,27,8623400326874158309,500000,500000,1220.7448786369682,120.74487863696822,120.74487863696822,18.849323329981416
E3_cec2017,cec2017,11,50,GF-Method,28,5427179585548151630,500000,500000,1210.7957313715392,110.7957313715392,110.7957313715392,23.323160858999472
E3_cec2017,cec2017,11,50,GF-Method,29,4739467480967953285,500000,500000,1248.6036988278565,148.60369882785653,148.60369882785653,25.615500121028163
E3_cec2017,cec2017,1,50,GF-Method,0,2280140524217147106,500000,500000,100.00000000000007,0.0,7.105427357601002e-14,26.721815450000577
E3_cec2017,cec2017,1,50,GF-Method,1,6846560733429146873,500000,500000,100.00000000000004,0.0,4.263256414560601e-14,23.622516033996362
E3_cec2017,cec2017,1,50,GF-Method,2,3901568990344934086,500000,500000,100.00000000000006,0.0,5.684341886080802e-14,22.20023431297159
E3_cec2017,cec2017,1,50,GF-Method,3,1640516095555990711,500000,500000,100.00000000000003,0.0,2.842170943040401e-14,25.42723550903611
E3_cec2017,cec2017,1,50,GF-Method,4,2159836241400009732,500000,500000,100.00000000000003,0.0,2.842170943040401e-14,28.22029389598174
E3_cec2017,cec2017,1,50,GF-Method,5,6962030157097798464,500000,500000,100.00000000000003,0.0,2.842170943040401e-14,27.647098975023255
E3_cec2017,cec2017,1,50,GF-Method,6,3893425266990818183,500000,500000,100.00000000000003,0.0,2.842170943040401e-14,20.990583426028024
E3_cec2017,cec2017,1,50,GF-Method,7,8579600046953456492,500000,500000,100.00000000000003,0.0,2.842170943040401e-14,26.621697558031883
E3_cec2017,cec2017,1,50,GF-Method,8,5663609709247174658,500000,500000,100.00000000000003,0.0,2.842170943040401e-14,27.41420818096958
E3_cec2017,cec2017,1,50,GF-Method,9,3624010729135214810,500000,500000,100.00000000000006,0.0,5.684341886080802e-14,26.677102986956015
E3_cec2017,cec2017,1,50,GF-Method,10,7762069583336687664,500000,500000,100.00000000000003,0.0,2.842170943040401e-14,25.242500257038046
E3_cec2017,cec2017,1,50,GF-Method,11,436944248648310642,500000,500000,100.00000000000004,0.0,4.263256414560601e-14,22.351496691990178
E3_cec2017,cec2017,1,50,GF-Method,12,4205225732774748830,500000,500000,100.00000000000003,0.0,2.842170943040401e-14,22.811016705003567
E3_cec2017,cec2017,1,50,GF-Method,13,1467150237850826896,500000,500000,100.00000000000004,0.0,4.263256414560601e-14,24.35941462003393
E3_cec2017,cec2017,1,50,GF-Method,14,6437497711435919828,500000,500000,100.00000000000004,0.0,4.263256414560601e-14,28.52769293799065
E3_cec2017,cec2017,1,50,GF-Method,15,703688684175158627,500000,500000,100.00000000000004,0.0,4.263256414560601e-14,25.36578334902879
E3_cec2017,cec2017,1,50,GF-Method,16,3677023868996690660,500000,500000,100.00000000000004,0.0,4.263256414560601e-14,26.14507181197405
E3_cec2017,cec2017,1,50,GF-Method,17,5303246840126089912,500000,500000,100.00000000000004,0.0,4.263256414560601e-14,28.298279656970408
E3_cec2017,cec2017,1,50,GF-Method,18,7557767478595592101,500000,500000,100.00000000000003,0.0,2.842170943040401e-14,29.06652450695401
E3_cec2017,cec2017,1,50,GF-Method,19,6197745885955531870,500000,500000,100.00000000000004,0.0,4.263256414560601e-14,24.351345083967317
E3_cec2017,cec2017,1,50,GF-Method,20,6917955958691374551,500000,500000,100.00000000000007,0.0,7.105427357601002e-14,27.652131512993947
E3_cec2017,cec2017,1,50,GF-Method,21,3018896987049427133,500000,500000,100.00000000000003,0.0,2.842170943040401e-14,23.882495243975427
E3_cec2017,cec2017,1,50,GF-Method,22,6561513039859010922,500000,500000,100.00000000000006,0.0,5.684341886080802e-14,24.926822587964125
E3_cec2017,cec2017,1,50,GF-Method,23,1606411846346484057,500000,500000,100.00000000000004,0.0,4.263256414560601e-14,25.280191280995496
E3_cec2017,cec2017,1,50,GF-Method,24,4139502487592965028,500000,500000,100.00000000000004,0.0,4.263256414560601e-14,23.388500089989975
E3_cec2017,cec2017,1,50,GF-Method,25,6541479142960465718,500000,500000,100.00000000000003,0.0,2.842170943040401e-14,21.884803928027395
E3_cec2017,cec2017,1,50,GF-Method,26,5947158640956658191,500000,500000,100.0000000000001,0.0,9.947598300641403e-14,26.97079659299925
E3_cec2017,cec2017,1,50,GF-Method,27,7418486951349985845,500000,500000,100.00000000000003,0.0,2.842170943040401e-14,28.946364253002685
E3_cec2017,cec2017,1,50,GF-Method,28,1030157640754726561,500000,500000,100.00000000000006,0.0,5.684341886080802e-14,27.065459694014862
E3_cec2017,cec2017,1,50,GF-Method,29,2037233533870811722,500000,500000,100.00000000000004,0.0,4.263256414560601e-14,27.391503064951394
E3_cec2017,cec2017,3,50,GF-Method,0,131997979745986691,500000,500000,300.0000000000006,0.0,6.252776074688882e-13,27.31949069799157
E3_cec2017,cec2017,3,50,GF-Method,1,4049204079739524582,500000,500000,300.00000000000045,0.0,4.547473508864641e-13,22.59838944801595
E3_cec2017,cec2017,3,50,GF-Method,2,8698192603436444350,500000,500000,300.00000000075147,0.0,7.51469997339882e-10,25.063607704010792
E3_cec2017,cec2017,3,50,GF-Method,3,5979092037007315859,500000,500000,300.0000000000013,0.0,1.3073986337985843e-12,27.075912981003057
E3_cec2017,cec2017,3,50,GF-Method,4,6964546598930043901,500000,500000,300.0000000000005,0.0,5.115907697472721e-13,26.440936569997575
E3_cec2017,cec2017,3,50,GF-Method,5,3850352634177829501,500000,500000,300.00000000000057,0.0,5.684341886080801e-13,25.883998880977742
E3_cec2017,cec2017,3,50,GF-Method,6,1285930698631961735,500000,500000,300.0000000000022,0.0,2.2168933355715126e-12,27.25670527695911
E3_cec2017,cec2017,3,50,GF-Method,7,4607590158863197947,500000,500000,300.0000000000003,0.0,2.8421709430404007e-13,25.73149298800854
E3_cec2017,cec2017,3,50,GF-Method,8,7438752111678423188,500000,500000,300.0000000000003,0.0,2.8421709430404007e-13,22.48121528502088
E3_cec2017,cec2017,3,50,GF-Method,9,719476073613670320,500000,500000,300.0000000000004,0.0,3.979039320256561e-13,28.49742302397499
E3_cec2017,cec2017,3,50,GF-Method,10,2741156371958846950,500000,500000,300.0000000000005,0.0,5.115907697472721e-13,28.83697857800871
E3_cec2017,cec2017,3,50,GF-Method,11,7798962168978365815,500000,500000,300.0000000000012,0.0,1.1937117960769683e-12,22.251903304015286
E3_cec2017,cec2017,3,50,GF-Method,12,2186035530151678636,500000,500000,300.0000000000013,0.0,1.3073986337985843e-12,26.512732591014355
E3_cec2017,cec2017,3,50,GF-Method,13,7409184829195598922,500000,500000,300.00000000000057,0.0,5.684341886080801e-13,23.714243347989395
E3_cec2017,cec2017,3,50,GF-Method,14,7467443359248076394,500000,500000,300.00000000000057,0.0,5.684341886080801e-13,27.26962617097888
E3_cec2017,cec2017,3,50,GF-Method,15,3867927872969236882,500000,500000,300.0000000000007,0.0,6.821210263296962e-13,27.081838954996783
E3_cec2017,cec2017,3,50,GF-Method,16,4056035531973290052,500000,500000,300.0000000000009,0.0,9.094947017729282e-13,23.277036678045988
E3_cec2017,cec2017,3,50,GF-Method,17,7898986009800768882,500000,500000,300.00000000000057,0.0,5.684341886080801e-13,21.91624052001862
E3_cec2017,cec2017,3,50,GF-Method,18,9058253591521332845,500000,500000,300.0000000000003,0.0,2.8421709430404007e-13,21.65284562302986
E3_cec2017,cec2017,3,50,GF-Method,19,2989684625345561824,500000,500000,300.00000000000057,0.0,5.684341886080801e-13,23.28580748901004
E3_cec2017,cec2017,3,50,GF-Method,20,7879195271442599061,500000,500000,300.0000000000005,0.0,5.115907697472721e-13,25.849093099997845
E3_cec2017,cec2017,3,50,GF-Method,21,738493543933663915,500000,500000,300.00000000000034,0.0,3.410605131648481e-13,26.731043398031034
E3_cec2017,cec2017,3,50,GF-Method,22,98511863473711812,500000,500000,300.0000000000005,0.0,5.115907697472721e-13,22.038424570986535
E3_cec2017,cec2017,3,50,GF-Method,23,5234553806166755333,500000,500000,300.0000000000002,0.0,2.2737367544323206e-13,25.74518489901675
E3_cec2017,cec2017,3,50,GF-Method,24,175039346912789006,500000,500000,300.0000000000005,0.0,5.115907697472721e-13,29.368143467989285
E3_cec2017,cec2017,3,50,GF-Method,25,3895996995096638954,500000,500000,300.0000000000006,0.0,6.252776074688882e-13,27.163112902955618
E3_cec2017,cec2017,3,50,GF-Method,26,6158967639482474508,500000,500000,300.0000000000007,0.0,6.821210263296962e-13,25.858070429007057
E3_cec2017,cec2017,3,50,GF-Method,27,2076950032428646511,500000,500000,300.00000000000114,0.0,1.1368683772161603e-12,28.202542101033032
E3_cec2017,cec2017,3,50,GF-Method,28,168501524485976981,500000,500000,300.0000000000005,0.0,5.115907697472721e-13,26.466654026007745
E3_cec2017,cec2017,3,50,GF-Method,29,3395819318676671722,500000,500000,300.0000000000005,0.0,5.115907697472721e-13,28.226768780965358
E3_cec2017,cec2017,9,50,GF-Method,0,7427126338136058244,500000,500000,900.9981762875981,0.9981762875980849,0.9981762875980849,26.048606109980028
E3_cec2017,cec2017,9,50,GF-Method,1,4534205011950244431,500000,500000,900.179056500833,0.17905650083298497,0.17905650083298497,26.084877962013707
E3_cec2017,cec2017,9,50,GF-Method,2,345283217623868633,500000,500000,900.0000000000001,0.0,1.1368683772161603e-13,22.244499768014066
E3_cec2017,cec2017,9,50,GF-Method,3,97591883945982126,500000,500000,900.0000000000001,0.0,1.1368683772161603e-13,24.166805810004007
E3_cec2017,cec2017,9,50,GF-Method,4,1203346768382764650,500000,500000,900.179056500833,0.17905650083298497,0.17905650083298497,23.319449898030143
E3_cec2017,cec2017,9,50,GF-Method,5,7722414779649417876,500000,500000,900.6333805194238,0.6333805194237812,0.6333805194237812,28.442029256024398
E3_cec2017,cec2017,9,50,GF-Method,6,5804574917745329002,500000,500000,900.0895282504165,0.08952825041649248,0.08952825041649248,22.690870787017047
E3_cec2017,cec2017,9,50,GF-Method,7,5796295346391920734,500000,500000,900.5438522690073,0.5438522690072887,0.5438522690072887,28.85610432102112
E3_cec2017,cec2017,9,50,GF-Method,8,2544530923758872869,500000,500000,900.179056500833,0.17905650083298497,0.17905650083298497,23.388585128996056
E3_cec2017,cec2017,9,50,GF-Method,9,3838311725572715448,500000,500000,900.0000000000001,0.0,1.1368683772161603e-13,28.6175934469793
E3_cec2017,cec2017,9,50,GF-Method,10,4447111832679933583,500000,500000,900.0000000000001,0.0,1.1368683772161603e-13,27.329685458971653
E3_cec2017,cec2017,9,50,GF-Method,11,4707857286629876498,500000,500000,900.0895282504165,0.08952825041649248,0.08952825041649248,26.36370035499567
E3_cec2017,cec2017,9,50,GF-Method,12,3692724911632960487,500000,500000,900.6333805194238,0.6333805194237812,0.6333805194237812,27.793010117020458
E3_cec2017,cec2017,9,50,GF-Method,13,8541509527317489366,500000,500000,900.179056500833,0.17905650083298497,0.17905650083298497,24.11596558400197
E3_cec2017,cec2017,9,50,GF-Method,14,5280119606636261671,500000,500000,900.0000000000001,0.0,1.1368683772161603e-13,27.375974989961833
E3_cec2017,cec2017,9,50,GF-Method,15,9198343777873997879,500000,500000,900.0000000000001,0.0,1.1368683772161603e-13,27.23556090798229
E3_cec2017,cec2017,9,50,GF-Method,16,1585483298760368003,500000,500000,900.0000000000001,0.0,1.1368683772161603e-13,25.75971692497842
E3_cec2017,cec2017,9,50,GF-Method,17,6685162236927146146,500000,500000,900.6333805194238,0.6333805194237812,0.6333805194237812,20.043364890036173
E3_cec2017,cec2017,9,50,GF-Method,18,9051297247583753156,500000,500000,900.0895282504165,0.08952825041649248,0.08952825041649248,25.208651138993446
E3_cec2017,cec2017,9,50,GF-Method,19,5698870016444074261,500000,500000,900.0000000000001,0.0,1.1368683772161603e-13,22.073221215978265
E3_cec2017,cec2017,9,50,GF-Method,20,8018349072959652291,500000,500000,900.0895282504165,0.08952825041649248,0.08952825041649248,22.3079598339973
E3_cec2017,cec2017,9,50,GF-Method,21,5459875176229033171,500000,500000,901.0877045380146,1.0877045380145773,1.0877045380145773,26.61506801296491
E3_cec2017,cec2017,9,50,GF-Method,22,588137277925901947,500000,500000,900.4543240185908,0.4543240185907962,0.4543240185907962,28.506969518959522
E3_cec2017,cec2017,9,50,GF-Method,23,8565649019673766768,500000,500000,900.179056500833,0.17905650083298497,0.17905650083298497,26.24970021401532
E3_cec2017,cec2017,9,50,GF-Method,24,6926760548020557076,500000,500000,900.0000000000001,0.0,1.1368683772161603e-13,26.51247075101128
E3_cec2017,cec2017,9,50,GF-Method,25,4735339055063167885,500000,500000,901.0877045380146,1.0877045380145773,1.0877045380145773,25.629333847027738
E3_cec2017,cec2017,9,50,GF-Method,26,2819492703944342844,500000,500000,900.179056500833,0.17905650083298497,0.17905650083298497,24.173463888990227
E3_cec2017,cec2017,9,50,GF-Method,27,7676512790712468988,500000,500000,900.0895282504165,0.08952825041649248,0.08952825041649248,22.618733024050016
E3_cec2017,cec2017,9,50,GF-Method,28,5093363668052791496,500000,500000,900.179056500833,0.17905650083298497,0.17905650083298497,26.260663006047253
E3_cec2017,cec2017,9,50,GF-Method,29,562120977048906460,500000,500000,900.179056500833,0.17905650083298497,0.17905650083298497,26.71416544204112
E3_cec2017,cec2017,8,50,GF-Method,0,3801633845085281604,500000,500000,841.5753695503203,41.57536955032026,41.57536955032026,23.452872157038655
E3_cec2017,cec2017,8,50,GF-Method,1,415111438748234197,500000,500000,831.3726899023654,31.372689902365437,31.372689902365437,20.716146537975874
E3_cec2017,cec2017,8,50,GF-Method,2,7890840291426704478,500000,500000,831.317441146247,31.317441146247006,31.317441146247006,26.004025683971122
E3_cec2017,cec2017,8,50,GF-Method,3,6033238981519209386,500000,500000,832.5761517251788,32.57615172517876,32.57615172517876,23.394858796033077
E3_cec2017,cec2017,8,50,GF-Method,4,5622314064380523383,500000,500000,834.2366816180116,34.23668161801163,34.23668161801163,23.54079360299511
E3_cec2017,cec2017,8,50,GF-Method,5,259109986488818748,500000,500000,839.1598633832472,39.15986338324717,39.15986338324717,27.250820920045953
E3_cec2017,cec2017,8,50,GF-Method,6,2162021421979594616,500000,500000,842.230816865197,42.23081686519697,42.23081686519697,28.81558335904265
E3_cec2017,cec2017,8,50,GF-Method,7,7208149744279219592,500000,500000,826.5111196671415,26.511119667141543,26.511119667141543,28.064154680003412
E3_cec2017,cec2017,8,50,GF-Method,8,186046474863208206,500000,500000,838.5339117032316,38.53391170323164,38.53391170323164,25.482647982018534
E3_cec2017,cec2017,8,50,GF-Method,9,7794467894095085445,500000,500000,825.7913203891599,25.791320389159864,25.791320389159864,20.602193396014627
E3_cec2017,cec2017,8,50,GF-Method,10,2493580584999724347,500000,500000,836.360925428187,36.36092542818699,36.36092542818699,25.614925231959205
E3_cec2017,cec2017,8,50,GF-Method,11,8879293263411751231,500000,500000,828.1238717113611,28.123871711361062,28.123871711361062,21.231599810009357
E3_cec2017,cec2017,8,50,GF-Method,12,7057288345290300508,500000,500000,843.0524170698757,43.05241706987567,43.05241706987567,25.40892919304315
E3_cec2017,cec2017,8,50,GF-Method,13,4185500243153183151,500000,500000,835.4393900088903,35.439390008890314,35.439390008890314,26.372807627019938
E3_cec2017,cec2017,8,50,GF-Method,14,7766036927791919570,500000,500000,837.701463643398,37.70146364339803,37.70146364339803,21.463010566018056
E3_cec2017,cec2017,8,50,GF-Method,15,9020988638134904852,500000,500000,831.1323904475968,31.132390447596777,31.132390447596777,22.281691114010755
E3_cec2017,cec2017,8,50,GF-Method,16,997000022680180230,500000,500000,838.4009450185598,38.40094501855981,38.40094501855981,24.38089819502784
E3_cec2017,cec2017,8,50,GF-Method,17,1733505725661502218,500000,500000,837.4151620977448,37.41516209774477,37.41516209774477,27.139218077005353
E3_cec2017,cec2017,8,50,GF-Method,18,7033091702004077674,500000,500000,840.3052224251085,40.30522242510847,40.30522242510847,23.368773210037034
E3_cec2017,cec2017,8,50,GF-Method,19,3565770393094995578,500000,500000,836.2695439869661,36.26954398696614,36.26954398696614,26.278238221013453
E3_cec2017,cec2017,8,50,GF-Method,20,6653532788422530918,500000,500000,838.9120427059307,38.91204270593073,38.91204270593073,27.956997914996464
E3_cec2017,cec2017,8,50,GF-Method,21,5152680173601017112,500000,500000,842.3001639699438,42.30016396994381,42.30016396994381,27.32959005102748
E3_cec2017,cec2017,8,50,GF-Method,22,7999096595472878168,500000,500000,833.4523707027174,33.45237070271742,33.45237070271742,28.693792275968008
E3_cec2017,cec2017,8,50,GF-Method,23,5599457258285313980,500000,500000,834.4066053263302,34.40660532633024,34.40660532633024,28.408867778023705
E3_cec2017,cec2017,8,50,GF-Method,24,6852318487439437484,500000,500000,842.364898650693,42.36489865069302,42.36489865069302,27.617514776007738
E3_cec2017,cec2017,8,50,GF-Method,25,5781848132410740850,500000,500000,845.3847959238374,45.38479592383737,45.38479592383737,28.087414466019254
E3_cec2017,cec2017,8,50,GF-Method,26,7832234243925998802,500000,500000,827.285348026524,27.285348026524048,27.285348026524048,28.222200671967585
E3_cec2017,cec2017,8,50,GF-Method,27,8615019510748887945,500000,500000,838.8253164038997,38.825316403899706,38.825316403899706,26.403068082989193
E3_cec2017,cec2017,8,50,GF-Method,28,5557511814749939910,500000,500000,831.5120427795773,31.512042779577314,31.512042779577314,28.344261191028636
E3_cec2017,cec2017,8,50,GF-Method,29,1531049087697458004,500000,500000,837.2254157627324,37.22541576273238,37.22541576273238,26.084536190959625
E3_cec2017,cec2017,30,30,GF-Method,0,8867483488235574416,300000,300000,4970.625406633732,1970.6254066337324,1970.6254066337324,22.11502525402466
E3_cec2017,cec2017,30,30,GF-Method,1,2893723009128514668,300000,300000,5056.11567728626,2056.1156772862596,2056.1156772862596,27.13319040997885
E3_cec2017,cec2017,30,30,GF-Method,2,2617310087176402774,300000,300000,5075.251287747489,2075.251287747489,2075.251287747489,27.023156107985415
E3_cec2017,cec2017,30,30,GF-Method,3,7192565690082570021,300000,300000,5052.213546831012,2052.2135468310116,2052.2135468310116,24.64218116097618
E3_cec2017,cec2017,30,30,GF-Method,4,5279519530515463849,300000,300000,4997.3555862395115,1997.3555862395115,1997.3555862395115,24.413538274995517
E3_cec2017,cec2017,30,30,GF-Method,5,1908438898054983698,300000,300000,4971.008994923554,1971.0089949235544,1971.0089949235544,27.207496519957203
E3_cec2017,cec2017,30,30,GF-Method,6,8131119380679588322,300000,300000,4971.555119308727,1971.5551193087267,1971.5551193087267,27.127869952004403
E3_cec2017,cec2017,30,30,GF-Method,7,5689119993114483493,300000,300000,4971.815353364618,1971.8153533646182,1971.8153533646182,25.930145994992927
E3_cec2017,cec2017,30,30,GF-Method,8,8897521098436135108,300000,300000,5048.644385215914,2048.6443852159136,2048.6443852159136,22.759332724963315
E3_cec2017,cec2017,30,30,GF-Method,9,3036292466668367648,300000,300000,5086.282146602831,2086.282146602831,2086.282146602831,27.47900089697214
E3_cec2017,cec2017,30,30,GF-Method,10,7117387317596932119,300000,300000,4941.870749464916,1941.8707494649161,1941.8707494649161,23.046883610018995
E3_cec2017,cec2017,30,30,GF-Method,11,1774355349672075732,300000,300000,5057.917518144684,2057.9175181446844,2057.9175181446844,24.97945282200817
E3_cec2017,cec2017,30,30,GF-Method,12,464746829232343324,300000,300000,4941.485063688562,1941.4850636885621,1941.4850636885621,24.912369159050286
E3_cec2017,cec2017,30,30,GF-Method,13,1765097904748941915,300000,300000,4972.991909255843,1972.991909255843,1972.991909255843,26.25517637602752
E3_cec2017,cec2017,30,30,GF-Method,14,2052979114852411014,300000,300000,5086.095064942925,2086.095064942925,2086.095064942925,26.327673192019574
E3_cec2017,cec2017,30,30,GF-Method,15,792150466982052126,300000,300000,4970.767038425856,1970.7670384258563,1970.7670384258563,26.596560009988025
E3_cec2017,cec2017,30,30,GF-Method,16,2472514636571386995,300000,300000,5016.498138639479,2016.4981386394793,2016.4981386394793,26.73201091302326
E3_cec2017,cec2017,30,30,GF-Method,17,175818659660996643,300000,300000,4955.303938330431,1955.3039383304313,1955.3039383304313,26.561361791973468
E3_cec2017,cec2017,30,30,GF-Method,18,4687520793297536111,300000,300000,4970.667279010863,1970.6672790108632,1970.6672790108632,27.55697876395425
E3_cec2017,cec2017,30,30,GF-Method,19,5553152020976848229,300000,300000,5167.949304965303,2167.949304965303,2167.949304965303,28.00742572802119
E3_cec2017,cec2017,30,30,GF-Method,20,6499153862423522965,300000,300000,4967.163133548347,1967.163133548347,1967.163133548347,24.498764296004083
E3_cec2017,cec2017,30,30,GF-Method,21,1190917166036725338,300000,300000,4971.284803316022,1971.2848033160217,1971.2848033160217,27.720284792012535
E3_cec2017,cec2017,30,30,GF-Method,22,4668126509617631712,300000,300000,5138.2849207981635,2138.2849207981635,2138.2849207981635,26.431618312955834
E3_cec2017,cec2017,30,30,GF-Method,23,5152242457504827052,300000,300000,5045.418204509673,2045.4182045096732,2045.4182045096732,28.570185476972256
E3_cec2017,cec2017,30,30,GF-Method,24,5911041414905992576,300000,300000,5057.924994024126,2057.924994024126,2057.924994024126,26.198757546022534
E3_cec2017,cec2017,30,30,GF-Method,25,5155932078555079218,300000,300000,5043.818008142354,2043.8180081423543,2043.8180081423543,25.219286678009667
E3_cec2017,cec2017,30,30,GF-Method,26,7940846800600421074,300000,300000,4971.2829796448295,1971.2829796448295,1971.2829796448295,27.82932514999993
E3_cec2017,cec2017,30,30,GF-Method,27,2115409967632196287,300000,300000,4970.778956180375,1970.7789561803747,1970.7789561803747,28.36004261096241
E3_cec2017,cec2017,30,30,GF-Method,28,7084352082046363553,300000,300000,4941.595362783673,1941.5953627836734,1941.5953627836734,29.053732114029117
E3_cec2017,cec2017,30,30,GF-Method,29,5745636124054854894,300000,300000,5318.71762090396,2318.71762090396,2318.71762090396,27.895193964999635
E3_cec2017,cec2017,7,50,GF-Method,0,4278526258214375185,500000,500000,787.8270789739515,87.82707897395153,87.82707897395153,24.578693913004827
E3_cec2017,cec2017,7,50,GF-Method,1,550409259109961248,500000,500000,789.4546781759767,89.45467817597671,89.45467817597671,26.907766272022855
E3_cec2017,cec2017,7,50,GF-Method,2,5540328735362568530,500000,500000,783.5195046503949,83.51950465039488,83.51950465039488,27.027331680990756
E3_cec2017,cec2017,7,50,GF-Method,3,2954257260245199009,500000,500000,776.172528903204,76.17252890320401,76.17252890320401,28.43021164101083
E3_cec2017,cec2017,7,50,GF-Method,4,5781814204065975822,500000,500000,780.1899565192815,80.18995651928151,80.18995651928151,28.286813150974922
E3_cec2017,cec2017,7,50,GF-Method,5,4819007353675735892,500000,500000,781.4378959009788,81.43789590097879,81.43789590097879,27.84121708397288
E3_cec2017,cec2017,7,50,GF-Method,6,8672707866635914511,500000,500000,772.8510242074792,72.85102420747921,72.85102420747921,24.149783583998214
E3_cec2017,cec2017,7,50,GF-Method,7,6770487818666918866,500000,500000,783.9163569998772,83.91635699987717,83.91635699987717,28.605543665995356
E3_cec2017,cec2017,7,50,GF-Method,8,6636632285059175330,500000,500000,772.6706478541165,72.67064785411651,72.67064785411651,28.14488195296144
E3_cec2017,cec2017,7,50,GF-Method,9,1012788998925197796,500000,500000,781.0379607322753,81.03796073227534,81.03796073227534,28.474335170001723
E3_cec2017,cec2017,7,50,GF-Method,10,7820809699071999612,500000,500000,776.1142259250171,76.11422592501708,76.11422592501708,27.690336361003574
E3_cec2017,cec2017,7,50,GF-Method,11,340743711353884160,500000,500000,775.7767544358273,75.77675443582734,75.77675443582734,22.29729879804654
E3_cec2017,cec2017,7,50,GF-Method,12,1538202108210289114,500000,500000,772.3407054348743,72.34070543487428,72.34070543487428,24.78661715699127
E3_cec2017,cec2017,7,50,GF-Method,13,740124277353103277,500000,500000,773.7529418713533,73.7529418713533,73.7529418713533,28.072135487978812
E3_cec2017,cec2017,7,50,GF-Method,14,3598069315447303085,500000,500000,780.9645234287151,80.9645234287151,80.9645234287151,21.794059897016268
E3_cec2017,cec2017,7,50,GF-Method,15,6662938026572291644,500000,500000,781.8906716602587,81.8906716602587,81.8906716602587,25.839043090993073
E3_cec2017,cec2017,7,50,GF-Method,16,4067117431519602708,500000,500000,778.9096098947965,78.90960989479652,78.90960989479652,28.065038898028433
E3_cec2017,cec2017,7,50,GF-Method,17,4967089423040411233,500000,500000,778.3354100449939,78.33541004499386,78.33541004499386,26.218998761032708
E3_cec2017,cec2017,7,50,GF-Method,18,308163019470093654,500000,500000,787.6182181887102,87.61821818871022,87.61821818871022,27.08992867800407
E3_cec2017,cec2017,7,50,GF-Method,19,6510546091159986388,500000,500000,783.2331772962528,83.23317729625285,83.23317729625285,26.472978958976455
E3_cec2017,cec2017,7,50,GF-Method,20,2140675045879325428,500000,500000,777.6536601284217,77.65366012842173,77.65366012842173,27.82829924602993
E3_cec2017,cec2017,7,50,GF-Method,21,3810278780898155769,500000,500000,781.3141430786269,81.3141430786269,81.3141430786269,25.917968874971848
E3_cec2017,cec2017,7,50,GF-Method,22,1610227775037716344,500000,500000,778.4556410756123,78.45564107561233,78.45564107561233,27.6622634769883
E3_cec2017,cec2017,7,50,GF-Method,23,3196656262491284661,500000,500000,774.9763759548022,74.97637595480217,74.97637595480217,25.195330195012502
E3_cec2017,cec2017,7,50,GF-Method,24,6904196666871501133,500000,500000,779.5664596051123,79.5664596051123,79.5664596051123,20.88332178402925
E3_cec2017,cec2017,7,50,GF-Method,25,8356397142820448704,500000,500000,781.860674286816,81.86067428681599,81.86067428681599,22.782307196990587
E3_cec2017,cec2017,7,50,GF-Method,26,2470624476297179533,500000,500000,777.732939502812,77.73293950281197,77.73293950281197,20.756167712970637
E3_cec2017,cec2017,7,50,GF-Method,27,9047932787894933536,500000,500000,782.6262565176963,82.62625651769633,82.62625651769633,25.28129912901204
E3_cec2017,cec2017,7,50,GF-Method,28,2272512509748277388,500000,500000,782.14425330277,82.14425330277004,82.14425330277004,24.79024796601152
E3_cec2017,cec2017,7,50,GF-Method,29,6302910025084779281,500000,500000,778.2645441901939,78.26454419019387,78.26454419019387,24.355204474006314
E3_cec2017,cec2017,5,50,GF-Method,0,2019084694444964657,500000,500000,537.8244486840356,37.82444868403559,37.82444868403559,21.12069430295378
E3_cec2017,cec2017,5,50,GF-Method,1,7004340385845275076,500000,500000,532.294523848749,32.29452384874901,32.29452384874901,25.089588432980236
E3_cec2017,cec2017,5,50,GF-Method,2,4712791113695377723,500000,500000,528.3320975195409,28.332097519540866,28.332097519540866,25.361706482013687
E3_cec2017,cec2017,5,50,GF-Method,3,4980213056423236920,500000,500000,541.4595390577497,41.45953905774968,41.45953905774968,23.53733437496703
E3_cec2017,cec2017,5,50,GF-Method,4,3445884309034162361,500000,500000,541.6326926295225,41.63269262952247,41.63269262952247,26.93539498298196
E3_cec2017,cec2017,5,50,GF-Method,5,4999556714509109488,500000,500000,535.2682202435994,35.268220243599444,35.268220243599444,23.19088480999926
E3_cec2017,cec2017,5,50,GF-Method,6,2158553629563087604,500000,500000,539.3635012453678,39.36350124536784,39.36350124536784,27.558888235013
E3_cec2017,cec2017,5,50,GF-Method,7,6755682248470361335,500000,500000,542.5809396493144,42.58093964931436,42.58093964931436,24.33717529696878
E3_cec2017,cec2017,5,50,GF-Method,8,2314705106159208738,500000,500000,535.5714076958227,35.5714076958227,35.5714076958227,24.911927009990904
E3_cec2017,cec2017,5,50,GF-Method,9,6381281212690655853,500000,500000,541.3343734755402,41.33437347554025,41.33437347554025,25.705400227976497
E3_cec2017,cec2017,5,50,GF-Method,10,1538695015102295661,500000,500000,533.6182013275917,33.61820132759169,33.61820132759169,25.479180497990455
E3_cec2017,cec2017,5,50,GF-Method,11,7489637441173797271,500000,500000,537.2479593503402,37.24795935034024,37.24795935034024,27.337893563963007
E3_cec2017,cec2017,5,50,GF-Method,12,4021171642354688521,500000,500000,538.404945291301,38.40494529130103,38.40494529130103,28.40841343597276
E3_cec2017,cec2017,5,50,GF-Method,13,6157575151875431332,500000,500000,540.7315678829581,40.731567882958075,40.731567882958075,28.12168558500707
E3_cec2017,cec2017,5,50,GF-Method,14,1399374776158539077,500000,500000,536.2974512188157,36.297451218815695,36.297451218815695,28.555284889996983
E3_cec2017,cec2017,5,50,GF-Method,15,6197528139926060619,500000,500000,530.069359673233,30.069359673232952,30.069359673232952,26.83454883500235
E3_cec2017,cec2017,5,50,GF-Method,16,4096831642580398427,500000,500000,534.5253610402696,34.52536104026956,34.52536104026956,26.371084323967807
E3_cec2017,cec2017,5,50,GF-Method,17,7177290111336753897,500000,500000,533.2067260444569,33.2067260444569,33.2067260444569,23.619970277999528
E3_cec2017,cec2017,5,50,GF-Method,18,6423789395462437464,500000,500000,530.453272069166,30.45327206916602,30.45327206916602,27.545136112021282
E3_cec2017,cec2017,5,50,GF-Method,19,4002873806006098574,500000,500000,549.6422219457869,49.6422219457869,49.6422219457869,25.539208195987158
E3_cec2017,cec2017,5,50,GF-Method,20,4480228790576707450,500000,500000,530.7941925954602,30.79419259546023,30.79419259546023,27.683358322945423
E3_cec2017,cec2017,5,50,GF-Method,21,4392503431755694441,500000,500000,541.3553200024901,41.35532000249009,41.35532000249009,28.21495060500456
E3_cec2017,cec2017,5,50,GF-Method,22,6089238194674233332,500000,500000,540.2221082526802,40.22210825268019,40.22210825268019,24.356835292011965
E3_cec2017,cec2017,5,50,GF-Method,23,7871368406523800096,500000,500000,532.0436207987468,32.043620798746815,32.043620798746815,25.521881528024096
E3_cec2017,cec2017,5,50,GF-Method,24,6613145121354316513,500000,500000,532.3445706510328,32.34457065103277,32.34457065103277,26.18061763199512
E3_cec2017,cec2017,5,50,GF-Method,25,4801090643435931714,500000,500000,541.3046364636592,41.30463646365922,41.30463646365922,27.420485606009606
E3_cec2017,cec2017,5,50,GF-Method,26,8906381207046970148,500000,500000,542.3692688606784,42.3692688606784,42.3692688606784,27.95112835598411
E3_cec2017,cec2017,5,50,GF-Method,27,3806049253827880235,500000,500000,536.2749914112238,36.27499141122382,36.27499141122382,26.257533115975093
E3_cec2017,cec2017,5,50,GF-Method,28,5625617719500409203,500000,500000,536.2256154520452,36.22561545204519,36.22561545204519,28.653874857001938
E3_cec2017,cec2017,5,50,GF-Method,29,6886028104643779593,500000,500000,536.3920489980278,36.3920489980278,36.3920489980278,28.20485889603151
E3_cec2017,cec2017,4,50,GF-Method,0,194008077011449268,500000,500000,400.0000057324064,5.732406407332746e-06,5.732406407332746e-06,26.733601687010378
E3_cec2017,cec2017,4,50,GF-Method,1,2674195860736318773,500000,500000,400.0000067697046,6.76970461199744e-06,6.76970461199744e-06,24.5220670439885
E3_cec2017,cec2017,4,50,GF-Method,2,526071378261937437,500000,500000,428.5127115315,28.512711531499974,28.512711531499974,24.885246757999994
E3_cec2017,cec2017,4,50,GF-Method,3,3625910799928454029,500000,500000,428.51271153150003,28.51271153150003,28.51271153150003,28.11501694697654
E3_cec2017,cec2017,4,50,GF-Method,4,8816872147948767704,500000,500000,428.51271153150003,28.51271153150003,28.51271153150003,27.362877504958306
E3_cec2017,cec2017,4,50,GF-Method,5,6752551835444602978,500000,500000,400.0000003998598,3.998598003818188e-07,3.998598003818188e-07,27.866326309973374
E3_cec2017,cec2017,4,50,GF-Method,6,7114345210107678015,500000,500000,514.0115614866156,114.01156148661562,114.01156148661562,23.08513759903144
E3_cec2017,cec2017,4,50,GF-Method,7,4754524076671034883,500000,500000,514.0115614866157,114.01156148661573,114.01156148661573,22.453510390012525
E3_cec2017,cec2017,4,50,GF-Method,8,3265916502472626428,500000,500000,514.0115614866158,114.01156148661585,114.01156148661585,23.288480632007122
E3_cec2017,cec2017,4,50,GF-Method,9,5461802498108378221,500000,500000,498.720932281668,98.72093228166801,98.72093228166801,26.600828144990373
E3_cec2017,cec2017,4,50,GF-Method,10,5813578270295856088,500000,500000,400.00000001385513,1.3855128599971067e-08,1.3855128599971067e-08,30.836067285039462
E3_cec2017,cec2017,4,50,GF-Method,11,1058770627162944205,500000,500000,514.0115614866156,114.01156148661562,114.01156148661562,27.843895939004142
E3_cec2017,cec2017,4,50,GF-Method,12,8818912623600427203,500000,500000,428.5127115315,28.512711531499974,28.512711531499974,25.012521795986686
E3_cec2017,cec2017,4,50,GF-Method,13,3862918063988307601,500000,500000,428.5127115315,28.512711531499974,28.512711531499974,26.796925668022595
E3_cec2017,cec2017,4,50,GF-Method,14,1878571927891438202,500000,500000,428.51271153150003,28.51271153150003,28.51271153150003,24.943429295963142
E3_cec2017,cec2017,4,50,GF-Method,15,4479140649950912761,500000,500000,428.5127115315,28.512711531499974,28.512711531499974,23.546171079971828
E3_cec2017,cec2017,4,50,GF-Method,16,7236722306759672854,500000,500000,400.000001032152,1.0321519994249684e-06,1.0321519994249684e-06,26.259441015019547
E3_cec2017,cec2017,4,50,GF-Method,17,2038646230204380543,500000,500000,514.0115614866157,114.01156148661573,114.01156148661573,28.049948133993894
E3_cec2017,cec2017,4,50,GF-Method,18,9085583382483037460,500000,500000,514.0115614866156,114.01156148661562,114.01156148661562,23.216268440010026
E3_cec2017,cec2017,4,50,GF-Method,19,7209451979144325593,500000,500000,400.00150173152105,0.0015017315210457127,0.0015017315210457127,29.941992887994274
E3_cec2017,cec2017,4,50,GF-Method,20,3520013168270914413,500000,500000,514.0115614866158,114.01156148661585,114.01156148661585,28.252943824976683
E3_cec2017,cec2017,4,50,GF-Method,21,4510957558363579265,500000,500000,522.6969874651734,122.69698746517338,122.69698746517338,25.655436516040936
E3_cec2017,cec2017,4,50,GF-Method,22,5438121717806786561,500000,500000,400.0138806178668,0.01388061786678918,0.01388061786678918,23.747342919989023
E3_cec2017,cec2017,4,50,GF-Method,23,5907091250698269900,500000,500000,497.4131229215851,97.41312292158511,97.41312292158511,23.678740006987937
E3_cec2017,cec2017,4,50,GF-Method,24,6071279341106799242,500000,500000,428.51271153150003,28.51271153150003,28.51271153150003,27.277685608016327
E3_cec2017,cec2017,4,50,GF-Method,25,7225746534422447135,500000,500000,469.89401299327926,69.89401299327926,69.89401299327926,29.9889583659824
E3_cec2017,cec2017,4,50,GF-Method,26,447293124390110335,500000,500000,428.5127115315,28.512711531499974,28.512711531499974,28.285853320965543
E3_cec2017,cec2017,4,50,GF-Method,27,266817917128700368,500000,500000,498.720932281668,98.72093228166801,98.72093228166801,24.475828857976012
E3_cec2017,cec2017,4,50,GF-Method,28,6176634464948156958,500000,500000,400.5847122332001,0.5847122332000936,0.5847122332000936,31.168070514977444
E3_cec2017,cec2017,4,50,GF-Method,29,4958386517007721108,500000,500000,428.5127115315,28.512711531499974,28.512711531499974,27.714453405002132
E3_cec2017,cec2017,13,50,GF-Method,0,633890346363862280,500000,500000,1382.6145388252048,82.61453882520482,82.61453882520482,29.70721252099611
E3_cec2017,cec2017,13,50,GF-Method,1,8348255840005566691,500000,500000,1413.0966376221634,113.09663762216337,113.09663762216337,26.174123090982903
E3_cec2017,cec2017,13,50,GF-Method,2,8943681956465765678,500000,500000,1388.5610732860061,88.56107328600615,88.56107328600615,23.471201314998325
E3_cec2017,cec2017,13,50,GF-Method,3,7063647755127189802,500000,500000,1411.1949750782615,111.19497507826145,111.19497507826145,27.59861942596035
E3_cec2017,cec2017,13,50,GF-Method,4,7913279402133194196,500000,500000,1397.393038544123,97.3930385441231,97.3930385441231,26.972991249000188
E3_cec2017,cec2017,13,50,GF-Method,5,8953648346076287855,500000,500000,1514.662732467963,214.662732467963,214.662732467963,25.874342317983974
E3_cec2017,cec2017,13,50,GF-Method,6,1615271711380424447,500000,500000,1447.715303301618,147.71530330161795,147.71530330161795,29.82189558201935
E3_cec2017,cec2017,13,50,GF-Method,7,1856610853705499700,500000,500000,1460.080387318937,160.08038731893703,160.08038731893703,27.64800229901448
E3_cec2017,cec2017,13,50,GF-Method,8,435918370919835163,500000,500000,1368.6565808366788,68.65658083667881,68.65658083667881,31.170651095046196
E3_cec2017,cec2017,13,50,GF-Method,9,4790931821996721347,500000,500000,1356.4689938793858,56.468993879385835,56.468993879385835,27.121723834017757
E3_cec2017,cec2017,13,50,GF-Method,10,3961778813181787016,500000,500000,1407.1740300393865,107.17403003938648,107.17403003938648,27.38829077000264
E3_cec2017,cec2017,13,50,GF-Method,11,3164514226704330969,500000,500000,1358.7991534059038,58.79915340590378,58.79915340590378,26.8511206159601
E3_cec2017,cec2017,13,50,GF-Method,12,731299964210381609,500000,500000,1420.235247067798,120.2352470677979,120.2352470677979,27.61990892700851
E3_cec2017,cec2017,13,50,GF-Method,13,7138039167736038998,500000,500000,1365.6174861557295,65.61748615572947,65.61748615572947,27.919947292015422
E3_cec2017,cec2017,13,50,GF-Method,14,8577110696550121221,500000,500000,1370.810714320596,70.81071432059593,70.81071432059593,26.569528087973595
E3_cec2017,cec2017,13,50,GF-Method,15,5099559546262588938,500000,500000,1498.6624433778024,198.66244337780245,198.66244337780245,28.0326360030449
E3_cec2017,cec2017,13,50,GF-Method,16,1785155036767935808,500000,500000,1375.9723084509542,75.97230845095419,75.97230845095419,29.096180210006423
E3_cec2017,cec2017,13,50,GF-Method,17,1782722139866623456,500000,500000,1399.8514892891967,99.8514892891967,99.8514892891967,28.311813422013074
E3_cec2017,cec2017,13,50,GF-Method,18,2469107762148192285,500000,500000,1381.9664772320814,81.96647723208139,81.96647723208139,26.94105339498492
E3_cec2017,cec2017,13,50,GF-Method,19,5263616265073488973,500000,500000,1361.334810148896,61.33481014889594,61.33481014889594,29.138422110001557
E3_cec2017,cec2017,13,50,GF-Method,20,2356029275060679435,500000,500000,1364.8893164477063,64.88931644770628,64.88931644770628,22.968290087999776
E3_cec2017,cec2017,13,50,GF-Method,21,1340382139223039397,500000,500000,1439.178409387822,139.17840938782206,139.17840938782206,25.38959077198524
E3_cec2017,cec2017,13,50,GF-Method,22,2516164782828414862,500000,500000,1486.5518024767428,186.55180247674275,186.55180247674275,30.40272636496229
E3_cec2017,cec2017,13,50,GF-Method,23,8720271304644546546,500000,500000,1366.6861963844162,66.68619638441623,66.68619638441623,28.105668383010197
E3_cec2017,cec2017,13,50,GF-Method,24,1862656828012391135,500000,500000,1433.3199645176267,133.31996451762666,133.31996451762666,23.119019768957514
E3_cec2017,cec2017,13,50,GF-Method,25,5637264820951911138,500000,500000,1370.1915168853413,70.19151688534134,70.19151688534134,29.746230994001962
E3_cec2017,cec2017,13,50,GF-Method,26,4273311214669582222,500000,500000,1397.3723589949682,97.37235899496818,97.37235899496818,30.063874910993036
E3_cec2017,cec2017,13,50,GF-Method,27,4733728595778573568,500000,500000,1454.1334113250164,154.13341132501637,154.13341132501637,29.00972717802506
E3_cec2017,cec2017,13,50,GF-Method,28,6903429751513065881,500000,500000,1419.9870099072336,119.98700990723364,119.98700990723364,25.215815517003648
E3_cec2017,cec2017,13,50,GF-Method,29,7819349984962039400,500000,500000,1368.7527236567332,68.75272365673322,68.75272365673322,29.289617374015506
E3_cec2017,cec2017,15,50,GF-Method,0,4509636112142754513,500000,500000,1592.48002163144,92.48002163143997,92.48002163143997,29.324146677041426
E3_cec2017,cec2017,15,50,GF-Method,1,2646562657164855849,500000,500000,1553.7457324802647,53.74573248026468,53.74573248026468,28.516372344980482
E3_cec2017,cec2017,15,50,GF-Method,2,2616737041267825580,500000,500000,1583.6889517195916,83.68895171959161,83.68895171959161,21.815272642998025
E3_cec2017,cec2017,15,50,GF-Method,3,7102339453896878573,500000,500000,1655.859368124141,155.85936812414093,155.85936812414093,26.462320499005727
E3_cec2017,cec2017,15,50,GF-Method,4,8474295735603869119,500000,500000,1576.5685243657624,76.56852436576241,76.56852436576241,29.74215088202618
E3_cec2017,cec2017,15,50,GF-Method,5,8094023897857000531,500000,500000,1653.3611471311688,153.36114713116876,153.36114713116876,28.155311103968415
E3_cec2017,cec2017,15,50,GF-Method,6,6474305606974335576,500000,500000,1556.2162476561864,56.2162476561864,56.2162476561864,27.920398749003652
E3_cec2017,cec2017,15,50,GF-Method,7,4175308229185171757,500000,500000,1739.7315567331395,239.73155673313954,239.73155673313954,21.8603273180197
E3_cec2017,cec2017,15,50,GF-Method,8,7611405849423180507,500000,500000,1604.5226296223618,104.52262962236182,104.52262962236182,26.246201222005766
E3_cec2017,cec2017,15,50,GF-Method,9,7648549294307926532,500000,500000,1647.7581044465785,147.7581044465785,147.7581044465785,28.726180725032464
E3_cec2017,cec2017,15,50,GF-Method,10,10772642670129376,500000,500000,1671.382859616822,171.3828596168221,171.3828596168221,28.38211217400385
E3_cec2017,cec2017,15,50,GF-Method,11,5654323228953271277,500000,500000,1542.7623810172363,42.762381017236294,42.762381017236294,28.72376580396667
E3_cec2017,cec2017,15,50,GF-Method,12,1815423233327436478,500000,500000,1581.6780252344006,81.6780252344006,81.6780252344006,28.629845897026826
E3_cec2017,cec2017,15,50,GF-Method,13,835872142308554542,500000,500000,1648.6862881425154,148.68628814251542,148.68628814251542,27.771414040995296
E3_cec2017,cec2017,15,50,GF-Method,14,5835685987846314890,500000,500000,1552.8951119018484,52.895111901848395,52.895111901848395,28.32960669498425
E3_cec2017,cec2017,15,50,GF-Method,15,4945944890598690050,500000,500000,1536.9896723135062,36.98967231350616,36.98967231350616,24.54266945499694
E3_cec2017,cec2017,15,50,GF-Method,16,8809879768025377345,500000,500000,1612.5525326783547,112.55253267835474,112.55253267835474,29.643665771989617
E3_cec2017,cec2017,15,50,GF-Method,17,7717847759855464835,500000,500000,1561.9125877735646,61.91258777356461,61.91258777356461,29.837430859042797
E3_cec2017,cec2017,15,50,GF-Method,18,1194671663269293585,500000,500000,1548.625672533323,48.62567253332304,48.62567253332304,28.27590218599653
E3_cec2017,cec2017,15,50,GF-Method,19,326676401361923150,500000,500000,1577.0460001633826,77.04600016338259,77.04600016338259,24.313766531995498
E3_cec2017,cec2017,15,50,GF-Method,20,8361993056541646220,500000,500000,1553.8586718916083,53.85867189160831,53.85867189160831,25.540928593021818
E3_cec2017,cec2017,15,50,GF-Method,21,5852230121029573230,500000,500000,1551.8294949790843,51.8294949790843,51.8294949790843,27.203015716047958
E3_cec2017,cec2017,15,50,GF-Method,22,5661216779404559510,500000,500000,1649.8228250532588,149.82282505325884,149.82282505325884,22.123359195014928
E3_cec2017,cec2017,15,50,GF-Method,23,760592751643340343,500000,500000,1586.5802732092407,86.58027320924066,86.58027320924066,23.573549280001316
E3_cec2017,cec2017,15,50,GF-Method,24,2453265704829123551,500000,500000,1557.953112248635,57.95311224863508,57.95311224863508,28.14592028001789
E3_cec2017,cec2017,15,50,GF-Method,25,5659582130711699718,500000,500000,1554.5303016060732,54.53030160607318,54.53030160607318,27.918192480981816
E3_cec2017,cec2017,15,50,GF-Method,26,3951824164018080248,500000,500000,1692.1636330745682,192.16363307456822,192.16363307456822,29.84612465603277
E3_cec2017,cec2017,15,50,GF-Method,27,8431470994555501203,500000,500000,1629.6900628411663,129.6900628411663,129.6900628411663,28.821570447995327
E3_cec2017,cec2017,15,50,GF-Method,28,6400061421454304375,500000,500000,1577.6900888187406,77.6900888187406,77.6900888187406,27.12117571599083
E3_cec2017,cec2017,15,50,GF-Method,29,9100576644547360073,500000,500000,1581.8173200691847,81.81732006918469,81.81732006918469,26.942893096012995
E3_cec2017,cec2017,16,50,GF-Method,0,2767717512378200296,500000,500000,1750.9815833801908,150.98158338019084,150.98158338019084,29.42530225601513
E3_cec2017,cec2017,16,50,GF-Method,1,9052303760663922854,500000,500000,2314.382752965588,714.3827529655882,714.3827529655882,26.693294055992737
E3_cec2017,cec2017,16,50,GF-Method,2,1663571324120809011,500000,500000,2103.023374533179,503.02337453317887,503.02337453317887,29.427052288025152
E3_cec2017,cec2017,16,50,GF-Method,3,3455119309247079332,500000,500000,2163.7522421240346,563.7522421240346,563.7522421240346,24.708124844997656
E3_cec2017,cec2017,16,50,GF-Method,4,2054214190451005712,500000,500000,2402.052659170363,802.0526591703629,802.0526591703629,30.18465037900023
E3_cec2017,cec2017,16,50,GF-Method,5,3621514550383574254,500000,500000,2114.9053914721194,514.9053914721194,514.9053914721194,29.964314563956577
E3_cec2017,cec2017,16,50,GF-Method,6,614878206768280948,500000,500000,2186.285060074091,586.2850600740908,586.2850600740908,28.431377357046586
E3_cec2017,cec2017,16,50,GF-Method,7,2300908835098332929,500000,500000,2406.971221298826,806.9712212988261,806.9712212988261,27.41490519803483
E3_cec2017,cec2017,16,50,GF-Method,8,3355275473575447459,500000,500000,2596.271316143053,996.2713161430529,996.2713161430529,26.879486360005103
E3_cec2017,cec2017,16,50,GF-Method,9,3499848837894331785,500000,500000,2420.2821741269345,820.2821741269345,820.2821741269345,24.278957152971998
E3_cec2017,cec2017,16,50,GF-Method,10,1219085281732689940,500000,500000,2423.180456957204,823.1804569572041,823.1804569572041,25.41966010100441
E3_cec2017,cec2017,16,50,GF-Method,11,4201127348736939459,500000,500000,2195.000028771606,595.0000287716061,595.0000287716061,27.49962343700463
E3_cec2017,cec2017,16,50,GF-Method,12,3114714174843936793,500000,500000,2238.5675715402112,638.5675715402112,638.5675715402112,28.47709957504412
E3_cec2017,cec2017,16,50,GF-Method,13,2395369053932339156,500000,500000,2301.697614756513,701.6976147565128,701.6976147565128,28.52056284499122
E3_cec2017,cec2017,16,50,GF-Method,14,8699290265756364340,500000,500000,2320.241335511905,720.2413355119052,720.2413355119052,26.8845095919678
E3_cec2017,cec2017,16,50,GF-Method,15,8299809447589721277,500000,500000,2239.2424112064564,639.2424112064564,639.2424112064564,22.660523928003386
E3_cec2017,cec2017,16,50,GF-Method,16,5125465047715176274,500000,500000,2009.8542163040229,409.8542163040229,409.8542163040229,29.345481191994622
E3_cec2017,cec2017,16,50,GF-Method,17,6607823240522291175,500000,500000,2161.873099036492,561.873099036492,561.873099036492,22.95537358202273
E3_cec2017,cec2017,16,50,GF-Method,18,6448484054997710106,500000,500000,2301.342900728267,701.3429007282671,701.3429007282671,24.902158137003426
E3_cec2017,cec2017,16,50,GF-Method,19,2840724099225385984,500000,500000,2422.798301292303,822.7983012923032,822.7983012923032,24.395945368043613
E3_cec2017,cec2017,16,50,GF-Method,20,438467835395216114,500000,500000,2311.473999550502,711.473999550502,711.473999550502,24.756631305033807
E3_cec2017,cec2017,16,50,GF-Method,21,6390582429826779681,500000,500000,2260.2114688913807,660.2114688913807,660.2114688913807,23.444062753987964
E3_cec2017,cec2017,16,50,GF-Method,22,8754410171809141828,500000,500000,2087.7829342429573,487.78293424295725,487.78293424295725,27.89906838099705
E3_cec2017,cec2017,16,50,GF-Method,23,9171923337669677006,500000,500000,2264.4253197577173,664.4253197577173,664.4253197577173,25.831730404985137
E3_cec2017,cec2017,16,50,GF-Method,24,5371559593282132400,500000,500000,2343.1297372887093,743.1297372887093,743.1297372887093,23.70177452202188
E3_cec2017,cec2017,16,50,GF-Method,25,828660617830624700,500000,500000,2260.6345362271873,660.6345362271873,660.6345362271873,29.400644047011156
E3_cec2017,cec2017,16,50,GF-Method,26,6022866078726153780,500000,500000,2270.5583126687684,670.5583126687684,670.5583126687684,30.498639741970692
E3_cec2017,cec2017,16,50,GF-Method,27,6417953106919105274,500000,500000,2075.3593178244873,475.35931782448733,475.35931782448733,24.788912673015147
E3_cec2017,cec2017,16,50,GF-Method,28,8622190549706455195,500000,500000,2287.4396662395393,687.4396662395393,687.4396662395393,27.007332671026234
E3_cec2017,cec2017,16,50,GF-Method,29,308970118377691261,500000,500000,2215.986734304146,615.986734304146,615.986734304146,26.33636707800906
E3_cec2017,cec2017,14,50,GF-Method,0,5666923785369718695,500000,500000,1448.9419109875887,48.9419109875887,48.9419109875887,30.08990141696995
E3_cec2017,cec2017,14,50,GF-Method,1,3870465735500919024,500000,500000,1446.4638272492823,46.4638272492823,46.4638272492823,26.62524988100631
E3_cec2017,cec2017,14,50,GF-Method,2,1455784678111090013,500000,500000,1462.1325254967635,62.13252549676349,62.13252549676349,27.217441342014354
E3_cec2017,cec2017,14,50,GF-Method,3,3861156888090248950,500000,500000,1488.6970808047397,88.6970808047397,88.6970808047397,29.282500033965334
E3_cec2017,cec2017,14,50,GF-Method,4,6064857567403831646,500000,500000,1482.4538573750528,82.45385737505285,82.45385737505285,28.771078625053633
E3_cec2017,cec2017,14,50,GF-Method,5,6196708848520925666,500000,500000,1444.9566016625906,44.95660166259063,44.95660166259063,25.07318685099017
E3_cec2017,cec2017,14,50,GF-Method,6,1549613048175820276,500000,500000,1461.8610543447621,61.861054344762124,61.861054344762124,30.108959692995995
E3_cec2017,cec2017,14,50,GF-Method,7,421634731941584342,500000,500000,1484.6949715298285,84.69497152982854,84.69497152982854,27.93409999704454
E3_cec2017,cec2017,14,50,GF-Method,8,5508141457699895705,500000,500000,1463.8092773692126,63.80927736921262,63.80927736921262,30.76710654096678
E3_cec2017,cec2017,14,50,GF-Method,9,5493975729895056473,500000,500000,1448.9226341753679,48.922634175367875,48.922634175367875,29.98547866998706
E3_cec2017,cec2017,14,50,GF-Method,10,6957058682023157415,500000,500000,1469.7937077739552,69.79370777395525,69.79370777395525,26.17638367199106
E3_cec2017,cec2017,14,50,GF-Method,11,7998946410502696123,500000,500000,1472.7607621363647,72.76076213636475,72.76076213636475,28.21174580400111
E3_cec2017,cec2017,14,50,GF-Method,12,2278831279509187692,500000,500000,1454.895809315795,54.89580931579508,54.89580931579508,22.24684736097697
E3_cec2017,cec2017,14,50,GF-Method,13,1734001056538797428,500000,500000,1469.8308104263544,69.83081042635445,69.83081042635445,23.62600118102273
E3_cec2017,cec2017,14,50,GF-Method,14,1679717084515718847,500000,500000,1452.9343827558896,52.9343827558896,52.9343827558896,24.484457702958025
E3_cec2017,cec2017,14,50,GF-Method,15,6986840973957810365,500000,500000,1456.8257206489848,56.82572064898477,56.82572064898477,23.49056509498041
E3_cec2017,cec2017,14,50,GF-Method,16,3973712882148535837,500000,500000,1446.9362899697492,46.93628996974917,46.93628996974917,29.042006581032183
E3_cec2017,cec2017,14,50,GF-Method,17,1327640375684393260,500000,500000,1473.8323079827146,73.83230798271461,73.83230798271461,25.62205767101841
E3_cec2017,cec2017,14,50,GF-Method,18,7162278735578085848,500000,500000,1473.733959204829,73.73395920482903,73.73395920482903,23.32533564796904
E3_cec2017,cec2017,14,50,GF-Method,19,101045301495191782,500000,500000,1458.5862188761876,58.58621887618756,58.58621887618756,26.945213498023804
E3_cec2017,cec2017,14,50,GF-Method,20,4444376877737564277,500000,500000,1449.5358064352502,49.53580643525015,49.53580643525015,29.35695050394861
E3_cec2017,cec2017,14,50,GF-Method,21,5620412222647867555,500000,500000,1448.969441756777,48.96944175677709,48.96944175677709,22.862285114009865
E3_cec2017,cec2017,14,50,GF-Method,22,1689187856578319242,500000,500000,1434.9731834252332,34.973183425233174,34.973183425233174,26.55307104100939
E3_cec2017,cec2017,14,50,GF-Method,23,3262735784439552136,500000,500000,1446.0396611020676,46.03966110206761,46.03966110206761,29.55237299099099
E3_cec2017,cec2017,14,50,GF-Method,24,1349557966655452281,500000,500000,1488.289274353725,88.28927435372498,88.28927435372498,29.108532468031626
E3_cec2017,cec2017,14,50,GF-Method,25,905283709273843977,500000,500000,1474.7323214559096,74.73232145590964,74.73232145590964,28.10875706601655
E3_cec2017,cec2017,14,50,GF-Method,26,7264373276611430942,500000,500000,1485.7105100129786,85.7105100129786,85.7105100129786,29.152768829022534
E3_cec2017,cec2017,14,50,GF-Method,27,1811209007650305635,500000,500000,1458.2834676357324,58.28346763573245,58.28346763573245,27.24774865800282
E3_cec2017,cec2017,14,50,GF-Method,28,7070468275584802416,500000,500000,1452.9584220894938,52.95842208949375,52.95842208949375,29.627960062993225
E3_cec2017,cec2017,14,50,GF-Method,29,4453155052198488677,500000,500000,1436.9628073543886,36.96280735438859,36.96280735438859,29.08798025996657
E3_cec2017,cec2017,10,50,GF-Method,0,9134075966347580218,500000,500000,4703.656873120301,3703.6568731203006,3703.6568731203006,30.892512985039502
E3_cec2017,cec2017,10,50,GF-Method,1,3525025145787859499,500000,500000,4324.082026018576,3324.0820260185756,3324.0820260185756,28.792923408036586
E3_cec2017,cec2017,10,50,GF-Method,2,3249699413588505176,500000,500000,5001.592927897029,4001.592927897029,4001.592927897029,25.646482390991878
E3_cec2017,cec2017,10,50,GF-Method,3,4241405674163981658,500000,500000,4613.636353153848,3613.636353153848,3613.636353153848,29.35731462802505
E3_cec2017,cec2017,10,50,GF-Method,4,3715375458705932276,500000,500000,5127.752456323746,4127.752456323746,4127.752456323746,29.926733636995777
E3_cec2017,cec2017,10,50,GF-Method,5,509754102661121964,500000,500000,4536.911047122714,3536.911047122714,3536.911047122714,25.94698581995908
E3_cec2017,cec2017,10,50,GF-Method,6,8415225657070599108,500000,500000,4266.361912912253,3266.3619129122526,3266.3619129122526,25.914039515017066
E3_cec2017,cec2017,10,50,GF-Method,7,3874153140597727530,500000,500000,3855.984773102151,2855.984773102151,2855.984773102151,26.872886110038962
E3_cec2017,cec2017,10,50,GF-Method,8,2944124116513046747,500000,500000,4378.592624642119,3378.5926246421186,3378.5926246421186,28.292280285037123
E3_cec2017,cec2017,10,50,GF-Method,9,1221592341343636135,500000,500000,4694.882286327236,3694.882286327236,3694.882286327236,29.264715146040544
E3_cec2017,cec2017,10,50,GF-Method,10,4343505503268511436,500000,500000,4844.919201609893,3844.919201609893,3844.919201609893,25.029060236003716
E3_cec2017,cec2017,10,50,GF-Method,11,3078660035450658748,500000,500000,4270.516645560016,3270.5166455600156,3270.5166455600156,31.93034932599403
E3_cec2017,cec2017,10,50,GF-Method,12,5427954315934403147,500000,500000,4468.94810007701,3468.94810007701,3468.94810007701,30.661863457004074
E3_cec2017,cec2017,10,50,GF-Method,13,1442244523033298281,500000,500000,4125.314668669798,3125.3146686697983,3125.3146686697983,27.849276560998987
E3_cec2017,cec2017,10,50,GF-Method,14,1931507721815726693,500000,500000,4237.365974622051,3237.365974622051,3237.365974622051,28.293190260999836
E3_cec2017,cec2017,10,50,GF-Method,15,4417305595700992100,500000,500000,4764.874717327257,3764.874717327257,3764.874717327257,28.457043527043425
E3_cec2017,cec2017,10,50,GF-Method,16,3632949834445338795,500000,500000,4827.637680634038,3827.6376806340377,3827.6376806340377,28.19842328503728
E3_cec2017,cec2017,10,50,GF-Method,17,3576439691844504481,500000,500000,4788.321337867634,3788.3213378676337,3788.3213378676337,25.578106244036462
E3_cec2017,cec2017,10,50,GF-Method,18,2898122849359358550,500000,500000,5019.001927900634,4019.0019279006337,4019.0019279006337,30.60729812300997
E3_cec2017,cec2017,10,50,GF-Method,19,4348163812612108328,500000,500000,4500.446382811642,3500.4463828116423,3500.4463828116423,24.87250821501948
E3_cec2017,cec2017,10,50,GF-Method,20,8513684201142207692,500000,500000,4450.157155177429,3450.1571551774286,3450.1571551774286,30.067086905997712
E3_cec2017,cec2017,10,50,GF-Method,21,967558724082194555,500000,500000,4666.794651240765,3666.7946512407652,3666.7946512407652,27.103282705007587
E3_cec2017,cec2017,10,50,GF-Method,22,3113516752207354419,500000,500000,4646.207378010662,3646.207378010662,3646.207378010662,29.79916521802079
E3_cec2017,cec2017,10,50,GF-Method,23,1329894643642410821,500000,500000,5044.360002030793,4044.360002030793,4044.360002030793,26.94454387197038
E3_cec2017,cec2017,10,50,GF-Method,24,7304323021359866263,500000,500000,4308.541566205939,3308.5415662059386,3308.5415662059386,28.76672440796392
E3_cec2017,cec2017,10,50,GF-Method,25,4960981270665808214,500000,500000,4472.932295635201,3472.9322956352007,3472.9322956352007,28.895010864012875
E3_cec2017,cec2017,10,50,GF-Method,26,7430548198521041369,500000,500000,4068.0078530980973,3068.0078530980973,3068.0078530980973,29.14919634797843
E3_cec2017,cec2017,10,50,GF-Method,27,399433416640130317,500000,500000,4039.7496880978288,3039.7496880978288,3039.7496880978288,28.418575256015174
E3_cec2017,cec2017,10,50,GF-Method,28,8638044265620705779,500000,500000,4641.4497995912025,3641.4497995912025,3641.4497995912025,27.040002275956795
E3_cec2017,cec2017,10,50,GF-Method,29,9059273987726444598,500000,500000,4546.554099767367,3546.554099767367,3546.554099767367,28.906186194973998
E3_cec2017,cec2017,12,50,GF-Method,0,1344021832056475982,500000,500000,3827.850057566717,2627.850057566717,2627.850057566717,27.18165325798327
E3_cec2017,cec2017,12,50,GF-Method,1,1339240429376622862,500000,500000,11768.787051360798,10568.787051360798,10568.787051360798,27.666783273976762
E3_cec2017,cec2017,12,50,GF-Method,2,8541722165987482346,500000,500000,4262.052240055734,3062.052240055734,3062.052240055734,28.780439462978393
E3_cec2017,cec2017,12,50,GF-Method,3,5041363381359010771,500000,500000,7523.731936656327,6323.731936656327,6323.731936656327,23.884985184005927
E3_cec2017,cec2017,12,50,GF-Method,4,7448704304458637119,500000,500000,3535.5305942333375,2335.5305942333375,2335.5305942333375,24.490805729001295
E3_cec2017,cec2017,12,50,GF-Method,5,2540220481811719733,500000,500000,3972.372011229369,2772.372011229369,2772.372011229369,28.369607822038233
E3_cec2017,cec2017,12,50,GF-Method,6,4328811337478044813,500000,500000,7161.40692611508,5961.40692611508,5961.40692611508,29.244354427035432
E3_cec2017,cec2017,12,50,GF-Method,7,6042088872584204494,500000,500000,6870.275511710688,5670.275511710688,5670.275511710688,22.585833928955253
E3_cec2017,cec2017,12,50,GF-Method,8,7117891380972125821,500000,500000,4893.4832793044225,3693.4832793044225,3693.4832793044225,25.02694153302582
E3_cec2017,cec2017,12,50,GF-Method,9,6027481965169872969,500000,500000,18833.720541886298,17633.720541886298,17633.720541886298,29.216420162993018
E3_cec2017,cec2017,12,50,GF-Method,10,2341259504491395697,500000,500000,6323.0448266448075,5123.0448266448075,5123.0448266448075,27.03352007799549
E3_cec2017,cec2017,12,50,GF-Method,11,3958772573325063032,500000,500000,4216.536017562905,3016.536017562905,3016.536017562905,28.082244889985304
E3_cec2017,cec2017,12,50,GF-Method,12,364999739588478211,500000,500000,5783.631248531456,4583.631248531456,4583.631248531456,28.695015339995734
E3_cec2017,cec2017,12,50,GF-Method,13,2785790673692624292,500000,500000,6120.70283259574,4920.70283259574,4920.70283259574,25.665101393999066
E3_cec2017,cec2017,12,50,GF-Method,14,1042527583972316203,500000,500000,5074.92484476181,3874.92484476181,3874.92484476181,30.525819770991802
E3_cec2017,cec2017,12,50,GF-Method,15,7664787278508020033,500000,500000,4144.74578137772,2944.74578137772,2944.74578137772,28.38624505698681
E3_cec2017,cec2017,12,50,GF-Method,16,6322276386088236703,500000,500000,7887.732532875091,6687.732532875091,6687.732532875091,30.53037629800383
E3_cec2017,cec2017,12,50,GF-Method,17,4544069810238866642,500000,500000,7723.189059950141,6523.189059950141,6523.189059950141,28.113609457039274
E3_cec2017,cec2017,12,50,GF-Method,18,6758243404738474897,500000,500000,3800.571198812307,2600.571198812307,2600.571198812307,26.715928048011847
E3_cec2017,cec2017,12,50,GF-Method,19,3939902534723658515,500000,500000,4017.1120697969354,2817.1120697969354,2817.1120697969354,27.05979406798724
E3_cec2017,cec2017,12,50,GF-Method,20,7290193809666339285,500000,500000,6249.187928877532,5049.187928877532,5049.187928877532,26.99899001303129
E3_cec2017,cec2017,12,50,GF-Method,21,4488760544874126817,500000,500000,6631.54062456316,5431.54062456316,5431.54062456316,30.14530347904656
E3_cec2017,cec2017,12,50,GF-Method,22,4491802070437925105,500000,500000,7608.20243928936,6408.20243928936,6408.20243928936,27.352668576990254
E3_cec2017,cec2017,12,50,GF-Method,23,8582118391348320033,500000,500000,5128.9868513988895,3928.9868513988895,3928.9868513988895,29.72263750201091
E3_cec2017,cec2017,12,50,GF-Method,24,8697658167324070172,500000,500000,7416.308283454047,6216.308283454047,6216.308283454047,28.50493881001603
E3_cec2017,cec2017,12,50,GF-Method,25,4153897478066937323,500000,500000,4866.4066521954,3666.4066521954,3666.4066521954,30.545034930983093
E3_cec2017,cec2017,12,50,GF-Method,26,4784030621715410338,500000,500000,5481.273370092684,4281.273370092684,4281.273370092684,31.290071500989143
E3_cec2017,cec2017,12,50,GF-Method,27,7907797214867145089,500000,500000,4665.119076817877,3465.1190768178767,3465.1190768178767,30.08399980800459
E3_cec2017,cec2017,12,50,GF-Method,28,8125054562315864079,500000,500000,5668.965632559817,4468.965632559817,4468.965632559817,29.307188911014237
E3_cec2017,cec2017,12,50,GF-Method,29,853620927887404612,500000,500000,8435.383138041663,7235.383138041663,7235.383138041663,28.811782739998307
E3_cec2017,cec2017,6,50,GF-Method,0,4717107231254242327,500000,500000,600.0000252374527,2.5237452746296185e-05,2.5237452746296185e-05,29.25738203304354
E3_cec2017,cec2017,6,50,GF-Method,1,1619767258985901149,500000,500000,600.0000269539686,2.695396858598542e-05,2.695396858598542e-05,26.348932475957554
E3_cec2017,cec2017,6,50,GF-Method,2,6574729221108839738,500000,500000,600.0000044625386,4.4625386408370105e-06,4.4625386408370105e-06,28.213079795008525
E3_cec2017,cec2017,6,50,GF-Method,3,6049156641546000392,500000,500000,600.0000206099309,2.0609930857062864e-05,2.0609930857062864e-05,32.712968956970144
E3_cec2017,cec2017,6,50,GF-Method,4,3282811504241938180,500000,500000,600.0000078496691,7.849669145798543e-06,7.849669145798543e-06,29.341295883001294
E3_cec2017,cec2017,6,50,GF-Method,5,3647957090040849260,500000,500000,600.0000056376003,5.637600338559423e-06,5.637600338559423e-06,32.38668215897633
E3_cec2017,cec2017,6,50,GF-Method,6,8783094436223824575,500000,500000,600.0000306857752,3.068577518661186e-05,3.068577518661186e-05,31.727527751005255
E3_cec2017,cec2017,6,50,GF-Method,7,8752025381991669759,500000,500000,600.0000094857755,9.485775535722496e-06,9.485775535722496e-06,29.180405534047168
E3_cec2017,cec2017,6,50,GF-Method,8,2515642992111051346,500000,500000,600.0000082685349,8.268534884336987e-06,8.268534884336987e-06,30.86437364696758
E3_cec2017,cec2017,6,50,GF-Method,9,8004312073064325142,500000,500000,600.0000169376275,1.6937627492552565e-05,1.6937627492552565e-05,29.976645413029473
E3_cec2017,cec2017,6,50,GF-Method,10,5085249397775095447,500000,500000,600.0000123028007,1.2302800655561441e-05,1.2302800655561441e-05,32.49053101998288
E3_cec2017,cec2017,6,50,GF-Method,11,5640270721400873435,500000,500000,600.0000189262529,1.8926252892015327e-05,1.8926252892015327e-05,30.46059781999793
E3_cec2017,cec2017,6,50,GF-Method,12,253350351803731741,500000,500000,600.0000538380807,5.383808070291707e-05,5.383808070291707e-05,31.85807894397294
E3_cec2017,cec2017,6,50,GF-Method,13,1386348369447851754,500000,500000,600.0000040120741,4.012074100501195e-06,4.012074100501195e-06,28.24486172600882
E3_cec2017,cec2017,6,50,GF-Method,14,2220354826594656026,500000,500000,600.0001103278433,0.00011032784334474854,0.00011032784334474854,28.989587083051447
E3_cec2017,cec2017,6,50,GF-Method,15,2312870758129585398,500000,500000,600.0000166310416,1.6631041603432095e-05,1.6631041603432095e-05,31.26033199200174
E3_cec2017,cec2017,6,50,GF-Method,16,3826945538327993889,500000,500000,600.00016120032,0.00016120032000799256,0.00016120032000799256,33.09859750699252
E3_cec2017,cec2017,6,50,GF-Method,17,603077224784652635,500000,500000,600.0000153516525,1.5351652450590336e-05,1.5351652450590336e-05,32.07843384501757
E3_cec2017,cec2017,6,50,GF-Method,18,6370119016662142848,500000,500000,600.000039922017,3.9922016981108754e-05,3.9922016981108754e-05,22.47884445800446
E3_cec2017,cec2017,6,50,GF-Method,19,7756812216269685891,500000,500000,600.0000045723903,4.572390253088088e-06,4.572390253088088e-06,31.658740932994988
E3_cec2017,cec2017,6,50,GF-Method,20,6323965576765673728,500000,500000,600.0000930394206,9.30394205624907e-05,9.30394205624907e-05,29.78681829100242
E3_cec2017,cec2017,6,50,GF-Method,21,1779953623838270011,500000,500000,600.0000046700075,4.670007456297753e-06,4.670007456297753e-06,25.454868047032505
E3_cec2017,cec2017,6,50,GF-Method,22,7925625567809709046,500000,500000,600.0000317052959,3.1705295896244934e-05,3.1705295896244934e-05,30.3054665439995
E3_cec2017,cec2017,6,50,GF-Method,23,7884305781564340522,500000,500000,600.000004875446,4.875446052210464e-06,4.875446052210464e-06,29.922337030991912
E3_cec2017,cec2017,6,50,GF-Method,24,6340159224334543710,500000,500000,600.0000097433854,9.743385362526169e-06,9.743385362526169e-06,31.318174411950167
E3_cec2017,cec2017,6,50,GF-Method,25,2518920829427976608,500000,500000,600.0000368503845,3.6850384503850364e-05,3.6850384503850364e-05,32.92996024899185
E3_cec2017,cec2017,6,50,GF-Method,26,3794909561249216694,500000,500000,600.0000200090892,2.0009089212180697e-05,2.0009089212180697e-05,31.626597814960405
E3_cec2017,cec2017,6,50,GF-Method,27,5185614724885745320,500000,500000,600.0000675259037,6.752590365977085e-05,6.752590365977085e-05,29.815040893969126
E3_cec2017,cec2017,6,50,GF-Method,28,4892367190358065229,500000,500000,600.0000022324931,2.2324931023831596e-06,2.2324931023831596e-06,28.120985893008765
E3_cec2017,cec2017,6,50,GF-Method,29,4597809606071857486,500000,500000,600.0000296780248,2.9678024816348625e-05,2.9678024816348625e-05,29.943416308029555
E2_cec2022_competition,cec2022,2,20,GF-Method,0,8030239762929926226,1000000,1000000,449.08447897948116,49.08447897948116,49.08447897948116,49.01080994302174
E2_cec2022_competition,cec2022,2,20,GF-Method,1,8565027747338966770,1000000,1000000,449.08447897948116,49.08447897948116,49.08447897948116,49.49732560798293
E2_cec2022_competition,cec2022,2,20,GF-Method,2,5716779960923209649,1000000,1000000,449.08447897948116,49.08447897948116,49.08447897948116,47.79633508797269
E2_cec2022_competition,cec2022,2,20,GF-Method,3,1946111906597259646,1000000,1000000,449.08447897948116,49.08447897948116,49.08447897948116,41.08006283798022
E2_cec2022_competition,cec2022,2,20,GF-Method,4,2295485882258996385,1000000,1000000,449.08447897948116,49.08447897948116,49.08447897948116,44.448690921999514
E2_cec2022_competition,cec2022,2,20,GF-Method,5,1714825485432769657,1000000,1000000,449.08447897948116,49.08447897948116,49.08447897948116,42.67033194802934
E2_cec2022_competition,cec2022,2,20,GF-Method,6,8139156696111657660,1000000,1000000,449.08447897948116,49.08447897948116,49.08447897948116,44.135078285995405
E2_cec2022_competition,cec2022,2,20,GF-Method,7,2674271143286270679,1000000,1000000,449.08447897948116,49.08447897948116,49.08447897948116,52.01320535503328
E2_cec2022_competition,cec2022,2,20,GF-Method,8,6798137222471308682,1000000,1000000,449.08447897948116,49.08447897948116,49.08447897948116,50.19732080795802
E2_cec2022_competition,cec2022,2,20,GF-Method,9,6036568340583238954,1000000,1000000,449.08447897948116,49.08447897948116,49.08447897948116,49.34034292004071
E2_cec2022_competition,cec2022,2,20,GF-Method,10,934648226287355412,1000000,1000000,449.08447897948116,49.08447897948116,49.08447897948116,42.10915179102449
E2_cec2022_competition,cec2022,2,20,GF-Method,11,2451233867035133542,1000000,1000000,449.08447897948116,49.08447897948116,49.08447897948116,43.03584480995778
E2_cec2022_competition,cec2022,2,20,GF-Method,12,9051140274133724797,1000000,1000000,449.08447897948116,49.08447897948116,49.08447897948116,42.84183608397143
E2_cec2022_competition,cec2022,2,20,GF-Method,13,8896216953493271864,1000000,1000000,449.08447897948116,49.08447897948116,49.08447897948116,44.069168694957625
E2_cec2022_competition,cec2022,2,20,GF-Method,14,4393934381539973341,1000000,1000000,449.08447897948116,49.08447897948116,49.08447897948116,46.43840624898439
E2_cec2022_competition,cec2022,2,20,GF-Method,15,4093609237359036156,1000000,1000000,449.08447897948116,49.08447897948116,49.08447897948116,47.27386464498704
E2_cec2022_competition,cec2022,2,20,GF-Method,16,8225943570600091791,1000000,1000000,449.08447897948116,49.08447897948116,49.08447897948116,46.72728176700184
E2_cec2022_competition,cec2022,2,20,GF-Method,17,14731610466417505,1000000,1000000,449.08447897948116,49.08447897948116,49.08447897948116,43.26638032501796
E2_cec2022_competition,cec2022,2,20,GF-Method,18,7974422252786698367,1000000,1000000,449.08447897948116,49.08447897948116,49.08447897948116,40.59531390701886
E2_cec2022_competition,cec2022,2,20,GF-Method,19,2679617604136932932,1000000,1000000,449.08447897948116,49.08447897948116,49.08447897948116,44.072650104993954
E2_cec2022_competition,cec2022,2,20,GF-Method,20,8841574221072478288,1000000,1000000,449.08447897948116,49.08447897948116,49.08447897948116,44.36265603400534
E2_cec2022_competition,cec2022,2,20,GF-Method,21,413658591380966335,1000000,1000000,449.08447897948116,49.08447897948116,49.08447897948116,48.06861893698806
E2_cec2022_competition,cec2022,2,20,GF-Method,22,4081255442951701656,1000000,1000000,449.08447897948116,49.08447897948116,49.08447897948116,50.87886832799995
E2_cec2022_competition,cec2022,2,20,GF-Method,23,2431511644800098825,1000000,1000000,449.08447897948116,49.08447897948116,49.08447897948116,50.36459430900868
E2_cec2022_competition,cec2022,2,20,GF-Method,24,9161725452677587214,1000000,1000000,449.08447897948116,49.08447897948116,49.08447897948116,41.64036803500494
E2_cec2022_competition,cec2022,2,20,GF-Method,25,1977941006995202070,1000000,1000000,449.08447897948116,49.08447897948116,49.08447897948116,46.79351362300804
E2_cec2022_competition,cec2022,2,20,GF-Method,26,1922943015930257831,1000000,1000000,449.08447897948116,49.08447897948116,49.08447897948116,49.188227239006665
E2_cec2022_competition,cec2022,2,20,GF-Method,27,1100648971517278750,1000000,1000000,449.08447897948116,49.08447897948116,49.08447897948116,49.597407684021164
E2_cec2022_competition,cec2022,2,20,GF-Method,28,5623368949199659924,1000000,1000000,449.08447897948116,49.08447897948116,49.08447897948116,47.973367021011654
E2_cec2022_competition,cec2022,2,20,GF-Method,29,3595054362419728579,1000000,1000000,449.08447897948116,49.08447897948116,49.08447897948116,45.60789908800507
E2_cec2022_competition,cec2022,1,20,GF-Method,0,8691533179822086712,1000000,1000000,300.0,0.0,0.0,52.535144661029335
E2_cec2022_competition,cec2022,1,20,GF-Method,1,8590226336088269167,1000000,1000000,300.0,0.0,0.0,48.59822269901633
E2_cec2022_competition,cec2022,1,20,GF-Method,2,4190786409613151630,1000000,1000000,300.0,0.0,0.0,45.6350089260377
E2_cec2022_competition,cec2022,1,20,GF-Method,3,1818260906949198695,1000000,1000000,300.0,0.0,0.0,47.56525215599686
E2_cec2022_competition,cec2022,1,20,GF-Method,4,922631904637957311,1000000,1000000,300.0,0.0,0.0,50.450971208978444
E2_cec2022_competition,cec2022,1,20,GF-Method,5,8103405607066197871,1000000,1000000,300.0,0.0,0.0,45.61352186399745
E2_cec2022_competition,cec2022,1,20,GF-Method,6,6843155365695283740,1000000,1000000,300.0,0.0,0.0,43.42652438301593
E2_cec2022_competition,cec2022,1,20,GF-Method,7,313638874225721348,1000000,1000000,300.0,0.0,0.0,41.2635600080248
E2_cec2022_competition,cec2022,1,20,GF-Method,8,7313938433946484387,1000000,1000000,300.0,0.0,0.0,42.655895752017386
E2_cec2022_competition,cec2022,1,20,GF-Method,9,6185333466806618131,1000000,1000000,300.0,0.0,0.0,47.02645919902716
E2_cec2022_competition,cec2022,1,20,GF-Method,10,5954201954749313431,1000000,1000000,300.0,0.0,0.0,45.952506449015345
E2_cec2022_competition,cec2022,1,20,GF-Method,11,846370319479010368,1000000,1000000,300.0,0.0,0.0,46.42327148100594
E2_cec2022_competition,cec2022,1,20,GF-Method,12,6622893698982101306,1000000,1000000,300.0,0.0,0.0,46.99034172599204
E2_cec2022_competition,cec2022,1,20,GF-Method,13,7423914824234672240,1000000,1000000,300.0,0.0,0.0,47.431589465995785
E2_cec2022_competition,cec2022,1,20,GF-Method,14,3646798373480643504,1000000,1000000,300.0,0.0,0.0,46.94715715898201
E2_cec2022_competition,cec2022,1,20,GF-Method,15,7612938498512348404,1000000,1000000,300.0,0.0,0.0,49.39531954500126
E2_cec2022_competition,cec2022,1,20,GF-Method,16,3394227425771364650,1000000,1000000,300.0,0.0,0.0,44.789272520982195
E2_cec2022_competition,cec2022,1,20,GF-Method,17,7153885105363958671,1000000,1000000,300.0,0.0,0.0,47.96326080599101
E2_cec2022_competition,cec2022,1,20,GF-Method,18,7335186581421316231,1000000,1000000,300.0,0.0,0.0,48.59862228797283
E2_cec2022_competition,cec2022,1,20,GF-Method,19,3445411245298096561,1000000,1000000,300.0,0.0,0.0,47.97485794802196
E2_cec2022_competition,cec2022,1,20,GF-Method,20,1140963092190505082,1000000,1000000,300.0,0.0,0.0,41.64260538097005
E2_cec2022_competition,cec2022,1,20,GF-Method,21,5278123037280384449,1000000,1000000,300.0,0.0,0.0,45.72830130701186
E2_cec2022_competition,cec2022,1,20,GF-Method,22,3941437445632592510,1000000,1000000,300.0,0.0,0.0,48.708175116975326
E2_cec2022_competition,cec2022,1,20,GF-Method,23,4274409887797364292,1000000,1000000,300.0,0.0,0.0,45.98412743699737
E2_cec2022_competition,cec2022,1,20,GF-Method,24,2757076711788600004,1000000,1000000,300.0,0.0,0.0,46.294976329023484
E2_cec2022_competition,cec2022,1,20,GF-Method,25,9192329336910490569,1000000,1000000,300.0,0.0,0.0,46.64215064502787
E2_cec2022_competition,cec2022,1,20,GF-Method,26,2229561817596558488,1000000,1000000,300.0,0.0,0.0,49.05945065402193
E2_cec2022_competition,cec2022,1,20,GF-Method,27,2732163133074857187,1000000,1000000,300.0,0.0,0.0,44.45967990299687
E2_cec2022_competition,cec2022,1,20,GF-Method,28,7999191090106321881,1000000,1000000,300.0,0.0,0.0,48.26940191799076
E2_cec2022_competition,cec2022,1,20,GF-Method,29,3683159908115140325,1000000,1000000,300.0,0.0,0.0,46.497899504960515
E2_cec2022_competition,cec2022,4,20,GF-Method,0,4729246411841541166,1000000,1000000,812.9351391011722,12.93513910117224,12.93513910117224,50.484290201973636
E2_cec2022_competition,cec2022,4,20,GF-Method,1,7166231666940254506,1000000,1000000,808.9557013329371,8.95570133293711,8.95570133293711,51.86210784496507
E2_cec2022_competition,cec2022,4,20,GF-Method,2,1671681922573875503,1000000,1000000,814.9273687115489,14.927368711548866,14.927368711548866,51.25942345295334
E2_cec2022_competition,cec2022,4,20,GF-Method,3,5628340319985128666,1000000,1000000,806.9647133996532,6.964713399653192,6.964713399653192,50.828437549993396
E2_cec2022_competition,cec2022,4,20,GF-Method,4,516351759468042644,1000000,1000000,807.9597853102538,7.959785310253778,7.959785310253778,46.554322041978594
E2_cec2022_competition,cec2022,4,20,GF-Method,5,1272443065972026487,1000000,1000000,807.9600859896287,7.9600859896287375,7.9600859896287375,44.29050118901068
E2_cec2022_competition,cec2022,4,20,GF-Method,6,6156559589741261880,1000000,1000000,810.9445496569524,10.944549656952404,10.944549656952404,49.971445383969694
E2_cec2022_competition,cec2022,4,20,GF-Method,7,7787342387091640020,1000000,1000000,812.9344627045622,12.93446270456218,12.93446270456218,49.25440363003872
E2_cec2022_competition,cec2022,4,20,GF-Method,8,149406035605564299,1000000,1000000,808.9561949899696,8.956194989969617,8.956194989969617,48.39656045800075
E2_cec2022_competition,cec2022,4,20,GF-Method,9,45226511159501355,1000000,1000000,809.9504740960365,9.950474096036487,9.950474096036487,45.60184818902053
E2_cec2022_competition,cec2022,4,20,GF-Method,10,8706670027103287093,1000000,1000000,814.9243808193058,14.924380819305838,14.924380819305838,43.93800466298126
E2_cec2022_competition,cec2022,4,20,GF-Method,11,4675209359139198574,1000000,1000000,809.9518430286876,9.951843028687563,9.951843028687563,44.69415148202097
E2_cec2022_competition,cec2022,4,20,GF-Method,12,8852402405342463447,1000000,1000000,809.9525931759193,9.952593175919333,9.952593175919333,52.40474595403066
E2_cec2022_competition,cec2022,4,20,GF-Method,13,6800627644784204630,1000000,1000000,815.9199409764454,15.919940976445446,15.919940976445446,50.5818217539927
E2_cec2022_competition,cec2022,4,20,GF-Method,14,3100895265300700078,1000000,1000000,810.9447619079948,10.944761907994803,10.944761907994803,50.33396389801055
E2_cec2022_competition,cec2022,4,20,GF-Method,15,7268953431622808544,1000000,1000000,810.9457619958608,10.945761995860835,10.945761995860835,51.267217461019754
E2_cec2022_competition,cec2022,4,20,GF-Method,16,452290820546139821,1000000,1000000,805.9697570177115,5.9697570177114585,5.9697570177114585,39.4021363480133
E2_cec2022_competition,cec2022,4,20,GF-Method,17,5845409955785034801,1000000,1000000,812.9344677424508,12.934467742450806,12.934467742450806,50.829769145988394
E2_cec2022_competition,cec2022,4,20,GF-Method,18,4000472092625559462,1000000,1000000,813.9307299904082,13.930729990408167,13.930729990408167,39.54689918702934
E2_cec2022_competition,cec2022,4,20,GF-Method,19,7999347770041793965,1000000,1000000,807.9616754176415,7.961675417641459,7.961675417641459,43.78601883596275
E2_cec2022_competition,cec2022,4,20,GF-Method,20,1780809419128224594,1000000,1000000,813.9311885331495,13.931188533149452,13.931188533149452,46.00042192003457
E2_cec2022_competition,cec2022,4,20,GF-Method,21,8179787389698348286,1000000,1000000,809.9519937361548,9.951993736154805,9.951993736154805,49.03133462899132
E2_cec2022_competition,cec2022,4,20,GF-Method,22,3280215764424920599,1000000,1000000,809.9500007437725,9.950000743772534,9.950000743772534,50.28850728896214
E2_cec2022_competition,cec2022,4,20,GF-Method,23,2070324643705722218,1000000,1000000,811.9408048461352,11.940804846135165,11.940804846135165,48.0982483199914
E2_cec2022_competition,cec2022,4,20,GF-Method,24,1856176415019081806,1000000,1000000,812.9361276352529,12.936127635252888,12.936127635252888,46.4300060129608
E2_cec2022_competition,cec2022,4,20,GF-Method,25,6176287296104584591,1000000,1000000,812.9353108762327,12.935310876232734,12.935310876232734,50.26056632201653
E2_cec2022_competition,cec2022,4,20,GF-Method,26,1209544285195946247,1000000,1000000,810.9452411791465,10.945241179146478,10.945241179146478,51.12140909099253
E2_cec2022_competition,cec2022,4,20,GF-Method,27,7533478411001758886,1000000,1000000,809.9508138032312,9.950813803231199,9.950813803231199,43.32042778696632
E2_cec2022_competition,cec2022,4,20,GF-Method,28,3209101822570675674,1000000,1000000,808.9546264760223,8.954626476022327,8.954626476022327,46.801956767973024
E2_cec2022_competition,cec2022,4,20,GF-Method,29,1109088279545595253,1000000,1000000,808.9546315138532,8.9546315138532,8.9546315138532,46.32563305902295
E2_cec2022_competition,cec2022,6,20,GF-Method,0,9064795121738188783,1000000,1000000,1800.9990795139418,0.9990795139417514,0.9990795139417514,53.665677794022486
E2_cec2022_competition,cec2022,6,20,GF-Method,1,7783287069451297567,1000000,1000000,1800.2678907118802,0.2678907118802272,0.2678907118802272,53.1977576270001
E2_cec2022_competition,cec2022,6,20,GF-Method,2,7970327524151223233,1000000,1000000,1803.7687944728596,3.768794472859554,3.768794472859554,48.60122058202978
E2_cec2022_competition,cec2022,6,20,GF-Method,3,6318150175241728124,1000000,1000000,1807.152785352213,7.152785352212959,7.152785352212959,54.55666029400891
E2_cec2022_competition,cec2022,6,20,GF-Method,4,5382724841232059979,1000000,1000000,1821.9713989565535,21.971398956553458,21.971398956553458,46.47286311601056
E2_cec2022_competition,cec2022,6,20,GF-Method,5,8737516674154427942,1000000,1000000,1802.9533406289488,2.9533406289488084,2.9533406289488084,52.49656020203838
E2_cec2022_competition,cec2022,6,20,GF-Method,6,4974826430496902216,1000000,1000000,1802.1445492854086,2.1445492854086297,2.1445492854086297,51.02686733700102
E2_cec2022_competition,cec2022,6,20,GF-Method,7,7582173073916713219,1000000,1000000,1805.277617386295,5.2776173862951055,5.2776173862951055,48.72712284501176
E2_cec2022_competition,cec2022,6,20,GF-Method,8,1291342504499488643,1000000,1000000,1813.0463369913427,13.046336991342741,13.046336991342741,44.609156333026476
E2_cec2022_competition,cec2022,6,20,GF-Method,9,918121094057466793,1000000,1000000,1800.2410305130309,0.2410305130308643,0.2410305130308643,51.07888970099157
E2_cec2022_competition,cec2022,6,20,GF-Method,10,580459806383716869,1000000,1000000,1801.1606771656136,1.1606771656136061,1.1606771656136061,51.66040148201864
E2_cec2022_competition,cec2022,6,20,GF-Method,11,7950720006757455408,1000000,1000000,1806.7625039426784,6.76250394267845,6.76250394267845,44.288922779029235
E2_cec2022_competition,cec2022,6,20,GF-Method,12,235859313946151036,1000000,1000000,1802.1785568711443,2.1785568711443375,2.1785568711443375,45.27637087897165
E2_cec2022_competition,cec2022,6,20,GF-Method,13,2791619861051002238,1000000,1000000,1802.3254169296179,2.325416929617859,2.325416929617859,43.9653253260185
E2_cec2022_competition,cec2022,6,20,GF-Method,14,4795016041050447007,1000000,1000000,1801.5512257720375,1.5512257720374691,1.5512257720374691,44.83142165699974
E2_cec2022_competition,cec2022,6,20,GF-Method,15,8421460481833236996,1000000,1000000,1803.2227555282989,3.222755528298876,3.222755528298876,50.1968686900218
E2_cec2022_competition,cec2022,6,20,GF-Method,16,6925019364723641183,1000000,1000000,1838.9340411811352,38.93404118113517,38.93404118113517,42.65956399199786
E2_cec2022_competition,cec2022,6,20,GF-Method,17,6223328039465477849,1000000,1000000,1802.2225097925075,2.2225097925074806,2.2225097925074806,42.08630278601777
E2_cec2022_competition,cec2022,6,20,GF-Method,18,1682593870494178296,1000000,1000000,1802.3543221353143,2.3543221353143053,2.3543221353143053,48.71820711402688
E2_cec2022_competition,cec2022,6,20,GF-Method,19,6954402953445755273,1000000,1000000,1801.160957012997,1.1609570129969597,1.1609570129969597,49.172668366984
E2_cec2022_competition,cec2022,6,20,GF-Method,20,1328256269412004222,1000000,1000000,1803.204724530244,3.2047245302439933,3.2047245302439933,49.06582042196533
E2_cec2022_competition,cec2022,6,20,GF-Method,21,4102467065080609304,1000000,1000000,1818.1313334080344,18.13133340803438,18.13133340803438,52.906723629974294
E2_cec2022_competition,cec2022,6,20,GF-Method,22,8281492699543589452,1000000,1000000,1803.14787277748,3.147872777479961,3.147872777479961,45.70572584401816
E2_cec2022_competition,cec2022,6,20,GF-Method,23,2973818227889605453,1000000,1000000,1802.2233378816563,2.2233378816563345,2.2233378816563345,47.47806855296949
E2_cec2022_competition,cec2022,6,20,GF-Method,24,7360521096941711385,1000000,1000000,1809.2126152765704,9.212615276570432,9.212615276570432,51.05490170797566
E2_cec2022_competition,cec2022,6,20,GF-Method,25,5682700603510694000,1000000,1000000,1802.3210370239733,2.321037023973304,2.321037023973304,50.97624921699753
E2_cec2022_competition,cec2022,6,20,GF-Method,26,1083462492067927783,1000000,1000000,1801.2386054772219,1.2386054772218813,1.2386054772218813,50.347035544982646
E2_cec2022_competition,cec2022,6,20,GF-Method,27,2345837111507216271,1000000,1000000,1802.4644063496717,2.4644063496716626,2.4644063496716626,43.95224979100749
E2_cec2022_competition,cec2022,6,20,GF-Method,28,7288580368127830190,1000000,1000000,1802.1199680459713,2.119968045971291,2.119968045971291,51.161170036997646
E2_cec2022_competition,cec2022,6,20,GF-Method,29,1245709163890714250,1000000,1000000,1802.1261026211505,2.126102621150494,2.126102621150494,45.31115541199688
E2_cec2022_competition,cec2022,5,20,GF-Method,0,6649348198475811260,1000000,1000000,900.0,0.0,0.0,48.341005379043054
E2_cec2022_competition,cec2022,5,20,GF-Method,1,3998394151181982138,1000000,1000000,900.0,0.0,0.0,48.80923548800638
E2_cec2022_competition,cec2022,5,20,GF-Method,2,4608013250368947784,1000000,1000000,900.0,0.0,0.0,52.81750040204497
E2_cec2022_competition,cec2022,5,20,GF-Method,3,310132762869395836,1000000,1000000,900.0,0.0,0.0,51.35575670597609
E2_cec2022_competition,cec2022,5,20,GF-Method,4,8319458745478147651,1000000,1000000,900.0,0.0,0.0,46.776441622001585
E2_cec2022_competition,cec2022,5,20,GF-Method,5,8055640299971020016,1000000,1000000,900.0,0.0,0.0,46.51675295701716
E2_cec2022_competition,cec2022,5,20,GF-Method,6,2930436475260632658,1000000,1000000,900.0,0.0,0.0,43.264046847994905
E2_cec2022_competition,cec2022,5,20,GF-Method,7,7941261113161843585,1000000,1000000,900.0,0.0,0.0,45.67440781299956
E2_cec2022_competition,cec2022,5,20,GF-Method,8,8119652908574725526,1000000,1000000,900.0,0.0,0.0,51.72444076498505
E2_cec2022_competition,cec2022,5,20,GF-Method,9,6786191543856952413,1000000,1000000,900.0,0.0,0.0,45.33674392598914
E2_cec2022_competition,cec2022,5,20,GF-Method,10,54407118426347065,1000000,1000000,900.0,0.0,0.0,50.18403425795259
E2_cec2022_competition,cec2022,5,20,GF-Method,11,75493662274376795,1000000,1000000,900.0,0.0,0.0,51.572008911985904
E2_cec2022_competition,cec2022,5,20,GF-Method,12,4022245850385839431,1000000,1000000,900.0,0.0,0.0,45.01528882997809
E2_cec2022_competition,cec2022,5,20,GF-Method,13,2211683537599070302,1000000,1000000,900.0,0.0,0.0,46.67327106499579
E2_cec2022_competition,cec2022,5,20,GF-Method,14,4098852956726011149,1000000,1000000,900.0,0.0,0.0,49.93349703704007
E2_cec2022_competition,cec2022,5,20,GF-Method,15,7705764141392712072,1000000,1000000,900.0,0.0,0.0,49.405237075989135
E2_cec2022_competition,cec2022,5,20,GF-Method,16,4006856072337003471,1000000,1000000,900.0,0.0,0.0,49.649345949001145
E2_cec2022_competition,cec2022,5,20,GF-Method,17,2449038575108010303,1000000,1000000,900.0,0.0,0.0,43.53722794004716
E2_cec2022_competition,cec2022,5,20,GF-Method,18,7315383472066194448,1000000,1000000,900.0,0.0,0.0,47.77448083803756
E2_cec2022_competition,cec2022,5,20,GF-Method,19,5004423462504783075,1000000,1000000,900.0,0.0,0.0,49.89583231200231
E2_cec2022_competition,cec2022,5,20,GF-Method,20,8244635660154276548,1000000,1000000,900.0,0.0,0.0,49.827916498994455
E2_cec2022_competition,cec2022,5,20,GF-Method,21,3513128197637044290,1000000,1000000,900.0,0.0,0.0,51.09714368800633
E2_cec2022_competition,cec2022,5,20,GF-Method,22,95883354525409822,1000000,1000000,900.0,0.0,0.0,47.753543096012436
E2_cec2022_competition,cec2022,5,20,GF-Method,23,6768297748842437976,1000000,1000000,900.0,0.0,0.0,49.06471156101907
E2_cec2022_competition,cec2022,5,20,GF-Method,24,8333964941841279491,1000000,1000000,900.0,0.0,0.0,49.77414682798553
E2_cec2022_competition,cec2022,5,20,GF-Method,25,7581928947297948101,1000000,1000000,900.0,0.0,0.0,51.12031086103525
E2_cec2022_competition,cec2022,5,20,GF-Method,26,1764753388581350111,1000000,1000000,900.0,0.0,0.0,49.62257424602285
E2_cec2022_competition,cec2022,5,20,GF-Method,27,3744062953951054183,1000000,1000000,900.0,0.0,0.0,46.133670401992276
E2_cec2022_competition,cec2022,5,20,GF-Method,28,4076263916486094489,1000000,1000000,900.0,0.0,0.0,49.55125587998191
E2_cec2022_competition,cec2022,5,20,GF-Method,29,1142069588477076126,1000000,1000000,900.0,0.0,0.0,50.26775122899562
E2_cec2022_competition,cec2022,3,20,GF-Method,0,5684581523640904866,1000000,1000000,600.0000000000001,0.0,1.1368683772161603e-13,54.212965654965956
E2_cec2022_competition,cec2022,3,20,GF-Method,1,321668210221309464,1000000,1000000,600.0000000000001,0.0,1.1368683772161603e-13,49.242743409995455
E2_cec2022_competition,cec2022,3,20,GF-Method,2,5901927362721329376,1000000,1000000,600.0000000000001,0.0,1.1368683772161603e-13,49.754709130036645
E2_cec2022_competition,cec2022,3,20,GF-Method,3,8876450621224748744,1000000,1000000,600.0000000000001,0.0,1.1368683772161603e-13,53.00298103201203
E2_cec2022_competition,cec2022,3,20,GF-Method,4,1744377148857337224,1000000,1000000,600.0000000000001,0.0,1.1368683772161603e-13,55.00198957900284
E2_cec2022_competition,cec2022,3,20,GF-Method,5,1053553937502723081,1000000,1000000,600.0000000000001,0.0,1.1368683772161603e-13,43.552258432027884
E2_cec2022_competition,cec2022,3,20,GF-Method,6,1586048261330263167,1000000,1000000,600.0000000000001,0.0,1.1368683772161603e-13,48.16011122200871
E2_cec2022_competition,cec2022,3,20,GF-Method,7,5761177000079212143,1000000,1000000,600.0000000000001,0.0,1.1368683772161603e-13,55.57463957800064
E2_cec2022_competition,cec2022,3,20,GF-Method,8,235790865961825111,1000000,1000000,600.0000000000001,0.0,1.1368683772161603e-13,50.93759503599722
E2_cec2022_competition,cec2022,3,20,GF-Method,9,5793265556434558188,1000000,1000000,600.0,0.0,0.0,53.331641371012665
E2_cec2022_competition,cec2022,3,20,GF-Method,10,8381363740860026012,1000000,1000000,600.0000000000001,0.0,1.1368683772161603e-13,53.7106291759992
E2_cec2022_competition,cec2022,3,20,GF-Method,11,50205274396874617,1000000,1000000,600.0,0.0,0.0,48.96299134398578
E2_cec2022_competition,cec2022,3,20,GF-Method,12,1923254337290324654,1000000,1000000,600.0,0.0,0.0,48.89889631699771
E2_cec2022_competition,cec2022,3,20,GF-Method,13,5635001547873894478,1000000,1000000,600.0,0.0,0.0,52.292135461000726
E2_cec2022_competition,cec2022,3,20,GF-Method,14,6500433141940153068,1000000,1000000,600.0000000000001,0.0,1.1368683772161603e-13,48.765341288992204
E2_cec2022_competition,cec2022,3,20,GF-Method,15,2574171118020001403,1000000,1000000,600.0,0.0,0.0,52.353868508012965
E2_cec2022_competition,cec2022,3,20,GF-Method,16,1277823805860887216,1000000,1000000,600.0000000000001,0.0,1.1368683772161603e-13,52.090467909991276
E2_cec2022_competition,cec2022,3,20,GF-Method,17,6270019846538237055,1000000,1000000,600.0000000000001,0.0,1.1368683772161603e-13,48.12879627599614
E2_cec2022_competition,cec2022,3,20,GF-Method,18,4439424686843136709,1000000,1000000,600.0000000000001,0.0,1.1368683772161603e-13,48.5761398000177
E2_cec2022_competition,cec2022,3,20,GF-Method,19,282563226483932954,1000000,1000000,600.0,0.0,0.0,47.61565435101511
E2_cec2022_competition,cec2022,3,20,GF-Method,20,7680920433941965398,1000000,1000000,600.0000000000001,0.0,1.1368683772161603e-13,49.370470507012215
E2_cec2022_competition,cec2022,3,20,GF-Method,21,8580468677076598453,1000000,1000000,600.0000000000001,0.0,1.1368683772161603e-13,48.746767751988955
E2_cec2022_competition,cec2022,3,20,GF-Method,22,5319126453126992753,1000000,1000000,600.0,0.0,0.0,51.38564043602673
E2_cec2022_competition,cec2022,3,20,GF-Method,23,2168236896688367341,1000000,1000000,600.0000000000001,0.0,1.1368683772161603e-13,51.073244712955784
E2_cec2022_competition,cec2022,3,20,GF-Method,24,5707555910134506178,1000000,1000000,600.0000000000001,0.0,1.1368683772161603e-13,55.893460983992554
E2_cec2022_competition,cec2022,3,20,GF-Method,25,2912350363347767305,1000000,1000000,600.0000000000001,0.0,1.1368683772161603e-13,49.65991646598559
E2_cec2022_competition,cec2022,3,20,GF-Method,26,6908574724410352824,1000000,1000000,600.0000000000001,0.0,1.1368683772161603e-13,53.78089385502972
E2_cec2022_competition,cec2022,3,20,GF-Method,27,6344312396383569891,1000000,1000000,600.0000000000001,0.0,1.1368683772161603e-13,53.54583692905726
E2_cec2022_competition,cec2022,3,20,GF-Method,28,1741697596981157072,1000000,1000000,600.0,0.0,0.0,44.97890612104675
E2_cec2022_competition,cec2022,3,20,GF-Method,29,8918044401956084994,1000000,1000000,600.0000000000001,0.0,1.1368683772161603e-13,52.17885916802334
E2_cec2022_competition,cec2022,9,20,GF-Method,0,6845037926356355471,1000000,1000000,2480.7812716777466,180.78127167774664,180.78127167774664,52.471066005004104
E2_cec2022_competition,cec2022,9,20,GF-Method,1,6470749134714318649,1000000,1000000,2480.7812716777466,180.78127167774664,180.78127167774664,53.79500303894747
E2_cec2022_competition,cec2022,9,20,GF-Method,2,6970828809047080544,1000000,1000000,2480.7812716777466,180.78127167774664,180.78127167774664,55.20082689996343
E2_cec2022_competition,cec2022,9,20,GF-Method,3,4533780199557857117,1000000,1000000,2480.7812716777466,180.78127167774664,180.78127167774664,51.984246028994676
E2_cec2022_competition,cec2022,9,20,GF-Method,4,4514864168507428265,1000000,1000000,2480.7812716777466,180.78127167774664,180.78127167774664,55.71466884901747
E2_cec2022_competition,cec2022,9,20,GF-Method,5,6983851679393625244,1000000,1000000,2480.7812716777466,180.78127167774664,180.78127167774664,52.86354738799855
E2_cec2022_competition,cec2022,9,20,GF-Method,6,3238083922456840081,1000000,1000000,2480.7812716777466,180.78127167774664,180.78127167774664,49.079868168977555
E2_cec2022_competition,cec2022,9,20,GF-Method,7,2535871470129139456,1000000,1000000,2480.7812716777466,180.78127167774664,180.78127167774664,54.43127423804253
E2_cec2022_competition,cec2022,9,20,GF-Method,8,967397191073305532,1000000,1000000,2480.7812716777466,180.78127167774664,180.78127167774664,53.4810696010245
E2_cec2022_competition,cec2022,9,20,GF-Method,9,3578270796332094825,1000000,1000000,2480.7812716777466,180.78127167774664,180.78127167774664,55.82741069997428
E2_cec2022_competition,cec2022,9,20,GF-Method,10,3582770066848959651,1000000,1000000,2480.7812716777466,180.78127167774664,180.78127167774664,52.33148888300639
E2_cec2022_competition,cec2022,9,20,GF-Method,11,681927666276239011,1000000,1000000,2480.7812716777466,180.78127167774664,180.78127167774664,50.2564106080099
E2_cec2022_competition,cec2022,9,20,GF-Method,12,7603249662078475272,1000000,1000000,2480.7812716777466,180.78127167774664,180.78127167774664,49.707309457007796
E2_cec2022_competition,cec2022,9,20,GF-Method,13,1406704725218827325,1000000,1000000,2480.7812716777466,180.78127167774664,180.78127167774664,44.73541215102887
E2_cec2022_competition,cec2022,9,20,GF-Method,14,8093394792485831215,1000000,1000000,2480.7812716777466,180.78127167774664,180.78127167774664,49.65894565504277
E2_cec2022_competition,cec2022,9,20,GF-Method,15,4663815475965840488,1000000,1000000,2480.7812716777466,180.78127167774664,180.78127167774664,53.475453516992275
E2_cec2022_competition,cec2022,9,20,GF-Method,16,6215022278155025539,1000000,1000000,2480.7812716777466,180.78127167774664,180.78127167774664,50.50918814097531
E2_cec2022_competition,cec2022,9,20,GF-Method,17,3117165288766155548,1000000,1000000,2480.7812716777466,180.78127167774664,180.78127167774664,48.810679895977955
E2_cec2022_competition,cec2022,9,20,GF-Method,18,921757291947315757,1000000,1000000,2480.7812716777466,180.78127167774664,180.78127167774664,42.44227910001064
E2_cec2022_competition,cec2022,9,20,GF-Method,19,399181439627171080,1000000,1000000,2480.7812716777466,180.78127167774664,180.78127167774664,47.41705773002468
E2_cec2022_competition,cec2022,9,20,GF-Method,20,4936927324549901395,1000000,1000000,2480.7812716777466,180.78127167774664,180.78127167774664,47.827199437015224
E2_cec2022_competition,cec2022,9,20,GF-Method,21,208507014514051897,1000000,1000000,2480.7812716777466,180.78127167774664,180.78127167774664,53.482730866991915
E2_cec2022_competition,cec2022,9,20,GF-Method,22,495118956083809695,1000000,1000000,2480.7812716777466,180.78127167774664,180.78127167774664,51.11611840699334
E2_cec2022_competition,cec2022,9,20,GF-Method,23,8333805166557460538,1000000,1000000,2480.7812716777466,180.78127167774664,180.78127167774664,52.606354363961145
E2_cec2022_competition,cec2022,9,20,GF-Method,24,3865790278640776021,1000000,1000000,2480.7812716777466,180.78127167774664,180.78127167774664,55.43909153301502
E2_cec2022_competition,cec2022,9,20,GF-Method,25,6426675785459444071,1000000,1000000,2480.7812716777466,180.78127167774664,180.78127167774664,53.64359298202908
E2_cec2022_competition,cec2022,9,20,GF-Method,26,6195037450114240605,1000000,1000000,2480.7812716777466,180.78127167774664,180.78127167774664,50.82566442800453
E2_cec2022_competition,cec2022,9,20,GF-Method,27,2499299956259993084,1000000,1000000,2480.7812716777466,180.78127167774664,180.78127167774664,44.921017694985494
E2_cec2022_competition,cec2022,9,20,GF-Method,28,1160129791152915475,1000000,1000000,2480.7812716777466,180.78127167774664,180.78127167774664,48.5729216740001
E2_cec2022_competition,cec2022,9,20,GF-Method,29,8600493093881103272,1000000,1000000,2480.781271677746,180.7812716777462,180.7812716777462,39.87173160701059
E2_cec2022_competition,cec2022,10,20,GF-Method,0,6356187828517768154,1000000,1000000,2500.461457407856,100.46145740785596,100.46145740785596,54.782935919007286
E2_cec2022_competition,cec2022,10,20,GF-Method,1,6104239492988162384,1000000,1000000,2500.5122740530082,100.51227405300824,100.51227405300824,53.34988070098916
E2_cec2022_competition,cec2022,10,20,GF-Method,2,7464037525105635045,1000000,1000000,2500.4305209869817,100.43052098698172,100.43052098698172,58.59797993599204
E2_cec2022_competition,cec2022,10,20,GF-Method,3,8703980584425157934,1000000,1000000,2400.0,0.0,0.0,54.264584541961085
E2_cec2022_competition,cec2022,10,20,GF-Method,4,2665112783520851722,1000000,1000000,2500.4596494608736,100.4596494608736,100.4596494608736,46.00199755403446
E2_cec2022_competition,cec2022,10,20,GF-Method,5,7543777440678312403,1000000,1000000,2400.031231323822,0.03123132382188487,0.03123132382188487,48.53854067804059
E2_cec2022_competition,cec2022,10,20,GF-Method,6,6328138609819226528,1000000,1000000,2500.4069687549895,100.40696875498952,100.40696875498952,50.845961637969594
E2_cec2022_competition,cec2022,10,20,GF-Method,7,8237739353798478787,1000000,1000000,2500.514276394847,100.514276394847,100.514276394847,53.99823855998693
E2_cec2022_competition,cec2022,10,20,GF-Method,8,1629517486805666281,1000000,1000000,2500.413756615797,100.41375661579696,100.41375661579696,55.05348300002515
E2_cec2022_competition,cec2022,10,20,GF-Method,9,1895406972993709643,1000000,1000000,2500.4342206541246,100.4342206541246,100.4342206541246,53.22787588799838
E2_cec2022_competition,cec2022,10,20,GF-Method,10,4589919735274413967,1000000,1000000,2500.3960765768775,100.39607657687748,100.39607657687748,54.46845434297575
E2_cec2022_competition,cec2022,10,20,GF-Method,11,6132262126897733753,1000000,1000000,2500.405448445092,100.40544844509213,100.40544844509213,47.37237381096929
E2_cec2022_competition,cec2022,10,20,GF-Method,12,6165260347954284949,1000000,1000000,2500.336664603645,100.3366646036452,100.3366646036452,48.60393494198797
E2_cec2022_competition,cec2022,10,20,GF-Method,13,1940233798012443056,1000000,1000000,2500.3775321290213,100.37753212902135,100.37753212902135,50.36276712198742
E2_cec2022_competition,cec2022,10,20,GF-Method,14,8956260713361633302,1000000,1000000,2500.380352086939,100.38035208693918,100.38035208693918,55.43065704294713
E2_cec2022_competition,cec2022,10,20,GF-Method,15,8407146983361324484,1000000,1000000,2500.4177846357848,100.41778463578476,100.41778463578476,48.64431142399553
E2_cec2022_competition,cec2022,10,20,GF-Method,16,7069254884473028780,1000000,1000000,2400.0,0.0,0.0,52.38472518295748
E2_cec2022_competition,cec2022,10,20,GF-Method,17,2818195441922875411,1000000,1000000,2500.413235341445,100.41323534144522,100.41323534144522,49.918539723032154
E2_cec2022_competition,cec2022,10,20,GF-Method,18,3941645999996190924,1000000,1000000,2500.446314175625,100.44631417562505,100.44631417562505,51.099198711977806
E2_cec2022_competition,cec2022,10,20,GF-Method,19,5638229163243644405,1000000,1000000,2500.3795740682,100.37957406819987,100.37957406819987,53.612972208997235
E2_cec2022_competition,cec2022,10,20,GF-Method,20,456844037330837215,1000000,1000000,2500.348716960242,100.3487169602422,100.3487169602422,50.53623147401959
E2_cec2022_competition,cec2022,10,20,GF-Method,21,3453746835699876511,1000000,1000000,2500.3589551371438,100.35895513714377,100.35895513714377,52.8246791769634
E2_cec2022_competition,cec2022,10,20,GF-Method,22,6950184433493324268,1000000,1000000,2500.4792467019283,100.47924670192833,100.47924670192833,56.618676398007665
E2_cec2022_competition,cec2022,10,20,GF-Method,23,1883643418835763289,1000000,1000000,2500.415192935861,100.41519293586089,100.41519293586089,54.55959005799377
E2_cec2022_competition,cec2022,10,20,GF-Method,24,81101439820756278,1000000,1000000,2500.3920923587734,100.39209235877343,100.39209235877343,54.77058026503073
E2_cec2022_competition,cec2022,10,20,GF-Method,25,1954608502290291183,1000000,1000000,2500.449436665055,100.44943666505515,100.44943666505515,50.88630419498077
E2_cec2022_competition,cec2022,10,20,GF-Method,26,4834977271756058517,1000000,1000000,2500.344263509566,100.34426350956619,100.34426350956619,50.92697951599257
E2_cec2022_competition,cec2022,10,20,GF-Method,27,6840125666129841838,1000000,1000000,2500.4152419311677,100.41524193116766,100.41524193116766,55.13095553900348
E2_cec2022_competition,cec2022,10,20,GF-Method,28,4284853673534584278,1000000,1000000,2500.3608799036892,100.36087990368924,100.36087990368924,46.700503312051296
E2_cec2022_competition,cec2022,10,20,GF-Method,29,6920940142939193221,1000000,1000000,2500.3677331210342,100.36773312103423,100.36773312103423,42.36991035396932
E3_cec2017,cec2017,18,50,GF-Method,0,8884935036583941777,500000,500000,2100.074649127376,300.0746491273758,300.0746491273758,21.792051179974806
E3_cec2017,cec2017,18,50,GF-Method,1,6606430340754580371,500000,500000,1951.9210143636838,151.92101436368375,151.92101436368375,28.86668085801648
E3_cec2017,cec2017,18,50,GF-Method,2,9183911019112607072,500000,500000,1946.1865981677702,146.18659816777017,146.18659816777017,27.71661091200076
E3_cec2017,cec2017,18,50,GF-Method,3,6303946787603762440,500000,500000,2030.3511846242884,230.3511846242884,230.3511846242884,27.23543767700903
E3_cec2017,cec2017,18,50,GF-Method,4,6799488294073440708,500000,500000,1918.9226053440623,118.92260534406228,118.92260534406228,27.074874081998132
E3_cec2017,cec2017,18,50,GF-Method,5,1513844953271244376,500000,500000,1899.4791514747828,99.47915147478284,99.47915147478284,28.205866325995885
E3_cec2017,cec2017,18,50,GF-Method,6,6530046252969888106,500000,500000,1860.2683235536947,60.2683235536947,60.2683235536947,29.756328613031656
E3_cec2017,cec2017,18,50,GF-Method,7,6337749459236896186,500000,500000,1921.1014428541987,121.1014428541987,121.1014428541987,27.034624848980457
E3_cec2017,cec2017,18,50,GF-Method,8,2601992342775566504,500000,500000,1953.7833294084257,153.78332940842574,153.78332940842574,26.88457831100095
E3_cec2017,cec2017,18,50,GF-Method,9,5664508498740394014,500000,500000,1920.8683147372217,120.86831473722168,120.86831473722168,26.867367229016963
E3_cec2017,cec2017,18,50,GF-Method,10,7599177645991428746,500000,500000,2100.876627667884,300.8766276678839,300.8766276678839,26.190090020012576
E3_cec2017,cec2017,18,50,GF-Method,11,9091208910698735129,500000,500000,1870.8359549634179,70.83595496341786,70.83595496341786,24.126595610985532
E3_cec2017,cec2017,18,50,GF-Method,12,6931477687956356428,500000,500000,2177.1873333623516,377.18733336235164,377.18733336235164,22.38324489997467
E3_cec2017,cec2017,18,50,GF-Method,13,3245864766834033685,500000,500000,1880.993168951853,80.99316895185302,80.99316895185302,24.76710598100908
E3_cec2017,cec2017,18,50,GF-Method,14,1935139831743550009,500000,500000,1937.4077349681547,137.40773496815473,137.40773496815473,28.243863273004536
E3_cec2017,cec2017,18,50,GF-Method,15,6618799766200692589,500000,500000,2128.730516660264,328.73051666026413,328.73051666026413,28.424314880976453
E3_cec2017,cec2017,18,50,GF-Method,16,9136592740146254827,500000,500000,1862.145960612783,62.14596061278303,62.14596061278303,28.47855508502107
E3_cec2017,cec2017,18,50,GF-Method,17,4651975031154368682,500000,500000,2085.256224059406,285.2562240594061,285.2562240594061,26.756545140000526
E3_cec2017,cec2017,18,50,GF-Method,18,5234745896071448043,500000,500000,1871.3442027623826,71.34420276238257,71.34420276238257,26.25844603899168
E3_cec2017,cec2017,18,50,GF-Method,19,6636100359141586851,500000,500000,1923.8814793176998,123.88147931769981,123.88147931769981,26.13859838002827
E3_cec2017,cec2017,18,50,GF-Method,20,3382033931840649251,500000,500000,1890.495111267302,90.49511126730204,90.49511126730204,27.730192224960774
E3_cec2017,cec2017,18,50,GF-Method,21,2434700415735719792,500000,500000,1917.9512699474506,117.95126994745056,117.95126994745056,23.903911843022797
E3_cec2017,cec2017,18,50,GF-Method,22,5768941226851880221,500000,500000,1980.061951020843,180.06195102084303,180.06195102084303,26.778754265978932
E3_cec2017,cec2017,18,50,GF-Method,23,3952962876324261911,500000,500000,1872.1284921773502,72.12849217735015,72.12849217735015,23.18594481499167
E3_cec2017,cec2017,18,50,GF-Method,24,153454293753061342,500000,500000,1869.317525233978,69.3175252339779,69.3175252339779,24.474873646046035
E3_cec2017,cec2017,18,50,GF-Method,25,7154150076147428164,500000,500000,1879.59351850396,79.59351850396001,79.59351850396001,28.530477000051178
E3_cec2017,cec2017,18,50,GF-Method,26,7499124593591898726,500000,500000,1942.93441377071,142.93441377071008,142.93441377071008,23.273752106993925
E3_cec2017,cec2017,18,50,GF-Method,27,6140268240189055235,500000,500000,1933.8165214381786,133.8165214381786,133.8165214381786,26.994361981982365
E3_cec2017,cec2017,18,50,GF-Method,28,1549123148024360592,500000,500000,2013.7801640511075,213.78016405110748,213.78016405110748,27.47613960999297
E3_cec2017,cec2017,18,50,GF-Method,29,4834113453505417917,500000,500000,1855.6825777245158,55.682577724515795,55.682577724515795,19.189283943967894
E2_cec2022_competition,cec2022,7,20,GF-Method,0,1571017129994299230,1000000,1000000,2002.9381125946347,2.938112594634731,2.938112594634731,58.697635039978195
E2_cec2022_competition,cec2022,7,20,GF-Method,1,9034853255122975401,1000000,1000000,2010.9562751990552,10.956275199055199,10.956275199055199,59.25090854696464
E2_cec2022_competition,cec2022,7,20,GF-Method,2,5817026264016055784,1000000,1000000,2020.8239693272487,20.823969327248733,20.823969327248733,59.46661405800842
E2_cec2022_competition,cec2022,7,20,GF-Method,3,3621016724745300969,1000000,1000000,2022.2097361375786,22.209736137578602,22.209736137578602,51.15375037997728
E2_cec2022_competition,cec2022,7,20,GF-Method,4,8465039962336776095,1000000,1000000,2004.9751342918569,4.975134291856875,4.975134291856875,60.89525851199869
E2_cec2022_competition,cec2022,7,20,GF-Method,5,5706514496242325905,1000000,1000000,2020.3638897264864,20.363889726486377,20.363889726486377,56.34218727197731
E2_cec2022_competition,cec2022,7,20,GF-Method,6,2089246943292821741,1000000,1000000,2005.7030667625947,5.703066762594744,5.703066762594744,57.038507709046826
E2_cec2022_competition,cec2022,7,20,GF-Method,7,4212166835095862079,1000000,1000000,2004.302780671372,4.30278067137192,4.30278067137192,60.42973999900278
E2_cec2022_competition,cec2022,7,20,GF-Method,8,1592168973081332262,1000000,1000000,2002.7786303754688,2.778630375468765,2.778630375468765,59.809067316993605
E2_cec2022_competition,cec2022,7,20,GF-Method,9,2421159059305073998,1000000,1000000,2004.4384317981658,4.438431798165766,4.438431798165766,53.693616738019045
E2_cec2022_competition,cec2022,7,20,GF-Method,10,5325379028564749165,1000000,1000000,2020.8682553016051,20.86825530160513,20.86825530160513,57.554867659986485
E2_cec2022_competition,cec2022,7,20,GF-Method,11,6753153989812566872,1000000,1000000,2020.1986896799053,20.19868967990533,20.19868967990533,54.87551607302157
E2_cec2022_competition,cec2022,7,20,GF-Method,12,7492141675020219263,1000000,1000000,2020.7162622635535,20.716262263553517,20.716262263553517,45.47187929798383
E2_cec2022_competition,cec2022,7,20,GF-Method,13,302878589089147410,1000000,1000000,2006.0499530989118,6.049953098911828,6.049953098911828,51.82192695199046
E2_cec2022_competition,cec2022,7,20,GF-Method,14,3040498938609489156,1000000,1000000,2021.5590892664775,21.559089266477486,21.559089266477486,55.00011521298438
E2_cec2022_competition,cec2022,7,20,GF-Method,15,518824058939962092,1000000,1000000,2015.9629562951695,15.962956295169533,15.962956295169533,59.92824256402673
E2_cec2022_competition,cec2022,7,20,GF-Method,16,8609153514705647671,1000000,1000000,2007.5979868425918,7.5979868425918085,7.5979868425918085,49.492128721030895
E2_cec2022_competition,cec2022,7,20,GF-Method,17,2514879133118412211,1000000,1000000,2009.5702646396862,9.57026463968623,9.57026463968623,56.317886242002714
E2_cec2022_competition,cec2022,7,20,GF-Method,18,4729379196041787593,1000000,1000000,2020.7950866351875,20.795086635187545,20.795086635187545,59.077502614993136
E2_cec2022_competition,cec2022,7,20,GF-Method,19,215950106010141735,1000000,1000000,2021.079416316958,21.07941631695803,21.07941631695803,56.78268293995643
E2_cec2022_competition,cec2022,7,20,GF-Method,20,4424922335852295968,1000000,1000000,2019.0472805924908,19.04728059249078,19.04728059249078,54.966614728968125
E2_cec2022_competition,cec2022,7,20,GF-Method,21,5220552580682957505,1000000,1000000,2007.7145266171854,7.714526617185356,7.714526617185356,57.701539871050045
E2_cec2022_competition,cec2022,7,20,GF-Method,22,6968138066487829106,1000000,1000000,2021.5545594921418,21.554559492141834,21.554559492141834,59.39504980103811
E2_cec2022_competition,cec2022,7,20,GF-Method,23,2814679845183043900,1000000,1000000,2007.2090394118472,7.209039411847243,7.209039411847243,54.86284793203231
E2_cec2022_competition,cec2022,7,20,GF-Method,24,278363623102228746,1000000,1000000,2014.7062742868068,14.706274286806774,14.706274286806774,56.69277912500547
E2_cec2022_competition,cec2022,7,20,GF-Method,25,4890487845483340316,1000000,1000000,2005.833381863612,5.833381863611976,5.833381863611976,52.40163353597745
E2_cec2022_competition,cec2022,7,20,GF-Method,26,4331107070700082586,1000000,1000000,2020.476028731322,20.476028731322003,20.476028731322003,54.06010443699779
E2_cec2022_competition,cec2022,7,20,GF-Method,27,7457688664806125095,1000000,1000000,2022.0093467198044,22.009346719804398,22.009346719804398,47.32300837000366
E2_cec2022_competition,cec2022,7,20,GF-Method,28,1447036717385820366,1000000,1000000,2022.3881976437801,22.38819764378013,22.38819764378013,52.007342078955844
E2_cec2022_competition,cec2022,7,20,GF-Method,29,3096768873358997043,1000000,1000000,2010.8332179346876,10.833217934687582,10.833217934687582,42.48872167803347
E2_cec2022_competition,cec2022,12,20,GF-Method,0,7614430963257721242,1000000,1000000,2933.9839607382737,233.9839607382737,233.9839607382737,58.03356161498232
E2_cec2022_competition,cec2022,12,20,GF-Method,1,1131408273047152983,1000000,1000000,2934.9643967904153,234.96439679041532,234.96439679041532,56.622019689006265
E2_cec2022_competition,cec2022,12,20,GF-Method,2,7885324777276259161,1000000,1000000,2937.1170098048356,237.11700980483556,237.11700980483556,54.071184127009474
E2_cec2022_competition,cec2022,12,20,GF-Method,3,175500905120328595,1000000,1000000,2933.974300946189,233.97430094618903,233.97430094618903,58.833611448993906
E2_cec2022_competition,cec2022,12,20,GF-Method,4,7346910231043436345,1000000,1000000,2933.9839607382737,233.9839607382737,233.9839607382737,58.89017294702353
E2_cec2022_competition,cec2022,12,20,GF-Method,5,1423179268991360567,1000000,1000000,2935.6964080742605,235.6964080742605,235.6964080742605,50.66751940897666
E2_cec2022_competition,cec2022,12,20,GF-Method,6,4665836264171299719,1000000,1000000,2935.6549204112753,235.65492041127527,235.65492041127527,59.46898040600354
E2_cec2022_competition,cec2022,12,20,GF-Method,7,6160485052811619465,1000000,1000000,2935.6549204112753,235.65492041127527,235.65492041127527,59.1261412120075
E2_cec2022_competition,cec2022,12,20,GF-Method,8,7206854517355568854,1000000,1000000,2934.3241352483483,234.32413524834828,234.32413524834828,52.74954375100788
E2_cec2022_competition,cec2022,12,20,GF-Method,9,7473868856408850657,1000000,1000000,2935.6964080742605,235.6964080742605,235.6964080742605,58.56064941798104
E2_cec2022_competition,cec2022,12,20,GF-Method,10,1927298126973720617,1000000,1000000,2934.9073283284793,234.90732832847925,234.90732832847925,59.83796194300521
E2_cec2022_competition,cec2022,12,20,GF-Method,11,8013845933494344980,1000000,1000000,2934.7359912703178,234.73599127031775,234.73599127031775,59.74323964002542
E2_cec2022_competition,cec2022,12,20,GF-Method,12,3423900112094372033,1000000,1000000,2937.7192027824062,237.71920278240623,237.71920278240623,51.769786456017755
E2_cec2022_competition,cec2022,12,20,GF-Method,13,2207060306416926313,1000000,1000000,2935.863740810831,235.86374081083113,235.86374081083113,57.77818370499881
E2_cec2022_competition,cec2022,12,20,GF-Method,14,3966818299576071723,1000000,1000000,2933.974300946189,233.97430094618903,233.97430094618903,56.98169847601093
E2_cec2022_competition,cec2022,12,20,GF-Method,15,1073702501187431150,1000000,1000000,2940.83013882695,240.83013882695013,240.83013882695013,52.55599671200616
E2_cec2022_competition,cec2022,12,20,GF-Method,16,1674479342943839839,1000000,1000000,2935.6549204112753,235.65492041127527,235.65492041127527,55.50171760498779
E2_cec2022_competition,cec2022,12,20,GF-Method,17,8341440268316704911,1000000,1000000,2940.137542089983,240.13754208998307,240.13754208998307,52.88123033498414
E2_cec2022_competition,cec2022,12,20,GF-Method,18,6814785347635956517,1000000,1000000,2938.8587977484185,238.8587977484185,238.8587977484185,56.83002586802468
E2_cec2022_competition,cec2022,12,20,GF-Method,19,1523049539585120539,1000000,1000000,2933.974300946189,233.97430094618903,233.97430094618903,54.7917358839768
E2_cec2022_competition,cec2022,12,20,GF-Method,20,4904824119542048677,1000000,1000000,2931.9506376332592,231.95063763325925,231.95063763325925,48.78768734104233
E2_cec2022_competition,cec2022,12,20,GF-Method,21,6771602513748295050,1000000,1000000,2937.1170098048356,237.11700980483556,237.11700980483556,55.962853076984175
E2_cec2022_competition,cec2022,12,20,GF-Method,22,1318632426815342303,1000000,1000000,2935.6549204112753,235.65492041127527,235.65492041127527,59.89945748395985
E2_cec2022_competition,cec2022,12,20,GF-Method,23,4252181525880490289,1000000,1000000,2931.9506376332592,231.95063763325925,231.95063763325925,56.80457187601132
E2_cec2022_competition,cec2022,12,20,GF-Method,24,8624630668186715499,1000000,1000000,2939.441795897301,239.44179589730084,239.44179589730084,56.21842253598152
E2_cec2022_competition,cec2022,12,20,GF-Method,25,3442623339085198440,1000000,1000000,2937.1170098048356,237.11700980483556,237.11700980483556,53.614266265998594
E2_cec2022_competition,cec2022,12,20,GF-Method,26,8650901656369515843,1000000,1000000,2933.974300946189,233.97430094618903,233.97430094618903,47.73867924697697
E2_cec2022_competition,cec2022,12,20,GF-Method,27,7998064897088094174,1000000,1000000,2933.761001661879,233.76100166187916,233.76100166187916,53.18416206794791
E2_cec2022_competition,cec2022,12,20,GF-Method,28,5368201260346599677,1000000,1000000,2935.2443549724476,235.24435497244758,235.24435497244758,51.87576257600449
E2_cec2022_competition,cec2022,12,20,GF-Method,29,6562637344635305646,1000000,1000000,2935.6549204112753,235.65492041127527,235.65492041127527,44.08010188100161
E2_cec2022_competition,cec2022,11,20,GF-Method,0,2998959227837750247,1000000,1000000,2900.0,300.0,300.0,55.54326374002267
E2_cec2022_competition,cec2022,11,20,GF-Method,1,3824952879025894606,1000000,1000000,2900.0,300.0,300.0,53.14743741595885
E2_cec2022_competition,cec2022,11,20,GF-Method,2,7444545778315767515,1000000,1000000,2900.0,300.0,300.0,60.05880048999097
E2_cec2022_competition,cec2022,11,20,GF-Method,3,270446731000906548,1000000,1000000,2900.0,300.0,300.0,54.067345266987104
E2_cec2022_competition,cec2022,11,20,GF-Method,4,4176336952073585154,1000000,1000000,2900.0,300.0,300.0,55.4921454609721
E2_cec2022_competition,cec2022,11,20,GF-Method,5,5177940223321604255,1000000,1000000,2900.0000000000005,300.00000000000045,300.00000000000045,60.626159526000265
E2_cec2022_competition,cec2022,11,20,GF-Method,6,8378654607212720501,1000000,1000000,2900.0,300.0,300.0,57.399349898973014
E2_cec2022_competition,cec2022,11,20,GF-Method,7,8206061099798292185,1000000,1000000,2900.0,300.0,300.0,53.718370986985974
E2_cec2022_competition,cec2022,11,20,GF-Method,8,8277360226602076773,1000000,1000000,2900.0,300.0,300.0,56.047935387992766
E2_cec2022_competition,cec2022,11,20,GF-Method,9,3472320920221987094,1000000,1000000,2900.0,300.0,300.0,54.102177319000475
E2_cec2022_competition,cec2022,11,20,GF-Method,10,6197663085167529313,1000000,1000000,2900.0000000000005,300.00000000000045,300.00000000000045,51.68543930299347
E2_cec2022_competition,cec2022,11,20,GF-Method,11,4410970764025959086,1000000,1000000,2900.0,300.0,300.0,56.72266278596362
E2_cec2022_competition,cec2022,11,20,GF-Method,12,755223340586027574,1000000,1000000,2900.0,300.0,300.0,56.39181371201994
E2_cec2022_competition,cec2022,11,20,GF-Method,13,482404819991005027,1000000,1000000,2900.0000000000005,300.00000000000045,300.00000000000045,57.36431871401146
E2_cec2022_competition,cec2022,11,20,GF-Method,14,4393980478158848860,1000000,1000000,2900.0,300.0,300.0,52.92377065401524
E2_cec2022_competition,cec2022,11,20,GF-Method,15,298380337935863001,1000000,1000000,2900.0,300.0,300.0,56.47693405498285
E2_cec2022_competition,cec2022,11,20,GF-Method,16,7571061234350029663,1000000,1000000,2900.0,300.0,300.0,59.91903500497574
E2_cec2022_competition,cec2022,11,20,GF-Method,17,575726554066465941,1000000,1000000,2900.0,300.0,300.0,59.756499579991214
E2_cec2022_competition,cec2022,11,20,GF-Method,18,3733333038004075462,1000000,1000000,2900.0,300.0,300.0,54.61641008104198
E2_cec2022_competition,cec2022,11,20,GF-Method,19,4520361921922951703,1000000,1000000,2900.0,300.0,300.0,56.672769676020835
E2_cec2022_competition,cec2022,11,20,GF-Method,20,5202923813621155833,1000000,1000000,2900.0,300.0,300.0,53.17993027000921
E2_cec2022_competition,cec2022,11,20,GF-Method,21,996339622614342668,1000000,1000000,3000.0000000000005,400.00000000000045,400.00000000000045,58.90285352099454
E2_cec2022_competition,cec2022,11,20,GF-Method,22,8463854981941011924,1000000,1000000,2900.0,300.0,300.0,58.46923629299272
E2_cec2022_competition,cec2022,11,20,GF-Method,23,3699334683458266664,1000000,1000000,2900.0,300.0,300.0,56.26381229999242
E2_cec2022_competition,cec2022,11,20,GF-Method,24,9203189207371300987,1000000,1000000,2900.0,300.0,300.0,53.848497905011754
E2_cec2022_competition,cec2022,11,20,GF-Method,25,4203356558036646903,1000000,1000000,2900.0000000000005,300.00000000000045,300.00000000000045,50.586774072027765
E2_cec2022_competition,cec2022,11,20,GF-Method,26,3273202812149935726,1000000,1000000,2900.0,300.0,300.0,53.44472660502652
E2_cec2022_competition,cec2022,11,20,GF-Method,27,6168305227943385067,1000000,1000000,2900.0,300.0,300.0,57.95561156200711
E2_cec2022_competition,cec2022,11,20,GF-Method,28,1827283805897714296,1000000,1000000,2900.0,300.0,300.0,51.68588155298494
E2_cec2022_competition,cec2022,11,20,GF-Method,29,8648470525552412272,1000000,1000000,2900.0,300.0,300.0,42.78391409502365
E3_cec2017,cec2017,17,50,GF-Method,0,7080580863458832997,500000,500000,1990.3311320180035,290.3311320180035,290.3311320180035,29.859084964031354
E3_cec2017,cec2017,17,50,GF-Method,1,4821047464365735642,500000,500000,2075.943643368794,375.9436433687938,375.9436433687938,31.358563897025306
E3_cec2017,cec2017,17,50,GF-Method,2,1973998697858685938,500000,500000,2030.8665762584124,330.86657625841235,330.86657625841235,30.67636186000891
E3_cec2017,cec2017,17,50,GF-Method,3,6120240766415239330,500000,500000,1991.7079281667686,291.7079281667686,291.7079281667686,31.351113392971456
E3_cec2017,cec2017,17,50,GF-Method,4,713014437496340587,500000,500000,2093.5438944622624,393.5438944622624,393.5438944622624,31.031898168032058
E3_cec2017,cec2017,17,50,GF-Method,5,444757515925703114,500000,500000,1946.602789283343,246.6027892833431,246.6027892833431,31.576994908973575
E3_cec2017,cec2017,17,50,GF-Method,6,4299502292542684626,500000,500000,2169.0031176465404,469.00311764654043,469.00311764654043,25.87631722202059
E3_cec2017,cec2017,17,50,GF-Method,7,5540690998913012601,500000,500000,2128.816196039827,428.816196039827,428.816196039827,32.36702837696066
E3_cec2017,cec2017,17,50,GF-Method,8,6604840130313504201,500000,500000,2028.2188046071442,328.2188046071442,328.2188046071442,30.613002030993812
E3_cec2017,cec2017,17,50,GF-Method,9,2935439583450311092,500000,500000,2193.308761440393,493.308761440393,493.308761440393,31.96800600498682
E3_cec2017,cec2017,17,50,GF-Method,10,6061510837347639207,500000,500000,2174.5985391603626,474.59853916036263,474.59853916036263,30.976309143996332
E3_cec2017,cec2017,17,50,GF-Method,11,5648803469659981359,500000,500000,2126.9845600116837,426.9845600116837,426.9845600116837,31.098403356969357
E3_cec2017,cec2017,17,50,GF-Method,12,6881264155616896229,500000,500000,1976.0778416862142,276.07784168621424,276.07784168621424,31.300750892958604
E3_cec2017,cec2017,17,50,GF-Method,13,3971628475462348899,500000,500000,1843.6403516754767,143.64035167547672,143.64035167547672,31.480736534984317
E3_cec2017,cec2017,17,50,GF-Method,14,3741988856251353956,500000,500000,2074.383648334823,374.3836483348232,374.3836483348232,32.88164685096126
E3_cec2017,cec2017,17,50,GF-Method,15,2062810927193307412,500000,500000,2057.5390538476386,357.53905384763857,357.53905384763857,32.65940782701364
E3_cec2017,cec2017,17,50,GF-Method,16,8890060769221037223,500000,500000,2097.68588023028,397.68588023027996,397.68588023027996,31.004807657038327
E3_cec2017,cec2017,17,50,GF-Method,17,6462708987916154037,500000,500000,2048.729622039875,348.7296220398748,348.7296220398748,32.09475233196281
E3_cec2017,cec2017,17,50,GF-Method,18,1592902038594861736,500000,500000,2243.163217909837,543.1632179098369,543.1632179098369,32.94915293698432
E3_cec2017,cec2017,17,50,GF-Method,19,2546517917188913488,500000,500000,2233.5444302347696,533.5444302347696,533.5444302347696,30.56708685203921
E3_cec2017,cec2017,17,50,GF-Method,20,2233241627567930180,500000,500000,2132.654792128255,432.65479212825494,432.65479212825494,30.848042396013625
E3_cec2017,cec2017,17,50,GF-Method,21,604429424042369940,500000,500000,2175.0128109207017,475.01281092070167,475.01281092070167,31.808062091993634
E3_cec2017,cec2017,17,50,GF-Method,22,8648519986127450113,500000,500000,2118.4628760464425,418.4628760464425,418.4628760464425,26.667320178006776
E3_cec2017,cec2017,17,50,GF-Method,23,3261782479216127980,500000,500000,2174.485448826968,474.48544882696797,474.48544882696797,27.0282918420271
E3_cec2017,cec2017,17,50,GF-Method,24,2711961986468224840,500000,500000,1937.024243766086,237.0242437660861,237.0242437660861,27.921311851998325
E3_cec2017,cec2017,17,50,GF-Method,25,2864443191120134935,500000,500000,1863.2381348123222,163.2381348123222,163.2381348123222,28.327357707021292
E3_cec2017,cec2017,17,50,GF-Method,26,6333937779076789817,500000,500000,2207.6986305013056,507.6986305013056,507.6986305013056,28.36424349999288
E3_cec2017,cec2017,17,50,GF-Method,27,8161899063273276461,500000,500000,2003.0192625174802,303.01926251748023,303.01926251748023,28.254365391039755
E3_cec2017,cec2017,17,50,GF-Method,28,2228478927703374434,500000,500000,2055.9086812788273,355.9086812788273,355.9086812788273,29.143642099981662
E3_cec2017,cec2017,17,50,GF-Method,29,1203923354717787005,500000,500000,2092.4555963988746,392.4555963988746,392.4555963988746,32.16788295703009
E3_cec2017,cec2017,20,50,GF-Method,0,5687446083377618754,500000,500000,2260.9986401996575,260.99864019965753,260.99864019965753,32.35101986100199
E3_cec2017,cec2017,20,50,GF-Method,1,3652653195262379077,500000,500000,2114.6031345765755,114.60313457657548,114.60313457657548,32.77149750402896
E3_cec2017,cec2017,20,50,GF-Method,2,5286172559120885076,500000,500000,2397.353779232648,397.35377923264787,397.35377923264787,32.02542362798704
E3_cec2017,cec2017,20,50,GF-Method,3,7990721225513622858,500000,500000,2397.0168081176057,397.0168081176057,397.0168081176057,31.777468679996673
E3_cec2017,cec2017,20,50,GF-Method,4,3602020647070219522,500000,500000,2281.7412337637415,281.74123376374155,281.74123376374155,33.38300471496768
E3_cec2017,cec2017,20,50,GF-Method,5,8578889232738272806,500000,500000,2353.4250571774214,353.4250571774214,353.4250571774214,31.1383814800065
E3_cec2017,cec2017,20,50,GF-Method,6,4709095854801048939,500000,500000,2436.578866813344,436.5788668133441,436.5788668133441,30.474013942992315
E3_cec2017,cec2017,20,50,GF-Method,7,7980283065412299304,500000,500000,2152.065471235527,152.06547123552718,152.06547123552718,28.25386499200249
E3_cec2017,cec2017,20,50,GF-Method,8,6266957488787168780,500000,500000,2098.740477859648,98.74047785964785,98.74047785964785,28.59076188103063
E3_cec2017,cec2017,20,50,GF-Method,9,3665605771872298817,500000,500000,2324.9175760605704,324.91757606057035,324.91757606057035,32.9312976479996
E3_cec2017,cec2017,20,50,GF-Method,10,7091895457301339785,500000,500000,2309.3258547671135,309.32585476711347,309.32585476711347,26.360211380990222
E3_cec2017,cec2017,20,50,GF-Method,11,235236169771295314,500000,500000,2110.1842788493045,110.18427884930452,110.18427884930452,31.29632849805057
E3_cec2017,cec2017,20,50,GF-Method,12,5846931548662108556,500000,500000,2263.0216316953174,263.0216316953174,263.0216316953174,32.437870828958694
E3_cec2017,cec2017,20,50,GF-Method,13,7445063395743346829,500000,500000,2341.684848450013,341.68484845001285,341.68484845001285,34.320243793015834
E3_cec2017,cec2017,20,50,GF-Method,14,3493704814779275173,500000,500000,2308.6160538943786,308.61605389437864,308.61605389437864,30.028382099990267
E3_cec2017,cec2017,20,50,GF-Method,15,7237928910111985579,500000,500000,2398.444501858921,398.44450185892083,398.44450185892083,29.87162642698968
E3_cec2017,cec2017,20,50,GF-Method,16,9129506470401270695,500000,500000,2222.5634058646874,222.5634058646874,222.5634058646874,30.309621958003845
E3_cec2017,cec2017,20,50,GF-Method,17,2493187487927454704,500000,500000,2244.9595749372143,244.95957493721426,244.95957493721426,32.368940381973516
E3_cec2017,cec2017,20,50,GF-Method,18,7993661728839121520,500000,500000,2293.83860309476,293.83860309475995,293.83860309475995,33.297777071013115
E3_cec2017,cec2017,20,50,GF-Method,19,2488670063168413197,500000,500000,2313.999280868822,313.9992808688221,313.9992808688221,31.395205572014675
E3_cec2017,cec2017,20,50,GF-Method,20,6021387113945437406,500000,500000,2454.5807172654722,454.58071726547223,454.58071726547223,31.615319921984337
E3_cec2017,cec2017,20,50,GF-Method,21,8206065118465942830,500000,500000,2381.20055973807,381.20055973806984,381.20055973806984,31.23826694698073
E3_cec2017,cec2017,20,50,GF-Method,22,39119696776340316,500000,500000,2237.9468479672564,237.94684796725642,237.94684796725642,33.424587047018576
E3_cec2017,cec2017,20,50,GF-Method,23,4021386626665552800,500000,500000,2251.4293193037565,251.42931930375653,251.42931930375653,33.66568922100123
E3_cec2017,cec2017,20,50,GF-Method,24,5997445542971125995,500000,500000,2423.165151483087,423.1651514830869,423.1651514830869,23.723356229951605
E3_cec2017,cec2017,20,50,GF-Method,25,1290362914650148687,500000,500000,2308.6936043443793,308.6936043443793,308.6936043443793,22.770235423988197
E3_cec2017,cec2017,20,50,GF-Method,26,599460682377593799,500000,500000,2357.966554329039,357.9665543290389,357.9665543290389,34.06865176401334
E3_cec2017,cec2017,20,50,GF-Method,27,5204366165776700250,500000,500000,2344.2528565796624,344.2528565796624,344.2528565796624,33.988881436001975
E3_cec2017,cec2017,20,50,GF-Method,28,3601284752700722077,500000,500000,2335.5396769367335,335.5396769367335,335.5396769367335,31.31261327204993
E3_cec2017,cec2017,20,50,GF-Method,29,7808847707889051576,500000,500000,2377.3883378432192,377.38833784321923,377.38833784321923,30.770914984983392
E2_cec2022_competition,cec2022,8,20,GF-Method,0,805644161038799866,1000000,1000000,2220.4714181533063,20.47141815330633,20.47141815330633,56.94931808300316
E2_cec2022_competition,cec2022,8,20,GF-Method,1,5110358981769649448,1000000,1000000,2220.1275660593815,20.12756605938148,20.12756605938148,64.20132753800135
E2_cec2022_competition,cec2022,8,20,GF-Method,2,3654443364595275594,1000000,1000000,2220.3945758212394,20.394575821239414,20.394575821239414,61.55296471400652
E2_cec2022_competition,cec2022,8,20,GF-Method,3,9142288947941789611,1000000,1000000,2220.6411330645037,20.64113306450372,20.64113306450372,59.64143585495185
E2_cec2022_competition,cec2022,8,20,GF-Method,4,2461991384221876373,1000000,1000000,2220.635176863095,20.635176863094784,20.635176863094784,64.59717866301071
E2_cec2022_competition,cec2022,8,20,GF-Method,5,5731478403391248869,1000000,1000000,2220.1867355109466,20.18673551094662,20.18673551094662,50.15872805402614
E2_cec2022_competition,cec2022,8,20,GF-Method,6,1752054478670621488,1000000,1000000,2220.298002744484,20.298002744484165,20.298002744484165,61.867988015990704
E2_cec2022_competition,cec2022,8,20,GF-Method,7,8271666088867296154,1000000,1000000,2220.4784142280046,20.478414228004567,20.478414228004567,56.70575089601334
E2_cec2022_competition,cec2022,8,20,GF-Method,8,9090355131276378224,1000000,1000000,2220.3976275778255,20.39762757782546,20.39762757782546,61.0002151200315
E2_cec2022_competition,cec2022,8,20,GF-Method,9,2963553510256039766,1000000,1000000,2220.647714444453,20.64771444445296,20.64771444445296,59.13064583099913
E2_cec2022_competition,cec2022,8,20,GF-Method,10,6491781960503945733,1000000,1000000,2219.4309597368406,19.430959736840578,19.430959736840578,53.74146963097155
E2_cec2022_competition,cec2022,8,20,GF-Method,11,4740548870956307967,1000000,1000000,2220.550448148315,20.5504481483149,20.5504481483149,64.17160723498091
E2_cec2022_competition,cec2022,8,20,GF-Method,12,7269445202384326711,1000000,1000000,2220.287363269791,20.287363269791058,20.287363269791058,58.24448039801791
E2_cec2022_competition,cec2022,8,20,GF-Method,13,1719924199686562828,1000000,1000000,2220.6535420661953,20.653542066195314,20.653542066195314,64.34520974603947
E2_cec2022_competition,cec2022,8,20,GF-Method,14,9003217999756273116,1000000,1000000,2220.518067876908,20.518067876907935,20.518067876907935,56.65648879902437
E2_cec2022_competition,cec2022,8,20,GF-Method,15,925256902733181558,1000000,1000000,2220.7154039948596,20.71540399485957,20.71540399485957,57.221986793971155
E2_cec2022_competition,cec2022,8,20,GF-Method,16,4228918418653278864,1000000,1000000,2220.4603243693236,20.460324369323644,20.460324369323644,60.560690963000525
E2_cec2022_competition,cec2022,8,20,GF-Method,17,1678259510308749256,1000000,1000000,2220.8450636509847,20.845063650984685,20.845063650984685,56.82669874798739
E2_cec2022_competition,cec2022,8,20,GF-Method,18,5229819171453153753,1000000,1000000,2220.4865313855657,20.48653138556574,20.48653138556574,61.773548595025204
E2_cec2022_competition,cec2022,8,20,GF-Method,19,909291380046397588,1000000,1000000,2220.5332987571087,20.533298757108696,20.533298757108696,61.738849573011976
E2_cec2022_competition,cec2022,8,20,GF-Method,20,949510302058507237,1000000,1000000,2220.3724298457396,20.37242984573959,20.37242984573959,61.37217822903767
E2_cec2022_competition,cec2022,8,20,GF-Method,21,8666566059206839400,1000000,1000000,2220.686262348805,20.68626234880503,20.68626234880503,61.30944582703523
E2_cec2022_competition,cec2022,8,20,GF-Method,22,5313654521095894526,1000000,1000000,2220.611319647469,20.611319647468918,20.611319647468918,59.47023482900113
E2_cec2022_competition,cec2022,8,20,GF-Method,23,2348639058194088346,1000000,1000000,2220.721379520226,20.721379520226037,20.721379520226037,57.036317391030025
E2_cec2022_competition,cec2022,8,20,GF-Method,24,3719932926534004999,1000000,1000000,2220.716757015874,20.71675701587401,20.71675701587401,51.469155358034186
E2_cec2022_competition,cec2022,8,20,GF-Method,25,1838765915218369509,1000000,1000000,2219.9066997770406,19.906699777040558,19.906699777040558,52.42356478102738
E2_cec2022_competition,cec2022,8,20,GF-Method,26,284956223923318894,1000000,1000000,2220.283532806502,20.28353280650208,20.28353280650208,56.49481552297948
E2_cec2022_competition,cec2022,8,20,GF-Method,27,6353039205749365940,1000000,1000000,2220.5237460832473,20.52374608324726,20.52374608324726,51.087326835957356
E2_cec2022_competition,cec2022,8,20,GF-Method,28,9044756306027609871,1000000,1000000,2220.7883197678757,20.78831976787569,20.78831976787569,53.758188829000574
E2_cec2022_competition,cec2022,8,20,GF-Method,29,7666106949356468054,1000000,1000000,2220.628968854968,20.628968854968207,20.628968854968207,53.40882818395039
E3_cec2017,cec2017,21,50,GF-Method,0,3474340425350544450,500000,500000,2334.8025456419,234.8025456419,234.8025456419,31.5963598699891
E3_cec2017,cec2017,21,50,GF-Method,1,4465910820873806136,500000,500000,2335.1729349400343,235.17293494003434,235.17293494003434,32.74837998498697
E3_cec2017,cec2017,21,50,GF-Method,2,971532588905261916,500000,500000,2330.420437581985,230.42043758198497,230.42043758198497,34.572862467961386
E3_cec2017,cec2017,21,50,GF-Method,3,5959146288062395752,500000,500000,2332.422945129712,232.42294512971193,232.42294512971193,31.254593259014655
E3_cec2017,cec2017,21,50,GF-Method,4,9182003704196245682,500000,500000,2345.0578679082596,245.0578679082596,245.0578679082596,30.418080764007755
E3_cec2017,cec2017,21,50,GF-Method,5,4872981658976783580,500000,500000,2335.429356218695,235.42935621869492,235.42935621869492,29.634101783041842
E3_cec2017,cec2017,21,50,GF-Method,6,8368154761246179395,500000,500000,2326.672389829301,226.6723898293012,226.6723898293012,28.801910965004936
E3_cec2017,cec2017,21,50,GF-Method,7,7341646733982926345,500000,500000,2330.6014192042367,230.60141920423666,230.60141920423666,30.43712737900205
E3_cec2017,cec2017,21,50,GF-Method,8,7949219602688451530,500000,500000,2329.0471489343954,229.0471489343954,229.0471489343954,30.603313378989697
E3_cec2017,cec2017,21,50,GF-Method,9,7449833522792925497,500000,500000,2327.8160188241786,227.81601882417863,227.81601882417863,26.590141289983876
E3_cec2017,cec2017,21,50,GF-Method,10,1892002070595934044,500000,500000,2332.2148040315033,232.21480403150326,232.21480403150326,30.730964262969792
E3_cec2017,cec2017,21,50,GF-Method,11,4886746816257435533,500000,500000,2338.5549766144945,238.55497661449454,238.55497661449454,32.87780496600317
E3_cec2017,cec2017,21,50,GF-Method,12,1789983172758866501,500000,500000,2332.542733525898,232.5427335258978,232.5427335258978,28.830240670009516
E3_cec2017,cec2017,21,50,GF-Method,13,4290981194224142584,500000,500000,2335.827804178922,235.82780417892218,235.82780417892218,34.32853882201016
E3_cec2017,cec2017,21,50,GF-Method,14,2369765379891901640,500000,500000,2340.874567113699,240.87456711369896,240.87456711369896,32.452934904024005
E3_cec2017,cec2017,21,50,GF-Method,15,1145977452596347159,500000,500000,2331.9517211459083,231.95172114590832,231.95172114590832,31.222465468978044
E3_cec2017,cec2017,21,50,GF-Method,16,2082825300476273312,500000,500000,2334.9450983412416,234.94509834124165,234.94509834124165,31.553892196970992
E3_cec2017,cec2017,21,50,GF-Method,17,780535253614652642,500000,500000,2335.6801823856094,235.68018238560944,235.68018238560944,29.08757136296481
E3_cec2017,cec2017,21,50,GF-Method,18,7687144325394776993,500000,500000,2332.0421822763806,232.04218227638057,232.04218227638057,29.572926901979372
E3_cec2017,cec2017,21,50,GF-Method,19,5310617817661788611,500000,500000,2338.1677956684243,238.16779566842433,238.16779566842433,31.453303962014616
E3_cec2017,cec2017,21,50,GF-Method,20,7530182101949016525,500000,500000,2336.8598792464354,236.8598792464354,236.8598792464354,33.007769608986564
E3_cec2017,cec2017,21,50,GF-Method,21,6208372885240915599,500000,500000,2333.2951854375483,233.2951854375483,233.2951854375483,29.02604716795031
E3_cec2017,cec2017,21,50,GF-Method,22,651664005644698971,500000,500000,2339.6129146272106,239.61291462721056,239.61291462721056,30.943744436022826
E3_cec2017,cec2017,21,50,GF-Method,23,1627536988440132860,500000,500000,2333.455898316886,233.45589831688585,233.45589831688585,29.10876619699411
E3_cec2017,cec2017,21,50,GF-Method,24,2866884183949609516,500000,500000,2329.4006278023353,229.4006278023353,229.4006278023353,29.720827736950014
E3_cec2017,cec2017,21,50,GF-Method,25,4256312252298364955,500000,500000,2333.9092185776194,233.9092185776194,233.9092185776194,29.106365382962395
E3_cec2017,cec2017,21,50,GF-Method,26,5580486751211160568,500000,500000,2331.3913501315646,231.39135013156465,231.39135013156465,32.94906868902035
E3_cec2017,cec2017,21,50,GF-Method,27,1648659278650090584,500000,500000,2344.092646587973,244.09264658797292,244.09264658797292,32.85866473597707
E3_cec2017,cec2017,21,50,GF-Method,28,501631338516212703,500000,500000,2336.943470354809,236.94347035480905,236.94347035480905,32.7086386649753
E3_cec2017,cec2017,21,50,GF-Method,29,2132285727456453505,500000,500000,2340.5111472222693,240.5111472222693,240.5111472222693,32.52694405603688
E3_cec2017,cec2017,22,50,GF-Method,0,6625870916630371295,500000,500000,2329.2511918157907,129.25119181579066,129.25119181579066,33.191646279999986
E3_cec2017,cec2017,22,50,GF-Method,1,1486031237558931578,500000,500000,6431.311614686138,4231.311614686138,4231.311614686138,38.274111398961395
E3_cec2017,cec2017,22,50,GF-Method,2,9012577520470425899,500000,500000,6524.764683443444,4324.764683443444,4324.764683443444,36.6095381740015
E3_cec2017,cec2017,22,50,GF-Method,3,358589270931182152,500000,500000,6827.039811991495,4627.039811991495,4627.039811991495,30.967839760007337
E3_cec2017,cec2017,22,50,GF-Method,4,5369429584780421526,500000,500000,6905.685674093115,4705.685674093115,4705.685674093115,36.744699825008865
E3_cec2017,cec2017,22,50,GF-Method,5,8109928100982519805,500000,500000,2334.4265046657097,134.42650466570967,134.42650466570967,33.464582443994004
E3_cec2017,cec2017,22,50,GF-Method,6,4678222813289755465,500000,500000,6334.52826942529,4134.52826942529,4134.52826942529,30.102140502014663
E3_cec2017,cec2017,22,50,GF-Method,7,1946624964119557663,500000,500000,6399.70986136674,4199.70986136674,4199.70986136674,33.12216082197847
E3_cec2017,cec2017,22,50,GF-Method,8,6712492867987803446,500000,500000,2341.15588000493,141.15588000493017,141.15588000493017,29.527880712994374
E3_cec2017,cec2017,22,50,GF-Method,9,8862009907013521264,500000,500000,2334.114815718518,134.114815718518,134.114815718518,24.576646513014566
E3_cec2017,cec2017,22,50,GF-Method,10,4334073841713789009,500000,500000,6928.880955681371,4728.880955681371,4728.880955681371,35.45700869400753
E3_cec2017,cec2017,22,50,GF-Method,11,7214507114519638532,500000,500000,6369.291452874084,4169.291452874084,4169.291452874084,37.229735404020175
E3_cec2017,cec2017,22,50,GF-Method,12,5879768482937257025,500000,500000,2333.1085226283913,133.10852262839126,133.10852262839126,35.2002591410419
E3_cec2017,cec2017,22,50,GF-Method,13,4485757606133197250,500000,500000,2338.2590824077665,138.25908240776653,138.25908240776653,35.65865042601945
E3_cec2017,cec2017,22,50,GF-Method,14,4446973222157800774,500000,500000,2339.656024040452,139.65602404045194,139.65602404045194,35.05852046399377
E3_cec2017,cec2017,22,50,GF-Method,15,2630151864761612282,500000,500000,6182.9519954847165,3982.9519954847165,3982.9519954847165,34.583317618002184
E3_cec2017,cec2017,22,50,GF-Method,16,449287020638607399,500000,500000,6310.140516008137,4110.140516008137,4110.140516008137,31.72400207701139
E3_cec2017,cec2017,22,50,GF-Method,17,3047049307720468965,500000,500000,6151.7334263580815,3951.7334263580815,3951.7334263580815,34.749518124968745
E3_cec2017,cec2017,22,50,GF-Method,18,5726876479970896212,500000,500000,2334.6203963226194,134.6203963226194,134.6203963226194,37.425527604005765
E3_cec2017,cec2017,22,50,GF-Method,19,7694452048064722107,500000,500000,2333.1077781290255,133.10777812902552,133.10777812902552,36.54243879101705
E3_cec2017,cec2017,22,50,GF-Method,20,4734695712226734045,500000,500000,2324.9406795162267,124.94067951622674,124.94067951622674,30.32933192595374
E3_cec2017,cec2017,22,50,GF-Method,21,1259273773456504401,500000,500000,6448.245446458633,4248.245446458633,4248.245446458633,31.69717140402645
E3_cec2017,cec2017,22,50,GF-Method,22,8009800320883798190,500000,500000,6507.291412642158,4307.291412642158,4307.291412642158,35.75569366198033
E3_cec2017,cec2017,22,50,GF-Method,23,6606276856916705213,500000,500000,5905.213626165307,3705.213626165307,3705.213626165307,27.962584483029786
E3_cec2017,cec2017,22,50,GF-Method,24,2257875919104892839,500000,500000,6525.452235272141,4325.452235272141,4325.452235272141,26.414449300034903
E3_cec2017,cec2017,22,50,GF-Method,25,6426252381382795237,500000,500000,6511.01145045807,4311.01145045807,4311.01145045807,32.00003476801794
E3_cec2017,cec2017,22,50,GF-Method,26,7374835779449294111,500000,500000,6128.65868607986,3928.6586860798598,3928.6586860798598,31.312060283962637
E3_cec2017,cec2017,22,50,GF-Method,27,4094112177373281800,500000,500000,6372.052539239859,4172.052539239859,4172.052539239859,32.64452455204446
E3_cec2017,cec2017,22,50,GF-Method,28,7076922422482904783,500000,500000,2333.9066244335927,133.9066244335927,133.9066244335927,33.00559797603637
E3_cec2017,cec2017,22,50,GF-Method,29,6236444264780676149,500000,500000,6388.109972676675,4188.109972676675,4188.109972676675,34.339141356991604
E3_cec2017,cec2017,23,50,GF-Method,0,4625136815801858405,500000,500000,2743.118029403965,443.118029403965,443.118029403965,35.03317305201199
E3_cec2017,cec2017,23,50,GF-Method,1,8309562242635848229,500000,500000,2749.2916701140794,449.29167011407935,449.29167011407935,35.26000535202911
E3_cec2017,cec2017,23,50,GF-Method,2,9124952466334150028,500000,500000,2744.8944277566197,444.89442775661973,444.89442775661973,34.37842443701811
E3_cec2017,cec2017,23,50,GF-Method,3,8429280566150177010,500000,500000,2750.2215517833647,450.2215517833647,450.2215517833647,38.390757101005875
E3_cec2017,cec2017,23,50,GF-Method,4,4624266979418546039,500000,500000,2746.141966750339,446.1419667503392,446.1419667503392,38.0079295450123
E3_cec2017,cec2017,23,50,GF-Method,5,1355962689048026547,500000,500000,2761.2095589770474,461.20955897704744,461.20955897704744,37.66968213400105
E3_cec2017,cec2017,23,50,GF-Method,6,4765026424822747155,500000,500000,2745.755698389513,445.7556983895129,445.7556983895129,38.165371374983806
E3_cec2017,cec2017,23,50,GF-Method,7,1810842836291170954,500000,500000,2755.3045731170005,455.3045731170005,455.3045731170005,34.7593542340328
E3_cec2017,cec2017,23,50,GF-Method,8,1236405725923109294,500000,500000,2746.9306219417385,446.93062194173854,446.93062194173854,38.28068400698248
E3_cec2017,cec2017,23,50,GF-Method,9,3010981708230688939,500000,500000,2759.988938773079,459.9889387730791,459.9889387730791,39.900880769011565
E3_cec2017,cec2017,23,50,GF-Method,10,1873856895156922913,500000,500000,2753.508341530547,453.5083415305471,453.5083415305471,38.09948719100794
E3_cec2017,cec2017,23,50,GF-Method,11,3649634280208018527,500000,500000,2747.9365467570315,447.93654675703146,447.93654675703146,37.112976199015975
E3_cec2017,cec2017,23,50,GF-Method,12,2413362279569269023,500000,500000,2760.9052040559236,460.9052040559236,460.9052040559236,39.07447103498271
E3_cec2017,cec2017,23,50,GF-Method,13,5791060299825340055,500000,500000,2757.547415046582,457.54741504658205,457.54741504658205,34.6361841049511
E3_cec2017,cec2017,23,50,GF-Method,14,3409393520304293071,500000,500000,2754.583607798215,454.58360779821487,454.58360779821487,39.534934355004225
E3_cec2017,cec2017,23,50,GF-Method,15,5358904868399960887,500000,500000,2766.358064651427,466.35806465142696,466.35806465142696,35.09068359999219
E3_cec2017,cec2017,23,50,GF-Method,16,2237558801414275438,500000,500000,2749.9541946294325,449.95419462943255,449.95419462943255,38.04707239201525
E3_cec2017,cec2017,23,50,GF-Method,17,2347351098153087864,500000,500000,2743.2305947741024,443.2305947741024,443.2305947741024,34.46765026100911
E3_cec2017,cec2017,23,50,GF-Method,18,4196664697761430711,500000,500000,2761.774839485184,461.7748394851842,461.7748394851842,30.012345762981568
E3_cec2017,cec2017,23,50,GF-Method,19,4970220972903624938,500000,500000,2752.3495086753146,452.3495086753146,452.3495086753146,29.167941727035213
E3_cec2017,cec2017,23,50,GF-Method,20,6213798077727799276,500000,500000,2759.297384722983,459.2973847229832,459.2973847229832,30.731071524030995
E3_cec2017,cec2017,23,50,GF-Method,21,4163449723022810137,500000,500000,2750.025508897279,450.025508897279,450.025508897279,30.027013804006856
E3_cec2017,cec2017,23,50,GF-Method,22,3749695726541811890,500000,500000,2753.2048550946192,453.20485509461923,453.20485509461923,33.36007847398287
E3_cec2017,cec2017,23,50,GF-Method,23,5482934100662295888,500000,500000,2765.3633284016564,465.3633284016564,465.3633284016564,34.42109617299866
E3_cec2017,cec2017,23,50,GF-Method,24,5537523214332391366,500000,500000,2766.7301583857243,466.7301583857243,466.7301583857243,29.283042522030883
E3_cec2017,cec2017,23,50,GF-Method,25,2381250332743224817,500000,500000,2755.468615484632,455.4686154846322,455.4686154846322,30.103106705006212
E3_cec2017,cec2017,23,50,GF-Method,26,8286613526987661695,500000,500000,2747.2503315286294,447.25033152862943,447.25033152862943,27.56234366603894
E3_cec2017,cec2017,23,50,GF-Method,27,6157912835002023168,500000,500000,2755.4814654660504,455.4814654660504,455.4814654660504,31.74155547103146
E3_cec2017,cec2017,23,50,GF-Method,28,559613678749428905,500000,500000,2757.0772299779264,457.07722997792644,457.07722997792644,31.102431161038112
E3_cec2017,cec2017,23,50,GF-Method,29,2103218064761014926,500000,500000,2755.4705026963697,455.47050269636975,455.47050269636975,29.99909104098333
E3_cec2017,cec2017,25,50,GF-Method,0,7528850371194975629,500000,500000,3065.5388877531605,565.5388877531605,565.5388877531605,37.65976148599293
E3_cec2017,cec2017,25,50,GF-Method,1,2992206023315987415,500000,500000,3062.7148652551523,562.7148652551523,562.7148652551523,33.86874926398741
E3_cec2017,cec2017,25,50,GF-Method,2,5221071523739886284,500000,500000,3027.5314626117306,527.5314626117306,527.5314626117306,36.025170837005135
E3_cec2017,cec2017,25,50,GF-Method,3,1934874797506654115,500000,500000,3068.5628421588162,568.5628421588162,568.5628421588162,35.04966045601759
E3_cec2017,cec2017,25,50,GF-Method,4,3896001542890199669,500000,500000,3027.239753733781,527.2397537337811,527.2397537337811,37.809515476983506
E3_cec2017,cec2017,25,50,GF-Method,5,3133953232786180721,500000,500000,3068.8805219653423,568.8805219653423,568.8805219653423,34.63426053704461
E3_cec2017,cec2017,25,50,GF-Method,6,6743938366580729178,500000,500000,3062.60668770184,562.6066877018402,562.6066877018402,34.49777836899739
E3_cec2017,cec2017,25,50,GF-Method,7,3462927726553397746,500000,500000,3062.604328817657,562.604328817657,562.604328817657,34.27323161700042
E3_cec2017,cec2017,25,50,GF-Method,8,4732231662658961619,500000,500000,3028.9053972352995,528.9053972352995,528.9053972352995,38.957192024972755
E3_cec2017,cec2017,25,50,GF-Method,9,4437000769602127614,500000,500000,3027.3859057856607,527.3859057856607,527.3859057856607,38.684649389993865
E3_cec2017,cec2017,25,50,GF-Method,10,3510728546603754214,500000,500000,3027.5018498882782,527.5018498882782,527.5018498882782,36.14009853702737
E3_cec2017,cec2017,25,50,GF-Method,11,183352374871130336,500000,500000,3028.0337360335907,528.0337360335907,528.0337360335907,35.699260084016714
E3_cec2017,cec2017,25,50,GF-Method,12,4016362332705658769,500000,500000,3062.7428390253267,562.7428390253267,562.7428390253267,36.274037463997956
E3_cec2017,cec2017,25,50,GF-Method,13,7193189927854404022,500000,500000,3030.3915498419374,530.3915498419374,530.3915498419374,38.360303963010665
E3_cec2017,cec2017,25,50,GF-Method,14,8031002535776892866,500000,500000,3027.4832626682546,527.4832626682546,527.4832626682546,37.782702066004276
E3_cec2017,cec2017,25,50,GF-Method,15,1355769559855835285,500000,500000,3027.633616977808,527.6336169778078,527.6336169778078,35.60203724098392
E3_cec2017,cec2017,25,50,GF-Method,16,3558169540355118118,500000,500000,3068.5225328630127,568.5225328630127,568.5225328630127,35.478729685011785
E3_cec2017,cec2017,25,50,GF-Method,17,8495330291914848740,500000,500000,3062.722560619066,562.7225606190659,562.7225606190659,32.173158761987
E3_cec2017,cec2017,25,50,GF-Method,18,8120925608874148961,500000,500000,3017.2174220893276,517.2174220893276,517.2174220893276,36.493328990007285
E3_cec2017,cec2017,25,50,GF-Method,19,3367708536725691430,500000,500000,3062.8365444408246,562.8365444408246,562.8365444408246,25.197650686954148
E3_cec2017,cec2017,25,50,GF-Method,20,5635318522298090949,500000,500000,3019.1406363940314,519.1406363940314,519.1406363940314,31.34207004099153
E3_cec2017,cec2017,25,50,GF-Method,21,2425301982765714692,500000,500000,3062.6730831444875,562.6730831444875,562.6730831444875,27.332435326999985
E3_cec2017,cec2017,25,50,GF-Method,22,8439218649908017875,500000,500000,3027.735899035947,527.7358990359471,527.7358990359471,32.47383782902034
E3_cec2017,cec2017,25,50,GF-Method,23,8986160084491559598,500000,500000,3020.525432797306,520.5254327973062,520.5254327973062,33.00083132501459
E3_cec2017,cec2017,25,50,GF-Method,24,8429924005349740026,500000,500000,3019.134431134419,519.1344311344192,519.1344311344192,35.82965427299496
E3_cec2017,cec2017,25,50,GF-Method,25,6922153399009749116,500000,500000,2980.3610727018395,480.3610727018395,480.3610727018395,37.27652519399999
E3_cec2017,cec2017,25,50,GF-Method,26,8495445810984179777,500000,500000,2961.7634144028734,461.7634144028734,461.7634144028734,28.584361766988877
E3_cec2017,cec2017,25,50,GF-Method,27,9196307364658457491,500000,500000,3030.236540079586,530.2365400795861,530.2365400795861,23.54709001298761
E3_cec2017,cec2017,25,50,GF-Method,28,5761884254281903800,500000,500000,3027.5516983011703,527.5516983011703,527.5516983011703,23.181281889032107
E3_cec2017,cec2017,25,50,GF-Method,29,3691072939577988370,500000,500000,3027.616351664821,527.6163516648212,527.6163516648212,28.500546741997823
E3_cec2017,cec2017,24,50,GF-Method,0,7244641760961952502,500000,500000,2926.7154708302473,526.7154708302473,526.7154708302473,33.92089463805314
E3_cec2017,cec2017,24,50,GF-Method,1,6863223243980126111,500000,500000,2925.7563985585766,525.7563985585766,525.7563985585766,36.66302553500282
E3_cec2017,cec2017,24,50,GF-Method,2,9173570694816556134,500000,500000,2923.4128650495404,523.4128650495404,523.4128650495404,34.40245295595378
E3_cec2017,cec2017,24,50,GF-Method,3,5602830926356513520,500000,500000,2912.6163796167993,512.6163796167993,512.6163796167993,36.235622221953236
E3_cec2017,cec2017,24,50,GF-Method,4,5828879943878620547,500000,500000,2922.4734527683186,522.4734527683186,522.4734527683186,37.57428608799819
E3_cec2017,cec2017,24,50,GF-Method,5,6778129137280322639,500000,500000,2917.854690885474,517.8546908854742,517.8546908854742,32.046718387980945
E3_cec2017,cec2017,24,50,GF-Method,6,4771794430510647289,500000,500000,2927.2740417038835,527.2740417038835,527.2740417038835,36.35649580397876
E3_cec2017,cec2017,24,50,GF-Method,7,7191054983437539861,500000,500000,2927.0361069107335,527.0361069107335,527.0361069107335,35.0815377359977
E3_cec2017,cec2017,24,50,GF-Method,8,6154648599109287747,500000,500000,2924.259444820982,524.259444820982,524.259444820982,36.79777897999156
E3_cec2017,cec2017,24,50,GF-Method,9,6205745308268436786,500000,500000,2926.247424950967,526.2474249509669,526.2474249509669,39.61097698297817
E3_cec2017,cec2017,24,50,GF-Method,10,9103834764629033049,500000,500000,2922.5728956334256,522.5728956334256,522.5728956334256,36.18093128298642
E3_cec2017,cec2017,24,50,GF-Method,11,5711381790995595187,500000,500000,2929.0811829479476,529.0811829479476,529.0811829479476,36.320126248989254
E3_cec2017,cec2017,24,50,GF-Method,12,5776768429996219469,500000,500000,2921.631555505047,521.6315555050469,521.6315555050469,35.74811005796073
E3_cec2017,cec2017,24,50,GF-Method,13,8636376164623081791,500000,500000,2923.853548763628,523.8535487636282,523.8535487636282,35.69470197497867
E3_cec2017,cec2017,24,50,GF-Method,14,3699872052841246975,500000,500000,2926.377370233373,526.3773702333729,526.3773702333729,36.83955454500392
E3_cec2017,cec2017,24,50,GF-Method,15,2216093888089563964,500000,500000,2918.0670896260067,518.0670896260067,518.0670896260067,37.19100905902451
E3_cec2017,cec2017,24,50,GF-Method,16,5657901289412460322,500000,500000,2916.8611418451937,516.8611418451937,516.8611418451937,37.71082952001598
E3_cec2017,cec2017,24,50,GF-Method,17,7309447366016336258,500000,500000,2926.9191831261282,526.9191831261282,526.9191831261282,31.787623766984325
E3_cec2017,cec2017,24,50,GF-Method,18,7549861539246724499,500000,500000,2935.207630274889,535.2076302748892,535.2076302748892,34.767226859985385
E3_cec2017,cec2017,24,50,GF-Method,19,8514187357129250604,500000,500000,2923.3741546445012,523.3741546445012,523.3741546445012,32.9075674880296
E3_cec2017,cec2017,24,50,GF-Method,20,2067198642328198815,500000,500000,2916.683530537379,516.6835305373788,516.6835305373788,28.29948254302144
E3_cec2017,cec2017,24,50,GF-Method,21,6836328948715700872,500000,500000,2928.8535204868945,528.8535204868945,528.8535204868945,37.23151476099156
E3_cec2017,cec2017,24,50,GF-Method,22,4831172209235020113,500000,500000,2915.0498977406905,515.0498977406905,515.0498977406905,32.65084193099756
E3_cec2017,cec2017,24,50,GF-Method,23,9220661244240219762,500000,500000,2935.5000065461154,535.5000065461154,535.5000065461154,33.39628545404412
E3_cec2017,cec2017,24,50,GF-Method,24,259123628308533829,500000,500000,2919.30350801628,519.3035080162799,519.3035080162799,37.27377784100827
E3_cec2017,cec2017,24,50,GF-Method,25,5242855028733919753,500000,500000,2925.021746603028,525.0217466030281,525.0217466030281,35.94827924796846
E3_cec2017,cec2017,24,50,GF-Method,26,3681486087688683424,500000,500000,2928.205947119991,528.2059471199909,528.2059471199909,35.6643588229781
E3_cec2017,cec2017,24,50,GF-Method,27,1630401723889756999,500000,500000,2926.9891853704457,526.9891853704457,526.9891853704457,27.532384524994995
E3_cec2017,cec2017,24,50,GF-Method,28,1505888578218547061,500000,500000,2924.483410552333,524.4834105523332,524.4834105523332,27.15220546600176
E3_cec2017,cec2017,24,50,GF-Method,29,2756786416260508856,500000,500000,2916.831623178075,516.831623178075,516.831623178075,34.43582776404219
E3_cec2017,cec2017,26,50,GF-Method,0,8534356116411275389,500000,500000,4033.979170187497,1433.979170187497,1433.979170187497,36.35997490998125
E3_cec2017,cec2017,26,50,GF-Method,1,6566652500379477528,500000,500000,4027.5358575788614,1427.5358575788614,1427.5358575788614,35.26237346394919
E3_cec2017,cec2017,26,50,GF-Method,2,3027361630965875761,500000,500000,4031.628832423894,1431.628832423894,1431.628832423894,36.86677293700632
E3_cec2017,cec2017,26,50,GF-Method,3,6027860847278574103,500000,500000,4010.2902896269343,1410.2902896269343,1410.2902896269343,39.02268278005067
E3_cec2017,cec2017,26,50,GF-Method,4,1433833893422491856,500000,500000,3914.5189092738565,1314.5189092738565,1314.5189092738565,38.431586821970996
E3_cec2017,cec2017,26,50,GF-Method,5,1318491645888012525,500000,500000,3953.8627780896295,1353.8627780896295,1353.8627780896295,40.55937369703315
E3_cec2017,cec2017,26,50,GF-Method,6,6928285127002245691,500000,500000,3994.701159135614,1394.701159135614,1394.701159135614,42.06703928502975
E3_cec2017,cec2017,26,50,GF-Method,7,4835809538022217811,500000,500000,3996.6017552322983,1396.6017552322983,1396.6017552322983,40.15147988701938
E3_cec2017,cec2017,26,50,GF-Method,8,6010881811689590161,500000,500000,3890.2716966092435,1290.2716966092435,1290.2716966092435,40.26810615201248
E3_cec2017,cec2017,26,50,GF-Method,9,3923314640200460982,500000,500000,4014.463875461513,1414.463875461513,1414.463875461513,40.34472123195883
E3_cec2017,cec2017,26,50,GF-Method,10,3238986503628754332,500000,500000,4015.3536465699017,1415.3536465699017,1415.3536465699017,41.88637318502879
E3_cec2017,cec2017,26,50,GF-Method,11,5233204967232902053,500000,500000,4053.99691772046,1453.9969177204598,1453.9969177204598,41.93888170097489
E3_cec2017,cec2017,26,50,GF-Method,12,9163557787434625400,500000,500000,3987.6982403238003,1387.6982403238003,1387.6982403238003,41.033553255023435
E3_cec2017,cec2017,26,50,GF-Method,13,5064920218333153580,500000,500000,3942.338520641497,1342.3385206414969,1342.3385206414969,39.64664652396459
E3_cec2017,cec2017,26,50,GF-Method,14,5006033281834218254,500000,500000,3983.324037285879,1383.324037285879,1383.324037285879,37.153758400992956
E3_cec2017,cec2017,26,50,GF-Method,15,6590439602849916046,500000,500000,4042.6854270740273,1442.6854270740273,1442.6854270740273,31.0264036830049
E3_cec2017,cec2017,26,50,GF-Method,16,5157609851372893129,500000,500000,4082.612059590114,1482.6120595901139,1482.6120595901139,31.231518990010954
E3_cec2017,cec2017,26,50,GF-Method,17,7890466527761072566,500000,500000,4002.253048023339,1402.253048023339,1402.253048023339,28.292683451029006
E3_cec2017,cec2017,26,50,GF-Method,18,1977279470916342359,500000,500000,3962.6611580616136,1362.6611580616136,1362.6611580616136,39.95499549800297
E3_cec2017,cec2017,26,50,GF-Method,19,2947528247367769178,500000,500000,4048.616851883971,1448.6168518839709,1448.6168518839709,41.49884513200959
E3_cec2017,cec2017,26,50,GF-Method,20,3290777972959297777,500000,500000,3977.876466202657,1377.876466202657,1377.876466202657,41.87400992604671
E3_cec2017,cec2017,26,50,GF-Method,21,2290487752294242748,500000,500000,3926.5147210375353,1326.5147210375353,1326.5147210375353,42.760480722994544
E3_cec2017,cec2017,26,50,GF-Method,22,3421107202126474,500000,500000,3953.307307261349,1353.3073072613488,1353.3073072613488,42.64120108098723
E3_cec2017,cec2017,26,50,GF-Method,23,3109039484879912700,500000,500000,4048.61745199199,1448.61745199199,1448.61745199199,42.52300228603417
E3_cec2017,cec2017,26,50,GF-Method,24,4585104652368774284,500000,500000,3877.2161163869932,1277.2161163869932,1277.2161163869932,42.435095775988884
E3_cec2017,cec2017,26,50,GF-Method,25,516117572111170143,500000,500000,4090.2044977128776,1490.2044977128776,1490.2044977128776,38.66919253900414
E3_cec2017,cec2017,26,50,GF-Method,26,5799184609288236092,500000,500000,3934.8810619608903,1334.8810619608903,1334.8810619608903,31.42797502601752
E3_cec2017,cec2017,26,50,GF-Method,27,2838806400129634617,500000,500000,3931.827178962365,1331.827178962365,1331.827178962365,29.68304731597891
E3_cec2017,cec2017,26,50,GF-Method,28,6731386125988435615,500000,500000,4025.5320645728107,1425.5320645728107,1425.5320645728107,26.937809652008582
E3_cec2017,cec2017,26,50,GF-Method,29,128244938364234707,500000,500000,4035.0198879938125,1435.0198879938125,1435.0198879938125,29.92719161597779
E3_cec2017,cec2017,28,50,GF-Method,0,743716305209899777,500000,500000,3307.694692846081,507.6946928460811,507.6946928460811,34.73638704698533
E3_cec2017,cec2017,28,50,GF-Method,1,1404263603295977749,500000,500000,3307.694692846079,507.69469284607885,507.69469284607885,40.676047152024694
E3_cec2017,cec2017,28,50,GF-Method,2,4748859335863544508,500000,500000,3307.6946928460793,507.6946928460793,507.6946928460793,41.07856521999929
E3_cec2017,cec2017,28,50,GF-Method,3,8243347766093788121,500000,500000,3307.6946928460784,507.6946928460784,507.6946928460784,40.02509942499455
E3_cec2017,cec2017,28,50,GF-Method,4,5907340030003044223,500000,500000,3307.6946928460816,507.6946928460816,507.6946928460816,39.546208993007895
E3_cec2017,cec2017,28,50,GF-Method,5,288670763164430065,500000,500000,3307.694692846079,507.69469284607885,507.69469284607885,40.81075507198693
E3_cec2017,cec2017,28,50,GF-Method,6,6338274422752564066,500000,500000,3307.6946928460793,507.6946928460793,507.6946928460793,39.31953983899439
E3_cec2017,cec2017,28,50,GF-Method,7,1790442065510231065,500000,500000,3307.69469284608,507.6946928460802,507.6946928460802,40.38399267999921
E3_cec2017,cec2017,28,50,GF-Method,8,482413925008019319,500000,500000,3307.694692846079,507.69469284607885,507.69469284607885,40.75350915099261
E3_cec2017,cec2017,28,50,GF-Method,9,5926571179594796157,500000,500000,3296.6692775937836,496.6692775937836,496.6692775937836,42.29483531200094
E3_cec2017,cec2017,28,50,GF-Method,10,8064697340390897157,500000,500000,3258.8487227257074,458.8487227257074,458.8487227257074,36.96796109696152
E3_cec2017,cec2017,28,50,GF-Method,11,4165553082481769282,500000,500000,3307.6946928460793,507.6946928460793,507.6946928460793,41.008753509959206
E3_cec2017,cec2017,28,50,GF-Method,12,3237223854021264441,500000,500000,3307.694692846079,507.69469284607885,507.69469284607885,41.14566211798228
E3_cec2017,cec2017,28,50,GF-Method,13,4801498540928035016,500000,500000,3307.6946928460784,507.6946928460784,507.6946928460784,40.923152616014704
E3_cec2017,cec2017,28,50,GF-Method,14,5418119691187530364,500000,500000,3307.694692846079,507.69469284607885,507.69469284607885,35.38977681304095
E3_cec2017,cec2017,28,50,GF-Method,15,2761171634740958161,500000,500000,3307.694692846079,507.69469284607885,507.69469284607885,36.099361078988295
E3_cec2017,cec2017,28,50,GF-Method,16,8715478694575251889,500000,500000,3258.8487227257074,458.8487227257074,458.8487227257074,35.32554757402977
E3_cec2017,cec2017,28,50,GF-Method,17,7909735291728351430,500000,500000,3307.6946928460793,507.6946928460793,507.6946928460793,29.51565869001206
E3_cec2017,cec2017,28,50,GF-Method,18,1885158013459493732,500000,500000,3307.6946928460793,507.6946928460793,507.6946928460793,38.887025629985146
E3_cec2017,cec2017,28,50,GF-Method,19,1257494837286530686,500000,500000,3307.6946928460793,507.6946928460793,507.6946928460793,34.503000073018484
E3_cec2017,cec2017,28,50,GF-Method,20,629548650669637431,500000,500000,3307.6946928460784,507.6946928460784,507.6946928460784,30.865755830018315
E3_cec2017,cec2017,28,50,GF-Method,21,6444560541029649195,500000,500000,3296.6692775937845,496.6692775937845,496.6692775937845,37.832620633998886
E3_cec2017,cec2017,28,50,GF-Method,22,3072745157548296845,500000,500000,3307.694692846079,507.69469284607885,507.69469284607885,36.386898789030965
E3_cec2017,cec2017,28,50,GF-Method,23,8686569665842953444,500000,500000,3307.694692846079,507.69469284607885,507.69469284607885,28.667189318977762
E3_cec2017,cec2017,28,50,GF-Method,24,5848142955027719663,500000,500000,3307.69469284608,507.6946928460802,507.6946928460802,26.823056459019426
E3_cec2017,cec2017,28,50,GF-Method,25,2404803818844759164,500000,500000,3307.6946928460793,507.6946928460793,507.6946928460793,26.48532430396881
E3_cec2017,cec2017,28,50,GF-Method,26,7365877770466451110,500000,500000,3296.6692775937845,496.6692775937845,496.6692775937845,26.945592329022475
E3_cec2017,cec2017,28,50,GF-Method,27,2978304121072673411,500000,500000,3307.694692846079,507.69469284607885,507.69469284607885,25.21859536098782
E3_cec2017,cec2017,28,50,GF-Method,28,1144009852803140166,500000,500000,3307.6946928460793,507.6946928460793,507.6946928460793,27.614609446027316
E3_cec2017,cec2017,28,50,GF-Method,29,6478993259694988227,500000,500000,3307.694692846079,507.69469284607885,507.69469284607885,26.094909568026196
E3_cec2017,cec2017,27,50,GF-Method,0,815694274145709017,500000,500000,3225.7366930372427,525.7366930372427,525.7366930372427,35.931731320975814
E3_cec2017,cec2017,27,50,GF-Method,1,909241809178453837,500000,500000,3236.0335802691316,536.0335802691316,536.0335802691316,45.71344661503099
E3_cec2017,cec2017,27,50,GF-Method,2,2360181062924244467,500000,500000,3283.9608905816513,583.9608905816513,583.9608905816513,43.901707913028076
E3_cec2017,cec2017,27,50,GF-Method,3,9063404321690926986,500000,500000,3288.983777365672,588.9837773656718,588.9837773656718,43.48542028898373
E3_cec2017,cec2017,27,50,GF-Method,4,3395836879005140496,500000,500000,3259.5839628749436,559.5839628749436,559.5839628749436,46.14869488199474
E3_cec2017,cec2017,27,50,GF-Method,5,8153960266076449393,500000,500000,3221.990416838752,521.990416838752,521.990416838752,44.563030318997335
E3_cec2017,cec2017,27,50,GF-Method,6,7312026790800081792,500000,500000,3235.7799502814305,535.7799502814305,535.7799502814305,42.423828313010745
E3_cec2017,cec2017,27,50,GF-Method,7,5523541079772504045,500000,500000,3240.7950022651503,540.7950022651503,540.7950022651503,46.80998529703356
E3_cec2017,cec2017,27,50,GF-Method,8,6336444846167147469,500000,500000,3239.0065757903544,539.0065757903544,539.0065757903544,43.43187875597505
E3_cec2017,cec2017,27,50,GF-Method,9,7223208757479009273,500000,500000,3260.9421866467837,560.9421866467837,560.9421866467837,42.45240263798041
E3_cec2017,cec2017,27,50,GF-Method,10,7752268558218845310,500000,500000,3238.93076361406,538.9307636140602,538.9307636140602,45.47751401702408
E3_cec2017,cec2017,27,50,GF-Method,11,3268858436409786858,500000,500000,3233.6586788542563,533.6586788542563,533.6586788542563,42.22385957901133
E3_cec2017,cec2017,27,50,GF-Method,12,4329833839478894013,500000,500000,3204.2542083861554,504.25420838615537,504.25420838615537,45.298803685000166
E3_cec2017,cec2017,27,50,GF-Method,13,1036241776921766985,500000,500000,3264.027726973455,564.0277269734552,564.0277269734552,40.102273383992724
E3_cec2017,cec2017,27,50,GF-Method,14,133256140643219824,500000,500000,3236.019697839605,536.0196978396052,536.0196978396052,40.32545465498697
E3_cec2017,cec2017,27,50,GF-Method,15,8685058110462036621,500000,500000,3223.793613560704,523.7936135607042,523.7936135607042,42.10144931497052
E3_cec2017,cec2017,27,50,GF-Method,16,8506793761187414950,500000,500000,3238.959072537792,538.959072537792,538.959072537792,44.19349458202487
E3_cec2017,cec2017,27,50,GF-Method,17,4051866266807995252,500000,500000,3240.2272303127247,540.2272303127247,540.2272303127247,43.7288105149637
E3_cec2017,cec2017,27,50,GF-Method,18,8733613964239106987,500000,500000,3254.2530979938183,554.2530979938183,554.2530979938183,43.086317065986805
E3_cec2017,cec2017,27,50,GF-Method,19,5246718136082766345,500000,500000,3284.432661354279,584.4326613542789,584.4326613542789,36.81955165800173
E3_cec2017,cec2017,27,50,GF-Method,20,5822967573392054749,500000,500000,3232.2490403360953,532.2490403360953,532.2490403360953,44.107385936018545
E3_cec2017,cec2017,27,50,GF-Method,21,778971552779566901,500000,500000,3238.392919749973,538.3929197499729,538.3929197499729,44.45088898501126
E3_cec2017,cec2017,27,50,GF-Method,22,8000163605190366899,500000,500000,3252.109177441681,552.1091774416809,552.1091774416809,42.312617954972666
E3_cec2017,cec2017,27,50,GF-Method,23,3538732568484972215,500000,500000,3239.063756203069,539.0637562030688,539.0637562030688,31.902123895008117
E3_cec2017,cec2017,27,50,GF-Method,24,6764780656769064085,500000,500000,3327.4374475760324,627.4374475760324,627.4374475760324,36.09268606902333
E3_cec2017,cec2017,27,50,GF-Method,25,2135752596534934854,500000,500000,3247.9589975119843,547.9589975119843,547.9589975119843,30.84916521195555
E3_cec2017,cec2017,27,50,GF-Method,26,1598445296555860659,500000,500000,3266.551428560748,566.5514285607478,566.5514285607478,34.000853090023156
E3_cec2017,cec2017,27,50,GF-Method,27,3098345487696940614,500000,500000,3237.1482907623395,537.1482907623395,537.1482907623395,29.88930459500989
E3_cec2017,cec2017,27,50,GF-Method,28,2474190027249206794,500000,500000,3219.512407113549,519.5124071135492,519.5124071135492,35.052854166016914
E3_cec2017,cec2017,27,50,GF-Method,29,1005059469163045600,500000,500000,3222.4706674546833,522.4706674546833,522.4706674546833,26.93444266699953
E3_cec2017,cec2017,29,50,GF-Method,0,5901780980761734416,500000,500000,3422.354368141079,522.3543681410788,522.3543681410788,38.53654900100082
E3_cec2017,cec2017,29,50,GF-Method,1,1178349807119911029,500000,500000,3246.7683725589054,346.7683725589054,346.7683725589054,37.38024476100691
E3_cec2017,cec2017,29,50,GF-Method,2,5694331128524786313,500000,500000,3284.187495346581,384.1874953465808,384.1874953465808,38.731877461017575
E3_cec2017,cec2017,29,50,GF-Method,3,2574062751460246399,500000,500000,3272.097440151717,372.0974401517169,372.0974401517169,39.5595815940178
E3_cec2017,cec2017,29,50,GF-Method,4,7543313189877015569,500000,500000,3268.4338687232453,368.43386872324527,368.43386872324527,33.82578232395463
E3_cec2017,cec2017,29,50,GF-Method,5,6033595365388572194,500000,500000,3267.2273299178414,367.2273299178414,367.2273299178414,36.202420869027264
E3_cec2017,cec2017,29,50,GF-Method,6,2478107437710730501,500000,500000,3276.0027610318325,376.0027610318325,376.0027610318325,34.59848379303003
E3_cec2017,cec2017,29,50,GF-Method,7,2847745389527384735,500000,500000,3259.37734087733,359.37734087732997,359.37734087732997,29.65133835200686
E3_cec2017,cec2017,29,50,GF-Method,8,874180859122237866,500000,500000,3248.0489096183965,348.04890961839646,348.04890961839646,31.572591028991155
E3_cec2017,cec2017,29,50,GF-Method,9,4334738451851641588,500000,500000,3302.8600811955866,402.86008119558664,402.86008119558664,34.556232174974866
E3_cec2017,cec2017,29,50,GF-Method,10,37549692655382064,500000,500000,3237.0787647890543,337.0787647890543,337.0787647890543,35.46232327201869
E3_cec2017,cec2017,29,50,GF-Method,11,4657618961926212664,500000,500000,3284.493773952796,384.4937739527959,384.4937739527959,35.89367935899645
E3_cec2017,cec2017,29,50,GF-Method,12,1987129271830406695,500000,500000,3250.1066664729146,350.10666647291464,350.10666647291464,37.70754479896277
E3_cec2017,cec2017,29,50,GF-Method,13,1696018766685123981,500000,500000,3295.243562605097,395.24356260509694,395.24356260509694,37.202740141015965
E3_cec2017,cec2017,29,50,GF-Method,14,4664400174285314001,500000,500000,3273.3369339250157,373.3369339250157,373.3369339250157,39.44584641099209
E3_cec2017,cec2017,29,50,GF-Method,15,6324619519276909177,500000,500000,3279.296229428659,379.296229428659,379.296229428659,35.34583849203773
E3_cec2017,cec2017,29,50,GF-Method,16,8523707894321913330,500000,500000,3263.491122345869,363.4911223458689,363.4911223458689,28.401880763005465
E3_cec2017,cec2017,29,50,GF-Method,17,2068025980244734235,500000,500000,3305.489195719577,405.48919571957686,405.48919571957686,38.91275238303933
E3_cec2017,cec2017,29,50,GF-Method,18,8350158101005236763,500000,500000,3284.2722535265207,384.2722535265207,384.2722535265207,36.164887260005344
E3_cec2017,cec2017,29,50,GF-Method,19,7333953028722321386,500000,500000,3230.4067481365482,330.40674813654823,330.40674813654823,36.998396310955286
E3_cec2017,cec2017,29,50,GF-Method,20,8930869763177977637,500000,500000,3361.941002102849,461.94100210284887,461.94100210284887,36.17158525402192
E3_cec2017,cec2017,29,50,GF-Method,21,2313481529289169771,500000,500000,3264.172299583492,364.1722995834921,364.1722995834921,34.06404065497918
E3_cec2017,cec2017,29,50,GF-Method,22,8783759176617615796,500000,500000,3251.348687807654,351.3486878076542,351.3486878076542,28.202509047987405
E3_cec2017,cec2017,29,50,GF-Method,23,7604845937819278229,500000,500000,3294.1724014969786,394.17240149697864,394.17240149697864,26.351259009970818
E3_cec2017,cec2017,29,50,GF-Method,24,8615379368099169959,500000,500000,3260.5192603199566,360.51926031995663,360.51926031995663,35.550668913987465
E3_cec2017,cec2017,29,50,GF-Method,25,4119027827017020358,500000,500000,3239.9006200795143,339.9006200795143,339.9006200795143,22.788698494026903
E3_cec2017,cec2017,29,50,GF-Method,26,3990709644718251148,500000,500000,3279.1299250123834,379.1299250123834,379.1299250123834,25.82325602095807
E3_cec2017,cec2017,29,50,GF-Method,27,6626959964519974917,500000,500000,3282.4417931139214,382.44179311392145,382.44179311392145,34.46171807398787
E3_cec2017,cec2017,29,50,GF-Method,28,7666904286428694040,500000,500000,3322.5712175815884,422.57121758158837,422.57121758158837,25.928280455991626
E3_cec2017,cec2017,29,50,GF-Method,29,7347591772434902529,500000,500000,3293.4873469776435,393.4873469776435,393.4873469776435,33.72220932098571
E3_cec2017,cec2017,19,50,GF-Method,0,966728706267677317,500000,500000,1960.906228784437,60.90622878443696,60.90622878443696,50.21950242301682
E3_cec2017,cec2017,19,50,GF-Method,1,5053703898111498090,500000,500000,1979.5830221881297,79.58302218812969,79.58302218812969,55.46055962896207
E3_cec2017,cec2017,19,50,GF-Method,2,7667473367191977734,500000,500000,1950.3567747204088,50.356774720408794,50.356774720408794,55.13526131497929
E3_cec2017,cec2017,19,50,GF-Method,3,3828788525830707004,500000,500000,1928.5845754154116,28.584575415411564,28.584575415411564,53.83161381701939
E3_cec2017,cec2017,19,50,GF-Method,4,1774191519089124249,500000,500000,1983.1109012555958,83.11090125559576,83.11090125559576,48.229765806987416
E3_cec2017,cec2017,19,50,GF-Method,5,8096517913032096406,500000,500000,1965.726615066546,65.72661506654595,65.72661506654595,49.531971190008335
E3_cec2017,cec2017,19,50,GF-Method,6,8400756014079308791,500000,500000,1972.2319786894254,72.23197868942543,72.23197868942543,53.769400767982006
E3_cec2017,cec2017,19,50,GF-Method,7,4702420870538562092,500000,500000,1980.2895246608616,80.28952466086162,80.28952466086162,53.55228750797687
E3_cec2017,cec2017,19,50,GF-Method,8,5612759871508161564,500000,500000,1963.175656480269,63.175656480269026,63.175656480269026,54.605800602003
E3_cec2017,cec2017,19,50,GF-Method,9,7590741654609321103,500000,500000,1958.9187699638833,58.91876996388328,58.91876996388328,54.064664118981455
E3_cec2017,cec2017,19,50,GF-Method,10,7485291815530360291,500000,500000,1960.7831978375352,60.783197837535226,60.783197837535226,50.907346241991036
E3_cec2017,cec2017,19,50,GF-Method,11,68687804933623221,500000,500000,1975.9534235809554,75.95342358095536,75.95342358095536,53.47343349800212
E3_cec2017,cec2017,19,50,GF-Method,12,4104977996142214211,500000,500000,1939.2252246740477,39.225224674047695,39.225224674047695,53.02308037999319
E3_cec2017,cec2017,19,50,GF-Method,13,2016717177766975811,500000,500000,1932.2047723011663,32.20477230116626,32.20477230116626,51.93933168699732
E3_cec2017,cec2017,19,50,GF-Method,14,542689953275680824,500000,500000,1944.9350937015793,44.93509370157926,44.93509370157926,40.99819130898686
E3_cec2017,cec2017,19,50,GF-Method,15,6795433414549700823,500000,500000,1981.0583880966221,81.05838809662214,81.05838809662214,49.54951410397189
E3_cec2017,cec2017,19,50,GF-Method,16,7871519302849121738,500000,500000,1947.9456099476945,47.94560994769449,47.94560994769449,44.13405230100034
E3_cec2017,cec2017,19,50,GF-Method,17,7893415543593528854,500000,500000,1951.765199774863,51.76519977486305,51.76519977486305,55.45006116700824
E3_cec2017,cec2017,19,50,GF-Method,18,691848566596872271,500000,500000,1958.8261878365565,58.82618783655653,58.82618783655653,49.336035540967714
E3_cec2017,cec2017,19,50,GF-Method,19,3245478749238432055,500000,500000,1925.1463241801819,25.146324180181864,25.146324180181864,47.10032456199406
E3_cec2017,cec2017,19,50,GF-Method,20,1140925296300530662,500000,500000,1983.3386730797636,83.33867307976357,83.33867307976357,52.64466687303502
E3_cec2017,cec2017,19,50,GF-Method,21,5119038594500257408,500000,500000,2005.7988751981327,105.79887519813269,105.79887519813269,51.68951460701646
E3_cec2017,cec2017,19,50,GF-Method,22,109796843867602276,500000,500000,1936.635007960396,36.635007960396024,36.635007960396024,44.992359775002114
E3_cec2017,cec2017,19,50,GF-Method,23,8779889524413161474,500000,500000,1980.6819451925364,80.68194519253643,80.68194519253643,42.62783328804653
E3_cec2017,cec2017,19,50,GF-Method,24,6408609363914803308,500000,500000,1949.4898176314293,49.48981763142933,49.48981763142933,47.231669904023875
E3_cec2017,cec2017,19,50,GF-Method,25,8001746003664165926,500000,500000,2000.578419456166,100.5784194561661,100.5784194561661,47.42874712502817
E3_cec2017,cec2017,19,50,GF-Method,26,462194475486907148,500000,500000,1951.552034380927,51.5520343809269,51.5520343809269,37.45654940902023
E3_cec2017,cec2017,19,50,GF-Method,27,7380165607390413447,500000,500000,1941.430410895192,41.430410895191926,41.430410895191926,40.953908621973824
E3_cec2017,cec2017,19,50,GF-Method,28,5377364961531729681,500000,500000,1950.2663487806494,50.26634878064942,50.26634878064942,51.12779232294997
E3_cec2017,cec2017,19,50,GF-Method,29,5629437490689844953,500000,500000,1970.9704242870182,70.9704242870182,70.9704242870182,38.53238761599641
E3_cec2017,cec2017,30,50,GF-Method,0,6763422159928000444,500000,500000,680946.0412375893,677946.0412375893,677946.0412375893,60.4362275970052
E3_cec2017,cec2017,30,50,GF-Method,1,5425584738217969771,500000,500000,687545.9823758975,684545.9823758975,684545.9823758975,56.49563836597372
E3_cec2017,cec2017,30,50,GF-Method,2,5358448649196818704,500000,500000,795655.243170583,792655.243170583,792655.243170583,56.6668334119604
E3_cec2017,cec2017,30,50,GF-Method,3,8406711718178495625,500000,500000,745396.9841950214,742396.9841950214,742396.9841950214,57.895398334017955
E3_cec2017,cec2017,30,50,GF-Method,4,7528729680657562692,500000,500000,858784.9004889425,855784.9004889425,855784.9004889425,59.207247375976294
E3_cec2017,cec2017,30,50,GF-Method,5,3116466556248420183,500000,500000,681673.3940514483,678673.3940514483,678673.3940514483,55.82598944299389
E3_cec2017,cec2017,30,50,GF-Method,6,3022179480773784110,500000,500000,680603.7441103497,677603.7441103497,677603.7441103497,48.959087821946014
E3_cec2017,cec2017,30,50,GF-Method,7,1338159022651054597,500000,500000,582417.7637384968,579417.7637384968,579417.7637384968,58.38270919199567
E3_cec2017,cec2017,30,50,GF-Method,8,3459153789954728166,500000,500000,738846.040709118,735846.040709118,735846.040709118,56.90276909596287
E3_cec2017,cec2017,30,50,GF-Method,9,6667932281484594682,500000,500000,781633.3172525957,778633.3172525957,778633.3172525957,56.62372528802371
E3_cec2017,cec2017,30,50,GF-Method,10,3298597384572500818,500000,500000,680945.7164194018,677945.7164194018,677945.7164194018,56.078230320010334
E3_cec2017,cec2017,30,50,GF-Method,11,7789029155853112189,500000,500000,696426.7237455462,693426.7237455462,693426.7237455462,46.87057346699294
E3_cec2017,cec2017,30,50,GF-Method,12,7305145233167227396,500000,500000,694486.0639743115,691486.0639743115,691486.0639743115,42.49125845602248
E3_cec2017,cec2017,30,50,GF-Method,13,2853165222093192379,500000,500000,582411.2633387244,579411.2633387244,579411.2633387244,48.28874446795089
E3_cec2017,cec2017,30,50,GF-Method,14,7598885433693022962,500000,500000,654762.5983942384,651762.5983942384,651762.5983942384,40.75572931498755
E3_cec2017,cec2017,30,50,GF-Method,15,1005830541772220840,500000,500000,683558.7895401642,680558.7895401642,680558.7895401642,41.172687537036836
E3_cec2017,cec2017,30,50,GF-Method,16,568529677915955073,500000,500000,651330.5530953212,648330.5530953212,648330.5530953212,45.871432174986694
E3_cec2017,cec2017,30,50,GF-Method,17,220237840594802984,500000,500000,672669.7140940703,669669.7140940703,669669.7140940703,38.85867226897972
E3_cec2017,cec2017,30,50,GF-Method,18,6273611052298203889,500000,500000,629489.5033457861,626489.5033457861,626489.5033457861,57.11752469500061
E3_cec2017,cec2017,30,50,GF-Method,19,4790910388501324572,500000,500000,728069.1770272905,725069.1770272905,725069.1770272905,58.0498617279809
E3_cec2017,cec2017,30,50,GF-Method,20,8565503841590210169,500000,500000,628555.5449120614,625555.5449120614,625555.5449120614,42.77180798799964
E3_cec2017,cec2017,30,50,GF-Method,21,1025908963309198142,500000,500000,757470.439047774,754470.439047774,754470.439047774,37.01993422798114
E3_cec2017,cec2017,30,50,GF-Method,22,3901650350561747383,500000,500000,668438.9858420412,665438.9858420412,665438.9858420412,37.27660968201235
E3_cec2017,cec2017,30,50,GF-Method,23,6634163237795980965,500000,500000,640794.772241946,637794.772241946,637794.772241946,41.475457355962135
E3_cec2017,cec2017,30,50,GF-Method,24,1476825725809226368,500000,500000,582411.4180696026,579411.4180696026,579411.4180696026,46.48414853401482
E3_cec2017,cec2017,30,50,GF-Method,25,3593627234938271359,500000,500000,628554.8467134986,625554.8467134986,625554.8467134986,45.632362743024714
E3_cec2017,cec2017,30,50,GF-Method,26,2163037697444891796,500000,500000,639584.4420128446,636584.4420128446,636584.4420128446,37.61985226202523
E3_cec2017,cec2017,30,50,GF-Method,27,354487723930776509,500000,500000,642913.3237440073,639913.3237440073,639913.3237440073,39.48622586700367
E3_cec2017,cec2017,30,50,GF-Method,28,405625830030093001,500000,500000,808204.0286355803,805204.0286355803,805204.0286355803,52.21303874597652
E3_cec2017,cec2017,30,50,GF-Method,29,2121292566267719218,500000,500000,611409.5308301257,608409.5308301257,608409.5308301257,42.57367418601643
E3_cec2017,cec2017,7,100,GF-Method,0,2268124475410363218,1000000,1000000,874.4769653336434,174.47696533364342,174.47696533364342,63.19482054997934
E3_cec2017,cec2017,7,100,GF-Method,1,3354543958263756143,1000000,1000000,892.5163983472389,192.51639834723892,192.51639834723892,68.56235185300466
E3_cec2017,cec2017,7,100,GF-Method,2,2974124924903352236,1000000,1000000,894.455219783044,194.45521978304396,194.45521978304396,65.30676809803117
E3_cec2017,cec2017,7,100,GF-Method,3,5042187800275579810,1000000,1000000,888.8559014766337,188.85590147663368,188.85590147663368,62.20257749600569
E3_cec2017,cec2017,7,100,GF-Method,4,900706685426573206,1000000,1000000,915.6669026968817,215.66690269688172,215.66690269688172,62.587413119967096
E3_cec2017,cec2017,7,100,GF-Method,5,2569900155446783406,1000000,1000000,896.2654581131583,196.26545811315827,196.26545811315827,68.13010655803373
E3_cec2017,cec2017,7,100,GF-Method,6,1631767566359350970,1000000,1000000,905.0648870868164,205.06488708681638,205.06488708681638,64.53289955999935
E3_cec2017,cec2017,7,100,GF-Method,7,2573824684766226887,1000000,1000000,892.5653865968168,192.56538659681678,192.56538659681678,57.037615355046
E3_cec2017,cec2017,7,100,GF-Method,8,1429925287838906072,1000000,1000000,902.2389213628476,202.23892136284758,202.23892136284758,61.63687195198145
E3_cec2017,cec2017,7,100,GF-Method,9,5284338082139982763,1000000,1000000,887.9111895930729,187.9111895930729,187.9111895930729,63.50123130797874
E3_cec2017,cec2017,7,100,GF-Method,10,7302172217886641711,1000000,1000000,890.9670241022978,190.96702410229784,190.96702410229784,47.68634639197262
E3_cec2017,cec2017,7,100,GF-Method,11,2642366189296485279,1000000,1000000,894.3625624106439,194.36256241064393,194.36256241064393,43.161489199032076
E3_cec2017,cec2017,7,100,GF-Method,12,8161775341966102115,1000000,1000000,884.1158702056707,184.11587020567072,184.11587020567072,44.07827331201406
E3_cec2017,cec2017,7,100,GF-Method,13,8670965677100159320,1000000,1000000,899.2965674877731,199.29656748777313,199.29656748777313,41.45522116101347
E3_cec2017,cec2017,7,100,GF-Method,14,5906528061843123788,1000000,1000000,906.0431579023511,206.04315790235114,206.04315790235114,44.8974086639937
E3_cec2017,cec2017,7,100,GF-Method,15,4003768603425087947,1000000,1000000,888.5710700880625,188.57107008806247,188.57107008806247,43.22201656596735
E3_cec2017,cec2017,7,100,GF-Method,16,8280958259893847698,1000000,1000000,880.0082044398678,180.00820443986777,180.00820443986777,50.5747956049745
E3_cec2017,cec2017,7,100,GF-Method,17,4818854151475673251,1000000,1000000,885.5497569607894,185.5497569607894,185.5497569607894,54.675240884011146
E3_cec2017,cec2017,7,100,GF-Method,18,3341908140827896087,1000000,1000000,889.6233149036976,189.62331490369763,189.62331490369763,45.202386584016494
E3_cec2017,cec2017,7,100,GF-Method,19,1766116239651912993,1000000,1000000,919.3413942675461,219.3413942675461,219.3413942675461,42.58752832200844
E3_cec2017,cec2017,7,100,GF-Method,20,2620369958040993261,1000000,1000000,890.6107841786873,190.61078417868725,190.61078417868725,47.795473302016035
E3_cec2017,cec2017,7,100,GF-Method,21,3649908539540197840,1000000,1000000,893.2494730214486,193.24947302144858,193.24947302144858,42.926648068008944
E3_cec2017,cec2017,7,100,GF-Method,22,4913341179591095431,1000000,1000000,907.2444906888725,207.24449068887247,207.24449068887247,39.85456734301988
E3_cec2017,cec2017,7,100,GF-Method,23,7060165455663662963,1000000,1000000,893.5891317725216,193.58913177252157,193.58913177252157,43.8377372600371
E3_cec2017,cec2017,7,100,GF-Method,24,8857619457523925959,1000000,1000000,896.8456582978753,196.84565829787527,196.84565829787527,38.92403254000237
E3_cec2017,cec2017,7,100,GF-Method,25,5223558631174683374,1000000,1000000,881.4945133977402,181.4945133977402,181.4945133977402,41.1774668910075
E3_cec2017,cec2017,7,100,GF-Method,26,822961925826133180,1000000,1000000,903.1010705562778,203.10107055627782,203.10107055627782,45.71494833100587
E3_cec2017,cec2017,7,100,GF-Method,27,1141984545175462432,1000000,1000000,911.0319124518983,211.03191245189828,211.03191245189828,42.11699516302906
E3_cec2017,cec2017,7,100,GF-Method,28,4428153882249109691,1000000,1000000,896.7446811590806,196.74468115908064,196.74468115908064,44.03994917101227
E3_cec2017,cec2017,7,100,GF-Method,29,3770614965315720464,1000000,1000000,901.774208253113,201.774208253113,201.774208253113,40.204681873030495
E3_cec2017,cec2017,8,100,GF-Method,0,8805258153573373152,1000000,1000000,896.9802842056529,96.98028420565288,96.98028420565288,67.11847462900914
E3_cec2017,cec2017,8,100,GF-Method,1,6817734969711523768,1000000,1000000,881.6996493699592,81.69964936995916,81.69964936995916,68.1217578590149
E3_cec2017,cec2017,8,100,GF-Method,2,4859562922964901616,1000000,1000000,898.1214359003353,98.12143590033531,98.12143590033531,64.933859354991
E3_cec2017,cec2017,8,100,GF-Method,3,7600948032338955746,1000000,1000000,903.8796606945834,103.87966069458344,103.87966069458344,63.44655116001377
E3_cec2017,cec2017,8,100,GF-Method,4,3036267566371727615,1000000,1000000,880.9306910794767,80.93069107947667,80.93069107947667,70.34474989300361
E3_cec2017,cec2017,8,100,GF-Method,5,8347432727482880108,1000000,1000000,890.9342091374278,90.93420913742784,90.93420913742784,53.51080331997946
E3_cec2017,cec2017,8,100,GF-Method,6,8550342716775462132,1000000,1000000,896.8651561091068,96.8651561091068,96.8651561091068,57.59459042502567
E3_cec2017,cec2017,8,100,GF-Method,7,791573130933738862,1000000,1000000,905.9773375096127,105.97733750961265,105.97733750961265,61.26073571603047
E3_cec2017,cec2017,8,100,GF-Method,8,5144866143270678007,1000000,1000000,897.4110466987078,97.41104669870776,97.41104669870776,57.457494886999484
E3_cec2017,cec2017,8,100,GF-Method,9,3090286462740399372,1000000,1000000,904.3596032596961,104.35960325969609,104.35960325969609,51.45061181701021
E3_cec2017,cec2017,8,100,GF-Method,10,2452789644082481309,1000000,1000000,902.7383234962438,102.73832349624377,102.73832349624377,54.89431905001402
E3_cec2017,cec2017,8,100,GF-Method,11,1924568528167789612,1000000,1000000,914.1960824590699,114.19608245906988,114.19608245906988,48.16020225198008
E3_cec2017,cec2017,8,100,GF-Method,12,7379767777741298036,1000000,1000000,891.2321063939946,91.23210639399463,91.23210639399463,51.81370718497783
E3_cec2017,cec2017,8,100,GF-Method,13,1214027637892194810,1000000,1000000,903.5378419896341,103.5378419896341,103.5378419896341,47.89200637000613
E3_cec2017,cec2017,8,100,GF-Method,14,6513364492948264945,1000000,1000000,893.9267251587147,93.9267251587147,93.9267251587147,51.65692635404412
E3_cec2017,cec2017,8,100,GF-Method,15,2741277314367923715,1000000,1000000,895.8559856611554,95.85598566115539,95.85598566115539,42.136721641989425
E3_cec2017,cec2017,8,100,GF-Method,16,7510867671410216263,1000000,1000000,882.6201744886844,82.62017448868437,82.62017448868437,57.127816327963956
E3_cec2017,cec2017,8,100,GF-Method,17,1163425182357184895,1000000,1000000,895.820004555636,95.82000455563605,95.82000455563605,42.12304925796343
E3_cec2017,cec2017,8,100,GF-Method,18,5442414440982818932,1000000,1000000,903.4944789528199,103.49447895281992,103.49447895281992,46.60509908996755
E3_cec2017,cec2017,8,100,GF-Method,19,1205470839791629030,1000000,1000000,897.059383061092,97.05938306109203,97.05938306109203,39.612688452005386
E3_cec2017,cec2017,8,100,GF-Method,20,3315014368662283874,1000000,1000000,897.5665123075493,97.56651230754926,97.56651230754926,41.958712054998614
E3_cec2017,cec2017,8,100,GF-Method,21,5017962826939385580,1000000,1000000,887.4843657472833,87.48436574728328,87.48436574728328,39.85884708003141
E3_cec2017,cec2017,8,100,GF-Method,22,8566785488109167320,1000000,1000000,904.5018283749332,104.50182837493321,104.50182837493321,44.81346208200557
E3_cec2017,cec2017,8,100,GF-Method,23,4017252860501985582,1000000,1000000,901.0647452591785,101.0647452591785,101.0647452591785,51.49252539098961
E3_cec2017,cec2017,8,100,GF-Method,24,6942924937235571212,1000000,1000000,900.1375028790001,100.13750287900007,100.13750287900007,39.327145393996034
E3_cec2017,cec2017,8,100,GF-Method,25,1662505454159363274,1000000,1000000,889.0262000311166,89.02620003111656,89.02620003111656,48.957838078029454
E3_cec2017,cec2017,8,100,GF-Method,26,9000630115971306761,1000000,1000000,879.9831635884308,79.98316358843078,79.98316358843078,47.703244675998576
E3_cec2017,cec2017,8,100,GF-Method,27,1099574097698950214,1000000,1000000,904.1739624876832,104.17396248768318,104.17396248768318,42.76743670896394
E3_cec2017,cec2017,8,100,GF-Method,28,8037461659338860371,1000000,1000000,896.2391202813468,96.2391202813468,96.2391202813468,39.176946279010735
E3_cec2017,cec2017,8,100,GF-Method,29,7532772111102688099,1000000,1000000,907.584043128212,107.58404312821199,107.58404312821199,41.539188280003145
E3_cec2017,cec2017,3,100,GF-Method,0,9174365692217774102,1000000,1000000,300.0118655498491,0.011865549849119361,0.011865549849119361,66.75365658098599
E3_cec2017,cec2017,3,100,GF-Method,1,1167255094711537419,1000000,1000000,300.00000266807706,2.668077058842755e-06,2.668077058842755e-06,64.59425619104877
E3_cec2017,cec2017,3,100,GF-Method,2,4229023440029816589,1000000,1000000,300.00080156113165,0.0008015611316523064,0.0008015611316523064,64.25193768402096
E3_cec2017,cec2017,3,100,GF-Method,3,8645815089761230542,1000000,1000000,335.53095994809155,35.53095994809155,35.53095994809155,61.556098802015185
E3_cec2017,cec2017,3,100,GF-Method,4,4519437438132367457,1000000,1000000,300.00005634789153,5.634789152964004e-05,5.634789152964004e-05,64.34751846600557
E3_cec2017,cec2017,3,100,GF-Method,5,1793840657122828227,1000000,1000000,300.00031893146917,0.00031893146916672777,0.00031893146916672777,58.38347827299731
E3_cec2017,cec2017,3,100,GF-Method,6,157436213649887029,1000000,1000000,350359.2109557977,350059.2109557977,350059.2109557977,63.76384538097773
E3_cec2017,cec2017,3,100,GF-Method,7,7980544621885824714,1000000,1000000,300.0000027767355,2.776735527731944e-06,2.776735527731944e-06,63.46026638394687
E3_cec2017,cec2017,3,100,GF-Method,8,3370272094964027470,1000000,1000000,300.00000345661874,3.4566187423479278e-06,3.4566187423479278e-06,46.71616781200282
E3_cec2017,cec2017,3,100,GF-Method,9,6155639319467072062,1000000,1000000,300.000002368077,2.3680769913880795e-06,2.3680769913880795e-06,62.65177760197548
E3_cec2017,cec2017,3,100,GF-Method,10,7669456303929826131,1000000,1000000,300.000019601208,1.9601208009589755e-05,1.9601208009589755e-05,61.1993077310035
E3_cec2017,cec2017,3,100,GF-Method,11,7999603919045110077,1000000,1000000,300.00000522823535,5.228235352205957e-06,5.228235352205957e-06,56.77835112600587
E3_cec2017,cec2017,3,100,GF-Method,12,1730280490124401505,1000000,1000000,300.0000034547455,3.4547455243227887e-06,3.4547455243227887e-06,56.319518844014965
E3_cec2017,cec2017,3,100,GF-Method,13,112195676273187870,1000000,1000000,300.00000644224906,6.442249059546157e-06,6.442249059546157e-06,41.269983967998996
E3_cec2017,cec2017,3,100,GF-Method,14,731722568928829421,1000000,1000000,300.00111285591265,0.0011128559126518667,0.0011128559126518667,42.30762944900198
E3_cec2017,cec2017,3,100,GF-Method,15,7372104676231292532,1000000,1000000,300.0000213659511,2.1365951113239134e-05,2.1365951113239134e-05,45.18220308702439
E3_cec2017,cec2017,3,100,GF-Method,16,3339470298196806110,1000000,1000000,300.00000273234076,2.732340760758234e-06,2.732340760758234e-06,56.815508058003616
E3_cec2017,cec2017,3,100,GF-Method,17,2879009831793415833,1000000,1000000,300.0906758068964,0.09067580689639954,0.09067580689639954,56.9492703040014
E3_cec2017,cec2017,3,100,GF-Method,18,2113499592727928218,1000000,1000000,300.0000481108794,4.811087939060599e-05,4.811087939060599e-05,46.72363303403836
E3_cec2017,cec2017,3,100,GF-Method,19,8965811427088196771,1000000,1000000,300.001905727698,0.0019057276979879134,0.0019057276979879134,38.62102485494688
E3_cec2017,cec2017,3,100,GF-Method,20,5799702351962110146,1000000,1000000,300.0000083263442,8.326344186571077e-06,8.326344186571077e-06,38.39852221601177
E3_cec2017,cec2017,3,100,GF-Method,21,9093450019041291565,1000000,1000000,300.000189508699,0.0001895086990089112,0.0001895086990089112,52.87025379698025
E3_cec2017,cec2017,3,100,GF-Method,22,8327130689807798223,1000000,1000000,300.00000738867635,7.3886763516384235e-06,7.3886763516384235e-06,39.624485499050934
E3_cec2017,cec2017,3,100,GF-Method,23,4243855506151523930,1000000,1000000,300.0000764734187,7.647341868732838e-05,7.647341868732838e-05,48.73076437599957
E3_cec2017,cec2017,3,100,GF-Method,24,922439520882753075,1000000,1000000,300.0000010980179,1.0980178899444581e-06,1.0980178899444581e-06,47.75508560001617
E3_cec2017,cec2017,3,100,GF-Method,25,4272634474699114790,1000000,1000000,300.00000229015484,2.2901548391018878e-06,2.2901548391018878e-06,38.550408665963914
E3_cec2017,cec2017,3,100,GF-Method,26,6057694812059137878,1000000,1000000,300.0000296298942,2.9629894186200545e-05,2.9629894186200545e-05,51.32276829198236
E3_cec2017,cec2017,3,100,GF-Method,27,8146475398994896452,1000000,1000000,300.000005354567,5.354567008453159e-06,5.354567008453159e-06,41.112732644949574
E3_cec2017,cec2017,3,100,GF-Method,28,9070114410010683323,1000000,1000000,300.00072183987845,0.0007218398784516467,0.0007218398784516467,38.59573983901646
E3_cec2017,cec2017,3,100,GF-Method,29,2655252856188503039,1000000,1000000,300.00000644314173,6.443141728595947e-06,6.443141728595947e-06,41.27251343202079
E3_cec2017,cec2017,5,100,GF-Method,0,4677069464792098322,1000000,1000000,597.8862596355759,97.88625963557593,97.88625963557593,65.04267778701615
E3_cec2017,cec2017,5,100,GF-Method,1,3661658077659349601,1000000,1000000,595.6690627935558,95.66906279355578,95.66906279355578,62.78949500701856
E3_cec2017,cec2017,5,100,GF-Method,2,460946713502341027,1000000,1000000,605.9855284280554,105.98552842805543,105.98552842805543,63.794326922041364
E3_cec2017,cec2017,5,100,GF-Method,3,7579328759512564755,1000000,1000000,593.4162257671858,93.41622576718578,93.41622576718578,63.46356222598115
E3_cec2017,cec2017,5,100,GF-Method,4,31669298172268960,1000000,1000000,604.0392282502587,104.0392282502587,104.0392282502587,64.13654461101396
E3_cec2017,cec2017,5,100,GF-Method,5,8841530414867709550,1000000,1000000,614.3351958430358,114.33519584303576,114.33519584303576,63.703569306002464
E3_cec2017,cec2017,5,100,GF-Method,6,6001261536892840164,1000000,1000000,588.4246179585375,88.42461795853751,88.42461795853751,51.61980908701662
E3_cec2017,cec2017,5,100,GF-Method,7,8443557861805130301,1000000,1000000,594.7880288688706,94.78802886887058,94.78802886887058,57.48310512100579
E3_cec2017,cec2017,5,100,GF-Method,8,4788024287275289155,1000000,1000000,593.8947345861661,93.89473458616612,93.89473458616612,55.94219080300536
E3_cec2017,cec2017,5,100,GF-Method,9,5337290718591338639,1000000,1000000,603.0370302580648,103.03703025806476,103.03703025806476,65.28259268397233
E3_cec2017,cec2017,5,100,GF-Method,10,1021388265720516547,1000000,1000000,602.0038088763566,102.00380887635663,102.00380887635663,59.99375482002506
E3_cec2017,cec2017,5,100,GF-Method,11,3599221904500342721,1000000,1000000,602.3007875428306,102.30078754283056,102.30078754283056,52.216208851954434
E3_cec2017,cec2017,5,100,GF-Method,12,1048314659656911660,1000000,1000000,603.9758491250892,103.97584912508921,103.97584912508921,55.25401684397366
E3_cec2017,cec2017,5,100,GF-Method,13,6461670894523480010,1000000,1000000,588.9242793638365,88.92427936383649,88.92427936383649,47.008925321977586
E3_cec2017,cec2017,5,100,GF-Method,14,1050363856734176229,1000000,1000000,595.2776459671575,95.27764596715747,95.27764596715747,47.84476062498288
E3_cec2017,cec2017,5,100,GF-Method,15,2193180345587600089,1000000,1000000,606.3324212096043,106.33242120960426,106.33242120960426,47.626090364996344
E3_cec2017,cec2017,5,100,GF-Method,16,889488332683661526,1000000,1000000,589.02974400725,89.02974400724997,89.02974400724997,52.97627410001587
E3_cec2017,cec2017,5,100,GF-Method,17,6822762052637917246,1000000,1000000,613.5715755352609,113.57157553526088,113.57157553526088,51.490133585000876
E3_cec2017,cec2017,5,100,GF-Method,18,3682496584766600940,1000000,1000000,595.4903386661849,95.49033866618493,95.49033866618493,39.836639958957676
E3_cec2017,cec2017,5,100,GF-Method,19,4967431140453464178,1000000,1000000,592.5411982289961,92.54119822899611,92.54119822899611,51.69908128998941
E3_cec2017,cec2017,5,100,GF-Method,20,4780127185793576234,1000000,1000000,597.2992176079802,97.29921760798015,97.29921760798015,51.65942181501305
E3_cec2017,cec2017,5,100,GF-Method,21,1732007281305517647,1000000,1000000,590.4547631973028,90.45476319730278,90.45476319730278,47.50665212498279
E3_cec2017,cec2017,5,100,GF-Method,22,9071761641263756722,1000000,1000000,609.1084362185874,109.10843621858737,109.10843621858737,53.74691549601266
E3_cec2017,cec2017,5,100,GF-Method,23,2657726051046426665,1000000,1000000,606.7787072514573,106.77870725145726,106.77870725145726,38.185584908002056
E3_cec2017,cec2017,5,100,GF-Method,24,6571818037783869803,1000000,1000000,570.8900681078567,70.89006810785668,70.89006810785668,41.24365390196908
E3_cec2017,cec2017,5,100,GF-Method,25,3740787912944045056,1000000,1000000,593.6596776375312,93.65967763753122,93.65967763753122,39.09925890696468
E3_cec2017,cec2017,5,100,GF-Method,26,8947422909168841697,1000000,1000000,588.526851908194,88.52685190819398,88.52685190819398,42.599979655002244
E3_cec2017,cec2017,5,100,GF-Method,27,2552478666023504924,1000000,1000000,603.161901609955,103.16190160995495,103.16190160995495,38.2635552000138
E3_cec2017,cec2017,5,100,GF-Method,28,6321611428743958917,1000000,1000000,597.7911320635245,97.79113206352451,97.79113206352451,45.667157654999755
E3_cec2017,cec2017,5,100,GF-Method,29,1573359782950521294,1000000,1000000,588.5051453952503,88.50514539525034,88.50514539525034,37.75389399199048
E3_cec2017,cec2017,9,100,GF-Method,0,6680699425918288656,1000000,1000000,903.173585363627,3.173585363627012,3.173585363627012,64.99591548799071
E3_cec2017,cec2017,9,100,GF-Method,1,2274002109735965455,1000000,1000000,905.8928255527494,5.8928255527494,5.8928255527494,64.31125287601026
E3_cec2017,cec2017,9,100,GF-Method,2,2664438378961268261,1000000,1000000,904.6260856698158,4.6260856698157795,4.6260856698157795,65.63335105101578
E3_cec2017,cec2017,9,100,GF-Method,3,1220262434359920386,1000000,1000000,903.8898113669586,3.889811366958611,3.889811366958611,68.9488187560346
E3_cec2017,cec2017,9,100,GF-Method,4,4407858827534385987,1000000,1000000,910.0712488145692,10.07124881456923,10.07124881456923,63.614161993027665
E3_cec2017,cec2017,9,100,GF-Method,5,2178641023655369288,1000000,1000000,908.7580526034084,8.758052603408373,8.758052603408373,53.583196621970274
E3_cec2017,cec2017,9,100,GF-Method,6,4779183621767692058,1000000,1000000,903.5383811318014,3.5383811318014295,3.5383811318014295,49.07964994001668
E3_cec2017,cec2017,9,100,GF-Method,7,3437281300207354910,1000000,1000000,903.5383811318014,3.5383811318014295,3.5383811318014295,59.65626979799708
E3_cec2017,cec2017,9,100,GF-Method,8,8864100500287675406,1000000,1000000,905.1632340164008,5.163234016400793,5.163234016400793,51.26259028195636
E3_cec2017,cec2017,9,100,GF-Method,9,2463766533329174532,1000000,1000000,907.0767199517752,7.076719951775203,7.076719951775203,43.43360687699169
E3_cec2017,cec2017,9,100,GF-Method,10,6056678908681047057,1000000,1000000,903.4421489589627,3.4421489589626617,3.4421489589626617,52.436829771031626
E3_cec2017,cec2017,9,100,GF-Method,11,7028805938461057214,1000000,1000000,903.6212054597955,3.621205459795533,3.621205459795533,43.282629881985486
E3_cec2017,cec2017,9,100,GF-Method,12,3907575464688408260,1000000,1000000,902.1687263095205,2.16872630952048,2.16872630952048,54.00602674798574
E3_cec2017,cec2017,9,100,GF-Method,13,5696917047864869707,1000000,1000000,903.6145438492007,3.614543849200686,3.614543849200686,42.17796157300472
E3_cec2017,cec2017,9,100,GF-Method,14,6569980479164590690,1000000,1000000,904.1650788847164,4.165078884716422,4.165078884716422,62.667400153994095
E3_cec2017,cec2017,9,100,GF-Method,15,3724566240661199817,1000000,1000000,903.256430847535,3.2564308475349435,3.2564308475349435,57.77456491696648
E3_cec2017,cec2017,9,100,GF-Method,16,366733367816988651,1000000,1000000,904.0755294783863,4.075529478386329,4.075529478386329,49.91375833499478
E3_cec2017,cec2017,9,100,GF-Method,17,4325266825854066589,1000000,1000000,901.9068243247797,1.9068243247796772,1.9068243247796772,47.35900870303158
E3_cec2017,cec2017,9,100,GF-Method,18,1809499370095403612,1000000,1000000,907.4373144906975,7.437314490697531,7.437314490697531,56.847823359014
E3_cec2017,cec2017,9,100,GF-Method,19,8944019521517943663,1000000,1000000,907.6205722207825,7.620572220782492,7.620572220782492,53.497509435983375
E3_cec2017,cec2017,9,100,GF-Method,20,2150293902258689282,1000000,1000000,904.2545859792192,4.2545859792192005,4.2545859792192005,40.27512336400105
E3_cec2017,cec2017,9,100,GF-Method,21,3291506486112295457,1000000,1000000,903.2631136140435,3.2631136140435046,3.2631136140435046,44.837636273994576
E3_cec2017,cec2017,9,100,GF-Method,22,1268046623568235753,1000000,1000000,901.4458175396804,1.4458175396804336,1.4458175396804336,38.820789785997476
E3_cec2017,cec2017,9,100,GF-Method,23,8333622345662974788,1000000,1000000,906.3471495713402,6.347149571340196,6.347149571340196,45.839352905983105
E3_cec2017,cec2017,9,100,GF-Method,24,8347616010849743101,1000000,1000000,902.1687263095205,2.16872630952048,2.16872630952048,61.035415172053035
E3_cec2017,cec2017,9,100,GF-Method,25,2016104980242500386,1000000,1000000,900.9914935210896,0.9914935210896374,0.9914935210896374,61.534586674009915
E3_cec2017,cec2017,9,100,GF-Method,26,5855840329605178026,1000000,1000000,904.5365362634857,4.5365362634856865,4.5365362634856865,49.514137070043944
E3_cec2017,cec2017,9,100,GF-Method,27,5486850377430518570,1000000,1000000,907.6205722207825,7.620572220782492,7.620572220782492,42.4865420400165
E3_cec2017,cec2017,9,100,GF-Method,28,246821402751531001,1000000,1000000,904.3574797626528,4.357479762652815,4.357479762652815,38.78061858098954
E3_cec2017,cec2017,9,100,GF-Method,29,2237589245519323508,1000000,1000000,902.4439938272784,2.4439938272784048,2.4439938272784048,39.06310659897281
E3_cec2017,cec2017,1,100,GF-Method,0,5907878731852476717,1000000,1000000,100.00000000000026,0.0,2.5579538487363607e-13,69.92133890802506
E3_cec2017,cec2017,1,100,GF-Method,1,1726783440534632825,1000000,1000000,100.00000000006345,0.0,6.345146630337695e-11,63.8107065250515
E3_cec2017,cec2017,1,100,GF-Method,2,1713116812188157011,1000000,1000000,100.00000000000017,0.0,1.7053025658242404e-13,68.15488786902279
E3_cec2017,cec2017,1,100,GF-Method,3,2203753407506128299,1000000,1000000,100.0000000000041,0.0,4.106937012693379e-12,64.3423693680088
E3_cec2017,cec2017,1,100,GF-Method,4,5043098260956795878,1000000,1000000,100.00000000000063,0.0,6.252776074688882e-13,67.45895201299572
E3_cec2017,cec2017,1,100,GF-Method,5,4981538265590398140,1000000,1000000,100.00000000000173,0.0,1.7337242752546445e-12,60.93059214402456
E3_cec2017,cec2017,1,100,GF-Method,6,911626941629161860,1000000,1000000,100.00000000000023,0.0,2.2737367544323206e-13,69.73040985799162
E3_cec2017,cec2017,1,100,GF-Method,7,6262679958245309117,1000000,1000000,100.00000000010935,0.0,1.0935252703347942e-10,67.42724536196329
E3_cec2017,cec2017,1,100,GF-Method,8,2072889080490241993,1000000,1000000,100.00000000002797,0.0,2.7966962079517543e-11,67.14882021502126
E3_cec2017,cec2017,1,100,GF-Method,9,349738733489897656,1000000,1000000,100.00000000000016,0.0,1.5631940186722204e-13,67.25139115797356
E3_cec2017,cec2017,1,100,GF-Method,10,5515256640110656376,1000000,1000000,100.00000000000023,0.0,2.2737367544323206e-13,58.64384351798799
E3_cec2017,cec2017,1,100,GF-Method,11,1037299355059543944,1000000,1000000,100.00000000000067,0.0,6.679101716144942e-13,61.11709752603201
E3_cec2017,cec2017,1,100,GF-Method,12,6766222415262111019,1000000,1000000,100.00000000011059,0.0,1.1058887139370199e-10,59.44331816298654
E3_cec2017,cec2017,1,100,GF-Method,13,5052792777731664701,1000000,1000000,100.00000000000014,0.0,1.4210854715202004e-13,59.31433079298586
E3_cec2017,cec2017,1,100,GF-Method,14,4770848744568033106,1000000,1000000,100.00000000000018,0.0,1.8474111129762605e-13,58.53068160999101
E3_cec2017,cec2017,1,100,GF-Method,15,3880893947470628291,1000000,1000000,100.00000000000047,0.0,4.689582056016661e-13,61.135171475005336
E3_cec2017,cec2017,1,100,GF-Method,16,5758435839264283730,1000000,1000000,100.0000000000039,0.0,3.893774191965349e-12,55.90702824096661
E3_cec2017,cec2017,1,100,GF-Method,17,5094997073845659446,1000000,1000000,100.00000000002667,0.0,2.667377430043416e-11,62.95199023501482
E3_cec2017,cec2017,1,100,GF-Method,18,8784683862837471894,1000000,1000000,100.0000000000757,0.0,7.570122306788107e-11,62.805455934023485
E3_cec2017,cec2017,1,100,GF-Method,19,747834594623398295,1000000,1000000,100.0000000000206,0.0,2.0605739337042905e-11,48.73532953800168
E3_cec2017,cec2017,1,100,GF-Method,20,3972248052551842982,1000000,1000000,100.00000000000567,0.0,5.6701310313655995e-12,41.68781227100408
E3_cec2017,cec2017,1,100,GF-Method,21,1234519458905786125,1000000,1000000,100.00000000000078,0.0,7.815970093361102e-13,50.697930658992846
E3_cec2017,cec2017,1,100,GF-Method,22,5146173443589601379,1000000,1000000,100.00000000000871,0.0,8.711253940418828e-12,44.78995351900812
E3_cec2017,cec2017,1,100,GF-Method,23,689610729919056829,1000000,1000000,100.00000000016439,0.0,1.6439116734545678e-10,39.348582461010665
E3_cec2017,cec2017,1,100,GF-Method,24,1817727651925636980,1000000,1000000,100.00000000000018,0.0,1.8474111129762605e-13,49.60367307503475
E3_cec2017,cec2017,1,100,GF-Method,25,1260414137817553170,1000000,1000000,100.00000000000934,0.0,9.336531547887716e-12,38.04125846695388
E3_cec2017,cec2017,1,100,GF-Method,26,6957215428780427301,1000000,1000000,100.00000000051507,0.0,5.150724291524966e-10,50.214902244042605
E3_cec2017,cec2017,1,100,GF-Method,27,430485134164541179,1000000,1000000,100.00000000024725,0.0,2.4725466118979966e-10,37.02966956800083
E3_cec2017,cec2017,1,100,GF-Method,28,4623530256026283468,1000000,1000000,100.00000000023988,0.0,2.398792275926098e-10,37.10096882702783
E3_cec2017,cec2017,1,100,GF-Method,29,6309367004635619460,1000000,1000000,100.0000000000211,0.0,2.1103119252074976e-11,37.559345564979594
E3_cec2017,cec2017,18,100,GF-Method,0,7687672059568424926,1000000,1000000,2181.489719380747,381.4897193807469,381.4897193807469,66.82163376000244
E3_cec2017,cec2017,18,100,GF-Method,1,7896699092009238080,1000000,1000000,2112.8472570253557,312.8472570253557,312.8472570253557,56.61307193594985
E3_cec2017,cec2017,18,100,GF-Method,2,2771006807587443458,1000000,1000000,2216.742974226684,416.74297422668405,416.74297422668405,57.47230284102261
E3_cec2017,cec2017,18,100,GF-Method,3,6697509483933465807,1000000,1000000,2204.99217137673,404.99217137672986,404.99217137672986,70.42409302899614
E3_cec2017,cec2017,18,100,GF-Method,4,5912110612304650343,1000000,1000000,2090.3261978280093,290.3261978280093,290.3261978280093,65.8339554570266
E3_cec2017,cec2017,18,100,GF-Method,5,7997065246470150551,1000000,1000000,2220.3845685474307,420.3845685474307,420.3845685474307,49.21379245002754
E3_cec2017,cec2017,18,100,GF-Method,6,5334576075652320487,1000000,1000000,2105.9833337246055,305.9833337246055,305.9833337246055,57.37648686696775
E3_cec2017,cec2017,18,100,GF-Method,7,5717055044427334560,1000000,1000000,2059.596164029754,259.59616402975416,259.59616402975416,49.1612539680209
E3_cec2017,cec2017,18,100,GF-Method,8,2134889332022009099,1000000,1000000,2189.7781614126116,389.77816141261155,389.77816141261155,53.793074492015876
E3_cec2017,cec2017,18,100,GF-Method,9,4077246279000325927,1000000,1000000,2103.0867545734086,303.0867545734086,303.0867545734086,60.7038722949801
E3_cec2017,cec2017,18,100,GF-Method,10,1698150743867857470,1000000,1000000,2025.3976807953763,225.39768079537635,225.39768079537635,55.364259246969596
E3_cec2017,cec2017,18,100,GF-Method,11,5378788407200948387,1000000,1000000,2204.1289491367747,404.12894913677474,404.12894913677474,45.12811720301397
E3_cec2017,cec2017,18,100,GF-Method,12,6569558246736587280,1000000,1000000,2150.9165348429383,350.9165348429383,350.9165348429383,50.876057315967046
E3_cec2017,cec2017,18,100,GF-Method,13,3001161710907114290,1000000,1000000,2034.2408764304853,234.2408764304853,234.2408764304853,48.39904818497598
E3_cec2017,cec2017,18,100,GF-Method,14,1949201431719506584,1000000,1000000,2105.100631827969,305.1006318279692,305.1006318279692,53.017169013037346
E3_cec2017,cec2017,18,100,GF-Method,15,1926374452763283133,1000000,1000000,2238.1653862493968,438.16538624939676,438.16538624939676,41.82603148696944
E3_cec2017,cec2017,18,100,GF-Method,16,1639251363949240982,1000000,1000000,2157.56862977997,357.5686297799698,357.5686297799698,56.0798723300104
E3_cec2017,cec2017,18,100,GF-Method,17,7034872215021571618,1000000,1000000,2158.48075568629,358.4807556862902,358.4807556862902,47.94072524801595
E3_cec2017,cec2017,18,100,GF-Method,18,6736352290357492607,1000000,1000000,2084.7388219539903,284.7388219539903,284.7388219539903,42.60554975201376
E3_cec2017,cec2017,18,100,GF-Method,19,8442275647482166745,1000000,1000000,2116.573322968082,316.5733229680818,316.5733229680818,39.47223843197571
E3_cec2017,cec2017,18,100,GF-Method,20,1917385323490343971,1000000,1000000,2021.5994464277132,221.59944642771325,221.59944642771325,40.09740129602142
E3_cec2017,cec2017,18,100,GF-Method,21,7325515217023599441,1000000,1000000,2207.435447000277,407.4354470002768,407.4354470002768,54.495065585011616
E3_cec2017,cec2017,18,100,GF-Method,22,6542027514790978617,1000000,1000000,2101.007500680629,301.00750068062916,301.00750068062916,48.55945833201986
E3_cec2017,cec2017,18,100,GF-Method,23,6148265092169029443,1000000,1000000,2201.1274259293514,401.1274259293514,401.1274259293514,41.941076106973924
E3_cec2017,cec2017,18,100,GF-Method,24,9117760831257172860,1000000,1000000,2136.127205375834,336.1272053758339,336.1272053758339,43.60939919500379
E3_cec2017,cec2017,18,100,GF-Method,25,2564020781209099458,1000000,1000000,2124.2210930298097,324.2210930298097,324.2210930298097,41.04628414299805
E3_cec2017,cec2017,18,100,GF-Method,26,6807407110523006429,1000000,1000000,2153.564649178485,353.56464917848507,353.56464917848507,41.94715344597353
E3_cec2017,cec2017,18,100,GF-Method,27,2554242184690661793,1000000,1000000,2249.043909269395,449.04390926939504,449.04390926939504,37.63870919001056
E3_cec2017,cec2017,18,100,GF-Method,28,7990798729067949221,1000000,1000000,2188.925713216482,388.9257132164821,388.9257132164821,38.48640848597279
E3_cec2017,cec2017,18,100,GF-Method,29,6479111867211373582,1000000,1000000,2101.960821881631,301.9608218816311,301.9608218816311,37.652285253978334
E3_cec2017,cec2017,15,100,GF-Method,0,8860499855165623729,1000000,1000000,1767.389309575468,267.3893095754679,267.3893095754679,67.12808129703626
E3_cec2017,cec2017,15,100,GF-Method,1,1925393024547919836,1000000,1000000,1840.0112283155631,340.01122831556313,340.01122831556313,68.44527871895116
E3_cec2017,cec2017,15,100,GF-Method,2,7152460145506714993,1000000,1000000,1730.813432932551,230.813432932551,230.813432932551,65.28968092799187
E3_cec2017,cec2017,15,100,GF-Method,3,7722001509700949195,1000000,1000000,1696.0689267656062,196.0689267656062,196.0689267656062,70.81913926400011
E3_cec2017,cec2017,15,100,GF-Method,4,6924047924621905643,1000000,1000000,1757.481187350803,257.4811873508031,257.4811873508031,53.29501535499003
E3_cec2017,cec2017,15,100,GF-Method,5,1032834608451610750,1000000,1000000,1731.1387825874722,231.13878258747218,231.13878258747218,55.30063493200578
E3_cec2017,cec2017,15,100,GF-Method,6,2441126886951090541,1000000,1000000,1816.8931251183312,316.8931251183312,316.8931251183312,66.76694740896346
E3_cec2017,cec2017,15,100,GF-Method,7,1343215144755501440,1000000,1000000,1752.9749597959428,252.97495979594282,252.97495979594282,46.529804026009515
E3_cec2017,cec2017,15,100,GF-Method,8,328716520222978209,1000000,1000000,1850.5933838101903,350.5933838101903,350.5933838101903,55.9231378469849
E3_cec2017,cec2017,15,100,GF-Method,9,9152536226963465656,1000000,1000000,1676.6309186909125,176.6309186909125,176.6309186909125,47.570189746969845
E3_cec2017,cec2017,15,100,GF-Method,10,2127229792543663914,1000000,1000000,1804.0933336005626,304.0933336005626,304.0933336005626,45.75260742503451
E3_cec2017,cec2017,15,100,GF-Method,11,5732972292416029529,1000000,1000000,1861.640926714753,361.64092671475305,361.64092671475305,58.11235770600615
E3_cec2017,cec2017,15,100,GF-Method,12,3616530779504353751,1000000,1000000,1736.6885346876356,236.68853468763564,236.68853468763564,65.13208575098542
E3_cec2017,cec2017,15,100,GF-Method,13,2292726954420189780,1000000,1000000,1896.5861790407885,396.58617904078847,396.58617904078847,44.81528214504942
E3_cec2017,cec2017,15,100,GF-Method,14,6561244651319192746,1000000,1000000,1858.4032408032288,358.40324080322875,358.40324080322875,48.250219409004785
E3_cec2017,cec2017,15,100,GF-Method,15,8591320876265964417,1000000,1000000,1731.0928207648449,231.09282076484487,231.09282076484487,54.67047126905527
E3_cec2017,cec2017,15,100,GF-Method,16,3016101825523016660,1000000,1000000,1755.9728476947992,255.97284769479916,255.97284769479916,41.506267994991504
E3_cec2017,cec2017,15,100,GF-Method,17,7365852558144481225,1000000,1000000,1679.1460546913559,179.14605469135586,179.14605469135586,47.446416135004256
E3_cec2017,cec2017,15,100,GF-Method,18,7908752413637163389,1000000,1000000,1783.4242965414835,283.4242965414835,283.4242965414835,46.505258859018795
E3_cec2017,cec2017,15,100,GF-Method,19,3751788875164124278,1000000,1000000,1739.190864871434,239.1908648714341,239.1908648714341,42.598534835036844
E3_cec2017,cec2017,15,100,GF-Method,20,9016245969343174283,1000000,1000000,1683.273527153728,183.27352715372808,183.27352715372808,46.23344707401702
E3_cec2017,cec2017,15,100,GF-Method,21,3444324906933845846,1000000,1000000,1757.1972810480033,257.19728104800333,257.19728104800333,55.0160970389843
E3_cec2017,cec2017,15,100,GF-Method,22,3389369879461469845,1000000,1000000,1824.489564703853,324.4895647038529,324.4895647038529,54.11358126800042
E3_cec2017,cec2017,15,100,GF-Method,23,9171371934143674471,1000000,1000000,1699.3817973331438,199.38179733314382,199.38179733314382,48.498654466995504
E3_cec2017,cec2017,15,100,GF-Method,24,2604410404149466901,1000000,1000000,1692.2034149297058,192.2034149297058,192.2034149297058,39.43825961096445
E3_cec2017,cec2017,15,100,GF-Method,25,264853414485958194,1000000,1000000,1802.863774575381,302.86377457538106,302.86377457538106,48.70054063695716
E3_cec2017,cec2017,15,100,GF-Method,26,6275572532937819855,1000000,1000000,1811.6128590390786,311.61285903907856,311.61285903907856,42.185881736979354
E3_cec2017,cec2017,15,100,GF-Method,27,7523567798076854963,1000000,1000000,1841.3279357668016,341.3279357668016,341.3279357668016,42.8937955199508
E3_cec2017,cec2017,15,100,GF-Method,28,50689317740133708,1000000,1000000,1852.6033357154245,352.60333571542446,352.60333571542446,40.173609202960506
E3_cec2017,cec2017,15,100,GF-Method,29,1808927846490413572,1000000,1000000,1856.4098621498777,356.40986214987765,356.40986214987765,39.70725569402566
E3_cec2017,cec2017,4,100,GF-Method,0,5257835329986863029,1000000,1000000,472.5521195835496,72.5521195835496,72.5521195835496,70.82625240494963
E3_cec2017,cec2017,4,100,GF-Method,1,4732716566546367804,1000000,1000000,400.3532941318825,0.35329413188247827,0.35329413188247827,69.46267086296575
E3_cec2017,cec2017,4,100,GF-Method,2,3867590541380765351,1000000,1000000,474.4349724923949,74.43497249239488,74.43497249239488,69.41913924500113
E3_cec2017,cec2017,4,100,GF-Method,3,2356751414830448767,1000000,1000000,499.0785598737289,99.07855987372892,99.07855987372892,63.27952172700316
E3_cec2017,cec2017,4,100,GF-Method,4,69588815925762333,1000000,1000000,404.0551117022137,4.055111702213708,4.055111702213708,71.93418225302594
E3_cec2017,cec2017,4,100,GF-Method,5,5863294257796237586,1000000,1000000,467.9234012966169,67.92340129661687,67.92340129661687,71.36273469898151
E3_cec2017,cec2017,4,100,GF-Method,6,5331262394358233780,1000000,1000000,404.01558438090933,4.015584380909331,4.015584380909331,66.4576333250152
E3_cec2017,cec2017,4,100,GF-Method,7,5888419839491535408,1000000,1000000,405.27929636776355,5.27929636776355,5.27929636776355,49.97599890403217
E3_cec2017,cec2017,4,100,GF-Method,8,2471453298872630310,1000000,1000000,585.097742304144,185.09774230414405,185.09774230414405,66.71235252998304
E3_cec2017,cec2017,4,100,GF-Method,9,8160631808162993275,1000000,1000000,470.76378273774213,70.76378273774213,70.76378273774213,62.82917579298373
E3_cec2017,cec2017,4,100,GF-Method,10,7703260662891359856,1000000,1000000,474.59858423852035,74.59858423852035,74.59858423852035,55.58839817502303
E3_cec2017,cec2017,4,100,GF-Method,11,531084990465501366,1000000,1000000,403.99145893744355,3.9914589374435536,3.9914589374435536,61.9473762169946
E3_cec2017,cec2017,4,100,GF-Method,12,3509290237908695804,1000000,1000000,500.09323506468013,100.09323506468013,100.09323506468013,50.40341477096081
E3_cec2017,cec2017,4,100,GF-Method,13,8999286861980839884,1000000,1000000,400.71923885769945,0.7192388576994517,0.7192388576994517,64.78475922101643
E3_cec2017,cec2017,4,100,GF-Method,14,6666198703677260132,1000000,1000000,400.39316450532215,0.3931645053221473,0.3931645053221473,50.621704096964095
E3_cec2017,cec2017,4,100,GF-Method,15,2712308374363414099,1000000,1000000,471.4466766297124,71.44667662971239,71.44667662971239,57.82492645701859
E3_cec2017,cec2017,4,100,GF-Method,16,4186199612979566566,1000000,1000000,499.078562110985,99.07856211098499,99.07856211098499,62.37219680700218
E3_cec2017,cec2017,4,100,GF-Method,17,4596537799505536499,1000000,1000000,404.1078561999021,4.1078561999020735,4.1078561999020735,59.59057769598439
E3_cec2017,cec2017,4,100,GF-Method,18,7929723162630021424,1000000,1000000,476.62694805320666,76.62694805320666,76.62694805320666,48.964424612000585
E3_cec2017,cec2017,4,100,GF-Method,19,244784016377550672,1000000,1000000,400.0793631022612,0.07936310226119758,0.07936310226119758,54.617553294985555
E3_cec2017,cec2017,4,100,GF-Method,20,7160410965219194812,1000000,1000000,541.6257889531737,141.6257889531737,141.6257889531737,42.075243823986966
E3_cec2017,cec2017,4,100,GF-Method,21,1244107348833709600,1000000,1000000,406.1919794758256,6.191979475825576,6.191979475825576,42.12928385200212
E3_cec2017,cec2017,4,100,GF-Method,22,2094090388763688491,1000000,1000000,534.3950424787402,134.39504247874015,134.39504247874015,42.10127817397006
E3_cec2017,cec2017,4,100,GF-Method,23,7458156642492436939,1000000,1000000,402.2794664371055,2.279466437105498,2.279466437105498,44.378673497005366
E3_cec2017,cec2017,4,100,GF-Method,24,2335675094663356282,1000000,1000000,468.8175062357077,68.8175062357077,68.8175062357077,41.58066626696382
E3_cec2017,cec2017,4,100,GF-Method,25,96770788225533700,1000000,1000000,400.2940849969027,0.2940849969027113,0.2940849969027113,53.50291649700375
E3_cec2017,cec2017,4,100,GF-Method,26,6774396333544320123,1000000,1000000,404.0565661697136,4.056566169713619,4.056566169713619,55.541798430960625
E3_cec2017,cec2017,4,100,GF-Method,27,2887115737631613014,1000000,1000000,404.5832787785247,4.5832787785246865,4.5832787785246865,42.30594116303837
E3_cec2017,cec2017,4,100,GF-Method,28,3976689505192282073,1000000,1000000,404.2147771531447,4.214777153144723,4.214777153144723,48.73192397097591
E3_cec2017,cec2017,4,100,GF-Method,29,4766732191069923651,1000000,1000000,404.12427171008295,4.124271710082951,4.124271710082951,39.585504906019196
E3_cec2017,cec2017,13,100,GF-Method,0,557743642903044731,1000000,1000000,3338.6247388599063,2038.6247388599063,2038.6247388599063,65.77935913600959
E3_cec2017,cec2017,13,100,GF-Method,1,3120729764129643121,1000000,1000000,1498.3020901022587,198.30209010225872,198.30209010225872,69.76353184197797
E3_cec2017,cec2017,13,100,GF-Method,2,6012934053144537793,1000000,1000000,2910.500646084809,1610.500646084809,1610.500646084809,58.895523182000034
E3_cec2017,cec2017,13,100,GF-Method,3,5029686544528375108,1000000,1000000,3768.7424858580052,2468.7424858580052,2468.7424858580052,63.60874300904106
E3_cec2017,cec2017,13,100,GF-Method,4,6901381238362928058,1000000,1000000,2091.184160765205,791.184160765205,791.184160765205,71.21969443000853
E3_cec2017,cec2017,13,100,GF-Method,5,642632959442088265,1000000,1000000,1588.6673909163214,288.66739091632144,288.66739091632144,69.48396212799707
E3_cec2017,cec2017,13,100,GF-Method,6,6560484792011925225,1000000,1000000,2027.181597826043,727.1815978260429,727.1815978260429,60.49639228300657
E3_cec2017,cec2017,13,100,GF-Method,7,2957562783835766586,1000000,1000000,4833.491083448133,3533.4910834481334,3533.4910834481334,55.67853557696799
E3_cec2017,cec2017,13,100,GF-Method,8,6429536863094721960,1000000,1000000,3942.912331892408,2642.912331892408,2642.912331892408,59.0509611730231
E3_cec2017,cec2017,13,100,GF-Method,9,3590733879393468265,1000000,1000000,5708.6919591044525,4408.6919591044525,4408.6919591044525,57.679030952975154
E3_cec2017,cec2017,13,100,GF-Method,10,7724195209521434347,1000000,1000000,1409.7003526543824,109.70035265438241,109.70035265438241,54.60556890704902
E3_cec2017,cec2017,13,100,GF-Method,11,6025081491653831015,1000000,1000000,2400.185415488075,1100.1854154880748,1100.1854154880748,55.72406095499173
E3_cec2017,cec2017,13,100,GF-Method,12,5135880593384036423,1000000,1000000,1891.488789913325,591.488789913325,591.488789913325,50.929487098997924
E3_cec2017,cec2017,13,100,GF-Method,13,2856269568350247212,1000000,1000000,3639.243827931854,2339.243827931854,2339.243827931854,53.59434442099882
E3_cec2017,cec2017,13,100,GF-Method,14,4338437255595410853,1000000,1000000,8882.751156015056,7582.751156015056,7582.751156015056,45.52862603304675
E3_cec2017,cec2017,13,100,GF-Method,15,3135753212119161413,1000000,1000000,2691.665510316546,1391.6655103165458,1391.6655103165458,49.90330321597867
E3_cec2017,cec2017,13,100,GF-Method,16,210915580583685928,1000000,1000000,1760.7874264236302,460.7874264236302,460.7874264236302,56.09367155202199
E3_cec2017,cec2017,13,100,GF-Method,17,478015573379439638,1000000,1000000,1506.0594979963967,206.05949799639666,206.05949799639666,40.62013854901306
E3_cec2017,cec2017,13,100,GF-Method,18,4311259067556100311,1000000,1000000,3333.1894624647225,2033.1894624647225,2033.1894624647225,40.98097653203877
E3_cec2017,cec2017,13,100,GF-Method,19,593407118163481821,1000000,1000000,2661.9344709704774,1361.9344709704774,1361.9344709704774,45.43996926699765
E3_cec2017,cec2017,13,100,GF-Method,20,4385513004567171609,1000000,1000000,3110.755793989162,1810.7557939891622,1810.7557939891622,49.219468595983926
E3_cec2017,cec2017,13,100,GF-Method,21,7677713516716552162,1000000,1000000,2268.708190540473,968.708190540473,968.708190540473,51.85170288902009
E3_cec2017,cec2017,13,100,GF-Method,22,1079712778345403976,1000000,1000000,1425.3179610298791,125.31796102987914,125.31796102987914,41.63176790502621
E3_cec2017,cec2017,13,100,GF-Method,23,5215873319349582841,1000000,1000000,1669.9524354945227,369.95243549452266,369.95243549452266,59.96187536598882
E3_cec2017,cec2017,13,100,GF-Method,24,1575774666321379559,1000000,1000000,3252.44280907765,1952.44280907765,1952.44280907765,52.78001331095584
E3_cec2017,cec2017,13,100,GF-Method,25,4143244169252680251,1000000,1000000,4092.4487326722992,2792.4487326722992,2792.4487326722992,45.13211004197365
E3_cec2017,cec2017,13,100,GF-Method,26,8464172752113124277,1000000,1000000,1675.7049446884225,375.70494468842253,375.70494468842253,44.88874903100077
E3_cec2017,cec2017,13,100,GF-Method,27,7298392420914284375,1000000,1000000,3585.319981167401,2285.319981167401,2285.319981167401,49.78728814597707
E3_cec2017,cec2017,13,100,GF-Method,28,6606292683866087512,1000000,1000000,3521.1109382142477,2221.1109382142477,2221.1109382142477,44.56926569400821
E3_cec2017,cec2017,13,100,GF-Method,29,6876841077987392321,1000000,1000000,1574.309880787709,274.30988078770906,274.30988078770906,47.59240055503324
E3_cec2017,cec2017,11,100,GF-Method,0,2296603136454600958,1000000,1000000,2162.9931919929504,1062.9931919929504,1062.9931919929504,71.96882414800348
E3_cec2017,cec2017,11,100,GF-Method,1,8889927244962437388,1000000,1000000,1273.886676017133,173.8866760171329,173.8866760171329,66.71337967697764
E3_cec2017,cec2017,11,100,GF-Method,2,619746161293956232,1000000,1000000,1881.0661861950352,781.0661861950352,781.0661861950352,69.6103095660219
E3_cec2017,cec2017,11,100,GF-Method,3,4762471328615481147,1000000,1000000,1923.5780190941773,823.5780190941773,823.5780190941773,62.526331784029026
E3_cec2017,cec2017,11,100,GF-Method,4,4731143976163772496,1000000,1000000,1734.8024658919064,634.8024658919064,634.8024658919064,69.25532664597267
E3_cec2017,cec2017,11,100,GF-Method,5,529643377698437659,1000000,1000000,1759.5148231246744,659.5148231246744,659.5148231246744,69.09649754402926
E3_cec2017,cec2017,11,100,GF-Method,6,7812740528219907565,1000000,1000000,1874.8211520228697,774.8211520228697,774.8211520228697,65.56797344703227
E3_cec2017,cec2017,11,100,GF-Method,7,3676527049286806584,1000000,1000000,1937.244049897643,837.244049897643,837.244049897643,61.798953814955894
E3_cec2017,cec2017,11,100,GF-Method,8,5327791815032440616,1000000,1000000,1944.9730696402844,844.9730696402844,844.9730696402844,56.75185380701441
E3_cec2017,cec2017,11,100,GF-Method,9,2078950168711738040,1000000,1000000,1983.7814744610341,883.7814744610341,883.7814744610341,58.99719684198499
E3_cec2017,cec2017,11,100,GF-Method,10,6358628829988939344,1000000,1000000,1719.616749947952,619.616749947952,619.616749947952,64.88105199800339
E3_cec2017,cec2017,11,100,GF-Method,11,6956961642175242079,1000000,1000000,1943.4653864465536,843.4653864465536,843.4653864465536,55.03530554601457
E3_cec2017,cec2017,11,100,GF-Method,12,9176709326218580998,1000000,1000000,2241.2051353137113,1141.2051353137113,1141.2051353137113,58.32801846199436
E3_cec2017,cec2017,11,100,GF-Method,13,5257806303600430564,1000000,1000000,1872.5739834971814,772.5739834971814,772.5739834971814,46.104501561960205
E3_cec2017,cec2017,11,100,GF-Method,14,4126026120497828981,1000000,1000000,1292.824796477742,192.82479647774198,192.82479647774198,47.990351307962555
E3_cec2017,cec2017,11,100,GF-Method,15,1805084502771016097,1000000,1000000,1953.421806955263,853.421806955263,853.421806955263,52.90550768899266
E3_cec2017,cec2017,11,100,GF-Method,16,5742402271100736963,1000000,1000000,2065.3113381339654,965.3113381339654,965.3113381339654,61.92122025898425
E3_cec2017,cec2017,11,100,GF-Method,17,4791216191437374875,1000000,1000000,1988.4778708126576,888.4778708126576,888.4778708126576,48.92446289898362
E3_cec2017,cec2017,11,100,GF-Method,18,8872094604377647743,1000000,1000000,1886.7563416593607,786.7563416593607,786.7563416593607,40.735938344034366
E3_cec2017,cec2017,11,100,GF-Method,19,265582107448866018,1000000,1000000,1301.7469671437327,201.74696714373272,201.74696714373272,41.058589624008164
E3_cec2017,cec2017,11,100,GF-Method,20,4431269270269139274,1000000,1000000,2026.0527580496391,926.0527580496391,926.0527580496391,48.529476768977474
E3_cec2017,cec2017,11,100,GF-Method,21,943627304472312046,1000000,1000000,1760.6413513490752,660.6413513490752,660.6413513490752,62.1640361979953
E3_cec2017,cec2017,11,100,GF-Method,22,8828393571694659274,1000000,1000000,1327.629712003856,227.62971200385596,227.62971200385596,55.91997112700483
E3_cec2017,cec2017,11,100,GF-Method,23,3231684193786566125,1000000,1000000,1834.797094446325,734.797094446325,734.797094446325,43.41871406399878
E3_cec2017,cec2017,11,100,GF-Method,24,5614547836214331894,1000000,1000000,1315.6738458611396,215.67384586113963,215.67384586113963,40.07788440899458
E3_cec2017,cec2017,11,100,GF-Method,25,6337077264600911638,1000000,1000000,1857.1448434335516,757.1448434335516,757.1448434335516,44.918919208983425
E3_cec2017,cec2017,11,100,GF-Method,26,7436726731358845455,1000000,1000000,1353.695850522362,253.69585052236198,253.69585052236198,41.24829967599362
E3_cec2017,cec2017,11,100,GF-Method,27,3891447296245487049,1000000,1000000,1979.5173266130664,879.5173266130664,879.5173266130664,43.79755797900725
E3_cec2017,cec2017,11,100,GF-Method,28,4529447837716883547,1000000,1000000,2019.5808133790083,919.5808133790083,919.5808133790083,41.707621927023865
E3_cec2017,cec2017,11,100,GF-Method,29,1981648566148792874,1000000,1000000,1688.0358800905901,588.0358800905901,588.0358800905901,38.394643490959425
E3_cec2017,cec2017,16,100,GF-Method,0,2861010080993412004,1000000,1000000,3704.596901436601,2104.596901436601,2104.596901436601,66.37029531301232
E3_cec2017,cec2017,16,100,GF-Method,1,3082448965620101478,1000000,1000000,3704.1362482368777,2104.1362482368777,2104.1362482368777,66.68329592095688
E3_cec2017,cec2017,16,100,GF-Method,2,1116927353450685397,1000000,1000000,3932.1571479624495,2332.1571479624495,2332.1571479624495,55.115651895990595
E3_cec2017,cec2017,16,100,GF-Method,3,24457998673980156,1000000,1000000,3480.139667370403,1880.139667370403,1880.139667370403,60.75318611902185
E3_cec2017,cec2017,16,100,GF-Method,4,8139319682051162814,1000000,1000000,3757.6816789413538,2157.6816789413538,2157.6816789413538,63.66842201404506
E3_cec2017,cec2017,16,100,GF-Method,5,4367679398360775576,1000000,1000000,3813.4302319538538,2213.4302319538538,2213.4302319538538,58.49122239998542
E3_cec2017,cec2017,16,100,GF-Method,6,2205836891498985811,1000000,1000000,4172.08511547807,2572.0851154780703,2572.0851154780703,69.05931133701233
E3_cec2017,cec2017,16,100,GF-Method,7,135488265186401622,1000000,1000000,3943.3302131107007,2343.3302131107007,2343.3302131107007,56.61486241500825
E3_cec2017,cec2017,16,100,GF-Method,8,8457557748594653203,1000000,1000000,3130.934198803186,1530.934198803186,1530.934198803186,59.78388492501108
E3_cec2017,cec2017,16,100,GF-Method,9,1148022507336149315,1000000,1000000,4018.2676903956954,2418.2676903956954,2418.2676903956954,59.65220357198268
E3_cec2017,cec2017,16,100,GF-Method,10,3345251360956418782,1000000,1000000,3223.0339634204793,1623.0339634204793,1623.0339634204793,50.881834500993136
E3_cec2017,cec2017,16,100,GF-Method,11,6613130990214412085,1000000,1000000,3793.906839258591,2193.906839258591,2193.906839258591,44.74919929902535
E3_cec2017,cec2017,16,100,GF-Method,12,6104388064365847104,1000000,1000000,4020.3487243792274,2420.3487243792274,2420.3487243792274,52.47141294600442
E3_cec2017,cec2017,16,100,GF-Method,13,2231611162123437937,1000000,1000000,3736.0135626707706,2136.0135626707706,2136.0135626707706,45.03360219002934
E3_cec2017,cec2017,16,100,GF-Method,14,8777179992021250978,1000000,1000000,3423.3856615115546,1823.3856615115546,1823.3856615115546,52.236137169005815
E3_cec2017,cec2017,16,100,GF-Method,15,7326673004675614868,1000000,1000000,3774.7086772879516,2174.7086772879516,2174.7086772879516,49.10025817301357
E3_cec2017,cec2017,16,100,GF-Method,16,4800601749536856012,1000000,1000000,3918.790349496142,2318.790349496142,2318.790349496142,50.38443446200108
E3_cec2017,cec2017,16,100,GF-Method,17,4331557928528613564,1000000,1000000,4116.663039320456,2516.663039320456,2516.663039320456,62.10467729298398
E3_cec2017,cec2017,16,100,GF-Method,18,6461954157033796009,1000000,1000000,3299.335449940311,1699.3354499403108,1699.3354499403108,57.090308037004434
E3_cec2017,cec2017,16,100,GF-Method,19,959975329388482823,1000000,1000000,3827.285960796893,2227.285960796893,2227.285960796893,54.041533524985425
E3_cec2017,cec2017,16,100,GF-Method,20,5487382607098270173,1000000,1000000,3919.0679222075546,2319.0679222075546,2319.0679222075546,48.633115975011606
E3_cec2017,cec2017,16,100,GF-Method,21,2237385582986643790,1000000,1000000,3774.904253977835,2174.904253977835,2174.904253977835,43.0199314019992
E3_cec2017,cec2017,16,100,GF-Method,22,2516862790276510169,1000000,1000000,3470.3582875885795,1870.3582875885795,1870.3582875885795,64.71761416300433
E3_cec2017,cec2017,16,100,GF-Method,23,3598593370736273897,1000000,1000000,3739.655724008891,2139.655724008891,2139.655724008891,63.19907237496227
E3_cec2017,cec2017,16,100,GF-Method,24,7054547495577151849,1000000,1000000,3833.6111324997187,2233.6111324997187,2233.6111324997187,52.22360798000591
E3_cec2017,cec2017,16,100,GF-Method,25,7635158152595180668,1000000,1000000,3664.704690686775,2064.704690686775,2064.704690686775,48.06807996699354
E3_cec2017,cec2017,16,100,GF-Method,26,1993791352418293663,1000000,1000000,3925.418573315802,2325.418573315802,2325.418573315802,45.27928348304704
E3_cec2017,cec2017,16,100,GF-Method,27,4223400789726053991,1000000,1000000,3768.376041570884,2168.376041570884,2168.376041570884,39.91969720105408
E3_cec2017,cec2017,16,100,GF-Method,28,4723337554468641242,1000000,1000000,3652.5560228934282,2052.5560228934282,2052.5560228934282,36.72450445598224
E3_cec2017,cec2017,16,100,GF-Method,29,1980172701925110378,1000000,1000000,3927.415993177315,2327.415993177315,2327.415993177315,36.41389144695131
E3_cec2017,cec2017,12,100,GF-Method,0,1744993738212120776,1000000,1000000,18505.411814221407,17305.411814221407,17305.411814221407,73.82358137500705
E3_cec2017,cec2017,12,100,GF-Method,1,6166646804694734042,1000000,1000000,29984.32706046674,28784.32706046674,28784.32706046674,71.34180629398907
E3_cec2017,cec2017,12,100,GF-Method,2,7482166572114235864,1000000,1000000,19215.907605051445,18015.907605051445,18015.907605051445,75.20807977800723
E3_cec2017,cec2017,12,100,GF-Method,3,4284145708393393533,1000000,1000000,21376.684256459866,20176.684256459866,20176.684256459866,67.07303609297378
E3_cec2017,cec2017,12,100,GF-Method,4,3999690058704700810,1000000,1000000,35865.22442244075,34665.22442244075,34665.22442244075,69.45359458000166
E3_cec2017,cec2017,12,100,GF-Method,5,3116742022307515462,1000000,1000000,26769.901761242865,25569.901761242865,25569.901761242865,71.16557024401845
E3_cec2017,cec2017,12,100,GF-Method,6,4375386589109124061,1000000,1000000,27357.66323241739,26157.66323241739,26157.66323241739,72.85173086001305
E3_cec2017,cec2017,12,100,GF-Method,7,5088641453650419864,1000000,1000000,29627.238799490824,28427.238799490824,28427.238799490824,62.11604218004504
E3_cec2017,cec2017,12,100,GF-Method,8,2103431115635233204,1000000,1000000,17950.02338412291,16750.02338412291,16750.02338412291,70.85214965901105
E3_cec2017,cec2017,12,100,GF-Method,9,6474318941873771786,1000000,1000000,15127.463467531863,13927.463467531863,13927.463467531863,65.87423943402246
E3_cec2017,cec2017,12,100,GF-Method,10,8346971548763009244,1000000,1000000,31392.971452218782,30192.971452218782,30192.971452218782,49.801889321999624
E3_cec2017,cec2017,12,100,GF-Method,11,2513392526770336394,1000000,1000000,25440.700222570675,24240.700222570675,24240.700222570675,62.47605884197401
E3_cec2017,cec2017,12,100,GF-Method,12,2656252462211775432,1000000,1000000,39829.59809364337,38629.59809364337,38629.59809364337,54.93061622994719
E3_cec2017,cec2017,12,100,GF-Method,13,801394404813954707,1000000,1000000,44535.66572674544,43335.66572674544,43335.66572674544,45.29168224800378
E3_cec2017,cec2017,12,100,GF-Method,14,2106027868226553816,1000000,1000000,27208.941724148808,26008.941724148808,26008.941724148808,59.362895591999404
E3_cec2017,cec2017,12,100,GF-Method,15,213243383675250510,1000000,1000000,19497.07830033018,18297.07830033018,18297.07830033018,43.46371837495826
E3_cec2017,cec2017,12,100,GF-Method,16,2880396786608425990,1000000,1000000,23755.399646776073,22555.399646776073,22555.399646776073,49.81031393300509
E3_cec2017,cec2017,12,100,GF-Method,17,1433743531583261116,1000000,1000000,30580.699408269546,29380.699408269546,29380.699408269546,47.71481573901838
E3_cec2017,cec2017,12,100,GF-Method,18,769351538688317753,1000000,1000000,11032.330925622879,9832.330925622879,9832.330925622879,46.15514714398887
E3_cec2017,cec2017,12,100,GF-Method,19,1878295718393464222,1000000,1000000,21142.610468006817,19942.610468006817,19942.610468006817,61.390262768021785
E3_cec2017,cec2017,12,100,GF-Method,20,680749910964583704,1000000,1000000,21708.362032982193,20508.362032982193,20508.362032982193,45.31849419604987
E3_cec2017,cec2017,12,100,GF-Method,21,4154166384205532611,1000000,1000000,38429.286302353874,37229.286302353874,37229.286302353874,66.37848965299781
E3_cec2017,cec2017,12,100,GF-Method,22,2064170278115861320,1000000,1000000,26737.023820503786,25537.023820503786,25537.023820503786,58.52604532398982
E3_cec2017,cec2017,12,100,GF-Method,23,8734526678391916429,1000000,1000000,22814.797848790982,21614.797848790982,21614.797848790982,45.609156776976306
E3_cec2017,cec2017,12,100,GF-Method,24,7245500314114120735,1000000,1000000,29688.00966174269,28488.00966174269,28488.00966174269,52.15797038801247
E3_cec2017,cec2017,12,100,GF-Method,25,2344835187068673604,1000000,1000000,24562.079965905767,23362.079965905767,23362.079965905767,41.161804764997214
E3_cec2017,cec2017,12,100,GF-Method,26,1280438928775932822,1000000,1000000,35053.88926122078,33853.88926122078,33853.88926122078,41.853968566982076
E3_cec2017,cec2017,12,100,GF-Method,27,1392588973018888861,1000000,1000000,34497.66454125451,33297.66454125451,33297.66454125451,41.0083006809582
E3_cec2017,cec2017,12,100,GF-Method,28,2267324459553380441,1000000,1000000,19643.947790025755,18443.947790025755,18443.947790025755,38.51198846497573
E3_cec2017,cec2017,12,100,GF-Method,29,7270521340474155083,1000000,1000000,29403.485023737503,28203.485023737503,28203.485023737503,37.85574103798717
E3_cec2017,cec2017,14,100,GF-Method,0,4278024204620461223,1000000,1000000,1794.109943780691,394.1099437806911,394.1099437806911,71.00190146500245
E3_cec2017,cec2017,14,100,GF-Method,1,8151083048441730285,1000000,1000000,1709.5374042470298,309.5374042470298,309.5374042470298,71.92637107195333
E3_cec2017,cec2017,14,100,GF-Method,2,8785445035934457491,1000000,1000000,1864.7481135388862,464.7481135388862,464.7481135388862,70.50951072003227
E3_cec2017,cec2017,14,100,GF-Method,3,5575540493237170017,1000000,1000000,1746.355379944012,346.35537994401193,346.35537994401193,70.45860991999507
E3_cec2017,cec2017,14,100,GF-Method,4,1345617025790979996,1000000,1000000,1812.0165640484981,412.01656404849814,412.01656404849814,67.94470445602201
E3_cec2017,cec2017,14,100,GF-Method,5,150777544355857998,1000000,1000000,1838.8794887158988,438.8794887158988,438.8794887158988,49.47549654496834
E3_cec2017,cec2017,14,100,GF-Method,6,4584807226903146085,1000000,1000000,1640.8870810138947,240.88708101389466,240.88708101389466,63.290455514972564
E3_cec2017,cec2017,14,100,GF-Method,7,4938526637622261419,1000000,1000000,1803.0555797316954,403.0555797316954,403.0555797316954,61.99507130502025
E3_cec2017,cec2017,14,100,GF-Method,8,6612576148862940506,1000000,1000000,1773.2176451766913,373.21764517669135,373.21764517669135,62.44617913902039
E3_cec2017,cec2017,14,100,GF-Method,9,999174192791715401,1000000,1000000,1790.124153237779,390.12415323777896,390.12415323777896,54.564889758010395
E3_cec2017,cec2017,14,100,GF-Method,10,1425315312788248406,1000000,1000000,1860.7708227067362,460.7708227067362,460.7708227067362,66.60716398799559
E3_cec2017,cec2017,14,100,GF-Method,11,7827723630778850848,1000000,1000000,1714.5125160699533,314.51251606995334,314.51251606995334,64.67360657104291
E3_cec2017,cec2017,14,100,GF-Method,12,7797092465566639303,1000000,1000000,1716.504655136332,316.5046551363321,316.5046551363321,50.09043709596153
E3_cec2017,cec2017,14,100,GF-Method,13,7965405191506933715,1000000,1000000,1749.3399798750643,349.3399798750643,349.3399798750643,53.49887863401091
E3_cec2017,cec2017,14,100,GF-Method,14,3149002361300931196,1000000,1000000,1745.3563122625387,345.3563122625387,345.3563122625387,51.53444091801066
E3_cec2017,cec2017,14,100,GF-Method,15,6701752030976517414,1000000,1000000,1700.583366141769,300.5833661417689,300.5833661417689,67.18507874198258
E3_cec2017,cec2017,14,100,GF-Method,16,8686911702903125978,1000000,1000000,1820.97274904516,420.97274904516007,420.97274904516007,54.0133095580386
E3_cec2017,cec2017,14,100,GF-Method,17,7538781719659727296,1000000,1000000,1694.6139540993101,294.61395409931015,294.61395409931015,53.380303242010996
E3_cec2017,cec2017,14,100,GF-Method,18,8846779618964921051,1000000,1000000,1771.231628372333,371.23162837233303,371.23162837233303,55.12485108000692
E3_cec2017,cec2017,14,100,GF-Method,19,358731212037029797,1000000,1000000,1687.6467681681354,287.6467681681354,287.6467681681354,57.56771301297704
E3_cec2017,cec2017,14,100,GF-Method,20,1400805930769048847,1000000,1000000,1810.0349357485038,410.0349357485038,410.0349357485038,60.875408601015806
E3_cec2017,cec2017,14,100,GF-Method,21,4109556110704303538,1000000,1000000,1669.7398956213915,269.7398956213915,269.7398956213915,43.44538392702816
E3_cec2017,cec2017,14,100,GF-Method,22,2929206307880499162,1000000,1000000,1828.405800161783,428.40580016178296,428.40580016178296,59.31373682798585
E3_cec2017,cec2017,14,100,GF-Method,23,3469001809433816253,1000000,1000000,1843.8513761883464,443.8513761883464,443.8513761883464,49.57134774501901
E3_cec2017,cec2017,14,100,GF-Method,24,2753742484232513764,1000000,1000000,1797.092465544491,397.092465544491,397.092465544491,50.81327622302342
E3_cec2017,cec2017,14,100,GF-Method,25,8605212159310626033,1000000,1000000,1741.3765760133651,341.37657601336514,341.37657601336514,50.141768072964624
E3_cec2017,cec2017,14,100,GF-Method,26,7524984976407018061,1000000,1000000,1756.3012644903718,356.30126449037175,356.30126449037175,43.11533665598836
E3_cec2017,cec2017,14,100,GF-Method,27,197467943673959965,1000000,1000000,1971.2001491627589,571.2001491627589,571.2001491627589,41.047006778011564
E3_cec2017,cec2017,14,100,GF-Method,28,5022398344787867002,1000000,1000000,1845.8400096672838,445.84000966728377,445.84000966728377,38.77268201397965
E3_cec2017,cec2017,14,100,GF-Method,29,2171443078589516650,1000000,1000000,1714.5170358094424,314.5170358094424,314.5170358094424,38.75487300200621
E3_cec2017,cec2017,10,100,GF-Method,0,4745842326830073056,1000000,1000000,12266.997522715523,11266.997522715523,11266.997522715523,76.4938902319991
E3_cec2017,cec2017,10,100,GF-Method,1,927515644143913560,1000000,1000000,11737.25388619873,10737.25388619873,10737.25388619873,69.63535994198173
E3_cec2017,cec2017,10,100,GF-Method,2,8877712760297592339,1000000,1000000,12005.043023907605,11005.043023907605,11005.043023907605,70.02318888896843
E3_cec2017,cec2017,10,100,GF-Method,3,7118862778943683876,1000000,1000000,11388.842260904123,10388.842260904123,10388.842260904123,72.16152541100746
E3_cec2017,cec2017,10,100,GF-Method,4,3540978764938727156,1000000,1000000,11999.474647842857,10999.474647842857,10999.474647842857,73.21036865498172
E3_cec2017,cec2017,10,100,GF-Method,5,462765965370517624,1000000,1000000,11455.997902797491,10455.997902797491,10455.997902797491,68.68709069496254
E3_cec2017,cec2017,10,100,GF-Method,6,2810730934294275078,1000000,1000000,12291.560640429558,11291.560640429558,11291.560640429558,70.4120477779652
E3_cec2017,cec2017,10,100,GF-Method,7,3516820252079350842,1000000,1000000,11974.578155953393,10974.578155953393,10974.578155953393,77.1586172929965
E3_cec2017,cec2017,10,100,GF-Method,8,4173753466203795737,1000000,1000000,11360.181927267004,10360.181927267004,10360.181927267004,61.16894219600363
E3_cec2017,cec2017,10,100,GF-Method,9,3168402005317911862,1000000,1000000,11950.39033251968,10950.39033251968,10950.39033251968,64.73929502797546
E3_cec2017,cec2017,10,100,GF-Method,10,8771399827419889832,1000000,1000000,10365.802721210635,9365.802721210635,9365.802721210635,48.99128181504784
E3_cec2017,cec2017,10,100,GF-Method,11,8070422411927769615,1000000,1000000,11048.84662904718,10048.84662904718,10048.84662904718,60.86096338700736
E3_cec2017,cec2017,10,100,GF-Method,12,872949056961082307,1000000,1000000,11567.9704753952,10567.9704753952,10567.9704753952,54.57449062599335
E3_cec2017,cec2017,10,100,GF-Method,13,5941236381558728844,1000000,1000000,11011.442923443574,10011.442923443574,10011.442923443574,50.31217070197454
E3_cec2017,cec2017,10,100,GF-Method,14,7828909736843707050,1000000,1000000,11352.470991439586,10352.470991439586,10352.470991439586,49.08129531604936
E3_cec2017,cec2017,10,100,GF-Method,15,1531007984756498084,1000000,1000000,12141.981026182773,11141.981026182773,11141.981026182773,67.42376126797171
E3_cec2017,cec2017,10,100,GF-Method,16,2047536164815875110,1000000,1000000,11421.951369897575,10421.951369897575,10421.951369897575,57.626749754010234
E3_cec2017,cec2017,10,100,GF-Method,17,2652775705611963611,1000000,1000000,11907.759599982106,10907.759599982106,10907.759599982106,58.706782727036625
E3_cec2017,cec2017,10,100,GF-Method,18,5456804265726689894,1000000,1000000,12371.99225972118,11371.99225972118,11371.99225972118,62.71672398701776
E3_cec2017,cec2017,10,100,GF-Method,19,1142464988985151042,1000000,1000000,10543.26009085037,9543.26009085037,9543.26009085037,53.390968116000295
E3_cec2017,cec2017,10,100,GF-Method,20,291679953410147196,1000000,1000000,11899.710955153467,10899.710955153467,10899.710955153467,53.9813464069739
E3_cec2017,cec2017,10,100,GF-Method,21,7219660949139410764,1000000,1000000,11472.51471458998,10472.51471458998,10472.51471458998,46.77231195697095
E3_cec2017,cec2017,10,100,GF-Method,22,5004126856714926546,1000000,1000000,11953.098061474157,10953.098061474157,10953.098061474157,60.06104499998037
E3_cec2017,cec2017,10,100,GF-Method,23,7652186444540459191,1000000,1000000,11337.003829018722,10337.003829018722,10337.003829018722,58.344822640996426
E3_cec2017,cec2017,10,100,GF-Method,24,6349255367484959891,1000000,1000000,11799.780375308153,10799.780375308153,10799.780375308153,45.9248990980559
E3_cec2017,cec2017,10,100,GF-Method,25,2809363898936045186,1000000,1000000,10851.701682266055,9851.701682266055,9851.701682266055,51.377815249958076
E3_cec2017,cec2017,10,100,GF-Method,26,5189555926377551257,1000000,1000000,11396.166725888655,10396.166725888655,10396.166725888655,41.909725065052044
E3_cec2017,cec2017,10,100,GF-Method,27,5870150992000361096,1000000,1000000,11840.055515433065,10840.055515433065,10840.055515433065,41.210183646006044
E3_cec2017,cec2017,10,100,GF-Method,28,8726361355799829176,1000000,1000000,10525.569877041667,9525.569877041667,9525.569877041667,41.70323027996346
E3_cec2017,cec2017,10,100,GF-Method,29,6527902669636427337,1000000,1000000,11754.19201962688,10754.19201962688,10754.19201962688,40.42678449099185
E3_cec2017,cec2017,6,100,GF-Method,0,2574830818697708020,1000000,1000000,600.0225993868646,0.022599386864612825,0.022599386864612825,81.89894313999685
E3_cec2017,cec2017,6,100,GF-Method,1,5441645227128236527,1000000,1000000,600.0161831004744,0.01618310047444993,0.01618310047444993,81.98506355896825
E3_cec2017,cec2017,6,100,GF-Method,2,2382974997203908755,1000000,1000000,600.1231650988126,0.12316509881259208,0.12316509881259208,82.27169272495667
E3_cec2017,cec2017,6,100,GF-Method,3,3797844301427033607,1000000,1000000,600.0194042965803,0.01940429658031917,0.01940429658031917,79.81210185302189
E3_cec2017,cec2017,6,100,GF-Method,4,6978085405939196840,1000000,1000000,600.0121227211116,0.01212272111160928,0.01212272111160928,86.10587994701928
E3_cec2017,cec2017,6,100,GF-Method,5,2874293020285102219,1000000,1000000,600.0322714968742,0.03227149687415931,0.03227149687415931,71.5297427509795
E3_cec2017,cec2017,6,100,GF-Method,6,4397299266823615411,1000000,1000000,600.0209108852979,0.02091088529789431,0.02091088529789431,67.68938579701353
E3_cec2017,cec2017,6,100,GF-Method,7,4659290099552231932,1000000,1000000,600.0355978684725,0.0355978684724505,0.0355978684724505,73.63681657699635
E3_cec2017,cec2017,6,100,GF-Method,8,621103314507167438,1000000,1000000,600.027366173508,0.027366173507971325,0.027366173507971325,74.84403700596886
E3_cec2017,cec2017,6,100,GF-Method,9,5147280408676279407,1000000,1000000,600.0150018664347,0.01500186643465895,0.01500186643465895,75.24204652698245
E3_cec2017,cec2017,6,100,GF-Method,10,3695448405147068539,1000000,1000000,600.0130882444242,0.013088244424238837,0.013088244424238837,76.20518060395261
E3_cec2017,cec2017,6,100,GF-Method,11,4155830680209958500,1000000,1000000,600.0148709228741,0.01487092287413816,0.01487092287413816,58.18545101105701
E3_cec2017,cec2017,6,100,GF-Method,12,3331972998506634352,1000000,1000000,600.0182196584519,0.01821965845192608,0.01821965845192608,62.79249891103245
E3_cec2017,cec2017,6,100,GF-Method,13,5136985281487459416,1000000,1000000,600.0285318719059,0.028531871905897788,0.028531871905897788,68.03312667197315
E3_cec2017,cec2017,6,100,GF-Method,14,5768013644582636576,1000000,1000000,600.0410259475565,0.04102594755647715,0.04102594755647715,54.72330560599221
E3_cec2017,cec2017,6,100,GF-Method,15,2596443073481819777,1000000,1000000,600.0280975759595,0.02809757595946394,0.02809757595946394,58.30253487499431
E3_cec2017,cec2017,6,100,GF-Method,16,1518601286150360473,1000000,1000000,600.0340244542056,0.034024454205564325,0.034024454205564325,51.19605122995563
E3_cec2017,cec2017,6,100,GF-Method,17,8497192098317536898,1000000,1000000,600.0206269450034,0.02062694500341422,0.02062694500341422,64.4096846159664
E3_cec2017,cec2017,6,100,GF-Method,18,1117150638143458732,1000000,1000000,600.0083682271746,0.008368227174628373,0.008368227174628373,54.81137062096968
E3_cec2017,cec2017,6,100,GF-Method,19,1354276291580125264,1000000,1000000,600.0499297161451,0.04992971614512953,0.04992971614512953,57.653805159032345
E3_cec2017,cec2017,6,100,GF-Method,20,898611204430970572,1000000,1000000,600.0491795120462,0.04917951204618021,0.04917951204618021,59.796608550008386
E3_cec2017,cec2017,6,100,GF-Method,21,9013730517882394403,1000000,1000000,600.0155413448516,0.015541344851612848,0.015541344851612848,55.1185520250001
E3_cec2017,cec2017,6,100,GF-Method,22,8731679674020906241,1000000,1000000,600.0154067493061,0.015406749306066558,0.015406749306066558,51.460440983006265
E3_cec2017,cec2017,6,100,GF-Method,23,8745491164748905098,1000000,1000000,600.0049925652227,0.00499256522266478,0.00499256522266478,52.41207584296353
E3_cec2017,cec2017,6,100,GF-Method,24,3374589344215967011,1000000,1000000,600.023840673483,0.023840673483050523,0.023840673483050523,49.710905181011185
E3_cec2017,cec2017,6,100,GF-Method,25,2104931233766092092,1000000,1000000,600.0131889730568,0.013188973056799114,0.013188973056799114,47.962665328988805
E3_cec2017,cec2017,6,100,GF-Method,26,4377494266659202838,1000000,1000000,600.0320301963964,0.03203019639636295,0.03203019639636295,45.98098464298528
E3_cec2017,cec2017,6,100,GF-Method,27,4194382072150790493,1000000,1000000,600.0063910180473,0.006391018047338548,0.006391018047338548,44.31762505299412
E3_cec2017,cec2017,6,100,GF-Method,28,7401080173495864762,1000000,1000000,600.018641906879,0.01864190687899736,0.01864190687899736,44.55187791102799
E3_cec2017,cec2017,6,100,GF-Method,29,537372526209996199,1000000,1000000,600.0224437237109,0.022443723710921404,0.022443723710921404,44.45858404802857
E3_cec2017,cec2017,17,100,GF-Method,0,1671427281936898881,1000000,1000000,3135.2254308353376,1435.2254308353376,1435.2254308353376,81.62543211999582
E3_cec2017,cec2017,17,100,GF-Method,1,8178294839147669628,1000000,1000000,2837.1844371495836,1137.1844371495836,1137.1844371495836,81.58325435000006
E3_cec2017,cec2017,17,100,GF-Method,2,5516495743914609166,1000000,1000000,3009.976589301381,1309.976589301381,1309.976589301381,85.51924322301056
E3_cec2017,cec2017,17,100,GF-Method,3,6243910906223423827,1000000,1000000,2811.5918973675234,1111.5918973675234,1111.5918973675234,86.94848472700687
E3_cec2017,cec2017,17,100,GF-Method,4,6940441674452535350,1000000,1000000,2994.498560025591,1294.498560025591,1294.498560025591,82.98397505003959
E3_cec2017,cec2017,17,100,GF-Method,5,8377812247176321114,1000000,1000000,3056.6276835210338,1356.6276835210338,1356.6276835210338,78.70562184503069
E3_cec2017,cec2017,17,100,GF-Method,6,6783475813901017622,1000000,1000000,2688.8637201231877,988.8637201231877,988.8637201231877,83.11199369397946
E3_cec2017,cec2017,17,100,GF-Method,7,4132771844415922934,1000000,1000000,3172.0032416916347,1472.0032416916347,1472.0032416916347,71.81725980201736
E3_cec2017,cec2017,17,100,GF-Method,8,8049304207663276213,1000000,1000000,2599.6620210524316,899.6620210524316,899.6620210524316,65.0115841269726
E3_cec2017,cec2017,17,100,GF-Method,9,5016999049962757865,1000000,1000000,3464.9868537509974,1764.9868537509974,1764.9868537509974,67.09971795801539
E3_cec2017,cec2017,17,100,GF-Method,10,2182019012006991158,1000000,1000000,3324.4765214431072,1624.4765214431072,1624.4765214431072,71.14951319701504
E3_cec2017,cec2017,17,100,GF-Method,11,4662887144844719895,1000000,1000000,2941.488690460361,1241.4886904603609,1241.4886904603609,53.76619777100859
E3_cec2017,cec2017,17,100,GF-Method,12,6271283536209868834,1000000,1000000,3389.7747589437213,1689.7747589437213,1689.7747589437213,53.33377012400888
E3_cec2017,cec2017,17,100,GF-Method,13,8114134025204677415,1000000,1000000,3352.5536895759205,1652.5536895759205,1652.5536895759205,83.66136180696776
E3_cec2017,cec2017,17,100,GF-Method,14,3117217260699926200,1000000,1000000,2972.6033070619105,1272.6033070619105,1272.6033070619105,72.99897400097689
E3_cec2017,cec2017,17,100,GF-Method,15,2466257636858640002,1000000,1000000,2832.2376889018224,1132.2376889018224,1132.2376889018224,52.14621940802317
E3_cec2017,cec2017,17,100,GF-Method,16,7362551604312215866,1000000,1000000,2943.8694778664203,1243.8694778664203,1243.8694778664203,69.17244567297166
E3_cec2017,cec2017,17,100,GF-Method,17,1247255949237994323,1000000,1000000,3092.6470812928483,1392.6470812928483,1392.6470812928483,51.5762989379582
E3_cec2017,cec2017,17,100,GF-Method,18,2096041233163603487,1000000,1000000,2992.956840622048,1292.9568406220478,1292.9568406220478,57.27633914904436
E3_cec2017,cec2017,17,100,GF-Method,19,2346101979789006856,1000000,1000000,3188.9562399612196,1488.9562399612196,1488.9562399612196,54.54126452701166
E3_cec2017,cec2017,17,100,GF-Method,20,255808743084744379,1000000,1000000,3063.6324382523185,1363.6324382523185,1363.6324382523185,50.165792533021886
E3_cec2017,cec2017,17,100,GF-Method,21,4235493478455629050,1000000,1000000,3010.5550326928656,1310.5550326928656,1310.5550326928656,50.122661747038364
E3_cec2017,cec2017,17,100,GF-Method,22,1121724688815231975,1000000,1000000,3083.9811544736026,1383.9811544736026,1383.9811544736026,49.04399170901161
E3_cec2017,cec2017,17,100,GF-Method,23,6195398600092829119,1000000,1000000,3167.913889237035,1467.9138892370352,1467.9138892370352,46.822948329965584
E3_cec2017,cec2017,17,100,GF-Method,24,6874450519512476592,1000000,1000000,3197.530844489716,1497.530844489716,1497.530844489716,45.925321660994086
E3_cec2017,cec2017,17,100,GF-Method,25,183980885096958728,1000000,1000000,2966.450652769902,1266.4506527699018,1266.4506527699018,45.75672260398278
E3_cec2017,cec2017,17,100,GF-Method,26,1146939434587726484,1000000,1000000,3340.9661961647926,1640.9661961647926,1640.9661961647926,45.723357724025846
E3_cec2017,cec2017,17,100,GF-Method,27,5513330419963519136,1000000,1000000,3212.612560213117,1512.612560213117,1512.612560213117,45.2756830699509
E3_cec2017,cec2017,17,100,GF-Method,28,259497264042952209,1000000,1000000,3264.158648677514,1564.158648677514,1564.158648677514,45.90549963200465
E3_cec2017,cec2017,17,100,GF-Method,29,1272517121346944065,1000000,1000000,2839.6042829766457,1139.6042829766457,1139.6042829766457,45.42956899001729
E3_cec2017,cec2017,20,100,GF-Method,0,2957594116078332175,1000000,1000000,3605.984818288188,1605.9848182881879,1605.9848182881879,72.52508135099197
E3_cec2017,cec2017,20,100,GF-Method,1,5256443383779021438,1000000,1000000,3592.3833711157004,1592.3833711157004,1592.3833711157004,88.33563456399133
E3_cec2017,cec2017,20,100,GF-Method,2,3918816278464060861,1000000,1000000,3849.715209964668,1849.7152099646678,1849.7152099646678,80.98792434099596
E3_cec2017,cec2017,20,100,GF-Method,3,4855786887401401195,1000000,1000000,3739.3232632229137,1739.3232632229137,1739.3232632229137,83.34850683104014
E3_cec2017,cec2017,20,100,GF-Method,4,7901911960631858325,1000000,1000000,3664.394939737938,1664.3949397379379,1664.3949397379379,76.8328335880069
E3_cec2017,cec2017,20,100,GF-Method,5,9168788058719370816,1000000,1000000,3579.538053538071,1579.538053538071,1579.538053538071,75.48889299598522
E3_cec2017,cec2017,20,100,GF-Method,6,6207542084974201172,1000000,1000000,3876.516313808243,1876.516313808243,1876.516313808243,64.29111566604115
E3_cec2017,cec2017,20,100,GF-Method,7,6774627383762096295,1000000,1000000,3039.6862868668977,1039.6862868668977,1039.6862868668977,76.78032652504044
E3_cec2017,cec2017,20,100,GF-Method,8,8185553981465857957,1000000,1000000,3864.505586448982,1864.5055864489818,1864.5055864489818,74.75782269000774
E3_cec2017,cec2017,20,100,GF-Method,9,8266473106608024636,1000000,1000000,3477.4820856791357,1477.4820856791357,1477.4820856791357,66.63896293996368
E3_cec2017,cec2017,20,100,GF-Method,10,2227024527657971847,1000000,1000000,3617.066027495096,1617.066027495096,1617.066027495096,63.94768024398945
E3_cec2017,cec2017,20,100,GF-Method,11,2319115032091204133,1000000,1000000,3798.850863550144,1798.850863550144,1798.850863550144,86.44357016304275
E3_cec2017,cec2017,20,100,GF-Method,12,117028926258995918,1000000,1000000,3718.565619983423,1718.565619983423,1718.565619983423,86.27605995902559
E3_cec2017,cec2017,20,100,GF-Method,13,7942011159655630698,1000000,1000000,3504.240444731667,1504.2404447316671,1504.2404447316671,70.71115300402744
E3_cec2017,cec2017,20,100,GF-Method,14,1864565984472584804,1000000,1000000,3481.224838154024,1481.224838154024,1481.224838154024,64.59365515399259
E3_cec2017,cec2017,20,100,GF-Method,15,406201806083331315,1000000,1000000,3765.9272325074394,1765.9272325074394,1765.9272325074394,55.294449770997744
E3_cec2017,cec2017,20,100,GF-Method,16,7097509711889482216,1000000,1000000,3723.35233996484,1723.3523399648402,1723.3523399648402,72.94544696505181
E3_cec2017,cec2017,20,100,GF-Method,17,826427474462198003,1000000,1000000,3133.9516871847086,1133.9516871847086,1133.9516871847086,62.15968238201458
E3_cec2017,cec2017,20,100,GF-Method,18,3164581996044827312,1000000,1000000,3550.5769067711294,1550.5769067711294,1550.5769067711294,52.267833119025454
E3_cec2017,cec2017,20,100,GF-Method,19,4572508399289386175,1000000,1000000,3716.2017019951227,1716.2017019951227,1716.2017019951227,53.76337402500212
E3_cec2017,cec2017,20,100,GF-Method,20,3572729649392711450,1000000,1000000,3649.4626527628125,1649.4626527628125,1649.4626527628125,50.785309298022185
E3_cec2017,cec2017,20,100,GF-Method,21,4823255034373368337,1000000,1000000,3853.8334184125415,1853.8334184125415,1853.8334184125415,48.88546631700592
E3_cec2017,cec2017,20,100,GF-Method,22,4508021216432243830,1000000,1000000,3603.8108487832906,1603.8108487832906,1603.8108487832906,47.238514311029576
E3_cec2017,cec2017,20,100,GF-Method,23,7739851845646916723,1000000,1000000,3530.810878217656,1530.810878217656,1530.810878217656,47.73051456396934
E3_cec2017,cec2017,20,100,GF-Method,24,7239317350353575785,1000000,1000000,3449.767682738633,1449.767682738633,1449.767682738633,47.970679119986016
E3_cec2017,cec2017,20,100,GF-Method,25,1993391681778239826,1000000,1000000,3746.1422670515985,1746.1422670515985,1746.1422670515985,47.35777731298003
E3_cec2017,cec2017,20,100,GF-Method,26,143689626251606466,1000000,1000000,3669.1553500727514,1669.1553500727514,1669.1553500727514,47.33536577800987
E3_cec2017,cec2017,20,100,GF-Method,27,8721069323608136745,1000000,1000000,3621.3917515378903,1621.3917515378903,1621.3917515378903,47.51420740497997
E3_cec2017,cec2017,20,100,GF-Method,28,7774768080415786127,1000000,1000000,3677.6169114564636,1677.6169114564636,1677.6169114564636,47.05741461896105
E3_cec2017,cec2017,20,100,GF-Method,29,4846796696727794580,1000000,1000000,3653.752492362961,1653.7524923629612,1653.7524923629612,46.909162265015766
E3_cec2017,cec2017,21,100,GF-Method,0,3783695628173932899,1000000,1000000,2403.958690846628,303.9586908466281,303.9586908466281,96.91983694699593
E3_cec2017,cec2017,21,100,GF-Method,1,1946818445208745602,1000000,1000000,2404.5599118099926,304.5599118099926,304.5599118099926,92.03164109203499
E3_cec2017,cec2017,21,100,GF-Method,2,3121687462051605453,1000000,1000000,2395.1428164387207,295.14281643872073,295.14281643872073,93.15996822796296
E3_cec2017,cec2017,21,100,GF-Method,3,8234038317714512690,1000000,1000000,2407.3369934013435,307.33699340134353,307.33699340134353,86.047777639993
E3_cec2017,cec2017,21,100,GF-Method,4,8406414605483483286,1000000,1000000,2395.761518041386,295.7615180413859,295.7615180413859,89.00254148303065
E3_cec2017,cec2017,21,100,GF-Method,5,1833170351374736133,1000000,1000000,2405.811596299418,305.81159629941794,305.81159629941794,80.01728525798535
E3_cec2017,cec2017,21,100,GF-Method,6,3532084990170474466,1000000,1000000,2402.332989993395,302.33298999339513,302.33298999339513,79.82381162600359
E3_cec2017,cec2017,21,100,GF-Method,7,2771543137265499559,1000000,1000000,2401.918417577345,301.9184175773448,301.9184175773448,81.80447791999904
E3_cec2017,cec2017,21,100,GF-Method,8,650291984409091482,1000000,1000000,2388.988320522278,288.9883205222782,288.9883205222782,64.27197388402419
E3_cec2017,cec2017,21,100,GF-Method,9,6343610357283954246,1000000,1000000,2393.88540680381,293.88540680380993,293.88540680380993,75.43830879899906
E3_cec2017,cec2017,21,100,GF-Method,10,8065801531386006377,1000000,1000000,2386.5472967058454,286.5472967058454,286.5472967058454,87.61387662502239
E3_cec2017,cec2017,21,100,GF-Method,11,8602466871430813327,1000000,1000000,2402.3815934463273,302.3815934463273,302.3815934463273,67.44723845203407
E3_cec2017,cec2017,21,100,GF-Method,12,763542659540317091,1000000,1000000,2390.721764535094,290.7217645350938,290.7217645350938,67.4376928890124
E3_cec2017,cec2017,21,100,GF-Method,13,8808482678881895905,1000000,1000000,2393.4241125197077,293.4241125197077,293.4241125197077,63.62555118498858
E3_cec2017,cec2017,21,100,GF-Method,14,7963519039116497756,1000000,1000000,2386.4732865550113,286.4732865550113,286.4732865550113,68.62716885504778
E3_cec2017,cec2017,21,100,GF-Method,15,7813406043938003303,1000000,1000000,2391.1114047519895,291.11140475198954,291.11140475198954,64.61061254900414
E3_cec2017,cec2017,21,100,GF-Method,16,9003190746142850482,1000000,1000000,2391.2193110010016,291.21931100100164,291.21931100100164,68.20128641399788
E3_cec2017,cec2017,21,100,GF-Method,17,3443876050813018501,1000000,1000000,2399.167419886383,299.16741988638296,299.16741988638296,68.45144679804798
E3_cec2017,cec2017,21,100,GF-Method,18,363128911811540119,1000000,1000000,2399.3557730757984,299.3557730757984,299.3557730757984,57.763575726014096
E3_cec2017,cec2017,21,100,GF-Method,19,6512218424256641159,1000000,1000000,2389.9874040208206,289.9874040208206,289.9874040208206,55.6328862059745
E3_cec2017,cec2017,21,100,GF-Method,20,6440609828763660669,1000000,1000000,2411.3083505408786,311.30835054087856,311.30835054087856,56.251511839043815
E3_cec2017,cec2017,21,100,GF-Method,21,8466059619461250987,1000000,1000000,2396.158322210067,296.1583222100671,296.1583222100671,55.36085304804146
E3_cec2017,cec2017,21,100,GF-Method,22,1841543666508570906,1000000,1000000,2401.5004172664067,301.50041726640666,301.50041726640666,55.08776248601498
E3_cec2017,cec2017,21,100,GF-Method,23,6562909206052407763,1000000,1000000,2403.8722939678914,303.87229396789144,303.87229396789144,54.94124161900254
E3_cec2017,cec2017,21,100,GF-Method,24,4186241602626613631,1000000,1000000,2382.0483504692684,282.04835046926837,282.04835046926837,54.876529834000394
E3_cec2017,cec2017,21,100,GF-Method,25,1290888202188366346,1000000,1000000,2380.664821686204,280.66482168620405,280.66482168620405,54.863303688005544
E3_cec2017,cec2017,21,100,GF-Method,26,3326342574173156072,1000000,1000000,2388.381468062916,288.38146806291616,288.38146806291616,55.037934878026135
E3_cec2017,cec2017,21,100,GF-Method,27,3696194341316031772,1000000,1000000,2395.8754352269843,295.87543522698434,295.87543522698434,55.19065927999327
E3_cec2017,cec2017,21,100,GF-Method,28,3350883188673603299,1000000,1000000,2399.8699000116003,299.8699000116003,299.8699000116003,54.39004876400577
E3_cec2017,cec2017,21,100,GF-Method,29,7886207959425911914,1000000,1000000,2399.5236583548685,299.52365835486853,299.52365835486853,54.44909585395362
E3_cec2017,cec2017,22,100,GF-Method,0,6385363865763247891,1000000,1000000,13994.983676237789,11794.983676237789,11794.983676237789,107.04385103198001
E3_cec2017,cec2017,22,100,GF-Method,1,2596732971769239851,1000000,1000000,13264.215743435609,11064.215743435609,11064.215743435609,111.58610074600438
E3_cec2017,cec2017,22,100,GF-Method,2,4827719567146090262,1000000,1000000,13813.999345761973,11613.999345761973,11613.999345761973,105.27863533998607
E3_cec2017,cec2017,22,100,GF-Method,3,125860206839932919,1000000,1000000,14534.038607964392,12334.038607964392,12334.038607964392,97.36401934199966
E3_cec2017,cec2017,22,100,GF-Method,4,1986186663754995480,1000000,1000000,13685.345126004797,11485.345126004797,11485.345126004797,99.14635411195923
E3_cec2017,cec2017,22,100,GF-Method,5,7251269552242369715,1000000,1000000,14078.721434274674,11878.721434274674,11878.721434274674,94.14276526501635
E3_cec2017,cec2017,22,100,GF-Method,6,3427354044515792438,1000000,1000000,14250.089479549346,12050.089479549346,12050.089479549346,79.60741836600937
E3_cec2017,cec2017,22,100,GF-Method,7,8632070289642541331,1000000,1000000,13874.279276945363,11674.279276945363,11674.279276945363,94.42397833202267
E3_cec2017,cec2017,22,100,GF-Method,8,5424242884009152077,1000000,1000000,14533.115238050625,12333.115238050625,12333.115238050625,75.68686648801668
E3_cec2017,cec2017,22,100,GF-Method,9,7148320771049488151,1000000,1000000,14060.028034180263,11860.028034180263,11860.028034180263,74.98449906799942
E3_cec2017,cec2017,22,100,GF-Method,10,4193210358070479808,1000000,1000000,14322.097532287617,12122.097532287617,12122.097532287617,79.60685583099257
E3_cec2017,cec2017,22,100,GF-Method,11,3250533007234122,1000000,1000000,13511.200343272354,11311.200343272354,11311.200343272354,84.87170860799961
E3_cec2017,cec2017,22,100,GF-Method,12,5305170093692354899,1000000,1000000,13955.39477129428,11755.39477129428,11755.39477129428,81.25687862501945
E3_cec2017,cec2017,22,100,GF-Method,13,4349784715592216178,1000000,1000000,14320.689435414428,12120.689435414428,12120.689435414428,82.84675084101036
E3_cec2017,cec2017,22,100,GF-Method,14,5483993713787137079,1000000,1000000,14297.729273953317,12097.729273953317,12097.729273953317,74.06634381401818
E3_cec2017,cec2017,22,100,GF-Method,15,1439221800313449870,1000000,1000000,15156.449446527007,12956.449446527007,12956.449446527007,72.47118190699257
E3_cec2017,cec2017,22,100,GF-Method,16,729813444559696497,1000000,1000000,14292.688916447707,12092.688916447707,12092.688916447707,66.59695322602056
E3_cec2017,cec2017,22,100,GF-Method,17,6551922476847647144,1000000,1000000,13912.782556023049,11712.782556023049,11712.782556023049,65.74324791500112
E3_cec2017,cec2017,22,100,GF-Method,18,5539877652021099592,1000000,1000000,13431.122008614826,11231.122008614826,11231.122008614826,65.41675453999778
E3_cec2017,cec2017,22,100,GF-Method,19,6645506228144956362,1000000,1000000,14240.949772132848,12040.949772132848,12040.949772132848,65.64176519302418
E3_cec2017,cec2017,22,100,GF-Method,20,598726807265551386,1000000,1000000,14017.309626488286,11817.309626488286,11817.309626488286,65.16724462498678
E3_cec2017,cec2017,22,100,GF-Method,21,5446011648832320456,1000000,1000000,14443.096237643545,12243.096237643545,12243.096237643545,65.74424431397347
E3_cec2017,cec2017,22,100,GF-Method,22,3192781646716551666,1000000,1000000,13284.305843258175,11084.305843258175,11084.305843258175,65.03935252997326
E3_cec2017,cec2017,22,100,GF-Method,23,7670490493510289807,1000000,1000000,13379.583234196472,11179.583234196472,11179.583234196472,64.29792008898221
E3_cec2017,cec2017,22,100,GF-Method,24,6037257562841224245,1000000,1000000,13322.522290918643,11122.522290918643,11122.522290918643,64.45923188794404
E3_cec2017,cec2017,22,100,GF-Method,25,6941701952400112570,1000000,1000000,14418.778715237533,12218.778715237533,12218.778715237533,64.01299657300115
E3_cec2017,cec2017,22,100,GF-Method,26,6063837847264184844,1000000,1000000,13716.678500754255,11516.678500754255,11516.678500754255,64.542618839012
E3_cec2017,cec2017,22,100,GF-Method,27,5539676163299563218,1000000,1000000,13773.133501011474,11573.133501011474,11573.133501011474,64.24155747500481
E3_cec2017,cec2017,22,100,GF-Method,28,5512465245894326876,1000000,1000000,14328.208628580125,12128.208628580125,12128.208628580125,63.87079552799696
E3_cec2017,cec2017,22,100,GF-Method,29,6502753946457828183,1000000,1000000,13538.64172651156,11338.64172651156,11338.64172651156,64.05343605199596
E3_cec2017,cec2017,24,100,GF-Method,0,4505452060099770738,1000000,1000000,3348.2669519140763,948.2669519140763,948.2669519140763,109.13656521501252
E3_cec2017,cec2017,24,100,GF-Method,1,6508076511583936845,1000000,1000000,3334.0426792623493,934.0426792623493,934.0426792623493,114.88273662899155
E3_cec2017,cec2017,24,100,GF-Method,2,1219047729557860329,1000000,1000000,3350.96037874589,950.96037874589,950.96037874589,117.48709570994833
E3_cec2017,cec2017,24,100,GF-Method,3,2546504948073782343,1000000,1000000,3345.485161477244,945.4851614772442,945.4851614772442,118.42683483700966
E3_cec2017,cec2017,24,100,GF-Method,4,7061133525699474819,1000000,1000000,3358.5416991619422,958.5416991619422,958.5416991619422,101.14406305202283
E3_cec2017,cec2017,24,100,GF-Method,5,1466139376661884578,1000000,1000000,3356.4053174773626,956.4053174773626,956.4053174773626,87.13112898700638
E3_cec2017,cec2017,24,100,GF-Method,6,1177315551483895049,1000000,1000000,3366.644824526683,966.6448245266829,966.6448245266829,88.09483303298475
E3_cec2017,cec2017,24,100,GF-Method,7,6517874599632750005,1000000,1000000,3339.119854733122,939.1198547331219,939.1198547331219,86.27769701898796
E3_cec2017,cec2017,24,100,GF-Method,8,8176464165087939602,1000000,1000000,3349.9546387778155,949.9546387778155,949.9546387778155,92.1133813150227
E3_cec2017,cec2017,24,100,GF-Method,9,6189279417391011235,1000000,1000000,3345.4289314396538,945.4289314396538,945.4289314396538,98.74214382999344
E3_cec2017,cec2017,24,100,GF-Method,10,5838877651689036500,1000000,1000000,3366.7246093533195,966.7246093533195,966.7246093533195,85.24676950799767
E3_cec2017,cec2017,24,100,GF-Method,11,7398302040745687026,1000000,1000000,3347.8030351214443,947.8030351214443,947.8030351214443,81.53790930996183
E3_cec2017,cec2017,24,100,GF-Method,12,4349919090078508783,1000000,1000000,3352.3848064579665,952.3848064579665,952.3848064579665,83.9752172770095
E3_cec2017,cec2017,24,100,GF-Method,13,6739972341259158494,1000000,1000000,3348.1405600291223,948.1405600291223,948.1405600291223,80.13054101204034
E3_cec2017,cec2017,24,100,GF-Method,14,3778034076023296106,1000000,1000000,3343.0936119490207,943.0936119490207,943.0936119490207,75.15822435898008
E3_cec2017,cec2017,24,100,GF-Method,15,873288904316571624,1000000,1000000,3350.567851495465,950.5678514954652,950.5678514954652,71.88164496305399
E3_cec2017,cec2017,24,100,GF-Method,16,5047297944143140540,1000000,1000000,3351.3195865690755,951.3195865690755,951.3195865690755,71.21136741200462
E3_cec2017,cec2017,24,100,GF-Method,17,7695327294970302694,1000000,1000000,3353.5646336921554,953.5646336921554,953.5646336921554,72.19669021695154
E3_cec2017,cec2017,24,100,GF-Method,18,7941338497569754824,1000000,1000000,3349.416998419236,949.4169984192358,949.4169984192358,72.60610128304688
E3_cec2017,cec2017,24,100,GF-Method,19,8227035113921392185,1000000,1000000,3339.5367433737447,939.5367433737447,939.5367433737447,70.653532308992
E3_cec2017,cec2017,24,100,GF-Method,20,4550644502750259723,1000000,1000000,3347.545136364167,947.5451363641669,947.5451363641669,70.04016164300265
E3_cec2017,cec2017,24,100,GF-Method,21,157129884079021795,1000000,1000000,3351.8010460009255,951.8010460009255,951.8010460009255,71.1585376340081
E3_cec2017,cec2017,24,100,GF-Method,22,3602590347678471422,1000000,1000000,3354.95991284942,954.9599128494201,954.9599128494201,70.0514022160205
E3_cec2017,cec2017,24,100,GF-Method,23,3641284545592954266,1000000,1000000,3346.9015301561703,946.9015301561703,946.9015301561703,69.89590201800456
E3_cec2017,cec2017,24,100,GF-Method,24,8584653820898776947,1000000,1000000,3351.8636736995513,951.8636736995513,951.8636736995513,70.07173779798904
E3_cec2017,cec2017,24,100,GF-Method,25,7655509441102866672,1000000,1000000,3360.655036086284,960.6550360862839,960.6550360862839,70.05700228002388
E3_cec2017,cec2017,24,100,GF-Method,26,1886591720767258291,1000000,1000000,3364.0797607934824,964.0797607934824,964.0797607934824,69.7461599400267
E3_cec2017,cec2017,24,100,GF-Method,27,1458883882598524528,1000000,1000000,3353.0346812969865,953.0346812969865,953.0346812969865,69.74708572600503
E3_cec2017,cec2017,24,100,GF-Method,28,1159282308741662978,1000000,1000000,3363.246365975817,963.2463659758168,963.2463659758168,70.02791053499095
E3_cec2017,cec2017,24,100,GF-Method,29,8452562186479013295,1000000,1000000,3336.6066633575874,936.6066633575874,936.6066633575874,69.73809455201263
E3_cec2017,cec2017,23,100,GF-Method,0,8550934506970514626,1000000,1000000,2891.6760279014634,591.6760279014634,591.6760279014634,125.08591661800165
E3_cec2017,cec2017,23,100,GF-Method,1,213047813039608144,1000000,1000000,2882.323085195446,582.3230851954459,582.3230851954459,126.5272901080316
E3_cec2017,cec2017,23,100,GF-Method,2,521813118631212280,1000000,1000000,2887.5317742385973,587.5317742385973,587.5317742385973,111.75461259798612
E3_cec2017,cec2017,23,100,GF-Method,3,4834621340294052979,1000000,1000000,2883.1523526771402,583.1523526771402,583.1523526771402,119.28480992704863
E3_cec2017,cec2017,23,100,GF-Method,4,654253950405317154,1000000,1000000,2896.2111185192757,596.2111185192757,596.2111185192757,99.67876982799498
E3_cec2017,cec2017,23,100,GF-Method,5,3339282896897509054,1000000,1000000,2895.7807709019103,595.7807709019103,595.7807709019103,88.20853278995492
E3_cec2017,cec2017,23,100,GF-Method,6,8242416152143715217,1000000,1000000,2901.0943836810993,601.0943836810993,601.0943836810993,98.6822551319492
E3_cec2017,cec2017,23,100,GF-Method,7,490362846369403186,1000000,1000000,2894.150993856562,594.1509938565619,594.1509938565619,85.24663431500085
E3_cec2017,cec2017,23,100,GF-Method,8,50627574376716250,1000000,1000000,2898.9504993223027,598.9504993223027,598.9504993223027,107.47949904901907
E3_cec2017,cec2017,23,100,GF-Method,9,4631819992432715539,1000000,1000000,2901.3587286498005,601.3587286498005,601.3587286498005,97.44636698398972
E3_cec2017,cec2017,23,100,GF-Method,10,5174951219885056512,1000000,1000000,2901.883284787212,601.8832847872118,601.8832847872118,97.13685319502838
E3_cec2017,cec2017,23,100,GF-Method,11,2705590116429445199,1000000,1000000,2895.1670115513944,595.1670115513944,595.1670115513944,89.49114054598613
E3_cec2017,cec2017,23,100,GF-Method,12,4184979436273703481,1000000,1000000,2890.075587540292,590.075587540292,590.075587540292,82.15105747902999
E3_cec2017,cec2017,23,100,GF-Method,13,4554327058385657023,1000000,1000000,2890.0278494387344,590.0278494387344,590.0278494387344,78.47662863199366
E3_cec2017,cec2017,23,100,GF-Method,14,2299080861580717174,1000000,1000000,2898.1358123891905,598.1358123891905,598.1358123891905,75.6651566280052
E3_cec2017,cec2017,23,100,GF-Method,15,169992918515338968,1000000,1000000,2899.5973401583624,599.5973401583624,599.5973401583624,75.05960166099248
E3_cec2017,cec2017,23,100,GF-Method,16,6816797635083843490,1000000,1000000,2907.1323893033805,607.1323893033805,607.1323893033805,74.24977823597146
E3_cec2017,cec2017,23,100,GF-Method,17,1635688250546071666,1000000,1000000,2889.415439954625,589.4154399546251,589.4154399546251,74.25703283201437
E3_cec2017,cec2017,23,100,GF-Method,18,7606223582859281679,1000000,1000000,2878.122002684601,578.1220026846008,578.1220026846008,74.78593375597848
E3_cec2017,cec2017,23,100,GF-Method,19,16543387659157686,1000000,1000000,2907.19040233792,607.1904023379202,607.1904023379202,73.27833982300945
E3_cec2017,cec2017,23,100,GF-Method,20,5792918758347680740,1000000,1000000,2894.270665478666,594.2706654786662,594.2706654786662,73.29488496499835
E3_cec2017,cec2017,23,100,GF-Method,21,93987358393710888,1000000,1000000,2900.470760496548,600.4707604965479,600.4707604965479,73.61359444103437
E3_cec2017,cec2017,23,100,GF-Method,22,4743283857770785784,1000000,1000000,2896.628494009035,596.628494009035,596.628494009035,73.89382921200013
E3_cec2017,cec2017,23,100,GF-Method,23,1843035078628538289,1000000,1000000,2866.342563589713,566.3425635897129,566.3425635897129,73.02572818100452
E3_cec2017,cec2017,23,100,GF-Method,24,1006881178432346862,1000000,1000000,2894.199950361751,594.1999503617508,594.1999503617508,72.90158854296897
E3_cec2017,cec2017,23,100,GF-Method,25,3783740195055023111,1000000,1000000,2891.4858620593695,591.4858620593695,591.4858620593695,73.02544619201217
E3_cec2017,cec2017,23,100,GF-Method,26,9176880159912368823,1000000,1000000,2913.882671791245,613.8826717912448,613.8826717912448,73.37923786795
E3_cec2017,cec2017,23,100,GF-Method,27,3153709213826195691,1000000,1000000,2892.665106356766,592.665106356766,592.665106356766,73.85223669098923
E3_cec2017,cec2017,23,100,GF-Method,28,2178188129333230403,1000000,1000000,2886.707651871213,586.7076518712129,586.7076518712129,73.61323676002212
E3_cec2017,cec2017,23,100,GF-Method,29,7824330059178604756,1000000,1000000,2880.4639749475064,580.4639749475064,580.4639749475064,73.25703148602042
E3_cec2017,cec2017,29,100,GF-Method,0,7891965670837349068,1000000,1000000,4519.270888087199,1619.2708880871987,1619.2708880871987,100.57072390901158
E3_cec2017,cec2017,29,100,GF-Method,1,6452377095911449988,1000000,1000000,4428.345721882744,1528.3457218827443,1528.3457218827443,112.11783752898918
E3_cec2017,cec2017,29,100,GF-Method,2,3545897818514632241,1000000,1000000,4409.118513365103,1509.1185133651034,1509.1185133651034,116.81600836000871
E3_cec2017,cec2017,29,100,GF-Method,3,8725527877018648547,1000000,1000000,4660.093831480077,1760.093831480077,1760.093831480077,103.15864079003222
E3_cec2017,cec2017,29,100,GF-Method,4,8627458083163375741,1000000,1000000,4816.9370132900685,1916.9370132900685,1916.9370132900685,91.69555371202296
E3_cec2017,cec2017,29,100,GF-Method,5,6944252904037182790,1000000,1000000,4531.812768882022,1631.8127688820223,1631.8127688820223,87.43835522502195
E3_cec2017,cec2017,29,100,GF-Method,6,6223167798279099728,1000000,1000000,4290.09304879584,1390.0930487958403,1390.0930487958403,88.96734072995605
E3_cec2017,cec2017,29,100,GF-Method,7,7005904385089606580,1000000,1000000,4399.3205145781885,1499.3205145781885,1499.3205145781885,85.93281699804356
E3_cec2017,cec2017,29,100,GF-Method,8,5913657330223308789,1000000,1000000,4632.635510640409,1732.635510640409,1732.635510640409,99.36688638594933
E3_cec2017,cec2017,29,100,GF-Method,9,7447373768223877842,1000000,1000000,4853.47048399336,1953.4704839933602,1953.4704839933602,94.23936640197644
E3_cec2017,cec2017,29,100,GF-Method,10,6051948395159156517,1000000,1000000,4452.243106436512,1552.2431064365119,1552.2431064365119,92.91303586796857
E3_cec2017,cec2017,29,100,GF-Method,11,3170446878554558920,1000000,1000000,4631.248537841425,1731.2485378414249,1731.2485378414249,76.95245855802204
E3_cec2017,cec2017,29,100,GF-Method,12,4013371784020968656,1000000,1000000,4554.567883007704,1654.567883007704,1654.567883007704,73.23655793600483
E3_cec2017,cec2017,29,100,GF-Method,13,1008669458620040939,1000000,1000000,4447.3827346482285,1547.3827346482285,1547.3827346482285,71.67247313802363
E3_cec2017,cec2017,29,100,GF-Method,14,2100829355495718335,1000000,1000000,4665.048624061431,1765.048624061431,1765.048624061431,70.7183357559843
E3_cec2017,cec2017,29,100,GF-Method,15,3179078312140626065,1000000,1000000,4507.0847520949865,1607.0847520949865,1607.0847520949865,70.42160325997975
E3_cec2017,cec2017,29,100,GF-Method,16,5509633229080380610,1000000,1000000,4459.840844088028,1559.8408440880276,1559.8408440880276,70.2109420010238
E3_cec2017,cec2017,29,100,GF-Method,17,1720372564302517607,1000000,1000000,4534.137687360802,1634.1376873608024,1634.1376873608024,70.0373785730335
E3_cec2017,cec2017,29,100,GF-Method,18,72710291820897632,1000000,1000000,4243.878950682554,1343.8789506825542,1343.8789506825542,69.22375614196062
E3_cec2017,cec2017,29,100,GF-Method,19,9157392966526509335,1000000,1000000,4365.1639911090515,1465.1639911090515,1465.1639911090515,68.76158127002418
E3_cec2017,cec2017,29,100,GF-Method,20,6821547674946591229,1000000,1000000,4649.967203142874,1749.9672031428736,1749.9672031428736,69.06066096801078
E3_cec2017,cec2017,29,100,GF-Method,21,1467419915567547210,1000000,1000000,4103.215846556425,1203.2158465564253,1203.2158465564253,68.91911392100155
E3_cec2017,cec2017,29,100,GF-Method,22,7229203080484093242,1000000,1000000,4576.184455288207,1676.1844552882067,1676.1844552882067,68.96479650400579
E3_cec2017,cec2017,29,100,GF-Method,23,3635626384165471910,1000000,1000000,4305.481752501616,1405.481752501616,1405.481752501616,68.7886473260005
E3_cec2017,cec2017,29,100,GF-Method,24,8634745355522703729,1000000,1000000,4815.719673755169,1915.7196737551694,1915.7196737551694,68.72054486203706
E3_cec2017,cec2017,29,100,GF-Method,25,2742326133764602737,1000000,1000000,4531.9415126782615,1631.9415126782615,1631.9415126782615,68.83780076901894
E3_cec2017,cec2017,29,100,GF-Method,26,561458961677990951,1000000,1000000,4621.846583763125,1721.8465837631247,1721.8465837631247,68.66142134001711
E3_cec2017,cec2017,29,100,GF-Method,27,3440035794129501112,1000000,1000000,4536.344662668314,1636.3446626683144,1636.3446626683144,68.62264895701082
E3_cec2017,cec2017,29,100,GF-Method,28,2237719019698073696,1000000,1000000,3936.0466839979536,1036.0466839979536,1036.0466839979536,68.79307753499597
E3_cec2017,cec2017,29,100,GF-Method,29,626616099059744435,1000000,1000000,4500.535883002619,1600.535883002619,1600.535883002619,68.75525792100234
E3_cec2017,cec2017,25,100,GF-Method,0,4535159006499996417,1000000,1000000,3274.0773856406745,774.0773856406745,774.0773856406745,124.05517038801918
E3_cec2017,cec2017,25,100,GF-Method,1,7224698834558357251,1000000,1000000,3214.9864089857433,714.9864089857433,714.9864089857433,128.32564832200296
E3_cec2017,cec2017,25,100,GF-Method,2,3640416552996061732,1000000,1000000,3260.6736344915644,760.6736344915644,760.6736344915644,108.82446325104684
E3_cec2017,cec2017,25,100,GF-Method,3,5916124755400405912,1000000,1000000,3198.3500754272736,698.3500754272736,698.3500754272736,98.28432494896697
E3_cec2017,cec2017,25,100,GF-Method,4,8411659044308761849,1000000,1000000,3215.153221258985,715.153221258985,715.153221258985,110.12603869405575
E3_cec2017,cec2017,25,100,GF-Method,5,5475660816657076670,1000000,1000000,3274.228950247291,774.2289502472909,774.2289502472909,109.89115038397722
E3_cec2017,cec2017,25,100,GF-Method,6,2518514837306653348,1000000,1000000,3198.180799584891,698.1807995848908,698.1807995848908,95.79189796000719
E3_cec2017,cec2017,25,100,GF-Method,7,3528333874660008177,1000000,1000000,3261.9691273434896,761.9691273434896,761.9691273434896,115.22899184003472
E3_cec2017,cec2017,25,100,GF-Method,8,4536406334340180015,1000000,1000000,3274.3782732737945,774.3782732737945,774.3782732737945,100.75359733897494
E3_cec2017,cec2017,25,100,GF-Method,9,1839935696103927634,1000000,1000000,3261.745011426451,761.7450114264511,761.7450114264511,97.89231107296655
E3_cec2017,cec2017,25,100,GF-Method,10,5747390579209035994,1000000,1000000,3198.058636241827,698.0586362418271,698.0586362418271,85.1088727270253
E3_cec2017,cec2017,25,100,GF-Method,11,3865830055854677050,1000000,1000000,3262.2305977495776,762.2305977495776,762.2305977495776,83.57524075603578
E3_cec2017,cec2017,25,100,GF-Method,12,275449881291207081,1000000,1000000,3311.698591699125,811.6985916991248,811.6985916991248,77.79424203903181
E3_cec2017,cec2017,25,100,GF-Method,13,8594540872819612333,1000000,1000000,3262.140584106892,762.1405841068922,762.1405841068922,76.56085988105042
E3_cec2017,cec2017,25,100,GF-Method,14,5185575765076606521,1000000,1000000,3322.92094244275,822.92094244275,822.92094244275,76.67530123901088
E3_cec2017,cec2017,25,100,GF-Method,15,5417245499952961827,1000000,1000000,3198.0939064294535,698.0939064294535,698.0939064294535,75.35840847698273
E3_cec2017,cec2017,25,100,GF-Method,16,6461390954646159171,1000000,1000000,3247.875372265563,747.8753722655629,747.8753722655629,75.12308204500005
E3_cec2017,cec2017,25,100,GF-Method,17,329027480986852892,1000000,1000000,3262.149948697128,762.1499486971279,762.1499486971279,75.08494475501357
E3_cec2017,cec2017,25,100,GF-Method,18,7136576792257470383,1000000,1000000,3215.5991077026806,715.5991077026806,715.5991077026806,74.44394503696822
E3_cec2017,cec2017,25,100,GF-Method,19,4606072608533276749,1000000,1000000,3273.95109926868,773.9510992686801,773.9510992686801,74.97433073498541
E3_cec2017,cec2017,25,100,GF-Method,20,1426984072417030806,1000000,1000000,3322.8769229595514,822.8769229595514,822.8769229595514,74.03864533198066
E3_cec2017,cec2017,25,100,GF-Method,21,4981436588017323496,1000000,1000000,3262.0383584608367,762.0383584608367,762.0383584608367,74.49680990201887
E3_cec2017,cec2017,25,100,GF-Method,22,5618046956825454114,1000000,1000000,3214.886443985227,714.8864439852268,714.8864439852268,74.8735491479747
E3_cec2017,cec2017,25,100,GF-Method,23,8064956336831492710,1000000,1000000,3215.201025224,715.2010252240002,715.2010252240002,74.5505730509758
E3_cec2017,cec2017,25,100,GF-Method,24,6023594809959228976,1000000,1000000,3198.1591021522363,698.1591021522363,698.1591021522363,74.18271160405129
E3_cec2017,cec2017,25,100,GF-Method,25,1876148344996597583,1000000,1000000,3298.260403615341,798.2604036153411,798.2604036153411,74.44958014698932
E3_cec2017,cec2017,25,100,GF-Method,26,2130578272458357611,1000000,1000000,3322.2621816272135,822.2621816272135,822.2621816272135,74.89104216900887
E3_cec2017,cec2017,25,100,GF-Method,27,7799524856780191823,1000000,1000000,3322.6083658705675,822.6083658705675,822.6083658705675,74.21506182098528
E3_cec2017,cec2017,25,100,GF-Method,28,4327752228021704455,1000000,1000000,3354.2306739899614,854.2306739899614,854.2306739899614,73.56240304600215
E3_cec2017,cec2017,25,100,GF-Method,29,4946758317914086948,1000000,1000000,3262.1960975216257,762.1960975216257,762.1960975216257,73.69128589995671
E3_cec2017,cec2017,26,100,GF-Method,0,5572676734802165532,1000000,1000000,6364.338821044049,3764.338821044049,3764.338821044049,131.8102454690379
E3_cec2017,cec2017,26,100,GF-Method,1,6346362857853700536,1000000,1000000,6358.07534746666,3758.07534746666,3758.07534746666,132.26457162899897
E3_cec2017,cec2017,26,100,GF-Method,2,2747926302615346931,1000000,1000000,6347.226534301794,3747.2265343017943,3747.2265343017943,126.36963327502599
E3_cec2017,cec2017,26,100,GF-Method,3,39697964667532103,1000000,1000000,6257.67197611433,3657.6719761143304,3657.6719761143304,126.53172282199375
E3_cec2017,cec2017,26,100,GF-Method,4,6974515664583430984,1000000,1000000,6203.263245816167,3603.263245816167,3603.263245816167,115.01220512203872
E3_cec2017,cec2017,26,100,GF-Method,5,8056349596395878927,1000000,1000000,6234.082218641453,3634.0822186414534,3634.0822186414534,125.61857050098479
E3_cec2017,cec2017,26,100,GF-Method,6,1487044042803742704,1000000,1000000,6196.006718299896,3596.0067182998964,3596.0067182998964,125.06731802498689
E3_cec2017,cec2017,26,100,GF-Method,7,7555050123686584488,1000000,1000000,6457.773197932785,3857.7731979327846,3857.7731979327846,100.98845659400104
E3_cec2017,cec2017,26,100,GF-Method,8,3559989465905735275,1000000,1000000,6357.870260126678,3757.8702601266777,3757.8702601266777,116.33270116295898
E3_cec2017,cec2017,26,100,GF-Method,9,2698322707941721457,1000000,1000000,6046.798705229172,3446.798705229172,3446.798705229172,107.5864924369962
E3_cec2017,cec2017,26,100,GF-Method,10,3464768731866009829,1000000,1000000,6328.402690260606,3728.4026902606056,3728.4026902606056,95.3370185130043
E3_cec2017,cec2017,26,100,GF-Method,11,9129734037286987797,1000000,1000000,6439.871718998401,3839.871718998401,3839.871718998401,89.17612659197766
E3_cec2017,cec2017,26,100,GF-Method,12,983924672712020164,1000000,1000000,6459.857785813466,3859.857785813466,3859.857785813466,89.52780798100866
E3_cec2017,cec2017,26,100,GF-Method,13,4292291834577947252,1000000,1000000,6280.099349763459,3680.099349763459,3680.099349763459,88.06879094900796
E3_cec2017,cec2017,26,100,GF-Method,14,8685127344986327135,1000000,1000000,6081.266205896749,3481.266205896749,3481.266205896749,87.7036350069684
E3_cec2017,cec2017,26,100,GF-Method,15,7963496977002464468,1000000,1000000,6269.695725014097,3669.6957250140968,3669.6957250140968,87.89782099495642
E3_cec2017,cec2017,26,100,GF-Method,16,7136745637621836494,1000000,1000000,6409.0397818596975,3809.0397818596975,3809.0397818596975,87.668784952024
E3_cec2017,cec2017,26,100,GF-Method,17,247760419366275851,1000000,1000000,6120.172794948578,3520.1727949485776,3520.1727949485776,87.95852711697808
E3_cec2017,cec2017,26,100,GF-Method,18,2889978639122142459,1000000,1000000,6232.8056272938065,3632.8056272938065,3632.8056272938065,87.25734866602579
E3_cec2017,cec2017,26,100,GF-Method,19,2320287682272722474,1000000,1000000,6331.860957862556,3731.8609578625556,3731.8609578625556,87.77150467399042
E3_cec2017,cec2017,26,100,GF-Method,20,3594629680260000385,1000000,1000000,6467.7337560504775,3867.7337560504775,3867.7337560504775,87.01889190403745
E3_cec2017,cec2017,26,100,GF-Method,21,3054992292176903533,1000000,1000000,6259.4783179539445,3659.4783179539445,3659.4783179539445,87.56920085003367
E3_cec2017,cec2017,26,100,GF-Method,22,8775827415523822287,1000000,1000000,6217.880019585395,3617.8800195853946,3617.8800195853946,87.20303481497103
E3_cec2017,cec2017,26,100,GF-Method,23,3874157108887142361,1000000,1000000,6384.045969515308,3784.0459695153077,3784.0459695153077,86.82534244999988
E3_cec2017,cec2017,26,100,GF-Method,24,8039242972625167492,1000000,1000000,6467.184320072336,3867.184320072336,3867.184320072336,86.51864019501954
E3_cec2017,cec2017,26,100,GF-Method,25,7604090626479337834,1000000,1000000,6479.588538932132,3879.588538932132,3879.588538932132,86.4575349460356
E3_cec2017,cec2017,26,100,GF-Method,26,534888834823628822,1000000,1000000,6396.276611956129,3796.2766119561293,3796.2766119561293,86.47543416800909
E3_cec2017,cec2017,26,100,GF-Method,27,6554234458248010720,1000000,1000000,6304.820120738768,3704.8201207387683,3704.8201207387683,86.13491700898157
E3_cec2017,cec2017,26,100,GF-Method,28,6333402800496853959,1000000,1000000,6293.389361514183,3693.3893615141833,3693.3893615141833,86.1656915610074
E3_cec2017,cec2017,26,100,GF-Method,29,7701323786364344014,1000000,1000000,6401.901050087198,3801.901050087198,3801.901050087198,85.94820078095654
E3_cec2017,cec2017,28,100,GF-Method,0,3638998582942238798,1000000,1000000,3298.862521801235,498.86252180123483,498.86252180123483,140.45731834199978
E3_cec2017,cec2017,28,100,GF-Method,1,2146714321451165499,1000000,1000000,3226.583510495765,426.58351049576504,426.58351049576504,137.81096950598294
E3_cec2017,cec2017,28,100,GF-Method,2,6125785418798579998,1000000,1000000,3321.6693920143553,521.6693920143553,521.6693920143553,141.19004928297363
E3_cec2017,cec2017,28,100,GF-Method,3,5322724995632579855,1000000,1000000,3338.3989340688886,538.3989340688886,538.3989340688886,122.89649803598877
E3_cec2017,cec2017,28,100,GF-Method,4,7739384467878334071,1000000,1000000,3286.1462461107567,486.1462461107567,486.1462461107567,104.24871574901044
E3_cec2017,cec2017,28,100,GF-Method,5,4456093629202692598,1000000,1000000,3347.038651393852,547.038651393852,547.038651393852,102.46836814598646
E3_cec2017,cec2017,28,100,GF-Method,6,6868607881484309214,1000000,1000000,3346.7868053895554,546.7868053895554,546.7868053895554,114.66111310897395
E3_cec2017,cec2017,28,100,GF-Method,7,5722518455241840478,1000000,1000000,3290.7218521494133,490.7218521494133,490.7218521494133,114.8122379410197
E3_cec2017,cec2017,28,100,GF-Method,8,3229863011445213511,1000000,1000000,3343.4089895259604,543.4089895259604,543.4089895259604,115.38811768899905
E3_cec2017,cec2017,28,100,GF-Method,9,7894291189148582966,1000000,1000000,3346.5683206587664,546.5683206587664,546.5683206587664,101.31799379899167
E3_cec2017,cec2017,28,100,GF-Method,10,2961485232874710901,1000000,1000000,3390.1153954282686,590.1153954282686,590.1153954282686,103.27071826497559
E3_cec2017,cec2017,28,100,GF-Method,11,8863454108051168384,1000000,1000000,3334.867483742055,534.8674837420549,534.8674837420549,91.77904463902814
E3_cec2017,cec2017,28,100,GF-Method,12,9154635259788780763,1000000,1000000,3406.996958152199,606.9969581521991,606.9969581521991,91.0094730599667
E3_cec2017,cec2017,28,100,GF-Method,13,3280960426264141458,1000000,1000000,3318.6428162141683,518.6428162141683,518.6428162141683,89.95341512397863
E3_cec2017,cec2017,28,100,GF-Method,14,8125504820692667376,1000000,1000000,3345.5328574887517,545.5328574887517,545.5328574887517,90.75173478398938
E3_cec2017,cec2017,28,100,GF-Method,15,1751218801677534329,1000000,1000000,3341.2705662672724,541.2705662672724,541.2705662672724,89.55826133902883
E3_cec2017,cec2017,28,100,GF-Method,16,9143044779452674195,1000000,1000000,3342.4297397567825,542.4297397567825,542.4297397567825,90.15220334398327
E3_cec2017,cec2017,28,100,GF-Method,17,5324157173404822774,1000000,1000000,3351.0814473242835,551.0814473242835,551.0814473242835,89.29009427095298
E3_cec2017,cec2017,28,100,GF-Method,18,4142298705812521159,1000000,1000000,3369.5298666662234,569.5298666662234,569.5298666662234,87.68680039205356
E3_cec2017,cec2017,28,100,GF-Method,19,6284381678865840238,1000000,1000000,3298.584315698909,498.584315698909,498.584315698909,89.04090009903302
E3_cec2017,cec2017,28,100,GF-Method,20,1826547097849026320,1000000,1000000,3338.013796578966,538.0137965789659,538.0137965789659,89.949197354028
E3_cec2017,cec2017,28,100,GF-Method,21,4028099182266910122,1000000,1000000,3298.6322957153484,498.6322957153484,498.6322957153484,89.6160016770009
E3_cec2017,cec2017,28,100,GF-Method,22,5768125864867335740,1000000,1000000,3360.882175151806,560.8821751518062,560.8821751518062,88.90389410901116
E3_cec2017,cec2017,28,100,GF-Method,23,7194365135844027911,1000000,1000000,3321.6693922962722,521.6693922962722,521.6693922962722,88.77569111000048
E3_cec2017,cec2017,28,100,GF-Method,24,2009793183306888372,1000000,1000000,3345.205829216774,545.205829216774,545.205829216774,88.60696542600635
E3_cec2017,cec2017,28,100,GF-Method,25,6799058598457554894,1000000,1000000,3321.669392014377,521.6693920143771,521.6693920143771,87.53561738098506
E3_cec2017,cec2017,28,100,GF-Method,26,5778234685070543890,1000000,1000000,3318.8194715028153,518.8194715028153,518.8194715028153,88.41885651595658
E3_cec2017,cec2017,28,100,GF-Method,27,2093232005069631807,1000000,1000000,3318.6442743421717,518.6442743421717,518.6442743421717,88.55612701299833
E3_cec2017,cec2017,28,100,GF-Method,28,5656309683711533964,1000000,1000000,3335.9711612462916,535.9711612462916,535.9711612462916,88.26340200396953
E3_cec2017,cec2017,28,100,GF-Method,29,5196364379714512316,1000000,1000000,3318.6430271232757,518.6430271232757,518.6430271232757,87.78554239403456
E3_cec2017,cec2017,27,100,GF-Method,0,1057597104027786694,1000000,1000000,3350.2749652864286,650.2749652864286,650.2749652864286,152.03902144904714
E3_cec2017,cec2017,27,100,GF-Method,1,5346279302157656785,1000000,1000000,3344.619495932889,644.6194959328891,644.6194959328891,130.57673871697625
E3_cec2017,cec2017,27,100,GF-Method,2,7219240301200855027,1000000,1000000,3348.8539977293867,648.8539977293867,648.8539977293867,138.65664571797242
E3_cec2017,cec2017,27,100,GF-Method,3,2296792011331336346,1000000,1000000,3366.3978988480967,666.3978988480967,666.3978988480967,128.93945977499243
E3_cec2017,cec2017,27,100,GF-Method,4,553703625652798801,1000000,1000000,3353.4798007000745,653.4798007000745,653.4798007000745,110.00109810294816
E3_cec2017,cec2017,27,100,GF-Method,5,7695446913007635081,1000000,1000000,3372.528228867623,672.528228867623,672.528228867623,121.96180433296831
E3_cec2017,cec2017,27,100,GF-Method,6,7312934792910131198,1000000,1000000,3353.1504849219873,653.1504849219873,653.1504849219873,137.77832918596687
E3_cec2017,cec2017,27,100,GF-Method,7,6241049108276753227,1000000,1000000,3376.540447229605,676.540447229605,676.540447229605,131.5165216769674
E3_cec2017,cec2017,27,100,GF-Method,8,8495782936446915886,1000000,1000000,3361.8087786752076,661.8087786752076,661.8087786752076,124.40052977798041
E3_cec2017,cec2017,27,100,GF-Method,9,4747982445244106533,1000000,1000000,3349.6201418177734,649.6201418177734,649.6201418177734,100.86708468798315
E3_cec2017,cec2017,27,100,GF-Method,10,5756863287951693077,1000000,1000000,3342.61538127196,642.6153812719599,642.6153812719599,95.71279552404303
E3_cec2017,cec2017,27,100,GF-Method,11,5820824768550529668,1000000,1000000,3370.785447758308,670.7854477583078,670.7854477583078,95.18925162899541
E3_cec2017,cec2017,27,100,GF-Method,12,3862845490618808005,1000000,1000000,3340.8097301715425,640.8097301715425,640.8097301715425,94.11310966202291
E3_cec2017,cec2017,27,100,GF-Method,13,881540623751822037,1000000,1000000,3341.8749387708494,641.8749387708494,641.8749387708494,94.01594725297764
E3_cec2017,cec2017,27,100,GF-Method,14,4381418541532636761,1000000,1000000,3332.3032245510253,632.3032245510253,632.3032245510253,93.3775982070365
E3_cec2017,cec2017,27,100,GF-Method,15,1821833284181947469,1000000,1000000,3310.250896694636,610.2508966946361,610.2508966946361,92.69933481799671
E3_cec2017,cec2017,27,100,GF-Method,16,2970047745277185580,1000000,1000000,3317.2217847308384,617.2217847308384,617.2217847308384,93.05562286596978
E3_cec2017,cec2017,27,100,GF-Method,17,1644234363565274309,1000000,1000000,3350.130047670762,650.130047670762,650.130047670762,92.81134711997584
E3_cec2017,cec2017,27,100,GF-Method,18,8391720804183909796,1000000,1000000,3339.626125488113,639.6261254881128,639.6261254881128,92.44498636800563
E3_cec2017,cec2017,27,100,GF-Method,19,2592405289789621933,1000000,1000000,3339.8241243975044,639.8241243975044,639.8241243975044,93.48256189801032
E3_cec2017,cec2017,27,100,GF-Method,20,6063932944641645344,1000000,1000000,3359.0580386037636,659.0580386037636,659.0580386037636,92.8795288419933
E3_cec2017,cec2017,27,100,GF-Method,21,3482187629367326097,1000000,1000000,3377.7316499008043,677.7316499008043,677.7316499008043,92.92425302701304
E3_cec2017,cec2017,27,100,GF-Method,22,7459134288908321182,1000000,1000000,3339.384513228183,639.3845132281831,639.3845132281831,92.78419212799054
E3_cec2017,cec2017,27,100,GF-Method,23,8828636477091052940,1000000,1000000,3317.4640216248554,617.4640216248554,617.4640216248554,91.95971446600743
E3_cec2017,cec2017,27,100,GF-Method,24,3090911802645748546,1000000,1000000,3364.209545013322,664.209545013322,664.209545013322,91.87097629799973
E3_cec2017,cec2017,27,100,GF-Method,25,3557965912658879357,1000000,1000000,3343.530786518223,643.5307865182231,643.5307865182231,91.92601005994948
E3_cec2017,cec2017,27,100,GF-Method,26,2546932827131676770,1000000,1000000,3379.0775344820613,679.0775344820613,679.0775344820613,91.66688883904135
E3_cec2017,cec2017,27,100,GF-Method,27,6252502251216689825,1000000,1000000,3357.1293964010592,657.1293964010592,657.1293964010592,92.23253835795913
E3_cec2017,cec2017,27,100,GF-Method,28,6641422020063326030,1000000,1000000,3334.183927066562,634.1839270665619,634.1839270665619,91.42845897597726
E3_cec2017,cec2017,27,100,GF-Method,29,7315682623202717421,1000000,1000000,3342.4919546673527,642.4919546673527,642.4919546673527,91.02326643199194
E3_cec2017,cec2017,19,100,GF-Method,0,4305005028437694977,1000000,1000000,2089.582134662154,189.5821346621542,189.5821346621542,162.86241814401
E3_cec2017,cec2017,19,100,GF-Method,1,4468262523697344325,1000000,1000000,2059.695042592365,159.6950425923651,159.6950425923651,150.62065822799923
E3_cec2017,cec2017,19,100,GF-Method,2,3567779096771281343,1000000,1000000,2058.6495446064905,158.6495446064905,158.6495446064905,149.6758952080272
E3_cec2017,cec2017,19,100,GF-Method,3,6423580077594884078,1000000,1000000,2055.078090478433,155.07809047843284,155.07809047843284,144.84036301000742
E3_cec2017,cec2017,19,100,GF-Method,4,7955358955290857824,1000000,1000000,2029.6202231693837,129.62022316938373,129.62022316938373,133.50568673101952
E3_cec2017,cec2017,19,100,GF-Method,5,7516310354194653141,1000000,1000000,2056.844923251637,156.84492325163683,156.84492325163683,153.33087166998303
E3_cec2017,cec2017,19,100,GF-Method,6,7433689851810704595,1000000,1000000,2140.0523662889427,240.05236628894272,240.05236628894272,125.54628309799591
E3_cec2017,cec2017,19,100,GF-Method,7,7972590533105410169,1000000,1000000,2118.382257494115,218.38225749411504,218.38225749411504,127.24878630501917
E3_cec2017,cec2017,19,100,GF-Method,8,7659475679546791819,1000000,1000000,2045.5366878943003,145.53668789430026,145.53668789430026,151.19328403199324
E3_cec2017,cec2017,19,100,GF-Method,9,1462793950229461957,1000000,1000000,2102.995823946073,202.99582394607296,202.99582394607296,124.64591463498073
E3_cec2017,cec2017,19,100,GF-Method,10,5386903319083441830,1000000,1000000,2091.6700536530307,191.67005365303066,191.67005365303066,105.88477657700423
E3_cec2017,cec2017,19,100,GF-Method,11,4472678355663399913,1000000,1000000,2031.3142845139055,131.31428451390548,131.31428451390548,103.35544753301656
E3_cec2017,cec2017,19,100,GF-Method,12,7738674311958659792,1000000,1000000,2135.155668334841,235.1556683348408,235.1556683348408,102.03837431303691
E3_cec2017,cec2017,19,100,GF-Method,13,8943866406532408500,1000000,1000000,2100.095271210187,200.0952712101871,200.0952712101871,102.86609227297595
E3_cec2017,cec2017,19,100,GF-Method,14,1978291346919670328,1000000,1000000,2068.6249226996674,168.62492269966742,168.62492269966742,101.73415099800332
E3_cec2017,cec2017,19,100,GF-Method,15,4681831504281563505,1000000,1000000,2053.749210285182,153.74921028518202,153.74921028518202,101.05725621501915
E3_cec2017,cec2017,19,100,GF-Method,16,8106495443145688384,1000000,1000000,2153.471394151571,253.47139415157108,253.47139415157108,100.20190824300516
E3_cec2017,cec2017,19,100,GF-Method,17,6888831168324664267,1000000,1000000,2039.1900173920594,139.19001739205942,139.19001739205942,100.36378341895761
E3_cec2017,cec2017,19,100,GF-Method,18,1347050334531487602,1000000,1000000,2096.997892548506,196.99789254850612,196.99789254850612,101.97006742603844
E3_cec2017,cec2017,19,100,GF-Method,19,6575456910349412264,1000000,1000000,2173.2839733372466,273.2839733372466,273.2839733372466,102.66868097498082
E3_cec2017,cec2017,19,100,GF-Method,20,161991868280074725,1000000,1000000,2045.8139694735019,145.81396947350186,145.81396947350186,102.45176841097418
E3_cec2017,cec2017,19,100,GF-Method,21,7282635486435411389,1000000,1000000,2066.7677107474465,166.76771074744647,166.76771074744647,100.4408740910003
E3_cec2017,cec2017,19,100,GF-Method,22,5958279183940818578,1000000,1000000,2076.954978720249,176.95497872024907,176.95497872024907,100.46854237600928
E3_cec2017,cec2017,19,100,GF-Method,23,5996934118729284251,1000000,1000000,2063.533190313345,163.53319031334513,163.53319031334513,99.58595207898179
E3_cec2017,cec2017,19,100,GF-Method,24,8625137720200589657,1000000,1000000,2076.9813891234385,176.98138912343848,176.98138912343848,99.32724330096971
E3_cec2017,cec2017,19,100,GF-Method,25,1548411632124709059,1000000,1000000,2077.2063105962807,177.20631059628067,177.20631059628067,99.7025294629857
E3_cec2017,cec2017,19,100,GF-Method,26,164156062831682722,1000000,1000000,2104.0696803279634,204.0696803279634,204.0696803279634,99.46781154198106
E3_cec2017,cec2017,19,100,GF-Method,27,6662883564922736616,1000000,1000000,2104.1646685051187,204.1646685051187,204.1646685051187,99.1541886869818
E3_cec2017,cec2017,19,100,GF-Method,28,2149305456688348585,1000000,1000000,2100.6437619555095,200.6437619555095,200.6437619555095,98.71349560696399
E3_cec2017,cec2017,19,100,GF-Method,29,6410430309019716929,1000000,1000000,2082.22476910629,182.22476910628984,182.22476910628984,98.33011661603814
E3_cec2017,cec2017,30,100,GF-Method,0,3596307725815550994,1000000,1000000,5170.53304187998,2170.5330418799804,2170.5330418799804,181.55552648496814
E3_cec2017,cec2017,30,100,GF-Method,1,2783660216119824218,1000000,1000000,5522.416445460701,2522.4164454607007,2522.4164454607007,170.24449610698503
E3_cec2017,cec2017,30,100,GF-Method,2,4082918304944144102,1000000,1000000,5577.579588850764,2577.5795888507637,2577.5795888507637,156.5940649380209
E3_cec2017,cec2017,30,100,GF-Method,3,8793493189557675437,1000000,1000000,6025.3135797856785,3025.3135797856785,3025.3135797856785,142.49029291700572
E3_cec2017,cec2017,30,100,GF-Method,4,7312147962633134568,1000000,1000000,5345.753452773457,2345.753452773457,2345.753452773457,179.6436514169909
E3_cec2017,cec2017,30,100,GF-Method,5,5260907128623928969,1000000,1000000,5400.3259333497645,2400.3259333497645,2400.3259333497645,159.53884534700774
E3_cec2017,cec2017,30,100,GF-Method,6,7295185656939142103,1000000,1000000,5225.932783463301,2225.9327834633013,2225.9327834633013,145.31566817802377
E3_cec2017,cec2017,30,100,GF-Method,7,662766993814260681,1000000,1000000,5401.269518863284,2401.2695188632842,2401.2695188632842,127.62126186600653
E3_cec2017,cec2017,30,100,GF-Method,8,5058393649629524721,1000000,1000000,7076.471661299918,4076.471661299918,4076.471661299918,124.27163711498724
E3_cec2017,cec2017,30,100,GF-Method,9,929175021656936382,1000000,1000000,5731.379007373896,2731.3790073738955,2731.3790073738955,124.1469705789932
E3_cec2017,cec2017,30,100,GF-Method,10,8445112717498616006,1000000,1000000,5401.055146950781,2401.055146950781,2401.055146950781,123.95505175297149
E3_cec2017,cec2017,30,100,GF-Method,11,6975740411817925990,1000000,1000000,5327.178751893006,2327.178751893006,2327.178751893006,122.55811589199584
E3_cec2017,cec2017,30,100,GF-Method,12,1506099435151487105,1000000,1000000,5527.156137937968,2527.156137937968,2527.156137937968,123.30472538300091
E3_cec2017,cec2017,30,100,GF-Method,13,8894549776107236345,1000000,1000000,5483.417052489793,2483.4170524897927,2483.4170524897927,122.69805456302129
E3_cec2017,cec2017,30,100,GF-Method,14,5839471696759935961,1000000,1000000,5741.563549196412,2741.563549196412,2741.563549196412,122.63420979498187
E3_cec2017,cec2017,30,100,GF-Method,15,977758178418227784,1000000,1000000,5461.943879281882,2461.943879281882,2461.943879281882,123.1596291490132
E3_cec2017,cec2017,30,100,GF-Method,16,7457088766853690243,1000000,1000000,5273.596538326705,2273.596538326705,2273.596538326705,122.81081699201604
E3_cec2017,cec2017,30,100,GF-Method,17,5425273281812588535,1000000,1000000,5387.018519022759,2387.0185190227594,2387.0185190227594,121.4599868869991
E3_cec2017,cec2017,30,100,GF-Method,18,2379430774848523246,1000000,1000000,5622.511653890726,2622.511653890726,2622.511653890726,121.13312554103322
E3_cec2017,cec2017,30,100,GF-Method,19,3369890585371693428,1000000,1000000,6118.599256903443,3118.5992569034433,3118.5992569034433,120.91495103103807
E3_cec2017,cec2017,30,100,GF-Method,20,6409327797569130982,1000000,1000000,5261.87439392027,2261.8743939202704,2261.8743939202704,120.9556247079745
E3_cec2017,cec2017,30,100,GF-Method,21,5187018904868355468,1000000,1000000,5512.288650835952,2512.2886508359516,2512.2886508359516,120.40478227101266
E3_cec2017,cec2017,30,100,GF-Method,22,851805666569105081,1000000,1000000,5719.347360326038,2719.347360326038,2719.347360326038,120.02895121701295
E3_cec2017,cec2017,30,100,GF-Method,23,6427562547970339077,1000000,1000000,5213.918081027767,2213.9180810277667,2213.9180810277667,119.84370670100907
E3_cec2017,cec2017,30,100,GF-Method,24,3846243418253246201,1000000,1000000,6277.595366698064,3277.595366698064,3277.595366698064,118.80554109305376
E3_cec2017,cec2017,30,100,GF-Method,25,1603922538279371871,1000000,1000000,5343.061773584342,2343.0617735843416,2343.0617735843416,118.9700206440175
E3_cec2017,cec2017,30,100,GF-Method,26,2811072840368537824,1000000,1000000,7184.02300037975,4184.02300037975,4184.02300037975,119.1426504200208
E3_cec2017,cec2017,30,100,GF-Method,27,5537380147923460080,1000000,1000000,5693.922031405125,2693.9220314051254,2693.9220314051254,119.46827337204013
E3_cec2017,cec2017,30,100,GF-Method,28,3123308094703399216,1000000,1000000,5209.0212445889265,2209.0212445889265,2209.0212445889265,119.21593526401557
E3_cec2017,cec2017,30,100,GF-Method,29,5115091757600329408,1000000,1000000,5257.705489696297,2257.7054896962973,2257.7054896962973,119.07548526400933
